# Blender 4.4.1
# www.blender.org
mtllib clear.mtl
o テキスト
v 0.773657 0.213886 0.050000
v 0.754928 0.214153 0.050000
v 0.737293 0.214991 0.050000
v 0.737303 0.107926 0.050000
v 0.737630 0.078704 0.050000
v 0.738292 0.063591 0.050000
v 0.739022 0.057605 0.050000
v 0.740572 0.051057 0.050000
v 0.742929 0.045021 0.050000
v 0.745234 0.041155 0.050000
v 0.748021 0.037946 0.050000
v 0.751474 0.035307 0.050000
v 0.754661 0.033573 0.050000
v 0.758247 0.032185 0.050000
v 0.762155 0.031169 0.050000
v 0.769095 0.030145 0.050000
v 0.789476 0.027853 0.050000
v 0.790628 0.027427 0.050000
v 0.791692 0.026583 0.050000
v 0.792513 0.025363 0.050000
v 0.793298 0.022939 0.050000
v 0.793417 0.018081 0.050000
v 0.792672 0.015584 0.050000
v 0.791807 0.014315 0.050000
v 0.790323 0.013261 0.050000
v 0.788312 0.012840 0.050000
v 0.765646 0.013725 0.050000
v 0.735769 0.014670 0.050000
v 0.711367 0.015104 0.050000
v 0.683422 0.014948 0.050000
v 0.644238 0.013723 0.050000
v 0.622951 0.012839 0.050000
v 0.620931 0.013261 0.050000
v 0.619448 0.014315 0.050000
v 0.618582 0.015584 0.050000
v 0.617832 0.018110 0.050000
v 0.617862 0.021767 0.050000
v 0.618263 0.023754 0.050000
v 0.618977 0.025354 0.050000
v 0.619998 0.026574 0.050000
v 0.621898 0.027689 0.050000
v 0.632288 0.028933 0.050000
v 0.642744 0.030396 0.050000
v 0.649497 0.031777 0.050000
v 0.654525 0.033731 0.050000
v 0.658108 0.036122 0.050000
v 0.660166 0.038038 0.050000
v 0.662617 0.041210 0.050000
v 0.665284 0.046983 0.050000
v 0.667203 0.054833 0.050000
v 0.668713 0.065587 0.050000
v 0.669818 0.079236 0.050000
v 0.670731 0.102694 0.050000
v 0.670766 0.360082 0.050000
v 0.670271 0.383707 0.050000
v 0.669712 0.391423 0.050000
v 0.668494 0.398241 0.050000
v 0.666497 0.404696 0.050000
v 0.664439 0.409217 0.050000
v 0.662763 0.411552 0.050000
v 0.660446 0.413737 0.050000
v 0.657558 0.415658 0.050000
v 0.654098 0.417312 0.050000
v 0.650065 0.418698 0.050000
v 0.645699 0.419752 0.050000
v 0.638161 0.420798 0.050000
v 0.616840 0.423092 0.050000
v 0.615558 0.423517 0.050000
v 0.614097 0.424605 0.050000
v 0.613083 0.426336 0.050000
v 0.612407 0.429047 0.050000
v 0.612562 0.434050 0.050000
v 0.613442 0.436455 0.050000
v 0.614362 0.437613 0.050000
v 0.615555 0.438350 0.050000
v 0.617032 0.438675 0.050000
v 0.648078 0.437602 0.050000
v 0.696077 0.436915 0.050000
v 0.797470 0.439247 0.050000
v 0.811693 0.438999 0.050000
v 0.825271 0.438257 0.050000
v 0.838203 0.437019 0.050000
v 0.850490 0.435286 0.050000
v 0.862131 0.433057 0.050000
v 0.873126 0.430334 0.050000
v 0.883475 0.427115 0.050000
v 0.893179 0.423401 0.050000
v 0.902236 0.419192 0.050000
v 0.910649 0.414488 0.050000
v 0.918415 0.409288 0.050000
v 0.925536 0.403594 0.050000
v 0.930547 0.398856 0.050000
v 0.935123 0.393865 0.050000
v 0.939262 0.388620 0.050000
v 0.942966 0.383121 0.050000
v 0.946234 0.377369 0.050000
v 0.949067 0.371363 0.050000
v 0.951464 0.365104 0.050000
v 0.953424 0.358592 0.050000
v 0.954950 0.351825 0.050000
v 0.956039 0.344806 0.050000
v 0.956693 0.337533 0.050000
v 0.956909 0.326805 0.050000
v 0.955800 0.314674 0.050000
v 0.953223 0.303064 0.050000
v 0.949179 0.291976 0.050000
v 0.943668 0.281409 0.050000
v 0.936687 0.271358 0.050000
v 0.928534 0.262161 0.050000
v 0.918901 0.253603 0.050000
v 0.908448 0.246141 0.050000
v 0.896901 0.239516 0.050000
v 0.884259 0.233727 0.050000
v 0.870523 0.228777 0.050000
v 0.859364 0.225613 0.050000
v 0.877683 0.192692 0.050000
v 0.906042 0.143209 0.050000
v 0.930116 0.102651 0.050000
v 0.949836 0.070539 0.050000
v 0.958782 0.057492 0.050000
v 0.964671 0.049792 0.050000
v 0.970040 0.043648 0.050000
v 0.974882 0.039069 0.050000
v 0.978618 0.036409 0.050000
v 0.982647 0.034465 0.050000
v 0.987452 0.032767 0.050000
v 0.993163 0.031244 0.050000
v 1.003099 0.029300 0.050000
v 1.014903 0.027712 0.050000
v 1.016686 0.026434 0.050000
v 1.017589 0.024827 0.050000
v 1.018190 0.022327 0.050000
v 1.018166 0.018668 0.050000
v 1.017724 0.016146 0.050000
v 1.016677 0.014109 0.050000
v 1.015388 0.013159 0.050000
v 1.014164 0.012851 0.050000
v 0.970079 0.014684 0.050000
v 0.952691 0.015146 0.050000
v 0.914301 0.014898 0.050000
v 0.897890 0.014551 0.050000
v 0.894334 0.023943 0.050000
v 0.889538 0.035264 0.050000
v 0.882311 0.050036 0.050000
v 0.792895 0.214483 0.050000
v 0.787819 0.214143 0.050000
v 0.737287 0.234740 0.050000
v 0.744473 0.233984 0.050000
v 0.758356 0.233067 0.050000
v 0.773624 0.232728 0.050000
v 0.784888 0.232958 0.050000
v 0.794110 0.233600 0.050000
v 0.802889 0.234669 0.050000
v 0.811224 0.236167 0.050000
v 0.819115 0.238092 0.050000
v 0.826563 0.240445 0.050000
v 0.833567 0.243226 0.050000
v 0.840127 0.246435 0.050000
v 0.846243 0.250071 0.050000
v 0.851916 0.254136 0.050000
v 0.857145 0.258628 0.050000
v 0.863420 0.265207 0.050000
v 0.869730 0.274051 0.050000
v 0.874638 0.283445 0.050000
v 0.878396 0.293710 0.050000
v 0.881003 0.304849 0.050000
v 0.882456 0.316864 0.050000
v 0.882752 0.326583 0.050000
v 0.882079 0.341389 0.050000
v 0.880058 0.354907 0.050000
v 0.876691 0.367138 0.050000
v 0.871977 0.378082 0.050000
v 0.865916 0.387738 0.050000
v 0.858508 0.396107 0.050000
v 0.849753 0.403188 0.050000
v 0.839651 0.408981 0.050000
v 0.828203 0.413488 0.050000
v 0.815407 0.416706 0.050000
v 0.801265 0.418637 0.050000
v 0.785775 0.419281 0.050000
v 0.777408 0.419119 0.050000
v 0.767849 0.418333 0.050000
v 0.759771 0.416927 0.050000
v 0.753176 0.414903 0.050000
v 0.748071 0.412268 0.050000
v 0.745315 0.409934 0.050000
v 0.743847 0.408157 0.050000
v 0.742368 0.405248 0.050000
v 0.740614 0.399535 0.050000
v 0.739230 0.392038 0.050000
v 0.738216 0.382761 0.050000
v 0.737341 0.366124 0.050000
v 0.453959 0.099198 0.050000
v 0.427532 0.173417 0.050000
v 0.411295 0.174301 0.050000
v 0.382285 0.175437 0.050000
v 0.357335 0.175713 0.050000
v 0.335192 0.175256 0.050000
v 0.288365 0.173475 0.050000
v 0.263556 0.104811 0.050000
v 0.260149 0.092963 0.050000
v 0.258403 0.085327 0.050000
v 0.257196 0.078199 0.050000
v 0.256430 0.070171 0.050000
v 0.256528 0.062538 0.050000
v 0.257456 0.055679 0.050000
v 0.258715 0.050756 0.050000
v 0.260017 0.046958 0.050000
v 0.261335 0.044467 0.050000
v 0.263029 0.042293 0.050000
v 0.265186 0.040252 0.050000
v 0.269090 0.037511 0.050000
v 0.276148 0.034223 0.050000
v 0.285075 0.031473 0.050000
v 0.295865 0.029263 0.050000
v 0.307029 0.027789 0.050000
v 0.308850 0.026714 0.050000
v 0.309864 0.025099 0.050000
v 0.310547 0.022429 0.050000
v 0.310493 0.018670 0.050000
v 0.310032 0.016653 0.050000
v 0.308966 0.014711 0.050000
v 0.307326 0.013485 0.050000
v 0.305349 0.012894 0.050000
v 0.304115 0.012841 0.050000
v 0.279014 0.013640 0.050000
v 0.252274 0.013933 0.050000
v 0.206194 0.013905 0.050000
v 0.178258 0.013253 0.050000
v 0.169414 0.012835 0.050000
v 0.167035 0.013297 0.050000
v 0.165038 0.014711 0.050000
v 0.163972 0.016653 0.050000
v 0.163511 0.018671 0.050000
v 0.163415 0.021193 0.050000
v 0.163696 0.023355 0.050000
v 0.164336 0.025089 0.050000
v 0.165329 0.026409 0.050000
v 0.166676 0.027326 0.050000
v 0.168389 0.027843 0.050000
v 0.170610 0.028016 0.050000
v 0.177277 0.029658 0.050000
v 0.183053 0.031823 0.050000
v 0.188768 0.034685 0.050000
v 0.194420 0.038243 0.050000
v 0.200012 0.042500 0.050000
v 0.204201 0.046207 0.050000
v 0.208312 0.050678 0.050000
v 0.214070 0.058605 0.050000
v 0.219938 0.068487 0.050000
v 0.225916 0.080322 0.050000
v 0.232007 0.094117 0.050000
v 0.236957 0.106597 0.050000
v 0.317496 0.324041 0.050000
v 0.332148 0.365226 0.050000
v 0.345354 0.404538 0.050000
v 0.352233 0.426412 0.050000
v 0.398154 0.447519 0.050000
v 0.400670 0.447314 0.050000
v 0.402904 0.446385 0.050000
v 0.404110 0.445414 0.050000
v 0.405309 0.443715 0.050000
v 0.413927 0.418166 0.050000
v 0.453570 0.302583 0.050000
v 0.524445 0.097624 0.050000
v 0.530141 0.082284 0.050000
v 0.535295 0.069632 0.050000
v 0.540118 0.059092 0.050000
v 0.544611 0.050665 0.050000
v 0.548190 0.045173 0.050000
v 0.552783 0.039602 0.050000
v 0.557865 0.035063 0.050000
v 0.561723 0.032721 0.050000
v 0.564682 0.031462 0.050000
v 0.569087 0.030295 0.050000
v 0.576211 0.029125 0.050000
v 0.589185 0.027790 0.050000
v 0.591137 0.027323 0.050000
v 0.592720 0.026401 0.050000
v 0.593882 0.025081 0.050000
v 0.594629 0.023351 0.050000
v 0.594958 0.021193 0.050000
v 0.594846 0.018674 0.050000
v 0.594306 0.016659 0.050000
v 0.593351 0.015077 0.050000
v 0.591980 0.013914 0.050000
v 0.590183 0.013166 0.050000
v 0.588138 0.012856 0.050000
v 0.536591 0.013752 0.050000
v 0.504564 0.014003 0.050000
v 0.472864 0.013752 0.050000
v 0.421553 0.012861 0.050000
v 0.420396 0.013159 0.050000
v 0.419578 0.013691 0.050000
v 0.418698 0.014678 0.050000
v 0.417731 0.017457 0.050000
v 0.417594 0.022474 0.050000
v 0.418196 0.025102 0.050000
v 0.419104 0.026723 0.050000
v 0.420781 0.027820 0.050000
v 0.431002 0.028632 0.050000
v 0.440901 0.030107 0.050000
v 0.448982 0.032219 0.050000
v 0.455238 0.034962 0.050000
v 0.458586 0.037365 0.050000
v 0.460381 0.039203 0.050000
v 0.462149 0.041959 0.050000
v 0.463481 0.046405 0.050000
v 0.464099 0.050085 0.050000
v 0.464360 0.054881 0.050000
v 0.463835 0.061364 0.050000
v 0.462654 0.068301 0.050000
v 0.459770 0.080398 0.050000
v 0.378160 0.316741 0.050000
v 0.359615 0.375536 0.050000
v 0.333408 0.300342 0.050000
v 0.296026 0.196749 0.050000
v 0.318350 0.196000 0.050000
v 0.342142 0.195708 0.050000
v 0.378592 0.195698 0.050000
v 0.403883 0.196115 0.050000
v 0.419270 0.196775 0.050000
v 0.162576 0.116181 0.050000
v 0.159523 0.102319 0.050000
v 0.155109 0.084391 0.050000
v 0.150283 0.066875 0.050000
v 0.143684 0.045510 0.050000
v 0.136420 0.024895 0.050000
v 0.131754 0.012835 0.050000
v 0.099673 0.013598 0.050000
v 0.048475 0.014430 0.050000
v -0.002456 0.014817 0.050000
v -0.055639 0.014762 0.050000
v -0.122534 0.014090 0.050000
v -0.181936 0.012842 0.050000
v -0.183712 0.013258 0.050000
v -0.185051 0.014310 0.050000
v -0.185832 0.015580 0.050000
v -0.186336 0.017251 0.050000
v -0.186585 0.019966 0.050000
v -0.186138 0.023565 0.050000
v -0.185053 0.025560 0.050000
v -0.183709 0.026723 0.050000
v -0.182058 0.027290 0.050000
v -0.172962 0.028362 0.050000
v -0.162863 0.029825 0.050000
v -0.155897 0.031301 0.050000
v -0.151691 0.033146 0.050000
v -0.147391 0.036432 0.050000
v -0.143968 0.040783 0.050000
v -0.141199 0.046616 0.050000
v -0.139130 0.054632 0.050000
v -0.137502 0.065456 0.050000
v -0.136309 0.079076 0.050000
v -0.135548 0.095490 0.050000
v -0.135241 0.112481 0.050000
v -0.135237 0.344815 0.050000
v -0.135520 0.367202 0.050000
v -0.136141 0.383322 0.050000
v -0.137006 0.391866 0.050000
v -0.138384 0.398578 0.050000
v -0.140570 0.405152 0.050000
v -0.142726 0.409728 0.050000
v -0.144327 0.412013 0.050000
v -0.146398 0.414103 0.050000
v -0.148896 0.415927 0.050000
v -0.151823 0.417484 0.050000
v -0.155180 0.418774 0.050000
v -0.159361 0.419884 0.050000
v -0.166101 0.420946 0.050000
v -0.185854 0.423114 0.050000
v -0.187417 0.423647 0.050000
v -0.188761 0.424811 0.050000
v -0.189542 0.426119 0.050000
v -0.190214 0.428608 0.050000
v -0.190062 0.433710 0.050000
v -0.189180 0.436294 0.050000
v -0.188259 0.437537 0.050000
v -0.187066 0.438327 0.050000
v -0.185641 0.438668 0.050000
v -0.131990 0.437253 0.050000
v -0.065625 0.436476 0.050000
v -0.009234 0.436412 0.050000
v 0.042592 0.436858 0.050000
v 0.091463 0.437812 0.050000
v 0.120059 0.438677 0.050000
v 0.121557 0.420437 0.050000
v 0.124521 0.390189 0.050000
v 0.128449 0.358001 0.050000
v 0.131183 0.339419 0.050000
v 0.131180 0.337573 0.050000
v 0.130908 0.336336 0.050000
v 0.129897 0.334738 0.050000
v 0.127228 0.333192 0.050000
v 0.123127 0.332323 0.050000
v 0.119475 0.332449 0.050000
v 0.116792 0.333519 0.050000
v 0.115158 0.335317 0.050000
v 0.110689 0.346431 0.050000
v 0.104993 0.358400 0.050000
v 0.098776 0.369225 0.050000
v 0.092039 0.378908 0.050000
v 0.084782 0.387450 0.050000
v 0.078055 0.393918 0.050000
v 0.070813 0.399834 0.050000
v 0.066065 0.402912 0.050000
v 0.060750 0.405697 0.050000
v 0.054870 0.408189 0.050000
v 0.048422 0.410388 0.050000
v 0.041408 0.412293 0.050000
v 0.033828 0.413906 0.050000
v 0.021727 0.415780 0.050000
v 0.003182 0.417264 0.050000
v -0.016054 0.417564 0.050000
v -0.027443 0.416945 0.050000
v -0.037255 0.415513 0.050000
v -0.045391 0.413273 0.050000
v -0.051847 0.410232 0.050000
v -0.055473 0.407468 0.050000
v -0.057475 0.405347 0.050000
v -0.059062 0.403023 0.050000
v -0.060419 0.400225 0.050000
v -0.062017 0.394921 0.050000
v -0.063279 0.388086 0.050000
v -0.064205 0.379724 0.050000
v -0.065003 0.364859 0.050000
v -0.065051 0.246989 0.050000
v -0.053271 0.246575 0.050000
v -0.033465 0.246428 0.050000
v -0.018275 0.246622 0.050000
v -0.002079 0.247527 0.050000
v 0.011863 0.249149 0.050000
v 0.023546 0.251488 0.050000
v 0.032964 0.254542 0.050000
v 0.038299 0.257220 0.050000
v 0.042620 0.260212 0.050000
v 0.047782 0.265000 0.050000
v 0.052291 0.270569 0.050000
v 0.056236 0.276996 0.050000
v 0.059612 0.284279 0.050000
v 0.062420 0.292418 0.050000
v 0.064551 0.300715 0.050000
v 0.066005 0.302595 0.050000
v 0.067858 0.303611 0.050000
v 0.070753 0.304294 0.050000
v 0.074440 0.304251 0.050000
v 0.076310 0.303849 0.050000
v 0.077778 0.303136 0.050000
v 0.078851 0.302118 0.050000
v 0.079538 0.300791 0.050000
v 0.079825 0.299270 0.050000
v 0.078924 0.259713 0.050000
v 0.078675 0.236894 0.050000
v 0.078927 0.209764 0.050000
v 0.079821 0.168659 0.050000
v 0.079537 0.166935 0.050000
v 0.078846 0.165406 0.050000
v 0.077771 0.164237 0.050000
v 0.076305 0.163421 0.050000
v 0.074438 0.162961 0.050000
v 0.070976 0.162910 0.050000
v 0.068276 0.163663 0.050000
v 0.066791 0.164530 0.050000
v 0.065322 0.166028 0.050000
v 0.064312 0.168056 0.050000
v 0.062085 0.176456 0.050000
v 0.058957 0.185764 0.050000
v 0.055386 0.193926 0.050000
v 0.051374 0.200945 0.050000
v 0.046924 0.206818 0.050000
v 0.041516 0.211995 0.050000
v 0.036861 0.214725 0.050000
v 0.030446 0.217680 0.050000
v 0.020280 0.220991 0.050000
v 0.008523 0.223527 0.050000
v -0.004825 0.225286 0.050000
v -0.019761 0.226268 0.050000
v -0.034358 0.226481 0.050000
v -0.065047 0.226238 0.050000
v -0.065026 0.113190 0.050000
v -0.064696 0.097711 0.050000
v -0.063879 0.082754 0.050000
v -0.062599 0.070340 0.050000
v -0.060851 0.060469 0.050000
v -0.058634 0.053154 0.050000
v -0.056172 0.048613 0.050000
v -0.053615 0.045312 0.050000
v -0.050414 0.042332 0.050000
v -0.046628 0.039760 0.050000
v -0.042254 0.037597 0.050000
v -0.037292 0.035843 0.050000
v -0.032713 0.034713 0.050000
v -0.026310 0.033809 0.050000
v -0.015793 0.033074 0.050000
v -0.002632 0.032788 0.050000
v 0.010347 0.032995 0.050000
v 0.020817 0.033577 0.050000
v 0.030820 0.034548 0.050000
v 0.040355 0.035907 0.050000
v 0.049423 0.037654 0.050000
v 0.058023 0.039789 0.050000
v 0.066156 0.042312 0.050000
v 0.073821 0.045224 0.050000
v 0.081019 0.048524 0.050000
v 0.087750 0.052212 0.050000
v 0.094013 0.056288 0.050000
v 0.101344 0.061999 0.050000
v 0.109284 0.069420 0.050000
v 0.117003 0.077792 0.050000
v 0.124785 0.087371 0.050000
v 0.132632 0.098155 0.050000
v 0.140543 0.110147 0.050000
v 0.147044 0.120972 0.050000
v 0.148486 0.123119 0.050000
v 0.150398 0.124565 0.050000
v 0.152198 0.124946 0.050000
v 0.154905 0.124638 0.050000
v 0.158719 0.123318 0.050000
v 0.161526 0.121503 0.050000
v 0.162563 0.120021 0.050000
v 0.162866 0.118736 0.050000
v -0.223734 0.095283 0.050000
v -0.228070 0.078352 0.050000
v -0.232930 0.061200 0.050000
v -0.238313 0.043823 0.050000
v -0.244217 0.026231 0.050000
v -0.249022 0.012835 0.050000
v -0.281448 0.013598 0.050000
v -0.333002 0.014430 0.050000
v -0.384120 0.014817 0.050000
v -0.436926 0.014762 0.050000
v -0.503379 0.014091 0.050000
v -0.562711 0.012842 0.050000
v -0.564488 0.013258 0.050000
v -0.565827 0.014310 0.050000
v -0.566608 0.015580 0.050000
v -0.567112 0.017251 0.050000
v -0.567298 0.018827 0.050000
v -0.567286 0.021742 0.050000
v -0.566610 0.024252 0.050000
v -0.565829 0.025560 0.050000
v -0.564485 0.026723 0.050000
v -0.562822 0.027292 0.050000
v -0.553508 0.028362 0.050000
v -0.543172 0.029826 0.050000
v -0.536383 0.031229 0.050000
v -0.531545 0.033153 0.050000
v -0.527946 0.035549 0.050000
v -0.525326 0.037971 0.050000
v -0.522688 0.041491 0.050000
v -0.520269 0.046419 0.050000
v -0.518198 0.054265 0.050000
v -0.516568 0.065018 0.050000
v -0.515374 0.078662 0.050000
v -0.514613 0.095191 0.050000
v -0.514305 0.112375 0.050000
v -0.514301 0.344815 0.050000
v -0.514584 0.367203 0.050000
v -0.515205 0.383320 0.050000
v -0.516070 0.391864 0.050000
v -0.517449 0.398578 0.050000
v -0.519634 0.405152 0.050000
v -0.521790 0.409728 0.050000
v -0.523392 0.412013 0.050000
v -0.525463 0.414103 0.050000
v -0.527961 0.415927 0.050000
v -0.530888 0.417484 0.050000
v -0.534245 0.418774 0.050000
v -0.538420 0.419884 0.050000
v -0.545062 0.420947 0.050000
v -0.564476 0.423127 0.050000
v -0.566174 0.423652 0.050000
v -0.567662 0.424815 0.050000
v -0.568528 0.426123 0.050000
v -0.569274 0.428612 0.050000
v -0.569246 0.432411 0.050000
v -0.568843 0.434583 0.050000
v -0.568127 0.436289 0.050000
v -0.567106 0.437532 0.050000
v -0.565780 0.438326 0.050000
v -0.563873 0.438709 0.050000
v -0.505425 0.436773 0.050000
v -0.481219 0.436365 0.050000
v -0.456695 0.436774 0.050000
v -0.435822 0.437524 0.050000
v -0.396390 0.438683 0.050000
v -0.393818 0.437790 0.050000
v -0.392385 0.436284 0.050000
v -0.391600 0.434580 0.050000
v -0.391157 0.432410 0.050000
v -0.391111 0.428708 0.050000
v -0.391786 0.426257 0.050000
v -0.392567 0.424955 0.050000
v -0.393912 0.423758 0.050000
v -0.395606 0.423114 0.050000
v -0.416172 0.420478 0.050000
v -0.422686 0.419322 0.050000
v -0.427541 0.417735 0.050000
v -0.431170 0.415627 0.050000
v -0.433280 0.413900 0.050000
v -0.435528 0.411383 0.050000
v -0.436986 0.409013 0.050000
v -0.438441 0.405463 0.050000
v -0.440208 0.397726 0.050000
v -0.441598 0.387101 0.050000
v -0.442615 0.373599 0.050000
v -0.443455 0.350367 0.050000
v -0.443522 0.113189 0.050000
v -0.443214 0.097707 0.050000
v -0.442454 0.082754 0.050000
v -0.441262 0.070338 0.050000
v -0.439634 0.060464 0.050000
v -0.437568 0.053147 0.050000
v -0.435506 0.049052 0.050000
v -0.432465 0.045311 0.050000
v -0.429129 0.042331 0.050000
v -0.425238 0.039759 0.050000
v -0.420792 0.037595 0.050000
v -0.415790 0.035842 0.050000
v -0.411169 0.034704 0.050000
v -0.404986 0.033809 0.050000
v -0.394746 0.033074 0.050000
v -0.381730 0.032786 0.050000
v -0.370142 0.033007 0.050000
v -0.360616 0.033625 0.050000
v -0.351364 0.034655 0.050000
v -0.342386 0.036097 0.050000
v -0.333680 0.037951 0.050000
v -0.325248 0.040217 0.050000
v -0.317090 0.042895 0.050000
v -0.309205 0.045985 0.050000
v -0.301593 0.049487 0.050000
v -0.294254 0.053401 0.050000
v -0.287189 0.057726 0.050000
v -0.279403 0.063213 0.050000
v -0.271359 0.070599 0.050000
v -0.263909 0.078661 0.050000
v -0.256332 0.088025 0.050000
v -0.248627 0.098689 0.050000
v -0.240795 0.110656 0.050000
v -0.234013 0.121832 0.050000
v -0.232311 0.123744 0.050000
v -0.230501 0.124785 0.050000
v -0.228624 0.124913 0.050000
v -0.225164 0.124192 0.050000
v -0.222406 0.123139 0.050000
v -0.219957 0.121381 0.050000
v -0.219037 0.119839 0.050000
v -0.218767 0.118452 0.050000
v -0.219025 0.116230 0.050000
v -0.648377 0.430981 0.050000
v -0.641253 0.431381 0.050000
v -0.632936 0.432363 0.050000
v -0.632343 0.424899 0.050000
v -0.630039 0.398033 0.050000
v -0.625606 0.354464 0.050000
v -0.622943 0.329565 0.050000
v -0.623418 0.326688 0.050000
v -0.625202 0.324357 0.050000
v -0.628585 0.322631 0.050000
v -0.631779 0.322303 0.050000
v -0.633746 0.322479 0.050000
v -0.635786 0.323727 0.050000
v -0.637533 0.325921 0.050000
v -0.644931 0.339755 0.050000
v -0.653626 0.354598 0.050000
v -0.662353 0.367935 0.050000
v -0.671111 0.379764 0.050000
v -0.679899 0.390086 0.050000
v -0.689216 0.399368 0.050000
v -0.699145 0.407238 0.050000
v -0.710640 0.414448 0.050000
v -0.722670 0.420140 0.050000
v -0.732071 0.423369 0.050000
v -0.741721 0.425836 0.050000
v -0.755095 0.427738 0.050000
v -0.765565 0.428123 0.050000
v -0.776933 0.427691 0.050000
v -0.787932 0.426396 0.050000
v -0.798562 0.424237 0.050000
v -0.808824 0.421214 0.050000
v -0.818718 0.417328 0.050000
v -0.828243 0.412578 0.050000
v -0.837400 0.406965 0.050000
v -0.846189 0.400488 0.050000
v -0.854609 0.393147 0.050000
v -0.862661 0.384943 0.050000
v -0.870344 0.375876 0.050000
v -0.877659 0.365944 0.050000
v -0.883718 0.356528 0.050000
v -0.889250 0.346723 0.050000
v -0.894255 0.336530 0.050000
v -0.898734 0.325949 0.050000
v -0.902685 0.314980 0.050000
v -0.906110 0.303622 0.050000
v -0.909008 0.291877 0.050000
v -0.911379 0.279743 0.050000
v -0.913223 0.267220 0.050000
v -0.914540 0.254310 0.050000
v -0.915330 0.241011 0.050000
v -0.915594 0.227325 0.050000
v -0.915251 0.213093 0.050000
v -0.914223 0.199301 0.050000
v -0.912510 0.185949 0.050000
v -0.910111 0.173037 0.050000
v -0.907027 0.160564 0.050000
v -0.903258 0.148531 0.050000
v -0.898803 0.136938 0.050000
v -0.893663 0.125784 0.050000
v -0.887838 0.115071 0.050000
v -0.881327 0.104797 0.050000
v -0.874131 0.094962 0.050000
v -0.866250 0.085568 0.050000
v -0.858951 0.077960 0.050000
v -0.851410 0.071013 0.050000
v -0.843628 0.064728 0.050000
v -0.835604 0.059105 0.050000
v -0.827338 0.054143 0.050000
v -0.818831 0.049843 0.050000
v -0.810082 0.046205 0.050000
v -0.801092 0.043227 0.050000
v -0.791859 0.040912 0.050000
v -0.782386 0.039258 0.050000
v -0.772670 0.038266 0.050000
v -0.762713 0.037935 0.050000
v -0.747552 0.038499 0.050000
v -0.732970 0.040193 0.050000
v -0.718966 0.043016 0.050000
v -0.705541 0.046967 0.050000
v -0.692694 0.052048 0.050000
v -0.680425 0.058257 0.050000
v -0.668735 0.065596 0.050000
v -0.657623 0.074064 0.050000
v -0.647090 0.083660 0.050000
v -0.637134 0.094386 0.050000
v -0.627758 0.106241 0.050000
v -0.618652 0.119770 0.050000
v -0.617689 0.120998 0.050000
v -0.616623 0.121680 0.050000
v -0.615413 0.122052 0.050000
v -0.613585 0.122005 0.050000
v -0.610178 0.121089 0.050000
v -0.605247 0.118747 0.050000
v -0.603619 0.117335 0.050000
v -0.602674 0.115990 0.050000
v -0.602203 0.114500 0.050000
v -0.602147 0.112866 0.050000
v -0.602797 0.110492 0.050000
v -0.613397 0.092579 0.050000
v -0.624284 0.077106 0.050000
v -0.635930 0.063106 0.050000
v -0.648337 0.050580 0.050000
v -0.661505 0.039527 0.050000
v -0.675434 0.029949 0.050000
v -0.690123 0.021844 0.050000
v -0.705573 0.015212 0.050000
v -0.721783 0.010054 0.050000
v -0.738754 0.006370 0.050000
v -0.756485 0.004160 0.050000
v -0.774978 0.003423 0.050000
v -0.791952 0.003910 0.050000
v -0.808365 0.005372 0.050000
v -0.824215 0.007808 0.050000
v -0.839502 0.011219 0.050000
v -0.854227 0.015604 0.050000
v -0.868389 0.020964 0.050000
v -0.881989 0.027298 0.050000
v -0.895026 0.034607 0.050000
v -0.907500 0.042891 0.050000
v -0.919412 0.052149 0.050000
v -0.930762 0.062381 0.050000
v -0.941549 0.073588 0.050000
v -0.950296 0.083971 0.050000
v -0.958282 0.094774 0.050000
v -0.965508 0.105997 0.050000
v -0.971973 0.117640 0.050000
v -0.977678 0.129702 0.050000
v -0.982622 0.142185 0.050000
v -0.986805 0.155087 0.050000
v -0.990228 0.168410 0.050000
v -0.992890 0.182152 0.050000
v -0.994791 0.196314 0.050000
v -0.995932 0.210896 0.050000
v -0.996312 0.225898 0.050000
v -0.995817 0.242921 0.050000
v -0.994332 0.259381 0.050000
v -0.991856 0.275278 0.050000
v -0.988390 0.290613 0.050000
v -0.983933 0.305385 0.050000
v -0.978486 0.319595 0.050000
v -0.972048 0.333242 0.050000
v -0.964621 0.346327 0.050000
v -0.956203 0.358849 0.050000
v -0.946794 0.370809 0.050000
v -0.936395 0.382206 0.050000
v -0.925006 0.393041 0.050000
v -0.914492 0.401833 0.050000
v -0.903583 0.409861 0.050000
v -0.892277 0.417124 0.050000
v -0.880574 0.423623 0.050000
v -0.868476 0.429357 0.050000
v -0.855982 0.434327 0.050000
v -0.843091 0.438532 0.050000
v -0.829804 0.441972 0.050000
v -0.816121 0.444648 0.050000
v -0.802042 0.446560 0.050000
v -0.787567 0.447707 0.050000
v -0.770816 0.448108 0.050000
v -0.757645 0.447698 0.050000
v -0.745446 0.446784 0.050000
v -0.733120 0.445347 0.050000
v -0.720669 0.443387 0.050000
v -0.708088 0.440905 0.050000
v -0.688678 0.436323 0.050000
v -0.672647 0.433114 0.050000
v -0.657990 0.431218 0.050000
v 0.773657 0.213886 -0.050000
v 0.754928 0.214153 -0.050000
v 0.737293 0.214991 -0.050000
v 0.737303 0.107926 -0.050000
v 0.737630 0.078704 -0.050000
v 0.738292 0.063591 -0.050000
v 0.739022 0.057605 -0.050000
v 0.740572 0.051057 -0.050000
v 0.742929 0.045021 -0.050000
v 0.745234 0.041155 -0.050000
v 0.748021 0.037946 -0.050000
v 0.751474 0.035307 -0.050000
v 0.754661 0.033573 -0.050000
v 0.758247 0.032185 -0.050000
v 0.762155 0.031169 -0.050000
v 0.769095 0.030145 -0.050000
v 0.789476 0.027853 -0.050000
v 0.790628 0.027427 -0.050000
v 0.791692 0.026583 -0.050000
v 0.792513 0.025363 -0.050000
v 0.793298 0.022939 -0.050000
v 0.793417 0.018081 -0.050000
v 0.792672 0.015584 -0.050000
v 0.791807 0.014315 -0.050000
v 0.790323 0.013261 -0.050000
v 0.788312 0.012840 -0.050000
v 0.765646 0.013725 -0.050000
v 0.735769 0.014670 -0.050000
v 0.711367 0.015104 -0.050000
v 0.683422 0.014948 -0.050000
v 0.644238 0.013723 -0.050000
v 0.622951 0.012839 -0.050000
v 0.620931 0.013261 -0.050000
v 0.619448 0.014315 -0.050000
v 0.618582 0.015584 -0.050000
v 0.617832 0.018110 -0.050000
v 0.617862 0.021767 -0.050000
v 0.618263 0.023754 -0.050000
v 0.618977 0.025354 -0.050000
v 0.619998 0.026574 -0.050000
v 0.621898 0.027689 -0.050000
v 0.632288 0.028933 -0.050000
v 0.642744 0.030396 -0.050000
v 0.649497 0.031778 -0.050000
v 0.654525 0.033731 -0.050000
v 0.658108 0.036122 -0.050000
v 0.660166 0.038038 -0.050000
v 0.662617 0.041210 -0.050000
v 0.665284 0.046983 -0.050000
v 0.667203 0.054833 -0.050000
v 0.668713 0.065587 -0.050000
v 0.669818 0.079236 -0.050000
v 0.670731 0.102694 -0.050000
v 0.670766 0.360082 -0.050000
v 0.670271 0.383707 -0.050000
v 0.669712 0.391423 -0.050000
v 0.668494 0.398241 -0.050000
v 0.666497 0.404696 -0.050000
v 0.664439 0.409217 -0.050000
v 0.662763 0.411552 -0.050000
v 0.660446 0.413737 -0.050000
v 0.657558 0.415658 -0.050000
v 0.654098 0.417312 -0.050000
v 0.650065 0.418698 -0.050000
v 0.645699 0.419752 -0.050000
v 0.638161 0.420798 -0.050000
v 0.616840 0.423092 -0.050000
v 0.615558 0.423517 -0.050000
v 0.614097 0.424605 -0.050000
v 0.613083 0.426336 -0.050000
v 0.612407 0.429047 -0.050000
v 0.612562 0.434050 -0.050000
v 0.613442 0.436455 -0.050000
v 0.614362 0.437613 -0.050000
v 0.615555 0.438350 -0.050000
v 0.617032 0.438675 -0.050000
v 0.648078 0.437602 -0.050000
v 0.696077 0.436915 -0.050000
v 0.797470 0.439247 -0.050000
v 0.811693 0.438999 -0.050000
v 0.825271 0.438257 -0.050000
v 0.838203 0.437019 -0.050000
v 0.850490 0.435286 -0.050000
v 0.862131 0.433057 -0.050000
v 0.873126 0.430334 -0.050000
v 0.883475 0.427115 -0.050000
v 0.893179 0.423401 -0.050000
v 0.902236 0.419192 -0.050000
v 0.910649 0.414488 -0.050000
v 0.918415 0.409288 -0.050000
v 0.925536 0.403594 -0.050000
v 0.930547 0.398856 -0.050000
v 0.935123 0.393865 -0.050000
v 0.939262 0.388620 -0.050000
v 0.942966 0.383121 -0.050000
v 0.946234 0.377369 -0.050000
v 0.949067 0.371363 -0.050000
v 0.951464 0.365104 -0.050000
v 0.953424 0.358592 -0.050000
v 0.954950 0.351825 -0.050000
v 0.956039 0.344806 -0.050000
v 0.956693 0.337533 -0.050000
v 0.956909 0.326805 -0.050000
v 0.955800 0.314674 -0.050000
v 0.953223 0.303064 -0.050000
v 0.949179 0.291976 -0.050000
v 0.943668 0.281409 -0.050000
v 0.936687 0.271358 -0.050000
v 0.928534 0.262161 -0.050000
v 0.918901 0.253603 -0.050000
v 0.908448 0.246141 -0.050000
v 0.896901 0.239516 -0.050000
v 0.884259 0.233727 -0.050000
v 0.870523 0.228777 -0.050000
v 0.859364 0.225613 -0.050000
v 0.877683 0.192692 -0.050000
v 0.906042 0.143209 -0.050000
v 0.930116 0.102651 -0.050000
v 0.949836 0.070539 -0.050000
v 0.958782 0.057492 -0.050000
v 0.964671 0.049792 -0.050000
v 0.970040 0.043648 -0.050000
v 0.974882 0.039069 -0.050000
v 0.978618 0.036409 -0.050000
v 0.982647 0.034465 -0.050000
v 0.987452 0.032767 -0.050000
v 0.993163 0.031244 -0.050000
v 1.003099 0.029300 -0.050000
v 1.014903 0.027712 -0.050000
v 1.016686 0.026434 -0.050000
v 1.017589 0.024827 -0.050000
v 1.018190 0.022327 -0.050000
v 1.018166 0.018668 -0.050000
v 1.017724 0.016146 -0.050000
v 1.016677 0.014109 -0.050000
v 1.015388 0.013159 -0.050000
v 1.014164 0.012851 -0.050000
v 0.970079 0.014684 -0.050000
v 0.952691 0.015146 -0.050000
v 0.914301 0.014898 -0.050000
v 0.897890 0.014551 -0.050000
v 0.894334 0.023943 -0.050000
v 0.889538 0.035264 -0.050000
v 0.882311 0.050036 -0.050000
v 0.792895 0.214483 -0.050000
v 0.787819 0.214143 -0.050000
v 0.737287 0.234740 -0.050000
v 0.744473 0.233984 -0.050000
v 0.758356 0.233067 -0.050000
v 0.773624 0.232728 -0.050000
v 0.784888 0.232958 -0.050000
v 0.794110 0.233600 -0.050000
v 0.802889 0.234669 -0.050000
v 0.811224 0.236167 -0.050000
v 0.819115 0.238092 -0.050000
v 0.826563 0.240445 -0.050000
v 0.833567 0.243226 -0.050000
v 0.840127 0.246435 -0.050000
v 0.846243 0.250071 -0.050000
v 0.851916 0.254136 -0.050000
v 0.857145 0.258628 -0.050000
v 0.863420 0.265207 -0.050000
v 0.869730 0.274051 -0.050000
v 0.874638 0.283445 -0.050000
v 0.878396 0.293710 -0.050000
v 0.881003 0.304849 -0.050000
v 0.882456 0.316864 -0.050000
v 0.882752 0.326583 -0.050000
v 0.882079 0.341389 -0.050000
v 0.880058 0.354907 -0.050000
v 0.876691 0.367138 -0.050000
v 0.871977 0.378082 -0.050000
v 0.865916 0.387738 -0.050000
v 0.858508 0.396107 -0.050000
v 0.849753 0.403188 -0.050000
v 0.839651 0.408981 -0.050000
v 0.828203 0.413488 -0.050000
v 0.815407 0.416706 -0.050000
v 0.801265 0.418637 -0.050000
v 0.785775 0.419281 -0.050000
v 0.777408 0.419119 -0.050000
v 0.767849 0.418333 -0.050000
v 0.759771 0.416927 -0.050000
v 0.753176 0.414903 -0.050000
v 0.748071 0.412268 -0.050000
v 0.745315 0.409934 -0.050000
v 0.743847 0.408157 -0.050000
v 0.742368 0.405248 -0.050000
v 0.740614 0.399535 -0.050000
v 0.739230 0.392038 -0.050000
v 0.738216 0.382761 -0.050000
v 0.737341 0.366124 -0.050000
v 0.453959 0.099198 -0.050000
v 0.427532 0.173417 -0.050000
v 0.411295 0.174301 -0.050000
v 0.382285 0.175437 -0.050000
v 0.357335 0.175713 -0.050000
v 0.335192 0.175256 -0.050000
v 0.288365 0.173475 -0.050000
v 0.263556 0.104811 -0.050000
v 0.260149 0.092963 -0.050000
v 0.258403 0.085327 -0.050000
v 0.257196 0.078199 -0.050000
v 0.256430 0.070171 -0.050000
v 0.256528 0.062538 -0.050000
v 0.257456 0.055679 -0.050000
v 0.258715 0.050756 -0.050000
v 0.260017 0.046958 -0.050000
v 0.261335 0.044467 -0.050000
v 0.263029 0.042293 -0.050000
v 0.265186 0.040252 -0.050000
v 0.269090 0.037511 -0.050000
v 0.276148 0.034223 -0.050000
v 0.285075 0.031473 -0.050000
v 0.295865 0.029263 -0.050000
v 0.307029 0.027789 -0.050000
v 0.308850 0.026714 -0.050000
v 0.309864 0.025099 -0.050000
v 0.310547 0.022429 -0.050000
v 0.310493 0.018670 -0.050000
v 0.310032 0.016653 -0.050000
v 0.308966 0.014711 -0.050000
v 0.307326 0.013485 -0.050000
v 0.305349 0.012894 -0.050000
v 0.304115 0.012841 -0.050000
v 0.279014 0.013640 -0.050000
v 0.252274 0.013933 -0.050000
v 0.206194 0.013905 -0.050000
v 0.178258 0.013253 -0.050000
v 0.169414 0.012835 -0.050000
v 0.167035 0.013297 -0.050000
v 0.165038 0.014711 -0.050000
v 0.163972 0.016653 -0.050000
v 0.163511 0.018671 -0.050000
v 0.163415 0.021193 -0.050000
v 0.163696 0.023355 -0.050000
v 0.164336 0.025089 -0.050000
v 0.165329 0.026409 -0.050000
v 0.166676 0.027326 -0.050000
v 0.168389 0.027843 -0.050000
v 0.170610 0.028016 -0.050000
v 0.177277 0.029658 -0.050000
v 0.183053 0.031823 -0.050000
v 0.188768 0.034685 -0.050000
v 0.194420 0.038243 -0.050000
v 0.200012 0.042500 -0.050000
v 0.204201 0.046207 -0.050000
v 0.208312 0.050678 -0.050000
v 0.214070 0.058605 -0.050000
v 0.219938 0.068487 -0.050000
v 0.225916 0.080322 -0.050000
v 0.232007 0.094117 -0.050000
v 0.236957 0.106597 -0.050000
v 0.317496 0.324041 -0.050000
v 0.332148 0.365226 -0.050000
v 0.345354 0.404538 -0.050000
v 0.352233 0.426412 -0.050000
v 0.398154 0.447519 -0.050000
v 0.400670 0.447314 -0.050000
v 0.402904 0.446385 -0.050000
v 0.404110 0.445414 -0.050000
v 0.405309 0.443715 -0.050000
v 0.413927 0.418166 -0.050000
v 0.453570 0.302584 -0.050000
v 0.524445 0.097624 -0.050000
v 0.530141 0.082284 -0.050000
v 0.535295 0.069632 -0.050000
v 0.540118 0.059092 -0.050000
v 0.544611 0.050665 -0.050000
v 0.548190 0.045173 -0.050000
v 0.552783 0.039602 -0.050000
v 0.557865 0.035063 -0.050000
v 0.561723 0.032721 -0.050000
v 0.564682 0.031462 -0.050000
v 0.569087 0.030295 -0.050000
v 0.576211 0.029125 -0.050000
v 0.589185 0.027790 -0.050000
v 0.591137 0.027323 -0.050000
v 0.592720 0.026401 -0.050000
v 0.593882 0.025081 -0.050000
v 0.594629 0.023351 -0.050000
v 0.594958 0.021193 -0.050000
v 0.594846 0.018674 -0.050000
v 0.594306 0.016659 -0.050000
v 0.593351 0.015077 -0.050000
v 0.591980 0.013914 -0.050000
v 0.590183 0.013166 -0.050000
v 0.588138 0.012856 -0.050000
v 0.536591 0.013752 -0.050000
v 0.504564 0.014003 -0.050000
v 0.472864 0.013752 -0.050000
v 0.421553 0.012861 -0.050000
v 0.420396 0.013159 -0.050000
v 0.419578 0.013691 -0.050000
v 0.418698 0.014678 -0.050000
v 0.417731 0.017457 -0.050000
v 0.417594 0.022474 -0.050000
v 0.418196 0.025102 -0.050000
v 0.419104 0.026723 -0.050000
v 0.420781 0.027820 -0.050000
v 0.431002 0.028632 -0.050000
v 0.440901 0.030107 -0.050000
v 0.448982 0.032219 -0.050000
v 0.455238 0.034962 -0.050000
v 0.458586 0.037365 -0.050000
v 0.460381 0.039203 -0.050000
v 0.462149 0.041959 -0.050000
v 0.463481 0.046405 -0.050000
v 0.464099 0.050085 -0.050000
v 0.464360 0.054881 -0.050000
v 0.463835 0.061364 -0.050000
v 0.462654 0.068301 -0.050000
v 0.459770 0.080398 -0.050000
v 0.378160 0.316741 -0.050000
v 0.359615 0.375536 -0.050000
v 0.333408 0.300342 -0.050000
v 0.296026 0.196749 -0.050000
v 0.318350 0.196000 -0.050000
v 0.342142 0.195708 -0.050000
v 0.378592 0.195698 -0.050000
v 0.403883 0.196115 -0.050000
v 0.419270 0.196775 -0.050000
v 0.162576 0.116181 -0.050000
v 0.159523 0.102319 -0.050000
v 0.155109 0.084391 -0.050000
v 0.150283 0.066875 -0.050000
v 0.143684 0.045510 -0.050000
v 0.136420 0.024895 -0.050000
v 0.131754 0.012835 -0.050000
v 0.099673 0.013598 -0.050000
v 0.048475 0.014430 -0.050000
v -0.002456 0.014817 -0.050000
v -0.055639 0.014762 -0.050000
v -0.122534 0.014090 -0.050000
v -0.181936 0.012842 -0.050000
v -0.183712 0.013258 -0.050000
v -0.185051 0.014310 -0.050000
v -0.185832 0.015580 -0.050000
v -0.186336 0.017251 -0.050000
v -0.186585 0.019966 -0.050000
v -0.186138 0.023565 -0.050000
v -0.185053 0.025560 -0.050000
v -0.183709 0.026723 -0.050000
v -0.182058 0.027290 -0.050000
v -0.172962 0.028362 -0.050000
v -0.162863 0.029825 -0.050000
v -0.155897 0.031301 -0.050000
v -0.151691 0.033146 -0.050000
v -0.147391 0.036432 -0.050000
v -0.143968 0.040783 -0.050000
v -0.141199 0.046616 -0.050000
v -0.139130 0.054632 -0.050000
v -0.137502 0.065456 -0.050000
v -0.136309 0.079076 -0.050000
v -0.135548 0.095490 -0.050000
v -0.135241 0.112481 -0.050000
v -0.135237 0.344815 -0.050000
v -0.135520 0.367202 -0.050000
v -0.136141 0.383322 -0.050000
v -0.137006 0.391866 -0.050000
v -0.138384 0.398578 -0.050000
v -0.140570 0.405152 -0.050000
v -0.142726 0.409728 -0.050000
v -0.144327 0.412013 -0.050000
v -0.146398 0.414103 -0.050000
v -0.148896 0.415927 -0.050000
v -0.151823 0.417484 -0.050000
v -0.155180 0.418774 -0.050000
v -0.159361 0.419884 -0.050000
v -0.166101 0.420946 -0.050000
v -0.185854 0.423114 -0.050000
v -0.187417 0.423647 -0.050000
v -0.188761 0.424811 -0.050000
v -0.189542 0.426119 -0.050000
v -0.190214 0.428608 -0.050000
v -0.190062 0.433710 -0.050000
v -0.189180 0.436294 -0.050000
v -0.188259 0.437537 -0.050000
v -0.187066 0.438327 -0.050000
v -0.185641 0.438668 -0.050000
v -0.131990 0.437253 -0.050000
v -0.065625 0.436476 -0.050000
v -0.009234 0.436412 -0.050000
v 0.042592 0.436858 -0.050000
v 0.091463 0.437812 -0.050000
v 0.120059 0.438677 -0.050000
v 0.121557 0.420437 -0.050000
v 0.124521 0.390189 -0.050000
v 0.128449 0.358001 -0.050000
v 0.131183 0.339419 -0.050000
v 0.131181 0.337584 -0.050000
v 0.130908 0.336336 -0.050000
v 0.129897 0.334738 -0.050000
v 0.127228 0.333192 -0.050000
v 0.123127 0.332323 -0.050000
v 0.119475 0.332449 -0.050000
v 0.116792 0.333519 -0.050000
v 0.115158 0.335317 -0.050000
v 0.110689 0.346431 -0.050000
v 0.104993 0.358400 -0.050000
v 0.098776 0.369225 -0.050000
v 0.092039 0.378908 -0.050000
v 0.084782 0.387450 -0.050000
v 0.078055 0.393918 -0.050000
v 0.070813 0.399834 -0.050000
v 0.066065 0.402912 -0.050000
v 0.060750 0.405697 -0.050000
v 0.054870 0.408189 -0.050000
v 0.048422 0.410388 -0.050000
v 0.041408 0.412293 -0.050000
v 0.033828 0.413906 -0.050000
v 0.021727 0.415780 -0.050000
v 0.003182 0.417264 -0.050000
v -0.016054 0.417564 -0.050000
v -0.027443 0.416945 -0.050000
v -0.037255 0.415513 -0.050000
v -0.045391 0.413273 -0.050000
v -0.051847 0.410232 -0.050000
v -0.055473 0.407468 -0.050000
v -0.057475 0.405347 -0.050000
v -0.059062 0.403023 -0.050000
v -0.060419 0.400225 -0.050000
v -0.062017 0.394921 -0.050000
v -0.063279 0.388086 -0.050000
v -0.064205 0.379724 -0.050000
v -0.065003 0.364859 -0.050000
v -0.065051 0.246989 -0.050000
v -0.053271 0.246575 -0.050000
v -0.033465 0.246428 -0.050000
v -0.018275 0.246622 -0.050000
v -0.002079 0.247527 -0.050000
v 0.011863 0.249149 -0.050000
v 0.023546 0.251488 -0.050000
v 0.032964 0.254542 -0.050000
v 0.038299 0.257220 -0.050000
v 0.042620 0.260212 -0.050000
v 0.047782 0.265000 -0.050000
v 0.052291 0.270569 -0.050000
v 0.056236 0.276996 -0.050000
v 0.059612 0.284279 -0.050000
v 0.062420 0.292418 -0.050000
v 0.064551 0.300715 -0.050000
v 0.066005 0.302595 -0.050000
v 0.067858 0.303611 -0.050000
v 0.070753 0.304294 -0.050000
v 0.074440 0.304251 -0.050000
v 0.076310 0.303849 -0.050000
v 0.077778 0.303136 -0.050000
v 0.078851 0.302118 -0.050000
v 0.079538 0.300791 -0.050000
v 0.079825 0.299270 -0.050000
v 0.078924 0.259713 -0.050000
v 0.078675 0.236894 -0.050000
v 0.078927 0.209764 -0.050000
v 0.079821 0.168659 -0.050000
v 0.079537 0.166935 -0.050000
v 0.078846 0.165406 -0.050000
v 0.077771 0.164237 -0.050000
v 0.076305 0.163421 -0.050000
v 0.074438 0.162961 -0.050000
v 0.070976 0.162910 -0.050000
v 0.068276 0.163663 -0.050000
v 0.066791 0.164530 -0.050000
v 0.065322 0.166028 -0.050000
v 0.064312 0.168056 -0.050000
v 0.062085 0.176456 -0.050000
v 0.058957 0.185764 -0.050000
v 0.055386 0.193926 -0.050000
v 0.051374 0.200945 -0.050000
v 0.046924 0.206818 -0.050000
v 0.041516 0.211995 -0.050000
v 0.036861 0.214725 -0.050000
v 0.030446 0.217680 -0.050000
v 0.020280 0.220991 -0.050000
v 0.008523 0.223527 -0.050000
v -0.004825 0.225286 -0.050000
v -0.019761 0.226268 -0.050000
v -0.034358 0.226481 -0.050000
v -0.065047 0.226238 -0.050000
v -0.065026 0.113190 -0.050000
v -0.064696 0.097711 -0.050000
v -0.063879 0.082754 -0.050000
v -0.062599 0.070340 -0.050000
v -0.060851 0.060469 -0.050000
v -0.058634 0.053154 -0.050000
v -0.056172 0.048613 -0.050000
v -0.053615 0.045312 -0.050000
v -0.050414 0.042332 -0.050000
v -0.046628 0.039760 -0.050000
v -0.042254 0.037597 -0.050000
v -0.037292 0.035843 -0.050000
v -0.032713 0.034713 -0.050000
v -0.026310 0.033809 -0.050000
v -0.015793 0.033074 -0.050000
v -0.002632 0.032788 -0.050000
v 0.010347 0.032995 -0.050000
v 0.020817 0.033577 -0.050000
v 0.030820 0.034548 -0.050000
v 0.040355 0.035907 -0.050000
v 0.049423 0.037654 -0.050000
v 0.058023 0.039789 -0.050000
v 0.066156 0.042312 -0.050000
v 0.073821 0.045224 -0.050000
v 0.081019 0.048524 -0.050000
v 0.087750 0.052212 -0.050000
v 0.094013 0.056288 -0.050000
v 0.101344 0.061999 -0.050000
v 0.109284 0.069420 -0.050000
v 0.117003 0.077792 -0.050000
v 0.124785 0.087371 -0.050000
v 0.132632 0.098155 -0.050000
v 0.140543 0.110147 -0.050000
v 0.147044 0.120972 -0.050000
v 0.148486 0.123119 -0.050000
v 0.150398 0.124565 -0.050000
v 0.152198 0.124946 -0.050000
v 0.154905 0.124638 -0.050000
v 0.158719 0.123318 -0.050000
v 0.161526 0.121503 -0.050000
v 0.162563 0.120021 -0.050000
v 0.162866 0.118736 -0.050000
v -0.223734 0.095283 -0.050000
v -0.228070 0.078352 -0.050000
v -0.232930 0.061200 -0.050000
v -0.238313 0.043823 -0.050000
v -0.244217 0.026231 -0.050000
v -0.249022 0.012835 -0.050000
v -0.281448 0.013598 -0.050000
v -0.333002 0.014430 -0.050000
v -0.384120 0.014817 -0.050000
v -0.436926 0.014762 -0.050000
v -0.503379 0.014091 -0.050000
v -0.562711 0.012842 -0.050000
v -0.564488 0.013258 -0.050000
v -0.565827 0.014310 -0.050000
v -0.566608 0.015580 -0.050000
v -0.567112 0.017251 -0.050000
v -0.567298 0.018827 -0.050000
v -0.567286 0.021742 -0.050000
v -0.566610 0.024252 -0.050000
v -0.565829 0.025560 -0.050000
v -0.564485 0.026723 -0.050000
v -0.562822 0.027292 -0.050000
v -0.553508 0.028362 -0.050000
v -0.543172 0.029826 -0.050000
v -0.536383 0.031229 -0.050000
v -0.531545 0.033153 -0.050000
v -0.527946 0.035549 -0.050000
v -0.525326 0.037971 -0.050000
v -0.522688 0.041491 -0.050000
v -0.520269 0.046419 -0.050000
v -0.518198 0.054265 -0.050000
v -0.516568 0.065018 -0.050000
v -0.515374 0.078662 -0.050000
v -0.514613 0.095191 -0.050000
v -0.514305 0.112375 -0.050000
v -0.514301 0.344815 -0.050000
v -0.514584 0.367203 -0.050000
v -0.515205 0.383320 -0.050000
v -0.516070 0.391864 -0.050000
v -0.517449 0.398578 -0.050000
v -0.519634 0.405152 -0.050000
v -0.521790 0.409728 -0.050000
v -0.523392 0.412013 -0.050000
v -0.525463 0.414103 -0.050000
v -0.527961 0.415927 -0.050000
v -0.530888 0.417484 -0.050000
v -0.534245 0.418774 -0.050000
v -0.538420 0.419884 -0.050000
v -0.545062 0.420947 -0.050000
v -0.564476 0.423127 -0.050000
v -0.566174 0.423652 -0.050000
v -0.567662 0.424815 -0.050000
v -0.568528 0.426123 -0.050000
v -0.569274 0.428612 -0.050000
v -0.569246 0.432411 -0.050000
v -0.568843 0.434583 -0.050000
v -0.568127 0.436289 -0.050000
v -0.567106 0.437532 -0.050000
v -0.565780 0.438326 -0.050000
v -0.563873 0.438709 -0.050000
v -0.505425 0.436773 -0.050000
v -0.481219 0.436365 -0.050000
v -0.456695 0.436774 -0.050000
v -0.435822 0.437524 -0.050000
v -0.396390 0.438683 -0.050000
v -0.393818 0.437790 -0.050000
v -0.392385 0.436284 -0.050000
v -0.391600 0.434580 -0.050000
v -0.391157 0.432410 -0.050000
v -0.391111 0.428708 -0.050000
v -0.391786 0.426257 -0.050000
v -0.392567 0.424955 -0.050000
v -0.393912 0.423758 -0.050000
v -0.395606 0.423114 -0.050000
v -0.416172 0.420478 -0.050000
v -0.422686 0.419322 -0.050000
v -0.427541 0.417735 -0.050000
v -0.431170 0.415627 -0.050000
v -0.433280 0.413900 -0.050000
v -0.435528 0.411383 -0.050000
v -0.436986 0.409013 -0.050000
v -0.438441 0.405463 -0.050000
v -0.440208 0.397726 -0.050000
v -0.441598 0.387101 -0.050000
v -0.442615 0.373599 -0.050000
v -0.443455 0.350367 -0.050000
v -0.443522 0.113189 -0.050000
v -0.443214 0.097707 -0.050000
v -0.442454 0.082754 -0.050000
v -0.441262 0.070338 -0.050000
v -0.439634 0.060464 -0.050000
v -0.437568 0.053147 -0.050000
v -0.435506 0.049052 -0.050000
v -0.432465 0.045311 -0.050000
v -0.429129 0.042331 -0.050000
v -0.425238 0.039759 -0.050000
v -0.420792 0.037595 -0.050000
v -0.415790 0.035842 -0.050000
v -0.411169 0.034704 -0.050000
v -0.404986 0.033809 -0.050000
v -0.394746 0.033074 -0.050000
v -0.381730 0.032786 -0.050000
v -0.370142 0.033007 -0.050000
v -0.360616 0.033625 -0.050000
v -0.351364 0.034655 -0.050000
v -0.342386 0.036097 -0.050000
v -0.333680 0.037951 -0.050000
v -0.325248 0.040217 -0.050000
v -0.317090 0.042895 -0.050000
v -0.309205 0.045985 -0.050000
v -0.301593 0.049487 -0.050000
v -0.294254 0.053401 -0.050000
v -0.287189 0.057726 -0.050000
v -0.279403 0.063213 -0.050000
v -0.271359 0.070599 -0.050000
v -0.263909 0.078661 -0.050000
v -0.256332 0.088025 -0.050000
v -0.248627 0.098689 -0.050000
v -0.240795 0.110656 -0.050000
v -0.234013 0.121832 -0.050000
v -0.232311 0.123744 -0.050000
v -0.230501 0.124785 -0.050000
v -0.228624 0.124913 -0.050000
v -0.225164 0.124192 -0.050000
v -0.222406 0.123139 -0.050000
v -0.219957 0.121381 -0.050000
v -0.219037 0.119839 -0.050000
v -0.218767 0.118452 -0.050000
v -0.219025 0.116230 -0.050000
v -0.648377 0.430981 -0.050000
v -0.641253 0.431381 -0.050000
v -0.632936 0.432363 -0.050000
v -0.632343 0.424899 -0.050000
v -0.630039 0.398033 -0.050000
v -0.625606 0.354464 -0.050000
v -0.622943 0.329565 -0.050000
v -0.623418 0.326688 -0.050000
v -0.625202 0.324357 -0.050000
v -0.628585 0.322631 -0.050000
v -0.631779 0.322303 -0.050000
v -0.633746 0.322479 -0.050000
v -0.635786 0.323727 -0.050000
v -0.637533 0.325921 -0.050000
v -0.644931 0.339755 -0.050000
v -0.653626 0.354598 -0.050000
v -0.662353 0.367935 -0.050000
v -0.671111 0.379764 -0.050000
v -0.679899 0.390086 -0.050000
v -0.689216 0.399368 -0.050000
v -0.699145 0.407238 -0.050000
v -0.710640 0.414448 -0.050000
v -0.722670 0.420140 -0.050000
v -0.732071 0.423369 -0.050000
v -0.741721 0.425836 -0.050000
v -0.755095 0.427738 -0.050000
v -0.765565 0.428123 -0.050000
v -0.776933 0.427691 -0.050000
v -0.787932 0.426396 -0.050000
v -0.798562 0.424237 -0.050000
v -0.808824 0.421214 -0.050000
v -0.818718 0.417328 -0.050000
v -0.828243 0.412578 -0.050000
v -0.837400 0.406965 -0.050000
v -0.846189 0.400488 -0.050000
v -0.854609 0.393147 -0.050000
v -0.862661 0.384943 -0.050000
v -0.870344 0.375876 -0.050000
v -0.877659 0.365944 -0.050000
v -0.883718 0.356528 -0.050000
v -0.889250 0.346723 -0.050000
v -0.894255 0.336530 -0.050000
v -0.898734 0.325949 -0.050000
v -0.902685 0.314980 -0.050000
v -0.906110 0.303622 -0.050000
v -0.909008 0.291877 -0.050000
v -0.911379 0.279743 -0.050000
v -0.913223 0.267220 -0.050000
v -0.914540 0.254310 -0.050000
v -0.915330 0.241011 -0.050000
v -0.915594 0.227325 -0.050000
v -0.915251 0.213093 -0.050000
v -0.914223 0.199301 -0.050000
v -0.912510 0.185949 -0.050000
v -0.910111 0.173037 -0.050000
v -0.907027 0.160564 -0.050000
v -0.903258 0.148531 -0.050000
v -0.898803 0.136938 -0.050000
v -0.893663 0.125784 -0.050000
v -0.887838 0.115071 -0.050000
v -0.881327 0.104797 -0.050000
v -0.874131 0.094962 -0.050000
v -0.866250 0.085568 -0.050000
v -0.858951 0.077960 -0.050000
v -0.851410 0.071013 -0.050000
v -0.843628 0.064728 -0.050000
v -0.835604 0.059105 -0.050000
v -0.827338 0.054143 -0.050000
v -0.818831 0.049843 -0.050000
v -0.810082 0.046205 -0.050000
v -0.801092 0.043227 -0.050000
v -0.791859 0.040912 -0.050000
v -0.782386 0.039258 -0.050000
v -0.772670 0.038266 -0.050000
v -0.762713 0.037935 -0.050000
v -0.747552 0.038499 -0.050000
v -0.732970 0.040193 -0.050000
v -0.718966 0.043016 -0.050000
v -0.705541 0.046967 -0.050000
v -0.692694 0.052048 -0.050000
v -0.680425 0.058257 -0.050000
v -0.668735 0.065596 -0.050000
v -0.657623 0.074064 -0.050000
v -0.647090 0.083660 -0.050000
v -0.637134 0.094386 -0.050000
v -0.627758 0.106241 -0.050000
v -0.618652 0.119770 -0.050000
v -0.617689 0.120998 -0.050000
v -0.616623 0.121680 -0.050000
v -0.615413 0.122052 -0.050000
v -0.613585 0.122005 -0.050000
v -0.610178 0.121089 -0.050000
v -0.605247 0.118747 -0.050000
v -0.603619 0.117335 -0.050000
v -0.602674 0.115990 -0.050000
v -0.602203 0.114500 -0.050000
v -0.602147 0.112866 -0.050000
v -0.602797 0.110492 -0.050000
v -0.613397 0.092579 -0.050000
v -0.624284 0.077106 -0.050000
v -0.635930 0.063106 -0.050000
v -0.648337 0.050580 -0.050000
v -0.661505 0.039527 -0.050000
v -0.675434 0.029949 -0.050000
v -0.690123 0.021844 -0.050000
v -0.705573 0.015212 -0.050000
v -0.721783 0.010054 -0.050000
v -0.738754 0.006370 -0.050000
v -0.756485 0.004160 -0.050000
v -0.774978 0.003423 -0.050000
v -0.791952 0.003910 -0.050000
v -0.808365 0.005372 -0.050000
v -0.824215 0.007808 -0.050000
v -0.839502 0.011219 -0.050000
v -0.854227 0.015604 -0.050000
v -0.868389 0.020964 -0.050000
v -0.881989 0.027298 -0.050000
v -0.895026 0.034607 -0.050000
v -0.907500 0.042891 -0.050000
v -0.919412 0.052149 -0.050000
v -0.930762 0.062381 -0.050000
v -0.941549 0.073588 -0.050000
v -0.950296 0.083971 -0.050000
v -0.958282 0.094774 -0.050000
v -0.965508 0.105997 -0.050000
v -0.971973 0.117640 -0.050000
v -0.977678 0.129702 -0.050000
v -0.982622 0.142185 -0.050000
v -0.986805 0.155087 -0.050000
v -0.990228 0.168410 -0.050000
v -0.992890 0.182152 -0.050000
v -0.994791 0.196314 -0.050000
v -0.995932 0.210896 -0.050000
v -0.996312 0.225898 -0.050000
v -0.995817 0.242921 -0.050000
v -0.994332 0.259381 -0.050000
v -0.991856 0.275278 -0.050000
v -0.988390 0.290613 -0.050000
v -0.983933 0.305385 -0.050000
v -0.978486 0.319595 -0.050000
v -0.972049 0.333242 -0.050000
v -0.964621 0.346327 -0.050000
v -0.956203 0.358849 -0.050000
v -0.946794 0.370809 -0.050000
v -0.936395 0.382206 -0.050000
v -0.925006 0.393041 -0.050000
v -0.914492 0.401833 -0.050000
v -0.903583 0.409861 -0.050000
v -0.892277 0.417124 -0.050000
v -0.880574 0.423623 -0.050000
v -0.868476 0.429357 -0.050000
v -0.855982 0.434327 -0.050000
v -0.843091 0.438532 -0.050000
v -0.829804 0.441972 -0.050000
v -0.816121 0.444648 -0.050000
v -0.802042 0.446560 -0.050000
v -0.787567 0.447707 -0.050000
v -0.770816 0.448108 -0.050000
v -0.757645 0.447698 -0.050000
v -0.745446 0.446784 -0.050000
v -0.733120 0.445347 -0.050000
v -0.720669 0.443387 -0.050000
v -0.708088 0.440905 -0.050000
v -0.688678 0.436323 -0.050000
v -0.672647 0.433114 -0.050000
v -0.657990 0.431218 -0.050000
v -0.648377 0.430981 -0.050000
v -0.648805 0.436895 -0.049014
v -0.644174 0.451126 -0.029999
v -0.653554 0.449942 0.036171
v -0.648805 0.436895 0.049014
v -0.648377 0.430981 0.050000
v -0.642930 0.450274 -0.036180
v -0.642062 0.447510 -0.041755
v -0.642062 0.447510 0.041755
v -0.641638 0.450424 0.036160
v -0.641253 0.431381 -0.050000
v -0.641106 0.451465 0.030000
v -0.641253 0.431381 0.050000
v -0.632944 0.432361 -0.049996
v -0.632944 0.432361 0.049996
v -0.627598 0.439436 -0.049018
v -0.622573 0.445829 -0.046167
v -0.618588 0.450898 -0.041725
v -0.615260 0.454700 -0.035073
v -0.615350 0.454765 0.035218
v -0.618588 0.450898 0.041725
v -0.622573 0.445829 0.046167
v -0.627598 0.439436 0.049018
v -0.610483 0.403605 -0.029966
v -0.610592 0.404802 0.029967
v -0.630039 0.398034 -0.050000
v -0.630039 0.398034 0.050000
v -0.610693 0.395618 -0.036180
v -0.610693 0.395618 0.036180
v -0.625606 0.354464 -0.050000
v -0.616747 0.325056 -0.049036
v -0.611128 0.327611 -0.046203
v -0.606688 0.327124 -0.041806
v -0.603900 0.330183 -0.036211
v -0.602902 0.330022 -0.030004
v -0.602915 0.330187 0.030066
v -0.603900 0.330183 0.036211
v -0.606688 0.327124 0.041806
v -0.611128 0.327611 0.046203
v -0.616747 0.325056 0.049036
v -0.625606 0.354464 0.050000
v -0.622943 0.329565 -0.049999
v -0.622943 0.329565 0.049999
v -0.623419 0.326688 -0.049994
v -0.604479 0.321448 -0.034610
v -0.604267 0.322187 0.034629
v -0.623419 0.326688 0.049994
v -0.614617 0.318214 -0.046138
v -0.611036 0.315499 -0.041647
v -0.608761 0.313774 -0.035984
v -0.608192 0.313007 -0.029785
v -0.607877 0.313418 0.029782
v -0.608761 0.313774 0.035984
v -0.611036 0.315499 0.041647
v -0.614617 0.318214 0.046138
v -0.625203 0.324358 -0.049994
v -0.625203 0.324358 0.049994
v -0.626138 0.316684 -0.049030
v -0.624336 0.311327 -0.046236
v -0.618938 0.309174 -0.041857
v -0.617572 0.306633 -0.036331
v -0.617223 0.305650 -0.030180
v -0.616917 0.305809 0.030177
v -0.617572 0.306633 0.036331
v -0.618938 0.309174 0.041857
v -0.624336 0.311327 0.046236
v -0.626138 0.316684 0.049030
v -0.628586 0.322631 -0.049997
v -0.628586 0.322631 0.049997
v -0.626407 0.306533 -0.041759
v -0.625913 0.303724 -0.036184
v -0.625681 0.302779 -0.030002
v -0.625756 0.302754 0.030004
v -0.625913 0.303724 0.036184
v -0.626407 0.306533 0.041759
v -0.631779 0.322303 -0.050000
v -0.631779 0.322303 0.050000
v -0.635016 0.302226 -0.029911
v -0.634170 0.316109 -0.049019
v -0.635106 0.310517 -0.046165
v -0.635843 0.306081 -0.041715
v -0.636308 0.303242 -0.036098
v -0.636240 0.302279 0.029956
v -0.636308 0.303242 0.036098
v -0.635843 0.306081 0.041715
v -0.635106 0.310517 0.046165
v -0.634170 0.316109 0.049019
v -0.633746 0.322480 -0.049996
v -0.633746 0.322480 0.049996
v -0.643989 0.305081 -0.030009
v -0.640943 0.319825 -0.049030
v -0.644957 0.315867 -0.046240
v -0.645089 0.310301 -0.041777
v -0.646776 0.307977 -0.036200
v -0.647048 0.306945 0.030017
v -0.646776 0.307977 0.036200
v -0.645089 0.310301 0.041777
v -0.644957 0.315867 0.046240
v -0.640943 0.319825 0.049030
v -0.635786 0.323727 -0.049997
v -0.635786 0.323727 0.049997
v -0.652608 0.312209 -0.030112
v -0.650766 0.316480 -0.041773
v -0.653118 0.314860 -0.036204
v -0.653831 0.314138 0.030004
v -0.653118 0.314860 0.036204
v -0.650766 0.316480 0.041773
v -0.637533 0.325921 -0.050000
v -0.637533 0.325921 0.049999
v -0.644931 0.339755 -0.050000
v -0.664364 0.360826 -0.049018
v -0.659816 0.342272 -0.046175
v -0.663514 0.339834 -0.041750
v -0.665887 0.338268 -0.036175
v -0.666677 0.337682 -0.029994
v -0.666080 0.336658 0.029999
v -0.665887 0.338268 0.036175
v -0.663514 0.339834 0.041750
v -0.659816 0.342272 0.046175
v -0.664364 0.360826 0.049018
v -0.644931 0.339755 0.050000
v -0.653626 0.354598 -0.050000
v -0.653626 0.354598 0.050000
v -0.662353 0.367935 -0.050000
v -0.676577 0.367747 -0.046174
v -0.680011 0.364949 -0.041748
v -0.682213 0.363153 -0.036174
v -0.682946 0.362499 -0.029992
v -0.682365 0.361709 0.029999
v -0.682213 0.363153 0.036174
v -0.680011 0.364949 0.041748
v -0.676577 0.367747 0.046174
v -0.662353 0.367935 0.050000
v -0.671111 0.379764 -0.050000
v -0.671111 0.379764 0.050000
v -0.679899 0.390086 -0.050000
v -0.692082 0.393936 -0.049017
v -0.695641 0.389602 -0.046166
v -0.698528 0.386232 -0.041735
v -0.698383 0.381950 -0.036018
v -0.699310 0.381562 -0.029812
v -0.698793 0.381053 0.029823
v -0.698382 0.381950 0.036018
v -0.698528 0.386232 0.041735
v -0.695641 0.389602 0.046166
v -0.692082 0.393936 0.049017
v -0.679899 0.390086 0.050000
v -0.689216 0.399368 -0.050003
v -0.689216 0.399368 0.050003
v -0.699144 0.407239 -0.049999
v -0.714892 0.395140 -0.036370
v -0.715823 0.394487 -0.030198
v -0.717412 0.395592 0.030252
v -0.714892 0.395140 0.036370
v -0.699144 0.407239 0.049998
v -0.716401 0.410751 -0.048996
v -0.718965 0.405710 -0.046073
v -0.720975 0.401755 -0.041554
v -0.720975 0.401755 0.041554
v -0.718965 0.405710 0.046073
v -0.716401 0.410751 0.048996
v -0.710640 0.414448 -0.050001
v -0.710640 0.414448 0.050001
v -0.722670 0.420139 -0.050004
v -0.731724 0.402712 -0.034711
v -0.722670 0.420139 0.050004
v -0.733238 0.403266 0.034711
v -0.732071 0.423369 -0.050000
v -0.742156 0.419787 -0.049017
v -0.743619 0.414378 -0.046168
v -0.744672 0.410071 -0.041739
v -0.743669 0.405846 -0.029997
v -0.744672 0.410071 0.041739
v -0.743619 0.414378 0.046168
v -0.742156 0.419787 0.049017
v -0.732071 0.423369 0.050000
v -0.741721 0.425835 -0.050001
v -0.750916 0.408341 -0.036371
v -0.750629 0.407242 0.030198
v -0.750916 0.408341 0.036371
v -0.741721 0.425835 0.050001
v -0.755095 0.427739 -0.049999
v -0.764957 0.408400 -0.030308
v -0.755095 0.427739 0.049999
v -0.773491 0.422282 -0.049050
v -0.773126 0.416760 -0.046305
v -0.772845 0.412321 -0.041995
v -0.772845 0.412321 0.041995
v -0.773126 0.416760 0.046305
v -0.773491 0.422282 0.049050
v -0.765565 0.428123 -0.050000
v -0.771295 0.409040 -0.036154
v -0.771535 0.408480 0.034609
v -0.765565 0.428123 0.050000
v -0.776933 0.427691 -0.050000
v -0.776933 0.427691 0.050000
v -0.787932 0.426396 -0.050000
v -0.794294 0.405938 -0.036154
v -0.789420 0.405881 -0.029986
v -0.788609 0.406037 0.029996
v -0.794294 0.405938 0.036154
v -0.787932 0.426396 0.050000
v -0.798562 0.424237 -0.050000
v -0.802756 0.416766 -0.049016
v -0.800838 0.411509 -0.046166
v -0.799421 0.407313 -0.041738
v -0.799421 0.407313 0.041738
v -0.800838 0.411509 0.046166
v -0.802756 0.416766 0.049016
v -0.798562 0.424237 0.050000
v -0.808824 0.421214 -0.050000
v -0.806850 0.400706 -0.029788
v -0.806234 0.400948 0.029788
v -0.808824 0.421214 0.050000
v -0.818718 0.417328 -0.050000
v -0.829613 0.405033 -0.048975
v -0.826637 0.400151 -0.045979
v -0.820337 0.398516 -0.041494
v -0.818998 0.396092 -0.035832
v -0.818998 0.396092 0.035832
v -0.820337 0.398516 0.041494
v -0.826637 0.400151 0.045979
v -0.829613 0.405033 0.048975
v -0.818718 0.417328 0.050000
v -0.828243 0.412578 -0.050000
v -0.823083 0.392498 -0.029996
v -0.822395 0.392931 0.029988
v -0.828243 0.412578 0.050000
v -0.837400 0.406965 -0.050000
v -0.837400 0.406965 0.050000
v -0.846189 0.400488 -0.050000
v -0.839600 0.385009 -0.041737
v -0.837306 0.382510 -0.034610
v -0.837695 0.382171 0.034620
v -0.839600 0.385009 0.041737
v -0.846189 0.400488 0.050000
v -0.854609 0.393147 -0.050000
v -0.853644 0.385572 -0.049016
v -0.849931 0.381385 -0.046166
v -0.849931 0.381385 0.046166
v -0.853644 0.385572 0.049016
v -0.854609 0.393147 0.050000
v -0.862661 0.384943 -0.050000
v -0.853976 0.370435 -0.041738
v -0.851311 0.368337 -0.034610
v -0.851699 0.367878 0.034620
v -0.853976 0.370435 0.041738
v -0.862661 0.384943 0.050000
v -0.870344 0.375876 -0.050000
v -0.874620 0.360120 -0.049013
v -0.870268 0.356548 -0.046157
v -0.870268 0.356548 0.046157
v -0.874620 0.360120 0.049013
v -0.870344 0.375876 0.050000
v -0.877659 0.365944 -0.050000
v -0.872384 0.344566 -0.041727
v -0.863921 0.351390 -0.034610
v -0.864356 0.350715 0.034621
v -0.872384 0.344566 0.041727
v -0.877659 0.365944 0.050000
v -0.883718 0.356528 -0.050000
v -0.883718 0.356528 0.050000
v -0.889250 0.346723 -0.050000
v -0.874032 0.333624 -0.034611
v -0.874418 0.332837 0.034624
v -0.889250 0.346723 0.050000
v -0.894255 0.336530 -0.050000
v -0.894738 0.320069 -0.049015
v -0.889690 0.317591 -0.046161
v -0.889690 0.317591 0.046161
v -0.894738 0.320069 0.049015
v -0.894255 0.336530 0.050000
v -0.898734 0.325949 -0.050000
v -0.889069 0.305505 -0.041730
v -0.882182 0.314547 -0.034611
v -0.882498 0.313670 0.034624
v -0.889069 0.305505 0.041730
v -0.898734 0.325949 0.050000
v -0.902685 0.314980 -0.050000
v -0.902685 0.314980 0.050000
v -0.906110 0.303622 -0.050000
v -0.888489 0.293883 -0.034611
v -0.888734 0.292895 0.034624
v -0.906110 0.303622 0.050000
v -0.909008 0.291877 -0.050000
v -0.906284 0.274643 -0.049015
v -0.900857 0.273163 -0.046164
v -0.900857 0.273163 0.046164
v -0.906284 0.274643 0.049015
v -0.909008 0.291877 0.050000
v -0.911379 0.279743 -0.050000
v -0.898273 0.259858 -0.041976
v -0.892927 0.271572 -0.034611
v -0.893093 0.270451 0.034623
v -0.898273 0.259858 0.041976
v -0.911379 0.279743 0.050000
v -0.913223 0.267220 -0.050000
v -0.913223 0.267220 0.050000
v -0.914540 0.254310 -0.050000
v -0.895461 0.247428 -0.034577
v -0.895541 0.246088 0.034575
v -0.914540 0.254310 0.050000
v -0.915330 0.241011 -0.050000
v -0.909791 0.218464 -0.049050
v -0.904280 0.218677 -0.046309
v -0.904280 0.218677 0.046309
v -0.909791 0.218464 0.049050
v -0.915330 0.241011 0.050000
v -0.915594 0.227325 -0.050000
v -0.898954 0.205818 -0.041728
v -0.895995 0.220343 -0.034618
v -0.895970 0.219317 0.034610
v -0.898954 0.205818 0.041728
v -0.915594 0.227325 0.050000
v -0.915251 0.213093 -0.050000
v -0.915251 0.213093 0.050000
v -0.914223 0.199301 -0.050000
v -0.894126 0.195191 -0.034622
v -0.894021 0.194369 0.034611
v -0.914223 0.199301 0.050000
v -0.912510 0.185949 -0.050000
v -0.902613 0.166280 -0.049013
v -0.897348 0.168289 -0.046154
v -0.897348 0.168289 0.046154
v -0.902613 0.166280 0.049013
v -0.912510 0.185949 0.050000
v -0.910111 0.173037 -0.050000
v -0.892924 0.170240 -0.041741
v -0.889762 0.171581 -0.034622
v -0.889585 0.170864 0.034611
v -0.892924 0.170241 0.041741
v -0.910111 0.173037 0.050000
v -0.907027 0.160564 -0.050000
v -0.907027 0.160564 0.050000
v -0.903258 0.148531 -0.050000
v -0.885965 0.148160 -0.041742
v -0.882982 0.149853 -0.034623
v -0.882739 0.149219 0.034611
v -0.885965 0.148160 0.041742
v -0.903258 0.148531 0.050000
v -0.898803 0.136938 -0.050000
v -0.885632 0.123078 -0.048982
v -0.880633 0.125800 -0.046005
v -0.880633 0.125800 0.046005
v -0.885632 0.123078 0.048982
v -0.898803 0.136938 0.050000
v -0.893663 0.125784 -0.050000
v -0.873918 0.123213 -0.041522
v -0.871525 0.124621 -0.035863
v -0.870468 0.124551 -0.029644
v -0.873771 0.130713 0.029998
v -0.871525 0.124621 0.035863
v -0.873918 0.123213 0.041522
v -0.893663 0.125784 0.050000
v -0.887838 0.115071 -0.050000
v -0.887838 0.115071 0.050000
v -0.881327 0.104797 -0.050000
v -0.862310 0.112388 0.029998
v -0.881327 0.104797 0.050000
v -0.874131 0.094962 -0.050000
v -0.862412 0.090061 -0.049044
v -0.858279 0.093738 -0.046282
v -0.858064 0.100710 -0.041743
v -0.855563 0.103010 -0.034611
v -0.855809 0.102438 0.036172
v -0.858064 0.100710 0.041743
v -0.858279 0.093738 0.046282
v -0.862412 0.090061 0.049044
v -0.874131 0.094962 0.050000
v -0.866250 0.085568 -0.050000
v -0.846041 0.093064 0.029993
v -0.866250 0.085568 0.050000
v -0.858951 0.077960 -0.050000
v -0.837416 0.079717 -0.041990
v -0.842191 0.088951 -0.034580
v -0.842301 0.088231 0.036319
v -0.837416 0.079717 0.041990
v -0.858951 0.077960 0.050000
v -0.851410 0.071013 -0.050000
v -0.835173 0.065797 -0.049013
v -0.832394 0.070687 -0.046155
v -0.832394 0.070687 0.046155
v -0.835173 0.065797 0.049013
v -0.851410 0.071013 0.050000
v -0.843628 0.064728 -0.050000
v -0.828592 0.077921 -0.034623
v -0.828008 0.077512 0.034610
v -0.843628 0.064728 0.050000
v -0.835604 0.059105 -0.050000
v -0.835604 0.059105 0.050000
v -0.827338 0.054143 -0.050000
v -0.812034 0.064483 -0.041561
v -0.810872 0.067017 -0.035919
v -0.810097 0.067646 -0.029707
v -0.814722 0.070020 0.029998
v -0.810872 0.067017 0.035919
v -0.812034 0.064483 0.041560
v -0.827338 0.054143 0.050000
v -0.818831 0.049843 -0.050000
v -0.807957 0.051886 -0.048997
v -0.805985 0.057175 -0.046077
v -0.805985 0.057175 0.046077
v -0.807957 0.051886 0.048997
v -0.818831 0.049843 0.050000
v -0.810082 0.046205 -0.050000
v -0.796028 0.062400 0.029707
v -0.810082 0.046205 0.050000
v -0.801092 0.043227 -0.050000
v -0.784666 0.055442 -0.041993
v -0.792196 0.061029 -0.034610
v -0.791998 0.060406 0.036172
v -0.784666 0.055442 0.041993
v -0.801092 0.043227 0.050000
v -0.791859 0.040912 -0.050000
v -0.777087 0.044311 -0.049050
v -0.776512 0.049812 -0.046307
v -0.776512 0.049812 0.046307
v -0.777087 0.044311 0.049050
v -0.791859 0.040912 0.050000
v -0.782386 0.039258 -0.050000
v -0.776027 0.058145 -0.034583
v -0.775286 0.058070 0.034582
v -0.782386 0.039258 0.050000
v -0.772670 0.038266 -0.050000
v -0.772670 0.038266 0.050000
v -0.762713 0.037935 -0.050000
v -0.754905 0.054181 -0.041727
v -0.755552 0.057542 -0.034614
v -0.755152 0.057556 0.034610
v -0.754905 0.054181 0.041727
v -0.762713 0.037935 0.050000
v -0.747552 0.038499 -0.050000
v -0.739654 0.045382 -0.049014
v -0.740785 0.050872 -0.046160
v -0.740785 0.050872 0.046160
v -0.739654 0.045382 0.049014
v -0.747552 0.038499 0.050000
v -0.732970 0.040193 -0.050000
v -0.728640 0.057311 -0.041730
v -0.729350 0.060059 -0.036159
v -0.729646 0.060994 -0.029977
v -0.730763 0.060781 0.029994
v -0.729350 0.060059 0.036159
v -0.728640 0.057311 0.041730
v -0.732970 0.040193 0.050000
v -0.718966 0.043016 -0.050000
v -0.705993 0.052983 -0.049009
v -0.708429 0.058069 -0.046144
v -0.708429 0.058069 0.046144
v -0.705993 0.052983 0.049009
v -0.718966 0.043016 0.050000
v -0.705541 0.046967 -0.050000
v -0.704663 0.064432 -0.041731
v -0.705839 0.067015 -0.036162
v -0.706291 0.067886 -0.029985
v -0.707301 0.067502 0.029993
v -0.705839 0.067015 0.036162
v -0.704663 0.064432 0.041731
v -0.705541 0.046967 0.050000
v -0.692694 0.052048 -0.050000
v -0.692694 0.052048 0.050000
v -0.680425 0.058257 -0.050000
v -0.672298 0.070397 -0.048978
v -0.675536 0.075090 -0.045989
v -0.683177 0.075494 -0.041552
v -0.684655 0.077854 -0.035905
v -0.684746 0.078845 -0.029705
v -0.685504 0.078370 0.029701
v -0.684655 0.077854 0.035905
v -0.683177 0.075494 0.041552
v -0.675536 0.075090 0.045989
v -0.672297 0.070397 0.048978
v -0.680425 0.058257 0.050000
v -0.668735 0.065596 -0.050000
v -0.668735 0.065596 0.050000
v -0.657623 0.074064 -0.050000
v -0.663433 0.090313 -0.041730
v -0.665229 0.092510 -0.036159
v -0.664979 0.094074 -0.029994
v -0.665808 0.093302 0.029977
v -0.665229 0.092510 0.036159
v -0.663433 0.090313 0.041730
v -0.657623 0.074064 0.050000
v -0.647090 0.083660 -0.050000
v -0.641818 0.097624 -0.049058
v -0.645977 0.101233 -0.046340
v -0.645977 0.101233 0.046340
v -0.641818 0.097624 0.049057
v -0.647090 0.083660 0.050000
v -0.637134 0.094386 -0.050000
v -0.645035 0.109846 -0.041936
v -0.647934 0.111874 -0.034628
v -0.647684 0.112192 0.034623
v -0.645035 0.109846 0.041936
v -0.637134 0.094386 0.050000
v -0.627758 0.106241 -0.050000
v -0.627758 0.106241 0.050000
v -0.618652 0.119770 -0.050000
v -0.622271 0.125435 -0.049022
v -0.626246 0.129489 -0.046187
v -0.631782 0.129346 -0.041761
v -0.634110 0.130991 -0.036187
v -0.633520 0.133654 -0.029975
v -0.634902 0.131556 0.030080
v -0.634110 0.130991 0.036187
v -0.631782 0.129346 0.041761
v -0.626246 0.129489 0.046187
v -0.622271 0.125435 0.049022
v -0.618652 0.119770 0.050000
v -0.617688 0.120998 -0.049998
v -0.617688 0.120998 0.049998
v -0.627023 0.134464 -0.041683
v -0.628707 0.136761 -0.036055
v -0.629425 0.137401 0.029862
v -0.628707 0.136761 0.036055
v -0.627023 0.134464 0.041683
v -0.626006 0.139465 -0.029891
v -0.616623 0.121680 -0.050000
v -0.616623 0.121680 0.050000
v -0.613730 0.128620 -0.049037
v -0.615788 0.134090 -0.046227
v -0.620506 0.137529 -0.041765
v -0.621331 0.140265 -0.036188
v -0.621937 0.140675 0.034614
v -0.620506 0.137529 0.041765
v -0.615788 0.134090 0.046227
v -0.613730 0.128620 0.049037
v -0.615413 0.122051 -0.049998
v -0.618325 0.141966 -0.030017
v -0.615413 0.122051 0.049998
v -0.613088 0.138333 -0.041774
v -0.612934 0.141195 -0.036200
v -0.613162 0.142207 0.030013
v -0.612934 0.141195 0.036200
v -0.613088 0.138333 0.041774
v -0.613585 0.122005 -0.050000
v -0.608480 0.141529 -0.030026
v -0.613585 0.122005 0.050000
v -0.610178 0.121088 -0.049999
v -0.604134 0.131382 -0.046213
v -0.602384 0.135456 -0.041826
v -0.601250 0.138093 -0.036280
v -0.605420 0.140575 0.030000
v -0.601250 0.138093 0.036280
v -0.602384 0.135456 0.041826
v -0.604134 0.131382 0.046213
v -0.610178 0.121088 0.049999
v -0.597663 0.137459 -0.030059
v -0.595590 0.136496 0.030125
v -0.600474 0.123171 -0.049034
v -0.600474 0.123171 0.049034
v -0.605247 0.118746 -0.049998
v -0.605247 0.118746 0.049998
v -0.596029 0.126495 -0.046189
v -0.592950 0.129712 -0.041772
v -0.590958 0.131773 -0.036195
v -0.590001 0.132227 -0.030013
v -0.590958 0.131773 0.036195
v -0.592950 0.129712 0.041772
v -0.596029 0.126495 0.046189
v -0.603619 0.117335 -0.050000
v -0.587703 0.129655 0.030006
v -0.603619 0.117335 0.050000
v -0.602674 0.115990 -0.049999
v -0.591090 0.119472 -0.046144
v -0.586844 0.120993 -0.041658
v -0.585319 0.125088 -0.034864
v -0.584140 0.121961 0.035985
v -0.586844 0.120993 0.041658
v -0.591090 0.119472 0.046144
v -0.602674 0.115990 0.049999
v -0.595460 0.112997 -0.049040
v -0.583010 0.121087 0.029809
v -0.595460 0.112997 0.049040
v -0.602204 0.114500 -0.049999
v -0.582918 0.118919 -0.034240
v -0.602204 0.114500 0.049999
v -0.602147 0.112866 -0.049999
v -0.590781 0.108859 -0.046200
v -0.586094 0.110114 -0.041774
v -0.583258 0.109712 -0.036202
v -0.582277 0.109585 -0.030037
v -0.582108 0.112137 0.030002
v -0.583258 0.109712 0.036201
v -0.586094 0.110114 0.041774
v -0.590781 0.108859 0.046200
v -0.602147 0.112866 0.049999
v -0.583623 0.104377 0.030009
v -0.602797 0.110492 -0.049999
v -0.602797 0.110492 0.049999
v -0.588314 0.103199 -0.041758
v -0.585721 0.102024 -0.036182
v -0.584823 0.101632 -0.030000
v -0.585721 0.102024 0.036182
v -0.588314 0.103199 0.041758
v -0.613397 0.092579 -0.050000
v -0.625617 0.064551 -0.049102
v -0.609452 0.077470 -0.046321
v -0.605837 0.074914 -0.042036
v -0.597510 0.081101 -0.034762
v -0.596446 0.082739 0.034762
v -0.605837 0.074914 0.042036
v -0.609452 0.077470 0.046321
v -0.625617 0.064551 0.049102
v -0.613397 0.092579 0.050000
v -0.624284 0.077106 -0.050000
v -0.609567 0.064103 -0.034605
v -0.608404 0.065618 0.034641
v -0.624284 0.077106 0.050000
v -0.635930 0.063106 -0.050000
v -0.633318 0.048492 -0.046203
v -0.630384 0.045136 -0.041781
v -0.622288 0.048985 -0.034605
v -0.621091 0.050302 0.034641
v -0.630384 0.045135 0.041781
v -0.633318 0.048492 0.046203
v -0.635930 0.063106 0.050000
v -0.648337 0.050580 -0.050000
v -0.635955 0.035346 -0.034605
v -0.634718 0.036483 0.034641
v -0.648337 0.050580 0.050000
v -0.661505 0.039527 -0.050000
v -0.663874 0.029930 -0.049031
v -0.661171 0.025007 -0.046208
v -0.658897 0.021171 -0.041790
v -0.650564 0.023229 -0.034605
v -0.649282 0.024202 0.034641
v -0.658897 0.021171 0.041790
v -0.661171 0.025008 0.046208
v -0.663874 0.029930 0.049031
v -0.661505 0.039527 0.050000
v -0.675434 0.029949 -0.050000
v -0.666099 0.012680 -0.034605
v -0.664761 0.013505 0.034641
v -0.675434 0.029949 0.050000
v -0.690123 0.021844 -0.050000
v -0.695111 0.012378 -0.048989
v -0.692867 0.007164 -0.046031
v -0.691111 0.003085 -0.041453
v -0.682210 0.003874 -0.034398
v -0.680798 0.004564 0.034398
v -0.691111 0.003085 0.041453
v -0.692867 0.007164 0.046031
v -0.695111 0.012378 0.048989
v -0.690123 0.021844 0.050000
v -0.705573 0.015212 -0.050000
v -0.699143 -0.003307 -0.034641
v -0.697658 -0.002752 0.034605
v -0.705573 0.015212 0.050000
v -0.721783 0.010054 -0.050000
v -0.746654 -0.001939 -0.049042
v -0.728014 -0.003727 -0.046204
v -0.726763 -0.008007 -0.041784
v -0.717169 -0.008998 -0.034641
v -0.715588 -0.008574 0.034605
v -0.726763 -0.008007 0.041784
v -0.728014 -0.003727 0.046204
v -0.746654 -0.001939 0.049042
v -0.721783 0.010054 0.050000
v -0.738754 0.006370 -0.050000
v -0.735934 -0.013027 -0.034641
v -0.734238 -0.012736 0.034605
v -0.738754 0.006370 0.050000
v -0.756485 0.004160 -0.050000
v -0.764400 -0.008276 -0.046189
v -0.763864 -0.012701 -0.041755
v -0.761050 -0.015807 -0.035138
v -0.753566 -0.015258 0.034605
v -0.763864 -0.012701 0.041755
v -0.764400 -0.008276 0.046189
v -0.756485 0.004160 0.050000
v -0.774978 0.003423 -0.050000
v -0.783810 -0.016621 -0.030296
v -0.773245 -0.016153 0.034605
v -0.774978 0.003423 0.050000
v -0.791952 0.003910 -0.050000
v -0.818192 0.000051 -0.049075
v -0.801596 -0.007149 -0.046277
v -0.801994 -0.011558 -0.041948
v -0.802255 -0.014444 -0.036450
v -0.801688 -0.015572 0.030286
v -0.802255 -0.014444 0.036450
v -0.801994 -0.011558 0.041948
v -0.801596 -0.007149 0.046277
v -0.818192 0.000051 0.049075
v -0.791952 0.003910 0.050000
v -0.808365 0.005372 -0.050000
v -0.821217 -0.013154 -0.030004
v -0.808365 0.005372 0.050000
v -0.824215 0.007808 -0.050000
v -0.834150 -0.002287 -0.046195
v -0.835388 -0.006559 -0.041771
v -0.836195 -0.009303 -0.036188
v -0.836544 -0.010232 0.029993
v -0.836195 -0.009303 0.036188
v -0.835388 -0.006559 0.041771
v -0.834150 -0.002287 0.046195
v -0.824215 0.007808 0.050000
v -0.839502 0.011219 -0.050000
v -0.854286 -0.005537 -0.030004
v -0.839502 0.011219 0.050000
v -0.854227 0.015604 -0.050000
v -0.878462 0.017663 -0.048972
v -0.865149 0.006881 -0.046197
v -0.866970 0.002822 -0.041775
v -0.868151 0.000217 -0.036192
v -0.868626 -0.000655 0.030000
v -0.868151 0.000217 0.036192
v -0.866970 0.002822 0.041775
v -0.865149 0.006881 0.046197
v -0.878462 0.017663 0.048972
v -0.854227 0.015604 0.050000
v -0.868389 0.020964 -0.050000
v -0.885154 0.006392 -0.030005
v -0.868389 0.020964 0.050000
v -0.881989 0.027298 -0.050000
v -0.894482 0.020319 -0.046077
v -0.896651 0.016451 -0.041549
v -0.898014 0.014020 -0.035884
v -0.895643 0.012319 0.034899
v -0.896651 0.016451 0.041549
v -0.894482 0.020319 0.046077
v -0.881989 0.027298 0.050000
v -0.895026 0.034607 -0.050000
v -0.913158 0.022283 -0.029682
v -0.911718 0.021328 0.029685
v -0.895026 0.034607 0.050000
v -0.907500 0.042891 -0.050000
v -0.930546 0.052799 -0.049035
v -0.921203 0.038310 -0.046197
v -0.923719 0.034642 -0.041775
v -0.925327 0.032275 -0.036192
v -0.925327 0.032275 0.036192
v -0.923719 0.034642 0.041775
v -0.921203 0.038310 0.046197
v -0.930546 0.052799 0.049035
v -0.907500 0.042891 0.050000
v -0.919412 0.052149 -0.050000
v -0.938542 0.042062 -0.029998
v -0.937422 0.041079 0.030005
v -0.919412 0.052149 0.050000
v -0.930762 0.062381 -0.050000
v -0.944936 0.059778 -0.046194
v -0.947939 0.056498 -0.041769
v -0.949861 0.054381 -0.036184
v -0.949861 0.054381 0.036184
v -0.947939 0.056498 0.041769
v -0.944936 0.059778 0.046193
v -0.930762 0.062381 0.050000
v -0.941549 0.073588 -0.050000
v -0.961598 0.065979 -0.030254
v -0.960883 0.065134 0.030263
v -0.941549 0.073588 0.050000
v -0.950296 0.083971 -0.050000
v -0.963566 0.091264 -0.049053
v -0.968094 0.088145 -0.046327
v -0.971740 0.085633 -0.042049
v -0.969764 0.078055 -0.036412
v -0.974153 0.083970 0.036591
v -0.971740 0.085633 0.042049
v -0.968094 0.088145 0.046327
v -0.963566 0.091264 0.049053
v -0.950296 0.083971 0.050000
v -0.958282 0.094774 -0.050000
v -0.978929 0.089459 0.030003
v -0.958282 0.094774 0.050000
v -0.965508 0.105997 -0.050000
v -0.980213 0.092155 -0.034134
v -0.965508 0.105997 0.050000
v -0.971973 0.117640 -0.050000
v -0.986562 0.133118 -0.048982
v -0.985742 0.118460 -0.046101
v -0.989748 0.116564 -0.041595
v -0.993139 0.116012 -0.034435
v -0.992324 0.114290 0.034436
v -0.989748 0.116564 0.041595
v -0.985742 0.118460 0.046101
v -0.986562 0.133118 0.048982
v -0.971973 0.117640 0.050000
v -0.977678 0.129702 -0.050000
v -0.977678 0.129702 0.050000
v -0.982622 0.142185 -0.050000
v -0.996214 0.145321 -0.046192
v -1.000361 0.143726 -0.041769
v -1.002717 0.140424 -0.035088
v -1.002410 0.139392 0.034994
v -1.000361 0.143726 0.041769
v -0.996214 0.145321 0.046192
v -0.982622 0.142185 0.050000
v -0.986805 0.155087 -0.050000
v -1.008066 0.156548 -0.029997
v -1.007719 0.155260 0.030002
v -0.986805 0.155087 0.050000
v -0.990228 0.168410 -0.050000
v -1.000314 0.187672 -0.049062
v -1.005732 0.186899 -0.046373
v -1.007666 0.172238 -0.041767
v -1.010432 0.171531 -0.036186
v -1.010432 0.171531 0.036186
v -1.007666 0.172238 0.041767
v -1.005732 0.186899 0.046373
v -1.000314 0.187672 0.049062
v -0.990228 0.168410 0.050000
v -0.992890 0.182152 -0.050000
v -1.013845 0.186291 -0.029994
v -1.013648 0.184936 0.030002
v -0.992890 0.182152 0.050000
v -0.994791 0.196314 -0.050000
v -1.011561 0.202041 -0.041904
v -1.014437 0.201813 -0.036388
v -1.014437 0.201813 0.036388
v -1.011561 0.202041 0.041904
v -0.994791 0.196314 0.050000
v -0.995932 0.210896 -0.050000
v -1.016345 0.218676 -0.030233
v -1.016316 0.217481 0.030227
v -0.995932 0.210896 0.050000
v -0.996312 0.225898 -0.050000
v -1.002016 0.251264 -0.049033
v -1.008053 0.234885 -0.046190
v -1.012479 0.235324 -0.041762
v -1.015321 0.235615 -0.036177
v -1.015321 0.235615 0.036177
v -1.012479 0.235324 0.041762
v -1.008053 0.234885 0.046190
v -1.002016 0.251264 0.049033
v -0.996312 0.225898 0.050000
v -0.995817 0.242921 -0.050000
v -1.015076 0.254922 -0.030003
v -1.015237 0.253356 0.029989
v -0.995817 0.242921 0.050000
v -0.994332 0.259381 -0.050000
v -1.005010 0.268888 -0.046194
v -1.009352 0.269854 -0.041770
v -1.012141 0.270485 -0.036186
v -1.012141 0.270485 0.036186
v -1.009352 0.269854 0.041770
v -1.005010 0.268888 0.046194
v -0.994332 0.259381 0.050000
v -0.991856 0.275278 -0.050000
v -1.009505 0.289161 -0.030004
v -1.009860 0.287682 0.029994
v -0.991856 0.275278 0.050000
v -0.988390 0.290613 -0.050000
v -0.987832 0.315467 -0.048971
v -0.997788 0.301094 -0.046196
v -1.001960 0.302638 -0.041773
v -1.004639 0.303641 -0.036190
v -1.004639 0.303641 0.036190
v -1.001960 0.302638 0.041773
v -0.997788 0.301094 0.046196
v -0.988228 0.313722 0.049035
v -0.988390 0.290613 0.050000
v -0.983933 0.305385 -0.050000
v -0.999573 0.321266 -0.030005
v -1.000125 0.319881 0.030001
v -0.983933 0.305385 0.050000
v -0.978486 0.319595 -0.050000
v -0.983042 0.339014 -0.046004
v -0.990042 0.333956 -0.041660
v -0.993125 0.333898 -0.036040
v -0.990042 0.333956 0.041660
v -0.986370 0.331079 0.046198
v -0.978486 0.319595 0.050000
v -0.972049 0.333242 -0.050000
v -0.992372 0.336450 0.034963
v -0.972048 0.333242 0.050000
v -0.964621 0.346327 -0.050000
v -0.960675 0.363802 -0.049032
v -0.968955 0.369633 -0.041600
v -0.985884 0.348957 -0.034668
v -0.976816 0.364573 -0.029678
v -0.978747 0.361014 0.034136
v -0.968955 0.369633 0.041600
v -0.966345 0.366008 0.046005
v -0.961740 0.362663 0.048983
v -0.964621 0.346327 0.050000
v -0.956203 0.358849 -0.050000
v -0.960670 0.372624 -0.046197
v -0.965359 0.379062 -0.035208
v -0.966683 0.376781 0.036192
v -0.956203 0.358849 0.050000
v -0.946794 0.370809 -0.050000
v -0.957727 0.388920 0.030005
v -0.946794 0.370809 0.050000
v -0.936395 0.382206 -0.050000
v -0.919313 0.406746 -0.049085
v -0.939012 0.396303 -0.046192
v -0.942281 0.399319 -0.041765
v -0.944389 0.401249 -0.036179
v -0.945168 0.401863 -0.029975
v -0.944389 0.401249 0.036179
v -0.942281 0.399319 0.041765
v -0.939012 0.396303 0.046192
v -0.919313 0.406746 0.049085
v -0.936395 0.382206 0.050000
v -0.925006 0.393041 -0.050000
v -0.933285 0.412487 0.030256
v -0.925006 0.393041 0.050000
v -0.914492 0.401833 -0.050000
v -0.910172 0.419698 -0.046325
v -0.912678 0.423349 -0.042045
v -0.919960 0.422384 -0.034775
v -0.914335 0.425764 0.036585
v -0.912678 0.423349 0.042045
v -0.910172 0.419698 0.046325
v -0.914492 0.401833 0.050000
v -0.903583 0.409861 -0.050000
v -0.908821 0.430545 0.030002
v -0.903583 0.409861 0.050000
v -0.892277 0.417124 -0.050000
v -0.895672 0.438038 -0.034057
v -0.892277 0.417124 0.050000
v -0.880574 0.423623 -0.050000
v -0.865006 0.438268 -0.048982
v -0.879727 0.437408 -0.046101
v -0.881626 0.441412 -0.041597
v -0.880255 0.445537 -0.034938
v -0.883909 0.443984 0.034436
v -0.881626 0.441412 0.041597
v -0.879727 0.437408 0.046101
v -0.865006 0.438268 0.048982
v -0.880574 0.423623 0.050000
v -0.868476 0.429357 -0.050000
v -0.868476 0.429357 0.050000
v -0.855982 0.434327 -0.050000
v -0.852852 0.447930 -0.046192
v -0.854454 0.452074 -0.041769
v -0.855408 0.455350 -0.034630
v -0.857194 0.454764 0.034607
v -0.854454 0.452074 0.041769
v -0.852852 0.447930 0.046192
v -0.855982 0.434327 0.050000
v -0.843091 0.438532 -0.050000
v -0.843091 0.438532 0.050000
v -0.829804 0.441972 -0.050000
v -0.809037 0.452442 -0.049030
v -0.810555 0.457871 -0.046207
v -0.826014 0.459416 -0.041768
v -0.826549 0.462786 -0.034629
v -0.828471 0.462406 0.034607
v -0.826013 0.459416 0.041768
v -0.810555 0.457871 0.046207
v -0.809037 0.452442 0.049030
v -0.829804 0.441972 0.050000
v -0.816121 0.444648 -0.050000
v -0.816121 0.444648 0.050000
v -0.802042 0.446560 -0.050000
v -0.796067 0.463468 -0.041766
v -0.796193 0.466876 -0.034628
v -0.798272 0.466707 0.034607
v -0.796067 0.463468 0.041766
v -0.802042 0.446560 0.050000
v -0.787567 0.447707 -0.050000
v -0.787567 0.447707 0.050000
v -0.770816 0.448108 -0.050000
v -0.764159 0.454234 -0.049023
v -0.764416 0.459823 -0.046184
v -0.764506 0.464257 -0.041759
v -0.764568 0.467105 -0.036181
v -0.764641 0.468087 -0.029997
v -0.762464 0.468075 0.030002
v -0.764568 0.467105 0.036181
v -0.764506 0.464257 0.041759
v -0.764416 0.459823 0.046184
v -0.764159 0.454234 0.049023
v -0.770816 0.448108 0.050000
v -0.757645 0.447698 -0.050000
v -0.757645 0.447698 0.050000
v -0.745446 0.446784 -0.050000
v -0.725455 0.450775 -0.049023
v -0.724969 0.456347 -0.046186
v -0.724481 0.460755 -0.041763
v -0.737073 0.465090 -0.036182
v -0.737044 0.466073 -0.030000
v -0.737073 0.465090 0.036182
v -0.724481 0.460755 0.041763
v -0.724969 0.456347 0.046186
v -0.725455 0.450775 0.049023
v -0.745446 0.446784 0.050000
v -0.731409 0.465365 0.030000
v -0.733120 0.445347 -0.050000
v -0.733120 0.445347 0.050000
v -0.720668 0.443387 -0.050000
v -0.710695 0.460936 -0.036182
v -0.710591 0.461915 -0.030000
v -0.710695 0.460936 0.036182
v -0.720668 0.443387 0.050000
v -0.706121 0.460989 0.030000
v -0.708088 0.440905 -0.050000
v -0.708088 0.440905 0.050000
v -0.688678 0.436323 -0.050000
v -0.677687 0.440194 -0.049023
v -0.676794 0.445699 -0.046188
v -0.676041 0.450062 -0.041771
v -0.675557 0.452868 -0.036203
v -0.675410 0.453841 -0.030051
v -0.675557 0.452868 0.036203
v -0.676041 0.450062 0.041771
v -0.676794 0.445699 0.046188
v -0.677687 0.440194 0.049023
v -0.688678 0.436323 0.050000
v -0.672862 0.453341 0.029999
v -0.672647 0.433114 -0.050000
v -0.672647 0.433114 0.050000
v -0.657990 0.431218 -0.050002
v -0.648920 0.442505 -0.046148
v -0.654210 0.447163 -0.041720
v -0.654653 0.450040 -0.036133
v -0.656316 0.451161 -0.029948
v -0.654210 0.447163 0.041720
v -0.648920 0.442505 0.046148
v -0.657990 0.431218 0.050002
v -0.652218 0.450899 0.029958
v -0.220925 0.080349 -0.049022
v -0.215398 0.079438 -0.046184
v -0.204210 0.090676 -0.030000
v -0.203914 0.091911 0.030000
v -0.215398 0.079438 0.046184
v -0.220925 0.080349 0.049022
v -0.223734 0.095282 -0.050000
v -0.209507 0.073548 -0.036183
v -0.209507 0.073548 0.036182
v -0.223734 0.095282 0.050000
v -0.228071 0.078352 -0.050000
v -0.219721 0.048297 -0.041856
v -0.219721 0.048296 0.041856
v -0.228071 0.078352 0.050000
v -0.217708 0.041918 -0.030137
v -0.217287 0.043251 0.030136
v -0.232930 0.061200 -0.050000
v -0.232930 0.061200 0.050000
v -0.238313 0.043823 -0.050000
v -0.244293 0.006615 -0.049039
v -0.240306 0.001054 -0.046235
v -0.223089 0.029134 -0.036245
v -0.223089 0.029133 0.036245
v -0.240306 0.001054 0.046234
v -0.244213 0.006764 0.049027
v -0.238313 0.043823 0.050000
v -0.244217 0.026231 -0.049999
v -0.244217 0.026231 0.049999
v -0.249022 0.012835 -0.050000
v -0.237700 -0.003330 -0.041808
v -0.235464 -0.006630 -0.035436
v -0.235187 -0.007189 0.033229
v -0.237697 -0.003423 0.041760
v -0.249022 0.012835 0.050000
v -0.281448 0.013598 -0.050000
v -0.366656 0.008864 -0.049021
v -0.301259 -0.005996 -0.030000
v -0.334559 -0.004433 0.036154
v -0.281448 0.013598 0.050000
v -0.375625 -0.005044 0.030000
v -0.333002 0.014430 -0.050001
v -0.375578 0.003146 -0.046180
v -0.381962 0.003199 0.046180
v -0.333002 0.014430 0.050000
v -0.365169 -0.004254 -0.036180
v -0.411037 -0.001149 0.041733
v -0.391643 -0.001277 -0.041742
v -0.423452 0.008870 0.049026
v -0.416649 -0.005042 -0.030001
v -0.384119 0.014817 -0.050000
v -0.384119 0.014817 0.050000
v -0.436926 0.014762 -0.050000
v -0.484644 -0.004578 -0.036156
v -0.470254 -0.004452 0.036180
v -0.436925 0.014762 0.050000
v -0.566426 0.001396 -0.046200
v -0.497930 -0.001988 -0.041766
v -0.503379 0.014091 -0.050000
v -0.565474 -0.006958 0.030014
v -0.566252 0.001333 0.046203
v -0.503379 0.014091 0.049999
v -0.564934 0.006811 -0.049022
v -0.564952 -0.007085 -0.029914
v -0.566786 -0.003185 0.041856
v -0.564656 0.006726 0.049026
v -0.564268 -0.006179 0.036198
v -0.562711 0.012842 -0.049999
v -0.566937 -0.003084 -0.041919
v -0.562711 0.012842 0.049999
v -0.564479 -0.006162 -0.036168
v -0.564140 0.013138 -0.049998
v -0.572826 -0.004191 -0.035944
v -0.571546 -0.005574 -0.030012
v -0.570932 -0.005360 0.034631
v -0.564140 0.013138 0.049998
v -0.565333 0.013823 -0.049999
v -0.571549 0.011015 -0.049022
v -0.576276 0.007737 -0.046189
v -0.575780 0.001222 -0.041664
v -0.575910 -0.002781 0.034398
v -0.575780 0.001222 0.041663
v -0.576276 0.007737 0.046189
v -0.571549 0.011015 0.049022
v -0.565333 0.013823 0.049999
v -0.579309 -0.000221 -0.034612
v -0.580409 0.001042 0.034613
v -0.566251 0.014895 -0.049999
v -0.581429 0.008559 -0.041811
v -0.584916 0.006799 -0.030066
v -0.581428 0.008559 0.041811
v -0.566251 0.014895 0.049998
v -0.585126 0.010215 -0.036213
v -0.585927 0.009459 0.030029
v -0.585126 0.010215 0.036212
v -0.567130 0.017124 -0.049996
v -0.567130 0.017124 0.049996
v -0.573356 0.025005 -0.049070
v -0.579112 0.018835 -0.046216
v -0.583540 0.018652 -0.041836
v -0.587437 0.018666 -0.030139
v -0.583540 0.018652 0.041836
v -0.579112 0.018835 0.046216
v -0.573356 0.025005 0.049070
v -0.586407 0.021442 -0.036298
v -0.587434 0.021317 0.030137
v -0.586407 0.021442 0.036298
v -0.567285 0.021742 -0.049995
v -0.567285 0.021742 0.049995
v -0.577433 0.029596 -0.046253
v -0.582423 0.028581 -0.041786
v -0.585947 0.030266 -0.030025
v -0.582423 0.028581 0.041786
v -0.577433 0.029596 0.046252
v -0.584097 0.032353 -0.036223
v -0.584988 0.032811 0.030052
v -0.584097 0.032353 0.036223
v -0.566610 0.024252 -0.049999
v -0.566610 0.024252 0.049999
v -0.565829 0.025560 -0.049999
v -0.578467 0.035791 -0.041768
v -0.578467 0.035791 0.041768
v -0.565829 0.025560 0.049998
v -0.579958 0.039345 -0.034581
v -0.578840 0.040437 0.034475
v -0.564485 0.026723 -0.049996
v -0.566525 0.032836 -0.049016
v -0.568790 0.038081 -0.046149
v -0.570581 0.042243 -0.041667
v -0.574213 0.044421 -0.029779
v -0.570581 0.042243 0.041667
v -0.568790 0.038081 0.046149
v -0.566525 0.032836 0.049016
v -0.564485 0.026723 0.049996
v -0.569925 0.045297 -0.036237
v -0.570633 0.046123 0.030037
v -0.569925 0.045297 0.036236
v -0.562822 0.027292 -0.050000
v -0.566991 0.046860 -0.030103
v -0.562822 0.027292 0.050000
v -0.553507 0.028362 -0.050000
v -0.540248 0.036445 -0.049020
v -0.539317 0.042340 -0.046159
v -0.540899 0.046550 -0.041721
v -0.549583 0.048028 -0.036180
v -0.550148 0.048936 0.030000
v -0.549583 0.048028 0.036180
v -0.540899 0.046550 0.041721
v -0.539317 0.042340 0.046159
v -0.540248 0.036445 0.049020
v -0.553507 0.028362 0.050000
v -0.543171 0.029826 -0.050000
v -0.541683 0.050448 -0.029976
v -0.543171 0.029826 0.050000
v -0.536383 0.031229 -0.050001
v -0.539924 0.050176 -0.036129
v -0.540549 0.050964 0.029951
v -0.539924 0.050176 0.036129
v -0.536383 0.031229 0.050001
v -0.531545 0.033153 -0.050000
v -0.531545 0.033153 0.050000
v -0.531269 0.040603 -0.049011
v -0.531269 0.040603 0.049011
v -0.527946 0.035549 -0.050000
v -0.527946 0.035549 0.050000
v -0.531957 0.048490 -0.046074
v -0.535879 0.050702 -0.041604
v -0.539162 0.052629 -0.029881
v -0.535879 0.050702 0.041604
v -0.531957 0.048490 0.046074
v -0.525326 0.037971 -0.050002
v -0.525326 0.037971 0.050002
v -0.522688 0.041491 -0.050000
v -0.522688 0.041491 0.050000
v -0.525798 0.048710 -0.049016
v -0.525798 0.048710 0.049016
v -0.520270 0.046420 -0.050005
v -0.537592 0.054650 -0.036071
v -0.538539 0.054793 0.029864
v -0.537592 0.054650 0.036071
v -0.520270 0.046420 0.050005
v -0.518198 0.054265 -0.050001
v -0.518198 0.054265 0.050001
v -0.516568 0.065018 -0.050000
v -0.521081 0.080801 -0.049021
v -0.526626 0.081563 -0.046182
v -0.531033 0.082061 -0.041761
v -0.534880 0.072141 -0.036173
v -0.535766 0.073229 -0.029999
v -0.535846 0.072312 0.029988
v -0.534880 0.072140 0.036173
v -0.531033 0.082061 0.041761
v -0.526626 0.081563 0.046182
v -0.521081 0.080801 0.049021
v -0.516568 0.065018 0.050000
v -0.515374 0.078662 -0.050000
v -0.515374 0.078662 0.050000
v -0.514613 0.095191 -0.050000
v -0.533409 0.102439 -0.036182
v -0.534368 0.103661 -0.030000
v -0.534386 0.102552 0.030005
v -0.533409 0.102440 0.036182
v -0.514613 0.095191 0.050000
v -0.514305 0.112375 -0.050000
v -0.514305 0.112375 0.050000
v -0.514301 0.344815 -0.050000
v -0.520989 0.382341 -0.049026
v -0.526127 0.359098 -0.046190
v -0.530551 0.358974 -0.041776
v -0.533397 0.358893 -0.036208
v -0.534388 0.359119 -0.030034
v -0.534377 0.358261 0.030026
v -0.533397 0.358893 0.036208
v -0.530765 0.372935 0.041749
v -0.526127 0.359098 0.046190
v -0.520989 0.382341 0.049026
v -0.514301 0.344815 0.050000
v -0.514584 0.367203 -0.050000
v -0.514584 0.367203 0.050000
v -0.515205 0.383320 -0.050001
v -0.527514 0.389933 -0.046177
v -0.532154 0.391388 -0.041742
v -0.534699 0.388731 -0.036175
v -0.535665 0.388560 -0.029993
v -0.535636 0.388350 0.029995
v -0.534699 0.388730 0.036175
v -0.527514 0.389933 0.046177
v -0.515205 0.383320 0.050001
v -0.516070 0.391864 -0.050000
v -0.532677 0.393383 0.041788
v -0.516070 0.391864 0.050000
v -0.517449 0.398578 -0.050000
v -0.526789 0.406992 -0.048991
v -0.526789 0.406992 0.048990
v -0.517449 0.398578 0.050000
v -0.531934 0.404004 -0.046132
v -0.537986 0.399761 -0.036131
v -0.538757 0.399115 -0.029950
v -0.538701 0.399038 0.029987
v -0.537986 0.399761 0.036131
v -0.531934 0.404004 0.046132
v -0.519634 0.405152 -0.050000
v -0.519634 0.405152 0.050000
v -0.536000 0.401856 -0.041707
v -0.536000 0.401856 0.041707
v -0.521790 0.409728 -0.050001
v -0.521790 0.409728 0.050001
v -0.523392 0.412013 -0.050001
v -0.523392 0.412013 0.050001
v -0.525463 0.414103 -0.050001
v -0.525463 0.414103 0.050000
v -0.527961 0.415927 -0.050000
v -0.527961 0.415927 0.050000
v -0.539190 0.408293 -0.046170
v -0.539190 0.408293 0.046170
v -0.530888 0.417484 -0.050000
v -0.538428 0.413846 -0.049020
v -0.538428 0.413846 0.049020
v -0.530888 0.417484 0.050000
v -0.534245 0.418774 -0.050000
v -0.542757 0.404384 -0.041752
v -0.543605 0.400646 0.029997
v -0.542757 0.404384 0.041752
v -0.534245 0.418774 0.050000
v -0.544306 0.401735 -0.036179
v -0.544306 0.401735 0.036179
v -0.538420 0.419884 -0.050000
v -0.545823 0.400955 -0.029999
v -0.538420 0.419884 0.050000
v -0.545062 0.420947 -0.050000
v -0.545062 0.420947 0.050000
v -0.564476 0.423127 -0.049999
v -0.564476 0.423127 0.049999
v -0.567767 0.417455 -0.049028
v -0.571297 0.412556 -0.046168
v -0.570069 0.407668 -0.041797
v -0.570981 0.404930 -0.036226
v -0.571650 0.404084 -0.030028
v -0.571316 0.403988 0.030074
v -0.570981 0.404930 0.036226
v -0.570069 0.407668 0.041797
v -0.571297 0.412556 0.046168
v -0.567767 0.417455 0.049028
v -0.566173 0.423652 -0.049995
v -0.566173 0.423652 0.049995
v -0.577486 0.411678 -0.041679
v -0.579899 0.409296 -0.034476
v -0.579357 0.408851 0.034475
v -0.577486 0.411678 0.041678
v -0.567662 0.424815 -0.049999
v -0.575299 0.424909 -0.049062
v -0.575299 0.424909 0.049061
v -0.567662 0.424815 0.049999
v -0.579201 0.420808 -0.046207
v -0.583176 0.418744 -0.041811
v -0.585741 0.417389 -0.036233
v -0.586616 0.416895 -0.030064
v -0.586398 0.416468 0.030051
v -0.585741 0.417389 0.036233
v -0.583176 0.418744 0.041811
v -0.579201 0.420808 0.046207
v -0.568528 0.426123 -0.049999
v -0.568528 0.426123 0.049999
v -0.569273 0.428612 -0.049994
v -0.569273 0.428612 0.049994
v -0.581101 0.429066 -0.046219
v -0.585528 0.428815 -0.041843
v -0.588399 0.428651 -0.036310
v -0.589431 0.428762 -0.030150
v -0.589414 0.428404 0.030154
v -0.588399 0.428651 0.036310
v -0.585528 0.428815 0.041843
v -0.581101 0.429066 0.046218
v -0.569246 0.432410 -0.050000
v -0.569246 0.432410 0.050000
v -0.580169 0.438207 -0.046196
v -0.584405 0.439615 -0.041787
v -0.587133 0.440540 -0.036210
v -0.587939 0.441293 -0.030027
v -0.588068 0.440883 0.030036
v -0.587133 0.440540 0.036210
v -0.584405 0.439615 0.041787
v -0.580169 0.438207 0.046196
v -0.568842 0.434583 -0.049999
v -0.573471 0.440137 -0.049022
v -0.573471 0.440137 0.049022
v -0.568842 0.434583 0.049999
v -0.568127 0.436289 -0.049998
v -0.568127 0.436289 0.049998
v -0.574961 0.446810 -0.046134
v -0.577908 0.450274 -0.041624
v -0.582492 0.449947 -0.034613
v -0.582905 0.449450 0.034631
v -0.577908 0.450274 0.041624
v -0.574961 0.446810 0.046134
v -0.567105 0.437532 -0.049999
v -0.567105 0.437532 0.049999
v -0.576362 0.455077 -0.034462
v -0.576924 0.454741 0.034463
v -0.565780 0.438325 -0.049998
v -0.565827 0.444926 -0.049025
v -0.565827 0.444926 0.049025
v -0.565780 0.438325 0.049998
v -0.565716 0.450519 -0.046190
v -0.566319 0.454955 -0.041778
v -0.566715 0.457812 -0.036210
v -0.566863 0.458799 -0.030060
v -0.567061 0.458804 0.030009
v -0.566714 0.457812 0.036210
v -0.566319 0.454955 0.041778
v -0.565716 0.450519 0.046190
v -0.563873 0.438709 -0.050000
v -0.563873 0.438709 0.049999
v -0.505425 0.436773 -0.050000
v -0.505425 0.436773 0.050000
v -0.480659 0.442351 -0.049020
v -0.480659 0.442351 0.049020
v -0.480359 0.447948 -0.046176
v -0.480098 0.452369 -0.041745
v -0.489604 0.455387 -0.036160
v -0.504484 0.456756 -0.030004
v -0.489708 0.456362 0.029975
v -0.489604 0.455387 0.036160
v -0.480098 0.452369 0.041745
v -0.480359 0.447948 0.046176
v -0.481219 0.436365 -0.050000
v -0.472484 0.456351 -0.029978
v -0.481219 0.436365 0.050000
v -0.456695 0.436774 -0.050000
v -0.455917 0.455844 -0.036189
v -0.455829 0.456827 0.030049
v -0.455436 0.455890 0.036184
v -0.456695 0.436774 0.050000
v -0.435822 0.437524 -0.050000
v -0.435822 0.437524 0.050000
v -0.395722 0.444872 -0.049022
v -0.393105 0.454878 -0.041814
v -0.395554 0.457729 -0.036188
v -0.395394 0.458716 -0.030001
v -0.395485 0.458711 0.030023
v -0.393105 0.454878 0.041814
v -0.395722 0.444872 0.049022
v -0.396390 0.438682 -0.049998
v -0.393919 0.450434 -0.046212
v -0.395603 0.457736 0.036189
v -0.393919 0.450434 0.046212
v -0.396390 0.438682 0.049998
v -0.387849 0.456697 -0.034612
v -0.388475 0.456920 0.034630
v -0.394193 0.437982 -0.049999
v -0.386678 0.440173 -0.049065
v -0.386678 0.440173 0.049065
v -0.394193 0.437982 0.049999
v -0.384041 0.445255 -0.046132
v -0.380716 0.448343 -0.041622
v -0.381015 0.452809 -0.034464
v -0.381537 0.453221 0.034464
v -0.380716 0.448343 0.041622
v -0.384041 0.445255 0.046132
v -0.392627 0.436673 -0.049993
v -0.392627 0.436673 0.049992
v -0.375841 0.446962 -0.034629
v -0.376209 0.447524 0.034612
v -0.391600 0.434580 -0.049999
v -0.379762 0.436236 -0.046193
v -0.375430 0.437289 -0.041780
v -0.372641 0.437982 -0.036203
v -0.371684 0.438245 -0.030026
v -0.371776 0.438653 0.030020
v -0.372641 0.437982 0.036203
v -0.375430 0.437289 0.041780
v -0.379762 0.436236 0.046193
v -0.391600 0.434580 0.049999
v -0.391157 0.432410 -0.050000
v -0.391157 0.432410 0.050000
v -0.391112 0.428709 -0.049995
v -0.385531 0.424406 -0.049051
v -0.379451 0.427190 -0.046219
v -0.375053 0.426609 -0.041845
v -0.372200 0.426231 -0.036313
v -0.371203 0.425914 -0.030155
v -0.371164 0.426247 0.030157
v -0.372200 0.426231 0.036313
v -0.375053 0.426609 0.041845
v -0.379451 0.427190 0.046219
v -0.385531 0.424406 0.049050
v -0.391112 0.428709 0.049995
v -0.391786 0.426257 -0.049999
v -0.381969 0.419352 -0.046206
v -0.378189 0.416950 -0.041811
v -0.375751 0.415376 -0.036232
v -0.375177 0.414405 -0.030051
v -0.374140 0.416452 0.030014
v -0.375751 0.415376 0.036232
v -0.378189 0.416950 0.041811
v -0.381969 0.419352 0.046206
v -0.391786 0.426257 0.049999
v -0.392567 0.424956 -0.049999
v -0.392567 0.424956 0.049999
v -0.379214 0.409854 0.029870
v -0.393912 0.423758 -0.049997
v -0.391864 0.417629 -0.049015
v -0.389495 0.412433 -0.046142
v -0.387619 0.408314 -0.041650
v -0.383954 0.407288 -0.036000
v -0.383701 0.406364 -0.029801
v -0.383954 0.407288 0.036000
v -0.387619 0.408314 0.041650
v -0.389495 0.412433 0.046142
v -0.391864 0.417629 0.049015
v -0.393912 0.423758 0.049997
v -0.387390 0.404479 0.030041
v -0.395606 0.423114 -0.049999
v -0.391540 0.403883 -0.034627
v -0.391493 0.404466 0.036181
v -0.395606 0.423114 0.049999
v -0.420501 0.413649 -0.049020
v -0.421751 0.407688 -0.046155
v -0.419397 0.403652 -0.041736
v -0.410011 0.402180 -0.036180
v -0.409839 0.401215 -0.030001
v -0.409424 0.401271 0.030000
v -0.410011 0.402180 0.036180
v -0.416369 0.404169 0.041753
v -0.421751 0.407688 0.046154
v -0.420501 0.413649 0.049020
v -0.416173 0.420477 -0.050000
v -0.416173 0.420477 0.050000
v -0.422686 0.419322 -0.050000
v -0.419989 0.400282 -0.036119
v -0.419363 0.399484 -0.029958
v -0.419351 0.399492 0.029953
v -0.419989 0.400282 0.036119
v -0.422686 0.419322 0.050000
v -0.427541 0.417735 -0.050002
v -0.422496 0.401836 0.041551
v -0.427541 0.417735 0.050002
v -0.430282 0.408573 -0.048989
v -0.430282 0.408573 0.048989
v -0.431170 0.415627 -0.050000
v -0.431170 0.415627 0.050000
v -0.422852 0.401268 -0.041653
v -0.433279 0.413900 -0.050001
v -0.433279 0.413900 0.050001
v -0.427013 0.402962 -0.046114
v -0.427013 0.402962 0.046114
v -0.435528 0.411383 -0.050000
v -0.435528 0.411383 0.050000
v -0.436986 0.409013 -0.050000
v -0.436986 0.409013 0.050000
v -0.438441 0.405463 -0.050002
v -0.438441 0.405463 0.050002
v -0.440208 0.397726 -0.050000
v -0.436512 0.381316 -0.049035
v -0.422627 0.387476 -0.036172
v -0.422627 0.387476 0.036172
v -0.436512 0.381316 0.049035
v -0.440208 0.397726 0.050000
v -0.421475 0.387458 -0.030000
v -0.421401 0.388103 0.029986
v -0.441598 0.387101 -0.050000
v -0.431364 0.370582 -0.046227
v -0.426947 0.370254 -0.041846
v -0.426947 0.370254 0.041846
v -0.431364 0.370582 0.046226
v -0.441598 0.387101 0.050000
v -0.442615 0.373599 -0.050000
v -0.423333 0.359170 -0.030079
v -0.423301 0.360378 0.030099
v -0.442615 0.373599 0.050000
v -0.443455 0.350367 -0.049999
v -0.424449 0.350020 -0.036225
v -0.424449 0.350020 0.036225
v -0.443455 0.350367 0.049999
v -0.443522 0.113189 -0.050000
v -0.436283 0.075793 -0.049020
v -0.431209 0.085663 -0.046181
v -0.427257 0.104165 -0.041756
v -0.424420 0.104346 -0.036182
v -0.423443 0.104452 -0.030005
v -0.423460 0.105446 0.030000
v -0.424420 0.104346 0.036182
v -0.427257 0.104165 0.041756
v -0.431209 0.085663 0.046181
v -0.436283 0.075793 0.049020
v -0.443522 0.113189 0.050000
v -0.443214 0.097706 -0.050000
v -0.443214 0.097706 0.050000
v -0.442454 0.082754 -0.050000
v -0.425482 0.073509 -0.041747
v -0.422676 0.073963 -0.036172
v -0.421713 0.074153 -0.029988
v -0.421805 0.074961 0.029998
v -0.422676 0.073963 0.036172
v -0.425482 0.073509 0.041747
v -0.442454 0.082754 0.050000
v -0.441261 0.070338 -0.050000
v -0.441261 0.070338 0.050000
v -0.439634 0.060464 -0.050001
v -0.426694 0.057364 -0.046118
v -0.426694 0.057364 0.046118
v -0.439634 0.060464 0.050001
v -0.422369 0.058723 -0.041693
v -0.419438 0.059162 -0.036061
v -0.418609 0.059673 -0.029876
v -0.418655 0.059738 0.029879
v -0.419438 0.059162 0.036061
v -0.422369 0.058723 0.041693
v -0.437567 0.053147 -0.050002
v -0.430845 0.053115 -0.049009
v -0.430845 0.053115 0.049009
v -0.437567 0.053147 0.050002
v -0.435506 0.049053 -0.050003
v -0.435506 0.049053 0.050003
v -0.432465 0.045311 -0.050001
v -0.421088 0.050758 -0.046156
v -0.418499 0.054411 -0.041719
v -0.418499 0.054411 0.041719
v -0.421088 0.050758 0.046156
v -0.432465 0.045311 0.050001
v -0.422815 0.045152 -0.049015
v -0.422815 0.045152 0.049015
v -0.429129 0.042331 -0.050001
v -0.429129 0.042331 0.050001
v -0.425238 0.039759 -0.050001
v -0.414785 0.055719 -0.036176
v -0.414174 0.056512 -0.029998
v -0.414336 0.056590 0.029994
v -0.414785 0.055719 0.036176
v -0.425238 0.039759 0.050000
v -0.420792 0.037596 -0.050000
v -0.420792 0.037595 0.050000
v -0.415790 0.035842 -0.049999
v -0.408709 0.046078 -0.046178
v -0.407796 0.050424 -0.041752
v -0.407213 0.053214 -0.036178
v -0.406782 0.054137 -0.029996
v -0.407003 0.054173 0.029998
v -0.407213 0.053214 0.036178
v -0.407796 0.050424 0.041752
v -0.408709 0.046078 0.046178
v -0.415790 0.035842 0.049999
v -0.403281 0.039476 -0.049029
v -0.403281 0.039476 0.049029
v -0.411169 0.034704 -0.050001
v -0.411169 0.034704 0.050001
v -0.404986 0.033809 -0.050000
v -0.404986 0.033809 0.050000
v -0.394746 0.033074 -0.050000
v -0.389045 0.044559 -0.046200
v -0.388955 0.048985 -0.041793
v -0.388897 0.051837 -0.036232
v -0.388569 0.052823 -0.030063
v -0.389379 0.052849 0.030045
v -0.388897 0.051837 0.036232
v -0.388955 0.048985 0.041793
v -0.389045 0.044559 0.046199
v -0.394746 0.033074 0.050000
v -0.381730 0.032785 -0.050000
v -0.381730 0.032785 0.049999
v -0.370142 0.033007 -0.050000
v -0.355177 0.040148 -0.049017
v -0.356295 0.045643 -0.046168
v -0.357040 0.050013 -0.041739
v -0.357517 0.052815 -0.036167
v -0.357737 0.053773 -0.029986
v -0.358943 0.053645 0.029994
v -0.357517 0.052815 0.036167
v -0.357040 0.050013 0.041739
v -0.356295 0.045643 0.046167
v -0.355177 0.040148 0.049017
v -0.370142 0.033007 0.050000
v -0.360616 0.033625 -0.050000
v -0.360616 0.033625 0.050000
v -0.351364 0.034655 -0.050000
v -0.351364 0.034655 0.050000
v -0.342386 0.036097 -0.050000
v -0.342386 0.036097 0.050000
v -0.333680 0.037951 -0.050000
v -0.321869 0.047493 -0.049016
v -0.324050 0.052659 -0.046166
v -0.325652 0.056794 -0.041736
v -0.326678 0.059444 -0.036165
v -0.327078 0.060341 -0.029985
v -0.328107 0.060012 0.029992
v -0.326678 0.059444 0.036165
v -0.325652 0.056794 0.041736
v -0.324051 0.052659 0.046166
v -0.321869 0.047493 0.049016
v -0.333680 0.037951 0.050000
v -0.325248 0.040217 -0.050000
v -0.325248 0.040217 0.050000
v -0.317090 0.042895 -0.050000
v -0.317090 0.042895 0.050000
v -0.309205 0.045985 -0.050000
v -0.309205 0.045985 0.050000
v -0.301593 0.049487 -0.050000
v -0.286380 0.065046 -0.048989
v -0.303131 0.061873 -0.046174
v -0.305331 0.065714 -0.041748
v -0.307346 0.068487 -0.034625
v -0.306499 0.068939 0.034610
v -0.305331 0.065714 0.041748
v -0.303131 0.061873 0.046174
v -0.286380 0.065046 0.048989
v -0.301593 0.049487 0.050000
v -0.294254 0.053401 -0.050000
v -0.294254 0.053401 0.050000
v -0.287189 0.057726 -0.050000
v -0.285849 0.073026 -0.046108
v -0.288678 0.076443 -0.041621
v -0.290469 0.078608 -0.036003
v -0.290889 0.079464 -0.029804
v -0.291276 0.079135 0.029800
v -0.290469 0.078608 0.036003
v -0.288678 0.076443 0.041621
v -0.285849 0.073026 0.046108
v -0.287189 0.057726 0.050000
v -0.279404 0.063213 -0.050003
v -0.279404 0.063213 0.050003
v -0.271359 0.070599 -0.050000
v -0.271359 0.070599 0.050000
v -0.263909 0.078661 -0.050000
v -0.258718 0.094479 -0.049019
v -0.262983 0.098113 -0.046173
v -0.272980 0.092913 -0.041750
v -0.275118 0.094784 -0.036175
v -0.275337 0.096072 -0.029999
v -0.275833 0.095456 0.029994
v -0.275118 0.094784 0.036175
v -0.272980 0.092913 0.041749
v -0.262983 0.098113 0.046173
v -0.258718 0.094479 0.049019
v -0.263909 0.078661 0.050000
v -0.256332 0.088024 -0.050000
v -0.256332 0.088024 0.050000
v -0.248627 0.098689 -0.050000
v -0.258542 0.112827 -0.041751
v -0.260848 0.114489 -0.036177
v -0.261084 0.115918 -0.030000
v -0.261619 0.115097 0.029996
v -0.260848 0.114489 0.036176
v -0.258542 0.112827 0.041751
v -0.248627 0.098689 0.050000
v -0.240795 0.110656 -0.050000
v -0.240795 0.110656 0.050000
v -0.234013 0.121832 -0.050000
v -0.237648 0.127367 -0.049025
v -0.241653 0.131311 -0.046204
v -0.244837 0.134450 -0.041810
v -0.246891 0.136490 -0.036242
v -0.250147 0.133713 -0.030001
v -0.250252 0.133564 0.030010
v -0.246891 0.136490 0.036242
v -0.244837 0.134450 0.041810
v -0.241653 0.131311 0.046204
v -0.237648 0.127367 0.049025
v -0.234013 0.121832 0.050000
v -0.232310 0.123744 -0.049998
v -0.244900 0.139413 -0.030008
v -0.245136 0.139218 0.030012
v -0.232310 0.123744 0.049998
v -0.230501 0.124785 -0.049997
v -0.230557 0.131355 -0.049022
v -0.231252 0.137040 -0.046191
v -0.235298 0.140485 -0.041664
v -0.236134 0.143213 -0.036017
v -0.235099 0.144574 -0.029827
v -0.236633 0.144030 0.029821
v -0.236134 0.143214 0.036016
v -0.235298 0.140485 0.041664
v -0.231252 0.137040 0.046191
v -0.230557 0.131355 0.049022
v -0.230501 0.124785 0.049997
v -0.228624 0.124912 -0.049999
v -0.227173 0.141070 -0.041765
v -0.226947 0.143914 -0.036193
v -0.227073 0.144920 0.030003
v -0.226947 0.143914 0.036193
v -0.227173 0.141070 0.041765
v -0.228624 0.124912 0.049999
v -0.225902 0.144752 -0.030006
v -0.225164 0.124192 -0.050000
v -0.221281 0.129531 -0.049027
v -0.219137 0.134703 -0.046212
v -0.217433 0.138819 -0.041827
v -0.218341 0.142077 -0.036225
v -0.217898 0.142985 -0.030041
v -0.218053 0.143029 0.030061
v -0.218341 0.142077 0.036225
v -0.217433 0.138819 0.041827
v -0.219137 0.134703 0.046212
v -0.221281 0.129531 0.049026
v -0.225164 0.124192 0.050000
v -0.222406 0.123139 -0.049997
v -0.222406 0.123139 0.049997
v -0.209662 0.137704 -0.036195
v -0.208766 0.138272 -0.030012
v -0.209047 0.138479 0.030017
v -0.209662 0.137704 0.036195
v -0.219958 0.121381 -0.049995
v -0.214181 0.124419 -0.049018
v -0.209429 0.127619 -0.046162
v -0.207852 0.132321 -0.041790
v -0.207852 0.132321 0.041790
v -0.209429 0.127619 0.046162
v -0.214181 0.124419 0.049018
v -0.219958 0.121381 0.049994
v -0.202099 0.129378 -0.035968
v -0.201171 0.129583 -0.029763
v -0.201424 0.130051 0.029769
v -0.202099 0.129378 0.035967
v -0.219037 0.119839 -0.050000
v -0.202513 0.122107 -0.041711
v -0.202513 0.122107 0.041711
v -0.219037 0.119839 0.049999
v -0.218767 0.118452 -0.049999
v -0.212560 0.117673 -0.049023
v -0.206958 0.117538 -0.046191
v -0.199646 0.117055 -0.036209
v -0.198645 0.117376 -0.030059
v -0.198614 0.117643 0.030015
v -0.199646 0.117055 0.036209
v -0.206958 0.117538 0.046191
v -0.212560 0.117673 0.049023
v -0.218767 0.118452 0.049999
v -0.203263 0.111834 -0.041741
v -0.203263 0.111834 0.041741
v -0.219025 0.116230 -0.050000
v -0.219025 0.116230 0.050000
v 0.162576 0.116181 -0.050000
v 0.182335 0.112789 -0.030020
v 0.182357 0.112960 0.030026
v 0.162576 0.116181 0.050000
v 0.159523 0.102319 -0.049999
v 0.158839 0.073424 -0.049034
v 0.173073 0.089319 -0.041811
v 0.175846 0.088632 -0.036257
v 0.175846 0.088633 0.036257
v 0.173073 0.089320 0.041810
v 0.158839 0.073425 0.049034
v 0.159523 0.102319 0.049999
v 0.174157 0.077929 -0.030000
v 0.174499 0.079228 0.030000
v 0.155109 0.084391 -0.050000
v 0.155109 0.084391 0.050000
v 0.150284 0.066876 -0.050000
v 0.155146 0.042038 -0.046184
v 0.159265 0.040390 -0.041761
v 0.161909 0.039326 -0.036184
v 0.161909 0.039325 0.036184
v 0.159265 0.040390 0.041760
v 0.155146 0.042038 0.046184
v 0.150284 0.066876 0.050000
v 0.160856 0.033343 -0.030001
v 0.161314 0.034687 0.030002
v 0.145046 0.049772 -0.050000
v 0.145046 0.049772 0.050000
v 0.139397 0.033081 -0.050000
v 0.136460 0.006927 -0.049025
v 0.136355 0.006566 0.049016
v 0.139397 0.033081 0.050000
v 0.131801 0.012836 -0.049999
v 0.131801 0.012836 0.049999
v 0.139765 0.000977 -0.046166
v 0.142720 -0.003581 -0.041756
v 0.144649 -0.006456 -0.036181
v 0.145335 -0.007355 -0.030112
v 0.145072 -0.007058 0.034398
v 0.142705 -0.003622 0.041756
v 0.139765 0.000977 0.046165
v 0.099672 0.013598 -0.050000
v 0.082098 -0.006032 0.030000
v 0.079055 -0.005003 0.036165
v 0.068210 -0.001960 0.041742
v 0.099672 0.013598 0.050000
v 0.036749 -0.001535 -0.041740
v 0.034531 -0.004357 -0.036159
v 0.029419 0.008581 0.049025
v 0.048475 0.014430 -0.050000
v -0.008756 0.003285 -0.046201
v 0.028155 -0.005326 -0.029966
v 0.004149 0.003181 0.046197
v 0.048475 0.014430 0.050000
v -0.054350 -0.005019 0.029929
v -0.037256 -0.004067 0.036180
v -0.002456 0.014817 -0.050001
v -0.050377 0.008730 -0.049021
v -0.002455 0.014817 0.050000
v -0.066833 -0.001335 0.041756
v -0.090590 -0.005391 -0.030053
v -0.055639 0.014762 -0.050000
v -0.089355 -0.001584 -0.041784
v -0.081314 -0.004385 -0.036197
v -0.055638 0.014762 0.050000
v -0.184888 0.007076 0.049017
v -0.185620 0.001356 0.046180
v -0.122535 0.014090 -0.050000
v -0.122534 0.014090 0.049999
v -0.185302 0.001255 -0.046194
v -0.184000 -0.006102 0.036188
v -0.183941 0.006742 -0.049025
v -0.183640 -0.006159 -0.036193
v -0.186009 -0.003163 -0.041885
v -0.183561 -0.007162 0.030063
v -0.185993 -0.003178 0.041872
v -0.181936 0.012842 -0.049999
v -0.183625 -0.007170 -0.030015
v -0.181936 0.012842 0.049999
v -0.183364 0.013138 -0.049998
v -0.192050 -0.004191 -0.035944
v -0.190770 -0.005574 -0.030012
v -0.190156 -0.005360 0.034631
v -0.183364 0.013138 0.049998
v -0.184557 0.013823 -0.049999
v -0.190774 0.011015 -0.049022
v -0.195500 0.007737 -0.046189
v -0.195004 0.001221 -0.041664
v -0.195134 -0.002781 0.034398
v -0.195004 0.001221 0.041663
v -0.195500 0.007737 0.046189
v -0.190774 0.011014 0.049022
v -0.184557 0.013823 0.049999
v -0.198533 -0.000221 -0.034613
v -0.199633 0.001042 0.034613
v -0.185476 0.014895 -0.049999
v -0.200653 0.008558 -0.041811
v -0.204140 0.006799 -0.030066
v -0.200653 0.008558 0.041811
v -0.185476 0.014895 0.049998
v -0.204350 0.010214 -0.036213
v -0.205151 0.009459 0.030029
v -0.204350 0.010214 0.036212
v -0.186355 0.017124 -0.049996
v -0.186355 0.017124 0.049996
v -0.192581 0.025005 -0.049070
v -0.198336 0.018834 -0.046216
v -0.202764 0.018652 -0.041836
v -0.206661 0.018666 -0.030139
v -0.202764 0.018652 0.041836
v -0.198336 0.018834 0.046216
v -0.192581 0.025005 0.049070
v -0.205632 0.021442 -0.036298
v -0.206658 0.021317 0.030137
v -0.205632 0.021442 0.036298
v -0.186509 0.021742 -0.049995
v -0.186509 0.021742 0.049995
v -0.196657 0.029595 -0.046253
v -0.201647 0.028581 -0.041786
v -0.205172 0.030266 -0.030026
v -0.201647 0.028581 0.041786
v -0.196657 0.029595 0.046252
v -0.203322 0.032353 -0.036223
v -0.204212 0.032811 0.030052
v -0.203322 0.032353 0.036223
v -0.185834 0.024252 -0.049999
v -0.185834 0.024252 0.049999
v -0.185053 0.025560 -0.049999
v -0.197691 0.035791 -0.041768
v -0.197691 0.035791 0.041768
v -0.185053 0.025560 0.049998
v -0.199182 0.039346 -0.034581
v -0.198064 0.040437 0.034475
v -0.183709 0.026723 -0.049996
v -0.185759 0.032831 -0.049017
v -0.188027 0.038073 -0.046149
v -0.189821 0.042233 -0.041668
v -0.193437 0.044421 -0.029779
v -0.189821 0.042233 0.041668
v -0.188027 0.038073 0.046149
v -0.185759 0.032831 0.049016
v -0.183709 0.026723 0.049996
v -0.188761 0.045452 -0.036286
v -0.189269 0.046400 0.030026
v -0.188761 0.045452 0.036286
v -0.182058 0.027290 -0.050000
v -0.186234 0.046903 -0.029961
v -0.182058 0.027290 0.050000
v -0.172961 0.028362 -0.050000
v -0.158919 0.036649 -0.049019
v -0.168043 0.040852 -0.046180
v -0.168792 0.045215 -0.041755
v -0.169455 0.048979 -0.030000
v -0.168792 0.045215 0.041755
v -0.168043 0.040852 0.046180
v -0.159660 0.036513 0.049019
v -0.172961 0.028362 0.050000
v -0.162863 0.029825 -0.050000
v -0.161096 0.049608 -0.036124
v -0.161684 0.050437 0.029954
v -0.161096 0.049608 0.036124
v -0.162863 0.029825 0.050000
v -0.155897 0.031301 -0.050002
v -0.157196 0.043414 -0.046122
v -0.159153 0.047470 -0.041674
v -0.161538 0.050580 -0.029983
v -0.159153 0.047470 0.041674
v -0.157196 0.043414 0.046122
v -0.155897 0.031301 0.050002
v -0.151691 0.033147 -0.050000
v -0.151691 0.033147 0.050000
v -0.152020 0.040404 0.049011
v -0.151695 0.040765 -0.049013
v -0.147392 0.036432 -0.050004
v -0.147392 0.036432 0.050004
v -0.143968 0.040783 -0.050000
v -0.143968 0.040783 0.050000
v -0.152169 0.050328 -0.046158
v -0.152169 0.050328 0.046158
v -0.146733 0.048914 -0.049016
v -0.146733 0.048914 0.049016
v -0.141199 0.046616 -0.050005
v -0.155854 0.053982 -0.041667
v -0.158560 0.054784 -0.036069
v -0.159429 0.055188 -0.029891
v -0.159511 0.054902 0.029863
v -0.158560 0.054784 0.036069
v -0.155854 0.053982 0.041667
v -0.141199 0.046616 0.050004
v -0.139130 0.054632 -0.050001
v -0.139130 0.054632 0.050000
v -0.137502 0.065456 -0.050000
v -0.142012 0.081331 -0.049021
v -0.147557 0.082090 -0.046182
v -0.151963 0.082585 -0.041761
v -0.155813 0.072610 -0.036173
v -0.156699 0.073698 -0.029999
v -0.156779 0.072780 0.029989
v -0.155813 0.072610 0.036173
v -0.151963 0.082585 0.041761
v -0.147557 0.082090 0.046182
v -0.142012 0.081331 0.049021
v -0.137502 0.065456 0.050000
v -0.136309 0.079076 -0.050000
v -0.136309 0.079076 0.050000
v -0.135548 0.095490 -0.050000
v -0.154344 0.102688 -0.036182
v -0.155303 0.103898 -0.030000
v -0.155321 0.102801 0.030005
v -0.154344 0.102688 0.036182
v -0.135548 0.095490 0.050000
v -0.135241 0.112481 -0.050000
v -0.135241 0.112481 0.050000
v -0.135237 0.344815 -0.050000
v -0.141925 0.382340 -0.049026
v -0.147476 0.381799 -0.046202
v -0.151701 0.372937 -0.041749
v -0.154332 0.358892 -0.036208
v -0.155323 0.359121 -0.030034
v -0.155519 0.372920 0.029983
v -0.154332 0.358893 0.036208
v -0.151486 0.358975 0.041775
v -0.147476 0.381799 0.046202
v -0.141925 0.382340 0.049026
v -0.135237 0.344815 0.050000
v -0.135520 0.367203 -0.050000
v -0.135520 0.367203 0.050000
v -0.136141 0.383322 -0.050001
v -0.155635 0.388731 -0.036175
v -0.156601 0.388560 -0.029993
v -0.155408 0.386281 0.036178
v -0.152666 0.387563 0.041752
v -0.136141 0.383322 0.050001
v -0.137006 0.391866 -0.050000
v -0.153386 0.392088 -0.041783
v -0.157131 0.391189 0.030035
v -0.137006 0.391866 0.049999
v -0.138384 0.398578 -0.050000
v -0.147724 0.406992 -0.048991
v -0.150508 0.398353 -0.046178
v -0.157231 0.395412 0.036178
v -0.150508 0.398353 0.046178
v -0.147724 0.406992 0.048990
v -0.138384 0.398578 0.050000
v -0.156492 0.401418 0.041618
v -0.158921 0.399761 -0.036131
v -0.159692 0.399115 -0.029950
v -0.140570 0.405152 -0.050000
v -0.156797 0.401732 -0.041685
v -0.159686 0.399079 0.029998
v -0.140570 0.405152 0.050000
v -0.159046 0.399862 0.036165
v -0.142726 0.409728 -0.050002
v -0.154450 0.405683 -0.046101
v -0.154450 0.405683 0.046101
v -0.142726 0.409728 0.050001
v -0.144327 0.412013 -0.050001
v -0.144327 0.412013 0.050001
v -0.146398 0.414103 -0.050001
v -0.146398 0.414103 0.050000
v -0.148896 0.415927 -0.050000
v -0.148896 0.415927 0.050000
v -0.151823 0.417484 -0.050000
v -0.159396 0.413856 -0.049020
v -0.159396 0.413856 0.049020
v -0.151823 0.417484 0.050000
v -0.155180 0.418774 -0.050000
v -0.163694 0.404383 -0.041752
v -0.164536 0.400644 0.029996
v -0.163694 0.404383 0.041752
v -0.155180 0.418774 0.050000
v -0.165226 0.401728 -0.036178
v -0.165226 0.401728 0.036178
v -0.159360 0.419884 -0.050000
v -0.164990 0.409029 -0.046179
v -0.166736 0.400945 -0.029999
v -0.164990 0.409029 0.046179
v -0.159360 0.419884 0.050000
v -0.166101 0.420946 -0.050000
v -0.166101 0.420946 0.050000
v -0.185854 0.423114 -0.049999
v -0.185854 0.423114 0.049999
v -0.189410 0.417509 -0.049016
v -0.191656 0.412253 -0.046147
v -0.191760 0.407750 -0.041807
v -0.192744 0.405026 -0.036234
v -0.193479 0.404210 -0.030040
v -0.193106 0.404090 0.030080
v -0.192744 0.405026 0.036234
v -0.191760 0.407750 0.041806
v -0.191656 0.412253 0.046147
v -0.189410 0.417509 0.049016
v -0.187417 0.423648 -0.049996
v -0.187417 0.423648 0.049996
v -0.199247 0.412196 -0.041678
v -0.201772 0.409933 -0.034475
v -0.201259 0.409466 0.034475
v -0.199248 0.412196 0.041678
v -0.188761 0.424811 -0.049999
v -0.196257 0.425264 -0.049066
v -0.200365 0.420775 -0.046253
v -0.200365 0.420775 0.046252
v -0.196257 0.425264 0.049066
v -0.188761 0.424811 0.049998
v -0.204423 0.419272 -0.041801
v -0.207029 0.418017 -0.036223
v -0.207920 0.417560 -0.030052
v -0.207730 0.417149 0.030040
v -0.207029 0.418017 0.036223
v -0.204423 0.419272 0.041800
v -0.189542 0.426119 -0.049999
v -0.189542 0.426119 0.049999
v -0.190214 0.428608 -0.049996
v -0.190214 0.428608 0.049996
v -0.206461 0.428900 -0.041829
v -0.209328 0.428753 -0.036289
v -0.210351 0.428860 -0.030126
v -0.210336 0.428522 0.030130
v -0.209328 0.428752 0.036289
v -0.206461 0.428900 0.041829
v -0.202048 0.431434 -0.046213
v -0.202048 0.431434 0.046213
v -0.190062 0.433710 -0.049997
v -0.190062 0.433710 0.049997
v -0.205495 0.439202 -0.041780
v -0.208241 0.440048 -0.036203
v -0.209072 0.440750 -0.030020
v -0.209183 0.440362 0.030027
v -0.208241 0.440048 0.036203
v -0.205495 0.439202 0.041780
v -0.194676 0.439721 -0.049037
v -0.199444 0.442742 -0.046293
v -0.199444 0.442742 0.046293
v -0.194676 0.439721 0.049037
v -0.189180 0.436294 -0.049999
v -0.189180 0.436294 0.049999
v -0.200718 0.448189 -0.041809
v -0.204192 0.449224 -0.034612
v -0.204582 0.448705 0.034629
v -0.200718 0.448189 0.041809
v -0.188258 0.437537 -0.049998
v -0.188258 0.437537 0.049997
v -0.199824 0.453459 -0.034605
v -0.200484 0.452930 0.034641
v -0.187066 0.438327 -0.049999
v -0.188201 0.444682 -0.049015
v -0.189256 0.450336 -0.046173
v -0.190253 0.454744 -0.041762
v -0.194589 0.456588 -0.034459
v -0.195183 0.456334 0.034462
v -0.190253 0.454744 0.041762
v -0.189256 0.450336 0.046173
v -0.187925 0.444782 0.049020
v -0.187066 0.438327 0.049998
v -0.185641 0.438668 -0.049999
v -0.188530 0.457477 -0.036119
v -0.187484 0.458678 -0.030086
v -0.187568 0.458688 0.030003
v -0.187409 0.457694 0.036205
v -0.185641 0.438668 0.049999
v -0.074002 0.442310 -0.049021
v -0.131990 0.437253 -0.050000
v -0.131990 0.437253 0.050000
v -0.113410 0.453101 -0.041755
v -0.111970 0.456900 -0.029957
v -0.113887 0.456928 0.029957
v -0.105753 0.455823 0.036159
v -0.102056 0.452890 0.041773
v -0.045324 0.442239 0.049028
v -0.030141 0.447781 -0.046212
v -0.030141 0.447781 0.046211
v -0.065625 0.436476 -0.050000
v -0.021663 0.455271 -0.036208
v -0.065625 0.436476 0.050000
v 0.003990 0.452533 -0.041774
v -0.020607 0.456356 -0.030000
v -0.022797 0.456352 0.030001
v 0.039003 0.455616 0.036179
v -0.009234 0.436412 -0.050000
v 0.030813 0.452754 0.041775
v -0.009234 0.436412 0.049999
v 0.042592 0.436858 -0.050000
v 0.069933 0.457256 -0.030000
v 0.067987 0.457217 0.029999
v 0.042592 0.436858 0.050000
v 0.124970 0.444693 -0.049034
v 0.080384 0.456550 -0.036164
v 0.124961 0.444761 0.049035
v 0.091463 0.437812 -0.050001
v 0.130910 0.450630 -0.046162
v 0.134960 0.455116 -0.041763
v 0.130910 0.450630 0.046161
v 0.091463 0.437812 0.050001
v 0.134976 0.455286 0.041726
v 0.120059 0.438677 -0.050000
v 0.138139 0.458818 -0.034398
v 0.138055 0.458893 0.034398
v 0.120059 0.438677 0.050000
v 0.121951 0.415896 -0.050000
v 0.135360 0.398489 -0.046179
v 0.139735 0.399193 -0.041755
v 0.142972 0.395221 -0.036180
v 0.144370 0.391023 -0.030001
v 0.144222 0.392388 0.030000
v 0.142972 0.395221 0.036180
v 0.139735 0.399193 0.041755
v 0.135360 0.398488 0.046179
v 0.121951 0.415896 0.050000
v 0.125449 0.381917 -0.050000
v 0.125449 0.381917 0.050000
v 0.128448 0.358219 -0.050000
v 0.137387 0.338582 -0.049022
v 0.143041 0.335607 -0.046195
v 0.147400 0.338682 -0.041778
v 0.147400 0.338682 0.041778
v 0.143041 0.335607 0.046195
v 0.137387 0.338582 0.049022
v 0.128448 0.358219 0.050000
v 0.150252 0.338773 -0.036226
v 0.150252 0.338773 0.036225
v 0.131183 0.339296 -0.050000
v 0.151245 0.338190 -0.030046
v 0.151237 0.338589 0.030091
v 0.131183 0.339295 0.050000
v 0.131181 0.337582 -0.050000
v 0.131180 0.337573 0.050000
v 0.130908 0.336336 -0.049999
v 0.134913 0.330366 -0.049036
v 0.145125 0.327644 -0.041633
v 0.149208 0.329017 -0.034476
v 0.149453 0.329661 0.034475
v 0.146176 0.330537 0.041679
v 0.134913 0.330366 0.049036
v 0.130908 0.336336 0.049999
v 0.129896 0.334739 -0.049991
v 0.138168 0.326211 -0.046208
v 0.143435 0.321032 -0.036238
v 0.146110 0.322826 -0.030001
v 0.146304 0.323087 0.030008
v 0.143435 0.321032 0.036238
v 0.141354 0.323060 0.041816
v 0.138168 0.326211 0.046208
v 0.129896 0.334739 0.049991
v 0.137093 0.319884 -0.041784
v 0.139160 0.316610 -0.030032
v 0.139503 0.316815 0.030023
v 0.127227 0.333193 -0.049998
v 0.129235 0.321368 -0.046204
v 0.133844 0.315267 -0.036191
v 0.133844 0.315267 0.036191
v 0.132815 0.317935 0.041767
v 0.129235 0.321368 0.046204
v 0.127227 0.333193 0.049997
v 0.124699 0.326249 -0.049025
v 0.126113 0.316334 -0.041803
v 0.126573 0.312496 -0.030092
v 0.126850 0.312526 0.030067
v 0.124699 0.326249 0.049025
v 0.123127 0.332323 -0.049999
v 0.125857 0.313480 -0.036180
v 0.125857 0.313480 0.036180
v 0.124651 0.316194 0.041772
v 0.123127 0.332323 0.049999
v 0.118914 0.320499 -0.046207
v 0.118914 0.320499 0.046206
v 0.117324 0.313347 -0.036297
v 0.117324 0.313347 0.036297
v 0.119475 0.332450 -0.049997
v 0.116117 0.326763 -0.049030
v 0.116295 0.316505 -0.041770
v 0.115117 0.312816 -0.030011
v 0.115459 0.312746 0.030014
v 0.116295 0.316505 0.041770
v 0.116117 0.326763 0.049030
v 0.119475 0.332450 0.049997
v 0.116793 0.333520 -0.049995
v 0.111035 0.323206 -0.046189
v 0.108686 0.319423 -0.041772
v 0.107128 0.316493 -0.034979
v 0.105431 0.316809 0.029803
v 0.107160 0.316997 0.036194
v 0.108686 0.319423 0.041772
v 0.111035 0.323206 0.046189
v 0.116793 0.333520 0.049995
v 0.101648 0.320094 -0.029839
v 0.110095 0.331519 -0.049018
v 0.105365 0.328398 -0.046159
v 0.101613 0.325928 -0.041698
v 0.099212 0.324355 -0.036067
v 0.099212 0.324355 0.036067
v 0.101613 0.325928 0.041698
v 0.105365 0.328398 0.046159
v 0.110095 0.331519 0.049018
v 0.115159 0.335317 -0.049997
v 0.097850 0.324969 0.030014
v 0.115159 0.335317 0.049997
v 0.097184 0.326406 -0.030051
v 0.110689 0.346431 -0.050000
v 0.096167 0.362781 -0.049015
v 0.097113 0.348111 -0.046174
v 0.093196 0.346042 -0.041748
v 0.090683 0.344716 -0.036174
v 0.089833 0.344224 -0.029993
v 0.090199 0.343448 0.029998
v 0.090683 0.344716 0.036174
v 0.093196 0.346042 0.041747
v 0.097113 0.348110 0.046174
v 0.096167 0.362781 0.049015
v 0.110689 0.346431 0.050000
v 0.104993 0.358400 -0.050000
v 0.104993 0.358400 0.050000
v 0.098776 0.369225 -0.050000
v 0.085620 0.367971 -0.046173
v 0.082081 0.365305 -0.041746
v 0.079808 0.363598 -0.036172
v 0.079044 0.362983 -0.029991
v 0.079454 0.362387 0.029997
v 0.079808 0.363598 0.036172
v 0.082080 0.365305 0.041746
v 0.085620 0.367971 0.046173
v 0.098776 0.369225 0.050000
v 0.092039 0.378908 -0.050001
v 0.092039 0.378908 0.050000
v 0.084782 0.387450 -0.050001
v 0.071627 0.391745 -0.048992
v 0.068023 0.387356 -0.046052
v 0.070334 0.379170 -0.041743
v 0.068403 0.377086 -0.036167
v 0.068540 0.375515 -0.029884
v 0.065492 0.378605 0.029705
v 0.068403 0.377086 0.036167
v 0.070334 0.379170 0.041743
v 0.073342 0.382424 0.046171
v 0.071627 0.391745 0.048991
v 0.084782 0.387450 0.050000
v 0.078055 0.393918 -0.050000
v 0.078055 0.393918 0.050000
v 0.056779 0.385353 -0.029989
v 0.070813 0.399834 -0.050000
v 0.058121 0.388829 -0.041626
v 0.056676 0.386419 -0.036014
v 0.056677 0.386419 0.036014
v 0.058121 0.388829 0.041626
v 0.060399 0.392632 0.046108
v 0.070813 0.399834 0.050000
v 0.066065 0.402912 -0.050000
v 0.050616 0.388565 0.029962
v 0.066065 0.402912 0.050000
v 0.060750 0.405697 -0.050000
v 0.048656 0.404251 -0.049014
v 0.049013 0.398054 -0.046162
v 0.048656 0.404251 0.049014
v 0.060750 0.405697 0.050000
v 0.054870 0.408189 -0.050000
v 0.041721 0.395710 -0.041733
v 0.040830 0.393012 -0.036160
v 0.044970 0.390527 -0.029999
v 0.040830 0.393012 0.036160
v 0.041721 0.395710 0.041733
v 0.043115 0.399922 0.046165
v 0.054870 0.408189 0.050000
v 0.048422 0.410388 -0.050000
v 0.048422 0.410388 0.050000
v 0.038000 0.413121 -0.050001
v 0.026476 0.395086 -0.029995
v 0.027531 0.394917 0.029979
v 0.038000 0.413121 0.050001
v 0.021519 0.404113 -0.046169
v 0.021727 0.415780 -0.050001
v 0.013994 0.410515 -0.049018
v 0.012925 0.400596 -0.041814
v 0.011458 0.397884 -0.036269
v 0.012034 0.397789 0.036168
v 0.012432 0.400603 0.041742
v 0.013049 0.404992 0.046170
v 0.013994 0.410515 0.049018
v 0.021727 0.415780 0.050000
v 0.003182 0.417264 -0.050000
v -0.007910 0.397716 -0.030168
v -0.006433 0.397699 0.030191
v 0.003182 0.417264 0.050000
v -0.025456 0.405842 -0.046258
v -0.016054 0.417564 -0.049999
v -0.034068 0.410521 -0.049037
v -0.021346 0.401313 -0.041793
v -0.021760 0.398408 -0.036231
v -0.021379 0.398461 0.036292
v -0.021567 0.401323 0.041837
v -0.021857 0.405745 0.046223
v -0.034068 0.410521 0.049037
v -0.016054 0.417564 0.049999
v -0.027443 0.416945 -0.050000
v -0.027803 0.396819 -0.029987
v -0.027268 0.396881 0.029999
v -0.027443 0.416945 0.050000
v -0.037255 0.415513 -0.050001
v -0.037540 0.398886 -0.041738
v -0.036679 0.396173 -0.036163
v -0.036679 0.396173 0.036163
v -0.037540 0.398886 0.041737
v -0.038893 0.403116 0.046168
v -0.037255 0.415513 0.050001
v -0.038614 0.394510 -0.029969
v -0.038321 0.394617 0.029991
v -0.045391 0.413272 -0.050002
v -0.044071 0.401167 -0.046163
v -0.045391 0.413272 0.050002
v -0.051847 0.410231 -0.050004
v -0.052134 0.402455 -0.048994
v -0.045014 0.395059 -0.041602
v -0.042687 0.393346 -0.036090
v -0.042687 0.393346 0.036090
v -0.045014 0.395059 0.041602
v -0.048443 0.398021 0.046063
v -0.052134 0.402455 0.048994
v -0.051847 0.410231 0.050003
v -0.041934 0.392657 -0.029965
v -0.041913 0.392681 0.029927
v -0.055473 0.407468 -0.050000
v -0.048754 0.397404 -0.046136
v -0.055473 0.407468 0.050000
v -0.058250 0.404388 -0.050010
v -0.058250 0.404388 0.050009
v -0.060418 0.400225 -0.050001
v -0.060418 0.400225 0.050001
v -0.058105 0.385361 -0.049030
v -0.058105 0.385361 0.049030
v -0.062017 0.394921 -0.050000
v -0.051605 0.387678 -0.046174
v -0.062017 0.394921 0.050000
v -0.052911 0.378885 0.046217
v -0.063279 0.388086 -0.050000
v -0.048610 0.375643 -0.041817
v -0.045758 0.375383 -0.036267
v -0.044775 0.374822 -0.030064
v -0.044750 0.375395 0.030126
v -0.045758 0.375383 0.036267
v -0.048610 0.375643 0.041817
v -0.063279 0.388086 0.050000
v -0.064205 0.379724 -0.050000
v -0.064205 0.379724 0.050000
v -0.065003 0.364860 -0.049999
v -0.053261 0.364654 -0.046191
v -0.065003 0.364860 0.049999
v -0.065052 0.247000 -0.050001
v -0.058704 0.252736 -0.049021
v -0.053306 0.258265 -0.046188
v -0.048926 0.262596 -0.041781
v -0.045829 0.265466 -0.035978
v -0.045713 0.265455 0.035983
v -0.048926 0.262596 0.041780
v -0.053306 0.258265 0.046188
v -0.058704 0.252736 0.049020
v -0.065052 0.247000 0.050000
v -0.052416 0.266511 -0.030018
v -0.053150 0.266528 0.030000
v -0.054935 0.246600 -0.050000
v -0.054935 0.246600 0.050000
v -0.033465 0.246428 -0.050000
v -0.033465 0.246428 0.050000
v -0.018274 0.246622 -0.050000
v -0.009341 0.258701 -0.046175
v -0.009817 0.263105 -0.041748
v -0.010124 0.265931 -0.036173
v -0.010279 0.266901 -0.029990
v -0.011387 0.266841 0.029999
v -0.010124 0.265931 0.036173
v -0.009817 0.263105 0.041748
v -0.009341 0.258701 0.046174
v -0.018274 0.246622 0.050000
v 0.014951 0.255304 -0.049015
v 0.014951 0.255304 0.049015
v -0.002079 0.247527 -0.050000
v -0.002079 0.247527 0.050000
v 0.011863 0.249149 -0.050000
v 0.016596 0.261832 -0.046171
v 0.015528 0.266134 -0.041741
v 0.014844 0.268893 -0.036167
v 0.014578 0.269836 -0.029980
v 0.013866 0.269694 0.029996
v 0.014844 0.268893 0.036167
v 0.015528 0.266134 0.041741
v 0.016596 0.261832 0.046170
v 0.011863 0.249149 0.050000
v 0.023546 0.251488 -0.050001
v 0.023546 0.251488 0.050001
v 0.032965 0.254542 -0.050002
v 0.033970 0.268139 -0.046062
v 0.029035 0.270538 -0.041658
v 0.027694 0.273025 -0.036064
v 0.027335 0.273909 -0.029862
v 0.026351 0.273468 0.029899
v 0.028398 0.273361 0.036039
v 0.029035 0.270538 0.041658
v 0.033970 0.268139 0.046062
v 0.032965 0.254542 0.050002
v 0.038341 0.264398 -0.048998
v 0.038341 0.264398 0.048997
v 0.038299 0.257220 -0.050000
v 0.038299 0.257220 0.050000
v 0.042620 0.260212 -0.050001
v 0.031688 0.277110 0.029991
v 0.042620 0.260212 0.050001
v 0.037547 0.277584 -0.041729
v 0.033871 0.277900 -0.036172
v 0.033382 0.278817 -0.029995
v 0.037547 0.277584 0.041729
v 0.047782 0.265000 -0.050001
v 0.036799 0.281290 0.036160
v 0.047782 0.265000 0.050001
v 0.052291 0.270569 -0.050001
v 0.052305 0.281850 -0.049014
v 0.047339 0.284536 -0.046152
v 0.037311 0.284063 0.029990
v 0.047339 0.284536 0.046152
v 0.052305 0.281850 0.049014
v 0.052291 0.270569 0.050001
v 0.041440 0.289403 -0.036157
v 0.040758 0.290294 -0.029979
v 0.056236 0.276996 -0.050001
v 0.056236 0.276996 0.050000
v 0.045201 0.291504 -0.041744
v 0.045201 0.291504 0.041744
v 0.059612 0.284279 -0.050000
v 0.042203 0.294621 0.029992
v 0.043112 0.294255 0.036174
v 0.059612 0.284279 0.050000
v 0.062420 0.292418 -0.050000
v 0.062420 0.292418 0.050000
v 0.064552 0.300715 -0.049996
v 0.060484 0.306732 -0.049054
v 0.054106 0.306796 -0.046164
v 0.050113 0.308924 -0.041705
v 0.046539 0.307070 -0.036227
v 0.046115 0.309093 -0.029795
v 0.046030 0.308806 0.029973
v 0.046539 0.307070 0.036227
v 0.050113 0.308924 0.041704
v 0.054106 0.306796 0.046163
v 0.060484 0.306732 0.049054
v 0.064552 0.300715 0.049996
v 0.050131 0.313589 -0.036050
v 0.050131 0.313589 0.036050
v 0.066006 0.302594 -0.049995
v 0.053140 0.318151 -0.030027
v 0.052791 0.317852 0.030028
v 0.066006 0.302594 0.049995
v 0.061377 0.313727 -0.046204
v 0.059183 0.317626 -0.041804
v 0.057746 0.320140 -0.036226
v 0.057746 0.320140 0.036226
v 0.059183 0.317626 0.041804
v 0.061377 0.313727 0.046203
v 0.067858 0.303611 -0.049999
v 0.060635 0.322327 -0.029991
v 0.060385 0.322225 0.030003
v 0.067858 0.303611 0.049999
v 0.070753 0.304293 -0.049996
v 0.074181 0.310744 -0.049045
v 0.074678 0.316275 -0.046330
v 0.068977 0.320379 -0.041835
v 0.068659 0.323233 -0.036297
v 0.068706 0.324264 -0.030136
v 0.068364 0.324229 0.030138
v 0.068659 0.323233 0.036297
v 0.068977 0.320379 0.041835
v 0.074678 0.316275 0.046330
v 0.074181 0.310744 0.049045
v 0.070753 0.304293 0.049996
v 0.074440 0.304251 -0.050000
v 0.079316 0.319961 -0.041783
v 0.080040 0.322746 -0.036206
v 0.080713 0.323606 -0.030023
v 0.080312 0.323702 0.030030
v 0.080040 0.322746 0.036206
v 0.079316 0.319961 0.041783
v 0.074440 0.304251 0.050000
v 0.076310 0.303849 -0.049999
v 0.076310 0.303849 0.049999
v 0.077778 0.303136 -0.049998
v 0.085672 0.304359 -0.049056
v 0.086827 0.311350 -0.046134
v 0.089987 0.314608 -0.041626
v 0.089385 0.319056 -0.034612
v 0.088841 0.319431 0.034630
v 0.089987 0.314608 0.041626
v 0.086827 0.311350 0.046134
v 0.085038 0.305069 0.049053
v 0.077778 0.303136 0.049998
v 0.078851 0.302118 -0.049999
v 0.094820 0.313708 -0.034466
v 0.094422 0.314239 0.034467
v 0.078851 0.302118 0.049999
v 0.079538 0.300791 -0.049998
v 0.091537 0.302027 -0.046215
v 0.095951 0.302852 -0.041835
v 0.098815 0.303398 -0.036286
v 0.099810 0.303602 -0.030212
v 0.098010 0.307622 0.034611
v 0.095951 0.302853 0.041835
v 0.091537 0.302027 0.046214
v 0.079538 0.300791 0.049998
v 0.079825 0.299270 -0.050000
v 0.099857 0.300628 0.030001
v 0.098866 0.300486 0.036203
v 0.079825 0.299270 0.049999
v 0.084898 0.251092 0.049019
v 0.078713 0.246855 -0.050001
v 0.090360 0.236191 -0.046171
v 0.094785 0.236178 -0.041738
v 0.097580 0.231346 -0.036167
v 0.098591 0.235891 -0.029974
v 0.098592 0.236406 0.029971
v 0.097580 0.231346 0.036167
v 0.094785 0.236178 0.041738
v 0.090360 0.236191 0.046171
v 0.078713 0.246855 0.050000
v 0.084840 0.229381 -0.049019
v 0.078832 0.215625 -0.050000
v 0.078832 0.215625 0.050000
v 0.085858 0.166547 0.049026
v 0.079821 0.168659 -0.050000
v 0.085990 0.166984 -0.049026
v 0.091544 0.166074 -0.046209
v 0.095962 0.165348 -0.041821
v 0.099823 0.164484 -0.030027
v 0.099815 0.164691 0.030181
v 0.095962 0.165348 0.041821
v 0.091544 0.166074 0.046209
v 0.079821 0.168659 0.049999
v 0.098745 0.164637 -0.036305
v 0.098745 0.164637 0.036305
v 0.079537 0.166935 -0.049999
v 0.079537 0.166935 0.049999
v 0.078846 0.165406 -0.049999
v 0.080993 0.158208 -0.049047
v 0.087285 0.156565 -0.046133
v 0.090625 0.153493 -0.041624
v 0.095015 0.154134 -0.034613
v 0.095375 0.154679 0.034633
v 0.090625 0.153493 0.041623
v 0.087285 0.156565 0.046133
v 0.080993 0.158208 0.049047
v 0.078846 0.165406 0.049999
v 0.077771 0.164238 -0.049998
v 0.089697 0.148533 -0.034469
v 0.090234 0.148954 0.034471
v 0.077771 0.164238 0.049998
v 0.076305 0.163421 -0.049999
v 0.078558 0.151662 -0.046200
v 0.079792 0.147366 -0.041796
v 0.080608 0.144596 -0.036218
v 0.080915 0.143645 -0.030046
v 0.081350 0.143763 0.030035
v 0.080608 0.144596 0.036218
v 0.079792 0.147366 0.041796
v 0.078557 0.151662 0.046200
v 0.076305 0.163421 0.049999
v 0.074438 0.162961 -0.050000
v 0.074438 0.162961 0.049999
v 0.070976 0.162911 -0.049995
v 0.066432 0.157339 -0.049037
v 0.069459 0.151252 -0.046223
v 0.068882 0.146854 -0.041854
v 0.068506 0.143997 -0.036327
v 0.068182 0.142997 -0.030173
v 0.068540 0.142953 0.030172
v 0.068506 0.143997 0.036327
v 0.068882 0.146854 0.041854
v 0.069459 0.151252 0.046223
v 0.066432 0.157339 0.049037
v 0.070976 0.162911 0.049994
v 0.068276 0.163663 -0.049999
v 0.061324 0.153772 -0.046138
v 0.059026 0.149916 -0.041648
v 0.057567 0.147466 -0.035989
v 0.056883 0.146801 -0.029789
v 0.057330 0.146539 0.029792
v 0.057567 0.147466 0.035989
v 0.059026 0.149916 0.041648
v 0.061324 0.153772 0.046138
v 0.068276 0.163663 0.049999
v 0.066791 0.164530 -0.050000
v 0.066791 0.164530 0.050000
v 0.065322 0.166028 -0.049997
v 0.059321 0.163742 -0.049026
v 0.054457 0.160912 -0.046210
v 0.050588 0.158653 -0.041818
v 0.049701 0.154970 -0.036195
v 0.048916 0.154367 -0.030013
v 0.049157 0.154039 0.030014
v 0.049701 0.154970 0.036195
v 0.050588 0.158653 0.041818
v 0.054457 0.160912 0.046210
v 0.059321 0.163742 0.049026
v 0.065322 0.166028 0.049997
v 0.064312 0.168056 -0.050000
v 0.045782 0.161597 -0.034626
v 0.046092 0.160734 0.034609
v 0.064312 0.168056 0.049999
v 0.062085 0.176456 -0.050000
v 0.051286 0.189307 -0.049015
v 0.046299 0.186677 -0.046156
v 0.043784 0.180727 -0.041741
v 0.042521 0.175495 -0.036174
v 0.041613 0.175128 -0.029992
v 0.041802 0.174559 0.029998
v 0.042521 0.175495 0.036174
v 0.043784 0.180727 0.041740
v 0.046299 0.186677 0.046156
v 0.051286 0.189307 0.049015
v 0.062085 0.176456 0.050000
v 0.058957 0.185764 -0.050000
v 0.058957 0.185764 0.050000
v 0.055386 0.193926 -0.050001
v 0.036901 0.188307 -0.036171
v 0.034686 0.190273 -0.029969
v 0.034909 0.189935 0.029981
v 0.036901 0.188307 0.036171
v 0.055386 0.193926 0.050000
v 0.051374 0.200945 -0.050001
v 0.033745 0.197480 -0.041558
v 0.033745 0.197480 0.041558
v 0.051374 0.200945 0.050001
v 0.046924 0.206818 -0.050001
v 0.035279 0.209465 -0.048974
v 0.035245 0.201991 -0.046113
v 0.030222 0.196731 -0.036024
v 0.030222 0.196731 0.036024
v 0.035245 0.201991 0.046112
v 0.035279 0.209465 0.048974
v 0.046924 0.206818 0.050001
v 0.041516 0.211994 -0.050007
v 0.028669 0.196543 -0.029915
v 0.028809 0.196444 0.029852
v 0.041516 0.211994 0.050006
v 0.036861 0.214725 -0.050000
v 0.036861 0.214725 0.050000
v 0.030446 0.217679 -0.050001
v 0.022535 0.208167 -0.046170
v 0.020994 0.204009 -0.041741
v 0.020994 0.204009 0.041741
v 0.022535 0.208167 0.046170
v 0.030446 0.217679 0.050001
v 0.017754 0.201978 -0.036171
v 0.016876 0.201214 -0.029998
v 0.017523 0.201514 0.034823
v 0.020280 0.220991 -0.050001
v 0.020280 0.220991 0.050000
v 0.005558 0.203848 0.029988
v 0.008523 0.223527 -0.050000
v -0.010025 0.220169 -0.049030
v 0.001355 0.212837 -0.046173
v 0.000581 0.208476 -0.041746
v 0.000085 0.205677 -0.036172
v -0.000993 0.204831 -0.029998
v 0.000085 0.205677 0.036172
v 0.000581 0.208476 0.041746
v 0.001355 0.212838 0.046173
v -0.010025 0.220169 0.049029
v 0.008523 0.223527 0.050000
v -0.004825 0.225286 -0.050000
v -0.004825 0.225286 0.050000
v -0.020701 0.206414 0.030090
v -0.019760 0.226268 -0.050000
v -0.024780 0.214740 -0.046191
v -0.024959 0.210316 -0.041777
v -0.025076 0.207469 -0.036211
v -0.025670 0.206484 -0.030024
v -0.025076 0.207469 0.036210
v -0.024959 0.210316 0.041777
v -0.024780 0.214740 0.046191
v -0.019760 0.226268 0.050000
v -0.034358 0.226481 -0.050000
v -0.034358 0.226481 0.050000
v -0.045066 0.206522 0.030011
v -0.065047 0.226238 -0.050003
v -0.053304 0.214666 -0.046183
v -0.048887 0.210313 -0.041767
v -0.046046 0.207513 -0.036198
v -0.045061 0.206546 -0.030033
v -0.046046 0.207513 0.036198
v -0.048887 0.210313 0.041767
v -0.053304 0.214666 0.046183
v -0.065047 0.226238 0.050003
v -0.058872 0.220148 -0.049021
v -0.058872 0.220148 0.049021
v -0.065026 0.113190 -0.050000
v -0.058298 0.085437 -0.049034
v -0.052770 0.085993 -0.046236
v -0.048788 0.104363 -0.041796
v -0.045937 0.104462 -0.036236
v -0.044932 0.104125 -0.030064
v -0.044953 0.105153 0.030056
v -0.045937 0.104462 0.036236
v -0.048788 0.104363 0.041796
v -0.052770 0.085993 0.046236
v -0.058298 0.085437 0.049033
v -0.065026 0.113190 0.050000
v -0.064696 0.097711 -0.050000
v -0.064696 0.097711 0.050000
v -0.063879 0.082753 -0.050000
v -0.046858 0.073666 -0.041746
v -0.044056 0.074144 -0.036171
v -0.043095 0.074344 -0.029986
v -0.043192 0.075144 0.029997
v -0.044056 0.074144 0.036171
v -0.046858 0.073665 0.041746
v -0.063879 0.082753 0.050000
v -0.062598 0.070340 -0.050000
v -0.062598 0.070340 0.050000
v -0.060851 0.060469 -0.050001
v -0.051449 0.051593 -0.048974
v -0.048215 0.058526 -0.046161
v -0.048215 0.058526 0.046161
v -0.051449 0.051593 0.048974
v -0.060851 0.060469 0.050001
v -0.043781 0.059570 -0.041737
v -0.041163 0.060703 -0.036161
v -0.040264 0.061098 -0.029965
v -0.039787 0.059891 0.029881
v -0.041163 0.060703 0.036161
v -0.043781 0.059570 0.041737
v -0.058633 0.053155 -0.050005
v -0.058633 0.053155 0.050005
v -0.056172 0.048613 -0.050001
v -0.056172 0.048613 0.050000
v -0.043249 0.051483 -0.046112
v -0.040402 0.054930 -0.041656
v -0.038591 0.057122 -0.036084
v -0.037933 0.057829 -0.029904
v -0.038591 0.057122 0.036084
v -0.040402 0.054930 0.041656
v -0.043249 0.051483 0.046112
v -0.053615 0.045312 -0.050001
v -0.053615 0.045312 0.050001
v -0.050414 0.042333 -0.050001
v -0.050414 0.042332 0.050001
v -0.036144 0.056767 0.029989
v -0.046628 0.039760 -0.050001
v -0.046628 0.039760 0.050000
v -0.034594 0.041024 -0.049018
v -0.034594 0.041024 0.049018
v -0.042254 0.037597 -0.050000
v -0.042254 0.037597 0.050000
v -0.031307 0.046238 -0.046177
v -0.030286 0.050569 -0.041751
v -0.029634 0.053348 -0.036178
v -0.029192 0.054266 -0.029993
v -0.029634 0.053348 0.036178
v -0.030286 0.050569 0.041750
v -0.031307 0.046238 0.046177
v -0.037292 0.035843 -0.050000
v -0.028570 0.054188 0.029996
v -0.037292 0.035843 0.049999
v -0.032713 0.034713 -0.050001
v -0.032713 0.034713 0.050000
v -0.026310 0.033809 -0.050000
v -0.026310 0.033809 0.050000
v -0.015793 0.033074 -0.050000
v -0.010202 0.044569 -0.046199
v -0.010105 0.048994 -0.041791
v -0.010044 0.051845 -0.036229
v -0.009709 0.052831 -0.030059
v -0.010497 0.052855 0.030043
v -0.010044 0.051845 0.036229
v -0.010105 0.048994 0.041791
v -0.010202 0.044569 0.046198
v -0.015793 0.033074 0.050000
v 0.014580 0.038565 -0.049038
v 0.014580 0.038565 0.049037
v -0.002632 0.032788 -0.050000
v -0.002632 0.032787 0.049999
v 0.010347 0.032995 -0.050000
v 0.026137 0.045617 -0.046168
v 0.025426 0.049994 -0.041739
v 0.024968 0.052799 -0.036166
v 0.024750 0.053759 -0.029983
v 0.023417 0.053633 0.029995
v 0.024968 0.052799 0.036166
v 0.025426 0.049994 0.041738
v 0.026138 0.045617 0.046167
v 0.010347 0.032995 0.050000
v 0.020817 0.033577 -0.050000
v 0.020817 0.033577 0.050000
v 0.030820 0.034548 -0.050000
v 0.030820 0.034548 0.050000
v 0.040355 0.035907 -0.050000
v 0.040355 0.035907 0.050000
v 0.049423 0.037654 -0.050000
v 0.061861 0.047097 -0.049015
v 0.059746 0.052296 -0.046163
v 0.058194 0.056451 -0.041731
v 0.057201 0.059113 -0.036160
v 0.056813 0.060015 -0.029975
v 0.055794 0.059704 0.029989
v 0.057201 0.059113 0.036160
v 0.058194 0.056451 0.041731
v 0.059746 0.052296 0.046163
v 0.061861 0.047097 0.049015
v 0.049423 0.037654 0.050000
v 0.058023 0.039789 -0.050000
v 0.058023 0.039789 0.050000
v 0.066156 0.042312 -0.050000
v 0.066156 0.042312 0.050000
v 0.073821 0.045224 -0.050000
v 0.073821 0.045224 0.050000
v 0.081019 0.048524 -0.050000
v 0.091028 0.061232 -0.048993
v 0.081908 0.062377 -0.046098
v 0.079618 0.066170 -0.041603
v 0.077039 0.068502 -0.034624
v 0.077433 0.068684 0.034734
v 0.079619 0.066170 0.041603
v 0.081908 0.062377 0.046098
v 0.091028 0.061232 0.048993
v 0.081019 0.048524 0.050000
v 0.087750 0.052212 -0.050000
v 0.087750 0.052212 0.050000
v 0.094013 0.056288 -0.050000
v 0.085998 0.075184 -0.029865
v 0.085585 0.074855 0.029855
v 0.094013 0.056288 0.050000
v 0.101343 0.061999 -0.050001
v 0.096777 0.073553 -0.046174
v 0.093884 0.076909 -0.041746
v 0.092028 0.079060 -0.036172
v 0.092028 0.079061 0.036172
v 0.093884 0.076908 0.041746
v 0.096777 0.073553 0.046173
v 0.101343 0.061999 0.050000
v 0.109284 0.069420 -0.050000
v 0.102111 0.090824 -0.029996
v 0.101560 0.090184 0.029992
v 0.109284 0.069420 0.050000
v 0.118762 0.089020 -0.049019
v 0.118762 0.089020 0.049019
v 0.117002 0.077792 -0.050000
v 0.118641 0.097942 -0.046247
v 0.108078 0.092209 -0.041750
v 0.105944 0.094086 -0.036176
v 0.105944 0.094086 0.036175
v 0.108078 0.092209 0.041750
v 0.118641 0.097942 0.046247
v 0.117002 0.077792 0.050000
v 0.124785 0.087371 -0.050000
v 0.124785 0.087371 0.050000
v 0.132631 0.098155 -0.050000
v 0.122977 0.112554 -0.041817
v 0.120596 0.114138 -0.036266
v 0.120064 0.115162 -0.030092
v 0.119472 0.114267 0.030089
v 0.120596 0.114138 0.036266
v 0.122977 0.112554 0.041817
v 0.132631 0.098155 0.050000
v 0.140543 0.110147 -0.049999
v 0.140543 0.110147 0.049999
v 0.145375 0.129371 -0.049048
v 0.145375 0.129371 0.049048
v 0.147044 0.120972 -0.050000
v 0.139285 0.130747 -0.046226
v 0.135942 0.133722 -0.041865
v 0.131108 0.131494 -0.036178
v 0.130338 0.132134 -0.029934
v 0.131554 0.134141 0.030132
v 0.131108 0.131494 0.036178
v 0.135942 0.133722 0.041865
v 0.139285 0.130747 0.046226
v 0.147044 0.120972 0.050000
v 0.148487 0.123119 -0.049998
v 0.148487 0.123119 0.049998
v 0.136090 0.137766 -0.036197
v 0.135711 0.138756 -0.030014
v 0.136090 0.137766 0.036197
v 0.138453 0.140822 0.030007
v 0.150398 0.124565 -0.049996
v 0.150398 0.124565 0.049996
v 0.147347 0.136162 -0.046143
v 0.146007 0.140448 -0.041657
v 0.145154 0.143174 -0.036002
v 0.145102 0.144127 -0.029802
v 0.145154 0.143174 0.036001
v 0.146007 0.140448 0.041657
v 0.147347 0.136162 0.046142
v 0.147864 0.144837 0.029824
v 0.152198 0.124946 -0.049999
v 0.152198 0.124946 0.049999
v 0.157287 0.130631 -0.049032
v 0.155566 0.136523 -0.046183
v 0.156122 0.140930 -0.041761
v 0.156467 0.143764 -0.036182
v 0.156567 0.144743 -0.029991
v 0.156467 0.143764 0.036181
v 0.156122 0.140930 0.041761
v 0.155566 0.136523 0.046183
v 0.157287 0.130631 0.049032
v 0.157668 0.144519 0.030004
v 0.154905 0.124638 -0.049999
v 0.154905 0.124638 0.049999
v 0.158719 0.123317 -0.049998
v 0.167778 0.131813 -0.046284
v 0.165777 0.137880 -0.041803
v 0.167028 0.140452 -0.036250
v 0.167600 0.141292 -0.030081
v 0.167359 0.141405 0.030081
v 0.167027 0.140452 0.036250
v 0.165777 0.137880 0.041802
v 0.167778 0.131813 0.046284
v 0.158719 0.123317 0.049998
v 0.161525 0.121503 -0.049995
v 0.169260 0.122277 -0.049050
v 0.172914 0.133169 -0.041785
v 0.174965 0.135190 -0.036209
v 0.175972 0.135597 -0.030025
v 0.175690 0.135872 0.030034
v 0.174965 0.135190 0.036208
v 0.172914 0.133169 0.041785
v 0.169260 0.122277 0.049050
v 0.161525 0.121503 0.049995
v 0.162563 0.120021 -0.049999
v 0.174018 0.123615 -0.046135
v 0.177443 0.126609 -0.041769
v 0.180980 0.125989 -0.035960
v 0.181125 0.127785 -0.030011
v 0.180550 0.128060 0.034631
v 0.177443 0.126609 0.041769
v 0.174018 0.123615 0.046134
v 0.162563 0.120021 0.049998
v 0.162866 0.118736 -0.049999
v 0.179210 0.118713 -0.041722
v 0.182942 0.120214 -0.029954
v 0.182946 0.120466 0.029923
v 0.182067 0.118740 0.036120
v 0.179210 0.118713 0.041722
v 0.162866 0.118736 0.049999
v 0.174201 0.113381 -0.046224
v 0.181835 0.116700 -0.036179
v 0.174201 0.113381 0.046224
v 0.453959 0.099198 -0.049999
v 0.453959 0.099198 0.049999
v 0.427532 0.173417 -0.050000
v 0.423089 0.167481 -0.049021
v 0.419063 0.162187 -0.046188
v 0.415905 0.157858 -0.041756
v 0.413857 0.155155 -0.036197
v 0.413163 0.154178 -0.030000
v 0.413141 0.154224 0.029997
v 0.413857 0.155155 0.036197
v 0.415905 0.157858 0.041756
v 0.419063 0.162187 0.046188
v 0.423089 0.167481 0.049021
v 0.427532 0.173417 0.050000
v 0.411295 0.174301 -0.050000
v 0.411295 0.174301 0.050000
v 0.369576 0.169739 -0.049017
v 0.369576 0.169739 0.049016
v 0.386492 0.159159 -0.041755
v 0.370349 0.155842 -0.030000
v 0.386492 0.159159 0.041755
v 0.382284 0.175437 -0.050000
v 0.382284 0.175437 0.050000
v 0.362149 0.164085 -0.046165
v 0.359339 0.156863 -0.036135
v 0.359339 0.156863 0.036134
v 0.362149 0.164085 0.046164
v 0.362105 0.155820 0.029960
v 0.357335 0.175713 -0.050001
v 0.349041 0.159472 -0.041732
v 0.349041 0.159472 0.041732
v 0.357335 0.175713 0.050000
v 0.335192 0.175256 -0.050000
v 0.335192 0.175256 0.050000
v 0.302620 0.154110 -0.029996
v 0.302604 0.154087 0.030050
v 0.292772 0.167506 -0.049023
v 0.296730 0.162087 -0.046188
v 0.296730 0.162087 0.046187
v 0.292772 0.167506 0.049023
v 0.288365 0.173475 -0.050000
v 0.288365 0.173475 0.050000
v 0.299866 0.157746 -0.041761
v 0.301888 0.154986 -0.036186
v 0.301888 0.154986 0.036185
v 0.299866 0.157746 0.041760
v 0.263556 0.104811 -0.049999
v 0.266592 0.094170 -0.049029
v 0.271976 0.092763 -0.046216
v 0.276261 0.091631 -0.041825
v 0.279031 0.090900 -0.036277
v 0.279946 0.090409 -0.030110
v 0.280107 0.090985 0.030098
v 0.279031 0.090900 0.036277
v 0.276261 0.091631 0.041824
v 0.271975 0.092763 0.046216
v 0.266592 0.094171 0.049029
v 0.263556 0.104811 0.049999
v 0.260149 0.092963 -0.050000
v 0.260149 0.092963 0.050000
v 0.258403 0.085327 -0.050000
v 0.258403 0.085327 0.050000
v 0.257196 0.078199 -0.050000
v 0.262228 0.062039 -0.049011
v 0.268157 0.070960 -0.046174
v 0.272729 0.071821 -0.041704
v 0.275550 0.071602 -0.036111
v 0.276627 0.072546 -0.029934
v 0.276659 0.072874 0.029937
v 0.275160 0.066889 0.036156
v 0.272729 0.071821 0.041703
v 0.268157 0.070960 0.046174
v 0.262207 0.063787 0.049014
v 0.257196 0.078199 0.050000
v 0.256430 0.070171 -0.050002
v 0.256430 0.070171 0.050002
v 0.276491 0.063375 -0.030040
v 0.276471 0.063588 0.030044
v 0.256528 0.062538 -0.050000
v 0.272992 0.060015 -0.041748
v 0.275671 0.061591 -0.036222
v 0.272990 0.059895 0.041770
v 0.256528 0.062538 0.049999
v 0.268773 0.058654 -0.046167
v 0.268773 0.058654 0.046167
v 0.257456 0.055678 -0.050000
v 0.257456 0.055678 0.050000
v 0.278151 0.055461 -0.029941
v 0.278300 0.055147 0.029793
v 0.277331 0.054878 0.036109
v 0.258715 0.050756 -0.050000
v 0.277422 0.054785 -0.036132
v 0.258715 0.050756 0.050000
v 0.267549 0.045717 0.048979
v 0.260017 0.046958 -0.050001
v 0.271108 0.051017 -0.046167
v 0.275472 0.052582 -0.041634
v 0.275507 0.052570 0.041619
v 0.271108 0.051017 0.046166
v 0.260017 0.046958 0.050000
v 0.268468 0.045065 -0.048982
v 0.261335 0.044467 -0.050000
v 0.261335 0.044467 0.050000
v 0.263029 0.042293 -0.050000
v 0.263029 0.042293 0.050000
v 0.265186 0.040252 -0.050000
v 0.275582 0.047182 -0.046156
v 0.275582 0.047182 0.046156
v 0.265186 0.040252 0.050000
v 0.269090 0.037511 -0.050002
v 0.269090 0.037511 0.050002
v 0.276148 0.034224 -0.050001
v 0.282505 0.052774 -0.034610
v 0.288683 0.049868 0.036350
v 0.276148 0.034224 0.050001
v 0.285547 0.037627 -0.049019
v 0.290377 0.046583 -0.041859
v 0.290377 0.046583 0.041858
v 0.285547 0.037627 0.049018
v 0.285075 0.031473 -0.050001
v 0.292049 0.041767 -0.046223
v 0.293601 0.048901 -0.036293
v 0.294201 0.049817 -0.030124
v 0.293487 0.049966 0.030112
v 0.292049 0.041767 0.046223
v 0.285075 0.031473 0.050000
v 0.295865 0.029263 -0.049999
v 0.295865 0.029263 0.049999
v 0.311273 0.033141 -0.049039
v 0.311273 0.033141 0.049039
v 0.307029 0.027788 -0.049993
v 0.311708 0.038946 -0.046187
v 0.313294 0.043189 -0.041761
v 0.310573 0.046567 -0.036203
v 0.312893 0.047211 -0.030011
v 0.310806 0.047518 0.030118
v 0.310573 0.046567 0.036203
v 0.313294 0.043189 0.041761
v 0.311708 0.038946 0.046187
v 0.307029 0.027788 0.049993
v 0.317893 0.043822 -0.036020
v 0.317882 0.044438 0.034463
v 0.308850 0.026713 -0.049995
v 0.323424 0.040772 -0.029735
v 0.308850 0.026713 0.049994
v 0.319647 0.032131 -0.046217
v 0.323416 0.034569 -0.041835
v 0.323807 0.038655 -0.036190
v 0.323900 0.039423 0.034613
v 0.323416 0.034569 0.041835
v 0.319647 0.032131 0.046217
v 0.309864 0.025099 -0.049999
v 0.317242 0.021182 -0.049078
v 0.327991 0.032702 -0.034626
v 0.327699 0.033385 0.034610
v 0.316479 0.025077 0.049035
v 0.309864 0.025099 0.049999
v 0.310546 0.022429 -0.049995
v 0.322217 0.023821 -0.046219
v 0.326619 0.024353 -0.041843
v 0.329475 0.024699 -0.036310
v 0.330510 0.024661 -0.030152
v 0.330472 0.025011 0.030154
v 0.329475 0.024699 0.036310
v 0.326619 0.024353 0.041843
v 0.322217 0.023821 0.046218
v 0.310546 0.022429 0.049995
v 0.310493 0.018670 -0.050000
v 0.321831 0.014659 -0.046197
v 0.326143 0.013499 -0.041789
v 0.328921 0.012734 -0.036211
v 0.329767 0.012020 -0.030028
v 0.329875 0.012446 0.030037
v 0.328921 0.012734 0.036211
v 0.326143 0.013499 0.041789
v 0.321831 0.014659 0.046197
v 0.315287 0.011954 0.049044
v 0.310493 0.018670 0.049999
v 0.310031 0.016653 -0.049999
v 0.310031 0.016653 0.049999
v 0.309214 0.015069 -0.049998
v 0.312561 0.009174 -0.049018
v 0.317152 0.005754 -0.046132
v 0.320328 0.002511 -0.041623
v 0.324807 0.003020 -0.034613
v 0.325197 0.003553 0.034631
v 0.320328 0.002511 0.041622
v 0.317152 0.005754 0.046132
v 0.309214 0.015069 0.049998
v 0.307723 0.013668 -0.049995
v 0.319177 -0.002377 -0.034466
v 0.319727 -0.001987 0.034468
v 0.307723 0.013668 0.049994
v 0.308278 0.001450 -0.046215
v 0.308337 -0.003199 -0.041900
v 0.308867 -0.006073 -0.036383
v 0.312652 -0.005978 -0.029992
v 0.309305 -0.007091 0.030157
v 0.308867 -0.006073 0.036383
v 0.308337 -0.003199 0.041900
v 0.308154 0.001348 0.046182
v 0.306538 0.006707 0.049030
v 0.305049 0.012837 -0.049996
v 0.306563 0.006927 -0.049019
v 0.305049 0.012837 0.049996
v 0.306269 -0.007024 -0.030039
v 0.285590 0.013526 -0.050000
v 0.277017 -0.002424 -0.041768
v 0.276165 -0.005249 -0.036198
v 0.276814 -0.006247 0.030039
v 0.276165 -0.005249 0.036198
v 0.277017 -0.002424 0.041768
v 0.253212 0.008045 0.049027
v 0.285590 0.013526 0.050000
v 0.252274 0.013933 -0.050000
v 0.199645 -0.006013 -0.030000
v 0.252274 0.013933 0.050000
v 0.165049 0.007132 -0.049029
v 0.201352 0.002155 0.046193
v 0.206194 0.013905 -0.050000
v 0.205961 0.002145 -0.046180
v 0.206623 -0.002265 -0.041764
v 0.205979 -0.005119 -0.036192
v 0.207369 -0.006086 0.030000
v 0.205979 -0.005119 0.036192
v 0.206623 -0.002265 0.041764
v 0.206194 0.013905 0.050000
v 0.167425 0.006709 0.049023
v 0.178258 0.013252 -0.050001
v 0.166583 0.001121 -0.046208
v 0.165845 -0.003303 -0.041825
v 0.165358 -0.006171 -0.036274
v 0.168164 -0.007156 0.030036
v 0.168240 -0.006187 0.036168
v 0.165845 -0.003303 0.041825
v 0.178258 0.013252 0.050000
v 0.166641 0.001130 0.046228
v 0.169414 0.012835 -0.049999
v 0.163881 -0.006849 -0.030048
v 0.169414 0.012835 0.049999
v 0.167488 0.013165 -0.049999
v 0.161637 -0.005622 0.034628
v 0.167488 0.013165 0.049998
v 0.165960 0.013909 -0.049999
v 0.155917 0.006566 -0.046157
v 0.156500 0.000565 -0.041666
v 0.154277 -0.001987 -0.034468
v 0.154827 -0.002377 0.034466
v 0.156500 0.000565 0.041666
v 0.155917 0.006566 0.046157
v 0.159652 0.010915 0.049024
v 0.165960 0.013909 0.049999
v 0.164791 0.015069 -0.049998
v 0.157554 0.015240 -0.049060
v 0.150695 0.006752 -0.041795
v 0.148279 0.005168 -0.036214
v 0.147460 0.004596 -0.030031
v 0.147726 0.004190 0.030034
v 0.148279 0.005168 0.036213
v 0.150694 0.006752 0.041794
v 0.164791 0.015069 0.049998
v 0.163972 0.016653 -0.049999
v 0.163972 0.016653 0.049999
v 0.151533 0.019183 -0.046285
v 0.147088 0.018944 -0.041997
v 0.144537 0.013309 -0.034626
v 0.144725 0.012496 0.034609
v 0.147088 0.018944 0.041997
v 0.151532 0.019183 0.046285
v 0.163511 0.018671 -0.050000
v 0.157291 0.025048 0.049074
v 0.163511 0.018671 0.049999
v 0.144323 0.022260 -0.036345
v 0.143298 0.022526 -0.030196
v 0.143278 0.022122 0.030192
v 0.144323 0.022260 0.036344
v 0.163415 0.021193 -0.049999
v 0.163415 0.021193 0.049999
v 0.163696 0.023355 -0.049999
v 0.158379 0.027452 -0.049031
v 0.163696 0.023355 0.049999
v 0.153891 0.030901 -0.046218
v 0.150009 0.033155 -0.041837
v 0.145771 0.031733 -0.034610
v 0.145513 0.031044 0.034627
v 0.150009 0.033155 0.041837
v 0.153891 0.030901 0.046218
v 0.164337 0.025089 -0.049998
v 0.164337 0.025089 0.049998
v 0.149399 0.038110 -0.034613
v 0.149002 0.037587 0.034632
v 0.165329 0.026408 -0.049999
v 0.165329 0.026408 0.049999
v 0.164400 0.033247 -0.049016
v 0.161255 0.038144 -0.046132
v 0.156722 0.040412 -0.041668
v 0.155100 0.043382 -0.034467
v 0.154540 0.043000 0.034469
v 0.156722 0.040412 0.041668
v 0.161255 0.038144 0.046132
v 0.164400 0.033247 0.049016
v 0.166677 0.027325 -0.049998
v 0.166677 0.027325 0.049998
v 0.164493 0.043589 -0.041772
v 0.161835 0.046476 -0.034628
v 0.161157 0.046268 0.034610
v 0.164493 0.043589 0.041772
v 0.168389 0.027843 -0.049999
v 0.168389 0.027843 0.049999
v 0.169506 0.039771 -0.046176
v 0.170604 0.047354 -0.036114
v 0.170503 0.048316 -0.030007
v 0.170389 0.048310 0.029849
v 0.170604 0.047354 0.036114
v 0.169506 0.039771 0.046176
v 0.170610 0.028017 -0.050003
v 0.170610 0.028017 0.050003
v 0.177277 0.029658 -0.050000
v 0.178512 0.047255 -0.041727
v 0.178512 0.047255 0.041727
v 0.177277 0.029658 0.050000
v 0.185232 0.039397 -0.049017
v 0.182693 0.044417 -0.046164
v 0.182693 0.044417 0.046164
v 0.185232 0.039397 0.049017
v 0.183053 0.031823 -0.050000
v 0.183053 0.031823 0.050000
v 0.188768 0.034685 -0.050000
v 0.181420 0.052390 -0.036176
v 0.185027 0.055842 -0.029982
v 0.182785 0.054346 0.030104
v 0.181420 0.052390 0.036176
v 0.188768 0.034685 0.050000
v 0.194420 0.038243 -0.050000
v 0.194420 0.038243 0.050000
v 0.200012 0.042499 -0.049999
v 0.195230 0.059835 -0.041715
v 0.191455 0.060187 -0.036171
v 0.191455 0.060187 0.036171
v 0.195230 0.059835 0.041715
v 0.200012 0.042499 0.049999
v 0.201185 0.051786 -0.049018
v 0.199154 0.057677 -0.046157
v 0.199154 0.057677 0.046157
v 0.201185 0.051786 0.049018
v 0.204201 0.046207 -0.050000
v 0.193557 0.063993 0.029806
v 0.204201 0.046207 0.050000
v 0.208312 0.050678 -0.050001
v 0.195200 0.066289 -0.029996
v 0.208312 0.050678 0.050001
v 0.214070 0.058605 -0.050001
v 0.218419 0.077393 -0.049021
v 0.202781 0.076264 -0.036170
v 0.202781 0.076264 0.036170
v 0.218419 0.077393 0.049020
v 0.214070 0.058605 0.050000
v 0.219938 0.068487 -0.050000
v 0.216904 0.087866 -0.046186
v 0.208201 0.080743 -0.041748
v 0.205283 0.083436 -0.029999
v 0.204887 0.082648 0.029990
v 0.208200 0.080743 0.041748
v 0.216904 0.087866 0.046186
v 0.219938 0.068487 0.050000
v 0.225916 0.080322 -0.050000
v 0.225916 0.080322 0.050000
v 0.232007 0.094117 -0.050000
v 0.219081 0.105109 -0.041762
v 0.216475 0.106249 -0.036191
v 0.215865 0.107385 -0.030000
v 0.215589 0.106675 0.030024
v 0.216475 0.106249 0.036190
v 0.219081 0.105109 0.041762
v 0.232007 0.094117 0.050000
v 0.236957 0.106597 -0.050000
v 0.236957 0.106597 0.050000
v 0.317496 0.324041 -0.050000
v 0.319999 0.348952 -0.049025
v 0.314707 0.350681 -0.046198
v 0.310511 0.352088 -0.041790
v 0.307811 0.353004 -0.036228
v 0.307052 0.353834 -0.030061
v 0.306511 0.352322 0.030044
v 0.307811 0.353004 0.036228
v 0.310511 0.352089 0.041790
v 0.314707 0.350680 0.046198
v 0.320000 0.348953 0.049025
v 0.317496 0.324041 0.049999
v 0.332148 0.365226 -0.050000
v 0.332148 0.365226 0.050000
v 0.345354 0.404538 -0.050001
v 0.347373 0.430980 -0.049016
v 0.342805 0.435034 -0.046154
v 0.339189 0.438242 -0.041701
v 0.336732 0.440717 -0.035393
v 0.326518 0.411294 -0.029963
v 0.326138 0.410122 0.029963
v 0.336593 0.440561 0.035225
v 0.339189 0.438242 0.041701
v 0.342806 0.435033 0.046154
v 0.347373 0.430980 0.049016
v 0.345354 0.404538 0.050001
v 0.352233 0.426412 -0.050000
v 0.352233 0.426412 0.050000
v 0.398154 0.447519 -0.050000
v 0.399292 0.453894 -0.049059
v 0.395447 0.461957 -0.044329
v 0.394310 0.467272 -0.034641
v 0.393984 0.467205 0.034605
v 0.395447 0.461957 0.044328
v 0.399292 0.453894 0.049058
v 0.398154 0.447519 0.050000
v 0.400670 0.447313 -0.049994
v 0.403355 0.458770 -0.046230
v 0.404374 0.463092 -0.041873
v 0.405039 0.465906 -0.036355
v 0.405471 0.466877 -0.030205
v 0.405115 0.466956 0.030208
v 0.405039 0.465906 0.036354
v 0.404374 0.463092 0.041873
v 0.403355 0.458770 0.046230
v 0.400670 0.447313 0.049993
v 0.402904 0.446385 -0.049999
v 0.409824 0.449040 -0.049025
v 0.411106 0.455268 -0.046137
v 0.413935 0.458763 -0.041644
v 0.412913 0.462644 -0.036186
v 0.416512 0.461531 -0.029775
v 0.416099 0.461863 0.029776
v 0.415732 0.460984 0.035976
v 0.413935 0.458763 0.041644
v 0.411106 0.455268 0.046137
v 0.409824 0.449040 0.049025
v 0.402904 0.446385 0.049999
v 0.404110 0.445414 -0.050000
v 0.419008 0.457594 -0.036024
v 0.404110 0.445414 0.050000
v 0.405308 0.443715 -0.049998
v 0.415757 0.449191 -0.046176
v 0.419761 0.451149 -0.041750
v 0.423197 0.452863 -0.030035
v 0.423171 0.452973 0.029949
v 0.422329 0.452410 0.036172
v 0.419761 0.451149 0.041749
v 0.415757 0.449191 0.046176
v 0.405308 0.443715 0.049998
v 0.422698 0.451359 -0.036161
v 0.412210 0.423225 -0.050000
v 0.412210 0.423225 0.050000
v 0.450572 0.311284 -0.050000
v 0.450572 0.311284 0.050000
v 0.525749 0.093914 -0.050000
v 0.537372 0.079981 -0.049029
v 0.542467 0.082217 -0.046215
v 0.546539 0.083960 -0.041823
v 0.549171 0.085087 -0.036275
v 0.550156 0.085331 -0.030138
v 0.545656 0.097622 0.030020
v 0.549171 0.085088 0.036275
v 0.546539 0.083960 0.041823
v 0.542467 0.082217 0.046215
v 0.537372 0.079981 0.049029
v 0.525749 0.093914 0.049999
v 0.532759 0.075694 -0.050000
v 0.532759 0.075694 0.050000
v 0.558237 0.067165 0.029996
v 0.537748 0.064098 -0.050000
v 0.537748 0.064098 0.050000
v 0.542406 0.054614 -0.050000
v 0.551597 0.050794 -0.049018
v 0.554985 0.056176 -0.046143
v 0.560712 0.055112 -0.041734
v 0.562184 0.058141 -0.036161
v 0.562100 0.060262 -0.029891
v 0.562184 0.058141 0.036161
v 0.560712 0.055112 0.041734
v 0.554985 0.056176 0.046142
v 0.551597 0.050794 0.049018
v 0.542406 0.054614 0.050000
v 0.547341 0.046299 -0.050003
v 0.547341 0.046299 0.050003
v 0.566442 0.054217 0.029994
v 0.562226 0.046594 -0.046201
v 0.567317 0.053326 -0.030038
v 0.562226 0.046593 0.046201
v 0.552783 0.039602 -0.050000
v 0.552783 0.039602 0.049999
v 0.560675 0.040552 -0.049019
v 0.569385 0.050110 -0.036113
v 0.569385 0.050110 0.036113
v 0.560675 0.040552 0.049019
v 0.567995 0.047710 -0.041716
v 0.567995 0.047710 0.041716
v 0.557865 0.035063 -0.050001
v 0.557865 0.035063 0.050001
v 0.571556 0.050105 -0.029939
v 0.571499 0.050126 0.029925
v 0.569350 0.042148 -0.046149
v 0.569350 0.042148 0.046148
v 0.561723 0.032721 -0.050000
v 0.561723 0.032721 0.050000
v 0.569337 0.036381 -0.049015
v 0.569337 0.036381 0.049014
v 0.564682 0.031462 -0.050001
v 0.564682 0.031462 0.050001
v 0.572856 0.045958 -0.041751
v 0.572856 0.045958 0.041751
v 0.569087 0.030295 -0.050000
v 0.574993 0.048493 -0.036179
v 0.574993 0.048493 0.036179
v 0.569087 0.030295 0.050000
v 0.576211 0.029125 -0.050000
v 0.576211 0.029125 0.050000
v 0.589185 0.027790 -0.049998
v 0.593271 0.039128 -0.046220
v 0.594452 0.043443 -0.041845
v 0.593585 0.046461 -0.036256
v 0.595721 0.047210 -0.030034
v 0.593800 0.047435 0.030162
v 0.593585 0.046461 0.036255
v 0.594452 0.043443 0.041845
v 0.593271 0.039128 0.046220
v 0.589185 0.027790 0.049998
v 0.593801 0.033375 -0.049027
v 0.593801 0.033375 0.049027
v 0.591137 0.027322 -0.049999
v 0.591137 0.027322 0.049998
v 0.601659 0.043413 -0.036189
v 0.601841 0.043959 0.034630
v 0.592720 0.026401 -0.049999
v 0.603333 0.032946 -0.046156
v 0.603099 0.039037 -0.041667
v 0.603099 0.039037 0.041666
v 0.603333 0.032946 0.046156
v 0.592720 0.026401 0.049999
v 0.606810 0.040313 -0.034549
v 0.607924 0.039087 0.034467
v 0.593881 0.025080 -0.049998
v 0.601218 0.024023 -0.049070
v 0.608537 0.032378 -0.041796
v 0.611913 0.034307 -0.030033
v 0.608536 0.032378 0.041796
v 0.601218 0.024022 0.049069
v 0.593881 0.025080 0.049998
v 0.611826 0.031928 -0.036185
v 0.612114 0.032669 0.034611
v 0.594629 0.023351 -0.049999
v 0.594629 0.023351 0.049999
v 0.606744 0.021960 -0.046244
v 0.611175 0.022237 -0.041903
v 0.614069 0.022420 -0.036396
v 0.615135 0.022271 -0.030255
v 0.615110 0.022716 0.030259
v 0.614069 0.022420 0.036396
v 0.611175 0.022237 0.041903
v 0.606744 0.021959 0.046243
v 0.594958 0.021193 -0.049999
v 0.594958 0.021193 0.049998
v 0.594846 0.018674 -0.049999
v 0.594846 0.018674 0.049999
v 0.605254 0.011868 -0.046216
v 0.609331 0.009996 -0.041831
v 0.613428 0.011844 -0.034610
v 0.613627 0.012577 0.034626
v 0.609331 0.009995 0.041830
v 0.605254 0.011868 0.046216
v 0.594306 0.016659 -0.049998
v 0.599270 0.012361 -0.049014
v 0.599270 0.012361 0.049013
v 0.594306 0.016659 0.049998
v 0.610426 0.005118 -0.034612
v 0.610774 0.005688 0.034631
v 0.593351 0.015077 -0.049999
v 0.593351 0.015077 0.049999
v 0.599445 0.004479 -0.046129
v 0.602094 0.000845 -0.041625
v 0.606608 0.000526 -0.034399
v 0.607268 0.001187 0.034398
v 0.602094 0.000845 0.041625
v 0.599445 0.004479 0.046129
v 0.591980 0.013915 -0.049998
v 0.591720 0.006799 -0.049036
v 0.602108 -0.002978 -0.034631
v 0.602678 -0.002630 0.034612
v 0.591720 0.006799 0.049036
v 0.591980 0.013915 0.049998
v 0.590183 0.013166 -0.049999
v 0.590770 0.001138 -0.046206
v 0.591456 -0.003279 -0.041813
v 0.592168 -0.006065 -0.036254
v 0.592156 -0.007101 -0.030201
v 0.592403 -0.007098 0.030014
v 0.591998 -0.006118 0.036239
v 0.591526 -0.003258 0.041817
v 0.590770 0.001138 0.046205
v 0.590183 0.013166 0.049999
v 0.588138 0.012856 -0.050000
v 0.588138 0.012856 0.049999
v 0.500284 -0.005831 -0.030000
v 0.502795 -0.002039 0.041734
v 0.525729 0.013892 -0.050000
v 0.496785 0.007938 -0.049019
v 0.504648 0.002317 -0.046171
v 0.513388 -0.002172 -0.041741
v 0.504648 0.002317 0.046171
v 0.496785 0.007938 0.049019
v 0.525729 0.013892 0.050000
v 0.498394 -0.004962 0.036180
v 0.498606 -0.005960 0.029976
v 0.499814 -0.005009 -0.036172
v 0.487236 0.013933 -0.050001
v 0.487236 0.013933 0.050000
v 0.416942 -0.003209 -0.041771
v 0.418578 -0.006420 -0.035465
v 0.421553 0.012861 -0.050000
v 0.418108 0.001146 -0.046182
v 0.419635 -0.007159 0.030058
v 0.418108 0.001146 0.046181
v 0.421553 0.012861 0.049999
v 0.419783 -0.006185 0.036200
v 0.416729 -0.003171 0.041704
v 0.419094 0.006848 -0.049015
v 0.419094 0.006848 0.049015
v 0.420396 0.013160 -0.049999
v 0.411998 -0.004729 -0.034460
v 0.412578 -0.004988 0.034457
v 0.420396 0.013160 0.049998
v 0.419336 0.013894 -0.049998
v 0.412986 0.011710 -0.049036
v 0.408171 0.008762 -0.046285
v 0.406692 0.003470 -0.041807
v 0.404535 0.001530 -0.036226
v 0.405135 -0.000409 -0.030002
v 0.407385 -0.001740 0.034605
v 0.406692 0.003470 0.041807
v 0.408171 0.008763 0.046284
v 0.412986 0.011710 0.049036
v 0.419336 0.013894 0.049998
v 0.403207 0.002493 0.034612
v 0.418516 0.015052 -0.049999
v 0.399433 0.008185 -0.030044
v 0.418516 0.015052 0.049999
v 0.402232 0.012209 -0.041777
v 0.399478 0.011398 -0.036200
v 0.398634 0.010728 0.030017
v 0.399478 0.011397 0.036200
v 0.402232 0.012209 0.041777
v 0.417731 0.017457 -0.049997
v 0.417731 0.017457 0.049997
v 0.411319 0.023680 -0.049040
v 0.405816 0.024534 -0.046294
v 0.397469 0.019326 -0.030106
v 0.405816 0.024534 0.046294
v 0.411319 0.023680 0.049040
v 0.401351 0.021852 -0.041818
v 0.398488 0.021961 -0.036272
v 0.397472 0.021841 0.030105
v 0.398488 0.021961 0.036272
v 0.401351 0.021852 0.041818
v 0.417594 0.022474 -0.049997
v 0.417594 0.022474 0.049996
v 0.398680 0.030377 -0.030019
v 0.403072 0.031365 -0.041796
v 0.400420 0.032510 -0.036219
v 0.399512 0.032929 0.030047
v 0.400420 0.032509 0.036218
v 0.403072 0.031365 0.041795
v 0.418196 0.025102 -0.049999
v 0.418196 0.025102 0.049999
v 0.419105 0.026722 -0.049993
v 0.416525 0.033170 -0.049041
v 0.411086 0.035853 -0.046137
v 0.402980 0.038737 -0.030011
v 0.411086 0.035853 0.046137
v 0.416525 0.033170 0.049041
v 0.419105 0.026722 0.049993
v 0.409273 0.040095 -0.041618
v 0.407371 0.042476 -0.035364
v 0.405385 0.041479 0.030005
v 0.407489 0.042333 0.035920
v 0.409273 0.040095 0.041618
v 0.420781 0.027819 -0.049994
v 0.412567 0.046214 -0.029810
v 0.414684 0.047241 0.029741
v 0.420781 0.027819 0.049994
v 0.418546 0.039422 -0.046196
v 0.417549 0.043767 -0.041793
v 0.416897 0.046569 -0.036230
v 0.416897 0.046569 0.036230
v 0.417549 0.043767 0.041792
v 0.418546 0.039422 0.046196
v 0.419787 0.047685 -0.030475
v 0.431003 0.028632 -0.050000
v 0.443889 0.036707 -0.049014
v 0.435188 0.040946 -0.046173
v 0.434363 0.045300 -0.041745
v 0.436052 0.048397 -0.036166
v 0.433039 0.048964 0.029997
v 0.436052 0.048397 0.036166
v 0.434363 0.045300 0.041745
v 0.435188 0.040946 0.046173
v 0.436319 0.035469 0.049019
v 0.431003 0.028632 0.050000
v 0.440901 0.030108 -0.050001
v 0.440315 0.050417 -0.029976
v 0.440901 0.030108 0.050000
v 0.448982 0.032219 -0.050001
v 0.450873 0.045990 -0.046039
v 0.447404 0.049065 -0.041671
v 0.444252 0.051663 0.030074
v 0.447404 0.049065 0.041670
v 0.451044 0.046112 0.046038
v 0.455298 0.041909 0.048968
v 0.448982 0.032219 0.050001
v 0.445093 0.051012 -0.036229
v 0.445134 0.051071 0.036205
v 0.455238 0.034962 -0.050003
v 0.444219 0.051580 -0.030095
v 0.455238 0.034962 0.050003
v 0.456303 0.043647 -0.049003
v 0.458586 0.037365 -0.050000
v 0.458586 0.037365 0.050000
v 0.460381 0.039203 -0.050000
v 0.460381 0.039203 0.050000
v 0.462148 0.041959 -0.050006
v 0.462148 0.041959 0.050005
v 0.463481 0.046405 -0.050000
v 0.463481 0.046405 0.050000
v 0.458244 0.052703 0.049019
v 0.452824 0.055652 -0.046162
v 0.464099 0.050085 -0.050000
v 0.458247 0.053660 -0.049020
v 0.464099 0.050085 0.050000
v 0.448288 0.056318 -0.041712
v 0.445434 0.056326 -0.036130
v 0.444470 0.056178 0.029899
v 0.448288 0.056318 0.041711
v 0.452722 0.056630 0.046156
v 0.464360 0.054880 -0.050001
v 0.464360 0.054880 0.050000
v 0.443945 0.059746 -0.029920
v 0.444913 0.059724 0.036104
v 0.463835 0.061363 -0.050000
v 0.463835 0.061363 0.050000
v 0.454869 0.076204 -0.049032
v 0.454869 0.076204 0.049032
v 0.462654 0.068301 -0.050000
v 0.462654 0.068301 0.050000
v 0.459770 0.080398 -0.050000
v 0.446804 0.083516 -0.046214
v 0.442554 0.082275 -0.041820
v 0.439808 0.081472 -0.036270
v 0.438696 0.081666 -0.030101
v 0.438959 0.080784 0.030092
v 0.439808 0.081472 0.036270
v 0.442554 0.082275 0.041820
v 0.446804 0.083515 0.046213
v 0.459770 0.080398 0.050000
v 0.378160 0.316741 -0.050000
v 0.359233 0.354549 -0.048998
v 0.358986 0.337187 -0.046124
v 0.358795 0.323594 -0.041728
v 0.358673 0.314835 -0.036195
v 0.358629 0.311780 -0.030017
v 0.358619 0.311824 0.030056
v 0.358673 0.314835 0.036194
v 0.358795 0.323594 0.041728
v 0.358986 0.337187 0.046124
v 0.359233 0.354549 0.048998
v 0.378160 0.316741 0.050000
v 0.359615 0.375533 -0.050005
v 0.359615 0.375533 0.050005
v 0.333408 0.300342 -0.050000
v 0.333408 0.300342 0.050000
v 0.296040 0.196795 -0.050001
v 0.304750 0.202397 -0.049013
v 0.312506 0.207840 -0.046184
v 0.318727 0.212061 -0.041759
v 0.323010 0.214883 -0.035971
v 0.323128 0.214872 0.035975
v 0.318727 0.212061 0.041759
v 0.312506 0.207840 0.046184
v 0.304750 0.202397 0.049013
v 0.296040 0.196795 0.050001
v 0.315751 0.215980 -0.029957
v 0.314983 0.215997 0.029960
v 0.312498 0.196114 -0.050000
v 0.312498 0.196114 0.050000
v 0.342141 0.195708 -0.050000
v 0.402922 0.207588 -0.046156
v 0.402922 0.207588 0.046156
v 0.342141 0.195708 0.050000
v 0.398003 0.215835 -0.030000
v 0.397206 0.215820 0.029995
v 0.385550 0.195737 -0.050000
v 0.410688 0.202315 -0.049017
v 0.397015 0.211979 -0.041785
v 0.399066 0.214911 -0.036158
v 0.392793 0.214803 0.036018
v 0.397015 0.211979 0.041785
v 0.410688 0.202315 0.049017
v 0.385550 0.195737 0.049999
v 0.411903 0.196391 -0.050001
v 0.411904 0.196391 0.050000
v 0.419261 0.196805 -0.050000
v 0.392375 0.214715 -0.034605
v 0.419261 0.196805 0.050000
v 0.773657 0.213887 -0.050000
v 0.743663 0.208190 -0.049011
v 0.743663 0.208190 0.049010
v 0.773657 0.213887 0.049999
v 0.748909 0.194291 0.030001
v 0.754928 0.214153 -0.050000
v 0.749031 0.202543 -0.046182
v 0.753408 0.197939 -0.041787
v 0.747675 0.195336 -0.036181
v 0.747113 0.194380 -0.030000
v 0.747675 0.195336 0.036181
v 0.753408 0.197939 0.041786
v 0.749031 0.202543 0.046181
v 0.754928 0.214153 0.050000
v 0.737294 0.214989 -0.050007
v 0.737294 0.214989 0.050007
v 0.756917 0.194043 -0.034605
v 0.756841 0.193970 0.034641
v 0.737303 0.107925 -0.050000
v 0.744256 0.060259 -0.049024
v 0.749584 0.065001 -0.046198
v 0.753873 0.069241 -0.041792
v 0.756384 0.093221 -0.036203
v 0.757372 0.092984 -0.030027
v 0.757364 0.093878 0.030021
v 0.756384 0.093222 0.036202
v 0.753873 0.069241 0.041791
v 0.749584 0.065001 0.046198
v 0.744256 0.060259 0.049024
v 0.737303 0.107925 0.050000
v 0.737630 0.078704 -0.050000
v 0.737630 0.078704 0.050000
v 0.757226 0.064832 -0.036176
v 0.758532 0.061041 -0.029999
v 0.758181 0.065155 0.029999
v 0.757226 0.064832 0.036176
v 0.738292 0.063591 -0.050001
v 0.738292 0.063591 0.050001
v 0.739022 0.057605 -0.050000
v 0.739022 0.057605 0.049999
v 0.756010 0.055717 -0.041751
v 0.758719 0.056597 -0.036176
v 0.759606 0.057049 0.029997
v 0.758719 0.056596 0.036176
v 0.756010 0.055717 0.041751
v 0.740572 0.051057 -0.050001
v 0.740572 0.051057 0.050000
v 0.754500 0.048001 -0.046088
v 0.754500 0.048001 0.046088
v 0.742929 0.045021 -0.050001
v 0.761703 0.052439 -0.029907
v 0.742929 0.045021 0.050001
v 0.751019 0.043378 -0.049006
v 0.751019 0.043378 0.049005
v 0.759114 0.049645 -0.041667
v 0.760889 0.051973 -0.036143
v 0.761601 0.052654 0.029965
v 0.760889 0.051973 0.036143
v 0.758644 0.050208 0.041714
v 0.745234 0.041155 -0.050001
v 0.745234 0.041155 0.050000
v 0.748021 0.037946 -0.050004
v 0.748021 0.037946 0.050003
v 0.751474 0.035307 -0.050001
v 0.751474 0.035307 0.050000
v 0.763965 0.047124 0.041743
v 0.754661 0.033573 -0.050000
v 0.761760 0.037315 -0.049020
v 0.763317 0.042729 -0.046176
v 0.765303 0.049785 -0.036175
v 0.765574 0.050734 0.029995
v 0.765303 0.049785 0.036175
v 0.763317 0.042729 0.046176
v 0.761760 0.037315 0.049020
v 0.754661 0.033573 0.050000
v 0.758247 0.032185 -0.050000
v 0.765869 0.046825 -0.041753
v 0.758247 0.032185 0.050000
v 0.766662 0.050646 -0.029999
v 0.762155 0.031170 -0.050000
v 0.762155 0.031170 0.050000
v 0.769095 0.030145 -0.050000
v 0.769095 0.030145 0.050000
v 0.789476 0.027853 -0.049999
v 0.793791 0.047493 -0.030002
v 0.789476 0.027853 0.049999
v 0.794721 0.032736 -0.049035
v 0.794591 0.038871 -0.046139
v 0.796261 0.043069 -0.041644
v 0.797320 0.045740 -0.035962
v 0.795797 0.047062 0.030020
v 0.797320 0.045740 0.035962
v 0.796261 0.043069 0.041644
v 0.794591 0.038871 0.046139
v 0.795899 0.032064 0.049068
v 0.790628 0.027426 -0.049999
v 0.800597 0.044913 -0.029845
v 0.790628 0.027426 0.049999
v 0.803498 0.042980 0.029845
v 0.791692 0.026583 -0.049999
v 0.801238 0.033672 -0.046198
v 0.804694 0.036505 -0.041791
v 0.806913 0.038350 -0.036211
v 0.807663 0.039008 -0.030028
v 0.806913 0.038350 0.036211
v 0.804694 0.036505 0.041791
v 0.801238 0.033672 0.046198
v 0.791692 0.026583 0.049998
v 0.810194 0.035316 0.030043
v 0.792513 0.025363 -0.049999
v 0.792513 0.025363 0.049999
v 0.799420 0.024303 -0.049032
v 0.804881 0.025434 -0.046249
v 0.809240 0.026337 -0.041914
v 0.811347 0.031142 -0.034626
v 0.812093 0.026932 0.036406
v 0.809240 0.026337 0.041914
v 0.804881 0.025434 0.046249
v 0.793297 0.022939 -0.049996
v 0.793297 0.022939 0.049996
v 0.812392 0.023790 -0.036286
v 0.813418 0.023738 -0.030123
v 0.813387 0.024068 0.030125
v 0.799866 0.018363 0.049043
v 0.793416 0.018081 -0.049997
v 0.793416 0.018081 0.049996
v 0.798313 0.011829 -0.049041
v 0.804779 0.014459 -0.046194
v 0.809103 0.013361 -0.041783
v 0.811887 0.012638 -0.036206
v 0.812747 0.011964 -0.030023
v 0.812843 0.012365 0.030030
v 0.811887 0.012638 0.036206
v 0.809103 0.013361 0.041783
v 0.804779 0.014459 0.046194
v 0.792672 0.015584 -0.049999
v 0.792672 0.015584 0.049999
v 0.800491 0.005850 -0.046134
v 0.803749 0.002691 -0.041626
v 0.808196 0.003292 -0.034612
v 0.808571 0.003836 0.034630
v 0.803749 0.002691 0.041626
v 0.800491 0.005850 0.046134
v 0.793557 0.007076 0.049058
v 0.791806 0.014315 -0.049999
v 0.791806 0.014315 0.049999
v 0.802849 -0.002143 -0.034466
v 0.803380 -0.001744 0.034467
v 0.790323 0.013262 -0.049994
v 0.790323 0.013262 0.049994
v 0.790638 0.006867 -0.049028
v 0.791589 0.001303 -0.046221
v 0.792626 -0.003091 -0.041812
v 0.793287 -0.005916 -0.036236
v 0.793543 -0.006889 -0.030071
v 0.796724 -0.005785 0.030009
v 0.793287 -0.005916 0.036235
v 0.792626 -0.003091 0.041812
v 0.791589 0.001303 0.046221
v 0.788312 0.012840 -0.050000
v 0.789534 -0.007208 0.029991
v 0.788312 0.012840 0.049999
v 0.765646 0.013725 -0.050000
v 0.747496 -0.001806 -0.041756
v 0.747556 -0.004649 -0.036181
v 0.747632 -0.005631 -0.030001
v 0.747556 -0.004649 0.036180
v 0.747496 -0.001806 0.041755
v 0.765646 0.013725 0.050000
v 0.738129 -0.005368 0.030026
v 0.735768 0.014670 -0.050000
v 0.735768 0.014670 0.050000
v 0.711367 0.015104 -0.050001
v 0.695356 0.009008 -0.049018
v 0.695414 0.003424 -0.046166
v 0.695455 -0.001001 -0.041727
v 0.691201 -0.003838 -0.036134
v 0.695150 -0.004802 -0.029957
v 0.695482 -0.003834 0.036140
v 0.695455 -0.001001 0.041727
v 0.695414 0.003424 0.046165
v 0.695356 0.009008 0.049018
v 0.711367 0.015104 0.050000
v 0.693458 -0.004841 0.029956
v 0.683423 0.014948 -0.050000
v 0.683423 0.014948 0.050000
v 0.644239 0.013723 -0.050000
v 0.621128 0.006693 -0.049028
v 0.620153 0.001136 -0.046221
v 0.619370 -0.003288 -0.041849
v 0.621549 -0.007181 -0.030001
v 0.621611 -0.007167 0.030087
v 0.621671 -0.006180 0.036219
v 0.619370 -0.003288 0.041849
v 0.620153 0.001136 0.046220
v 0.621128 0.006693 0.049027
v 0.644239 0.013723 0.050000
v 0.621918 -0.006217 -0.036210
v 0.622951 0.012839 -0.049999
v 0.622951 0.012839 0.049999
v 0.620932 0.013262 -0.049994
v 0.614491 -0.005332 -0.034612
v 0.615129 -0.005548 0.034629
v 0.620932 0.013262 0.049994
v 0.613781 0.010856 -0.049024
v 0.612850 0.004323 -0.046145
v 0.610163 0.000749 -0.041666
v 0.607874 -0.001744 -0.034467
v 0.608405 -0.002143 0.034466
v 0.610163 0.000749 0.041665
v 0.612850 0.004323 0.046145
v 0.613781 0.010856 0.049023
v 0.619448 0.014315 -0.049999
v 0.619448 0.014315 0.049999
v 0.607957 0.010142 -0.046212
v 0.604001 0.008033 -0.041823
v 0.602683 0.003836 -0.034630
v 0.603058 0.003292 0.034612
v 0.604001 0.008033 0.041823
v 0.607957 0.010142 0.046212
v 0.618582 0.015584 -0.049999
v 0.618582 0.015584 0.049999
v 0.599614 0.010183 -0.034626
v 0.599861 0.009454 0.034609
v 0.617833 0.018110 -0.049994
v 0.617833 0.018110 0.049994
v 0.611749 0.025237 -0.049077
v 0.606001 0.018707 -0.046220
v 0.601573 0.018486 -0.041847
v 0.598699 0.018343 -0.036316
v 0.597665 0.018471 -0.030158
v 0.597682 0.018098 0.030161
v 0.598699 0.018343 0.036316
v 0.601573 0.018486 0.041847
v 0.606001 0.018707 0.046220
v 0.611749 0.025237 0.049077
v 0.618000 0.022927 -0.049995
v 0.618000 0.022927 0.049995
v 0.607800 0.030064 -0.046260
v 0.602770 0.028999 -0.041789
v 0.600054 0.029965 -0.036212
v 0.599262 0.030733 -0.030029
v 0.598396 0.026884 0.029991
v 0.600054 0.029965 0.036211
v 0.602770 0.028998 0.041789
v 0.607800 0.030064 0.046259
v 0.601039 0.034635 0.030016
v 0.618977 0.025354 -0.049999
v 0.618977 0.025354 0.049998
v 0.606965 0.036433 -0.041769
v 0.604723 0.039087 -0.034612
v 0.606965 0.036433 0.041769
v 0.619998 0.026574 -0.049999
v 0.605740 0.040283 0.034616
v 0.619998 0.026574 0.049999
v 0.619004 0.033409 -0.049016
v 0.616804 0.038677 -0.046149
v 0.615064 0.042857 -0.041669
v 0.611692 0.044173 -0.035978
v 0.611501 0.045109 -0.029777
v 0.611692 0.044173 0.035977
v 0.615064 0.042857 0.041669
v 0.616804 0.038677 0.046149
v 0.619004 0.033409 0.049016
v 0.621899 0.027688 -0.049994
v 0.615101 0.046752 0.030034
v 0.621899 0.027688 0.049993
v 0.619078 0.047127 -0.034616
v 0.618966 0.046544 0.036164
v 0.632289 0.028933 -0.050000
v 0.650097 0.037934 -0.049010
v 0.644187 0.042423 -0.046175
v 0.636802 0.045800 -0.041755
v 0.636332 0.048603 -0.036180
v 0.636153 0.049567 -0.030000
v 0.635763 0.049512 0.030000
v 0.636332 0.048603 0.036180
v 0.636802 0.045800 0.041755
v 0.646775 0.042937 0.046157
v 0.646546 0.037164 0.049019
v 0.632289 0.028933 0.050000
v 0.642744 0.030396 -0.050000
v 0.642744 0.030396 0.050000
v 0.649497 0.031778 -0.050001
v 0.647722 0.048371 -0.041660
v 0.645940 0.050672 -0.036138
v 0.645321 0.051472 -0.029957
v 0.645309 0.051461 0.029971
v 0.645939 0.050672 0.036137
v 0.647722 0.048371 0.041659
v 0.649497 0.031778 0.050000
v 0.654525 0.033731 -0.050002
v 0.654525 0.033731 0.050002
v 0.651467 0.045750 -0.046152
v 0.655066 0.041493 0.049012
v 0.658108 0.036122 -0.050000
v 0.658108 0.036122 0.050000
v 0.653450 0.048528 0.046076
v 0.660165 0.038038 -0.050001
v 0.660165 0.038038 0.050001
v 0.659024 0.047093 -0.049001
v 0.662617 0.041210 -0.050001
v 0.662617 0.041210 0.050000
v 0.659720 0.049260 0.049017
v 0.665283 0.046983 -0.050005
v 0.654770 0.052839 -0.046132
v 0.650504 0.054054 -0.041672
v 0.647788 0.054830 -0.036075
v 0.646911 0.055217 -0.029899
v 0.646836 0.054948 0.029870
v 0.647788 0.054830 0.036075
v 0.650504 0.054054 0.041672
v 0.665283 0.046983 0.050004
v 0.667203 0.054833 -0.050001
v 0.667203 0.054833 0.050000
v 0.668713 0.065587 -0.050000
v 0.664075 0.081332 -0.049021
v 0.658528 0.082067 -0.046182
v 0.654120 0.082544 -0.041762
v 0.650342 0.072572 -0.036174
v 0.649450 0.073658 -0.029999
v 0.649375 0.072735 0.029989
v 0.650342 0.072571 0.036173
v 0.654120 0.082544 0.041761
v 0.658528 0.082068 0.046182
v 0.664075 0.081332 0.049021
v 0.668713 0.065587 0.050000
v 0.669818 0.079236 -0.050000
v 0.669818 0.079236 0.050000
v 0.670731 0.102694 -0.050000
v 0.651710 0.102975 -0.036182
v 0.650749 0.104199 -0.030000
v 0.650733 0.103087 0.030005
v 0.651710 0.102975 0.036182
v 0.670731 0.102694 0.050000
v 0.670766 0.360082 -0.050000
v 0.664250 0.386043 -0.049025
v 0.658575 0.388591 -0.046195
v 0.654349 0.382297 -0.041785
v 0.651750 0.359915 -0.036198
v 0.650509 0.382104 -0.030048
v 0.650522 0.381721 0.030043
v 0.651750 0.359916 0.036197
v 0.654349 0.382297 0.041785
v 0.658730 0.384195 0.046195
v 0.664250 0.386043 0.049025
v 0.670766 0.360082 0.049999
v 0.670271 0.383707 -0.050000
v 0.650923 0.389309 -0.036180
v 0.650923 0.389309 0.036180
v 0.670271 0.383707 0.050000
v 0.669712 0.391423 -0.050000
v 0.669712 0.391423 0.050000
v 0.652500 0.395711 -0.041752
v 0.648824 0.394644 -0.029996
v 0.648870 0.394476 0.029997
v 0.652500 0.395711 0.041751
v 0.668494 0.398241 -0.050000
v 0.654754 0.402867 0.046084
v 0.668494 0.398241 0.050000
v 0.659363 0.406408 -0.048997
v 0.659363 0.406408 0.048996
v 0.648324 0.399021 -0.036159
v 0.648324 0.399021 0.036159
v 0.666497 0.404696 -0.050000
v 0.653582 0.404403 -0.046066
v 0.666497 0.404696 0.050000
v 0.649995 0.401508 -0.041696
v 0.647509 0.398426 -0.030015
v 0.647558 0.398361 0.030018
v 0.649995 0.401508 0.041696
v 0.664439 0.409217 -0.050002
v 0.664439 0.409217 0.050002
v 0.662762 0.411552 -0.050001
v 0.662762 0.411552 0.050001
v 0.660446 0.413737 -0.050001
v 0.660446 0.413737 0.050001
v 0.657558 0.415658 -0.050001
v 0.657558 0.415658 0.050000
v 0.647413 0.413412 -0.049020
v 0.645838 0.407998 0.046176
v 0.647413 0.413412 0.049020
v 0.654098 0.417312 -0.050000
v 0.654098 0.417312 0.050000
v 0.642385 0.401159 -0.036180
v 0.642158 0.400201 0.030003
v 0.642385 0.401159 0.036180
v 0.650065 0.418698 -0.050000
v 0.650065 0.418698 0.049999
v 0.641998 0.408543 -0.046180
v 0.641388 0.400232 -0.029999
v 0.645699 0.419752 -0.050001
v 0.639707 0.404354 -0.041734
v 0.639706 0.404354 0.041734
v 0.645699 0.419752 0.050000
v 0.638161 0.420798 -0.050000
v 0.638161 0.420798 0.050000
v 0.616840 0.423092 -0.050000
v 0.609757 0.403842 -0.030041
v 0.616840 0.423092 0.049999
v 0.611554 0.418134 -0.049032
v 0.612172 0.412028 -0.046209
v 0.610607 0.407830 -0.041818
v 0.609575 0.405114 -0.036246
v 0.610996 0.403767 0.030014
v 0.609575 0.405114 0.036246
v 0.610607 0.407830 0.041817
v 0.612172 0.412028 0.046208
v 0.611554 0.418134 0.049032
v 0.615558 0.423517 -0.049998
v 0.615558 0.423517 0.049998
v 0.603477 0.407347 0.029847
v 0.614098 0.424606 -0.049996
v 0.605195 0.416637 -0.046135
v 0.601848 0.413643 -0.041639
v 0.599693 0.411203 -0.034879
v 0.601848 0.413643 0.041638
v 0.605195 0.416637 0.046135
v 0.614098 0.424606 0.049996
v 0.599118 0.411881 0.034897
v 0.594520 0.418230 -0.030046
v 0.613083 0.426336 -0.049999
v 0.606113 0.427865 -0.049043
v 0.600617 0.426993 -0.046313
v 0.597185 0.422372 -0.041781
v 0.594450 0.421487 -0.036204
v 0.593630 0.420771 0.030021
v 0.594450 0.421487 0.036204
v 0.597185 0.422372 0.041781
v 0.600617 0.426993 0.046313
v 0.606113 0.427865 0.049042
v 0.613083 0.426336 0.049999
v 0.612407 0.429047 -0.049996
v 0.612407 0.429047 0.049996
v 0.592266 0.429635 -0.030125
v 0.596153 0.432297 -0.041830
v 0.593287 0.432407 -0.036290
v 0.592264 0.432273 0.030127
v 0.593287 0.432407 0.036289
v 0.596153 0.432297 0.041829
v 0.612562 0.434050 -0.049996
v 0.612562 0.434050 0.049996
v 0.593648 0.441378 -0.030024
v 0.608070 0.440231 -0.049021
v 0.603265 0.443386 -0.046184
v 0.598107 0.442363 -0.041804
v 0.595480 0.443582 -0.036226
v 0.594583 0.444028 0.030056
v 0.595480 0.443582 0.036226
v 0.598107 0.442363 0.041803
v 0.603265 0.443386 0.046183
v 0.608070 0.440231 0.049021
v 0.613443 0.436455 -0.049999
v 0.613443 0.436455 0.049998
v 0.599709 0.451643 -0.029741
v 0.614362 0.437612 -0.049999
v 0.603475 0.449842 -0.041662
v 0.601585 0.451966 -0.036020
v 0.600994 0.452139 0.034462
v 0.603475 0.449841 0.041661
v 0.614362 0.437612 0.049999
v 0.615555 0.438350 -0.049998
v 0.615070 0.444808 -0.049030
v 0.613868 0.450335 -0.046234
v 0.612864 0.454694 -0.041921
v 0.608305 0.456689 -0.034634
v 0.607721 0.456453 0.034614
v 0.612175 0.454502 0.041845
v 0.613334 0.450160 0.046221
v 0.614856 0.444744 0.049023
v 0.615555 0.438350 0.049998
v 0.617032 0.438675 -0.049999
v 0.615556 0.457721 -0.036207
v 0.615044 0.458627 -0.030030
v 0.614986 0.458644 0.029923
v 0.615556 0.457721 0.036206
v 0.617032 0.438675 0.049999
v 0.670005 0.453238 0.041687
v 0.669643 0.448819 0.046145
v 0.648077 0.437602 -0.050000
v 0.648078 0.437602 0.050001
v 0.677342 0.443158 -0.049017
v 0.677875 0.453139 -0.041742
v 0.678984 0.455976 -0.036133
v 0.678983 0.455976 0.036133
v 0.681378 0.448698 -0.046174
v 0.691540 0.456892 -0.030000
v 0.689949 0.456904 0.030002
v 0.691924 0.443096 0.049021
v 0.696077 0.436915 -0.050000
v 0.696077 0.436915 0.050000
v 0.797470 0.439247 -0.050000
v 0.810231 0.445412 -0.049026
v 0.811111 0.450965 -0.046192
v 0.811623 0.455384 -0.041769
v 0.811963 0.458224 -0.036189
v 0.805692 0.459247 -0.030001
v 0.795520 0.458840 0.034398
v 0.811623 0.455384 0.041769
v 0.811111 0.450964 0.046192
v 0.810231 0.445412 0.049026
v 0.797470 0.439247 0.050000
v 0.811693 0.438999 -0.050000
v 0.818843 0.458345 0.034742
v 0.811693 0.438999 0.050000
v 0.825271 0.438257 -0.050000
v 0.835349 0.457521 -0.030001
v 0.825271 0.438257 0.050000
v 0.838203 0.437019 -0.050000
v 0.857447 0.440701 -0.049027
v 0.859168 0.446056 -0.046198
v 0.860363 0.450348 -0.041778
v 0.856610 0.454303 -0.034605
v 0.847076 0.455697 0.034625
v 0.860363 0.450348 0.041777
v 0.859168 0.446056 0.046197
v 0.857447 0.440701 0.049027
v 0.838203 0.437019 0.050000
v 0.850490 0.435286 -0.050000
v 0.850490 0.435286 0.050000
v 0.862131 0.433057 -0.050000
v 0.872567 0.450247 -0.036180
v 0.872389 0.450866 0.034625
v 0.862131 0.433057 0.050000
v 0.873126 0.430334 -0.050000
v 0.885695 0.447548 -0.030002
v 0.873126 0.430334 0.050000
v 0.883475 0.427115 -0.050000
v 0.900281 0.427503 -0.049030
v 0.903166 0.432322 -0.046210
v 0.894314 0.440490 -0.041763
v 0.895459 0.443102 -0.036181
v 0.895412 0.443719 0.034626
v 0.894314 0.440490 0.041763
v 0.903166 0.432322 0.046209
v 0.900281 0.427503 0.049030
v 0.883475 0.427115 0.050000
v 0.893179 0.423401 -0.050000
v 0.907440 0.439038 -0.030003
v 0.893179 0.423401 0.050000
v 0.902236 0.419192 -0.050000
v 0.914504 0.431103 -0.041766
v 0.916008 0.433529 -0.036184
v 0.916087 0.434125 0.034627
v 0.914504 0.431103 0.041766
v 0.902236 0.419192 0.050000
v 0.910649 0.414488 -0.050000
v 0.926471 0.428223 -0.029776
v 0.910649 0.414488 0.050000
v 0.918415 0.409288 -0.050000
v 0.937625 0.401840 -0.048989
v 0.929448 0.415920 -0.046108
v 0.932213 0.419389 -0.041607
v 0.933962 0.421582 -0.035965
v 0.933711 0.422430 0.034442
v 0.932213 0.419389 0.041607
v 0.929448 0.415920 0.046108
v 0.937625 0.401840 0.048989
v 0.918415 0.409288 0.050000
v 0.925536 0.403594 -0.050000
v 0.944968 0.413034 -0.030320
v 0.925536 0.403594 0.050000
v 0.930547 0.398856 -0.050000
v 0.947121 0.398261 -0.046204
v 0.950504 0.401157 -0.041792
v 0.946999 0.409197 -0.036327
v 0.946989 0.410095 0.034747
v 0.950504 0.401157 0.041791
v 0.947121 0.398262 0.046204
v 0.930547 0.398856 0.050000
v 0.935123 0.393865 -0.050000
v 0.935123 0.393865 0.050000
v 0.939262 0.388620 -0.050000
v 0.957906 0.396281 -0.034468
v 0.957110 0.397465 0.034467
v 0.939262 0.388620 0.050000
v 0.942966 0.383121 -0.050000
v 0.942966 0.383121 0.050000
v 0.946234 0.377369 -0.050000
v 0.955145 0.373284 -0.049026
v 0.960159 0.375769 -0.046195
v 0.964176 0.377673 -0.041775
v 0.963883 0.385890 -0.034641
v 0.962946 0.387691 0.034605
v 0.964176 0.377672 0.041775
v 0.960159 0.375768 0.046195
v 0.955144 0.373284 0.049026
v 0.946234 0.377369 0.050000
v 0.949067 0.371363 -0.050000
v 0.968775 0.375065 -0.034629
v 0.968275 0.376363 0.034608
v 0.949067 0.371363 0.050000
v 0.951464 0.365104 -0.050000
v 0.951464 0.365104 0.050000
v 0.953424 0.358592 -0.050000
v 0.962010 0.348924 -0.049027
v 0.967468 0.350186 -0.046199
v 0.971825 0.351095 -0.041782
v 0.973468 0.359359 -0.034628
v 0.973142 0.360789 0.034608
v 0.971825 0.351095 0.041782
v 0.967469 0.350186 0.046198
v 0.962010 0.348923 0.049027
v 0.953424 0.358592 0.050000
v 0.954950 0.351825 -0.050000
v 0.954950 0.351825 0.050000
v 0.956039 0.344806 -0.050000
v 0.976014 0.342765 -0.034627
v 0.975867 0.344352 0.034608
v 0.956039 0.344806 0.050000
v 0.956693 0.337533 -0.050000
v 0.956693 0.337533 0.050000
v 0.956908 0.326805 -0.049996
v 0.962252 0.312588 -0.049030
v 0.968303 0.319425 -0.046278
v 0.972714 0.319005 -0.041954
v 0.975607 0.318731 -0.036458
v 0.976808 0.321992 -0.030222
v 0.976858 0.322799 0.030218
v 0.975607 0.318731 0.036458
v 0.972714 0.319005 0.041954
v 0.968303 0.319425 0.046277
v 0.962252 0.312588 0.049030
v 0.956908 0.326805 0.049996
v 0.955800 0.314675 -0.049999
v 0.955800 0.314675 0.049999
v 0.973349 0.300379 -0.029793
v 0.973610 0.301395 0.029791
v 0.953223 0.303064 -0.050001
v 0.962770 0.293311 -0.046093
v 0.966947 0.291789 -0.041574
v 0.969579 0.290829 -0.035911
v 0.969579 0.290829 0.035910
v 0.966947 0.291788 0.041573
v 0.962770 0.293311 0.046092
v 0.953223 0.303064 0.050001
v 0.949179 0.291976 -0.049999
v 0.951972 0.283129 -0.049026
v 0.966085 0.280597 -0.030006
v 0.966473 0.281427 0.030006
v 0.951972 0.283128 0.049026
v 0.949179 0.291976 0.049999
v 0.943668 0.281408 -0.049999
v 0.950181 0.269719 -0.046277
v 0.953830 0.267206 -0.041952
v 0.956222 0.265558 -0.036457
v 0.956222 0.265558 0.036456
v 0.953830 0.267206 0.041952
v 0.950181 0.269719 0.046277
v 0.943668 0.281408 0.049999
v 0.956807 0.264905 -0.029999
v 0.953159 0.259563 0.030012
v 0.936686 0.271358 -0.049996
v 0.934910 0.259385 -0.049027
v 0.934910 0.259385 0.049027
v 0.936686 0.271358 0.049996
v 0.945152 0.250406 -0.030005
v 0.928534 0.262160 -0.050001
v 0.936888 0.253803 -0.046145
v 0.940025 0.250674 -0.041683
v 0.936995 0.243595 -0.035935
v 0.936995 0.243596 0.035935
v 0.940026 0.250675 0.041682
v 0.936888 0.253803 0.046144
v 0.928534 0.262160 0.050001
v 0.932417 0.238546 0.030007
v 0.918901 0.253603 -0.050000
v 0.920547 0.239921 -0.046191
v 0.923282 0.236421 -0.041770
v 0.931363 0.237942 -0.029999
v 0.923282 0.236421 0.041770
v 0.920547 0.239921 0.046191
v 0.918901 0.253603 0.049999
v 0.911381 0.240490 -0.049025
v 0.911380 0.240490 0.049024
v 0.908448 0.246141 -0.050000
v 0.912496 0.226134 -0.036189
v 0.913072 0.225332 -0.030004
v 0.912496 0.226134 0.036189
v 0.908448 0.246141 0.049999
v 0.907323 0.222186 0.030005
v 0.896900 0.239516 -0.050000
v 0.895526 0.225617 -0.046189
v 0.897562 0.221672 -0.041767
v 0.897562 0.221672 0.041766
v 0.895526 0.225617 0.046189
v 0.896900 0.239516 0.049999
v 0.869256 0.221047 -0.048985
v 0.869256 0.221047 0.048984
v 0.884259 0.233727 -0.050000
v 0.887221 0.214207 -0.036278
v 0.888778 0.213693 -0.030099
v 0.887341 0.214245 0.036260
v 0.884259 0.233727 0.050000
v 0.881075 0.211122 0.030155
v 0.870523 0.228777 -0.049998
v 0.876788 0.218397 -0.046187
v 0.883282 0.215771 -0.041771
v 0.883282 0.215771 0.041771
v 0.876788 0.218397 0.046187
v 0.870523 0.228777 0.050000
v 0.859364 0.225613 -0.050000
v 0.889055 0.213064 0.029988
v 0.859364 0.225613 0.050000
v 0.877683 0.192692 -0.049999
v 0.877683 0.192692 0.049999
v 0.905685 0.155906 -0.049021
v 0.910097 0.159414 -0.046179
v 0.910097 0.159414 0.046179
v 0.905685 0.155906 0.049020
v 0.927623 0.138176 -0.041755
v 0.927623 0.138176 0.041754
v 0.906042 0.143209 -0.050000
v 0.934538 0.134050 -0.030066
v 0.932686 0.135226 0.036211
v 0.906042 0.143209 0.050000
v 0.959251 0.090951 -0.036166
v 0.959117 0.093022 0.029999
v 0.930116 0.102651 -0.050000
v 0.930116 0.102651 0.050000
v 0.957232 0.070243 -0.049021
v 0.961718 0.073575 -0.046180
v 0.961718 0.073575 0.046180
v 0.957232 0.070243 0.049021
v 0.949836 0.070539 -0.050000
v 0.970403 0.068597 -0.041761
v 0.966612 0.081432 -0.030007
v 0.965820 0.080853 0.036182
v 0.970403 0.068597 0.041760
v 0.949836 0.070539 0.050000
v 0.958782 0.057491 -0.050000
v 0.978603 0.062659 -0.036174
v 0.979332 0.063315 -0.029991
v 0.978946 0.063804 0.029998
v 0.978604 0.062659 0.036174
v 0.958782 0.057491 0.050000
v 0.964671 0.049791 -0.050000
v 0.978792 0.043266 -0.049000
v 0.982190 0.047872 -0.046093
v 0.982190 0.047872 0.046093
v 0.978792 0.043266 0.048999
v 0.964671 0.049791 0.050000
v 0.970040 0.043648 -0.050001
v 0.985842 0.050885 -0.041663
v 0.985842 0.050885 0.041663
v 0.970040 0.043648 0.050000
v 0.988387 0.052615 -0.036076
v 0.988922 0.053417 -0.029888
v 0.988819 0.053475 0.029884
v 0.988387 0.052615 0.036075
v 0.974882 0.039069 -0.050001
v 0.974882 0.039069 0.050001
v 0.978618 0.036409 -0.050002
v 0.978618 0.036409 0.050002
v 0.982647 0.034465 -0.050000
v 0.982647 0.034465 0.050000
v 0.987452 0.032767 -0.050000
v 0.995899 0.036749 -0.049020
v 0.997312 0.042162 -0.046176
v 0.998378 0.046467 -0.041749
v 0.998378 0.046467 0.041749
v 0.997312 0.042162 0.046176
v 0.995900 0.036749 0.049020
v 0.987452 0.032767 0.050000
v 0.993163 0.031244 -0.050000
v 1.002453 0.048647 -0.036178
v 1.003166 0.049514 -0.029999
v 1.002677 0.049602 0.029997
v 1.002453 0.048647 0.036177
v 0.993163 0.031244 0.050000
v 1.003099 0.029300 -0.050000
v 1.003099 0.029300 0.050000
v 1.014903 0.027711 -0.049994
v 1.019431 0.032771 -0.049032
v 1.019250 0.038880 -0.046143
v 1.020870 0.043084 -0.041656
v 1.021593 0.045797 -0.036120
v 1.022581 0.046496 -0.030051
v 1.022214 0.046626 0.030107
v 1.021593 0.045797 0.036120
v 1.020870 0.043084 0.041656
v 1.019250 0.038880 0.046142
v 1.019431 0.032771 0.049031
v 1.014903 0.027711 0.049994
v 1.016685 0.026433 -0.049995
v 1.025767 0.034048 -0.046199
v 1.028087 0.038029 -0.041770
v 1.030588 0.040373 -0.034633
v 1.030125 0.040843 0.034612
v 1.028087 0.038028 0.041770
v 1.025767 0.034048 0.046198
v 1.016685 0.026433 0.049995
v 1.032697 0.031097 -0.041791
v 1.035343 0.032245 -0.036214
v 1.036248 0.032664 -0.030041
v 1.036087 0.033054 0.030030
v 1.035343 0.032245 0.036213
v 1.032697 0.031097 0.041790
v 1.017589 0.024827 -0.050000
v 1.024462 0.023514 -0.049039
v 1.029967 0.024384 -0.046293
v 1.029967 0.024384 0.046292
v 1.024462 0.023514 0.049039
v 1.017589 0.024827 0.049999
v 1.018189 0.022327 -0.049997
v 1.018189 0.022327 0.049996
v 1.034431 0.021888 -0.041819
v 1.037294 0.022010 -0.036274
v 1.038311 0.021900 -0.030109
v 1.038299 0.022223 0.030112
v 1.037294 0.022010 0.036274
v 1.034431 0.021888 0.041819
v 1.018052 0.017458 -0.049997
v 1.018052 0.017458 0.049997
v 1.033552 0.012209 -0.041777
v 1.036305 0.011398 -0.036200
v 1.037149 0.010727 -0.030017
v 1.037250 0.011097 0.030023
v 1.036305 0.011399 0.036200
v 1.033552 0.012210 0.041777
v 1.022797 0.011710 -0.049036
v 1.028642 0.011400 -0.046198
v 1.028642 0.011399 0.046198
v 1.022797 0.011710 0.049036
v 1.017268 0.015052 -0.049999
v 1.017268 0.015052 0.049999
v 1.029091 0.003470 -0.041807
v 1.032577 0.002493 -0.034612
v 1.032956 0.003021 0.034628
v 1.029091 0.003470 0.041807
v 1.016448 0.013894 -0.049998
v 1.022804 0.003408 -0.046140
v 1.022804 0.003408 0.046140
v 1.016448 0.013894 0.049998
v 1.028398 -0.001740 -0.034605
v 1.029040 -0.001202 0.034641
v 1.015388 0.013160 -0.049999
v 1.016597 0.006812 -0.049015
v 1.018434 -0.003380 -0.041755
v 1.023205 -0.004988 -0.034458
v 1.023785 -0.004729 0.034460
v 1.018434 -0.003380 0.041755
v 1.016597 0.006812 0.049015
v 1.015388 0.013160 0.049998
v 1.014164 0.012852 -0.049999
v 1.015063 0.001070 -0.046191
v 1.015664 -0.006226 -0.036215
v 1.015742 -0.007214 -0.030096
v 1.015851 -0.007225 0.030003
v 1.015664 -0.006226 0.036215
v 1.015063 0.001070 0.046191
v 1.014164 0.012852 0.049999
v 0.956669 0.009031 -0.049021
v 0.956669 0.009031 0.049021
v 0.958277 -0.004871 -0.030019
v 0.970078 0.014684 -0.050000
v 0.956029 0.003384 -0.046180
v 0.956007 -0.001041 -0.041755
v 0.955993 -0.003882 -0.036179
v 0.947763 -0.004675 0.029944
v 0.955257 -0.003862 0.036181
v 0.956007 -0.001041 0.041755
v 0.956029 0.003384 0.046180
v 0.970078 0.014684 0.050000
v 0.952691 0.015146 -0.050000
v 0.952691 0.015146 0.050000
v 0.914301 0.014898 -0.050000
v 0.889656 0.002734 -0.046173
v 0.886576 -0.001743 -0.041738
v 0.884602 -0.004614 -0.036151
v 0.883924 -0.005600 -0.029926
v 0.886576 -0.001743 0.041738
v 0.889656 0.002734 0.046172
v 0.914301 0.014898 0.050000
v 0.893559 0.008307 -0.049020
v 0.893559 0.008307 0.049020
v 0.897890 0.014551 -0.050000
v 0.897890 0.014551 0.049999
v 0.884362 -0.004915 0.035506
v 0.882613 0.036251 -0.049017
v 0.877781 0.033349 -0.046164
v 0.873579 0.031925 -0.041723
v 0.876022 0.018583 -0.036136
v 0.873645 0.021920 -0.029929
v 0.873867 0.021398 0.029929
v 0.876022 0.018583 0.036135
v 0.873579 0.031925 0.041723
v 0.877781 0.033349 0.046164
v 0.882613 0.036251 0.049017
v 0.892838 0.027688 -0.050000
v 0.892838 0.027688 0.050000
v 0.885950 0.042878 -0.050000
v 0.866975 0.038434 -0.036198
v 0.866981 0.038423 0.036200
v 0.885950 0.042878 0.050000
v 0.864521 0.040872 -0.030000
v 0.864653 0.040634 0.030024
v 0.879683 0.054897 -0.050000
v 0.879683 0.054897 0.049999
v 0.792888 0.214483 -0.050000
v 0.786174 0.202214 -0.046182
v 0.781924 0.194835 -0.036198
v 0.781924 0.194835 0.036197
v 0.786174 0.202214 0.046182
v 0.792888 0.214483 0.050000
v 0.789396 0.207969 -0.049021
v 0.789396 0.207969 0.049021
v 0.783596 0.197726 -0.041769
v 0.781358 0.193835 -0.030016
v 0.781354 0.193845 0.030024
v 0.783595 0.197726 0.041769
v 0.787819 0.214143 -0.050000
v 0.787819 0.214143 0.050000
v 0.737288 0.234730 -0.050001
v 0.743503 0.240238 -0.049017
v 0.749183 0.245304 -0.046142
v 0.753614 0.249344 -0.041738
v 0.756333 0.252030 -0.036213
v 0.757282 0.252966 -0.030096
v 0.757279 0.252981 0.030003
v 0.756333 0.252030 0.036213
v 0.753614 0.249344 0.041738
v 0.749183 0.245304 0.046142
v 0.743503 0.240238 0.049017
v 0.737288 0.234730 0.050001
v 0.747479 0.233734 -0.050000
v 0.747479 0.233734 0.050000
v 0.760019 0.233010 -0.050000
v 0.760019 0.233010 0.050000
v 0.789724 0.238606 -0.049036
v 0.789724 0.238606 0.049035
v 0.773624 0.232728 -0.050000
v 0.773624 0.232728 0.049999
v 0.788981 0.244575 -0.046239
v 0.788981 0.244575 0.046239
v 0.784888 0.232958 -0.050000
v 0.797554 0.250013 -0.041734
v 0.797045 0.252809 -0.036162
v 0.796819 0.253765 -0.029977
v 0.795696 0.253632 0.029992
v 0.797045 0.252809 0.036161
v 0.797554 0.250013 0.041733
v 0.784888 0.232958 0.050000
v 0.794110 0.233600 -0.050000
v 0.794110 0.233600 0.050000
v 0.802889 0.234669 -0.050000
v 0.802889 0.234669 0.050000
v 0.811224 0.236167 -0.050000
v 0.820303 0.250449 -0.046160
v 0.820303 0.250449 0.046160
v 0.811224 0.236167 0.050000
v 0.819115 0.238092 -0.050000
v 0.829110 0.247715 -0.049014
v 0.824791 0.256800 -0.041724
v 0.823613 0.259385 -0.036154
v 0.823170 0.260260 -0.029969
v 0.822351 0.259940 0.029983
v 0.823613 0.259385 0.036154
v 0.824792 0.256800 0.041724
v 0.829110 0.247715 0.049014
v 0.819115 0.238092 0.050000
v 0.826563 0.240445 -0.050000
v 0.826563 0.240445 0.050000
v 0.833567 0.243226 -0.050000
v 0.833567 0.243226 0.050000
v 0.840127 0.246435 -0.050000
v 0.837514 0.258425 -0.046171
v 0.837513 0.258425 0.046171
v 0.840127 0.246435 0.050000
v 0.846243 0.250071 -0.050000
v 0.854628 0.264062 -0.048980
v 0.845845 0.269911 -0.041490
v 0.840258 0.269087 -0.035976
v 0.841938 0.271500 -0.029676
v 0.841448 0.271078 0.029679
v 0.840258 0.269087 0.035975
v 0.845845 0.269911 0.041490
v 0.854628 0.264062 0.048980
v 0.846243 0.250071 0.050000
v 0.851916 0.254136 -0.050000
v 0.852349 0.270178 -0.046051
v 0.852349 0.270178 0.046050
v 0.851916 0.254136 0.050000
v 0.857145 0.258628 -0.050000
v 0.857145 0.258628 0.050000
v 0.863419 0.265207 -0.050002
v 0.848780 0.277402 -0.036170
v 0.848780 0.277402 0.036170
v 0.863419 0.265207 0.050002
v 0.853037 0.284893 -0.029992
v 0.853809 0.286014 0.029978
v 0.869729 0.274051 -0.050001
v 0.857999 0.285915 -0.041740
v 0.855519 0.287307 -0.036169
v 0.855519 0.287307 0.036168
v 0.857999 0.285916 0.041740
v 0.869729 0.274051 0.050001
v 0.868848 0.285283 -0.049017
v 0.863848 0.287811 -0.046169
v 0.863848 0.287811 0.046169
v 0.868848 0.285283 0.049017
v 0.874638 0.283444 -0.050001
v 0.874638 0.283444 0.050001
v 0.860146 0.301948 -0.029987
v 0.878396 0.293710 -0.050001
v 0.864132 0.302543 -0.041742
v 0.861388 0.303287 -0.036169
v 0.860450 0.303573 0.029987
v 0.861388 0.303287 0.036169
v 0.864132 0.302543 0.041741
v 0.878396 0.293710 0.050001
v 0.876273 0.311630 -0.049043
v 0.870758 0.312292 -0.046275
v 0.870758 0.312292 0.046275
v 0.876273 0.311630 0.049043
v 0.881003 0.304849 -0.050001
v 0.881003 0.304849 0.050000
v 0.882456 0.316864 -0.049999
v 0.866649 0.321627 -0.041850
v 0.863778 0.321729 -0.036311
v 0.862770 0.322175 -0.030125
v 0.862736 0.321332 0.030144
v 0.863778 0.321729 0.036310
v 0.866649 0.321627 0.041850
v 0.882456 0.316864 0.049999
v 0.882752 0.326583 -0.050000
v 0.882752 0.326583 0.050000
v 0.882079 0.341389 -0.050000
v 0.872589 0.362502 -0.048988
v 0.869560 0.347577 -0.046146
v 0.865223 0.346667 -0.041707
v 0.862450 0.346086 -0.036134
v 0.861505 0.345839 -0.029930
v 0.861653 0.344807 0.029988
v 0.862450 0.346086 0.036133
v 0.865223 0.346667 0.041706
v 0.869560 0.347577 0.046146
v 0.872589 0.362502 0.048988
v 0.882079 0.341389 0.050000
v 0.880058 0.354907 -0.050000
v 0.880058 0.354907 0.050000
v 0.876691 0.367138 -0.050000
v 0.863523 0.368779 -0.046141
v 0.859542 0.366819 -0.041700
v 0.856789 0.364873 -0.034892
v 0.856757 0.365227 0.035166
v 0.859542 0.366819 0.041700
v 0.863523 0.368779 0.046140
v 0.876691 0.367138 0.050000
v 0.871977 0.378082 -0.050000
v 0.852191 0.372587 -0.029947
v 0.852580 0.371942 0.029976
v 0.871977 0.378082 0.050000
v 0.865916 0.387738 -0.050000
v 0.854468 0.391760 -0.048954
v 0.850450 0.387579 -0.045895
v 0.852919 0.378009 -0.041756
v 0.847450 0.379665 -0.034916
v 0.852919 0.378009 0.041756
v 0.850450 0.387579 0.045895
v 0.854467 0.391760 0.048954
v 0.865916 0.387738 0.050000
v 0.858508 0.396107 -0.050000
v 0.844122 0.387103 -0.041484
v 0.847125 0.379872 0.034660
v 0.844122 0.387103 0.041483
v 0.858508 0.396107 0.050000
v 0.849753 0.403188 -0.050000
v 0.839235 0.386591 -0.034605
v 0.838435 0.387138 0.034641
v 0.849753 0.403188 0.050000
v 0.839651 0.408981 -0.050000
v 0.823694 0.409248 -0.048992
v 0.830536 0.400265 -0.046142
v 0.828694 0.396229 -0.041701
v 0.827520 0.393651 -0.036131
v 0.826261 0.393092 -0.029982
v 0.827079 0.392780 0.029931
v 0.827519 0.393651 0.036131
v 0.828694 0.396229 0.041701
v 0.830536 0.400265 0.046142
v 0.823694 0.409248 0.048991
v 0.839651 0.408981 0.050000
v 0.828203 0.413488 -0.050000
v 0.828203 0.413488 0.050000
v 0.815407 0.416706 -0.050000
v 0.808005 0.406137 -0.046148
v 0.807142 0.401791 -0.041709
v 0.806591 0.399012 -0.036135
v 0.805248 0.398210 -0.029990
v 0.806351 0.398064 0.029931
v 0.806591 0.399012 0.036135
v 0.807142 0.401791 0.041709
v 0.808005 0.406137 0.046148
v 0.815407 0.416706 0.050000
v 0.801265 0.418637 -0.050000
v 0.801265 0.418637 0.050000
v 0.785775 0.419281 -0.050000
v 0.772757 0.412959 -0.049037
v 0.770572 0.407275 -0.046254
v 0.776343 0.403103 -0.041866
v 0.782290 0.399737 -0.034593
v 0.781512 0.399715 0.034588
v 0.776343 0.403103 0.041866
v 0.770572 0.407275 0.046254
v 0.772757 0.412959 0.049037
v 0.785775 0.419281 0.050000
v 0.777408 0.419119 -0.049999
v 0.777408 0.419119 0.049999
v 0.767849 0.418333 -0.050000
v 0.766604 0.398983 -0.036170
v 0.766823 0.398028 -0.029984
v 0.767257 0.398104 0.029997
v 0.766604 0.398983 0.036170
v 0.767849 0.418333 0.050000
v 0.759770 0.416927 -0.050001
v 0.757570 0.399195 -0.041522
v 0.757570 0.399195 0.041522
v 0.759770 0.416927 0.050001
v 0.749571 0.406299 -0.048953
v 0.749571 0.406299 0.048952
v 0.753176 0.414903 -0.050002
v 0.754170 0.402232 -0.046083
v 0.759534 0.396984 -0.036192
v 0.760324 0.396302 -0.030070
v 0.760324 0.396299 0.030057
v 0.759534 0.396984 0.036192
v 0.754169 0.402231 0.046083
v 0.753176 0.414903 0.050001
v 0.748072 0.412268 -0.050004
v 0.748072 0.412268 0.050003
v 0.744362 0.408936 -0.050013
v 0.744362 0.408936 0.050013
v 0.742368 0.405248 -0.050002
v 0.742368 0.405248 0.050001
v 0.740614 0.399535 -0.050001
v 0.750919 0.391868 -0.046173
v 0.750920 0.391868 0.046173
v 0.740614 0.399535 0.050000
v 0.739230 0.392038 -0.050000
v 0.743804 0.379458 -0.049029
v 0.753761 0.378490 -0.041824
v 0.756615 0.378225 -0.036278
v 0.757598 0.377593 -0.030071
v 0.757626 0.378247 0.030141
v 0.756615 0.378225 0.036278
v 0.753761 0.378490 0.041824
v 0.743804 0.379458 0.049029
v 0.739230 0.392038 0.050000
v 0.738216 0.382761 -0.050000
v 0.738216 0.382761 0.050000
v 0.737341 0.366124 -0.049999
v 0.749081 0.365938 -0.046192
v 0.749081 0.365937 0.046192
v 0.737341 0.366124 0.049999
vn -0.0000 -0.0000 1.0000
vn -0.0000 -0.0000 -1.0000
vn -0.0674 0.9950 -0.0742
vn -0.0830 0.9470 -0.3103
vn 0.0547 0.9479 -0.3137
vn -0.0799 0.8053 -0.5874
vn 0.0526 0.8063 -0.5892
vn -0.0789 0.8033 0.5903
vn 0.0457 0.9490 0.3120
vn 0.0550 0.8070 0.5880
vn -0.0926 0.9451 0.3133
vn -0.0018 0.2977 -0.9546
vn -0.0157 0.1552 -0.9878
vn -0.0027 0.1643 -0.9864
vn -0.0973 0.9926 0.0733
vn 0.0298 0.9964 0.0796
vn -0.0157 0.1552 0.9878
vn -0.0018 0.2977 0.9546
vn -0.0027 0.1643 0.9864
vn 0.0739 0.0818 -0.9939
vn 0.0739 0.0818 0.9939
vn 0.6009 0.7461 -0.2869
vn 0.5973 0.7483 0.2887
vn 0.1704 0.2139 -0.9619
vn 0.1546 0.0150 -0.9879
vn 0.1546 0.0150 0.9879
vn 0.1704 0.2139 0.9619
vn 0.9935 0.0914 -0.0680
vn 0.9483 0.0935 -0.3034
vn 0.9479 0.0938 0.3044
vn 0.9935 0.0916 0.0678
vn 0.3260 -0.1244 -0.9371
vn 0.1565 0.0041 -0.9877
vn 0.1549 0.0152 -0.9878
vn 0.1565 0.0041 0.9877
vn 0.3260 -0.1244 0.9371
vn 0.1549 0.0152 0.9878
vn 0.1272 -0.0610 -0.9900
vn 0.9974 -0.0235 -0.0679
vn 0.9293 -0.2867 -0.2327
vn 0.9542 0.0073 -0.2990
vn 0.9324 -0.2767 0.2327
vn 0.9975 -0.0198 0.0671
vn 0.9536 0.0128 0.3008
vn 0.1272 -0.0610 0.9900
vn 0.1170 -0.2991 -0.9470
vn 0.1072 -0.1259 -0.9862
vn 0.1072 -0.1259 0.9862
vn 0.1170 -0.2991 0.9470
vn 0.0015 -0.1550 -0.9879
vn 0.0411 -0.1438 -0.9887
vn 0.0019 -0.1548 0.9880
vn 0.0411 -0.1438 0.9887
vn -0.1132 -0.9912 -0.0687
vn -0.1741 -0.9362 -0.3054
vn 0.1780 -0.9345 -0.3082
vn -0.1777 -0.9808 0.0806
vn 0.1863 -0.9793 0.0788
vn -0.0717 -0.3222 -0.9440
vn -0.0524 -0.1454 -0.9880
vn -0.0524 -0.1454 0.9880
vn -0.0717 -0.3222 0.9440
vn -0.4708 -0.8786 -0.0800
vn -0.2308 -0.2363 -0.9439
vn -0.5716 -0.8165 0.0811
vn -0.2308 -0.2363 0.9439
vn -0.7711 -0.6312 -0.0833
vn -0.5608 -0.7685 -0.3080
vn -0.6697 -0.4640 -0.5799
vn -0.4234 -0.4297 -0.7976
vn -0.4674 -0.6673 -0.5799
vn -0.8078 -0.5843 0.0782
vn -0.4234 -0.4297 0.7976
vn -0.6697 -0.4640 0.5799
vn -0.4674 -0.6673 0.5799
vn -0.4649 -0.3653 -0.8065
vn -0.2405 -0.1620 -0.9570
vn -0.5039 -0.2986 -0.8105
vn -0.2405 -0.1620 0.9570
vn -0.4649 -0.3653 0.8065
vn -0.5039 -0.2986 0.8105
vn -0.2039 -0.2243 -0.9529
vn -0.0843 -0.1199 -0.9892
vn -0.1073 -0.1225 -0.9867
vn -0.0842 -0.1198 0.9892
vn -0.2039 -0.2243 0.9529
vn -0.1073 -0.1225 0.9867
vn -0.1353 -0.2666 -0.9542
vn -0.1353 -0.2666 0.9542
vn -0.3416 -0.9156 -0.2122
vn -0.3660 -0.7178 -0.5922
vn -0.5191 -0.8038 -0.2908
vn -0.5309 -0.8443 -0.0732
vn -0.3639 -0.7158 0.5960
vn -0.3256 -0.9215 0.2119
vn -0.5256 -0.8009 0.2868
vn -0.5119 -0.8569 0.0612
vn -0.1649 -0.7873 -0.5941
vn -0.1639 -0.7896 0.5913
vn -0.0613 -0.2896 -0.9552
vn -0.0308 -0.1584 -0.9869
vn -0.0462 -0.1417 -0.9888
vn -0.2135 -0.9759 -0.0459
vn -0.1202 -0.9412 -0.3158
vn -0.1446 -0.9870 0.0704
vn -0.0308 -0.1584 0.9869
vn -0.0613 -0.2896 0.9552
vn -0.0462 -0.1417 0.9888
vn -0.0113 -0.1429 -0.9897
vn -0.0113 -0.1429 0.9897
vn 0.0444 -0.7922 -0.6086
vn 0.0443 -0.8008 0.5973
vn -0.1183 -0.9442 0.3075
vn 0.0555 -0.9433 -0.3272
vn 0.0374 -0.9689 0.2445
vn -0.0056 -0.9984 -0.0569
vn 0.2294 -0.9238 -0.3065
vn 0.2307 -0.9250 0.3018
vn 0.3677 -0.9289 -0.0438
vn 0.1825 -0.9790 -0.0906
vn 0.3656 -0.9297 0.0440
vn 0.1791 -0.9817 0.0642
vn 0.1574 -0.2587 -0.9530
vn 0.0787 -0.1482 -0.9858
vn 0.0584 -0.1365 -0.9889
vn 0.0787 -0.1482 0.9858
vn 0.1574 -0.2587 0.9530
vn 0.0584 -0.1365 0.9889
vn 0.0959 -0.1367 -0.9860
vn 0.0959 -0.1367 0.9860
vn 0.0943 -0.1146 -0.9889
vn 0.5338 -0.8436 -0.0578
vn 0.6305 -0.7432 -0.2240
vn 0.4550 -0.8326 -0.3158
vn 0.6326 -0.7411 0.2251
vn 0.5308 -0.8453 0.0614
vn 0.4557 -0.8326 0.3148
vn 0.0943 -0.1146 0.9889
vn 0.5334 -0.6328 -0.5613
vn 0.4121 -0.4101 -0.8136
vn 0.3021 -0.4881 -0.8189
vn 0.4121 -0.4101 0.8136
vn 0.5323 -0.6329 0.5623
vn 0.3021 -0.4881 0.8189
vn 0.2110 -0.2124 -0.9541
vn 0.1133 -0.0983 -0.9887
vn 0.1004 -0.1126 -0.9886
vn 0.1133 -0.0983 0.9887
vn 0.2110 -0.2124 0.9541
vn 0.1004 -0.1126 0.9886
vn 0.6354 -0.5337 -0.5580
vn 0.4712 -0.3126 -0.8247
vn 0.4712 -0.3126 0.8247
vn 0.6345 -0.5341 0.5587
vn 0.2514 -0.1659 -0.9536
vn 0.1364 -0.0959 -0.9860
vn 0.1151 -0.0941 -0.9889
vn 0.1364 -0.0959 0.9860
vn 0.2514 -0.1659 0.9536
vn 0.1151 -0.0941 0.9889
vn 0.1389 -0.0807 -0.9870
vn 0.1389 -0.0807 0.9870
vn 0.1259 -0.0638 -0.9900
vn 0.1259 -0.0638 0.9900
vn 0.7283 -0.3979 -0.5580
vn 0.5246 -0.2016 -0.8272
vn 0.5246 -0.2016 0.8272
vn 0.7280 -0.3975 0.5585
vn 0.2817 -0.1060 -0.9536
vn 0.1526 -0.0615 -0.9864
vn 0.1276 -0.0624 -0.9899
vn 0.1526 -0.0615 0.9864
vn 0.2817 -0.1060 0.9536
vn 0.1276 -0.0624 0.9899
vn 0.1532 -0.0482 -0.9870
vn 0.1535 -0.0482 0.9870
vn 0.1380 -0.0356 -0.9898
vn 0.1380 -0.0356 0.9898
vn 0.7956 -0.2316 -0.5597
vn 0.5506 -0.0911 -0.8298
vn 0.5506 -0.0911 0.8298
vn 0.7955 -0.2314 0.5600
vn 0.2980 -0.0476 -0.9534
vn 0.1615 -0.0291 -0.9864
vn 0.1391 -0.0341 -0.9897
vn 0.1615 -0.0291 0.9864
vn 0.2980 -0.0476 0.9534
vn 0.1391 -0.0341 0.9897
vn 0.1591 -0.0177 -0.9871
vn 0.1591 -0.0177 0.9871
vn 0.1395 -0.0088 -0.9902
vn 0.1395 -0.0088 0.9902
vn 0.8247 -0.0754 -0.5606
vn 0.5572 0.0101 -0.8303
vn 0.5572 0.0101 0.8303
vn 0.8245 -0.0753 0.5608
vn 0.8258 0.0803 -0.5583
vn 0.8260 0.0806 0.5578
vn 0.9663 0.1380 -0.2175
vn 0.9798 0.0136 -0.1996
vn 0.9662 0.1398 0.2166
vn 0.9797 0.0152 0.1999
vn 0.7845 0.1893 -0.5905
vn 0.5567 0.1398 -0.8188
vn 0.5567 0.1398 0.8188
vn 0.7852 0.1884 0.5898
vn 0.7863 0.3099 -0.5345
vn 0.7874 0.3091 0.5334
vn 0.6975 0.4278 -0.5749
vn 0.5094 0.2709 -0.8168
vn 0.5094 0.2709 0.8168
vn 0.6955 0.4277 0.5773
vn 0.8096 0.5845 0.0535
vn 0.8592 0.5080 -0.0608
vn 0.8840 0.4642 0.0556
vn 0.8170 0.4838 0.3138
vn 0.7530 0.6206 -0.2186
vn 0.8243 0.4812 -0.2983
vn 0.7276 0.6089 0.3161
vn 0.7045 0.7068 0.0645
vn 0.2219 0.1980 -0.9547
vn 0.0978 0.1053 -0.9896
vn 0.1196 0.1079 -0.9869
vn 0.6372 0.6970 0.3288
vn 0.0978 0.1053 0.9896
vn 0.2219 0.1980 0.9547
vn 0.1196 0.1079 0.9869
vn 0.5426 0.8092 -0.2251
vn 0.5211 0.6342 -0.5712
vn 0.6732 0.7058 -0.2207
vn 0.5421 0.8099 0.2243
vn 0.5202 0.6276 0.5792
vn 0.3544 0.7545 -0.5524
vn 0.3152 0.4664 -0.8265
vn 0.3153 0.4664 0.8265
vn 0.3532 0.7538 0.5542
vn 0.2859 0.9564 0.0590
vn 0.4149 0.9079 -0.0604
vn 0.4557 0.8880 0.0613
vn 0.3966 0.8694 0.2946
vn 0.1036 0.2791 -0.9547
vn 0.0364 0.1418 -0.9892
vn 0.0570 0.1529 -0.9866
vn 0.2675 0.9375 -0.2227
vn 0.4024 0.8703 -0.2840
vn 0.2383 0.9199 0.3114
vn 0.0364 0.1418 0.9892
vn 0.1036 0.2791 0.9547
vn 0.0570 0.1529 0.9866
vn 0.1574 0.8027 -0.5752
vn 0.0520 0.5582 -0.8281
vn 0.1923 0.5380 -0.8207
vn 0.0520 0.5582 0.8281
vn 0.1588 0.7973 0.5823
vn 0.1923 0.5381 0.8207
vn 0.0309 0.2946 -0.9551
vn 0.0245 0.1599 -0.9868
vn 0.0322 0.1411 -0.9895
vn 0.0884 0.9709 0.2225
vn 0.0245 0.1599 0.9868
vn 0.0309 0.2946 0.9551
vn 0.0322 0.1411 0.9895
vn 0.0085 0.1613 -0.9869
vn 0.0085 0.1613 0.9869
vn -0.0316 0.8314 -0.5548
vn -0.0309 0.8322 0.5537
vn -0.1709 0.8072 -0.5651
vn -0.0686 0.5711 -0.8180
vn -0.0686 0.5711 0.8180
vn -0.1710 0.8074 0.5646
vn -0.3187 0.7498 -0.5798
vn -0.1885 0.5411 -0.8195
vn -0.1885 0.5411 0.8196
vn -0.3187 0.7498 0.5798
vn -0.1706 0.2470 -0.9539
vn -0.0961 0.1385 -0.9857
vn -0.0681 0.1291 -0.9893
vn -0.0961 0.1385 0.9857
vn -0.1706 0.2470 0.9539
vn -0.0681 0.1291 0.9893
vn -0.0953 0.1070 -0.9897
vn -0.0953 0.1071 0.9897
vn -0.5587 0.6218 -0.5488
vn -0.4209 0.3730 -0.8269
vn -0.3301 0.4730 -0.8169
vn -0.4209 0.3730 0.8269
vn -0.5586 0.6215 0.5493
vn -0.3300 0.4730 0.8169
vn -0.2235 0.1969 -0.9546
vn -0.1251 0.1066 -0.9864
vn -0.0977 0.1040 -0.9898
vn -0.6739 0.7355 -0.0700
vn -0.7587 0.6085 -0.2326
vn -0.6368 0.7075 -0.3063
vn -0.7597 0.6072 0.2327
vn -0.6686 0.7400 0.0730
vn -0.6393 0.7040 0.3091
vn -0.1249 0.1066 0.9864
vn -0.2235 0.1969 0.9546
vn -0.0977 0.1041 0.9898
vn -0.1224 0.0871 -0.9887
vn -0.1225 0.0871 0.9886
vn -0.1989 0.2552 -0.9462
vn -0.1012 0.1129 -0.9884
vn -0.1205 0.0889 -0.9887
vn -0.1012 0.1129 0.9884
vn -0.1989 0.2552 0.9462
vn -0.1205 0.0889 0.9887
vn -0.7335 0.6751 -0.0785
vn -0.5615 0.7698 -0.3036
vn -0.7408 0.5893 -0.3224
vn -0.5889 0.8055 0.0669
vn -0.7787 0.6228 0.0757
vn -0.0659 0.1498 -0.9865
vn -0.0659 0.1498 0.9865
vn 0.0035 0.3357 -0.9420
vn -0.2805 0.9316 0.2312
vn -0.4611 0.8847 -0.0681
vn -0.5674 0.7637 0.3079
vn 0.0035 0.3357 0.9420
vn -0.1380 0.9877 -0.0734
vn -0.2646 0.9116 -0.3145
vn 0.0712 0.8123 -0.5789
vn -0.0566 0.5954 -0.8014
vn -0.2349 0.7734 -0.5887
vn 0.0396 0.9960 0.0799
vn -0.0566 0.5954 0.8014
vn 0.0668 0.8154 0.5750
vn -0.2355 0.7784 0.5819
vn 0.2103 0.9742 -0.0820
vn 0.0662 0.9481 -0.3109
vn 0.2270 0.5436 -0.8081
vn 0.2845 0.9551 0.0826
vn 0.2270 0.5436 0.8081
vn 0.4712 0.8783 -0.0808
vn 0.3772 0.8733 -0.3084
vn 0.3663 0.8759 0.3140
vn 0.5177 0.8508 0.0899
vn 0.2176 0.2440 -0.9450
vn 0.0585 0.1505 -0.9869
vn 0.0585 0.1505 0.9869
vn 0.2176 0.2440 0.9450
vn 0.0798 0.1292 -0.9884
vn 0.0798 0.1292 0.9884
vn 0.6539 0.6880 0.3147
vn 0.1177 0.1001 -0.9880
vn 0.7807 0.6197 0.0802
vn 0.6970 0.7128 -0.0777
vn 0.1177 0.1001 0.9880
vn 0.1525 0.0758 -0.9854
vn 0.8538 0.4658 -0.2327
vn 0.6389 0.6968 -0.3259
vn 0.8974 0.3167 0.3071
vn 0.1525 0.0758 0.9854
vn 0.5577 0.1975 -0.8062
vn 0.3325 -0.0135 -0.9430
vn 0.9581 0.2770 0.0725
vn 0.3325 -0.0135 0.9430
vn 0.5577 0.1975 0.8062
vn 0.9592 0.1878 -0.2114
vn 0.7707 0.2687 -0.5778
vn 0.5668 -0.1486 -0.8103
vn 0.5668 -0.1486 0.8103
vn 0.9334 -0.3519 0.0700
vn 0.9892 -0.1282 -0.0707
vn 0.9961 -0.0354 0.0809
vn 0.9440 -0.1125 0.3101
vn 0.7281 -0.3468 -0.5912
vn 0.8095 -0.0888 -0.5804
vn 0.7277 -0.3463 0.5921
vn 0.8108 -0.0876 0.5787
vn 0.8185 -0.5259 -0.2313
vn 0.8665 -0.3897 -0.3120
vn 0.9089 -0.4105 -0.0736
vn 0.8626 -0.4020 0.3070
vn 0.8198 -0.5233 0.2325
vn 0.2699 -0.2263 -0.9359
vn 0.1147 -0.0830 -0.9899
vn 0.1675 -0.1027 -0.9805
vn 0.1147 -0.0830 0.9899
vn 0.2699 -0.2263 0.9359
vn 0.1675 -0.1027 0.9805
vn 0.0996 -0.0951 -0.9905
vn 0.0996 -0.0951 0.9905
vn 0.1180 -0.1333 -0.9840
vn 0.1180 -0.1333 0.9840
vn 0.1773 -0.2514 -0.9515
vn 0.0823 -0.1434 -0.9862
vn 0.1112 -0.1325 -0.9849
vn 0.0823 -0.1434 0.9862
vn 0.1773 -0.2514 0.9515
vn 0.1112 -0.1325 0.9849
vn 0.3273 -0.9160 -0.2321
vn 0.3276 -0.7589 -0.5629
vn 0.4375 -0.8703 -0.2262
vn 0.3277 -0.7588 0.5629
vn 0.3311 -0.9152 0.2296
vn 0.4405 -0.8684 0.2279
vn 0.1506 -0.9617 -0.2291
vn 0.1764 -0.8027 -0.5697
vn 0.2616 -0.9368 -0.2322
vn 0.1770 -0.8028 0.5693
vn 0.1547 -0.9612 0.2284
vn 0.2650 -0.9358 0.2323
vn 0.0160 -0.5684 -0.8226
vn 0.0455 -0.3594 -0.9321
vn 0.1349 -0.5677 -0.8121
vn 0.0455 -0.3594 0.9321
vn 0.0160 -0.5684 0.8226
vn 0.1349 -0.5677 0.8121
vn 0.0401 -0.8200 0.5709
vn 0.0008 -0.9728 0.2318
vn 0.0922 -0.9686 0.2309
vn -0.0909 -0.9923 0.0836
vn -0.0246 -0.9927 -0.1178
vn -0.0519 -0.3307 -0.9423
vn -0.0147 -0.1449 -0.9893
vn -0.0059 -0.1973 -0.9803
vn -0.0147 -0.1449 0.9893
vn -0.0519 -0.3307 0.9423
vn -0.0059 -0.1973 0.9803
vn -0.0292 -0.1407 -0.9896
vn -0.1558 -0.9823 -0.1044
vn -0.2122 -0.9352 -0.2834
vn -0.0860 -0.9546 -0.2850
vn -0.2190 -0.9723 0.0820
vn -0.0292 -0.1407 0.9896
vn -0.0554 -0.1876 -0.9807
vn -0.0554 -0.1876 0.9807
vn -0.2894 -0.9515 -0.1048
vn -0.3426 -0.8966 -0.2805
vn -0.3535 -0.9321 0.0787
vn -0.1505 -0.3221 -0.9347
vn -0.0553 -0.1392 -0.9887
vn -0.0572 -0.1874 -0.9806
vn -0.0553 -0.1392 0.9887
vn -0.1505 -0.3221 0.9347
vn -0.0572 -0.1874 0.9806
vn -0.0707 -0.1314 -0.9888
vn -0.4249 -0.8993 -0.1032
vn -0.4721 -0.8382 -0.2731
vn -0.4567 -0.8570 0.2386
vn -0.3340 -0.8903 0.3094
vn -0.0707 -0.1314 0.9888
vn -0.1109 -0.1682 -0.9795
vn -0.1109 -0.1682 0.9795
vn -0.6647 -0.7400 -0.1028
vn -0.5878 -0.7581 -0.2823
vn -0.5521 -0.8281 -0.0971
vn -0.5861 -0.7615 0.2767
vn -0.6629 -0.7418 0.1016
vn -0.5493 -0.8294 0.1018
vn -0.4276 -0.3955 -0.8129
vn -0.2316 -0.2560 -0.9385
vn -0.3428 -0.4567 -0.8209
vn -0.2316 -0.2560 0.9385
vn -0.4276 -0.3955 0.8129
vn -0.3428 -0.4567 0.8209
vn -0.7618 -0.6398 -0.1013
vn -0.6882 -0.6648 -0.2906
vn -0.6893 -0.6659 0.2854
vn -0.7612 -0.6384 0.1144
vn -0.2475 -0.1706 -0.9537
vn -0.1215 -0.0840 -0.9890
vn -0.1336 -0.1127 -0.9846
vn -0.1215 -0.0840 0.9890
vn -0.2476 -0.1706 0.9537
vn -0.1336 -0.1127 0.9846
vn -0.1532 -0.0849 -0.9845
vn -0.1532 -0.0849 0.9845
vn -0.8788 -0.4206 0.2256
vn -0.8455 -0.5277 0.0813
vn -0.7827 -0.5468 0.2973
vn -0.5506 -0.1645 -0.8184
vn -0.3207 -0.1272 -0.9386
vn -0.5252 -0.2612 -0.8099
vn -0.3207 -0.1272 0.9386
vn -0.5506 -0.1645 0.8184
vn -0.5252 -0.2612 0.8099
vn -0.9864 -0.1338 -0.0956
vn -0.9397 -0.1844 -0.2882
vn -0.9637 -0.2499 -0.0940
vn -0.9397 -0.1863 0.2867
vn -0.9862 -0.1358 0.0947
vn -0.9630 -0.2521 0.0953
vn -0.7992 -0.0527 -0.5988
vn -0.5937 -0.0816 -0.8006
vn -0.7894 -0.1652 -0.5912
vn -0.5937 -0.0816 0.8006
vn -0.7992 -0.0527 0.5988
vn -0.7901 -0.1657 0.5902
vn -0.9945 -0.0233 -0.1017
vn -0.9521 -0.0752 -0.2965
vn -0.9522 -0.0766 0.2957
vn -0.9945 -0.0249 0.1016
vn -0.9583 0.0330 -0.2840
vn -0.9579 0.0314 0.2853
vn -0.3408 0.0306 -0.9396
vn -0.1460 0.0062 -0.9893
vn -0.1835 -0.0039 -0.9830
vn -0.1460 0.0062 0.9893
vn -0.3409 0.0306 0.9396
vn -0.1835 -0.0039 0.9830
vn -0.1466 0.0209 -0.9890
vn -0.9904 0.0946 -0.1006
vn -0.9474 0.1513 -0.2821
vn -0.9474 0.1496 0.2829
vn -0.9905 0.0923 0.1015
vn -0.1466 0.0209 0.9890
vn -0.1956 0.0434 -0.9797
vn -0.1899 0.0413 0.9809
vn -0.9692 0.2242 -0.1018
vn -0.9177 0.2802 -0.2817
vn -0.9188 0.2799 0.2784
vn -0.9697 0.2218 0.1029
vn -0.3418 0.1332 -0.9303
vn -0.1430 0.0456 -0.9887
vn -0.1950 0.0450 -0.9798
vn -0.1369 0.0440 0.9896
vn -0.3244 0.1232 0.9379
vn -0.1885 0.0428 0.9811
vn -0.1359 0.0612 -0.9888
vn -0.9269 0.3620 -0.0996
vn -0.8690 0.4071 -0.2811
vn -0.8673 0.4352 0.2416
vn -0.9275 0.3590 0.1045
vn -0.1349 0.0613 0.9890
vn -0.1652 0.0910 -0.9820
vn -0.1660 0.0907 0.9819
vn -0.4414 0.3746 -0.8154
vn -0.2690 0.1908 -0.9440
vn -0.5278 0.2907 -0.7980
vn -0.7460 0.6194 -0.2444
vn -0.6743 0.4761 -0.5645
vn -0.8462 0.4724 -0.2466
vn -0.6657 0.4871 0.5653
vn -0.7486 0.6064 0.2682
vn -0.8235 0.5216 0.2230
vn -0.7410 0.6638 0.1015
vn -0.6364 0.7625 0.1164
vn -0.6898 0.7201 -0.0751
vn -0.6621 0.6906 0.2912
vn -0.3131 0.4763 -0.8217
vn -0.2186 0.2719 -0.9372
vn -0.4033 0.4118 -0.8172
vn -0.5809 0.7800 -0.2327
vn -0.6544 0.6851 -0.3201
vn -0.2194 0.2723 0.9368
vn -0.3131 0.4763 0.8217
vn -0.4057 0.4105 0.8167
vn -0.0825 0.1263 -0.9886
vn -0.0816 0.1045 -0.9912
vn -0.5287 0.8447 0.0832
vn -0.0825 0.1263 0.9886
vn -0.0816 0.1045 0.9912
vn -0.0986 0.1728 -0.9800
vn -0.0986 0.1728 0.9800
vn -0.4196 0.8793 0.2253
vn -0.4764 0.8495 -0.2266
vn -0.5453 0.7837 0.2973
vn -0.1649 0.5507 -0.8182
vn -0.1273 0.3192 -0.9391
vn -0.2566 0.5120 -0.8198
vn -0.1273 0.3192 0.9391
vn -0.1649 0.5507 0.8182
vn -0.2566 0.5120 0.8198
vn -0.0547 0.8092 -0.5849
vn -0.0848 0.6074 -0.7898
vn -0.1673 0.7949 -0.5833
vn -0.0848 0.6074 0.7898
vn -0.0519 0.8105 0.5834
vn -0.1649 0.7956 0.5829
vn 0.1334 0.9876 0.0826
vn 0.1135 0.9904 -0.0792
vn 0.0301 0.9964 0.0792
vn 0.0938 0.9464 0.3092
vn 0.1893 0.9305 -0.3136
vn 0.1257 0.8151 -0.5654
vn 0.0988 0.9438 -0.3155
vn 0.1257 0.8151 0.5654
vn 0.1872 0.9321 0.3101
vn 0.2024 0.9760 0.0803
vn 0.1890 0.9788 -0.0792
vn 0.1681 0.9829 0.0747
vn 0.1811 0.9804 -0.0771
vn 0.1736 0.9325 0.3166
vn 0.0763 0.9939 -0.0798
vn 0.0151 0.1501 -0.9886
vn 0.0151 0.1501 0.9886
vn 0.3016 -0.0814 -0.9500
vn 0.1555 -0.0284 -0.9874
vn 0.3285 0.0047 -0.9445
vn 0.9684 -0.2288 -0.0996
vn 0.9558 -0.0197 -0.2932
vn 0.9969 0.0047 -0.0784
vn 0.9565 -0.0198 0.2911
vn 0.9685 -0.2280 0.1006
vn 0.9971 0.0109 0.0760
vn 0.1555 -0.0284 0.9874
vn 0.3017 -0.0814 0.9499
vn 0.3284 0.0047 0.9445
vn 0.9155 -0.2443 -0.3195
vn 0.8022 -0.1476 -0.5785
vn 0.8022 -0.1476 0.5785
vn 0.9159 -0.2438 0.3189
vn 0.7655 -0.2369 -0.5983
vn 0.6007 -0.1572 -0.7839
vn 0.6007 -0.1572 0.7838
vn 0.7663 -0.2376 0.5969
vn 0.9491 -0.2981 -0.1019
vn 0.9494 -0.2970 0.1024
vn 0.8978 -0.3103 -0.3124
vn 0.9009 -0.3129 0.3009
vn 0.1764 -0.2452 -0.9533
vn 0.0655 -0.1022 -0.9926
vn 0.1446 -0.0489 -0.9883
vn 0.5492 -0.7931 -0.2633
vn 0.5506 -0.8022 0.2309
vn 0.0651 -0.1074 0.9921
vn 0.1789 -0.2405 0.9540
vn 0.1457 -0.0493 0.9881
vn 0.4484 -0.6574 0.6056
vn -0.0156 -0.9521 0.3054
vn -0.0023 -0.9986 0.0529
vn -0.0149 -0.9986 -0.0505
vn -0.0029 -0.5778 -0.8162
vn -0.0030 -0.3038 -0.9527
vn 0.3388 -0.4545 -0.8238
vn 0.4408 -0.6398 -0.6296
vn -0.0067 -0.5876 0.8091
vn 0.3385 -0.4517 0.8254
vn -0.0097 -0.9501 -0.3116
vn 0.0028 -0.8102 -0.5861
vn 0.0021 -0.2954 0.9554
vn 0.0037 -0.9984 -0.0568
vn -0.0000 -0.1622 -0.9868
vn -0.0025 -0.1589 -0.9873
vn -0.0011 -0.1545 0.9880
vn -0.0017 -0.1458 0.9893
vn 0.0014 -0.1470 -0.9891
vn 0.0014 -0.1600 0.9871
vn -0.1582 -0.5610 -0.8125
vn -0.1101 -0.9924 0.0554
vn 0.0109 -0.9444 0.3286
vn -0.1577 -0.5619 0.8121
vn 0.0034 -0.8041 0.5945
vn 0.0023 -0.1500 0.9887
vn -0.0915 -0.3194 -0.9432
vn 0.0016 -0.1462 -0.9893
vn -0.1135 -0.9905 -0.0778
vn 0.0103 -0.9447 -0.3278
vn -0.1867 -0.7834 0.5929
vn -0.0883 -0.3201 0.9433
vn -0.0640 -0.9518 0.3000
vn -0.1758 -0.7802 -0.6003
vn 0.0102 -0.8215 -0.5702
vn -0.0861 -0.9492 -0.3027
vn -0.0642 -0.1451 -0.9873
vn -0.0114 -0.1558 -0.9877
vn -0.3591 -0.9044 0.2302
vn -0.0646 -0.1452 0.9873
vn -0.0117 -0.1535 0.9881
vn -0.4053 -0.8651 -0.2954
vn -0.5111 -0.6286 -0.5862
vn -0.6822 -0.6958 -0.2247
vn -0.7379 -0.6371 0.2225
vn -0.5513 -0.8059 0.2158
vn -0.5048 -0.6406 0.5786
vn -0.7445 -0.3452 -0.5714
vn -0.4852 -0.3469 -0.8026
vn -0.4845 -0.3474 0.8028
vn -0.7429 -0.3413 0.5759
vn -0.9056 -0.2927 -0.3069
vn -0.9400 -0.3330 0.0744
vn -0.8999 -0.4288 -0.0796
vn -0.9064 -0.2877 0.3091
vn -0.3220 0.0989 -0.9415
vn -0.1641 -0.0308 -0.9860
vn -0.2659 -0.1839 -0.9463
vn -0.9961 -0.0419 -0.0777
vn -0.1640 -0.0309 0.9860
vn -0.3221 0.0989 0.9415
vn -0.2653 -0.1846 0.9463
vn -0.9498 0.0506 -0.3087
vn -0.8008 -0.0403 -0.5976
vn -0.9958 0.0412 0.0812
vn -0.8008 -0.0404 0.5976
vn -0.9519 0.0462 0.3028
vn -0.7802 0.2307 -0.5814
vn -0.7802 0.2307 0.5814
vn -0.9407 0.3317 -0.0712
vn -0.8673 0.3965 -0.3010
vn -0.9058 0.4178 0.0709
vn -0.1298 0.0587 -0.9898
vn -0.1455 0.0103 -0.9893
vn -0.1297 0.0591 0.9898
vn -0.1452 0.0103 0.9893
vn -0.1266 0.1085 -0.9860
vn -0.6086 0.5338 -0.5871
vn -0.6121 0.5338 0.5834
vn -0.8682 0.3893 0.3076
vn -0.1266 0.1086 0.9860
vn -0.6629 0.7154 0.2206
vn -0.7042 0.6732 -0.2255
vn -0.3381 0.7428 -0.5778
vn -0.3344 0.7418 0.5813
vn -0.3124 0.9010 -0.3011
vn -0.3497 0.9339 0.0741
vn -0.4987 0.8635 -0.0753
vn -0.3029 0.9042 0.3012
vn -0.2137 0.9738 -0.0782
vn -0.1696 0.9825 0.0765
vn -0.4046 0.9101 -0.0892
vn -0.1461 0.9326 -0.3299
vn -0.5679 0.7520 -0.3347
vn -0.3124 0.7342 -0.6028
vn -0.6015 0.7947 0.0815
vn -0.3124 0.7342 0.6028
vn -0.5654 0.7446 0.3547
vn -0.1566 0.9359 0.3155
vn -0.0761 0.2919 -0.9534
vn -0.0691 0.1364 -0.9882
vn -0.0479 0.1503 -0.9875
vn -0.0693 0.1367 0.9882
vn -0.0761 0.2919 0.9534
vn -0.0479 0.1503 0.9875
vn -0.1807 0.2138 -0.9600
vn -0.1807 0.2138 0.9600
vn -0.4811 0.2719 -0.8334
vn -0.2194 0.5233 -0.8234
vn -0.8715 0.4826 -0.0873
vn -0.4811 0.2719 0.8334
vn -0.2194 0.5233 0.8234
vn -0.1300 0.0820 -0.9881
vn -0.1188 0.1036 -0.9875
vn -0.1300 0.0820 0.9881
vn -0.1188 0.1036 0.9875
vn -0.2727 0.0961 -0.9573
vn -0.2727 0.0961 0.9573
vn -0.9195 0.2583 -0.2964
vn -0.6934 0.3961 -0.6019
vn -0.9469 0.3127 0.0751
vn -0.6934 0.3961 0.6019
vn -0.9135 0.2732 0.3015
vn -0.1464 0.0259 -0.9889
vn -0.1528 0.0571 -0.9866
vn -0.1464 0.0259 0.9889
vn -0.1528 0.0571 0.9866
vn -0.3046 0.0223 -0.9522
vn -0.1648 0.0116 -0.9863
vn -0.1452 0.0202 -0.9892
vn -0.1648 0.0116 0.9863
vn -0.3046 0.0223 0.9522
vn -0.1452 0.0202 0.9892
vn -0.1570 0.0034 -0.9876
vn -0.1570 0.0034 0.9876
vn -0.1443 0.0002 -0.9895
vn -0.1443 0.0002 0.9895
vn -0.5929 -0.1029 -0.7987
vn -0.2918 -0.0240 -0.9562
vn -0.5897 -0.0085 -0.8075
vn -0.8072 -0.0352 0.5892
vn -0.9395 -0.1487 0.3085
vn -0.9558 -0.0136 0.2937
vn -0.2918 -0.0240 0.9562
vn -0.5861 -0.1041 0.8035
vn -0.5901 -0.0024 0.8073
vn -0.1408 -0.0273 -0.9897
vn -0.1643 -0.0117 -0.9863
vn -0.7820 -0.1979 0.5910
vn -0.1409 -0.0273 0.9897
vn -0.1643 -0.0117 0.9863
vn -0.4291 -0.3519 -0.8319
vn -0.2133 -0.1562 -0.9644
vn -0.6679 -0.6584 -0.3470
vn -0.7874 -0.1654 -0.5938
vn -0.9364 -0.1444 -0.3198
vn -0.6652 -0.6593 0.3504
vn -0.2133 -0.1562 0.9644
vn -0.4294 -0.3532 0.8312
vn -0.5512 -0.5487 -0.6285
vn -0.5474 -0.5541 0.6272
vn -0.1291 -0.1109 -0.9854
vn -0.1510 -0.0875 -0.9846
vn -0.1293 -0.1109 0.9854
vn -0.1512 -0.0876 0.9846
vn -0.0995 -0.1217 -0.9876
vn -0.0997 -0.1217 0.9876
vn -0.0743 -0.1227 -0.9897
vn -0.0744 -0.1225 0.9897
vn -0.1877 -0.5449 -0.8173
vn -0.1876 -0.5449 0.8173
vn -0.0868 -0.2803 -0.9560
vn -0.0867 -0.2803 0.9560
vn -0.0515 -0.1525 -0.9870
vn -0.0653 -0.1291 -0.9895
vn -0.1750 -0.7755 -0.6066
vn -0.2183 -0.9730 0.0745
vn -0.6968 -0.7117 -0.0895
vn -0.7167 -0.6921 0.0862
vn -0.1750 -0.7755 0.6066
vn -0.0515 -0.1525 0.9870
vn -0.0653 -0.1291 0.9895
vn -0.1921 -0.9289 -0.3166
vn -0.1896 -0.9308 0.3124
vn -0.0329 -0.1601 -0.9866
vn -0.0329 -0.1601 0.9866
vn -0.0190 -0.1541 -0.9879
vn -0.0190 -0.1541 0.9879
vn -0.0300 -0.1512 -0.9880
vn -0.0300 -0.1512 0.9880
vn -0.1298 -0.2967 -0.9461
vn -0.0871 -0.1345 -0.9871
vn -0.0871 -0.1345 0.9871
vn -0.1299 -0.2967 0.9461
vn -0.3219 -0.9442 -0.0692
vn -0.6271 -0.7455 -0.2256
vn -0.2883 -0.9057 -0.3109
vn -0.6186 -0.7526 0.2257
vn -0.3155 -0.9464 0.0688
vn -0.2861 -0.9055 0.3134
vn -0.2724 -0.5327 -0.8013
vn -0.3145 -0.1150 -0.9423
vn -0.3145 -0.1150 0.9423
vn -0.2724 -0.5327 0.8013
vn -0.5216 -0.2846 -0.8043
vn -0.5216 -0.2846 0.8043
vn -0.5903 -0.0245 -0.8068
vn -0.5903 -0.0245 0.8068
vn -0.1751 0.0202 -0.9843
vn -0.1445 -0.0143 -0.9894
vn -0.1752 0.0202 0.9843
vn -0.1443 -0.0145 0.9894
vn -0.5627 0.1819 -0.8064
vn -0.2795 0.1799 -0.9431
vn -0.2795 0.1799 0.9431
vn -0.5627 0.1819 0.8064
vn -0.1267 0.0749 -0.9891
vn -0.1671 0.0363 -0.9853
vn -0.1267 0.0749 0.9891
vn -0.1671 0.0363 0.9853
vn -0.9451 0.3191 -0.0703
vn -0.7554 0.6177 -0.2186
vn -0.9025 0.2876 -0.3205
vn -0.7620 0.6087 0.2208
vn -0.9481 0.3107 0.0682
vn -0.9030 0.2857 0.3210
vn -0.0992 0.1262 -0.9870
vn -0.0992 0.1262 0.9870
vn -0.1059 0.5913 -0.7994
vn -0.0792 0.3183 -0.9447
vn -0.3866 0.4623 -0.7980
vn -0.0792 0.3183 0.9447
vn -0.1059 0.5913 0.7994
vn -0.3866 0.4623 0.7980
vn 0.0002 0.3077 -0.9515
vn 0.0045 0.1536 -0.9881
vn 0.0045 0.1536 0.9881
vn 0.0002 0.3077 0.9515
vn 0.0003 0.5857 -0.8105
vn 0.0003 0.5857 0.8105
vn -0.0113 0.9978 -0.0648
vn 0.0163 0.9475 -0.3193
vn 0.0267 0.9966 -0.0773
vn -0.0052 0.1514 -0.9885
vn 0.0002 0.1615 -0.9869
vn -0.0274 0.9506 -0.3092
vn -0.0231 0.9968 0.0763
vn 0.0094 0.9970 0.0770
vn -0.0052 0.1514 0.9885
vn 0.0002 0.1615 0.9869
vn -0.0047 0.1567 -0.9876
vn -0.0047 0.1567 0.9876
vn 0.0642 0.3148 -0.9470
vn 0.1823 0.7963 -0.5767
vn -0.0032 0.7996 -0.6005
vn 0.1816 0.7941 0.5800
vn -0.0035 0.7993 0.6009
vn 0.0642 0.3148 0.9470
vn 0.1406 0.5763 -0.8051
vn 0.0566 0.9511 0.3038
vn -0.0243 0.9512 0.3076
vn 0.1406 0.5763 0.8051
vn 0.0981 0.9930 -0.0664
vn 0.3616 0.9026 -0.2336
vn 0.0628 0.9518 -0.3003
vn 0.3519 0.9064 0.2339
vn 0.0956 0.9934 0.0642
vn 0.2818 0.1936 -0.9397
vn 0.2818 0.1936 0.9397
vn 0.8240 0.5217 -0.2211
vn 0.5926 0.5626 -0.5765
vn 0.5934 0.7745 -0.2191
vn 0.5935 0.5628 0.5753
vn 0.8184 0.5313 0.2190
vn 0.5844 0.7810 0.2202
vn 0.5758 0.1317 -0.8069
vn 0.4332 0.4298 -0.7923
vn 0.5758 0.1317 0.8069
vn 0.4332 0.4298 0.7923
vn 0.3057 -0.1206 -0.9444
vn 0.1328 -0.0579 -0.9894
vn 0.1661 -0.0061 -0.9861
vn 0.1330 -0.0579 0.9894
vn 0.3057 -0.1206 0.9444
vn 0.1662 -0.0062 0.9861
vn 0.1228 -0.1064 -0.9867
vn 0.1229 -0.1065 0.9867
vn 0.6810 -0.7278 0.0814
vn 0.8385 -0.5389 -0.0813
vn 0.8901 -0.4498 0.0731
vn 0.5261 -0.7948 0.3024
vn 0.8047 -0.5008 0.3188
vn 0.3501 -0.9335 0.0768
vn 0.5193 -0.8517 -0.0696
vn 0.2180 -0.9483 -0.2306
vn 0.3457 -0.7417 -0.5747
vn 0.5309 -0.7918 -0.3021
vn 0.3490 -0.7392 0.5761
vn 0.1948 -0.9314 0.3076
vn 0.0789 -0.2904 -0.9537
vn 0.0351 -0.1526 -0.9877
vn 0.1446 -0.2925 -0.9453
vn 0.0351 -0.1526 0.9877
vn 0.0789 -0.2904 0.9536
vn 0.1446 -0.2925 0.9453
vn 0.6493 -0.6596 -0.3786
vn 0.2696 -0.7453 -0.6098
vn 0.1396 -0.9361 -0.3229
vn 0.1685 -0.7795 0.6034
vn 0.6531 -0.6632 0.3655
vn 0.1457 -0.9366 0.3186
vn 0.2299 -0.5232 0.8206
vn 0.6010 -0.4762 0.6419
vn 0.2063 -0.1662 -0.9643
vn 0.0629 -0.1360 -0.9887
vn 0.0629 -0.1360 0.9887
vn 0.2063 -0.1662 0.9643
vn 0.6688 -0.4094 -0.6205
vn 0.2333 -0.5226 -0.8201
vn 0.5151 -0.2441 -0.8216
vn 0.5201 -0.2404 0.8196
vn 0.1363 -0.1001 -0.9856
vn 0.1149 -0.1226 -0.9858
vn 0.1363 -0.1001 0.9856
vn 0.1149 -0.1226 0.9858
vn 0.1361 -0.0373 -0.9900
vn 0.1443 -0.0695 -0.9871
vn 0.1361 -0.0373 0.9900
vn 0.1443 -0.0695 0.9871
vn 0.2857 -0.0299 -0.9578
vn 0.7053 -0.7031 -0.0906
vn 0.9527 -0.1204 -0.2792
vn 0.9553 -0.1229 0.2687
vn 0.7044 -0.7040 0.0908
vn 0.2858 -0.0299 0.9578
vn 0.1653 -0.0191 -0.9861
vn 0.1362 -0.0282 -0.9903
vn 0.7952 -0.0457 -0.6046
vn 0.7939 -0.0464 0.6063
vn 0.1653 -0.0191 0.9861
vn 0.1362 -0.0282 0.9903
vn 0.1652 -0.0073 -0.9862
vn 0.1652 -0.0073 0.9862
vn 0.1375 -0.0003 -0.9905
vn 0.9973 -0.0368 -0.0628
vn 0.9531 -0.0070 -0.3026
vn 0.9529 -0.0066 0.3033
vn 0.9974 -0.0378 0.0612
vn 0.1375 -0.0003 0.9905
vn 0.8117 0.1147 -0.5726
vn 0.5744 0.0286 -0.8180
vn 0.8163 0.0148 -0.5774
vn 0.5745 0.0286 0.8180
vn 0.8117 0.1147 0.5726
vn 0.8163 0.0148 0.5774
vn 0.5183 0.2356 -0.8221
vn 0.2859 0.0358 -0.9576
vn 0.2859 0.0358 0.9576
vn 0.5183 0.2356 0.8221
vn 0.7139 0.3585 -0.6015
vn 0.7139 0.3585 0.6015
vn 0.2442 0.1409 -0.9594
vn 0.1090 0.1056 -0.9884
vn 0.1337 0.0881 -0.9871
vn 0.7923 0.5089 -0.3366
vn 0.4499 0.6631 -0.5983
vn 0.4499 0.6631 0.5983
vn 0.7924 0.5083 0.3373
vn 0.1090 0.1056 0.9884
vn 0.2442 0.1409 0.9594
vn 0.1337 0.0881 0.9871
vn 0.3264 0.4631 -0.8240
vn 0.1450 0.2459 -0.9584
vn 0.1450 0.2459 0.9584
vn 0.3264 0.4631 0.8240
vn 0.0992 0.1232 -0.9874
vn 0.0992 0.1231 0.9874
vn 0.0814 0.1437 -0.9863
vn 0.0813 0.1436 0.9863
vn 0.0564 0.1439 -0.9880
vn 0.0563 0.1438 0.9880
vn 0.0399 0.1369 -0.9898
vn 0.0398 0.1369 0.9898
vn 0.1335 0.5731 -0.8085
vn 0.0339 0.2893 -0.9566
vn 0.0339 0.2894 0.9566
vn 0.1335 0.5731 0.8085
vn 0.0184 0.1635 -0.9864
vn 0.0324 0.1478 -0.9885
vn 0.0184 0.1635 0.9864
vn 0.0324 0.1478 0.9885
vn 0.0050 0.1565 -0.9877
vn 0.0051 0.1566 0.9877
vn -0.0014 0.1404 -0.9901
vn -0.0014 0.1403 0.9901
vn -0.4560 0.8592 -0.2319
vn -0.2937 0.9036 -0.3118
vn -0.3022 0.9503 -0.0741
vn -0.2983 0.8999 0.3183
vn -0.4601 0.8571 0.2316
vn -0.2949 0.9523 0.0779
vn -0.3879 0.4390 -0.8104
vn -0.1686 0.2324 -0.9579
vn -0.2744 0.5313 -0.8015
vn -0.1686 0.2324 0.9579
vn -0.3879 0.4390 0.8104
vn -0.2744 0.5313 0.8015
vn -0.1031 0.0981 -0.9898
vn -0.1093 0.1292 -0.9856
vn -0.1031 0.0981 0.9898
vn -0.1093 0.1292 0.9856
vn -0.2445 0.1881 -0.9512
vn -0.1304 0.1017 -0.9862
vn -0.1049 0.0956 -0.9899
vn -0.1304 0.1017 0.9862
vn -0.2445 0.1881 0.9512
vn -0.1049 0.0956 0.9899
vn -0.1330 0.0887 -0.9871
vn -0.1330 0.0887 0.9871
vn -0.1304 0.0825 -0.9880
vn -0.1304 0.0825 0.9880
vn -0.2235 0.2399 -0.9447
vn -0.0943 0.1267 -0.9874
vn -0.1230 0.0895 -0.9884
vn -0.0943 0.1267 0.9874
vn -0.2235 0.2399 0.9447
vn -0.1230 0.0895 0.9884
vn 0.0681 0.8127 -0.5786
vn -0.0905 0.5959 -0.7979
vn -0.2689 0.7732 -0.5743
vn 0.0590 0.9952 0.0786
vn -0.2543 0.9630 -0.0891
vn -0.3016 0.9495 0.0867
vn -0.0905 0.5959 0.7979
vn 0.0681 0.8127 0.5786
vn -0.2689 0.7732 0.5743
vn 0.1016 0.9920 -0.0749
vn 0.0663 0.9485 -0.3097
vn 0.5739 0.7600 -0.3052
vn 0.5986 0.5531 -0.5794
vn 0.3143 0.7411 -0.5932
vn 0.5986 0.5531 0.5794
vn 0.5736 0.7596 0.3066
vn 0.3143 0.7411 0.5932
vn 0.2765 0.1848 -0.9431
vn 0.1477 0.0538 -0.9876
vn 0.1093 0.1096 -0.9879
vn 0.8489 0.4356 -0.2995
vn 0.8071 0.1586 -0.5687
vn 0.8071 0.1586 0.5687
vn 0.8501 0.4333 0.2992
vn 0.1476 0.0538 0.9876
vn 0.2765 0.1848 0.9431
vn 0.1092 0.1096 0.9880
vn 0.5867 -0.0045 -0.8098
vn 0.5867 -0.0045 0.8098
vn 0.7726 -0.1974 -0.6035
vn 0.5867 -0.0904 -0.8047
vn 0.8152 0.0075 -0.5791
vn 0.5867 -0.0904 0.8047
vn 0.7751 -0.1971 0.6003
vn 0.8161 0.0119 0.5777
vn 0.3336 -0.0904 -0.9384
vn 0.1472 -0.0370 -0.9884
vn 0.1707 -0.0373 -0.9846
vn 0.1472 -0.0370 0.9884
vn 0.3336 -0.0904 0.9384
vn 0.1707 -0.0373 0.9846
vn 0.1449 -0.0435 -0.9885
vn 0.9611 -0.2600 -0.0928
vn 0.9088 -0.2941 -0.2959
vn 0.9248 -0.2251 -0.3067
vn 0.9086 -0.2944 0.2963
vn 0.9616 -0.2590 0.0911
vn 0.9255 -0.2240 0.3055
vn 0.1449 -0.0435 0.9885
vn 0.1621 -0.0544 -0.9853
vn 0.1626 -0.0546 0.9852
vn 0.5347 -0.1751 -0.8267
vn 0.1889 -0.2453 -0.9509
vn 0.1852 -0.2552 0.9490
vn 0.5347 -0.1751 0.8267
vn 0.0659 -0.1115 -0.9916
vn 0.1616 -0.0550 -0.9853
vn 0.0676 -0.1064 0.9920
vn 0.1621 -0.0552 0.9852
vn 0.5425 -0.8032 0.2462
vn 0.9430 -0.3243 0.0751
vn -0.0172 -0.9968 0.0778
vn 0.5586 -0.8245 -0.0907
vn 0.3134 -0.4568 0.8325
vn -0.0103 -0.8166 0.5771
vn 0.4355 -0.6498 0.6230
vn -0.0106 -0.8191 -0.5736
vn 0.3108 -0.4557 -0.8341
vn 0.4338 -0.6411 -0.6331
vn -0.0037 -0.3027 0.9531
vn -0.0021 -0.5864 -0.8101
vn -0.0061 -0.9968 -0.0797
vn -0.0098 -0.9496 -0.3133
vn -0.0003 -0.5806 0.8142
vn 0.0078 -0.9981 0.0606
vn 0.0001 -0.1541 0.9881
vn -0.0024 -0.1568 0.9876
vn 0.0091 -0.8178 0.5754
vn -0.0042 -0.9548 0.2972
vn 0.0025 -0.2981 -0.9545
vn 0.0012 -0.1592 -0.9872
vn -0.0013 -0.1469 -0.9892
vn 0.0130 -0.9974 -0.0709
vn 0.0036 -0.9511 -0.3089
vn 0.0010 -0.1432 0.9897
vn -0.1015 -0.3153 0.9436
vn -0.1557 -0.5588 0.8146
vn 0.0016 -0.1523 0.9883
vn -0.1534 -0.5637 -0.8116
vn -0.0904 -0.3187 -0.9435
vn 0.0023 -0.1506 -0.9886
vn -0.0898 -0.9486 -0.3035
vn 0.0104 -0.8212 -0.5706
vn -0.1763 -0.7829 -0.5967
vn -0.0968 -0.9929 0.0686
vn -0.1835 -0.7836 0.5936
vn -0.0766 -0.9476 0.3101
vn -0.1066 -0.9910 -0.0815
vn -0.0645 -0.1452 -0.9873
vn -0.0117 -0.1539 -0.9880
vn -0.3598 -0.9046 0.2284
vn -0.0630 -0.1451 0.9874
vn -0.0103 -0.1628 0.9866
vn -0.4049 -0.8654 -0.2952
vn -0.5098 -0.6288 -0.5871
vn -0.7379 -0.6372 0.2225
vn -0.5512 -0.8060 0.2158
vn -0.5051 -0.6409 0.5780
vn -0.7445 -0.3452 -0.5715
vn -0.4844 -0.3476 -0.8028
vn -0.4863 -0.3478 0.8016
vn -0.9056 -0.2927 -0.3068
vn -0.9400 -0.3330 0.0743
vn -0.9065 -0.2878 0.3091
vn -0.3221 0.0989 -0.9415
vn -0.2655 -0.1852 -0.9462
vn -0.9961 -0.0420 -0.0777
vn -0.1640 -0.0308 0.9860
vn -0.2675 -0.1836 0.9459
vn -0.9498 0.0505 -0.3087
vn -0.8007 -0.0404 -0.5977
vn -0.9959 0.0412 0.0811
vn -0.8007 -0.0404 0.5977
vn -0.7802 0.2307 0.5815
vn -0.8673 0.3965 -0.3011
vn -0.1297 0.0587 -0.9898
vn -0.1455 0.0102 -0.9893
vn -0.1455 0.0102 0.9893
vn -0.1266 0.1083 -0.9860
vn -0.6087 0.5337 -0.5871
vn -0.6121 0.5337 0.5835
vn -0.1266 0.1085 0.9860
vn -0.6611 0.7174 0.2196
vn -0.7034 0.6740 -0.2256
vn -0.3410 0.7375 -0.5830
vn -0.3371 0.7362 0.5868
vn -0.3043 0.9015 -0.3078
vn -0.3467 0.9351 0.0730
vn -0.5009 0.8620 -0.0782
vn -0.3024 0.9004 0.3129
vn -0.2108 0.9748 -0.0733
vn -0.1579 0.9856 -0.0605
vn -0.5614 0.7537 -0.3416
vn -0.1369 0.7880 -0.6003
vn -0.5911 0.8021 0.0850
vn -0.1369 0.7880 0.6003
vn -0.5566 0.7554 0.3457
vn -0.3017 0.4627 -0.8336
vn -0.0867 0.2765 -0.9571
vn -0.1007 0.5771 -0.8104
vn -0.6187 0.7807 -0.0886
vn -0.0810 0.2807 0.9564
vn -0.3015 0.4637 0.8331
vn -0.1008 0.5767 0.8107
vn -0.0780 0.1333 -0.9880
vn -0.0510 0.1526 -0.9870
vn -0.0763 0.1340 0.9880
vn -0.0510 0.1494 0.9875
vn -0.1936 0.2052 0.9594
vn -0.2010 0.2009 -0.9588
vn -0.1321 0.0820 -0.9878
vn -0.1125 0.1140 -0.9871
vn -0.1313 0.0818 0.9880
vn -0.1138 0.1141 0.9869
vn -0.4779 0.6149 -0.6273
vn -0.5263 0.2086 -0.8243
vn -0.5266 0.2095 0.8239
vn -0.4779 0.6149 0.6273
vn -0.2727 0.0963 -0.9573
vn -0.2718 0.0970 0.9575
vn -0.7722 0.2251 -0.5943
vn -0.7722 0.2251 0.5943
vn -0.1465 0.0255 -0.9889
vn -0.1532 0.0558 -0.9866
vn -0.1465 0.0255 0.9889
vn -0.1530 0.0558 0.9867
vn -0.3035 0.0219 -0.9526
vn -0.1647 0.0117 -0.9863
vn -0.1454 0.0201 -0.9892
vn -0.1647 0.0117 0.9863
vn -0.3035 0.0218 0.9526
vn -0.1454 0.0201 0.9892
vn -0.1571 0.0034 -0.9876
vn -0.1571 0.0034 0.9876
vn -0.1444 0.0002 -0.9895
vn -0.1444 0.0002 0.9895
vn -0.9383 -0.1514 -0.3110
vn -0.7976 -0.0248 -0.6026
vn -0.9558 -0.0129 -0.2936
vn -0.5779 -0.0509 0.8146
vn -0.7989 -0.1199 0.5894
vn -0.8187 -0.0097 0.5742
vn -0.3051 -0.0309 -0.9518
vn -0.7892 -0.1724 -0.5895
vn -0.9762 -0.2004 0.0830
vn -0.9836 -0.1637 -0.0762
vn -0.9972 -0.0422 0.0621
vn -0.1408 -0.0273 0.9897
vn -0.3051 -0.0309 0.9518
vn -0.9147 -0.2745 0.2967
vn -0.9419 -0.1055 0.3188
vn -0.5595 -0.1678 0.8117
vn -0.5831 -0.5173 0.6264
vn -0.6676 -0.6584 -0.3475
vn -0.5579 -0.5414 -0.6290
vn -0.5601 -0.1742 -0.8099
vn -0.6997 -0.7085 0.0923
vn -0.6958 -0.7128 -0.0885
vn -0.6290 -0.6978 0.3426
vn -0.3468 -0.4401 -0.8283
vn -0.2164 -0.1545 -0.9640
vn -0.2164 -0.1545 0.9640
vn -0.3459 -0.4429 0.8271
vn -0.1292 -0.1108 -0.9854
vn -0.1513 -0.0875 -0.9846
vn -0.1294 -0.1109 0.9854
vn -0.0998 -0.1217 -0.9875
vn -0.0997 -0.1217 0.9875
vn -0.0744 -0.1224 -0.9897
vn -0.0743 -0.1224 0.9897
vn -0.0823 -0.2756 -0.9578
vn -0.0823 -0.2756 0.9578
vn -0.0653 -0.1290 -0.9895
vn -0.1904 -0.7853 -0.5891
vn -0.2155 -0.9736 0.0752
vn -0.1931 -0.7847 0.5890
vn -0.0517 -0.1528 0.9869
vn -0.0652 -0.1291 0.9895
vn -0.1920 -0.9291 -0.3162
vn -0.1864 -0.9317 0.3118
vn -0.0327 -0.1602 -0.9865
vn -0.1060 -0.5712 -0.8139
vn -0.1060 -0.5712 0.8139
vn -0.0327 -0.1602 0.9865
vn -0.0186 -0.1541 -0.9879
vn -0.0186 -0.1541 0.9879
vn -0.0317 -0.1525 -0.9878
vn -0.0317 -0.1525 0.9878
vn -0.1468 -0.2942 -0.9444
vn -0.0925 -0.1304 -0.9871
vn -0.0925 -0.1303 0.9872
vn -0.1468 -0.2942 0.9444
vn -0.3420 -0.9371 -0.0700
vn -0.6593 -0.7172 -0.2256
vn -0.3061 -0.8997 -0.3112
vn -0.6511 -0.7246 0.2257
vn -0.3345 -0.9398 0.0693
vn -0.3045 -0.8994 0.3135
vn -0.7460 -0.3400 -0.5726
vn -0.5281 -0.2750 -0.8034
vn -0.5492 -0.6020 -0.5797
vn -0.5281 -0.2750 0.8034
vn -0.7464 -0.3418 0.5710
vn -0.5507 -0.6005 0.5797
vn -0.8095 -0.0495 -0.5851
vn -0.8095 -0.0495 0.5851
vn -0.5848 0.0268 -0.8107
vn -0.3204 -0.1032 -0.9417
vn -0.3204 -0.1033 0.9416
vn -0.5848 0.0268 0.8107
vn -0.1629 0.0260 -0.9863
vn -0.1463 -0.0108 -0.9892
vn -0.1633 0.0260 0.9862
vn -0.1463 -0.0108 0.9892
vn -0.7811 0.2276 -0.5814
vn -0.4973 0.3236 -0.8050
vn -0.4968 0.3235 0.8054
vn -0.7805 0.2260 0.5829
vn -0.2747 0.1704 -0.9463
vn -0.1311 0.0674 -0.9891
vn -0.1310 0.0673 0.9891
vn -0.2740 0.1706 0.9465
vn -0.9531 0.2945 -0.0693
vn -0.7853 0.5787 -0.2201
vn -0.9120 0.2621 -0.3154
vn -0.7929 0.5680 0.2208
vn -0.9556 0.2868 0.0676
vn -0.9125 0.2596 0.3161
vn -0.1063 0.1190 -0.9872
vn -0.1060 0.1199 0.9871
vn -0.0911 0.9481 -0.3045
vn -0.2093 0.7842 -0.5841
vn -0.3939 0.8915 -0.2239
vn -0.2158 0.7827 0.5838
vn -0.0828 0.9500 0.3010
vn -0.4030 0.8873 0.2243
vn 0.0038 0.2943 -0.9557
vn -0.0126 0.1560 -0.9877
vn -0.1068 0.3140 -0.9434
vn 0.0038 0.1479 -0.9890
vn 0.0026 0.1486 0.9889
vn -0.1030 0.3153 0.9434
vn -0.0127 0.1535 0.9881
vn 0.0114 0.8034 -0.5953
vn 0.0140 0.9992 -0.0378
vn -0.1113 0.9907 -0.0778
vn 0.0027 0.3049 0.9524
vn -0.1693 0.5628 0.8091
vn -0.0015 0.5855 -0.8107
vn -0.1674 0.5620 -0.8100
vn -0.0024 0.5687 0.8226
vn 0.0095 0.8205 0.5716
vn 0.0005 0.1662 -0.9861
vn 0.0011 0.9528 -0.3037
vn 0.0017 0.1604 0.9870
vn -0.0112 0.8055 -0.5925
vn -0.0138 0.9468 0.3215
vn -0.0002 0.9985 0.0548
vn 0.0117 0.9481 0.3177
vn -0.0012 0.1504 -0.9886
vn -0.0083 0.8260 0.5636
vn -0.0013 0.1570 0.9876
vn 0.1707 0.2105 -0.9626
vn -0.0018 0.1409 -0.9900
vn -0.0022 0.1439 0.9896
vn 0.1701 0.2126 0.9622
vn 0.3452 0.3862 -0.8554
vn -0.0240 0.9562 -0.2918
vn 0.5052 0.5625 -0.6545
vn 0.3449 0.3756 0.8602
vn 0.5048 0.5617 0.6555
vn 0.0877 0.0877 -0.9923
vn -0.0031 0.1541 -0.9881
vn -0.0163 0.9975 -0.0693
vn 0.6406 0.7214 -0.2631
vn 0.6402 0.7229 0.2600
vn -0.0229 0.9980 0.0585
vn 0.0880 0.0865 0.9924
vn -0.0031 0.1523 0.9883
vn 0.5941 0.0656 -0.8017
vn 0.5942 0.0656 0.8017
vn 0.9482 -0.0148 -0.3173
vn 0.8164 -0.0183 -0.5771
vn 0.9475 0.0993 -0.3041
vn 0.8177 -0.0031 0.5757
vn 0.9500 -0.0053 0.3122
vn 0.9482 0.1010 0.3012
vn 0.9972 -0.0309 -0.0678
vn 0.9911 0.1120 -0.0717
vn 0.9974 -0.0242 0.0673
vn 0.9912 0.1107 0.0730
vn 0.1609 -0.0271 0.9866
vn 0.3269 -0.0105 0.9450
vn 0.1571 0.0126 0.9875
vn 0.5993 -0.0981 -0.7945
vn 0.2519 -0.2265 -0.9409
vn 0.3269 -0.0105 -0.9450
vn 0.9165 -0.3295 -0.2268
vn 0.9154 -0.3282 0.2331
vn 0.2519 -0.2265 0.9409
vn 0.5939 -0.1035 0.7979
vn 0.4257 -0.4291 -0.7967
vn 0.6622 -0.6800 -0.3149
vn 0.7227 -0.3827 -0.5756
vn 0.4194 -0.4223 0.8036
vn 0.4155 -0.6973 -0.5840
vn 0.5023 -0.8613 -0.0766
vn 0.7949 -0.6040 -0.0574
vn 0.6687 -0.6751 0.3116
vn 0.5079 -0.8581 0.0758
vn 0.7996 -0.5974 0.0612
vn 0.1702 -0.5708 -0.8033
vn 0.3338 -0.8934 -0.3006
vn 0.1728 -0.5663 0.8058
vn 0.0466 -0.3153 -0.9478
vn 0.0578 -0.1495 -0.9871
vn 0.1114 -0.8027 -0.5858
vn 0.1419 -0.9876 -0.0670
vn 0.3426 -0.8913 0.2969
vn 0.1461 -0.9870 0.0671
vn 0.0578 -0.1495 0.9871
vn 0.0466 -0.3153 0.9478
vn 0.1080 -0.9450 -0.3087
vn 0.0750 -0.8078 0.5847
vn 0.3046 -0.7544 0.5814
vn -0.0739 -0.5946 -0.8006
vn -0.0747 -0.5926 0.8021
vn -0.1388 -0.9402 -0.3110
vn -0.1499 -0.9419 0.3007
vn 0.1116 -0.9440 0.3106
vn -0.1220 -0.3041 -0.9448
vn -0.1750 -0.7938 -0.5825
vn -0.1789 -0.7914 0.5846
vn -0.1219 -0.3041 0.9448
vn -0.0895 -0.1240 -0.9882
vn -0.0273 -0.1511 -0.9881
vn -0.2147 -0.9748 -0.0610
vn -0.4905 -0.8344 -0.2515
vn -0.0895 -0.1240 0.9882
vn -0.0272 -0.1511 0.9881
vn -0.6995 -0.7112 -0.0704
vn -0.7853 -0.5397 -0.3033
vn -0.7834 -0.5456 0.2977
vn -0.5650 -0.8209 0.0830
vn -0.4901 -0.8135 0.3131
vn -0.8457 -0.5293 0.0685
vn -0.8807 -0.4687 -0.0686
vn -0.4761 -0.3615 -0.8017
vn -0.2450 -0.1474 -0.9582
vn -0.5305 -0.2542 -0.8086
vn -0.2466 -0.1482 0.9577
vn -0.4812 -0.3591 0.7997
vn -0.5306 -0.2542 0.8086
vn -0.4133 -0.7085 -0.5720
vn -0.3681 -0.4532 -0.8119
vn -0.5757 -0.5695 -0.5867
vn -0.1852 -0.2266 0.9562
vn -0.3011 -0.5195 0.7996
vn -0.4286 -0.4194 0.8002
vn -0.1916 -0.2351 -0.9529
vn -0.0690 -0.1242 -0.9899
vn -0.0916 -0.1322 -0.9870
vn -0.4073 -0.9107 0.0686
vn -0.5234 -0.8495 -0.0662
vn -0.6645 -0.7438 0.0722
vn -0.0690 -0.1243 0.9898
vn -0.0917 -0.1323 0.9870
vn -0.2124 -0.5356 -0.8173
vn -0.0949 -0.2756 0.9566
vn -0.0929 -0.2767 -0.9565
vn -0.0604 -0.1517 -0.9866
vn -0.0650 -0.1270 -0.9898
vn -0.2572 -0.9073 0.3327
vn -0.4893 -0.8104 0.3221
vn -0.0604 -0.1517 0.9866
vn -0.0651 -0.1271 0.9898
vn -0.0469 -0.1602 -0.9860
vn -0.0469 -0.1602 0.9860
vn -0.0274 -0.1455 -0.9890
vn -0.0274 -0.1455 0.9890
vn -0.2146 -0.7830 -0.5839
vn -0.0853 -0.5775 -0.8119
vn -0.0207 -0.2925 -0.9560
vn -0.1640 -0.9852 -0.0500
vn -0.0767 -0.9373 -0.3400
vn -0.2599 -0.9103 -0.3223
vn -0.0823 -0.9377 0.3376
vn -0.1677 -0.9845 0.0514
vn -0.0024 -0.1434 -0.9897
vn -0.0224 -0.1479 -0.9887
vn -0.0024 -0.1434 0.9897
vn -0.0284 -0.3093 0.9505
vn -0.0223 -0.1478 0.9888
vn -0.0665 -0.8135 -0.5778
vn 0.0441 -0.5801 -0.8134
vn 0.0573 -0.2763 -0.9594
vn 0.0374 -0.7987 -0.6006
vn 0.0579 -0.9460 0.3189
vn -0.0191 -0.9982 0.0565
vn 0.1284 -0.9888 -0.0758
vn 0.0620 -0.9469 -0.3156
vn -0.0157 -0.9982 -0.0574
vn 0.1257 -0.9891 0.0761
vn 0.2337 -0.7762 -0.5855
vn 0.0543 -0.2751 0.9599
vn 0.1931 -0.5504 0.8122
vn 0.0255 -0.5883 0.8083
vn 0.3545 -0.9317 -0.0799
vn 0.2747 -0.9119 -0.3049
vn 0.2747 -0.9116 0.3059
vn 0.3482 -0.9340 0.0799
vn 0.2619 -0.5314 -0.8057
vn 0.6141 -0.4588 -0.6422
vn 0.8162 -0.5710 -0.0880
vn 0.7522 -0.5651 -0.3389
vn 0.7518 -0.5657 0.3388
vn 0.8130 -0.5759 0.0856
vn 0.4844 -0.3054 -0.8198
vn 0.1992 -0.1812 -0.9631
vn 0.1358 -0.0527 -0.9893
vn 0.1355 -0.0900 -0.9867
vn 0.1358 -0.0526 0.9893
vn 0.1962 -0.1861 0.9627
vn 0.1354 -0.0899 0.9867
vn 0.2862 -0.0421 -0.9572
vn 0.2824 -0.0464 0.9582
vn 0.4348 -0.3479 0.8306
vn 0.1462 -0.0405 -0.9884
vn 0.5511 -0.1063 -0.8277
vn 0.1462 -0.0405 0.9884
vn 0.5694 -0.0514 0.8204
vn 0.6213 -0.4652 0.6305
vn 0.1707 -0.0265 -0.9850
vn 0.1707 -0.0265 0.9850
vn 0.1673 -0.0114 -0.9858
vn 0.1673 -0.0114 0.9858
vn 0.1480 -0.0012 -0.9890
vn 0.8115 -0.0665 -0.5805
vn 0.5951 -0.0068 -0.8037
vn 0.1480 -0.0012 0.9890
vn 0.6183 0.6520 -0.4388
vn 0.9467 -0.0821 -0.3115
vn 0.9937 -0.0808 -0.0773
vn 0.9460 -0.0799 0.3141
vn 0.6134 0.6546 0.4419
vn 0.9935 -0.0839 0.0775
vn 0.1191 0.1236 -0.9852
vn 0.0029 0.1593 -0.9872
vn 0.0795 0.0779 -0.9938
vn 0.0029 0.1594 0.9872
vn 0.1173 0.1235 0.9854
vn 0.0794 0.0780 0.9938
vn -0.0016 0.1470 -0.9891
vn -0.0016 0.1472 0.9891
vn -0.0340 0.6259 -0.7792
vn 0.2973 0.2899 -0.9097
vn -0.0340 0.6259 0.7792
vn 0.2948 0.2896 0.9106
vn -0.0566 0.2849 -0.9569
vn -0.0045 0.1312 -0.9913
vn -0.0045 0.1313 0.9913
vn -0.0566 0.2850 0.9569
vn -0.1372 0.5600 -0.8171
vn -0.1372 0.5600 0.8171
vn -0.3230 0.4766 -0.8176
vn -0.3230 0.4766 0.8177
vn -0.1742 0.2267 -0.9583
vn -0.0529 0.1322 -0.9898
vn -0.0529 0.1323 0.9898
vn -0.1742 0.2267 0.9583
vn -0.1049 0.1291 -0.9861
vn -0.0777 0.1383 -0.9873
vn -0.6762 0.7332 0.0724
vn -0.4718 0.8783 -0.0777
vn -0.4223 0.9026 0.0835
vn -0.1050 0.1292 0.9860
vn -0.0778 0.1384 0.9873
vn -0.6338 0.5285 0.5647
vn -0.4793 0.8212 0.3096
vn -0.3654 0.7143 0.5969
vn -0.1105 0.0953 -0.9893
vn -0.7745 0.5493 0.3138
vn -0.1106 0.0953 0.9893
vn -0.6348 0.5222 -0.5695
vn -0.4972 0.2595 -0.8279
vn -0.8521 0.5169 0.0816
vn -0.7427 0.6652 -0.0775
vn -0.4972 0.2595 0.8279
vn -0.2563 0.1348 -0.9572
vn -0.1469 0.0815 -0.9858
vn -0.1156 0.0873 -0.9895
vn -0.1467 0.0814 0.9858
vn -0.2562 0.1348 0.9572
vn -0.1156 0.0873 0.9894
vn -0.8639 0.4039 -0.3009
vn -0.7563 0.2757 -0.5932
vn -0.7464 0.2852 0.6013
vn -0.1523 0.0576 -0.9867
vn -0.9366 0.3429 0.0716
vn -0.9104 0.4068 -0.0756
vn -0.1523 0.0576 0.9867
vn -0.1490 0.0461 -0.9878
vn -0.1490 0.0461 0.9878
vn -0.8952 0.4399 -0.0721
vn -0.7337 0.6098 -0.2996
vn -0.8872 0.3430 -0.3087
vn -0.7348 0.6083 0.2999
vn -0.8987 0.4322 0.0747
vn -0.8908 0.3377 0.3039
vn -0.6520 0.7546 -0.0739
vn -0.6581 0.7493 0.0739
vn -0.2712 0.5239 -0.8075
vn -0.2426 0.2447 -0.9388
vn -0.5258 0.3067 -0.7934
vn -0.2426 0.2448 0.9387
vn -0.2712 0.5239 0.8075
vn -0.5258 0.3067 0.7934
vn -0.3528 0.9327 -0.0750
vn -0.4512 0.8332 -0.3198
vn -0.4521 0.8330 0.3190
vn -0.3580 0.9307 0.0746
vn 0.0342 0.3128 -0.9492
vn 0.0175 0.1460 -0.9891
vn -0.0327 0.1653 -0.9857
vn 0.0175 0.1460 0.9891
vn 0.0325 0.3151 0.9485
vn -0.0327 0.1653 0.9857
vn 0.0717 0.1597 -0.9846
vn 0.0675 0.1578 0.9852
vn 0.2505 0.9656 -0.0695
vn 0.5496 0.8062 -0.2189
vn 0.2222 0.9211 -0.3197
vn 0.5399 0.8122 0.2210
vn 0.2424 0.9678 0.0676
vn 0.2199 0.9214 0.3203
vn 0.3073 0.1716 -0.9360
vn 0.1079 0.0884 -0.9902
vn 0.0930 0.1502 -0.9843
vn 0.1099 0.0871 0.9901
vn 0.2903 0.1817 0.9395
vn 0.0888 0.1462 0.9853
vn 0.5900 0.1260 -0.7975
vn 0.4008 0.4384 -0.8045
vn 0.5782 0.1242 0.8064
vn 0.4032 0.4378 0.8036
vn 0.9928 0.0987 0.0672
vn 0.9749 0.2108 -0.0713
vn 0.9082 0.3470 0.2341
vn 0.7939 0.1824 0.5801
vn 0.9500 0.0666 0.3049
vn 0.1701 0.0070 0.9854
vn 0.3050 -0.0043 0.9524
vn 0.5893 -0.0014 -0.8079
vn 0.5935 0.0017 0.8048
vn 0.3091 0.0028 -0.9510
vn 0.1529 -0.0019 -0.9882
vn 0.1561 0.0028 -0.9877
vn 0.1503 0.0018 0.9886
vn 0.1571 -0.0006 0.9876
vn 0.3116 -0.0785 0.9470
vn 0.9509 0.0066 -0.3094
vn 0.7941 -0.1625 -0.5856
vn 0.8088 -0.0037 -0.5881
vn 0.7932 -0.1612 0.5872
vn 0.9506 0.0067 0.3105
vn 0.8079 -0.0038 0.5894
vn 0.1562 -0.0085 0.9877
vn 0.9290 -0.1795 -0.3237
vn 0.9786 -0.1916 -0.0747
vn 0.9290 -0.1769 0.3252
vn 0.9796 -0.1868 0.0741
vn 0.3129 -0.0739 -0.9469
vn 0.1511 -0.0586 -0.9868
vn 0.1528 -0.0094 -0.9882
vn 0.1504 -0.0575 0.9870
vn 0.8222 -0.5255 -0.2187
vn 0.8277 -0.5157 0.2212
vn 0.1551 -0.5730 -0.8048
vn 0.1865 -0.2856 -0.9400
vn 0.4538 -0.4007 -0.7959
vn 0.1863 -0.2861 0.9399
vn 0.1551 -0.5730 0.8048
vn 0.4542 -0.4014 0.7953
vn -0.1184 -0.3096 -0.9435
vn -0.0572 -0.1338 -0.9894
vn -0.0072 -0.1666 -0.9860
vn -0.0571 -0.1339 0.9894
vn -0.1184 -0.3095 0.9435
vn -0.0071 -0.1665 0.9860
vn -0.1023 -0.1253 -0.9868
vn -0.1023 -0.1253 0.9868
vn -0.9122 -0.3415 -0.2263
vn -0.7051 -0.4141 -0.5756
vn -0.7528 -0.5810 -0.3094
vn -0.8059 -0.5884 -0.0653
vn -0.7491 -0.5858 0.3093
vn -0.9098 -0.3495 0.2237
vn -0.8007 -0.5958 0.0630
vn -0.7047 -0.4134 0.5766
vn -0.8307 -0.4808 -0.2805
vn -0.7380 -0.2989 -0.6050
vn -0.8924 -0.3086 -0.3292
vn -0.7383 -0.2991 0.6046
vn -0.8302 -0.4815 0.2810
vn -0.8922 -0.3117 0.3268
vn -0.5563 -0.5870 -0.5881
vn -0.5093 -0.2612 -0.8200
vn -0.5094 -0.2612 0.8200
vn -0.5563 -0.5870 0.5881
vn -0.5612 -0.7654 -0.3150
vn -0.5597 -0.7665 0.3150
vn -0.5527 -0.8288 -0.0867
vn -0.8255 -0.5597 -0.0725
vn -0.5554 -0.8282 0.0745
vn -0.8284 -0.5552 0.0737
vn -0.1438 -0.2315 -0.9621
vn -0.0859 -0.1658 -0.9824
vn -0.1088 -0.1340 -0.9850
vn -0.0858 -0.1658 0.9824
vn -0.1438 -0.2316 0.9621
vn -0.1087 -0.1338 0.9850
vn -0.0554 -0.1559 -0.9862
vn -0.2633 -0.7573 -0.5977
vn -0.2654 -0.7611 0.5918
vn -0.0555 -0.1559 0.9862
vn -0.2798 -0.9300 0.2385
vn -0.0308 -0.1293 -0.9911
vn -0.0308 -0.1293 0.9911
vn -0.1686 -0.9841 0.0553
vn -0.2888 -0.9545 -0.0745
vn -0.1264 -0.9407 0.3148
vn -0.0249 -0.2895 -0.9568
vn -0.0189 -0.1676 -0.9857
vn -0.0277 -0.1303 -0.9911
vn -0.0189 -0.1678 0.9856
vn -0.0249 -0.2896 0.9568
vn -0.0277 -0.1303 0.9911
vn -0.0513 -0.9962 0.0706
vn -0.1304 -0.9885 -0.0770
vn -0.0038 -0.1630 -0.9866
vn -0.0286 -0.9511 0.3075
vn -0.0038 -0.1632 0.9866
vn 0.0010 -0.1482 -0.9890
vn 0.0010 -0.1483 0.9889
vn 0.7017 -0.7028 0.1170
vn -0.0336 -0.9964 -0.0773
vn 0.2917 -0.2904 -0.9113
vn -0.0140 -0.5867 -0.8096
vn 0.2917 -0.2904 0.9113
vn -0.0140 -0.5867 0.8097
vn 0.1182 -0.1215 -0.9855
vn 0.0759 -0.0787 -0.9940
vn 0.0760 -0.0787 0.9940
vn 0.1182 -0.1215 0.9855
vn 0.8107 0.1190 -0.5732
vn 0.5733 0.0465 -0.8180
vn 0.8114 0.0172 -0.5842
vn 0.5733 0.0465 0.8180
vn 0.8107 0.1190 0.5732
vn 0.8114 0.0172 0.5842
vn 0.7284 0.3282 -0.6015
vn 0.5400 0.1940 -0.8190
vn 0.5400 0.1940 0.8190
vn 0.7284 0.3282 0.6015
vn 0.2206 0.1505 -0.9637
vn 0.1518 0.0984 -0.9835
vn 0.1542 0.0581 -0.9863
vn 0.1516 0.0983 0.9835
vn 0.2206 0.1505 0.9637
vn 0.1542 0.0581 0.9863
vn 0.3585 0.4657 -0.8090
vn 0.3585 0.4657 0.8090
vn 0.1237 0.1184 -0.9852
vn 0.1236 0.1185 0.9852
vn 0.0886 0.1196 -0.9889
vn 0.0888 0.1196 0.9888
vn 0.4855 0.8704 0.0821
vn 0.6187 0.7818 -0.0777
vn 0.8565 0.5083 0.0896
vn 0.0708 0.1189 -0.9904
vn 0.0708 0.1188 0.9904
vn 0.0804 0.2732 -0.9586
vn 0.0804 0.2732 0.9586
vn 0.0639 0.1403 -0.9880
vn 0.0638 0.1404 0.9880
vn 0.2194 0.9246 0.3114
vn 0.5943 0.7434 0.3068
vn 0.0491 0.1612 -0.9857
vn 0.1931 0.9776 0.0835
vn 0.2265 0.9709 -0.0782
vn 0.0492 0.1614 0.9857
vn 0.0126 0.1491 -0.9887
vn 0.0289 0.1623 -0.9863
vn 0.0126 0.1490 0.9888
vn 0.0288 0.1621 0.9864
vn 0.0067 0.1397 -0.9902
vn 0.0067 0.1397 0.9902
vn 0.0204 0.6042 -0.7966
vn -0.0141 0.2840 -0.9587
vn -0.0141 0.2841 0.9587
vn 0.0204 0.6042 0.7965
vn 0.0027 0.1563 -0.9877
vn 0.0028 0.1561 0.9877
vn -0.0789 0.5844 -0.8076
vn -0.0789 0.5844 0.8076
vn -0.4843 0.8443 -0.2295
vn -0.2886 0.9057 -0.3106
vn -0.2956 0.9524 -0.0742
vn -0.2931 0.9019 0.3174
vn -0.4867 0.8423 0.2317
vn -0.2872 0.9547 0.0785
vn -0.1683 0.2348 -0.9574
vn -0.1052 0.1171 -0.9875
vn -0.0998 0.1404 -0.9851
vn -0.6295 0.7758 -0.0427
vn -0.6393 0.6990 -0.3206
vn -0.6392 0.6992 0.3202
vn -0.6293 0.7760 0.0423
vn -0.1051 0.1169 0.9876
vn -0.1683 0.2348 0.9574
vn -0.0997 0.1404 0.9851
vn -0.1003 0.0994 -0.9900
vn -0.1003 0.0994 0.9900
vn -0.4168 0.4420 -0.7943
vn -0.2279 0.1874 -0.9555
vn -0.2279 0.1874 0.9555
vn -0.4168 0.4420 0.7943
vn -0.1160 0.1045 -0.9877
vn -0.7500 0.6580 -0.0677
vn -0.7416 0.5954 -0.3092
vn -0.7419 0.5949 0.3095
vn -0.7481 0.6603 0.0658
vn -0.1160 0.1045 0.9877
vn -0.1330 0.1009 -0.9860
vn -0.1330 0.1009 0.9860
vn -0.1250 0.0836 -0.9886
vn -0.1250 0.0836 0.9886
vn -0.1236 0.0801 -0.9891
vn -0.1236 0.0801 0.9891
vn -0.4627 0.3351 -0.8207
vn -0.1837 0.2853 -0.9407
vn -0.1837 0.2853 0.9407
vn -0.4627 0.3351 0.8207
vn -0.4384 0.4153 -0.7971
vn -0.4383 0.4154 0.7971
vn -0.1094 0.0959 -0.9894
vn -0.1369 0.0847 -0.9870
vn -0.1094 0.0959 0.9894
vn -0.1369 0.0847 0.9870
vn -0.6181 0.7234 0.3077
vn -0.7845 0.6146 0.0821
vn -0.7899 0.5281 0.3116
vn -0.5496 0.8319 0.0769
vn -0.6454 0.7596 -0.0803
vn -0.0536 0.1390 -0.9888
vn -0.0536 0.1390 0.9888
vn -0.2865 0.9042 0.3168
vn -0.1723 0.9817 0.0809
vn -0.2815 0.9562 -0.0807
vn 0.0803 0.3194 -0.9442
vn -0.0121 0.1691 -0.9855
vn -0.0121 0.1691 0.9855
vn 0.0802 0.3194 0.9442
vn 0.1754 0.9816 0.0756
vn 0.1253 0.9889 -0.0805
vn 0.1230 0.9426 0.3105
vn 0.3503 0.4712 -0.8095
vn 0.0721 0.5816 -0.8103
vn 0.3503 0.4712 0.8095
vn 0.0721 0.5816 0.8103
vn 0.3249 0.1226 -0.9378
vn 0.3250 0.1226 0.9377
vn 0.1210 0.0576 -0.9910
vn 0.1063 0.1306 -0.9857
vn 0.8895 0.3916 0.2353
vn 0.7040 0.7069 0.0683
vn 0.6627 0.6806 0.3125
vn 0.1209 0.0576 0.9910
vn 0.1063 0.1304 0.9857
vn 0.1465 0.0006 -0.9892
vn 0.8975 0.3193 -0.3044
vn 0.7327 0.3431 -0.5877
vn 0.1464 0.0008 0.9892
vn 0.5799 0.2001 -0.7897
vn 0.9466 -0.0668 -0.3155
vn 0.5800 0.2001 0.7897
vn 0.9831 -0.1605 -0.0884
vn 0.9934 0.0829 -0.0794
vn 0.9475 0.0076 0.3196
vn 0.9821 -0.1613 0.0975
vn 0.9935 0.0939 0.0649
vn -0.1276 -0.1717 -0.9768
vn -0.0068 -0.1538 -0.9881
vn -0.0748 -0.1033 -0.9918
vn -0.0068 -0.1539 0.9881
vn -0.1277 -0.1717 0.9768
vn -0.0748 -0.1033 0.9918
vn -0.0051 -0.3023 -0.9532
vn -0.0052 -0.3023 0.9532
vn -0.0256 -0.8071 -0.5899
vn -0.2863 -0.3873 -0.8764
vn -0.4343 -0.5827 -0.6869
vn -0.2864 -0.3873 0.8764
vn -0.0256 -0.8070 0.5899
vn -0.4342 -0.5827 0.6869
vn 0.0019 -0.5783 -0.8158
vn 0.0067 -0.9506 -0.3105
vn -0.5467 -0.7429 -0.3863
vn 0.0022 -0.9538 0.3003
vn -0.5463 -0.7430 0.3867
vn 0.0019 -0.5783 0.8158
vn -0.0042 -0.9967 0.0810
vn -0.0150 -0.9978 -0.0639
vn -0.5876 -0.8033 0.0970
vn 0.0213 -0.8137 -0.5809
vn 0.0213 -0.8137 0.5809
vn 0.0044 -0.1496 -0.9887
vn 0.0025 -0.1576 -0.9875
vn 0.0044 -0.1496 0.9887
vn 0.0025 -0.1575 0.9875
vn 0.5850 -0.8053 0.0963
vn 0.5838 -0.8062 -0.0959
vn 0.2801 -0.3870 -0.8785
vn 0.2802 -0.3870 0.8785
vn 0.1242 -0.1727 -0.9771
vn 0.0754 -0.1045 -0.9917
vn 0.0754 -0.1045 0.9917
vn 0.1242 -0.1728 0.9771
vn 0.5457 -0.7435 -0.3865
vn 0.5452 -0.7437 0.3870
vn 0.2822 0.0277 -0.9589
vn 0.1719 0.0115 -0.9850
vn 0.1538 -0.0108 -0.9881
vn 0.9923 0.0916 -0.0837
vn 0.9410 0.1208 -0.3162
vn 0.9481 -0.0776 -0.3085
vn 0.7884 0.1373 0.5997
vn 0.9492 0.0084 0.3146
vn 0.7996 -0.0813 0.5950
vn 0.1681 0.0132 0.9857
vn 0.2852 0.0186 0.9583
vn 0.1573 -0.0105 0.9875
vn 0.5667 0.1152 -0.8159
vn 0.5862 -0.0499 -0.8086
vn 0.5784 0.1195 0.8069
vn 0.5819 -0.0486 0.8118
vn 0.8040 0.5910 -0.0662
vn 0.7368 0.5852 0.3387
vn 0.7342 0.5791 -0.3543
vn 0.7926 0.1310 -0.5956
vn 0.1388 0.0405 0.9895
vn 0.1992 0.1745 0.9643
vn 0.4997 0.2916 -0.8157
vn 0.5776 0.5252 -0.6249
vn 0.4884 0.2845 0.8250
vn 0.1934 0.1887 -0.9628
vn 0.1317 0.0532 -0.9899
vn 0.1270 0.1127 -0.9855
vn 0.1341 0.0818 -0.9876
vn 0.1321 0.1191 0.9841
vn 0.1440 0.0893 0.9855
vn 0.1086 0.1343 -0.9850
vn 0.2688 0.5124 -0.8156
vn 0.2705 0.5172 0.8120
vn 0.5675 0.5293 0.6307
vn 0.1088 0.1369 0.9846
vn 0.0748 0.1395 -0.9874
vn 0.0725 0.1368 0.9879
vn 0.0554 0.1381 -0.9889
vn 0.3675 0.9028 -0.2235
vn 0.2710 0.9062 0.3245
vn 0.7478 0.6593 0.0785
vn 0.0556 0.1362 0.9891
vn 0.0820 0.2836 -0.9554
vn 0.2009 0.7825 -0.5893
vn 0.1983 0.7831 0.5894
vn 0.0825 0.2833 0.9555
vn 0.0388 0.1546 -0.9872
vn 0.1209 0.5730 -0.8106
vn 0.1209 0.5730 0.8106
vn 0.0388 0.1546 0.9872
vn 0.0255 0.1493 -0.9885
vn 0.0255 0.1494 0.9884
vn 0.1843 0.2779 -0.9428
vn 0.1783 0.2839 0.9421
vn 0.2432 0.5477 -0.8005
vn 0.2432 0.5478 0.8005
vn 0.3253 0.9424 -0.0774
vn 0.5098 0.8066 -0.2993
vn 0.2121 0.9279 -0.3066
vn 0.5088 0.8298 0.2291
vn 0.2551 0.9647 0.0652
vn 0.2193 0.9277 0.3023
vn 0.1287 0.1010 -0.9865
vn 0.0413 0.1435 -0.9888
vn 0.1155 0.1034 0.9879
vn 0.0414 0.1434 0.9888
vn 0.4931 0.3201 -0.8089
vn 0.7269 0.6469 0.2303
vn 0.7119 0.7000 -0.0573
vn 0.4991 0.3282 0.8020
vn 0.8981 0.3790 -0.2229
vn 0.6805 0.4379 -0.5875
vn 0.7143 0.6180 -0.3284
vn 0.6808 0.4461 0.5809
vn 0.8959 0.3860 0.2201
vn 0.5987 0.0839 -0.7966
vn 0.3310 0.0060 -0.9436
vn 0.3132 0.0735 0.9468
vn 0.5874 0.0671 0.8065
vn 0.1433 -0.0219 -0.9894
vn 0.1393 0.0202 -0.9900
vn 0.1631 -0.0634 -0.9846
vn 0.1386 -0.0459 0.9893
vn 0.2892 -0.1835 0.9395
vn 0.1654 -0.0177 0.9861
vn 0.9622 -0.2630 -0.0703
vn 0.7922 -0.5697 -0.2189
vn 0.9182 -0.2336 -0.3200
vn 0.7983 -0.5603 0.2210
vn 0.9647 -0.2542 0.0683
vn 0.9185 -0.2317 0.3205
vn 0.1101 -0.0886 0.9900
vn 0.2198 -0.2424 -0.9450
vn 0.0732 -0.1337 -0.9883
vn 0.1416 -0.0860 -0.9862
vn 0.0787 -0.1378 0.9873
vn 0.1388 -0.5770 -0.8048
vn 0.4197 -0.4229 -0.8031
vn 0.0728 -0.3189 0.9450
vn 0.0585 -0.9959 -0.0684
vn 0.1752 -0.9314 -0.3191
vn 0.3176 -0.9461 -0.0639
vn 0.0522 -0.3149 -0.9477
vn -0.0022 -0.1539 -0.9881
vn 0.0223 -0.1588 -0.9871
vn -0.0113 -0.9388 -0.3442
vn -0.0144 -0.9966 0.0808
vn 0.2070 -0.9754 0.0762
vn -0.0020 -0.2903 0.9569
vn 0.1415 -0.5731 0.8072
vn -0.0002 -0.1402 -0.9901
vn -0.0008 -0.1632 0.9866
vn -0.0041 -0.1542 0.9880
vn -0.1248 -0.3113 -0.9421
vn 0.0104 -0.5960 0.8029
vn -0.0103 -0.8204 0.5718
vn 0.0026 -0.6188 -0.7856
vn 0.0110 -0.9969 0.0776
vn 0.0148 -0.9979 -0.0637
vn 0.0072 -0.8072 0.5903
vn 0.0022 -0.1474 0.9891
vn -0.0769 -0.3173 0.9452
vn -0.1148 -0.5747 -0.8103
vn -0.0799 -0.9946 0.0660
vn -0.1593 -0.7951 0.5852
vn -0.1223 -0.5722 0.8110
vn -0.0029 -0.1655 -0.9862
vn 0.0044 -0.1661 -0.9861
vn -0.0068 -0.1552 0.9879
vn 0.0042 -0.1545 0.9880
vn -0.0444 -0.1408 -0.9890
vn -0.3120 -0.9231 0.2249
vn -0.2172 -0.9739 -0.0661
vn -0.0496 -0.9508 0.3057
vn -0.0574 -0.1495 0.9871
vn -0.1061 -0.1275 -0.9861
vn -0.5603 -0.7966 -0.2270
vn -0.1650 -0.9391 -0.3014
vn -0.7051 -0.4053 -0.5819
vn -0.4491 -0.3982 -0.7998
vn -0.4547 -0.6840 -0.5704
vn -0.4510 -0.4029 0.7964
vn -0.7042 -0.4075 0.5814
vn -0.4579 -0.6794 0.5734
vn -0.5886 -0.0282 -0.8079
vn -0.3230 -0.1099 -0.9400
vn -0.9448 -0.2315 -0.2317
vn -0.8025 -0.4983 -0.3282
vn -0.8402 -0.5393 -0.0565
vn -0.7993 -0.5036 0.3279
vn -0.9425 -0.2404 0.2322
vn -0.8342 -0.5486 0.0570
vn -0.2679 -0.2038 0.9416
vn -0.5823 -0.0402 0.8120
vn -0.9408 0.0769 -0.3302
vn -0.8051 -0.0448 -0.5914
vn -0.8053 -0.0456 0.5912
vn -0.9409 0.0692 0.3314
vn -0.2975 0.1447 -0.9437
vn -0.1343 0.0332 0.9904
vn -0.3248 0.0974 0.9407
vn -0.1479 0.0024 0.9890
vn -0.9964 0.0602 -0.0599
vn -0.9124 0.3391 -0.2293
vn -0.9159 0.3281 0.2314
vn -0.9969 0.0518 0.0598
vn -0.1312 0.0737 -0.9886
vn -0.1590 0.0292 -0.9869
vn -0.1301 0.0799 0.9883
vn -0.1102 0.1166 -0.9870
vn -0.1183 0.1196 0.9857
vn -0.2339 0.7849 -0.5738
vn -0.2822 0.5302 -0.7995
vn -0.4741 0.6690 -0.5724
vn -0.2819 0.5243 0.8035
vn -0.2350 0.7856 0.5723
vn -0.4753 0.6683 0.5723
vn -0.1524 0.5623 -0.8128
vn -0.1526 0.2889 -0.9451
vn -0.2676 0.9141 -0.3046
vn -0.2994 0.9272 -0.2253
vn -0.2698 0.9159 0.2971
vn -0.3087 0.9245 0.2235
vn -0.1562 0.2825 0.9465
vn -0.1524 0.5623 0.8128
vn -0.0409 0.1361 -0.9898
vn -0.0299 0.1510 -0.9881
vn -0.3461 0.7193 -0.6023
vn -0.3461 0.7193 0.6023
vn -0.0409 0.1361 0.9898
vn -0.0299 0.1510 0.9881
vn -0.2812 0.5053 -0.8158
vn -0.2812 0.5053 0.8158
vn -0.1368 0.2609 -0.9556
vn -0.0596 0.1453 -0.9876
vn -0.0596 0.1453 0.9876
vn -0.1368 0.2609 0.9556
vn -0.0820 0.1442 -0.9861
vn -0.0820 0.1442 0.9861
vn -0.0901 0.1241 -0.9882
vn -0.0901 0.1241 0.9882
vn -0.0935 0.1168 -0.9887
vn -0.5895 0.8043 -0.0747
vn -0.6707 0.6698 -0.3185
vn -0.5013 0.8088 -0.3075
vn -0.6663 0.6772 0.3122
vn -0.5558 0.8275 0.0792
vn -0.5072 0.8071 0.3022
vn -0.0935 0.1168 0.9887
vn -0.6005 0.5394 -0.5903
vn -0.4550 0.3807 -0.8050
vn -0.4550 0.3807 0.8050
vn -0.6005 0.5394 0.5903
vn -0.7738 0.6296 0.0697
vn -0.2103 0.2071 -0.9554
vn -0.1187 0.0903 -0.9888
vn -0.1103 0.1141 -0.9873
vn -0.1186 0.0903 0.9888
vn -0.2103 0.2071 0.9555
vn -0.1103 0.1141 0.9873
vn -0.2524 0.1344 -0.9583
vn -0.7973 0.5997 -0.0683
vn -0.8243 0.4770 -0.3050
vn -0.8228 0.4784 0.3067
vn -0.2524 0.1344 0.9582
vn -0.1456 0.0835 -0.9858
vn -0.1208 0.0814 -0.9893
vn -0.7193 0.3797 -0.5817
vn -0.7194 0.3797 0.5817
vn -0.1455 0.0836 0.9858
vn -0.1208 0.0814 0.9893
vn -0.1566 0.0716 -0.9851
vn -0.1568 0.0716 0.9850
vn -0.1406 0.0564 -0.9885
vn -0.1407 0.0564 0.9884
vn -0.1343 0.0502 -0.9897
vn -0.1343 0.0502 0.9897
vn -0.2390 0.2208 -0.9456
vn -0.1121 0.0988 -0.9888
vn -0.1440 0.0480 -0.9884
vn -0.1121 0.0989 0.9888
vn -0.2390 0.2208 0.9456
vn -0.1440 0.0480 0.9884
vn -0.1379 0.7100 -0.6906
vn -0.4338 0.3882 -0.8131
vn -0.5975 0.5303 -0.6015
vn -0.4337 0.3882 0.8131
vn -0.1378 0.7119 0.6886
vn -0.5960 0.5334 0.6002
vn 0.1608 0.5564 -0.8152
vn -0.0076 0.3337 -0.9427
vn -0.0076 0.3337 0.9426
vn 0.1608 0.5563 0.8153
vn 0.2552 0.2162 -0.9424
vn 0.1043 0.1016 -0.9893
vn 0.0803 0.1463 -0.9860
vn 0.6224 0.7795 -0.0709
vn 0.7341 0.6107 -0.2969
vn 0.4749 0.8264 -0.3027
vn 0.1044 0.1013 0.9894
vn 0.2551 0.2162 0.9424
vn 0.0802 0.1464 0.9860
vn 0.5331 0.2812 -0.7979
vn 0.3653 0.4728 -0.8019
vn 0.8810 0.4673 -0.0737
vn 0.5332 0.2812 0.7979
vn 0.3653 0.4728 0.8019
vn 0.8660 0.3920 -0.3103
vn 0.7164 0.3785 -0.5861
vn 0.1493 0.0511 -0.9875
vn 0.1387 0.0630 -0.9883
vn 0.1493 0.0511 0.9875
vn 0.1387 0.0630 0.9883
vn 0.1407 0.0486 -0.9889
vn 0.1407 0.0486 0.9889
vn 0.8896 0.4537 0.0524
vn 0.9227 0.3780 -0.0756
vn 0.9369 0.3414 0.0756
vn 0.8720 0.3588 0.3331
vn 0.7401 0.6674 0.0820
vn 0.8561 0.5106 -0.0802
vn 0.7926 0.5163 0.3243
vn 0.6545 0.4657 -0.5956
vn 0.3931 0.4204 -0.8178
vn 0.5043 0.2882 -0.8140
vn 0.3931 0.4204 0.8178
vn 0.6545 0.4657 0.5956
vn 0.5043 0.2882 0.8140
vn 0.2440 0.1638 -0.9559
vn 0.1126 0.1053 -0.9881
vn 0.1305 0.0927 -0.9871
vn 0.1125 0.1052 0.9881
vn 0.2440 0.1638 0.9558
vn 0.1306 0.0927 0.9871
vn 0.1746 0.2309 -0.9572
vn 0.5061 0.8041 -0.3119
vn 0.7955 0.5161 -0.3177
vn 0.5056 0.8039 0.3132
vn 0.1746 0.2309 0.9572
vn 0.4282 0.6748 -0.6011
vn 0.4282 0.6748 0.6011
vn 0.3733 0.9236 -0.0873
vn 0.7126 0.6970 -0.0801
vn 0.3795 0.9209 0.0885
vn 0.1888 0.5403 -0.8200
vn 0.1889 0.5403 0.8200
vn 0.0768 0.2842 -0.9557
vn 0.0683 0.1357 -0.9884
vn 0.0684 0.1358 0.9884
vn 0.0768 0.2843 0.9557
vn 0.1699 0.7820 -0.5997
vn 0.1699 0.7820 0.5997
vn 0.0332 0.1584 -0.9868
vn 0.0535 0.1474 -0.9876
vn 0.1644 0.9352 -0.3136
vn 0.1640 0.9349 0.3147
vn 0.0332 0.1585 0.9868
vn 0.0535 0.1475 0.9876
vn 0.0177 0.1510 -0.9884
vn 0.0177 0.1511 0.9884
vn 0.0236 0.1513 -0.9882
vn 0.0238 0.1512 0.9882
vn 0.1837 0.5662 -0.8036
vn 0.1525 0.3011 -0.9413
vn 0.1525 0.3011 0.9413
vn 0.1837 0.5662 0.8036
vn 0.0534 0.1354 -0.9894
vn 0.0533 0.1352 0.9894
vn 0.3137 0.9461 -0.0807
vn 0.4732 0.8344 -0.2825
vn 0.2039 0.9262 -0.3173
vn 0.4892 0.8432 0.2228
vn 0.2420 0.9673 0.0758
vn 0.2105 0.9270 0.3105
vn 0.1171 0.1200 -0.9859
vn 0.5062 0.6329 -0.5858
vn 0.2368 0.7726 -0.5890
vn 0.5051 0.6419 0.5769
vn 0.2416 0.7734 0.5861
vn 0.1169 0.1200 0.9859
vn 0.7240 0.6563 0.2121
vn 0.6759 0.7054 -0.2134
vn 0.7311 0.3689 -0.5739
vn 0.4721 0.3684 -0.8009
vn 0.4721 0.3684 0.8009
vn 0.7347 0.3645 0.5721
vn 0.8790 0.3619 -0.3105
vn 0.8925 0.3919 0.2233
vn 0.8851 0.4594 -0.0742
vn 0.5931 0.0323 -0.8045
vn 0.3260 0.0748 -0.9424
vn 0.3261 0.0748 0.9424
vn 0.5931 0.0323 0.8045
vn 0.1646 -0.0279 -0.9860
vn 0.1449 0.0044 -0.9894
vn 0.1647 -0.0278 0.9860
vn 0.1449 0.0042 0.9894
vn 0.9957 0.0639 -0.0669
vn 0.9417 -0.2542 -0.2203
vn 0.9444 0.0642 -0.3224
vn 0.9441 -0.2434 0.2222
vn 0.9957 0.0667 0.0636
vn 0.9409 0.0606 0.3333
vn 0.5467 -0.2346 -0.8038
vn 0.2782 -0.1727 -0.9448
vn 0.2782 -0.1727 0.9449
vn 0.5467 -0.2346 0.8038
vn 0.1147 -0.1108 -0.9872
vn 0.1529 -0.0523 -0.9868
vn 0.1149 -0.1109 0.9872
vn 0.1531 -0.0524 0.9868
vn 0.4828 -0.8472 -0.2217
vn 0.4824 -0.6588 -0.5772
vn 0.6951 -0.6851 -0.2179
vn 0.4824 -0.6603 0.5756
vn 0.4938 -0.8412 0.2201
vn 0.7027 -0.6768 0.2195
vn 0.1039 -0.5935 -0.7981
vn 0.0961 -0.3169 -0.9436
vn 0.3578 -0.4836 -0.7988
vn 0.0961 -0.3169 0.9436
vn 0.1034 -0.5929 0.7986
vn 0.3578 -0.4834 0.7989
vn -0.0010 -0.8068 0.5909
vn 0.1493 -0.7986 0.5831
vn 0.0015 -0.9969 0.0787
vn 0.0005 -0.9977 -0.0671
vn 0.1839 -0.9804 0.0708
vn 0.0041 -0.9492 0.3147
vn 0.0051 -0.9567 -0.2911
vn -0.0073 -0.8036 -0.5951
vn 0.1631 -0.9339 -0.3183
vn -0.2262 -0.7783 -0.5857
vn 0.0019 -0.3061 -0.9520
vn -0.0150 -0.1555 -0.9877
vn 0.0021 -0.1584 -0.9874
vn -0.1719 -0.5609 -0.8099
vn 0.0004 -0.5804 -0.8143
vn -0.1191 -0.9909 0.0621
vn -0.1699 -0.5643 0.8079
vn -0.0027 -0.5890 0.8081
vn -0.0150 -0.1554 0.9877
vn 0.0019 -0.3061 0.9520
vn 0.0021 -0.1583 0.9874
vn -0.0850 -0.9468 0.3105
vn -0.2311 -0.7771 0.5854
vn -0.1120 -0.3113 -0.9437
vn -0.1120 -0.3113 0.9437
vn -0.0743 -0.1394 -0.9874
vn -0.3997 -0.8892 0.2227
vn -0.0742 -0.1393 0.9875
vn -0.7931 -0.5663 0.2241
vn -0.6990 -0.7127 -0.0580
vn -0.5981 -0.7669 0.2326
vn -0.6005 -0.5522 0.5784
vn -0.9236 -0.3749 -0.0806
vn -0.7172 -0.6179 -0.3221
vn -0.7771 -0.2111 -0.5929
vn -0.5082 -0.3112 -0.8031
vn -0.5954 -0.5510 -0.5847
vn -0.9553 -0.2867 0.0724
vn -0.5081 -0.3110 0.8032
vn -0.7775 -0.2120 0.5920
vn -0.3230 0.0544 -0.9448
vn -0.1584 -0.0261 -0.9870
vn -0.2872 -0.1690 -0.9428
vn -0.9965 -0.0334 -0.0768
vn -0.9148 -0.2560 -0.3125
vn -0.1584 -0.0260 0.9870
vn -0.3230 0.0544 0.9448
vn -0.2872 -0.1691 0.9428
vn -0.8131 0.0233 -0.5816
vn -0.5796 0.0874 -0.8102
vn -0.9960 0.0385 0.0806
vn -0.5796 0.0874 0.8102
vn -0.8131 0.0233 0.5816
vn -0.9570 0.2801 -0.0759
vn -0.8724 0.3742 -0.3145
vn -0.9489 0.0439 -0.3125
vn -0.9192 0.3839 0.0882
vn -0.1507 0.0674 -0.9863
vn -0.1483 0.0132 -0.9889
vn -0.1507 0.0673 0.9863
vn -0.1481 0.0131 0.9889
vn -0.7421 0.3234 -0.5871
vn -0.4253 0.4272 -0.7979
vn -0.4253 0.4272 0.7979
vn -0.7417 0.3220 0.5884
vn -0.7897 0.6082 -0.0799
vn -0.6004 0.7514 -0.2739
vn -0.7039 0.7068 0.0699
vn -0.1876 0.2814 -0.9411
vn -0.0413 0.1384 -0.9895
vn -0.1244 0.0968 -0.9875
vn -0.0405 0.1409 0.9892
vn -0.1862 0.2803 0.9417
vn -0.1244 0.0968 0.9875
vn -0.1520 0.5815 -0.7992
vn -0.1502 0.5783 0.8019
vn -0.1489 0.9864 -0.0695
vn -0.2350 0.9229 -0.3051
vn -0.3829 0.9215 -0.0653
vn -0.1540 0.9849 0.0795
vn -0.3197 0.9442 0.0792
vn -0.2240 0.9716 -0.0760
vn -0.1776 0.9321 -0.3156
vn -0.3950 0.3528 -0.8482
vn -0.0813 0.2700 -0.9594
vn -0.1002 0.5683 -0.8167
vn -0.7697 0.6309 0.0976
vn -0.1906 0.9333 0.3042
vn -0.7244 0.5884 -0.3593
vn -0.5716 0.4894 -0.6586
vn -0.5737 0.4924 0.6546
vn -0.7384 0.5642 0.3693
vn -0.7982 0.5938 -0.1018
vn -0.2171 0.1445 -0.9654
vn -0.0728 0.1273 -0.9892
vn -0.1505 0.0331 -0.9881
vn -0.1500 0.0667 -0.9864
vn -0.1482 0.0350 0.9883
vn -0.1842 0.1729 0.9676
vn -0.1498 0.0629 0.9867
vn -0.2910 0.0188 0.9565
vn -0.3877 0.3334 0.8594
vn -0.5785 -0.0129 -0.8156
vn -0.2937 0.0118 -0.9558
vn -0.1569 0.0190 0.9874
vn -0.8003 -0.0497 -0.5975
vn -0.9947 -0.0789 0.0665
vn -0.8018 -0.0357 0.5965
vn -0.1578 -0.0033 -0.9875
vn -0.1527 0.0204 -0.9881
vn -0.1569 -0.0041 0.9876
vn -0.9858 -0.1468 -0.0814
vn -0.9467 -0.0626 -0.3160
vn -0.9389 -0.1499 0.3099
vn -0.1469 -0.0202 -0.9889
vn -0.1450 -0.0196 0.9892
vn -0.2802 -0.0679 -0.9575
vn -0.2812 -0.0685 0.9572
vn -0.5832 -0.0316 0.8117
vn -0.1510 -0.0277 -0.9882
vn -0.1510 -0.0277 0.9882
vn -0.1569 -0.0444 -0.9866
vn -0.1569 -0.0444 0.9866
vn -0.1417 -0.0492 -0.9887
vn -0.1417 -0.0492 0.9887
vn 0.0007 -0.0608 -0.9981
vn 0.1500 -0.0538 -0.9872
vn -0.0007 -0.0479 -0.9989
vn 0.1500 -0.0538 0.9872
vn 0.0007 -0.0608 0.9981
vn -0.0007 -0.0479 0.9989
vn 0.6872 0.5001 -0.5270
vn -0.0066 -0.6390 -0.7691
vn -0.0060 -0.9670 -0.2548
vn -0.0030 -0.6292 0.7773
vn 0.6827 0.5050 0.5281
vn -0.0040 -0.9668 0.2553
vn 0.1087 0.0778 -0.9910
vn 0.0031 0.1590 -0.9873
vn 0.0814 0.0518 -0.9953
vn 0.0031 0.1590 0.9873
vn 0.1087 0.0778 0.9910
vn 0.0814 0.0518 0.9953
vn 0.0001 0.1475 -0.9891
vn 0.4676 0.3352 -0.8179
vn -0.2669 0.2103 -0.9405
vn 0.2745 0.1928 -0.9421
vn -0.2669 0.2103 0.9405
vn 0.4682 0.3350 0.8177
vn 0.2745 0.1928 0.9421
vn 0.0001 0.1474 0.9891
vn -0.1106 0.0800 -0.9906
vn -0.1106 0.0799 0.9906
vn -0.0841 0.0521 -0.9951
vn -0.0068 0.1625 -0.9867
vn 0.9784 0.1198 -0.1684
vn -0.6163 -0.7821 -0.0919
vn 0.9805 0.1711 0.0970
vn 0.8502 0.0533 0.5238
vn -0.5161 -0.8514 -0.0937
vn -0.5152 -0.8519 0.0942
vn 0.1153 -0.1189 -0.9862
vn -0.0030 -0.1584 -0.9874
vn -0.0006 -0.1642 -0.9864
vn 0.9506 -0.0665 -0.3033
vn -0.4803 -0.7958 0.3688
vn -0.0030 -0.1583 0.9874
vn 0.1153 -0.1189 0.9862
vn -0.0007 -0.1642 0.9864
vn 0.0701 -0.0767 -0.9946
vn 0.0701 -0.0768 0.9946
vn 0.9121 0.0385 -0.4081
vn 0.8055 0.5876 -0.0759
vn 0.9039 -0.0855 0.4191
vn 0.8086 0.5837 0.0739
vn 0.9465 0.0967 -0.3080
vn 0.7939 0.0479 -0.6061
vn 0.9524 0.0096 -0.3046
vn 0.7940 0.0479 0.6060
vn 0.9440 0.1084 0.3117
vn 0.9542 0.0096 0.2990
vn 0.2803 0.0524 -0.9585
vn 0.1677 0.0317 -0.9853
vn 0.1679 0.0115 -0.9857
vn 0.1675 0.0316 0.9854
vn 0.2803 0.0524 0.9585
vn 0.1679 0.0115 0.9857
vn 0.7808 0.2443 -0.5750
vn 0.5662 0.0618 -0.8219
vn 0.9519 0.2965 0.0777
vn 0.9792 0.1867 -0.0790
vn 0.9919 0.1002 0.0779
vn 0.5662 0.0618 0.8219
vn 0.7826 0.2400 0.5745
vn 0.4498 0.3446 -0.8240
vn 0.4442 0.3456 0.8266
vn 0.6997 0.7080 -0.0954
vn 0.9044 0.2956 -0.3077
vn 0.2028 0.1853 -0.9615
vn 0.1340 0.0605 -0.9891
vn 0.1341 0.0605 0.9891
vn 0.2027 0.1852 0.9616
vn 0.5307 0.5822 -0.6160
vn 0.7131 0.6963 0.0818
vn 0.5732 0.5485 0.6088
vn 0.0780 0.1265 -0.9889
vn 0.1101 0.1205 -0.9866
vn 0.0779 0.1266 0.9889
vn 0.1101 0.1205 0.9866
vn 0.2628 0.7629 0.5908
vn 0.6766 0.6581 0.3305
vn 0.1783 0.5413 -0.8217
vn 0.2682 0.9110 -0.3133
vn 0.6809 0.6575 -0.3226
vn 0.2818 0.9559 0.0828
vn 0.1808 0.5392 0.8225
vn 0.0875 0.2719 -0.9584
vn 0.0511 0.1535 -0.9868
vn 0.0663 0.1328 -0.9889
vn 0.1899 0.7823 -0.5933
vn 0.0511 0.1535 0.9868
vn 0.0878 0.2694 0.9590
vn 0.0662 0.1328 0.9889
vn 0.0310 0.1594 -0.9867
vn 0.0310 0.1594 0.9867
vn 0.0185 0.1539 -0.9879
vn 0.0185 0.1539 0.9879
vn 0.0321 0.1587 -0.9868
vn 0.0326 0.1656 0.9856
vn 0.2176 0.9726 -0.0822
vn 0.3636 0.8808 -0.3034
vn 0.2834 0.9565 0.0692
vn 0.1916 0.2777 -0.9414
vn 0.0690 0.1265 -0.9896
vn 0.0646 0.1254 0.9900
vn 0.2201 0.2590 0.9405
vn 0.6173 0.7823 0.0829
vn 0.5176 0.8523 -0.0753
vn 0.4747 0.3669 -0.8000
vn 0.2197 0.5616 -0.7977
vn 0.4828 0.3725 0.7926
vn 0.2152 0.5600 0.8001
vn 0.8785 0.4698 0.0869
vn 0.7751 0.6266 -0.0808
vn 0.7361 0.5972 0.3186
vn 0.3108 0.0658 -0.9482
vn 0.1443 0.0728 -0.9868
vn 0.9109 0.3412 -0.2320
vn 0.7256 0.6048 -0.3282
vn 0.5716 0.1231 0.8113
vn 0.9473 0.0649 -0.3136
vn 0.7950 0.1689 -0.5827
vn 0.9323 0.1904 0.3076
vn 0.9927 0.0962 0.0731
vn 0.1667 0.0374 0.9853
vn 0.3233 -0.0381 0.9455
vn 0.1600 -0.0177 -0.9870
vn 0.1502 0.0243 -0.9884
vn 0.1471 -0.0220 0.9889
vn 0.2920 -0.1777 -0.9398
vn 0.1292 -0.0585 -0.9899
vn 0.1555 -0.0791 0.9847
vn 0.9653 -0.2516 -0.0694
vn 0.8062 -0.5496 -0.2189
vn 0.9197 -0.2200 -0.3252
vn 0.8122 -0.5400 0.2210
vn 0.9679 -0.2398 0.0751
vn 0.9210 -0.2108 0.3277
vn 0.1019 -0.1142 -0.9882
vn 0.1170 -0.1001 0.9881
vn 0.1645 -0.3081 0.9370
vn 0.0839 -0.3129 -0.9461
vn 0.0690 -0.1438 -0.9872
vn 0.1247 -0.5944 0.7944
vn 0.4352 -0.4098 0.8017
vn 0.0608 -0.9943 0.0877
vn 0.2176 -0.9733 -0.0727
vn 0.3484 -0.9351 0.0656
vn 0.2015 -0.9244 0.3238
vn -0.0174 -0.8162 -0.5775
vn 0.1367 -0.5768 -0.8053
vn 0.1815 -0.7887 -0.5873
vn -0.0176 -0.8169 0.5765
vn 0.1829 -0.7896 0.5858
vn -0.0214 -0.9971 0.0732
vn -0.0228 -0.9967 -0.0777
vn 0.0126 -0.9968 0.0793
vn 0.0044 -0.9968 -0.0792
vn 0.0063 -0.9500 0.3122
vn 0.0015 -0.3074 -0.9516
vn 0.0043 -0.1543 -0.9880
vn -0.0028 -0.1498 -0.9887
vn 0.0043 -0.1544 0.9880
vn 0.0017 -0.3058 0.9521
vn -0.0027 -0.1502 0.9887
vn 0.0161 -0.9511 -0.3085
vn -0.1646 -0.7998 -0.5772
vn 0.0015 -0.8133 -0.5818
vn -0.0945 -0.9935 -0.0641
vn -0.0551 -0.9499 -0.3077
vn -0.0718 -0.3133 -0.9469
vn -0.0109 -0.1529 -0.9882
vn 0.0050 -0.1535 -0.9881
vn -0.0109 -0.1530 0.9882
vn -0.0718 -0.3134 0.9469
vn 0.0050 -0.1535 0.9881
vn -0.0664 -0.1428 -0.9875
vn -0.3401 -0.9136 -0.2228
vn -0.3300 -0.9172 0.2232
vn -0.0913 -0.9938 0.0635
vn -0.0536 -0.9506 0.3059
vn -0.0665 -0.1429 0.9875
vn -0.2629 -0.1944 -0.9450
vn -0.1030 -0.1098 -0.9886
vn -0.1032 -0.1099 0.9886
vn -0.2629 -0.1944 0.9450
vn -0.5311 -0.2564 -0.8076
vn -0.3549 -0.4848 -0.7994
vn -0.5311 -0.2565 0.8076
vn -0.3548 -0.4848 0.7994
vn -0.9252 -0.3077 -0.2219
vn -0.7262 -0.3747 -0.5764
vn -0.7971 -0.5642 -0.2154
vn -0.7264 -0.3753 0.5758
vn -0.9219 -0.3190 0.2200
vn -0.7902 -0.5738 0.2155
vn -0.3226 0.1004 -0.9412
vn -0.1682 -0.0256 -0.9854
vn -0.1683 -0.0256 0.9854
vn -0.3226 0.1004 0.9412
vn -0.1361 0.0253 -0.9904
vn -0.1360 0.0255 0.9904
vn -0.8708 0.4853 0.0790
vn -0.9414 0.3291 -0.0740
vn -0.9776 0.1962 0.0767
vn -0.1274 0.0873 -0.9880
vn -0.1273 0.0868 0.9881
vn -0.7342 0.6369 -0.2351
vn -0.9034 0.2943 -0.3117
vn -0.6903 0.6835 0.2372
vn -0.9022 0.3014 0.3084
vn -0.1105 0.1224 -0.9863
vn -0.1103 0.1222 0.9864
vn -0.3443 0.9362 0.0707
vn -0.4758 0.8780 -0.0526
vn -0.4782 0.8309 0.2843
vn -0.1966 0.9532 -0.2295
vn -0.3209 0.7471 -0.5821
vn -0.4751 0.8265 -0.3020
vn -0.3208 0.7446 0.5854
vn -0.1784 0.9343 0.3085
vn -0.4868 0.6012 -0.6337
vn -0.1379 0.5521 -0.8223
vn -0.1349 0.7945 -0.5921
vn -0.2114 0.5253 0.8242
vn -0.4798 0.6050 0.6355
vn -0.1327 0.7941 0.5931
vn -0.4043 0.3969 -0.8240
vn -0.1166 0.2489 -0.9615
vn -0.0705 0.1358 0.9882
vn -0.1891 0.2055 0.9602
vn -0.0814 0.2876 0.9543
vn -0.4887 0.2687 0.8300
vn -0.2514 0.1191 -0.9605
vn -0.1046 0.0982 -0.9897
vn -0.1334 0.0864 -0.9873
vn -0.1319 0.0804 0.9880
vn -0.1190 0.1070 0.9871
vn -0.2775 0.0876 0.9567
vn -0.5561 0.1477 -0.8179
vn -0.7829 0.2071 0.5866
vn -0.1436 0.0237 -0.9893
vn -0.1573 0.0519 -0.9862
vn -0.1472 0.0241 0.9888
vn -0.1530 0.0539 0.9868
vn -0.3078 0.0212 -0.9512
vn -0.1643 0.0105 -0.9864
vn -0.1431 0.0192 -0.9895
vn -0.1643 0.0105 0.9864
vn -0.3015 0.0206 0.9533
vn -0.1461 0.0188 0.9891
vn -0.1484 0.0006 -0.9889
vn -0.1483 0.0006 0.9889
vn -0.9404 -0.1356 -0.3118
vn -0.7974 -0.0341 -0.6025
vn -0.9552 -0.0023 -0.2959
vn -0.7975 -0.0422 0.6018
vn -0.9404 -0.1352 0.3120
vn -0.9552 -0.0023 0.2960
vn -0.7854 -0.2251 -0.5766
vn -0.5738 -0.0846 -0.8146
vn -0.9685 -0.2373 -0.0757
vn -0.9961 -0.0576 -0.0674
vn -0.9691 -0.2348 0.0752
vn -0.9962 -0.0564 0.0668
vn -0.5762 -0.0501 0.8158
vn -0.7887 -0.2071 0.5788
vn -0.2942 -0.0317 0.9552
vn -0.4507 -0.3254 0.8313
vn -0.2186 -0.1530 -0.9637
vn -0.1415 -0.0334 -0.9894
vn -0.3022 -0.0257 -0.9529
vn -0.1416 -0.0334 0.9894
vn -0.2115 -0.1557 0.9649
vn -0.6860 -0.6401 -0.3459
vn -0.6833 -0.6411 0.3494
vn -0.3880 -0.3890 -0.8356
vn -0.5103 -0.5902 -0.6256
vn -0.6908 -0.7174 -0.0901
vn -0.7051 -0.7039 0.0855
vn -0.5086 -0.5913 0.6259
vn -0.1233 -0.1110 -0.9861
vn -0.1478 -0.0854 -0.9853
vn -0.1235 -0.1111 0.9861
vn -0.1480 -0.0855 0.9853
vn -0.0918 -0.1218 -0.9883
vn -0.0921 -0.1219 0.9883
vn -0.0717 -0.1250 -0.9896
vn -0.0717 -0.1251 0.9896
vn -0.0829 -0.2710 -0.9590
vn -0.1716 -0.5408 0.8235
vn -0.0620 -0.1419 -0.9879
vn -0.0620 -0.1420 0.9879
vn -0.0876 -0.2733 0.9579
vn -0.2155 -0.9278 -0.3046
vn -0.2213 -0.9718 0.0812
vn -0.0472 -0.1591 -0.9861
vn -0.0473 -0.1589 0.9862
vn -0.1143 -0.5571 -0.8225
vn -0.1408 -0.7976 -0.5865
vn -0.1325 -0.7968 0.5895
vn -0.0173 -0.1528 -0.9881
vn -0.0282 -0.1603 -0.9867
vn -0.0173 -0.1528 0.9881
vn -0.0280 -0.1601 0.9867
vn -0.0301 -0.1591 -0.9868
vn -0.0299 -0.1592 0.9868
vn -0.3436 -0.9354 -0.0834
vn -0.3343 -0.8861 -0.3211
vn -0.2618 -0.9623 0.0730
vn -0.1890 -0.2798 -0.9413
vn -0.0656 -0.1288 -0.9895
vn -0.1890 -0.2794 0.9414
vn -0.5767 -0.8132 0.0786
vn -0.1285 -0.0972 -0.9869
vn -0.7032 -0.6683 -0.2427
vn -0.7362 -0.6282 0.2516
vn -0.3319 -0.8910 0.3099
vn -0.1285 -0.0972 0.9869
vn -0.9459 -0.3159 0.0736
vn -0.9126 -0.4018 -0.0755
vn -0.9962 -0.0403 -0.0776
vn -0.9089 -0.2784 -0.3105
vn -0.8011 0.0508 -0.5964
vn -0.5844 -0.0881 -0.8067
vn -0.7747 -0.2590 -0.5769
vn -0.9960 0.0378 0.0810
vn -0.5844 -0.0880 0.8067
vn -0.8011 0.0508 0.5964
vn -0.7737 -0.2565 0.5793
vn -0.3221 -0.0493 -0.9454
vn -0.1599 0.0300 -0.9867
vn -0.1471 -0.0141 -0.9890
vn -0.1598 0.0300 0.9867
vn -0.3222 -0.0492 0.9454
vn -0.1473 -0.0141 0.9890
vn -0.9479 0.3095 -0.0750
vn -0.8682 0.3914 -0.3051
vn -0.9488 0.0448 -0.3127
vn -0.9114 0.4048 0.0739
vn -0.2805 0.1833 -0.9422
vn -0.1302 0.0705 -0.9890
vn -0.1302 0.0706 0.9890
vn -0.2809 0.1814 0.9424
vn -0.1011 0.1231 -0.9872
vn -0.7131 0.6980 -0.0650
vn -0.6302 0.7079 -0.3189
vn -0.6537 0.7218 0.2274
vn -0.8717 0.3776 0.3124
vn -0.1016 0.1227 0.9872
vn -0.3819 0.8968 -0.2235
vn -0.0668 0.9509 -0.3021
vn -0.1950 0.7833 -0.5903
vn -0.2106 0.7784 0.5913
vn -0.0702 0.9459 0.3168
vn -0.3895 0.8941 0.2212
vn -0.0926 0.3189 0.9433
vn 0.0063 0.5985 0.8011
vn -0.1559 0.5654 0.8099
vn -0.0935 0.3163 -0.9440
vn 0.0042 0.1534 -0.9881
vn -0.0112 0.1525 -0.9882
vn 0.0072 0.8079 -0.5892
vn -0.0019 0.5876 -0.8092
vn -0.1520 0.5629 -0.8124
vn -0.0028 0.3023 0.9532
vn 0.0037 0.3085 -0.9512
vn -0.0025 0.1552 -0.9879
vn -0.0016 0.1584 0.9874
vn 0.0033 0.1514 0.9885
vn -0.0060 0.9748 0.2229
vn -0.0066 0.9981 0.0612
vn 0.0042 0.9492 0.3148
vn 0.0643 0.9689 0.2390
vn 0.0098 0.9977 -0.0669
vn 0.0311 0.8196 0.5721
vn 0.0115 0.3139 -0.9494
vn 0.0158 0.1682 -0.9856
vn 0.0059 0.1515 -0.9884
vn 0.0158 0.1682 0.9856
vn 0.0115 0.3089 0.9510
vn 0.0059 0.1515 0.9884
vn 0.0997 0.9893 -0.1070
vn 0.1595 0.9616 -0.2236
vn 0.0416 0.9553 -0.2926
vn 0.1258 0.9633 0.2373
vn 0.0608 0.3096 -0.9489
vn 0.0228 0.1483 -0.9887
vn 0.0173 0.1684 -0.9856
vn 0.0228 0.1483 0.9887
vn 0.0608 0.3097 0.9489
vn 0.0173 0.1684 0.9856
vn 0.0343 0.1468 -0.9886
vn 0.2464 0.9421 0.2275
vn 0.0343 0.1468 0.9886
vn 0.0513 0.1696 -0.9842
vn 0.0513 0.1696 0.9842
vn 0.2979 0.9508 -0.0850
vn 0.3425 0.8889 -0.3043
vn 0.2474 0.9225 -0.2962
vn 0.3473 0.9087 0.2316
vn 0.1287 0.2792 -0.9516
vn 0.0558 0.1373 -0.9890
vn 0.0532 0.1683 -0.9843
vn 0.0558 0.1373 0.9890
vn 0.1288 0.2792 0.9516
vn 0.0532 0.1683 0.9843
vn 0.0703 0.1319 -0.9888
vn 0.4270 0.9000 -0.0879
vn 0.4702 0.8320 -0.2945
vn 0.4764 0.8502 0.2240
vn 0.0703 0.1319 0.9888
vn 0.1098 0.1623 -0.9806
vn 0.1098 0.1623 0.9806
vn 0.5613 0.8234 -0.0832
vn 0.5997 0.7454 -0.2910
vn 0.6038 0.7639 0.2277
vn 0.7099 0.6990 -0.0860
vn 0.4778 0.3510 -0.8053
vn 0.2597 0.2500 -0.9328
vn 0.3506 0.4554 -0.8184
vn 0.7080 0.6689 0.2268
vn 0.2596 0.2500 0.9328
vn 0.4778 0.3510 0.8053
vn 0.3506 0.4554 0.8183
vn 0.1099 0.0910 -0.9898
vn 0.0994 0.0996 -0.9900
vn 0.1099 0.0910 0.9898
vn 0.0994 0.0996 0.9900
vn 0.1332 0.0920 -0.9868
vn 0.8138 0.5345 -0.2280
vn 0.6945 0.6436 -0.3218
vn 0.1332 0.0920 0.9868
vn 0.1538 0.0951 -0.9835
vn 0.1539 0.0951 0.9835
vn 0.9150 0.3336 -0.2267
vn 0.7499 0.3201 -0.5790
vn 0.8579 0.4571 -0.2347
vn 0.7498 0.3195 0.5794
vn 0.9126 0.3413 0.2253
vn 0.8548 0.4621 0.2361
vn 0.9695 0.0758 -0.2329
vn 0.8122 0.1288 -0.5690
vn 0.9467 0.2291 -0.2266
vn 0.8126 0.1291 0.5684
vn 0.9701 0.0809 0.2289
vn 0.9452 0.2344 0.2275
vn 0.3384 -0.0616 -0.9390
vn 0.1419 -0.0209 -0.9897
vn 0.1745 -0.0003 -0.9847
vn 0.1419 -0.0209 0.9897
vn 0.3384 -0.0616 0.9390
vn 0.1745 -0.0003 0.9847
vn 0.1608 -0.0539 -0.9855
vn 0.9655 -0.2401 -0.1010
vn 0.9006 -0.3281 -0.2852
vn 0.9441 -0.0993 -0.3144
vn 0.9012 -0.3270 0.2846
vn 0.9660 -0.2369 0.1033
vn 0.9452 -0.0982 0.3114
vn 0.1608 -0.0539 0.9855
vn 0.8929 -0.4373 -0.1073
vn 0.8941 -0.4358 0.1033
vn 0.4788 -0.3262 -0.8151
vn 0.2983 -0.1555 -0.9417
vn 0.5483 -0.1988 -0.8123
vn 0.2984 -0.1555 0.9417
vn 0.4788 -0.3262 0.8151
vn 0.5483 -0.1988 0.8123
vn 0.8202 -0.5682 -0.0663
vn 0.7863 -0.5394 -0.3014
vn 0.7944 -0.5326 0.2921
vn 0.7793 -0.6186 0.0997
vn 0.7287 -0.6759 -0.1101
vn 0.2367 -0.2241 -0.9454
vn 0.1044 -0.1072 -0.9887
vn 0.1332 -0.0981 -0.9862
vn 0.6358 -0.7111 -0.3002
vn 0.6487 -0.7029 0.2917
vn 0.1043 -0.1073 0.9887
vn 0.2367 -0.2241 0.9454
vn 0.1332 -0.0981 0.9862
vn 0.6189 -0.7798 0.0942
vn 0.3413 -0.4757 -0.8107
vn 0.4218 -0.4270 -0.7998
vn 0.6060 -0.7909 -0.0850
vn 0.3413 -0.4757 0.8107
vn 0.4218 -0.4271 0.7998
vn 0.1696 -0.2774 -0.9457
vn 0.1053 -0.1316 -0.9857
vn 0.1052 -0.1316 0.9857
vn 0.1695 -0.2773 0.9457
vn 0.4722 -0.8128 -0.3412
vn 0.4816 -0.6766 -0.5570
vn 0.4816 -0.6766 0.5570
vn 0.4858 -0.8155 0.3146
vn 0.4603 -0.8834 0.0877
vn 0.5018 -0.8602 -0.0912
vn 0.2417 -0.5081 -0.8267
vn 0.2417 -0.5081 0.8267
vn 0.1446 -0.0469 -0.9884
vn 0.0773 -0.1647 -0.9833
vn 0.0773 -0.1647 0.9833
vn 0.1446 -0.0470 0.9884
vn 0.8422 -0.2619 -0.4713
vn 0.3538 -0.7379 -0.5747
vn 0.3538 -0.7377 0.5750
vn 0.8633 -0.2824 0.4184
vn 0.9060 0.3132 -0.2847
vn 0.9462 -0.2950 -0.1329
vn 0.3589 -0.1363 -0.9234
vn 0.3589 -0.1363 0.9234
vn 0.0853 -0.0364 -0.9957
vn 0.0457 -0.1372 -0.9895
vn 0.4503 0.8928 -0.0076
vn 0.1333 0.0751 -0.9882
vn 0.1335 0.0752 0.9882
vn 0.0854 -0.0366 0.9957
vn 0.2689 0.1563 -0.9504
vn 0.2689 0.1563 0.9504
vn 0.6840 0.4046 -0.6070
vn 0.5023 0.2893 -0.8148
vn 0.5932 -0.1947 -0.7811
vn 0.5023 0.2893 0.8148
vn 0.7040 0.4162 0.5754
vn 0.5913 -0.1931 0.7830
vn 0.8093 0.4796 0.3392
vn 0.8129 0.5038 -0.2921
vn 0.8460 0.5301 0.0569
vn 0.8617 0.5060 -0.0388
vn 0.2506 0.1730 -0.9525
vn 0.1277 0.0769 -0.9888
vn 0.1278 0.0769 0.9888
vn 0.2505 0.1730 0.9525
vn 0.6535 0.4807 -0.5847
vn 0.4813 0.3204 -0.8159
vn 0.8303 0.5528 -0.0711
vn 0.4813 0.3204 0.8159
vn 0.6553 0.4843 0.5798
vn 0.7360 0.6130 -0.2874
vn 0.7319 0.6126 0.2985
vn 0.7965 0.5190 0.3102
vn 0.4397 0.6653 -0.6033
vn 0.3310 0.4524 -0.8281
vn 0.3309 0.4524 0.8281
vn 0.4397 0.6654 0.6033
vn 0.4805 0.8156 -0.3224
vn 0.4804 0.8156 0.3225
vn 0.1663 0.2270 -0.9596
vn 0.0544 0.1371 -0.9891
vn 0.0796 0.1422 -0.9866
vn 0.0544 0.1372 0.9891
vn 0.1663 0.2270 0.9596
vn 0.0796 0.1423 0.9866
vn 0.1950 0.7809 -0.5935
vn 0.1950 0.7809 0.5935
vn 0.0746 0.2893 -0.9543
vn 0.0371 0.1572 -0.9869
vn 0.0479 0.1399 -0.9890
vn 0.0371 0.1572 0.9869
vn 0.0746 0.2893 0.9543
vn 0.0479 0.1400 0.9890
vn 0.0261 0.1588 -0.9870
vn 0.0261 0.1589 0.9869
vn 0.4595 0.3757 -0.8048
vn 0.1932 0.2736 -0.9422
vn 0.2171 0.5595 -0.7999
vn 0.3806 0.9220 -0.0713
vn 0.6910 0.6856 -0.2290
vn 0.3333 0.8905 -0.3098
vn 0.6835 0.6932 0.2287
vn 0.3729 0.9252 0.0701
vn 0.3320 0.8903 0.3115
vn 0.1932 0.2737 0.9422
vn 0.4595 0.3757 0.8048
vn 0.2171 0.5595 0.7999
vn 0.7490 0.3138 -0.5835
vn 0.5792 0.5821 -0.5707
vn 0.7494 0.3158 0.5819
vn 0.5807 0.5807 0.5706
vn 0.8134 0.0270 -0.5811
vn 0.5788 0.0877 -0.8107
vn 0.5788 0.0877 0.8107
vn 0.8134 0.0270 0.5811
vn 0.3156 0.0537 -0.9474
vn 0.1583 -0.0261 -0.9870
vn 0.1481 0.0139 -0.9889
vn 0.1582 -0.0261 0.9871
vn 0.3156 0.0537 0.9474
vn 0.1482 0.0138 0.9889
vn 0.7820 -0.2179 -0.5839
vn 0.5560 -0.2101 -0.8042
vn 0.5560 -0.2101 0.8042
vn 0.7814 -0.2164 0.5854
vn 0.2906 -0.1626 -0.9429
vn 0.1328 -0.0652 -0.9890
vn 0.1328 -0.0652 0.9890
vn 0.2906 -0.1626 0.9429
vn 0.9561 -0.2849 -0.0687
vn 0.7963 -0.5634 -0.2202
vn 0.9146 -0.2531 -0.3153
vn 0.8038 -0.5524 0.2209
vn 0.9584 -0.2776 0.0671
vn 0.9151 -0.2502 0.3162
vn 0.1086 -0.1167 -0.9872
vn 0.6155 -0.5374 -0.5765
vn 0.3503 -0.5002 -0.7919
vn 0.3503 -0.5002 0.7919
vn 0.6144 -0.5369 0.5781
vn 0.1086 -0.1167 0.9872
vn 0.0924 -0.3119 -0.9456
vn 0.0924 -0.3119 0.9456
vn 0.0521 -0.5808 -0.8124
vn 0.0710 -0.9513 -0.3000
vn 0.2038 -0.7924 -0.5749
vn 0.4063 -0.8857 -0.2245
vn 0.2049 -0.7936 0.5730
vn 0.0769 -0.9505 0.3011
vn 0.4154 -0.8815 0.2247
vn 0.0521 -0.5808 0.8124
vn -0.0051 -0.3053 -0.9522
vn 0.0120 -0.1558 -0.9877
vn 0.0123 -0.1557 0.9877
vn -0.0051 -0.3053 0.9522
vn -0.0082 -0.5850 -0.8110
vn -0.0053 -0.9980 0.0625
vn -0.0187 -0.9970 -0.0749
vn 0.1161 -0.9908 0.0691
vn -0.0082 -0.5850 0.8110
vn -0.3105 -0.4584 -0.8327
vn -0.3105 -0.4584 0.8327
vn -0.4417 -0.6453 0.6233
vn -0.5480 -0.7971 0.2537
vn -0.0189 -0.9504 0.3103
vn -0.1697 -0.2555 -0.9518
vn 0.0018 -0.1531 -0.9882
vn 0.0018 -0.1531 0.9882
vn -0.1697 -0.2555 0.9518
vn -0.5623 -0.8220 -0.0905
vn -0.2766 -0.1293 -0.9523
vn -0.0694 -0.1073 -0.9918
vn -0.0694 -0.1071 0.9918
vn -0.2766 -0.1293 0.9523
vn -0.1421 -0.0562 -0.9883
vn -0.1421 -0.0563 0.9882
vn -0.1457 -0.0730 -0.9866
vn -0.9158 -0.3955 -0.0704
vn -0.8444 -0.4330 -0.3153
vn -0.8874 -0.3498 -0.3002
vn -0.8445 -0.4329 0.3153
vn -0.9167 -0.3934 0.0702
vn -0.8871 -0.3468 0.3046
vn -0.1458 -0.0729 0.9866
vn -0.1356 -0.0734 -0.9880
vn -0.1354 -0.0733 0.9881
vn -0.0630 -0.1152 -0.9913
vn -0.2548 -0.4184 -0.8718
vn -0.5300 -0.2432 -0.8124
vn -0.4805 -0.7960 -0.3682
vn -0.7223 -0.3355 -0.6047
vn -0.2548 -0.4184 0.8718
vn -0.5300 -0.2433 0.8124
vn -0.0630 -0.1152 0.9913
vn -0.1137 -0.1924 -0.9747
vn -0.1137 -0.1924 0.9747
vn -0.3834 -0.6340 -0.6716
vn -0.3833 -0.6340 0.6716
vn -0.7223 -0.3355 0.6048
vn 0.1294 0.1229 -0.9839
vn 0.0109 0.1560 -0.9877
vn 0.0855 0.0786 -0.9932
vn 0.0109 0.1560 0.9877
vn 0.1294 0.1229 0.9839
vn 0.0855 0.0786 0.9932
vn 0.0051 0.1470 -0.9891
vn 0.0051 0.1470 0.9891
vn 0.2979 0.3015 -0.9057
vn -0.0247 0.2901 -0.9567
vn -0.0247 0.2901 0.9567
vn 0.2979 0.3015 0.9057
vn 0.0025 0.1553 -0.9879
vn 0.0025 0.1551 0.9879
vn 0.4606 0.4796 -0.7469
vn -0.0339 0.5466 -0.8367
vn -0.0339 0.5466 0.8367
vn 0.4606 0.4796 0.7469
vn -0.1173 0.8098 -0.5749
vn -0.1173 0.8098 0.5748
vn -0.1618 0.5670 -0.8077
vn -0.1618 0.5670 0.8077
vn -0.3159 0.7475 -0.5843
vn -0.3160 0.7475 0.5842
vn -0.3100 0.5032 -0.8066
vn -0.1146 0.2691 -0.9563
vn -0.1146 0.2691 0.9563
vn -0.3100 0.5032 0.8066
vn -0.5400 0.5961 -0.5942
vn -0.5400 0.5961 0.5942
vn -0.4372 0.3725 -0.8186
vn -0.2037 0.2080 -0.9567
vn -0.2038 0.2080 0.9567
vn -0.4372 0.3726 0.8186
vn -0.1275 0.0982 -0.9870
vn -0.1203 0.1291 -0.9843
vn -0.6480 0.7579 -0.0753
vn -0.7412 0.5945 -0.3118
vn -0.5504 0.7791 -0.3001
vn -0.7391 0.5932 0.3191
vn -0.6431 0.7618 0.0783
vn -0.5514 0.7780 0.3010
vn -0.1275 0.0982 0.9870
vn -0.1203 0.1291 0.9843
vn -0.1241 0.0786 -0.9892
vn -0.8515 0.5170 -0.0876
vn -0.8467 0.4351 -0.3063
vn -0.8508 0.4341 0.2962
vn -0.8641 0.4969 0.0807
vn -0.1241 0.0786 0.9892
vn -0.7138 0.3925 -0.5800
vn -0.5318 0.2354 -0.8135
vn -0.5318 0.2354 0.8135
vn -0.7138 0.3925 0.5800
vn -0.2684 0.1228 -0.9554
vn -0.1473 0.0644 -0.9870
vn -0.1473 0.0644 0.9870
vn -0.2684 0.1228 0.9554
vn -0.1390 0.0398 -0.9895
vn -0.9632 0.2583 -0.0746
vn -0.9262 0.2172 -0.3081
vn -0.9676 0.2390 0.0816
vn -0.1390 0.0398 0.9895
vn -0.7923 0.2016 -0.5759
vn -0.5753 0.0631 -0.8155
vn -0.5754 0.0631 0.8155
vn -0.7923 0.2016 0.5758
vn -0.3044 0.0322 -0.9520
vn -0.1547 0.0316 -0.9875
vn -0.1545 0.0316 0.9875
vn -0.3044 0.0322 0.9520
vn -0.1599 0.0086 -0.9871
vn -0.1596 0.0086 0.9871
vn -0.5358 -0.2723 -0.7992
vn -0.2635 -0.0831 -0.9611
vn -0.6031 -0.0749 -0.7942
vn -0.8948 -0.3783 -0.2371
vn -0.9376 -0.1552 -0.3110
vn -0.9855 -0.1533 -0.0723
vn -0.9347 -0.1596 0.3176
vn -0.8915 -0.3821 0.2433
vn -0.9865 -0.1449 0.0766
vn -0.2635 -0.0831 0.9611
vn -0.5358 -0.2724 0.7992
vn -0.6031 -0.0748 0.7941
vn -0.4916 -0.6516 -0.5777
vn -0.4134 -0.4275 -0.8040
vn -0.6708 -0.4724 -0.5717
vn -0.4134 -0.4275 0.8040
vn -0.4915 -0.6515 0.5779
vn -0.6707 -0.4723 0.5719
vn -0.2137 -0.2221 -0.9513
vn -0.0729 -0.1197 -0.9901
vn -0.1199 -0.1255 -0.9848
vn -0.0729 -0.1197 0.9901
vn -0.2137 -0.2221 0.9513
vn -0.1199 -0.1255 0.9848
vn -0.0773 -0.2662 -0.9608
vn -0.0587 -0.1714 -0.9835
vn -0.0654 -0.1224 -0.9903
vn -0.0588 -0.1715 0.9834
vn -0.0773 -0.2662 0.9608
vn -0.0654 -0.1224 0.9903
vn -0.0255 -0.1617 -0.9865
vn -0.0256 -0.1619 0.9865
vn -0.0090 -0.1315 -0.9913
vn -0.0090 -0.1316 0.9913
vn -0.1417 -0.9874 -0.0698
vn 0.0075 -0.9735 -0.2284
vn -0.1437 -0.9427 -0.3010
vn 0.0103 -0.9732 0.2297
vn -0.1495 -0.9861 0.0727
vn -0.1389 -0.9425 0.3041
vn 0.0217 -0.3090 -0.9508
vn 0.0059 -0.1586 -0.9873
vn -0.0063 -0.1330 -0.9911
vn 0.0059 -0.1586 0.9873
vn 0.0217 -0.3089 0.9508
vn -0.0063 -0.1330 0.9911
vn 0.1739 -0.9437 -0.2815
vn 0.0413 -0.8057 -0.5908
vn 0.0409 -0.8065 0.5898
vn 0.1760 -0.9436 0.2805
vn 0.5395 -0.5368 -0.6487
vn 0.0842 -0.5773 -0.8122
vn 0.0842 -0.5773 0.8122
vn 0.5395 -0.5368 0.6486
vn 0.1803 -0.1711 -0.9686
vn 0.0342 -0.1351 -0.9902
vn 0.0341 -0.1351 0.9902
vn 0.1803 -0.1711 0.9686
vn 0.3750 -0.3859 -0.8429
vn 0.7023 -0.6111 -0.3652
vn 0.7018 -0.6118 0.3649
vn 0.3750 -0.3858 0.8429
vn 0.1523 -0.0594 -0.9865
vn 0.1443 -0.1103 -0.9834
vn 0.1524 -0.0595 0.9865
vn 0.1444 -0.1104 0.9833
vn 0.1394 -0.0305 -0.9898
vn 0.5883 -0.1126 -0.8008
vn 0.5883 -0.1125 0.8008
vn 0.1394 -0.0304 0.9898
vn 0.2919 -0.0233 -0.9562
vn 0.2919 -0.0232 0.9562
vn 0.1629 -0.0145 -0.9865
vn 0.1402 -0.0250 -0.9898
vn 0.1629 -0.0145 0.9865
vn 0.1402 -0.0249 0.9898
vn 0.1544 -0.0014 -0.9880
vn 0.8182 -0.0646 -0.5713
vn 0.5834 -0.0063 -0.8122
vn 0.5834 -0.0063 0.8122
vn 0.8182 -0.0646 0.5713
vn 0.1544 -0.0014 0.9880
vn -0.0047 0.5737 -0.8191
vn -0.0047 0.5737 0.8191
vn 0.3132 0.4006 -0.8610
vn 0.4428 0.5791 -0.6846
vn 0.4437 0.5760 0.6865
vn 0.3132 0.4006 0.8610
vn 0.6010 -0.0695 -0.7962
vn 0.8120 -0.1103 -0.5732
vn 0.8112 -0.1103 0.5743
vn 0.6010 -0.0695 0.7962
vn 0.4699 -0.3652 -0.8036
vn 0.6479 -0.4783 -0.5928
vn 0.7505 -0.5802 -0.3164
vn 0.7958 -0.6021 0.0644
vn 0.7890 -0.6112 -0.0627
vn 0.6491 -0.4781 0.5917
vn 0.7514 -0.5789 0.3166
vn 0.4699 -0.3652 0.8036
vn 0.2005 -0.5592 -0.8044
vn 0.4080 -0.7028 -0.5828
vn 0.4647 -0.8295 -0.3097
vn 0.4844 -0.8711 -0.0809
vn 0.4901 -0.8680 0.0793
vn 0.4646 -0.8302 0.3080
vn 0.4080 -0.7028 0.5828
vn 0.2005 -0.5592 0.8044
vn 0.1421 -0.8053 -0.5756
vn 0.1924 -0.9782 -0.0786
vn 0.1774 -0.9353 0.3063
vn 0.1421 -0.8053 0.5756
vn -0.1193 -0.5764 -0.8084
vn -0.1546 -0.7922 -0.5904
vn -0.1793 -0.9354 0.3048
vn -0.1546 -0.7922 0.5904
vn -0.1193 -0.5764 0.8084
vn -0.5573 -0.7723 0.3049
vn -0.7795 -0.5404 -0.3168
vn -0.0970 -0.1168 -0.9884
vn -0.0971 -0.1167 0.9884
vn -0.7742 -0.5546 0.3051
vn -0.1269 -0.0813 -0.9886
vn -0.1337 -0.0752 -0.9882
vn -0.1270 -0.0812 0.9886
vn -0.6899 -0.4150 -0.5932
vn -0.8159 -0.4896 -0.3074
vn -0.8549 -0.5131 -0.0759
vn -0.8569 -0.5096 0.0774
vn -0.8148 -0.4903 0.3094
vn -0.6899 -0.4150 0.5932
vn -0.1337 -0.0752 0.9882
vn -0.6452 -0.4880 -0.5878
vn -0.1380 -0.0824 -0.9870
vn -0.1380 -0.0824 0.9870
vn -0.1365 -0.0976 -0.9858
vn -0.7602 -0.5725 -0.3072
vn -0.7974 -0.5983 -0.0785
vn -0.8004 -0.5943 0.0789
vn -0.7589 -0.5740 0.3075
vn -0.6452 -0.4880 0.5878
vn -0.1099 -0.0911 -0.9898
vn -0.1089 -0.0946 -0.9895
vn -0.1365 -0.0976 0.9858
vn -0.1099 -0.0911 0.9898
vn -0.3939 -0.4349 -0.8098
vn -0.5350 -0.5966 -0.5982
vn -0.6665 -0.6755 -0.3153
vn -0.6880 -0.7215 -0.0787
vn -0.6912 -0.7180 0.0819
vn -0.6633 -0.6767 0.3195
vn -0.5350 -0.5966 0.5982
vn -0.3939 -0.4349 0.8098
vn -0.1089 -0.0946 0.9895
vn -0.2636 -0.5176 -0.8140
vn -0.2636 -0.5176 0.8140
vn -0.0522 -0.1409 -0.9887
vn -0.0809 -0.1421 -0.9865
vn -0.0809 -0.1422 0.9865
vn -0.0522 -0.1409 0.9887
vn -0.1168 -0.5664 -0.8158
vn -0.1168 -0.5664 0.8158
vn 0.0162 -0.2960 -0.9550
vn 0.0304 -0.5735 -0.8187
vn 0.0304 -0.5735 0.8187
vn 0.0162 -0.2960 0.9550
vn -0.0032 -0.1563 -0.9877
vn -0.0032 -0.1563 0.9877
vn 0.0147 -0.1639 -0.9864
vn 0.0147 -0.1639 0.9864
vn 0.0255 -0.1443 -0.9892
vn 0.0868 -0.2840 -0.9549
vn 0.0314 -0.1454 -0.9889
vn 0.0255 -0.1443 0.9892
vn 0.1683 -0.5600 -0.8112
vn 0.2451 -0.7744 -0.5833
vn 0.2451 -0.7744 0.5833
vn 0.1683 -0.5600 0.8112
vn 0.0868 -0.2840 0.9549
vn 0.0314 -0.1454 0.9889
vn 0.0531 -0.1412 -0.9886
vn 0.0531 -0.1412 0.9886
vn 0.3748 -0.7150 -0.5902
vn 0.3747 -0.7144 0.5909
vn 0.7434 -0.6334 -0.2149
vn 0.7453 -0.6311 0.2150
vn 0.8111 -0.5432 -0.2170
vn 0.8121 -0.5412 0.2182
vn 0.8860 -0.4180 0.2006
vn 0.8850 -0.4199 -0.2010
vn 0.9153 -0.3496 -0.2002
vn 0.9158 -0.3474 0.2016
vn 0.9538 -0.2218 0.2026
vn 0.9533 -0.2238 -0.2030
vn 0.9662 -0.1598 -0.2023
vn 0.9663 -0.1577 0.2036
vn 0.9790 -0.0441 0.1989
vn 0.9786 -0.0460 -0.2004
vn 0.1393 -0.0076 -0.9902
vn 0.3002 0.0107 -0.9538
vn 0.3002 0.0107 0.9538
vn 0.1393 -0.0076 0.9902
vn 0.1590 -0.0017 -0.9873
vn 0.1590 -0.0017 0.9873
vn 0.1620 0.0098 -0.9867
vn 0.1620 0.0098 0.9867
vn 0.1371 0.0171 -0.9904
vn 0.2910 0.0768 -0.9536
vn 0.1366 0.0187 -0.9905
vn 0.1371 0.0171 0.9904
vn 0.2910 0.0768 0.9536
vn 0.1366 0.0187 0.9905
vn 0.9486 0.2322 -0.2148
vn 0.1582 0.0314 -0.9869
vn 0.9479 0.2352 0.2148
vn 0.9063 0.3573 -0.2257
vn 0.1582 0.0314 0.9869
vn 0.1598 0.0468 -0.9860
vn 0.1598 0.0468 0.9860
vn 0.1327 0.0500 -0.9899
vn 0.9056 0.3600 0.2241
vn 0.2659 0.1439 -0.9532
vn 0.1319 0.0521 -0.9899
vn 0.1327 0.0500 0.9899
vn 0.2659 0.1439 0.9532
vn 0.1319 0.0521 0.9899
vn 0.1492 0.0719 -0.9862
vn 0.1159 0.0860 -0.9895
vn 0.1170 0.0832 -0.9896
vn 0.1492 0.0719 0.9862
vn 0.1420 0.0865 -0.9861
vn 0.1417 0.0863 0.9861
vn 0.1170 0.0832 0.9896
vn 0.4250 0.3846 -0.8194
vn 0.6387 0.5175 -0.5694
vn 0.6342 0.5143 0.5774
vn 0.4250 0.3846 0.8194
vn 0.1159 0.0860 0.9895
vn 0.1682 0.2469 -0.9543
vn 0.0950 0.1065 -0.9898
vn 0.1682 0.2469 0.9543
vn 0.0950 0.1065 0.9898
vn 0.0991 0.1272 -0.9869
vn 0.0991 0.1272 0.9869
vn 0.0886 0.1398 -0.9862
vn 0.0886 0.1398 0.9862
vn 0.0688 0.1307 -0.9890
vn 0.0656 0.1332 -0.9889
vn 0.0688 0.1307 0.9890
vn 0.0656 0.1332 0.9889
vn 0.0904 0.9710 -0.2214
vn -0.0429 0.9747 -0.2193
vn -0.0026 0.1448 -0.9895
vn -0.0449 0.9748 0.2186
vn -0.0376 0.2969 -0.9542
vn -0.0068 0.1467 -0.9892
vn -0.0026 0.1448 0.9895
vn -0.0376 0.2969 0.9542
vn -0.0068 0.1467 0.9892
vn -0.1892 0.9316 -0.3103
vn -0.0279 0.1473 -0.9887
vn -0.1939 0.9785 0.0704
vn -0.2006 0.9769 -0.0736
vn -0.1935 0.9317 0.3074
vn -0.1034 0.2823 -0.9537
vn -0.0329 0.1440 -0.9890
vn -0.0279 0.1473 0.9887
vn -0.1034 0.2823 0.9537
vn -0.0329 0.1440 0.9890
vn -0.3516 0.8834 -0.3098
vn -0.0533 0.1584 -0.9859
vn -0.3668 0.9270 -0.0782
vn -0.3593 0.9298 0.0791
vn -0.3542 0.8821 0.3107
vn -0.0642 0.1314 -0.9892
vn -0.0533 0.1584 0.9859
vn -0.0642 0.1314 0.9892
vn -0.4194 0.7018 -0.5758
vn -0.5044 0.8073 -0.3065
vn -0.5322 0.8431 -0.0770
vn -0.5263 0.8468 0.0770
vn -0.5062 0.8062 0.3064
vn -0.4194 0.7018 0.5758
vn -0.6373 0.4935 -0.5918
vn -0.6368 0.4942 0.5918
vn -0.3865 0.4505 -0.8047
vn -0.6433 0.5103 -0.5707
vn -0.7395 0.5991 0.3069
vn -0.6437 0.5103 0.5703
vn -0.3865 0.4505 0.8048
vn -0.4662 0.6635 -0.5851
vn -0.4650 0.6662 0.5831
vn -0.0273 0.1515 -0.9881
vn -0.0273 0.1515 0.9881
vn 0.0680 0.9452 0.3194
vn 0.3166 0.7449 -0.5873
vn 0.0227 0.1445 -0.9892
vn 0.0227 0.1445 0.9892
vn 0.3166 0.7449 0.5873
vn 0.4161 0.4346 -0.7987
vn 0.5565 0.5903 -0.5847
vn 0.5605 0.5901 0.5811
vn 0.4161 0.4346 0.7987
vn 0.7670 0.2689 0.5826
vn 0.1478 0.0314 -0.9885
vn 0.1479 0.0314 0.9885
vn 0.1423 -0.0188 -0.9896
vn 0.9392 -0.1302 -0.3177
vn 0.1423 -0.0188 0.9896
vn 0.1628 -0.0853 -0.9830
vn 0.1628 -0.0853 0.9830
vn 0.4631 -0.3154 -0.8283
vn 0.6615 -0.4712 -0.5834
vn 0.6613 -0.4703 0.5844
vn 0.4631 -0.3154 0.8283
vn 0.7665 -0.5984 0.2334
vn 0.7643 -0.6011 -0.2335
vn 0.4054 -0.4161 -0.8140
vn 0.5811 -0.5790 -0.5719
vn 0.7254 -0.6485 -0.2307
vn 0.7275 -0.6453 0.2330
vn 0.5811 -0.5785 0.5724
vn 0.4054 -0.4161 0.8140
vn 0.6507 -0.7228 0.2326
vn 0.6480 -0.7252 -0.2328
vn 0.3328 -0.4825 -0.8102
vn 0.4647 -0.6779 -0.5696
vn 0.5957 -0.7695 -0.2303
vn 0.5984 -0.7667 0.2326
vn 0.4649 -0.6776 0.5699
vn 0.3328 -0.4825 0.8102
vn 0.5015 -0.8336 0.2314
vn 0.4985 -0.8353 -0.2318
vn 0.0772 -0.1462 -0.9862
vn 0.1212 -0.2856 -0.9506
vn 0.2319 -0.5408 -0.8086
vn 0.2319 -0.5408 0.8086
vn 0.1212 -0.2857 0.9506
vn 0.0772 -0.1462 0.9862
vn 0.0542 -0.1725 -0.9835
vn 0.0515 -0.1792 -0.9825
vn 0.0542 -0.1725 0.9835
vn 0.0515 -0.1792 0.9825
vn 0.0280 -0.1407 -0.9897
vn 0.0339 -0.8109 -0.5842
vn 0.0280 -0.1407 0.9897
vn 0.0080 -0.1426 -0.9898
vn 0.0676 -0.9677 -0.2428
vn 0.0080 -0.1426 0.9898
vn -0.0045 -0.1973 -0.9803
vn -0.0045 -0.1973 0.9803
vn -0.0412 -0.5635 -0.8251
vn -0.0713 -0.8075 -0.5856
vn -0.0917 -0.9430 0.3200
vn -0.0722 -0.8037 0.5907
vn -0.0412 -0.5635 0.8251
vn -0.1331 -0.5538 -0.8220
vn -0.1773 -0.7896 -0.5874
vn -0.2086 -0.9277 0.3095
vn -0.1773 -0.7896 0.5874
vn -0.1331 -0.5538 0.8220
vn -0.1916 -0.5390 -0.8202
vn -0.2879 -0.7593 -0.5836
vn -0.2875 -0.7589 0.5843
vn -0.1916 -0.5390 0.8202
vn -0.2905 -0.4954 -0.8186
vn -0.3984 -0.7104 -0.5802
vn -0.4064 -0.7107 0.5743
vn -0.2905 -0.4954 0.8186
vn -0.1128 -0.1675 -0.9794
vn -0.4980 -0.6414 -0.5836
vn -0.4991 -0.6451 0.5786
vn -0.1128 -0.1675 0.9794
vn -0.0925 -0.1155 -0.9890
vn -0.5806 -0.5579 -0.5930
vn -0.0925 -0.1155 0.9890
vn -0.1024 -0.1020 -0.9895
vn -0.5840 -0.5594 0.5882
vn -0.1024 -0.1020 0.9895
vn -0.1333 -0.1153 -0.9844
vn -0.1333 -0.1153 0.9844
vn -0.4748 -0.3274 -0.8169
vn -0.6758 -0.4586 -0.5770
vn -0.7607 -0.5791 -0.2933
vn -0.6663 -0.4590 0.5877
vn -0.4748 -0.3274 0.8169
vn -0.8345 -0.5071 -0.2157
vn -0.1560 -0.0836 -0.9842
vn -0.7351 -0.3547 -0.5778
vn -0.8824 -0.4137 -0.2239
vn -0.7364 -0.3515 0.5781
vn -0.1560 -0.0836 0.9842
vn -0.7727 -0.2456 -0.5853
vn -0.1372 -0.0622 -0.9886
vn -0.1372 -0.0622 0.9886
vn -0.1431 -0.0488 -0.9885
vn -0.9174 -0.3215 -0.2345
vn -0.9167 -0.3252 0.2322
vn -0.7744 -0.2447 0.5835
vn -0.1431 -0.0488 0.9885
vn -0.1787 -0.0473 -0.9828
vn -0.2923 -0.0404 -0.9555
vn -0.1789 -0.0455 -0.9828
vn -0.1787 -0.0473 0.9828
vn -0.2923 -0.0404 0.9555
vn -0.1789 -0.0455 0.9828
vn -0.1439 -0.0260 -0.9893
vn -0.1439 -0.0260 0.9893
vn -0.1472 -0.0132 -0.9890
vn -0.1472 -0.0132 0.9890
vn -0.1834 -0.0052 -0.9830
vn -0.1834 -0.0052 0.9830
vn -0.5719 0.0060 -0.8203
vn -0.8036 0.0252 -0.5947
vn -0.8036 0.0252 0.5947
vn -0.5719 0.0060 0.8203
vn -0.5604 0.0966 -0.8226
vn -0.8007 0.1259 -0.5857
vn -0.8007 0.1259 0.5857
vn -0.5620 0.0966 0.8215
vn -0.5453 0.1540 -0.8240
vn -0.7726 0.2346 -0.5900
vn -0.7788 0.2369 0.5808
vn -0.5511 0.1545 0.8200
vn -0.7319 0.3395 -0.5909
vn -0.7354 0.3532 0.5783
vn -0.5252 0.2597 0.8104
vn -0.1627 0.0923 -0.9823
vn -0.8270 0.5539 -0.0966
vn -0.4723 0.3370 0.8145
vn -0.2422 0.1760 0.9541
vn -0.1627 0.0917 0.9824
vn -0.1191 0.0858 -0.9892
vn -0.1209 0.0881 0.9887
vn -0.1349 0.1251 -0.9829
vn -0.1360 0.1293 -0.9822
vn -0.1396 0.1289 0.9818
vn -0.5584 0.5845 -0.5887
vn -0.5567 0.5818 0.5930
vn -0.1403 0.1326 0.9812
vn -0.4606 0.6796 -0.5709
vn -0.1009 0.1080 -0.9890
vn -0.1009 0.1080 0.9890
vn -0.4579 0.6671 0.5876
vn -0.0963 0.1721 -0.9804
vn -0.3554 0.7311 -0.5825
vn -0.3962 0.8881 -0.2332
vn -0.3519 0.7381 0.5756
vn -0.0963 0.1721 0.9804
vn -0.2499 0.7725 -0.5838
vn -0.0624 0.1372 -0.9886
vn -0.0624 0.1372 0.9886
vn -0.0490 0.1430 -0.9885
vn -0.3021 0.9274 -0.2206
vn -0.3099 0.9254 0.2181
vn -0.2492 0.7749 0.5808
vn -0.0479 0.1820 -0.9821
vn -0.0401 0.3036 -0.9520
vn -0.0463 0.1827 -0.9821
vn -0.0490 0.1430 0.9885
vn -0.0479 0.1820 0.9821
vn -0.1884 0.9573 -0.2192
vn -0.1954 0.9560 0.2187
vn -0.0401 0.3036 0.9520
vn -0.0463 0.1827 0.9821
vn -0.0812 0.9714 -0.2231
vn -0.0270 0.1476 -0.9887
vn -0.0270 0.1476 0.9887
vn -0.0137 0.1468 -0.9891
vn -0.0876 0.9713 0.2209
vn -0.0064 0.1668 -0.9860
vn 0.0085 0.3159 -0.9488
vn -0.0033 0.1647 -0.9863
vn -0.0137 0.1468 0.9891
vn -0.0064 0.1668 0.9860
vn 0.0151 0.5841 -0.8116
vn 0.0213 0.8023 -0.5966
vn 0.0260 0.9490 -0.3143
vn 0.0216 0.9969 -0.0750
vn 0.0197 0.9491 0.3143
vn 0.0209 0.8034 0.5951
vn 0.0151 0.5841 0.8116
vn 0.0085 0.3159 0.9488
vn -0.0033 0.1647 0.9863
vn 0.0119 0.1619 -0.9867
vn 0.0485 0.3088 -0.9499
vn 0.0145 0.1637 -0.9864
vn 0.0119 0.1619 0.9867
vn 0.0898 0.5846 -0.8063
vn 0.0898 0.5846 0.8063
vn 0.0485 0.3088 0.9499
vn 0.0145 0.1637 0.9864
vn 0.0191 0.1510 -0.9884
vn 0.0191 0.1510 0.9884
vn 0.0278 0.1487 -0.9885
vn 0.0348 0.1561 -0.9871
vn 0.0519 0.3010 -0.9522
vn 0.0348 0.1571 -0.9870
vn 0.0278 0.1487 0.9885
vn 0.0348 0.1561 0.9871
vn 0.0990 0.5814 -0.8076
vn 0.1399 0.7959 -0.5891
vn 0.1695 0.9340 -0.3145
vn 0.1394 0.7952 0.5901
vn 0.0990 0.5814 0.8076
vn 0.0519 0.3010 0.9522
vn 0.0348 0.1571 0.9870
vn 0.0212 0.1496 -0.9885
vn 0.0212 0.1496 0.9885
vn 0.1551 -0.0355 -0.9873
vn 0.1551 -0.0355 0.9873
vn 0.1465 -0.0402 -0.9884
vn 0.1465 -0.0402 0.9884
vn 0.1618 -0.0504 -0.9855
vn 0.1623 -0.0512 -0.9854
vn 0.1621 -0.0506 0.9855
vn 0.1628 -0.0514 0.9853
vn -0.0031 -0.1525 -0.9883
vn -0.0026 -0.1546 0.9880
vn -0.3760 -0.9247 -0.0597
vn -0.0976 -0.1252 -0.9873
vn -0.0975 -0.1257 0.9873
vn -0.5823 -0.0378 -0.8121
vn -0.1279 -0.0743 -0.9890
vn -0.1279 -0.0742 0.9890
vn -0.5823 -0.0378 0.8121
vn -0.5311 0.2817 -0.7991
vn -0.5311 0.2818 0.7991
vn -0.0928 0.1302 -0.9871
vn -0.1494 0.2896 -0.9454
vn -0.2487 0.5274 -0.8124
vn -0.2487 0.5274 0.8124
vn -0.1494 0.2896 0.9454
vn -0.0928 0.1301 0.9871
vn -0.0322 0.1510 -0.9880
vn -0.0209 0.1567 -0.9874
vn -0.0325 0.1509 0.9880
vn -0.0209 0.1567 0.9874
vn -0.0256 0.1575 -0.9872
vn -0.0256 0.1575 0.9872
vn -0.0998 0.1275 -0.9868
vn -0.0998 0.1275 0.9868
vn -0.5843 0.0442 -0.8103
vn -0.7957 0.0549 -0.6032
vn -0.9494 0.1151 -0.2921
vn -0.9915 0.0991 -0.0838
vn -0.9917 0.1011 0.0791
vn -0.9520 0.1117 0.2851
vn -0.7943 0.0549 0.6050
vn -0.5821 0.0442 0.8119
vn -0.9541 0.0156 -0.2991
vn -0.9967 0.0219 -0.0783
vn -0.9966 0.0238 0.0785
vn -0.9562 0.0144 0.2923
vn -0.1441 -0.0001 -0.9896
vn -0.8130 -0.0182 -0.5820
vn -0.9540 -0.0208 -0.2992
vn -0.9967 -0.0218 -0.0784
vn -0.9967 -0.0205 0.0786
vn -0.1441 -0.0001 0.9896
vn -0.1561 -0.0025 -0.9877
vn -0.1561 -0.0025 0.9877
vn -0.9836 -0.1625 -0.0783
vn -0.9840 -0.1602 0.0784
vn -0.1383 -0.0335 -0.9898
vn -0.1384 -0.0335 0.9898
vn -0.1542 -0.0577 -0.9863
vn -0.1541 -0.0577 0.9864
vn -0.1801 -0.9802 -0.0817
vn -0.2424 -0.7838 -0.5717
vn -0.2407 -0.7832 0.5732
vn -0.5332 -0.6232 -0.5721
vn -0.5349 -0.6219 0.5720
vn -0.1195 -0.1149 -0.9862
vn -0.1196 -0.1149 0.9861
vn -0.7196 -0.3663 -0.5899
vn -0.8531 -0.4174 -0.3131
vn -0.8836 -0.4628 0.0715
vn -0.8888 -0.4530 -0.0692
vn -0.8524 -0.4193 0.3126
vn -0.7199 -0.3683 0.5883
vn -0.8103 -0.0505 -0.5838
vn -0.1258 -0.0624 -0.9901
vn -0.1260 -0.0624 0.9901
vn -0.9497 -0.0594 -0.3074
vn -0.9951 -0.0597 -0.0785
vn -0.9947 -0.0667 0.0783
vn -0.9498 -0.0597 0.3071
vn -0.8103 -0.0505 0.5838
vn -0.7673 0.2617 -0.5854
vn -0.7666 0.2603 0.5870
vn -0.5307 0.6254 -0.5720
vn -0.5295 0.6264 0.5720
vn -0.4897 0.8453 0.2136
vn -0.4799 0.8504 -0.2157
vn -0.0668 0.1456 -0.9871
vn -0.0666 0.1456 0.9871
vn -0.1425 0.7987 -0.5847
vn -0.1457 0.9370 -0.3176
vn -0.1646 0.9838 0.0708
vn -0.1597 0.9848 -0.0677
vn -0.1485 0.9362 0.3185
vn -0.1438 0.7995 0.5832
vn -0.0103 0.1518 -0.9884
vn -0.0101 0.1517 0.9884
vn 0.0143 0.9508 0.3096
vn 0.0338 0.1559 -0.9872
vn 0.0338 0.1559 0.9872
vn 0.0768 0.1416 -0.9869
vn 0.0768 0.1414 0.9870
vn 0.1045 0.0851 -0.9909
vn 0.1044 0.0850 0.9909
vn 0.7864 0.1952 -0.5861
vn 0.1403 0.0418 -0.9892
vn 0.9240 0.2091 -0.3202
vn 0.9686 0.2386 0.0696
vn 0.9707 0.2306 -0.0677
vn 0.9237 0.2113 0.3196
vn 0.7871 0.1965 0.5847
vn 0.1740 0.0148 -0.9846
vn 0.1404 0.0416 0.9892
vn 0.1741 0.0147 0.9846
vn 0.5824 -0.0686 -0.8100
vn 0.8040 -0.1120 -0.5840
vn 0.9424 -0.1320 -0.3073
vn 0.9870 -0.1402 -0.0789
vn 0.9879 -0.1309 0.0831
vn 0.9412 -0.1288 0.3123
vn 0.8040 -0.1120 0.5840
vn 0.5823 -0.0686 0.8101
vn 0.4997 -0.3334 -0.7995
vn 0.6795 -0.4365 -0.5897
vn 0.8040 -0.5046 -0.3145
vn 0.6795 -0.4365 0.5897
vn 0.4997 -0.3334 0.7995
vn 0.0917 -0.1293 -0.9874
vn 0.2559 -0.5373 -0.8036
vn 0.2559 -0.5381 0.8031
vn 0.0918 -0.1293 0.9873
vn 0.1583 -0.9850 0.0684
vn 0.1535 -0.9856 -0.0711
vn 0.0221 -0.1558 -0.9875
vn 0.0221 -0.1558 0.9875
vn 0.0400 -0.1551 -0.9871
vn 0.0400 -0.1551 0.9871
vn 0.0861 -0.1307 -0.9877
vn 0.0861 -0.1307 0.9877
vn 0.9882 -0.1235 0.0911
vn 0.9886 -0.1196 -0.0919
vn 0.5944 -0.0272 -0.8037
vn 0.5924 -0.0274 0.8052
vn 0.1366 0.0002 -0.9906
vn 0.9516 0.0270 -0.3061
vn 0.9963 0.0280 -0.0813
vn 0.9963 0.0259 0.0818
vn 0.9516 0.0280 0.3060
vn 0.1366 0.0002 0.9906
vn 0.9414 0.1267 -0.3126
vn 0.1506 0.0034 -0.9886
vn 0.1506 0.0034 0.9886
vn 0.1680 0.0102 -0.9857
vn 0.9881 0.1324 -0.0780
vn 0.9887 0.1274 0.0786
vn 0.9409 0.1285 0.3133
vn 0.1680 0.0102 0.9857
vn 0.1678 0.0242 -0.9855
vn 0.1674 0.0243 0.9856
vn 0.1438 0.0339 -0.9890
vn 0.1438 0.0339 0.9890
vn 0.8344 0.5450 -0.0823
vn 0.8365 0.5416 0.0831
vn 0.1428 0.0495 -0.9885
vn 0.1428 0.0495 0.9885
vn 0.4200 0.8496 -0.3190
vn 0.4499 0.8895 -0.0793
vn 0.4535 0.8878 0.0790
vn 0.4207 0.8494 0.3187
vn 0.1698 0.7885 -0.5911
vn 0.1912 0.9319 -0.3082
vn 0.1907 0.9784 -0.0794
vn 0.1936 0.9779 0.0790
vn 0.1912 0.9321 0.3078
vn 0.1699 0.7885 0.5911
vn 0.0054 0.5934 -0.8049
vn 0.0176 0.8068 -0.5905
vn 0.0212 0.9502 -0.3108
vn 0.0208 0.9967 -0.0785
vn 0.0242 0.9967 0.0775
vn 0.0201 0.9507 0.3096
vn 0.0176 0.8068 0.5905
vn 0.0054 0.5934 0.8049
vn -0.0366 0.3041 -0.9519
vn -0.0029 0.1413 -0.9900
vn -0.0698 0.5845 -0.8084
vn -0.0979 0.7999 -0.5921
vn -0.1148 0.9433 -0.3115
vn -0.1189 0.9898 -0.0784
vn -0.1109 0.9908 0.0778
vn -0.1187 0.9429 0.3110
vn -0.0979 0.7998 0.5922
vn -0.0698 0.5845 0.8084
vn -0.0366 0.3041 0.9519
vn -0.0029 0.1412 0.9900
vn -0.0300 0.1437 -0.9892
vn -0.1014 0.2908 -0.9514
vn -0.0322 0.1426 -0.9893
vn -0.0122 0.1590 -0.9872
vn -0.0122 0.1590 0.9872
vn -0.0230 0.1606 -0.9867
vn -0.0230 0.1606 0.9867
vn -0.0300 0.1437 0.9892
vn -0.1866 0.5599 -0.8072
vn -0.2479 0.7688 -0.5895
vn -0.2480 0.7681 0.5904
vn -0.1866 0.5599 0.8072
vn -0.1014 0.2908 0.9514
vn -0.0322 0.1426 0.9893
vn -0.0601 0.1289 -0.9898
vn -0.0615 0.1257 -0.9902
vn -0.0439 0.1539 -0.9871
vn -0.0439 0.1539 0.9871
vn -0.0563 0.1527 -0.9867
vn -0.0563 0.1527 0.9867
vn -0.0601 0.1289 0.9898
vn -0.3832 0.7151 -0.5846
vn -0.3815 0.7161 0.5845
vn -0.0615 0.1257 0.9902
vn -0.5211 0.6244 -0.5819
vn -0.0741 0.1359 -0.9880
vn -0.0741 0.1359 0.9880
vn -0.0935 0.1463 -0.9848
vn -0.6026 0.7351 -0.3105
vn -0.6366 0.7681 0.0688
vn -0.6396 0.7654 -0.0714
vn -0.6063 0.7338 0.3064
vn -0.5219 0.6247 0.5808
vn -0.0935 0.1463 0.9848
vn -0.4565 0.3451 -0.8201
vn -0.6181 0.5287 -0.5817
vn -0.7311 0.6078 -0.3099
vn -0.7709 0.6321 -0.0786
vn -0.7683 0.6353 0.0784
vn -0.7321 0.6067 0.3098
vn -0.6181 0.5287 0.5817
vn -0.4565 0.3451 0.8201
vn -0.6744 0.4480 -0.5869
vn -0.7861 0.5323 -0.3142
vn -0.8291 0.5527 -0.0848
vn -0.8277 0.5547 0.0846
vn -0.7864 0.5312 0.3152
vn -0.6744 0.4480 0.5869
vn -0.4105 0.4296 -0.8043
vn -0.5672 0.5781 -0.5866
vn -0.6709 0.6778 -0.3008
vn -0.8048 0.5888 -0.0743
vn -0.8060 0.5871 0.0756
vn -0.6714 0.6757 0.3044
vn -0.5672 0.5781 0.5866
vn -0.4105 0.4296 0.8043
vn -0.6070 0.7910 0.0770
vn -0.6003 0.7964 -0.0729
vn -0.0519 0.1459 -0.9879
vn -0.0542 0.3261 -0.9438
vn -0.3021 0.8983 -0.3190
vn -0.2907 0.9051 0.3102
vn -0.0542 0.3261 0.9438
vn -0.0519 0.1459 0.9879
vn 0.0145 0.1537 -0.9880
vn 0.0618 0.9498 0.3067
vn 0.1314 0.3001 -0.9448
vn 0.0405 0.1511 -0.9877
vn 0.0145 0.1537 0.9880
vn 0.2350 0.5390 -0.8089
vn 0.3099 0.9019 -0.3010
vn 0.3354 0.9388 -0.0792
vn 0.3319 0.9400 0.0787
vn 0.3086 0.9026 0.3002
vn 0.2350 0.5390 0.8089
vn 0.1314 0.3001 0.9448
vn 0.0406 0.1512 0.9877
vn 0.6132 0.7862 -0.0773
vn 0.0796 0.1360 -0.9875
vn 0.0797 0.1360 0.9875
vn 0.6075 0.7904 0.0786
vn 0.4995 0.3402 -0.7968
vn 0.4995 0.3401 0.7968
vn 0.8917 0.4458 -0.0781
vn 0.8862 0.4568 0.0779
vn 0.1578 0.0129 -0.9874
vn 0.1577 0.0130 0.9874
vn 0.1688 -0.0328 -0.9851
vn 0.1688 -0.0328 0.9851
vn 0.7640 -0.2504 -0.5946
vn 0.7663 -0.2519 0.5910
vn 0.9413 -0.3289 -0.0764
vn 0.5237 -0.7789 -0.3451
vn -0.0156 -0.9524 0.3045
vn -0.0026 -0.1589 -0.9873
vn -0.0028 -0.1532 0.9882
vn -0.0014 -0.1466 -0.9892
vn -0.3731 -0.9259 -0.0591
vn -0.0974 -0.1258 -0.9873
vn -0.0983 -0.1229 0.9875
vn -0.1279 -0.0744 -0.9890
vn -0.1278 -0.0742 0.9890
vn -0.5312 0.2817 -0.7991
vn -0.5311 0.2817 0.7991
vn -0.0928 0.1300 -0.9872
vn -0.1500 0.2915 -0.9448
vn -0.2484 0.5286 -0.8117
vn -0.2484 0.5284 0.8118
vn -0.1499 0.2913 0.9448
vn -0.0928 0.1301 0.9872
vn -0.0329 0.1504 -0.9881
vn -0.0215 0.1560 -0.9875
vn -0.0329 0.1507 0.9880
vn -0.0214 0.1565 0.9874
vn -0.0258 0.1568 -0.9873
vn -0.0261 0.1573 0.9872
vn -0.9110 0.2826 -0.3005
vn -0.9541 0.2897 -0.0758
vn -0.9523 0.2956 0.0755
vn -0.9107 0.2836 0.3005
vn -0.5873 0.0413 -0.8083
vn -0.7976 0.0510 -0.6010
vn -0.9469 0.1078 -0.3030
vn -0.9924 0.0949 -0.0788
vn -0.9920 0.0987 0.0784
vn -0.9472 0.1064 0.3026
vn -0.7991 0.0511 0.5990
vn -0.5896 0.0414 0.8067
vn -0.9562 0.0155 -0.2924
vn -0.9967 0.0220 -0.0788
vn -0.9964 0.0238 0.0819
vn -0.9528 0.0146 0.3031
vn -0.1442 -0.0001 -0.9895
vn -0.5765 -0.0553 -0.8152
vn -0.9968 -0.0204 -0.0774
vn -0.9525 -0.0116 0.3043
vn -0.1442 -0.0001 0.9895
vn -0.1383 -0.0335 0.9898
vn -0.1543 -0.0576 -0.9863
vn -0.2445 -0.5367 -0.8076
vn -0.1801 -0.9803 -0.0813
vn -0.2630 -0.7750 -0.5746
vn -0.2611 -0.7745 0.5761
vn -0.2445 -0.5367 0.8076
vn -0.1263 -0.1086 -0.9860
vn -0.1263 -0.1087 0.9860
vn -0.8669 -0.3881 -0.3128
vn -0.8991 -0.4319 0.0707
vn -0.9036 -0.4228 -0.0686
vn -0.8661 -0.3904 0.3122
vn -0.9501 -0.0543 -0.3072
vn -0.1300 -0.0588 -0.9898
vn -0.1300 -0.0592 0.9897
vn -0.9954 -0.0547 -0.0784
vn -0.9951 -0.0609 0.0782
vn -0.9502 -0.0547 0.3069
vn -0.5900 0.5640 -0.5778
vn -0.5889 0.5635 0.5793
vn -0.5981 0.7676 0.2304
vn -0.5887 0.7747 -0.2308
vn -0.0717 0.1410 -0.9874
vn -0.0724 0.1408 0.9874
vn -0.1207 0.9905 0.0653
vn 0.0174 0.9968 0.0778
vn -0.0024 0.9963 -0.0862
vn 0.8061 0.0821 -0.5860
vn 0.1604 0.0163 -0.9869
vn 0.8073 0.0823 0.5844
vn 0.1425 0.0168 -0.9897
vn 0.1434 0.0173 -0.9895
vn 0.1602 0.0163 0.9869
vn 0.1424 0.0167 0.9897
vn 0.1434 0.0173 0.9895
vn 0.1571 0.0126 -0.9875
vn 0.1494 -0.0577 -0.9871
vn 0.1609 -0.0270 -0.9866
vn 0.7633 -0.2995 0.5724
vn 0.1494 -0.0577 0.9871
vn 0.0962 -0.1054 -0.9898
vn 0.5686 -0.5711 0.5921
vn 0.0966 -0.1054 0.9897
vn 0.0100 -0.1565 -0.9876
vn 0.0101 -0.1564 0.9876
vn -0.2155 -0.9742 0.0675
vn -0.3146 -0.5076 -0.8021
vn -0.4291 -0.6955 -0.5764
vn -0.4265 -0.6929 0.5813
vn -0.3145 -0.5076 0.8021
vn -0.2625 -0.1945 -0.9451
vn -0.4878 -0.3460 -0.8014
vn -0.6673 -0.4696 -0.5781
vn -0.6672 -0.4662 0.5810
vn -0.4878 -0.3460 0.8014
vn -0.2625 -0.1945 0.9451
vn -0.1258 -0.0808 -0.9888
vn -0.1380 -0.0605 -0.9886
vn -0.1258 -0.0808 0.9888
vn -0.7235 -0.3590 -0.5895
vn -0.8514 -0.4212 -0.3126
vn -0.8944 -0.4398 -0.0810
vn -0.8962 -0.4364 0.0795
vn -0.8510 -0.4234 0.3107
vn -0.7236 -0.3591 0.5895
vn -0.1380 -0.0605 0.9886
vn -0.6613 -0.4698 -0.5847
vn -0.1461 -0.0725 -0.9866
vn -0.1461 -0.0725 0.9866
vn -0.1419 -0.0932 -0.9855
vn -0.7783 -0.5458 -0.3103
vn -0.8163 -0.5723 -0.0783
vn -0.8179 -0.5693 0.0838
vn -0.7740 -0.5477 0.3176
vn -0.6591 -0.4636 0.5922
vn -0.1080 -0.0886 -0.9902
vn -0.1056 -0.0923 -0.9901
vn -0.1419 -0.0932 0.9855
vn -0.1080 -0.0885 0.9902
vn -0.6622 -0.6812 -0.3123
vn -0.7077 -0.7019 -0.0803
vn -0.6723 -0.6730 0.3084
vn -0.5621 -0.5781 0.5915
vn -0.1056 -0.0923 0.9901
vn -0.4832 -0.8229 -0.2988
vn -0.1127 -0.1238 -0.9859
vn -0.1128 -0.1237 0.9859
vn -0.4097 -0.6934 0.5927
vn -0.3346 -0.9390 -0.0793
vn -0.2219 -0.7744 0.5925
vn -0.1513 -0.5581 0.8159
vn -0.0742 -0.8030 0.5914
vn -0.0536 -0.5903 0.8054
vn 0.0006 -0.1412 -0.9900
vn 0.0514 -0.8032 0.5935
vn 0.0006 -0.1412 0.9900
vn 0.0121 -0.1604 -0.9870
vn 0.0121 -0.1604 0.9870
vn 0.0374 -0.1664 -0.9853
vn 0.2416 -0.7684 0.5926
vn 0.0374 -0.1664 0.9853
vn 0.0540 -0.1332 -0.9896
vn 0.0691 -0.1286 -0.9893
vn 0.0540 -0.1331 0.9896
vn 0.0691 -0.1285 0.9893
vn 0.1123 -0.1231 -0.9860
vn 0.1123 -0.1231 0.9860
vn 0.7981 -0.0612 0.5994
vn 0.4596 0.4675 -0.7551
vn 0.4663 0.4660 0.7520
vn -0.9484 0.0785 0.3071
vn -0.9416 0.0784 -0.3276
vn -0.0530 0.8082 -0.5866
vn -0.0620 0.9482 -0.3114
vn -0.0630 0.9946 -0.0819
vn -0.0586 0.9949 0.0822
vn -0.0641 0.9483 0.3108
vn -0.0530 0.8082 0.5865
vn -0.1762 0.7909 -0.5861
vn -0.0092 0.1454 -0.9893
vn -0.0092 0.1454 0.9893
vn -0.0242 0.1698 -0.9852
vn -0.2015 0.9288 -0.3110
vn -0.2086 0.9748 -0.0785
vn -0.2031 0.9762 0.0763
vn -0.2042 0.9285 0.3101
vn -0.1766 0.7898 0.5874
vn -0.3683 0.7117 -0.5982
vn -0.0242 0.1698 0.9852
vn -0.0453 0.1531 -0.9872
vn -0.0453 0.1531 0.9872
vn -0.4516 0.8368 -0.3097
vn -0.6902 0.6483 -0.3213
vn -0.8917 0.3244 0.3155
vn -0.1339 0.0586 -0.9893
vn -0.7042 0.4170 -0.5746
vn -0.7068 0.4164 0.5719
vn -0.1339 0.0586 0.9893
vn -0.0875 0.1084 -0.9902
vn -0.3897 0.6985 -0.6002
vn -0.0875 0.1084 0.9902
vn -0.3897 0.6985 0.6002
vn -0.0551 0.1624 -0.9852
vn -0.0551 0.1624 0.9852
vn 0.0583 0.5817 -0.8113
vn -0.1057 0.8029 -0.5867
vn -0.1056 0.9432 -0.3149
vn -0.0984 0.9914 -0.0864
vn -0.1040 0.9907 0.0872
vn -0.1054 0.9431 0.3152
vn -0.1057 0.8029 0.5867
vn 0.0579 0.5837 0.8099
vn 0.2191 0.7811 -0.5847
vn 0.2177 0.7804 0.5861
vn 0.5698 0.5805 -0.5816
vn 0.5670 0.5805 0.5844
vn 0.7888 0.5749 0.2173
vn 0.8010 0.5580 -0.2169
vn 0.7869 0.1818 -0.5896
vn 0.1279 0.0417 -0.9909
vn 0.9262 0.1934 -0.3237
vn 0.1372 0.0422 0.9896
vn 0.1542 0.0061 -0.9880
vn 0.9967 -0.0040 -0.0806
vn 0.9968 -0.0048 0.0792
vn 0.5781 -0.1261 -0.8062
vn 0.5775 -0.1244 0.8069
vn 0.1386 -0.0872 -0.9865
vn 0.6046 -0.5531 -0.5733
vn 0.6033 -0.5543 0.5733
vn 0.1371 -0.0874 0.9867
vn 0.5913 -0.7772 0.2151
vn 0.5822 -0.7836 -0.2168
vn 0.0891 -0.1085 -0.9901
vn 0.2268 -0.7776 -0.5864
vn 0.0891 -0.1085 0.9901
vn 0.0490 -0.1366 -0.9894
vn 0.2462 -0.9145 -0.3210
vn 0.2774 -0.9581 0.0710
vn 0.2679 -0.9610 -0.0688
vn 0.2479 -0.9142 0.3206
vn 0.2282 -0.7783 0.5849
vn 0.0158 -0.1719 -0.9850
vn 0.0488 -0.1368 0.9894
vn 0.0157 -0.1718 0.9850
vn -0.0669 -0.5845 -0.8087
vn -0.1076 -0.8052 -0.5832
vn -0.1250 -0.9434 -0.3072
vn -0.1336 -0.9879 -0.0788
vn -0.1262 -0.9889 0.0790
vn -0.1248 -0.9434 0.3074
vn -0.1076 -0.8052 0.5832
vn -0.0669 -0.5845 0.8087
vn -0.3241 -0.5085 -0.7977
vn -0.4228 -0.6923 -0.5848
vn -0.4879 -0.8167 -0.3083
vn -0.5125 -0.8553 -0.0764
vn -0.5034 -0.8607 0.0765
vn -0.4892 -0.8158 0.3083
vn -0.4228 -0.6923 0.5848
vn -0.3240 -0.5085 0.7977
vn -0.2744 -0.1705 -0.9464
vn -0.1234 -0.1000 -0.9873
vn -0.5104 -0.3080 -0.8029
vn -0.5105 -0.3080 0.8029
vn -0.2744 -0.1704 0.9464
vn -0.1235 -0.0998 0.9873
vn -0.1415 -0.0535 -0.9885
vn -0.2681 -0.1371 -0.9536
vn -0.1468 -0.0447 -0.9882
vn -0.1415 -0.0534 0.9885
vn -0.9374 -0.3404 0.0742
vn -0.9363 -0.3430 -0.0753
vn -0.2681 -0.1371 0.9536
vn -0.1468 -0.0447 0.9882
vn -0.1521 -0.0550 -0.9868
vn -0.1521 -0.0550 0.9868
vn -0.1497 -0.0776 -0.9857
vn -0.1135 -0.0824 -0.9901
vn -0.1082 -0.0894 -0.9901
vn -0.1498 -0.0775 0.9857
vn -0.1134 -0.0824 0.9901
vn -0.3796 -0.4314 -0.8184
vn -0.3796 -0.4314 0.8184
vn -0.1082 -0.0894 0.9901
vn -0.1791 -0.5813 -0.7937
vn -0.1791 -0.5813 0.7937
vn -0.2718 -0.9095 -0.3144
vn -0.1053 -0.6061 -0.7884
vn -0.1146 -0.7999 -0.5891
vn -0.1341 -0.9417 -0.3087
vn -0.1141 -0.8016 0.5868
vn -0.1053 -0.6061 0.7884
vn -0.0287 -0.8079 -0.5887
vn -0.0350 -0.9503 -0.3094
vn -0.0287 -0.8079 0.5887
vn 0.4745 -0.4680 -0.7455
vn 0.6308 -0.6326 -0.4494
vn 0.7012 -0.7033 -0.1169
vn 0.6305 -0.6329 0.4493
vn 0.4745 -0.4680 0.7455
vn 0.1507 0.0006 -0.9886
vn 0.3087 0.0280 -0.9507
vn 0.9499 0.0292 -0.3111
vn 0.9964 0.0316 -0.0792
vn 0.9965 0.0294 0.0786
vn 0.9501 0.0303 0.3104
vn 0.3088 0.0281 0.9507
vn 0.1507 0.0006 0.9886
vn 0.9416 0.1295 -0.3109
vn 0.1570 0.0041 -0.9876
vn 0.1572 0.0041 0.9876
vn 0.1641 0.0138 -0.9864
vn 0.9875 0.1362 -0.0791
vn 0.9876 0.1331 0.0830
vn 0.9393 0.1330 0.3162
vn 0.1366 0.0238 -0.9903
vn 0.1362 0.0286 -0.9903
vn 0.1642 0.0139 0.9863
vn 0.1367 0.0238 0.9903
vn 0.1362 0.0286 0.9903
vn 0.8677 0.3831 -0.3169
vn 0.9123 0.4018 -0.0791
vn 0.8732 0.3739 0.3125
vn 0.5006 0.6205 -0.6036
vn 0.5913 0.7402 -0.3200
vn 0.5006 0.6205 0.6036
vn 0.1274 0.5556 -0.8216
vn 0.1905 0.7801 -0.5960
vn 0.2231 0.9227 -0.3143
vn 0.1905 0.7801 0.5960
vn 0.1275 0.5556 0.8216
vn 0.0199 0.8070 -0.5902
vn 0.0239 0.9502 -0.3106
vn 0.0230 0.9967 -0.0784
vn 0.0260 0.9967 0.0765
vn 0.0224 0.9510 0.3084
vn 0.0199 0.8070 0.5903
vn -0.0891 0.8013 -0.5915
vn -0.0048 0.1737 -0.9848
vn -0.1044 0.9446 -0.3110
vn -0.1080 0.9911 -0.0783
vn -0.1001 0.9919 0.0777
vn -0.1084 0.9443 0.3106
vn -0.0891 0.8013 0.5916
vn -0.0237 0.1345 -0.9906
vn -0.0958 0.2932 -0.9512
vn -0.0258 0.1358 -0.9904
vn -0.0048 0.1739 0.9847
vn -0.0149 0.1714 -0.9851
vn -0.0149 0.1716 0.9851
vn -0.0209 0.1523 -0.9881
vn -0.0209 0.1525 0.9881
vn -0.0237 0.1345 0.9906
vn -0.1804 0.5650 -0.8051
vn -0.2442 0.7706 -0.5887
vn -0.2442 0.7700 0.5895
vn -0.1804 0.5651 0.8051
vn -0.0958 0.2932 0.9512
vn -0.0259 0.1353 0.9905
vn -0.0599 0.1313 -0.9895
vn -0.0624 0.1286 -0.9897
vn -0.0409 0.1545 -0.9871
vn -0.0409 0.1545 0.9871
vn -0.0545 0.1542 -0.9865
vn -0.0545 0.1542 0.9865
vn -0.0599 0.1313 0.9895
vn -0.2882 0.5092 -0.8110
vn -0.4168 0.6946 -0.5864
vn -0.4157 0.6952 0.5865
vn -0.2881 0.5092 0.8109
vn -0.0624 0.1286 0.9897
vn -0.0793 0.1390 -0.9871
vn -0.0793 0.1390 0.9871
vn -0.5479 0.5991 -0.5839
vn -0.5482 0.5992 0.5834
vn -0.6188 0.5242 -0.5851
vn -0.6188 0.5242 0.5851
vn -0.6770 0.4420 -0.5885
vn -0.7877 0.5278 -0.3177
vn -0.8287 0.5534 -0.0837
vn -0.8266 0.5562 0.0852
vn -0.7884 0.5261 0.3187
vn -0.6770 0.4420 0.5885
vn -0.5917 0.5658 -0.5743
vn -0.7885 0.5374 -0.2990
vn -0.8163 0.5723 -0.0785
vn -0.5917 0.5658 0.5743
vn -0.6159 0.7277 -0.3018
vn -0.1747 0.5711 -0.8020
vn -0.2460 0.7724 -0.5856
vn -0.2807 0.9085 -0.3097
vn -0.2460 0.7724 0.5856
vn -0.1747 0.5711 0.8020
vn 0.1037 0.8032 -0.5867
vn 0.1171 0.9453 -0.3045
vn 0.1037 0.8032 0.5867
vn 0.3392 0.7373 -0.5843
vn 0.0317 0.1469 -0.9886
vn 0.0317 0.1469 0.9886
vn 0.0865 0.1482 -0.9852
vn 0.4097 0.8594 -0.3061
vn 0.4333 0.8978 -0.0782
vn 0.4307 0.8988 0.0812
vn 0.4105 0.8577 0.3096
vn 0.3392 0.7373 0.5842
vn 0.0865 0.1482 0.9852
vn 0.5828 0.5698 -0.5794
vn 0.6732 0.6728 -0.3069
vn 0.7139 0.6953 -0.0828
vn 0.5804 0.5703 0.5813
vn 0.9080 0.4130 -0.0697
vn 0.7450 0.3339 0.5775
vn -0.5595 -0.1687 -0.8115
vn -0.7763 -0.2223 -0.5898
vn -0.9147 -0.2630 -0.3067
vn -0.9571 -0.2800 -0.0751
vn -0.5914 -0.8003 -0.0989
vn -0.9573 -0.2764 0.0846
vn -0.9122 -0.2657 0.3120
vn -0.7776 -0.2242 0.5874
vn -0.5584 -0.1691 0.8121
vn -0.0055 -0.1580 -0.9874
vn -0.0055 -0.1582 0.9874
vn 0.4289 -0.5839 -0.6892
vn 0.4289 -0.5839 0.6892
vn 0.1461 -0.0503 -0.9880
vn 0.2979 -0.0756 -0.9516
vn 0.5715 -0.1480 -0.8071
vn 0.7784 -0.2079 -0.5923
vn 0.9172 -0.2469 -0.3126
vn 0.9629 -0.2581 -0.0787
vn 0.9633 -0.2589 0.0705
vn 0.9192 -0.2401 0.3120
vn 0.7746 -0.2048 0.5984
vn 0.5693 -0.1484 0.8086
vn 0.2962 -0.0761 0.9521
vn 0.1461 -0.0503 0.9880
vn 0.1393 -0.0224 -0.9900
vn 0.1377 -0.0190 -0.9903
vn 0.1560 -0.0390 -0.9870
vn 0.1561 -0.0390 0.9870
vn 0.1410 -0.0235 0.9897
vn 0.8021 -0.0676 -0.5933
vn 0.9914 -0.1035 -0.0799
vn 0.9905 -0.1172 0.0726
vn 0.1401 -0.0200 0.9899
vn 0.9907 0.1076 0.0831
vn 0.1579 0.0350 -0.9868
vn 0.1480 0.0335 0.9884
vn 0.1360 0.0444 -0.9897
vn 0.2062 0.9746 0.0875
vn 0.2159 0.9735 -0.0749
vn 0.1434 0.0576 0.9880
vn 0.1939 0.9241 -0.3292
vn 0.3240 0.7466 -0.5811
vn 0.3315 0.7445 0.5795
vn 0.1598 0.0753 -0.9843
vn 0.1439 0.0706 0.9871
vn 0.8039 0.1018 -0.5860
vn 0.9417 0.0992 -0.3215
vn 0.9906 0.1185 0.0689
vn 0.9915 0.1114 -0.0668
vn 0.9415 0.1028 0.3209
vn 0.8046 0.1030 0.5848
vn 0.5688 -0.1676 -0.8052
vn 0.7818 -0.2154 -0.5852
vn 0.1602 0.0076 0.9870
vn 0.7810 -0.2140 0.5867
vn 0.5785 -0.1488 0.8020
vn 0.5703 -0.5892 -0.5724
vn 0.5691 -0.5905 0.5723
vn 0.4135 -0.4422 0.7959
vn 0.5501 -0.8067 0.2158
vn 0.5380 -0.8122 -0.2255
vn 0.1638 -0.7851 -0.5973
vn 0.1811 -0.9278 0.3260
vn 0.1663 -0.7871 0.5940
vn -0.0095 -0.8140 -0.5808
vn 0.0192 -0.1495 0.9886
vn -0.0129 -0.9504 0.3106
vn 0.0086 -0.8118 -0.5839
vn 0.0003 -0.1435 -0.9897
vn 0.0085 -0.9536 -0.3009
vn 0.0135 -0.9502 0.3112
vn -0.1607 -0.7921 -0.5889
vn -0.5591 -0.7979 0.2254
vn -0.0881 -0.1335 0.9871
vn -0.1297 -0.1067 -0.9858
vn -0.1182 -0.0858 0.9893
vn -0.1335 -0.0513 -0.9897
vn -0.1636 -0.0458 0.9855
vn -0.1735 -0.0280 0.9844
vn -0.1471 -0.0156 -0.9890
vn -0.1662 0.0100 -0.9860
vn -0.5189 0.2855 -0.8058
vn -0.7096 0.3900 -0.5869
vn -0.7095 0.3896 0.5872
vn -0.5150 0.2913 0.8062
vn -0.7714 0.5989 0.2152
vn -0.7642 0.6079 -0.2153
vn -0.5487 0.8055 -0.2236
vn -0.5573 0.7996 0.2237
vn -0.0673 0.1380 -0.9881
vn -0.0673 0.1380 0.9881
vn -0.3163 0.9460 0.0713
vn -0.3183 0.9449 -0.0763
vn -0.0260 0.1603 -0.9867
vn -0.0260 0.1603 0.9867
vn -0.5184 0.2285 -0.8241
vn -0.8905 0.4477 0.0807
vn -0.8922 0.4446 -0.0794
vn -0.5183 0.2284 0.8241
vn -0.7525 0.2982 -0.5872
vn -0.8794 0.3618 -0.3096
vn -0.9240 0.3753 -0.0738
vn -0.9233 0.3770 0.0735
vn -0.8796 0.3609 0.3100
vn -0.7526 0.2982 0.5872
vn -0.1353 0.0502 -0.9895
vn -0.2943 0.1041 -0.9500
vn -0.5612 0.1982 -0.8036
vn -0.7666 0.2701 -0.5825
vn -0.8997 0.3171 -0.2999
vn -0.9409 0.3318 -0.0678
vn -0.9404 0.3332 0.0687
vn -0.9009 0.3161 0.2975
vn -0.7666 0.2701 0.5825
vn -0.5612 0.1981 0.8036
vn -0.2942 0.1041 0.9500
vn -0.1353 0.0502 0.9895
vn -0.1439 0.0485 -0.9884
vn -0.1439 0.0485 0.9884
vn -0.7179 0.6518 -0.2445
vn -0.9458 0.3201 -0.0547
vn -0.9459 0.3201 0.0531
vn -0.7213 0.6488 0.2425
vn -0.0348 0.1477 -0.9884
vn -0.1863 0.9528 -0.2399
vn -0.1912 0.9521 0.2385
vn -0.0350 0.1478 0.9884
vn 0.2296 0.9185 -0.3219
vn 0.1996 0.7875 -0.5831
vn 0.0518 0.1533 -0.9868
vn 0.2409 0.9679 0.0724
vn 0.2450 0.9675 -0.0625
vn 0.2354 0.9169 0.3225
vn 0.2047 0.7919 0.5753
vn 0.0519 0.1534 0.9868
vn 0.5049 0.6377 -0.5817
vn 0.6186 0.7821 0.0757
vn 0.5973 0.7437 0.3003
vn 0.5103 0.6366 0.5782
vn 0.8754 0.4779 0.0729
vn 0.8387 0.4546 0.2999
vn 0.7146 0.3880 0.5821
vn 0.1419 0.0497 -0.9886
vn 0.2828 0.1162 -0.9521
vn 0.5367 0.2211 -0.8143
vn 0.7439 0.3072 -0.5935
vn 0.8800 0.3621 -0.3073
vn 0.7439 0.3072 0.5935
vn 0.5367 0.2211 0.8142
vn 0.2828 0.1162 0.9521
vn 0.1419 0.0497 0.9886
vn 0.1337 0.0640 -0.9890
vn 0.1334 0.0681 -0.9887
vn 0.1502 0.0619 -0.9867
vn 0.1501 0.0619 0.9867
vn 0.1337 0.0640 0.9890
vn 0.1334 0.0681 0.9887
vn 0.0936 0.1287 -0.9873
vn 0.0936 0.1287 0.9873
vn 0.1382 0.0992 -0.9854
vn 0.1383 0.0993 0.9854
vn 0.8013 0.0449 -0.5965
vn 0.1355 0.0413 -0.9899
vn 0.1355 0.0414 0.9899
vn 0.8036 0.0503 0.5930
vn 0.7458 -0.3296 -0.5789
vn 0.7452 -0.3293 0.5799
vn 0.8292 -0.5120 0.2243
vn 0.8234 -0.5212 -0.2243
vn 0.0886 -0.1354 -0.9868
vn 0.0887 -0.1354 0.9868
vn 0.1450 -0.7999 -0.5824
vn 0.0401 -0.1399 -0.9893
vn 0.1768 -0.9815 -0.0729
vn 0.1620 -0.9348 0.3160
vn 0.0066 -0.1513 -0.9885
vn -0.0021 -0.1557 -0.9878
vn 0.0399 -0.1400 0.9893
vn 0.0064 -0.1513 0.9885
vn -0.0021 -0.1556 0.9878
vn -0.1262 -0.9653 -0.2286
vn -0.4341 -0.8743 -0.2174
vn -0.1087 -0.1163 -0.9872
vn -0.1086 -0.1163 0.9873
vn -0.1328 -0.0653 -0.9890
vn -0.1328 -0.0653 0.9890
vn -0.9145 -0.2533 0.3153
vn -0.9508 0.0412 0.3071
vn -0.8740 0.3719 0.3127
vn -0.5162 0.6410 -0.5681
vn -0.6049 0.7396 0.2952
vn -0.5147 0.6394 0.5712
vn -0.2129 0.7827 -0.5849
vn -0.2298 0.9200 0.3176
vn -0.2115 0.7821 0.5862
vn -0.0181 0.1544 -0.9878
vn -0.1432 0.7997 -0.5831
vn -0.1438 0.8002 0.5823
vn -0.1158 0.5731 0.8113
vn -0.0598 0.2917 0.9546
vn -0.0179 0.1586 0.9872
vn -0.0296 0.1610 -0.9865
vn -0.0356 0.1449 0.9888
vn -0.0572 0.1521 -0.9867
vn -0.0461 0.1393 0.9892
vn -0.0779 0.1476 0.9860
vn -0.0993 0.1207 -0.9877
vn -0.1174 0.1384 0.9834
vn -0.1287 0.1032 -0.9863
vn -0.1416 0.1092 0.9839
vn -0.1526 -0.0517 -0.9869
vn -0.1526 -0.0517 0.9869
vn 0.0027 -0.1825 -0.9832
vn -0.0043 -0.3489 -0.9371
vn -0.0036 -0.3471 0.9378
vn 0.0027 -0.1825 0.9832
vn -0.9343 0.0731 0.3490
vn -0.9282 0.0743 -0.3645
vn 0.9499 0.1105 0.2923
vn -0.0003 0.1481 -0.9890
vn -0.4608 0.3260 -0.8255
vn -0.4700 0.3303 0.8186
vn -0.6867 0.5154 0.5126
vn -0.0003 0.1480 0.9890
vn -0.0069 0.1623 0.9867
vn -0.0841 0.0520 0.9951
vn 0.2915 -0.2844 -0.9133
vn 0.4743 -0.4657 -0.7471
vn 0.4747 -0.4680 0.7454
vn 0.2915 -0.2844 0.9133
vn 0.1480 0.0004 -0.9890
vn 0.9968 0.0155 0.0780
vn 0.9965 0.0172 -0.0814
vn 0.1481 0.0004 0.9890
vn 0.1518 0.0022 -0.9884
vn 0.1518 0.0022 0.9884
vn 0.9077 0.2846 0.3083
vn 0.1393 0.0492 -0.9890
vn 0.1390 0.0492 0.9891
vn 0.1335 0.0942 -0.9866
vn 0.1335 0.0941 0.9866
vn 0.2671 0.9080 0.3227
vn 0.2205 0.9712 -0.0904
vn 0.3089 0.7539 -0.5798
vn 0.3566 0.8838 0.3028
vn 0.3093 0.7540 0.5796
vn 0.6322 0.5087 -0.5845
vn 0.1153 0.0981 -0.9885
vn 0.6351 0.5081 0.5818
vn 0.5725 0.1194 -0.8112
vn 0.1014 0.0903 0.9907
vn 0.1509 0.0609 0.9867
vn 0.7936 0.1653 0.5856
vn 0.9934 0.0943 -0.0657
vn 0.5848 -0.1357 -0.7997
vn 0.7829 -0.1982 -0.5898
vn 0.7865 -0.1941 0.5863
vn 0.5703 -0.1543 0.8068
vn 0.4245 -0.4315 -0.7960
vn 0.5846 -0.5742 -0.5732
vn 0.5834 -0.5755 0.5731
vn 0.5723 -0.7896 0.2215
vn 0.5647 -0.7962 -0.2172
vn 0.0520 -0.1228 0.9911
vn 0.1933 -0.9268 -0.3219
vn -0.0207 -0.9512 -0.3079
vn 0.0104 -0.1567 -0.9876
vn 0.0049 -0.1567 0.9876
vn -0.0051 -0.1585 -0.9873
vn -0.0258 -0.9494 0.3129
vn -0.0033 -0.1486 -0.9889
vn -0.0052 -0.1616 0.9868
vn -0.0033 -0.1491 0.9888
vn 0.0029 -0.5912 -0.8065
vn 0.0054 -0.8115 0.5843
vn 0.0030 -0.5897 0.8076
vn -0.1199 -0.5776 -0.8075
vn -0.1632 -0.8001 0.5772
vn -0.1199 -0.5776 0.8075
vn -0.4897 -0.6534 -0.5773
vn -0.5892 -0.7761 -0.2247
vn -0.5810 -0.7823 0.2248
vn -0.4888 -0.6541 0.5773
vn -0.1419 -0.0597 -0.9881
vn -0.1420 -0.0597 0.9881
vn -0.5823 -0.0353 -0.8122
vn -0.8060 -0.0409 -0.5905
vn -0.9464 -0.0318 -0.3213
vn -0.9956 -0.0547 0.0757
vn -0.9967 -0.0438 -0.0678
vn -0.9440 -0.0393 0.3276
vn -0.8068 -0.0420 0.5893
vn -0.5823 -0.0353 0.8122
vn -0.5289 0.2871 -0.7986
vn -0.7799 0.2481 -0.5746
vn -0.7810 0.2518 0.5715
vn -0.5289 0.2872 0.7986
vn -0.6118 0.5362 -0.5815
vn -0.6154 0.5337 0.5800
vn -0.1476 0.2929 -0.9447
vn -0.2438 0.5318 -0.8110
vn -0.2440 0.5306 0.8118
vn -0.1467 0.2902 0.9457
vn -0.0458 0.1435 -0.9886
vn -0.0213 0.1534 -0.9879
vn -0.0452 0.1445 0.9885
vn -0.1566 0.9369 -0.3125
vn -0.1659 0.9835 0.0715
vn -0.1623 0.9842 -0.0713
vn -0.1618 0.9376 0.3076
vn -0.0209 0.1555 0.9876
vn -0.5901 0.7306 -0.3435
vn -0.0234 0.1526 -0.9880
vn -0.0249 0.1571 0.9873
vn -0.0448 0.1630 -0.9856
vn -0.6295 0.7721 -0.0865
vn -0.6275 0.7738 0.0865
vn -0.5891 0.7316 0.3431
vn -0.7758 0.2278 -0.5884
vn -0.0473 0.1539 0.9870
vn -0.0805 0.1478 -0.9857
vn -0.0964 0.1140 -0.9888
vn -0.0981 0.1260 0.9872
vn -0.9164 0.2652 -0.2999
vn -0.9600 0.2691 -0.0769
vn -0.9589 0.2735 0.0756
vn -0.9166 0.2655 0.2989
vn -0.5883 0.0384 -0.8077
vn -0.7963 0.0464 -0.6032
vn -0.9476 0.1005 -0.3033
vn -0.9930 0.0884 -0.0787
vn -0.9927 0.0919 0.0784
vn -0.9478 0.0992 0.3029
vn -0.8005 0.0495 0.5972
vn -0.5873 0.0407 0.8083
vn -0.9553 0.0142 -0.2952
vn -0.9963 0.0200 -0.0838
vn -0.9963 0.0218 0.0834
vn -0.9552 0.0132 0.2958
vn -0.1478 -0.0002 -0.9890
vn -0.1477 -0.0002 0.9890
vn -0.1623 -0.0065 -0.9867
vn -0.1623 -0.0065 0.9867
vn -0.1541 -0.0225 -0.9878
vn -0.1541 -0.0225 0.9878
vn -0.1517 -0.0540 -0.9870
vn -0.1519 -0.0540 0.9869
vn -0.2177 -0.9280 0.3023
vn -0.2000 -0.5663 -0.7996
vn -0.1945 -0.9770 -0.0874
vn -0.2859 -0.7608 -0.5827
vn -0.2893 -0.7624 0.5788
vn -0.2005 -0.5667 0.7991
vn -0.4542 -0.3846 -0.8036
vn -0.6075 -0.5433 -0.5794
vn -0.6048 -0.5471 0.5788
vn -0.4542 -0.3846 0.8036
vn -0.1500 -0.0703 -0.9862
vn -0.9086 -0.2771 0.3125
vn -0.1501 -0.0703 0.9862
vn -0.9508 0.0413 0.3071
vn -0.4948 0.3320 -0.8031
vn -0.7475 0.3065 -0.5894
vn -0.7482 0.3095 0.5869
vn -0.4961 0.3303 0.8030
vn -0.5237 0.6207 -0.5835
vn -0.5314 0.6213 0.5758
vn -0.0682 0.1435 -0.9873
vn -0.0678 0.1438 0.9873
vn -0.1181 0.9910 0.0628
vn -0.1153 0.9914 -0.0615
vn 0.0100 0.8048 0.5934
vn -0.0109 0.1549 0.9879
vn 0.0094 0.9457 -0.3248
vn -0.0056 0.9971 -0.0765
vn -0.0022 0.1538 -0.9881
vn 0.0251 0.5908 -0.8065
vn 0.0351 0.8108 -0.5842
vn 0.0254 0.5883 0.8082
vn -0.0025 0.1574 0.9875
vn 0.1148 0.5719 -0.8123
vn 0.1545 0.7983 -0.5821
vn 0.1601 0.8071 0.5683
vn 0.1148 0.5719 0.8123
vn 0.2570 0.5471 -0.7967
vn 0.2691 0.7517 -0.6020
vn 0.2728 0.7603 0.5895
vn 0.2570 0.5471 0.7967
vn 0.4070 0.6981 -0.5890
vn 0.4110 0.7047 0.5783
vn 0.1134 0.1625 -0.9802
vn 0.5035 0.6253 -0.5962
vn 0.5100 0.6313 0.5843
vn 0.1134 0.1625 0.9802
vn 0.6522 0.5042 -0.5661
vn 0.1002 0.1218 -0.9875
vn 0.1002 0.1218 0.9875
vn 0.6498 0.5069 0.5664
vn 0.8118 0.5384 0.2261
vn 0.2894 0.1230 -0.9493
vn 0.1518 0.0887 -0.9844
vn 0.5403 0.2307 -0.8092
vn 0.5403 0.2307 0.8092
vn 0.2894 0.1230 0.9493
vn 0.1518 0.0887 0.9844
vn 0.1395 0.0599 -0.9884
vn 0.1569 0.0483 -0.9864
vn 0.3097 0.0455 -0.9497
vn 0.1602 0.0444 -0.9861
vn 0.1395 0.0599 0.9884
vn 0.1570 0.0483 0.9864
vn 0.5813 0.0904 -0.8086
vn 0.5813 0.0904 0.8086
vn 0.3097 0.0455 0.9497
vn 0.1602 0.0444 0.9861
vn 0.1486 0.0302 -0.9884
vn 0.1486 0.0302 0.9884
vn 0.1495 0.0168 -0.9886
vn 0.1748 0.0037 -0.9846
vn 0.1495 0.0168 0.9886
vn 0.1748 0.0037 0.9846
vn 0.5900 -0.0433 -0.8062
vn 0.8034 -0.0769 -0.5904
vn 0.9958 -0.0490 0.0779
vn 0.9957 -0.0555 -0.0742
vn 0.8046 -0.0766 0.5888
vn 0.5900 -0.0434 0.8062
vn 0.7641 -0.2785 -0.5819
vn 0.7641 -0.2785 0.5819
vn 0.1567 -0.0608 -0.9858
vn 0.1567 -0.0608 0.9858
vn 0.6748 -0.4580 -0.5786
vn 0.1361 -0.0902 -0.9866
vn 0.6748 -0.4580 0.5786
vn 0.1361 -0.0901 0.9866
vn 0.5879 -0.5641 -0.5798
vn 0.5879 -0.5641 0.5798
vn 0.0825 -0.1277 -0.9884
vn 0.0825 -0.1277 0.9884
vn 0.0753 -0.1678 -0.9829
vn 0.0756 -0.1682 0.9829
vn 0.0459 -0.1376 0.9894
vn 0.1355 0.0800 -0.9876
vn 0.1356 0.0800 0.9875
vn 0.1341 0.0853 -0.9873
vn 0.7719 0.6316 -0.0725
vn 0.1341 0.0853 0.9873
vn 0.1156 0.0888 -0.9893
vn 0.7739 0.6276 0.0856
vn 0.1129 0.0902 -0.9895
vn 0.1157 0.0888 0.9893
vn 0.1129 0.0902 0.9895
vn 0.5087 0.8572 -0.0809
vn 0.1176 0.1081 -0.9872
vn 0.1176 0.1080 0.9872
vn 0.5116 0.8554 0.0810
vn 0.1096 0.1328 -0.9851
vn 0.1097 0.1330 0.9850
vn 0.1462 0.5647 -0.8122
vn 0.1462 0.5647 0.8123
vn 0.1910 0.9297 -0.3149
vn 0.2071 0.9754 -0.0759
vn 0.2090 0.9749 0.0772
vn 0.1897 0.9296 0.3162
vn 0.0479 0.1410 -0.9888
vn 0.3065 0.7568 -0.5773
vn 0.3046 0.7563 0.5789
vn 0.0480 0.1411 0.9888
vn 0.1259 0.0962 -0.9874
vn 0.8807 0.3561 -0.3124
vn 0.1259 0.0962 0.9874
vn 0.9141 0.3995 0.0697
vn 0.9178 0.3911 -0.0679
vn 0.8798 0.3588 0.3118
vn 0.1501 0.0674 -0.9864
vn 0.1500 0.0674 0.9864
vn 0.9506 0.0450 -0.3071
vn 0.9959 0.0452 -0.0783
vn 0.9956 0.0508 0.0782
vn 0.9506 0.0455 0.3069
vn 0.6131 -0.7553 0.2317
vn 0.6037 -0.7626 -0.2321
vn 0.0737 -0.1397 -0.9874
vn 0.0739 -0.1396 0.9874
vn 0.1116 -0.9915 -0.0668
vn -0.0115 -0.8076 -0.5896
vn -0.0062 -0.1565 -0.9877
vn -0.0110 -0.9505 -0.3104
vn -0.0123 -0.8080 0.5891
vn -0.4422 -0.6445 -0.6238
vn -0.0062 -0.1565 0.9877
vn -0.0006 -0.1585 -0.9874
vn -0.0006 -0.1585 0.9874
vn -0.5332 -0.7746 -0.3403
vn -0.8855 -0.4570 0.0838
vn -0.8852 -0.4575 -0.0838
vn 0.0061 -0.1551 -0.9879
vn 0.0061 -0.1551 0.9879
vn 0.9496 -0.0776 -0.3037
vn 0.6272 0.6404 -0.4433
vn 0.9943 -0.0726 -0.0784
vn 0.6960 0.7089 -0.1142
vn 0.9941 -0.0759 0.0779
vn 0.6967 0.7086 0.1118
vn 0.9500 -0.0757 0.3030
vn 0.6275 0.6413 0.4415
vn -0.1234 0.9434 -0.3077
vn -0.0058 0.1731 -0.9849
vn -0.1286 0.9887 -0.0773
vn -0.1197 0.9899 0.0755
vn -0.1280 0.9432 0.3065
vn -0.0299 0.1333 -0.9906
vn -0.0328 0.1343 -0.9904
vn -0.0059 0.1733 0.9849
vn -0.0183 0.1736 -0.9847
vn -0.0184 0.1737 0.9846
vn -0.0263 0.1539 -0.9877
vn -0.0263 0.1540 0.9877
vn -0.0299 0.1333 0.9906
vn -0.3615 0.8802 -0.3076
vn -0.3754 0.9230 -0.0844
vn -0.3656 0.9269 0.0849
vn -0.3647 0.8783 0.3091
vn -0.0329 0.1343 0.9904
vn -0.0728 0.1228 -0.9898
vn -0.0755 0.1187 -0.9901
vn -0.0515 0.1519 -0.9870
vn -0.0515 0.1519 0.9870
vn -0.0677 0.1495 -0.9864
vn -0.0677 0.1495 0.9864
vn -0.0728 0.1228 0.9898
vn -0.0755 0.1187 0.9901
vn -0.0950 0.1274 -0.9873
vn -0.0950 0.1274 0.9873
vn -0.9213 0.2262 0.3164
vn -0.8100 0.0126 -0.5863
vn -0.9479 0.0372 -0.3164
vn -0.9960 0.0360 -0.0817
vn -0.9960 0.0414 0.0792
vn -0.9491 0.0342 0.3131
vn -0.8100 0.0126 0.5863
vn -0.1291 -0.0060 -0.9916
vn -0.1282 -0.0089 -0.9917
vn -0.1291 -0.0060 0.9916
vn -0.8041 -0.1282 -0.5806
vn -0.8034 -0.1284 0.5815
vn -0.1282 -0.0089 0.9917
vn -0.7418 -0.3332 -0.5820
vn -0.1624 -0.0282 -0.9863
vn -0.1624 -0.0282 0.9863
vn -0.1704 -0.0638 -0.9833
vn -0.7416 -0.3321 0.5829
vn -0.8392 -0.5436 -0.0136
vn -0.8424 -0.5387 0.0155
vn -0.1704 -0.0638 0.9833
vn -0.1199 -0.0699 -0.9903
vn -0.1167 -0.0777 -0.9901
vn -0.1199 -0.0699 0.9903
vn -0.7310 -0.6443 -0.2248
vn -0.7275 -0.6494 0.2211
vn -0.1167 -0.0777 0.9901
vn -0.5326 -0.8153 0.2272
vn -0.5386 -0.8113 -0.2274
vn -0.2541 -0.5420 -0.8010
vn -0.3111 -0.7541 -0.5784
vn -0.3602 -0.8786 -0.3135
vn -0.3570 -0.9315 0.0702
vn -0.3497 -0.9338 -0.0753
vn -0.3110 -0.7549 0.5773
vn -0.3558 -0.8830 0.3061
vn -0.2541 -0.5420 0.8010
vn -0.0684 -0.5955 -0.8004
vn -0.1181 -0.8069 -0.5788
vn -0.1179 -0.8063 0.5796
vn -0.0684 -0.5955 0.8004
vn 0.1731 -0.9825 0.0681
vn 0.1760 -0.9820 -0.0690
vn 0.0228 -0.1562 -0.9875
vn 0.7430 -0.6627 -0.0940
vn 0.0228 -0.1562 0.9875
vn 0.0515 -0.1421 -0.9885
vn 0.7424 -0.6634 0.0935
vn 0.0513 -0.1420 0.9885
vn 0.0982 -0.1486 -0.9840
vn 0.0982 -0.1486 0.9840
vt 0.510686 0.000000
vt 0.516129 0.000000
vt 0.514113 0.000000
vt 0.518145 0.000000
vt 0.482807 0.000000
vt 0.496917 0.000000
vt 0.486851 0.000000
vt 0.520161 0.000000
vt 0.478869 0.000000
vt 0.474907 0.000000
vt 0.522177 0.000000
vt 0.469242 0.000000
vt 0.524194 0.000000
vt 0.526210 0.000000
vt 0.460259 0.000000
vt 0.528226 0.000000
vt 0.454530 0.000000
vt 0.530242 0.000000
vt 0.449498 0.000000
vt 0.444600 0.000000
vt 0.532258 0.000000
vt 0.440996 0.000000
vt 0.425819 0.000000
vt 0.416799 0.000000
vt 0.412219 0.000000
vt 0.951613 0.000000
vt 0.954743 0.000000
vt 0.949597 0.000000
vt 0.534274 0.000000
vt 0.958787 0.000000
vt 0.947581 0.000000
vt 0.408186 0.000000
vt 0.962831 0.000000
vt 0.404159 0.000000
vt 0.945565 0.000000
vt 0.966870 0.000000
vt 0.400138 0.000000
vt 0.536290 0.000000
vt 0.970891 0.000000
vt 0.943548 0.000000
vt 0.396127 0.000000
vt 0.973790 0.000000
vt 0.392306 0.000000
vt 0.975806 0.000000
vt 0.538306 0.000000
vt 0.941532 0.000000
vt 0.386129 0.000000
vt 0.978613 0.000000
vt 0.982682 0.000000
vt 0.540323 0.000000
vt 0.939516 0.000000
vt 0.378085 0.000000
vt 0.542339 0.000000
vt 0.986744 0.000000
vt 0.937500 0.000000
vt 0.370197 0.000000
vt 0.544355 0.000000
vt 0.990798 0.000000
vt 0.546371 0.000000
vt 0.362849 0.000000
vt 0.935484 0.000000
vt 0.548387 0.000000
vt 0.996606 0.000000
vt 0.933468 0.000000
vt 0.351638 0.000000
vt 0.550403 0.000000
vt 0.552419 0.000000
vt 0.931452 0.000000
vt 0.554435 0.000000
vt 0.556452 0.000000
vt 0.929435 0.000000
vt 0.558468 0.000000
vt 0.560484 0.000000
vt 0.927419 0.000000
vt 0.563538 0.000000
vt 0.337024 0.000000
vt 0.854839 0.000000
vt 0.924348 0.000000
vt 0.567559 0.000000
vt 0.920321 0.000000
vt 0.571579 0.000000
vt 0.916296 0.000000
vt 0.575598 0.000000
vt 0.912275 0.000000
vt 0.579617 0.000000
vt 0.908256 0.000000
vt 0.583639 0.000000
vt 0.904082 0.000000
vt 0.587568 0.000000
vt 0.901210 0.000000
vt 0.591714 0.000000
vt 0.899194 0.000000
vt 0.897177 0.000000
vt 0.595739 0.000000
vt 0.895161 0.000000
vt 0.893145 0.000000
vt 0.599766 0.000000
vt 0.891129 0.000000
vt 0.889113 0.000000
vt 0.887097 0.000000
vt 0.603794 0.000000
vt 0.885081 0.000000
vt 0.859789 0.000000
vt 0.883065 0.000000
vt 0.024185 0.000000
vt 0.868821 0.000000
vt 0.881048 0.000000
vt 0.878092 0.000000
vt 0.607823 0.000000
vt 0.610887 0.000000
vt 0.828627 0.000000
vt 0.616002 0.000000
vt 0.029879 0.000000
vt 0.011267 0.000000
vt 0.836872 0.000000
vt 0.441106 0.000000
vt 0.624071 0.000000
vt 0.799100 0.000000
vt 0.631099 0.000000
vt 0.040515 0.000000
vt 0.331512 0.000000
vt 0.638769 0.000000
vt 0.327448 0.000000
vt 0.049241 0.000000
vt 0.644265 0.000000
vt 0.323371 0.000000
vt 0.055567 0.000000
vt 0.648314 0.000000
vt 0.063619 0.000000
vt 0.319270 0.000000
vt 0.072032 0.000000
vt 0.652369 0.000000
vt 0.313173 0.000000
vt 0.791281 0.000000
vt 0.077632 0.000000
vt 0.656425 0.000000
vt 0.082638 0.000000
vt 0.307461 0.000000
vt 0.659997 0.000000
vt 0.303445 0.000000
vt 0.087670 0.000000
vt 0.664192 0.000000
vt 0.297509 0.000000
vt 0.091690 0.000000
vt 0.668235 0.000000
vt 0.095715 0.000000
vt 0.289989 0.000000
vt 0.672279 0.000000
vt 0.100446 0.000000
vt 0.281809 0.000000
vt 0.678111 0.000000
vt 0.109263 0.000000
vt 0.273584 0.000000
vt 0.124397 0.000000
vt 0.785270 0.000000
vt 0.686977 0.000000
vt 0.264506 0.000000
vt 0.128044 0.000000
vt 0.693433 0.000000
vt 0.259079 0.000000
vt 0.131998 0.000000
vt 0.255112 0.000000
vt 0.135980 0.000000
vt 0.698475 0.000000
vt 0.251117 0.000000
vt 0.141683 0.000000
vt 0.704190 0.000000
vt 0.247093 0.000000
vt 0.780239 0.000000
vt 0.240474 0.000000
vt 0.150710 0.000000
vt 0.710820 0.000000
vt 0.771664 0.000000
vt 0.716031 0.000000
vt 0.234780 0.000000
vt 0.156350 0.000000
vt 0.754592 0.000000
vt 0.721957 0.000000
vt 0.230812 0.000000
vt 0.202909 0.000000
vt 0.192851 0.000000
vt 0.160317 0.000000
vt 0.184752 0.000000
vt 0.745535 0.000000
vt 0.176641 0.000000
vt 0.730599 0.000000
vt 0.214514 0.000000
vt 0.225944 0.000000
vt 0.165184 0.000000
vt 0.726783 0.000000
vt 0.170178 0.000000
vt 0.220931 0.000000
vt 0.451187 0.000000
vt 0.460815 0.000000
vt 0.453826 0.000000
vt 0.468382 0.000000
vt 0.473595 0.000000
vt 0.480388 0.000000
vt 0.495692 0.000000
vt 0.444806 0.000000
vt 0.434230 0.000000
vt 0.931369 0.000000
vt 0.934037 0.000000
vt 0.516856 0.000000
vt 0.424185 0.000000
vt 0.908655 0.000000
vt 0.414433 0.000000
vt 0.936665 0.000000
vt 0.523683 0.000000
vt 1.000006 0.000000
vt 0.065954 0.000000
vt 0.988703 0.000000
vt 0.950672 0.000000
vt 0.975819 0.000000
vt 0.002639 0.000000
vt 0.961340 0.000000
vt 0.048338 0.000000
vt 0.036542 0.000000
vt 0.022910 0.000000
vt 0.009433 0.000000
vt 0.073021 0.000000
vt 0.565557 0.000000
vt 0.410178 0.000000
vt 0.080551 0.000000
vt 0.529163 0.000000
vt 0.887375 0.000000
vt 0.085831 0.000000
vt 0.404886 0.000000
vt 0.091111 0.000000
vt 0.534462 0.000000
vt 0.399595 0.000000
vt 0.097590 0.000000
vt 0.879786 0.000000
vt 0.539768 0.000000
vt 0.106926 0.000000
vt 0.874483 0.000000
vt 0.394303 0.000000
vt 0.867683 0.000000
vt 0.117454 0.000000
vt 0.545083 0.000000
vt 0.389010 0.000000
vt 0.125335 0.000000
vt 0.856131 0.000000
vt 0.131613 0.000000
vt 0.385224 0.000000
vt 0.549611 0.000000
vt 0.845596 0.000000
vt 0.134565 0.000000
vt 0.381213 0.000000
vt 0.834846 0.000000
vt 0.137203 0.000000
vt 0.558298 0.000000
vt 0.139842 0.000000
vt 0.375939 0.000000
vt 0.831135 0.000000
vt 0.143615 0.000000
vt 0.828496 0.000000
vt 0.568827 0.000000
vt 0.824737 0.000000
vt 0.370669 0.000000
vt 0.148899 0.000000
vt 0.819457 0.000000
vt 0.365400 0.000000
vt 0.576566 0.000000
vt 0.154192 0.000000
vt 0.582614 0.000000
vt 0.814161 0.000000
vt 0.360134 0.000000
vt 0.591689 0.000000
vt 0.159486 0.000000
vt 0.602412 0.000000
vt 0.808864 0.000000
vt 0.354123 0.000000
vt 0.168900 0.000000
vt 0.619019 0.000000
vt 0.799744 0.000000
vt 0.349456 0.000000
vt 0.624134 0.000000
vt 0.344237 0.000000
vt 0.176649 0.000000
vt 0.791771 0.000000
vt 0.629327 0.000000
vt 0.339063 0.000000
vt 0.333882 0.000000
vt 0.183219 0.000000
vt 0.785138 0.000000
vt 0.634499 0.000000
vt 0.328650 0.000000
vt 0.190776 0.000000
vt 0.777673 0.000000
vt 0.639704 0.000000
vt 0.323360 0.000000
vt 0.644978 0.000000
vt 0.317776 0.000000
vt 0.199376 0.000000
vt 0.765823 0.000000
vt 0.650553 0.000000
vt 0.204629 0.000000
vt 0.655790 0.000000
vt 0.312521 0.000000
vt 0.211184 0.000000
vt 0.660977 0.000000
vt 0.305966 0.000000
vt 0.756928 0.000000
vt 0.666150 0.000000
vt 0.251576 0.000000
vt 0.217597 0.000000
vt 0.709784 0.000000
vt 0.298363 0.000000
vt 0.269287 0.000000
vt 0.751979 0.000000
vt 0.695567 0.000000
vt 0.723944 0.000000
vt 0.240907 0.000000
vt 0.671362 0.000000
vt 0.748064 0.000000
vt 0.676352 0.000000
vt 0.284227 0.000000
vt 0.743276 0.000000
vt 0.223049 0.000000
vt 0.291644 0.000000
vt 0.343322 0.000000
vt 0.351400 0.000000
vt 0.347748 0.000000
vt 0.299963 0.000000
vt 0.312415 0.000000
vt 0.303494 0.000000
vt 0.296448 0.000000
vt 0.336110 0.000000
vt 0.292901 0.000000
vt 0.321536 0.000000
vt 0.328910 0.000000
vt 0.287837 0.000000
vt 0.279775 0.000000
vt 0.274689 0.000000
vt 0.271129 0.000000
vt 0.266741 0.000000
vt 0.262613 0.000000
vt 0.249049 0.000000
vt 0.496321 0.000000
vt 0.241671 0.000000
vt 0.500118 0.000000
vt 0.236879 0.000000
vt 0.233279 0.000000
vt 0.503703 0.000000
vt 0.229683 0.000000
vt 0.492712 0.000000
vt 0.507315 0.000000
vt 0.226093 0.000000
vt 0.490090 0.000000
vt 0.510922 0.000000
vt 0.488288 0.000000
vt 0.222507 0.000000
vt 0.514516 0.000000
vt 0.486486 0.000000
vt 0.357742 0.000000
vt 0.219028 0.000000
vt 0.484685 0.000000
vt 0.517117 0.000000
vt 0.213537 0.000000
vt 0.482883 0.000000
vt 0.518919 0.000000
vt 0.481081 0.000000
vt 0.520721 0.000000
vt 0.523246 0.000000
vt 0.479279 0.000000
vt 0.206347 0.000000
vt 0.476120 0.000000
vt 0.526876 0.000000
vt 0.199458 0.000000
vt 0.530503 0.000000
vt 0.473002 0.000000
vt 0.192620 0.000000
vt 0.534125 0.000000
vt 0.469404 0.000000
vt 0.364956 0.000000
vt 0.539328 0.000000
vt 0.185141 0.000000
vt 0.465804 0.000000
vt 0.462203 0.000000
vt 0.178055 0.000000
vt 0.458600 0.000000
vt 0.369364 0.000000
vt 0.452461 0.000000
vt 0.392079 0.000000
vt 0.395513 0.000000
vt 0.400655 0.000000
vt 0.446053 0.000000
vt 0.407725 0.000000
vt 0.439022 0.000000
vt 0.423993 0.000000
vt 0.171594 0.000000
vt 0.545947 0.000000
vt 0.629425 0.000000
vt 0.638843 0.000000
vt 0.635250 0.000000
vt 0.624231 0.000000
vt 0.642407 0.000000
vt 0.619719 0.000000
vt 0.645938 0.000000
vt 0.614247 0.000000
vt 0.649475 0.000000
vt 0.652873 0.000000
vt 0.608057 0.000000
vt 0.604457 0.000000
vt 0.600859 0.000000
vt 0.597263 0.000000
vt 0.666042 0.000000
vt 0.593671 0.000000
vt 0.590022 0.000000
vt 0.587387 0.000000
vt 0.584820 0.000000
vt 0.581205 0.000000
vt 0.675414 0.000000
vt 0.577587 0.000000
vt 0.573971 0.000000
vt 0.570357 0.000000
vt 0.555746 0.000000
vt 0.805400 0.000000
vt 0.566982 0.000000
vt 0.784840 0.000000
vt 0.781014 0.000000
vt 0.808585 0.000000
vt 0.777406 0.000000
vt 0.773798 0.000000
vt 0.770191 0.000000
vt 0.685419 0.000000
vt 0.766587 0.000000
vt 0.763964 0.000000
vt 0.761674 0.000000
vt 0.757712 0.000000
vt 0.754117 0.000000
vt 0.698469 0.000000
vt 0.750516 0.000000
vt 0.746912 0.000000
vt 0.743307 0.000000
vt 0.739542 0.000000
vt 0.701891 0.000000
vt 0.735058 0.000000
vt 0.705443 0.000000
vt 0.730644 0.000000
vt 0.708973 0.000000
vt 0.727078 0.000000
vt 0.712523 0.000000
vt 0.721862 0.000000
vt 0.716106 0.000000
vt 0.930744 0.000000
vt 0.952759 0.000000
vt 0.937197 0.000000
vt 0.963457 0.000000
vt 0.923708 0.000000
vt 0.970669 0.000000
vt 0.917446 0.000000
vt 0.975732 0.000000
vt 0.912566 0.000000
vt 0.981209 0.000000
vt 0.116755 0.000000
vt 0.002714 0.000000
vt 0.811816 0.000000
vt 0.168363 0.000000
vt 0.908959 0.000000
vt 0.006317 0.000000
vt 0.905353 0.000000
vt 0.815438 0.000000
vt 0.164741 0.000000
vt 0.901748 0.000000
vt 0.009920 0.000000
vt 0.819065 0.000000
vt 0.161112 0.000000
vt 0.898143 0.000000
vt 0.822702 0.000000
vt 0.894401 0.000000
vt 0.157473 0.000000
vt 0.014436 0.000000
vt 0.891892 0.000000
vt 0.826348 0.000000
vt 0.890090 0.000000
vt 0.153818 0.000000
vt 0.888288 0.000000
vt 0.829822 0.000000
vt 0.886486 0.000000
vt 0.833319 0.000000
vt 0.148548 0.000000
vt 0.884685 0.000000
vt 0.836906 0.000000
vt 0.882883 0.000000
vt 0.840498 0.000000
vt 0.881081 0.000000
vt 0.844093 0.000000
vt 0.141413 0.000000
vt 0.879279 0.000000
vt 0.018927 0.000000
vt 0.847693 0.000000
vt 0.877477 0.000000
vt 0.850839 0.000000
vt 0.134285 0.000000
vt 0.875676 0.000000
vt 0.856426 0.000000
vt 0.873874 0.000000
vt 0.863699 0.000000
vt 0.871029 0.000000
vt 0.128176 0.000000
vt 0.120306 0.000000
vt 0.112963 0.000000
vt 0.106721 0.000000
vt 0.102629 0.000000
vt 0.098240 0.000000
vt 0.093139 0.000000
vt 0.086511 0.000000
vt 0.026129 0.000000
vt 0.021622 0.000000
vt 0.081864 0.000000
vt 0.033337 0.000000
vt 0.078275 0.000000
vt 0.040524 0.000000
vt 0.074720 0.000000
vt 0.047765 0.000000
vt 0.056794 0.000000
vt 0.070357 0.000000
vt 0.065892 0.000000
vt 0.432389 0.000000
vt 0.480131 0.000000
vt 0.437955 0.000000
vt 0.427311 0.000000
vt 0.532319 0.000000
vt 0.574065 0.000000
vt 0.566079 0.000000
vt 0.519638 0.000000
vt 0.422210 0.000000
vt 0.580412 0.000000
vt 0.500572 0.000000
vt 0.417052 0.000000
vt 0.585557 0.000000
vt 0.411858 0.000000
vt 0.590742 0.000000
vt 0.403329 0.000000
vt 0.599193 0.000000
vt 0.606600 0.000000
vt 0.396000 0.000000
vt 0.611733 0.000000
vt 0.390879 0.000000
vt 0.618071 0.000000
vt 0.384575 0.000000
vt 0.624440 0.000000
vt 0.378743 0.000000
vt 0.359032 0.000000
vt 0.643674 0.000000
vt 0.348390 0.000000
vt 0.654246 0.000000
vt 0.341475 0.000000
vt 0.663818 0.000000
vt 0.336285 0.000000
vt 0.331102 0.000000
vt 0.671457 0.000000
vt 0.325926 0.000000
vt 0.676631 0.000000
vt 0.320756 0.000000
vt 0.683080 0.000000
vt 0.315742 0.000000
vt 0.688312 0.000000
vt 0.307826 0.000000
vt 0.691829 0.000000
vt 0.697117 0.000000
vt 0.297462 0.000000
vt 0.287528 0.000000
vt 0.702373 0.000000
vt 0.277670 0.000000
vt 0.707609 0.000000
vt 0.266891 0.000000
vt 0.714710 0.000000
vt 0.256677 0.000000
vt 0.247361 0.000000
vt 0.724065 0.000000
vt 0.902797 0.000000
vt 0.938167 0.000000
vt 0.915395 0.000000
vt 0.892630 0.000000
vt 0.947266 0.000000
vt 0.882604 0.000000
vt 0.957548 0.000000
vt 0.873950 0.000000
vt 0.964957 0.000000
vt 0.972931 0.000000
vt 0.754937 0.000000
vt 0.728723 0.000000
vt 0.242701 0.000000
vt 0.006474 0.000000
vt 0.868750 0.000000
vt 0.863551 0.000000
vt 0.733943 0.000000
vt 0.237479 0.000000
vt 0.011669 0.000000
vt 0.858351 0.000000
vt 0.739173 0.000000
vt 0.853153 0.000000
vt 0.232246 0.000000
vt 0.016864 0.000000
vt 0.847433 0.000000
vt 0.744418 0.000000
vt 0.226994 0.000000
vt 0.844156 0.000000
vt 0.749679 0.000000
vt 0.841558 0.000000
vt 0.022059 0.000000
vt 0.838961 0.000000
vt 0.221717 0.000000
vt 0.754035 0.000000
vt 0.836364 0.000000
vt 0.759721 0.000000
vt 0.833766 0.000000
vt 0.215612 0.000000
vt 0.764895 0.000000
vt 0.831169 0.000000
vt 0.770073 0.000000
vt 0.207772 0.000000
vt 0.828571 0.000000
vt 0.027253 0.000000
vt 0.775257 0.000000
vt 0.825974 0.000000
vt 0.780446 0.000000
vt 0.201310 0.000000
vt 0.823377 0.000000
vt 0.785046 0.000000
vt 0.193624 0.000000
vt 0.820779 0.000000
vt 0.793029 0.000000
vt 0.818182 0.000000
vt 0.803514 0.000000
vt 0.814231 0.000000
vt 0.184169 0.000000
vt 0.173441 0.000000
vt 0.162849 0.000000
vt 0.153879 0.000000
vt 0.147946 0.000000
vt 0.141619 0.000000
vt 0.136487 0.000000
vt 0.129105 0.000000
vt 0.031169 0.000000
vt 0.037674 0.000000
vt 0.122078 0.000000
vt 0.118013 0.000000
vt 0.048063 0.000000
vt 0.112838 0.000000
vt 0.058428 0.000000
vt 0.107714 0.000000
vt 0.068850 0.000000
vt 0.081858 0.000000
vt 0.101424 0.000000
vt 0.094987 0.000000
vt 0.916376 0.000000
vt 0.928555 0.000000
vt 0.920951 0.000000
vt 0.912892 0.000000
vt 0.935522 0.000000
vt 0.909408 0.000000
vt 0.942489 0.000000
vt 0.949455 0.000000
vt 0.905923 0.000000
vt 0.956423 0.000000
vt 0.902439 0.000000
vt 0.968631 0.000000
vt 0.898955 0.000000
vt 0.981341 0.000000
vt 0.895470 0.000000
vt 0.995388 0.000000
vt 0.022612 0.000000
vt 0.045296 0.000000
vt 0.041798 0.000000
vt 0.005949 0.000000
vt 0.334495 0.000000
vt 0.891986 0.000000
vt 0.337979 0.000000
vt 0.329229 0.000000
vt 0.341463 0.000000
vt 0.322278 0.000000
vt 0.344948 0.000000
vt 0.317073 0.000000
vt 0.057054 0.000000
vt 0.348432 0.000000
vt 0.888502 0.000000
vt 0.311853 0.000000
vt 0.351916 0.000000
vt 0.304903 0.000000
vt 0.355401 0.000000
vt 0.885017 0.000000
vt 0.297951 0.000000
vt 0.358885 0.000000
vt 0.881533 0.000000
vt 0.362369 0.000000
vt 0.291447 0.000000
vt 0.878049 0.000000
vt 0.365854 0.000000
vt 0.284081 0.000000
vt 0.369338 0.000000
vt 0.874564 0.000000
vt 0.277110 0.000000
vt 0.372822 0.000000
vt 0.871080 0.000000
vt 0.270139 0.000000
vt 0.074725 0.000000
vt 0.376307 0.000000
vt 0.867596 0.000000
vt 0.379791 0.000000
vt 0.263166 0.000000
vt 0.864111 0.000000
vt 0.383275 0.000000
vt 0.256193 0.000000
vt 0.386760 0.000000
vt 0.860627 0.000000
vt 0.113241 0.000000
vt 0.390244 0.000000
vt 0.244126 0.000000
vt 0.857143 0.000000
vt 0.137769 0.000000
vt 0.393728 0.000000
vt 0.151162 0.000000
vt 0.231152 0.000000
vt 0.166439 0.000000
vt 0.217594 0.000000
vt 0.201155 0.000000
vt 0.853659 0.000000
vt 0.397213 0.000000
vt 0.850174 0.000000
vt 0.400697 0.000000
vt 0.404181 0.000000
vt 0.846690 0.000000
vt 0.407665 0.000000
vt 0.843206 0.000000
vt 0.411150 0.000000
vt 0.839721 0.000000
vt 0.414634 0.000000
vt 0.836237 0.000000
vt 0.418118 0.000000
vt 0.421603 0.000000
vt 0.832753 0.000000
vt 0.425087 0.000000
vt 0.829268 0.000000
vt 0.428571 0.000000
vt 0.825784 0.000000
vt 0.432056 0.000000
vt 0.822300 0.000000
vt 0.435540 0.000000
vt 0.818815 0.000000
vt 0.439024 0.000000
vt 0.815331 0.000000
vt 0.442509 0.000000
vt 0.811847 0.000000
vt 0.445993 0.000000
vt 0.808362 0.000000
vt 0.449477 0.000000
vt 0.569678 0.000000
vt 0.593404 0.000000
vt 0.579774 0.000000
vt 0.613001 0.000000
vt 0.559486 0.000000
vt 0.547832 0.000000
vt 0.636436 0.000000
vt 0.540070 0.000000
vt 0.646456 0.000000
vt 0.804878 0.000000
vt 0.655141 0.000000
vt 0.663716 0.000000
vt 0.452962 0.000000
vt 0.676535 0.000000
vt 0.701285 0.000000
vt 0.714286 0.000000
vt 0.536585 0.000000
vt 0.801394 0.000000
vt 0.456446 0.000000
vt 0.459930 0.000000
vt 0.797909 0.000000
vt 0.533101 0.000000
vt 0.717770 0.000000
vt 0.463415 0.000000
vt 0.794425 0.000000
vt 0.529617 0.000000
vt 0.466899 0.000000
vt 0.721254 0.000000
vt 0.526132 0.000000
vt 0.790941 0.000000
vt 0.470383 0.000000
vt 0.522648 0.000000
vt 0.473868 0.000000
vt 0.724739 0.000000
vt 0.787456 0.000000
vt 0.477352 0.000000
vt 0.519164 0.000000
vt 0.480836 0.000000
vt 0.783972 0.000000
vt 0.515679 0.000000
vt 0.728223 0.000000
vt 0.484321 0.000000
vt 0.512195 0.000000
vt 0.487805 0.000000
vt 0.491289 0.000000
vt 0.508711 0.000000
vt 0.780488 0.000000
vt 0.494774 0.000000
vt 0.505226 0.000000
vt 0.731707 0.000000
vt 0.498258 0.000000
vt 0.501742 0.000000
vt 0.777003 0.000000
vt 0.735192 0.000000
vt 0.773519 0.000000
vt 0.738676 0.000000
vt 0.770035 0.000000
vt 0.766551 0.000000
vt 0.742160 0.000000
vt 0.763066 0.000000
vt 0.745645 0.000000
vt 0.759582 0.000000
vt 0.749129 0.000000
vt 0.756098 0.000000
vt 0.752613 0.000000
vt 0.828626 0.000000
vt 0.392051 0.000000
vt 0.113198 0.000000
vt 0.018959 0.454545
vt 0.022303 0.363636
vt 0.000927 0.363636
vt 0.024004 0.272727
vt 0.002314 0.272727
vt 0.024004 0.727273
vt 0.004105 0.636364
vt 0.002314 0.727273
vt 0.025902 0.636364
vt 0.012804 0.090909
vt 0.022533 0.000000
vt 0.005928 0.000000
vt 0.027659 0.545455
vt 0.004283 0.545455
vt 0.022533 1.000000
vt 0.012804 0.909091
vt 0.005928 1.000000
vt 0.041657 0.000000
vt 0.041657 1.000000
vt 0.041666 0.380554
vt 0.041666 0.621513
vt 0.041679 0.090909
vt 0.056855 0.000000
vt 0.056855 1.000000
vt 0.041679 0.909091
vt 0.055204 0.454545
vt 0.058666 0.363636
vt 0.058666 0.636364
vt 0.054689 0.545455
vt 0.128895 0.090909
vt 0.112803 0.000000
vt 0.074465 0.000000
vt 0.112803 1.000000
vt 0.128894 0.909091
vt 0.074465 1.000000
vt 0.137291 0.000000
vt 0.099238 0.454545
vt 0.133816 0.387879
vt 0.094432 0.363636
vt 0.133734 0.612798
vt 0.098214 0.545455
vt 0.097120 0.636364
vt 0.137291 1.000000
vt 0.165436 0.090909
vt 0.150638 0.000000
vt 0.150638 1.000000
vt 0.165436 0.909091
vt 0.200456 0.000000
vt 0.165861 0.000000
vt 0.200456 1.000000
vt 0.165861 1.000000
vt 0.210015 0.454545
vt 0.212184 0.363636
vt 0.171900 0.363636
vt 0.211866 0.545455
vt 0.171961 0.545455
vt 0.212293 0.090909
vt 0.216838 0.000000
vt 0.216838 1.000000
vt 0.212293 0.909091
vt 0.222031 0.454545
vt 0.233848 0.090909
vt 0.226533 0.545455
vt 0.233848 0.909091
vt 0.237698 0.454545
vt 0.227056 0.363636
vt 0.241586 0.272727
vt 0.233786 0.181818
vt 0.227117 0.272727
vt 0.241219 0.545455
vt 0.233786 0.818182
vt 0.241586 0.727273
vt 0.227117 0.727273
vt 0.273162 0.181818
vt 0.267417 0.090909
vt 0.259242 0.181818
vt 0.267417 0.909091
vt 0.273162 0.818182
vt 0.259242 0.818182
vt 0.289490 0.090909
vt 0.296917 0.000000
vt 0.290435 0.000000
vt 0.296917 1.000000
vt 0.289490 0.909091
vt 0.290435 1.000000
vt 0.305664 0.090909
vt 0.305664 0.909091
vt 0.312121 0.385245
vt 0.305672 0.272727
vt 0.300473 0.363636
vt 0.300744 0.454545
vt 0.305672 0.727273
vt 0.312883 0.614751
vt 0.300473 0.636364
vt 0.301958 0.545455
vt 0.320985 0.272727
vt 0.320985 0.727273
vt 0.320715 0.090909
vt 0.321159 0.000000
vt 0.315972 0.000000
vt 0.319841 0.454545
vt 0.324538 0.363636
vt 0.324266 0.545455
vt 0.321159 1.000000
vt 0.320715 0.909091
vt 0.315972 1.000000
vt 0.328086 0.000000
vt 0.328086 1.000000
vt 0.335590 0.272727
vt 0.335590 0.727273
vt 0.324538 0.636364
vt 0.335357 0.363636
vt 0.335273 0.614015
vt 0.332218 0.454545
vt 0.343874 0.363636
vt 0.343874 0.636364
vt 0.349094 0.454545
vt 0.342064 0.454545
vt 0.348835 0.545455
vt 0.341751 0.545455
vt 0.355791 0.090909
vt 0.354167 0.000000
vt 0.350694 0.000000
vt 0.354167 1.000000
vt 0.355791 0.909091
vt 0.350694 1.000000
vt 0.357639 0.000000
vt 0.357639 1.000000
vt 0.361111 0.000000
vt 0.356178 0.454545
vt 0.362831 0.386286
vt 0.354113 0.363636
vt 0.362753 0.612885
vt 0.355865 0.545455
vt 0.354113 0.636364
vt 0.361111 1.000000
vt 0.362708 0.272727
vt 0.366109 0.181818
vt 0.355786 0.181818
vt 0.366109 0.818182
vt 0.362708 0.727273
vt 0.355786 0.818182
vt 0.365997 0.090909
vt 0.368056 0.000000
vt 0.364583 0.000000
vt 0.368056 1.000000
vt 0.365997 0.909091
vt 0.364583 1.000000
vt 0.369628 0.272727
vt 0.376272 0.181818
vt 0.376272 0.818182
vt 0.369628 0.727273
vt 0.376094 0.090909
vt 0.375000 0.000000
vt 0.371528 0.000000
vt 0.375000 1.000000
vt 0.376094 0.909091
vt 0.371528 1.000000
vt 0.378472 0.000000
vt 0.378472 1.000000
vt 0.381944 0.000000
vt 0.381944 1.000000
vt 0.379926 0.272727
vt 0.390267 0.181818
vt 0.390267 0.818182
vt 0.379926 0.727273
vt 0.390088 0.090909
vt 0.388889 0.000000
vt 0.385417 0.000000
vt 0.388889 1.000000
vt 0.390088 0.909091
vt 0.385417 1.000000
vt 0.392361 0.000000
vt 0.392361 1.000000
vt 0.395833 0.000000
vt 0.395833 1.000000
vt 0.393807 0.272727
vt 0.404077 0.181818
vt 0.404077 0.818182
vt 0.393807 0.727273
vt 0.403900 0.090909
vt 0.402778 0.000000
vt 0.399306 0.000000
vt 0.402778 1.000000
vt 0.403900 0.909091
vt 0.399306 1.000000
vt 0.406250 0.000000
vt 0.406250 1.000000
vt 0.409722 0.000000
vt 0.409722 1.000000
vt 0.407738 0.272727
vt 0.418873 0.181818
vt 0.418873 0.818182
vt 0.407738 0.727273
vt 0.422350 0.272727
vt 0.422350 0.727273
vt 0.425441 0.387185
vt 0.418625 0.387142
vt 0.425366 0.614629
vt 0.418553 0.615271
vt 0.432416 0.272727
vt 0.432692 0.181818
vt 0.432692 0.818182
vt 0.432416 0.727273
vt 0.439342 0.272727
vt 0.439342 0.727273
vt 0.447932 0.272727
vt 0.446225 0.181818
vt 0.446225 0.818182
vt 0.447932 0.727273
vt 0.452808 0.545455
vt 0.448121 0.454545
vt 0.445886 0.545455
vt 0.447933 0.636364
vt 0.456655 0.385981
vt 0.447933 0.363636
vt 0.456572 0.636364
vt 0.461328 0.545455
vt 0.458279 0.090909
vt 0.461806 0.000000
vt 0.458333 0.000000
vt 0.463609 0.636364
vt 0.461806 1.000000
vt 0.458279 0.909091
vt 0.458333 1.000000
vt 0.470560 0.387159
vt 0.467234 0.272727
vt 0.463661 0.389380
vt 0.470483 0.613791
vt 0.467234 0.727273
vt 0.479202 0.272727
vt 0.470869 0.181818
vt 0.470869 0.818182
vt 0.479202 0.727273
vt 0.485893 0.545455
vt 0.479391 0.454545
vt 0.477146 0.545455
vt 0.479203 0.636364
vt 0.482641 0.090909
vt 0.486111 0.000000
vt 0.482639 0.000000
vt 0.487879 0.386336
vt 0.479203 0.363636
vt 0.487795 0.636364
vt 0.486111 1.000000
vt 0.482641 0.909091
vt 0.482639 1.000000
vt 0.491195 0.272727
vt 0.494708 0.181818
vt 0.482641 0.181818
vt 0.494708 0.818182
vt 0.491195 0.727273
vt 0.482641 0.818182
vt 0.494708 0.090909
vt 0.493056 0.000000
vt 0.489583 0.000000
vt 0.494694 0.610491
vt 0.493056 1.000000
vt 0.494708 0.909091
vt 0.489583 1.000000
vt 0.496528 0.000000
vt 0.496528 1.000000
vt 0.501948 0.272727
vt 0.501948 0.727273
vt 0.508815 0.272727
vt 0.505417 0.181818
vt 0.505417 0.818182
vt 0.508815 0.727273
vt 0.515720 0.272727
vt 0.514143 0.181818
vt 0.514143 0.818182
vt 0.515720 0.727273
vt 0.524238 0.090909
vt 0.524306 0.000000
vt 0.520833 0.000000
vt 0.524306 1.000000
vt 0.524238 0.909091
vt 0.520833 1.000000
vt 0.527778 0.000000
vt 0.527778 1.000000
vt 0.529381 0.272727
vt 0.534533 0.181818
vt 0.524237 0.181818
vt 0.534533 0.818182
vt 0.529381 0.727273
vt 0.524237 0.818182
vt 0.534532 0.090909
vt 0.534722 0.000000
vt 0.531250 0.000000
vt 0.529762 0.454545
vt 0.536422 0.390382
vt 0.529420 0.363636
vt 0.536315 0.609619
vt 0.529448 0.545455
vt 0.529420 0.636364
vt 0.534722 1.000000
vt 0.534532 0.909091
vt 0.531250 1.000000
vt 0.538194 0.000000
vt 0.538194 1.000000
vt 0.555735 0.090909
vt 0.557543 0.000000
vt 0.545930 0.000000
vt 0.557543 1.000000
vt 0.555735 0.909091
vt 0.545930 1.000000
vt 0.551903 0.454545
vt 0.560907 0.363636
vt 0.547670 0.363636
vt 0.560623 0.545455
vt 0.547598 0.545455
vt 0.567700 0.000000
vt 0.567700 1.000000
vt 0.587785 0.090909
vt 0.572744 0.612204
vt 0.566229 0.454545
vt 0.560907 0.636364
vt 0.587785 0.909091
vt 0.577818 0.454545
vt 0.572871 0.363636
vt 0.587384 0.272727
vt 0.581587 0.181818
vt 0.572926 0.272727
vt 0.586758 0.545455
vt 0.581587 0.818182
vt 0.587384 0.727273
vt 0.572926 0.727273
vt 0.597077 0.454545
vt 0.587326 0.363636
vt 0.617379 0.181818
vt 0.604911 0.545455
vt 0.617379 0.818182
vt 0.626518 0.454545
vt 0.617436 0.363636
vt 0.617436 0.636364
vt 0.630407 0.545455
vt 0.638127 0.090909
vt 0.610872 0.000000
vt 0.610872 1.000000
vt 0.638127 0.909091
vt 0.634226 0.000000
vt 0.634226 1.000000
vt 0.640983 0.636364
vt 0.644211 0.000000
vt 0.646026 0.545455
vt 0.641507 0.454545
vt 0.644211 1.000000
vt 0.652866 0.000000
vt 0.652554 0.382578
vt 0.640983 0.363636
vt 0.656261 0.636364
vt 0.652866 1.000000
vt 0.656263 0.181818
vt 0.674281 0.090909
vt 0.657677 0.545455
vt 0.674281 0.909091
vt 0.656263 0.818182
vt 0.660928 0.394297
vt 0.656262 0.272727
vt 0.685854 0.181818
vt 0.685854 0.818182
vt 0.693583 0.545455
vt 0.677574 0.454545
vt 0.670574 0.545455
vt 0.677629 0.636364
vt 0.703269 0.272727
vt 0.677697 0.272727
vt 0.703269 0.727273
vt 0.677697 0.727273
vt 0.711806 0.385215
vt 0.703175 0.363636
vt 0.703132 0.454545
vt 0.703175 0.636364
vt 0.711806 0.614785
vt 0.717323 0.090909
vt 0.715278 0.000000
vt 0.711806 0.000000
vt 0.715278 1.000000
vt 0.717323 0.909091
vt 0.711806 1.000000
vt 0.718750 0.000000
vt 0.718750 1.000000
vt 0.722222 0.000000
vt 0.722222 1.000000
vt 0.727219 0.090909
vt 0.729167 0.000000
vt 0.725694 0.000000
vt 0.729167 1.000000
vt 0.727219 0.909091
vt 0.725694 1.000000
vt 0.736111 0.386984
vt 0.734357 0.272727
vt 0.732639 0.390514
vt 0.734357 0.727273
vt 0.736111 0.612496
vt 0.732639 0.609486
vt 0.743056 0.386983
vt 0.741326 0.272727
vt 0.739583 0.386983
vt 0.741326 0.727273
vt 0.743056 0.612496
vt 0.739583 0.612496
vt 0.748120 0.181818
vt 0.744734 0.090909
vt 0.741384 0.181818
vt 0.744734 0.909091
vt 0.748120 0.818182
vt 0.741384 0.818182
vt 0.748062 0.727273
vt 0.750000 0.612497
vt 0.746528 0.612496
vt 0.755152 0.545455
vt 0.751699 0.454545
vt 0.758904 0.090909
vt 0.756944 0.000000
vt 0.753472 0.000000
vt 0.756944 1.000000
vt 0.758904 0.909091
vt 0.753472 1.000000
vt 0.760417 0.000000
vt 0.759052 0.454545
vt 0.762178 0.363636
vt 0.755283 0.363636
vt 0.762206 0.545455
vt 0.760417 1.000000
vt 0.763889 0.000000
vt 0.763889 1.000000
vt 0.765975 0.454545
vt 0.769097 0.363636
vt 0.769125 0.545455
vt 0.772634 0.090909
vt 0.770833 0.000000
vt 0.767361 0.000000
vt 0.770833 1.000000
vt 0.772634 0.909091
vt 0.767361 1.000000
vt 0.774306 0.000000
vt 0.772893 0.454545
vt 0.776044 0.363636
vt 0.775539 0.609949
vt 0.769097 0.636364
vt 0.774306 1.000000
vt 0.777778 0.000000
vt 0.777778 1.000000
vt 0.786422 0.454545
vt 0.782991 0.363636
vt 0.779683 0.454545
vt 0.782991 0.636364
vt 0.786112 0.545455
vt 0.779319 0.545455
vt 0.789971 0.181818
vt 0.786669 0.090909
vt 0.783088 0.181818
vt 0.786669 0.909091
vt 0.789971 0.818182
vt 0.783088 0.818182
vt 0.793478 0.454545
vt 0.789874 0.363636
vt 0.789874 0.636364
vt 0.793220 0.545455
vt 0.798646 0.090909
vt 0.798611 0.000000
vt 0.795139 0.000000
vt 0.798611 1.000000
vt 0.798646 0.909091
vt 0.795139 1.000000
vt 0.802083 0.000000
vt 0.802083 1.000000
vt 0.807233 0.612198
vt 0.800355 0.545455
vt 0.798645 0.636364
vt 0.814333 0.181818
vt 0.810683 0.090909
vt 0.807281 0.181818
vt 0.810683 0.909091
vt 0.814333 0.818182
vt 0.807281 0.818182
vt 0.824598 0.454545
vt 0.821162 0.363636
vt 0.817670 0.454545
vt 0.821162 0.636364
vt 0.824290 0.545455
vt 0.817361 0.545455
vt 0.828061 0.272727
vt 0.824453 0.181818
vt 0.821200 0.272727
vt 0.824453 0.818182
vt 0.828061 0.727273
vt 0.821200 0.727273
vt 0.831766 0.454545
vt 0.828061 0.363636
vt 0.828061 0.636364
vt 0.831508 0.545455
vt 0.835187 0.363636
vt 0.835187 0.636364
vt 0.838480 0.090909
vt 0.836806 0.000000
vt 0.833333 0.000000
vt 0.836806 1.000000
vt 0.838480 0.909091
vt 0.833333 1.000000
vt 0.840278 0.000000
vt 0.838920 0.454545
vt 0.842048 0.363636
vt 0.842048 0.636364
vt 0.838613 0.545455
vt 0.840278 1.000000
vt 0.843750 0.000000
vt 0.843750 1.000000
vt 0.845846 0.454545
vt 0.848969 0.363636
vt 0.848969 0.636364
vt 0.845538 0.545455
vt 0.852540 0.090909
vt 0.850694 0.000000
vt 0.847222 0.000000
vt 0.850694 1.000000
vt 0.852147 0.909091
vt 0.847222 1.000000
vt 0.854167 0.000000
vt 0.852766 0.454545
vt 0.855722 0.363636
vt 0.856212 0.613135
vt 0.852456 0.545455
vt 0.854167 1.000000
vt 0.857639 0.000000
vt 0.857639 1.000000
vt 0.866419 0.181818
vt 0.864881 0.090909
vt 0.857652 0.181818
vt 0.866772 0.387244
vt 0.864832 0.272727
vt 0.859358 0.409548
vt 0.864832 0.727273
vt 0.866322 0.636364
vt 0.861920 0.588566
vt 0.869443 0.545455
vt 0.876569 0.545455
vt 0.873135 0.454545
vt 0.873163 0.636364
vt 0.881987 0.181818
vt 0.878414 0.090909
vt 0.873260 0.181818
vt 0.880271 0.389526
vt 0.873163 0.363636
vt 0.878414 0.909091
vt 0.881987 0.818182
vt 0.873260 0.818182
vt 0.881944 0.000000
vt 0.878472 0.000000
vt 0.883692 0.545455
vt 0.881944 1.000000
vt 0.878472 1.000000
vt 0.885417 0.000000
vt 0.885417 1.000000
vt 0.890571 0.612166
vt 0.886800 0.429018
vt 0.881987 0.636364
vt 0.897671 0.181818
vt 0.894035 0.090909
vt 0.890619 0.181818
vt 0.894035 0.909091
vt 0.897671 0.818182
vt 0.890619 0.818182
vt 0.911468 0.272727
vt 0.908001 0.181818
vt 0.904538 0.272727
vt 0.908001 0.818182
vt 0.911468 0.727273
vt 0.904539 0.727273
vt 0.938673 0.545455
vt 0.935699 0.454545
vt 0.922183 0.545455
vt 0.935744 0.636364
vt 0.949620 0.363636
vt 0.942555 0.272727
vt 0.935744 0.363636
vt 0.942555 0.727273
vt 0.949621 0.636364
vt 0.951911 0.545455
vt 0.949576 0.454545
vt 0.975185 0.545455
vt 0.972847 0.454545
vt 0.972879 0.636364
vt 0.996166 0.545455
vt 0.992186 0.454545
vt 0.995342 0.636364
vt 0.995693 0.090909
vt 1.000000 0.000000
vt 0.991932 0.000000
vt 1.000000 1.000000
vt 0.995693 0.909091
vt 0.991932 1.000000
vt 0.010488 0.090909
vt 0.000154 0.000000
vt 0.000000 0.090909
vt 0.006412 0.454545
vt 0.000467 0.363636
vt 0.000000 0.454545
vt 0.000467 0.636364
vt 0.006043 0.545455
vt 0.000000 0.545455
vt 0.000154 1.000000
vt 0.010488 0.909091
vt 0.000000 0.909091
vt 0.011552 0.363636
vt 0.000756 0.272727
vt 0.000756 0.727273
vt 0.011552 0.636364
vt 0.019175 0.272727
vt 0.010336 0.181818
vt 0.010336 0.818182
vt 0.019175 0.727273
vt 0.020711 0.454545
vt 0.020324 0.545455
vt 0.024540 0.363636
vt 0.024540 0.636364
vt 0.031040 0.090909
vt 0.031088 0.000000
vt 0.027182 0.000000
vt 0.031081 0.375313
vt 0.031086 0.592038
vt 0.031088 1.000000
vt 0.031038 0.909091
vt 0.027182 1.000000
vt 0.031079 0.727273
vt 0.048231 0.636364
vt 0.056463 0.545455
vt 0.041487 0.454545
vt 0.056484 0.181818
vt 0.054649 0.090909
vt 0.031037 0.181818
vt 0.031080 0.272727
vt 0.057746 0.818182
vt 0.031037 0.818182
vt 0.054418 0.363636
vt 0.059709 0.272727
vt 0.065959 0.909091
vt 0.064655 0.454545
vt 0.058277 0.000000
vt 0.047939 0.000000
vt 0.058277 1.000000
vt 0.047939 1.000000
vt 0.068672 0.000000
vt 0.068672 1.000000
vt 0.097147 0.181818
vt 0.094977 0.545455
vt 0.075211 0.636364
vt 0.097571 0.818182
vt 0.063508 0.727273
vt 0.081646 1.000000
vt 0.097479 0.090909
vt 0.081647 0.000000
vt 0.094928 0.454545
vt 0.078044 0.363636
vt 0.097053 0.727273
vt 0.096966 0.909091
vt 0.094683 0.636364
vt 0.097217 0.272727
vt 0.080627 0.272727
vt 0.094983 0.363636
vt 0.099828 0.000000
vt 0.094740 0.000000
vt 0.099810 0.612767
vt 0.099828 1.000000
vt 0.094740 1.000000
vt 0.101147 0.363636
vt 0.104899 0.272727
vt 0.106638 0.394462
vt 0.107392 0.612043
vt 0.103627 0.609483
vt 0.104899 0.727273
vt 0.112331 0.272727
vt 0.109450 0.181818
vt 0.109450 0.818182
vt 0.112331 0.727273
vt 0.114817 0.363636
vt 0.114436 0.545455
vt 0.112251 0.454545
vt 0.114817 0.636364
vt 0.132774 0.090909
vt 0.117264 0.000000
vt 0.109404 0.090909
vt 0.123035 0.454545
vt 0.117264 1.000000
vt 0.132774 0.909091
vt 0.109404 0.909091
vt 0.125898 0.363636
vt 0.122853 0.272727
vt 0.125720 0.545455
vt 0.122853 0.727273
vt 0.125898 0.636364
vt 0.133768 0.272727
vt 0.133768 0.727273
vt 0.134197 0.454545
vt 0.136343 0.363636
vt 0.136377 0.545455
vt 0.136133 0.000000
vt 0.128771 0.000000
vt 0.136133 1.000000
vt 0.128771 1.000000
vt 0.141252 0.000000
vt 0.141197 0.272727
vt 0.141197 0.727273
vt 0.136343 0.636364
vt 0.141252 1.000000
vt 0.143762 0.612469
vt 0.143048 0.393039
vt 0.149582 0.272727
vt 0.149582 0.727273
vt 0.150932 0.363636
vt 0.150628 0.545455
vt 0.147763 0.454545
vt 0.150932 0.636364
vt 0.153449 0.454545
vt 0.168932 0.545455
vt 0.188997 0.454545
vt 0.169420 0.363636
vt 0.199613 0.363636
vt 0.187428 0.272727
vt 0.199505 0.545455
vt 0.187428 0.727273
vt 0.199655 0.636364
vt 0.169420 0.636364
vt 0.180820 0.090909
vt 0.193123 0.000000
vt 0.183692 0.000000
vt 0.193123 1.000000
vt 0.180820 0.909091
vt 0.183692 1.000000
vt 0.202174 0.090909
vt 0.202174 0.909091
vt 0.214734 0.181818
vt 0.187153 0.181818
vt 0.214004 0.454545
vt 0.214734 0.818182
vt 0.187153 0.818182
vt 0.215053 0.000000
vt 0.207234 0.000000
vt 0.215053 1.000000
vt 0.207234 1.000000
vt 0.220626 0.090909
vt 0.220626 0.909091
vt 0.222800 0.363636
vt 0.214438 0.272727
vt 0.222607 0.545455
vt 0.214438 0.727273
vt 0.222800 0.636364
vt 0.226406 0.000000
vt 0.221143 0.000000
vt 0.226406 1.000000
vt 0.221143 1.000000
vt 0.236910 0.090909
vt 0.236864 0.000000
vt 0.231644 0.000000
vt 0.236864 1.000000
vt 0.236910 0.909091
vt 0.231644 1.000000
vt 0.242073 0.000000
vt 0.242073 1.000000
vt 0.246720 0.000000
vt 0.246720 1.000000
vt 0.287345 0.181818
vt 0.279101 0.090909
vt 0.262621 0.181818
vt 0.271222 0.727273
vt 0.287314 0.636364
vt 0.262576 0.636364
vt 0.279101 0.909091
vt 0.287345 0.818182
vt 0.262621 0.818182
vt 0.286783 0.000000
vt 0.276951 0.000000
vt 0.294645 0.727273
vt 0.286783 1.000000
vt 0.276951 1.000000
vt 0.318089 0.181818
vt 0.317064 0.090909
vt 0.323284 0.363636
vt 0.291464 0.272727
vt 0.287314 0.363636
vt 0.323903 0.636364
vt 0.317064 0.909091
vt 0.318089 0.818182
vt 0.321990 0.272727
vt 0.322072 0.727273
vt 0.319925 0.000000
vt 0.314924 0.000000
vt 0.319925 1.000000
vt 0.314924 1.000000
vt 0.325081 0.000000
vt 0.325081 1.000000
vt 0.330244 0.000000
vt 0.330244 1.000000
vt 0.342717 0.181818
vt 0.342717 0.818182
vt 0.344548 0.090909
vt 0.344548 0.909091
vt 0.340590 0.000000
vt 0.335414 0.000000
vt 0.348119 0.272727
vt 0.348082 0.545455
vt 0.322831 0.454545
vt 0.324576 0.545455
vt 0.348119 0.727273
vt 0.340590 1.000000
vt 0.335414 1.000000
vt 0.350197 0.363636
vt 0.350197 0.636364
vt 0.347487 0.000000
vt 0.347487 1.000000
vt 0.358101 0.000000
vt 0.358101 1.000000
vt 0.377762 0.000000
vt 0.377762 1.000000
vt 0.381327 0.090909
vt 0.383578 0.000000
vt 0.383578 1.000000
vt 0.381327 0.909091
vt 0.380497 0.454545
vt 0.387357 0.387552
vt 0.380193 0.363636
vt 0.387284 0.612451
vt 0.380220 0.545455
vt 0.380193 0.636364
vt 0.382881 0.181818
vt 0.397887 0.090909
vt 0.397887 0.909091
vt 0.382881 0.818182
vt 0.394918 0.181818
vt 0.394918 0.818182
vt 0.405009 0.181818
vt 0.405009 0.818182
vt 0.410791 0.000000
vt 0.402284 0.000000
vt 0.410791 1.000000
vt 0.402284 1.000000
vt 0.416189 0.181818
vt 0.421765 0.090909
vt 0.421765 0.909091
vt 0.416189 0.818182
vt 0.421116 0.000000
vt 0.415971 0.000000
vt 0.421116 1.000000
vt 0.415971 1.000000
vt 0.416672 0.454545
vt 0.423710 0.387955
vt 0.416293 0.363636
vt 0.423648 0.612767
vt 0.416326 0.545455
vt 0.416293 0.636364
vt 0.426204 0.000000
vt 0.426204 1.000000
vt 0.435906 0.181818
vt 0.434689 0.090909
vt 0.426281 0.181818
vt 0.434689 0.909091
vt 0.435906 0.818182
vt 0.426281 0.818182
vt 0.499217 0.090909
vt 0.478888 0.000000
vt 0.478888 1.000000
vt 0.499217 0.909091
vt 0.499450 0.181818
vt 0.499450 0.818182
vt 0.506043 0.454545
vt 0.492062 0.363636
vt 0.479249 0.454545
vt 0.518292 0.000000
vt 0.499275 0.000000
vt 0.518892 0.363636
vt 0.519156 0.545455
vt 0.491975 0.545455
vt 0.518292 1.000000
vt 0.499275 1.000000
vt 0.530940 0.000000
vt 0.530940 1.000000
vt 0.564481 0.090909
vt 0.565636 0.272727
vt 0.499654 0.272727
vt 0.565636 0.727273
vt 0.499679 0.727273
vt 0.564481 0.909091
vt 0.565622 0.181818
vt 0.563473 0.636364
vt 0.519377 0.636364
vt 0.565622 0.818182
vt 0.563594 0.454545
vt 0.568794 0.387938
vt 0.563514 0.363636
vt 0.568732 0.612784
vt 0.563519 0.545455
vt 0.578837 0.090909
vt 0.578837 0.909091
vt 0.578927 0.387203
vt 0.576240 0.272727
vt 0.573863 0.387246
vt 0.576240 0.727273
vt 0.578865 0.612079
vt 0.573791 0.612753
vt 0.586403 0.181818
vt 0.576236 0.181818
vt 0.586403 0.818182
vt 0.576236 0.818182
vt 0.603547 0.090909
vt 0.605028 0.000000
vt 0.597641 0.000000
vt 0.605028 1.000000
vt 0.603547 0.909091
vt 0.597641 1.000000
vt 0.610149 0.000000
vt 0.610149 1.000000
vt 0.612562 0.545455
vt 0.608103 0.454545
vt 0.606392 0.545455
vt 0.616482 0.636364
vt 0.607708 0.636364
vt 0.619820 0.545455
vt 0.616671 0.454545
vt 0.622967 0.387172
vt 0.618794 0.272727
vt 0.616482 0.363636
vt 0.618794 0.727273
vt 0.622972 0.636364
vt 0.652425 0.090909
vt 0.622822 0.000000
vt 0.618759 0.090909
vt 0.622822 1.000000
vt 0.652425 0.909091
vt 0.618758 0.909091
vt 0.675290 0.363636
vt 0.657848 0.272727
vt 0.638587 0.363636
vt 0.648474 0.727273
vt 0.675619 0.636364
vt 0.638587 0.636364
vt 0.660531 0.818182
vt 0.677635 0.727273
vt 0.678365 0.090909
vt 0.662099 0.000000
vt 0.662099 1.000000
vt 0.678365 0.909091
vt 0.682995 0.272727
vt 0.660531 0.181818
vt 0.685421 0.181818
vt 0.685421 0.818182
vt 0.681310 0.000000
vt 0.674878 0.000000
vt 0.681310 1.000000
vt 0.674878 1.000000
vt 0.690036 0.000000
vt 0.686529 0.000000
vt 0.690036 1.000000
vt 0.686529 1.000000
vt 0.701682 0.090909
vt 0.675447 0.454546
vt 0.698892 0.363636
vt 0.698892 0.636364
vt 0.674236 0.545455
vt 0.701682 0.909091
vt 0.700553 0.000000
vt 0.695311 0.000000
vt 0.706042 0.272727
vt 0.706042 0.727273
vt 0.700553 1.000000
vt 0.695311 1.000000
vt 0.705775 0.000000
vt 0.705775 1.000000
vt 0.712859 0.000000
vt 0.709969 0.454545
vt 0.712853 0.363636
vt 0.712853 0.636364
vt 0.709596 0.545455
vt 0.712859 1.000000
vt 0.736996 0.272727
vt 0.731808 0.181818
vt 0.725017 0.272727
vt 0.731808 0.818182
vt 0.736996 0.727273
vt 0.725017 0.727273
vt 0.748853 0.181818
vt 0.736088 0.090909
vt 0.736088 0.909091
vt 0.748853 0.818182
vt 0.749612 0.272727
vt 0.749612 0.727273
vt 0.751086 0.090909
vt 0.757753 0.000000
vt 0.752081 0.000000
vt 0.753178 0.363636
vt 0.764666 0.272727
vt 0.764666 0.727273
vt 0.753178 0.636364
vt 0.757753 1.000000
vt 0.751086 0.909091
vt 0.752081 1.000000
vt 0.764659 0.181818
vt 0.767058 0.090909
vt 0.767059 0.909091
vt 0.764659 0.818182
vt 0.762913 0.000000
vt 0.762913 1.000000
vt 0.768078 0.000000
vt 0.768078 1.000000
vt 0.773249 0.000000
vt 0.773249 1.000000
vt 0.778424 0.000000
vt 0.778424 1.000000
vt 0.783677 0.181818
vt 0.790854 0.090909
vt 0.790854 0.909091
vt 0.783677 0.818182
vt 0.790975 0.000000
vt 0.783013 0.000000
vt 0.790975 1.000000
vt 0.783013 1.000000
vt 0.801433 0.000000
vt 0.801433 1.000000
vt 0.812121 0.000000
vt 0.812121 1.000000
vt 0.838113 0.387196
vt 0.830460 0.363636
vt 0.830427 0.454545
vt 0.830460 0.636364
vt 0.838055 0.613842
vt 0.830054 0.545455
vt 0.846177 0.181818
vt 0.844178 0.090909
vt 0.838190 0.181818
vt 0.844178 0.909091
vt 0.846178 0.818182
vt 0.838190 0.818182
vt 0.850943 0.000000
vt 0.845237 0.000000
vt 0.850943 1.000000
vt 0.845237 1.000000
vt 0.862548 0.090909
vt 0.861313 0.000000
vt 0.856128 0.000000
vt 0.861313 1.000000
vt 0.862548 0.909091
vt 0.856128 1.000000
vt 0.866499 0.000000
vt 0.866499 1.000000
vt 0.871686 0.000000
vt 0.871686 1.000000
vt 0.885971 0.090909
vt 0.890317 0.000000
vt 0.880317 0.000000
vt 0.890317 1.000000
vt 0.885971 0.909091
vt 0.880317 1.000000
vt 0.913633 0.272727
vt 0.906147 0.181818
vt 0.900433 0.272727
vt 0.913050 0.545455
vt 0.901724 0.454545
vt 0.900216 0.545455
vt 0.906147 0.818182
vt 0.913633 0.727273
vt 0.900433 0.727273
vt 0.915830 0.454545
vt 0.913592 0.363636
vt 0.949876 0.363636
vt 0.954924 0.272727
vt 0.940652 0.272727
vt 0.954924 0.727273
vt 0.949876 0.636364
vt 0.940652 0.727273
vt 0.957798 0.090909
vt 0.962457 0.000000
vt 0.955067 0.000000
vt 0.960024 0.363636
vt 0.966283 0.272727
vt 0.966283 0.727273
vt 0.960024 0.636364
vt 0.962457 1.000000
vt 0.957798 0.909091
vt 0.955067 1.000000
vt 0.977807 0.363636
vt 0.977807 0.636364
vt 0.988955 0.272727
vt 0.977556 0.181818
vt 0.977556 0.818182
vt 0.988954 0.727273
vt 0.004536 0.272727
vt 0.000614 0.181818
vt 0.000000 0.272727
vt 0.000614 0.818182
vt 0.004535 0.727273
vt 0.000000 0.727273
vt 0.008227 0.090909
vt 0.006306 0.000000
vt 0.002709 0.000000
vt 0.006306 1.000000
vt 0.008227 0.909091
vt 0.002709 1.000000
vt 0.009903 0.000000
vt 0.006588 0.454545
vt 0.014460 0.363636
vt 0.004536 0.363636
vt 0.014460 0.636364
vt 0.006332 0.545455
vt 0.004536 0.636364
vt 0.009903 1.000000
vt 0.013499 0.000000
vt 0.013499 1.000000
vt 0.014371 0.181818
vt 0.021546 0.090909
vt 0.021559 0.909091
vt 0.014371 0.818182
vt 0.021579 0.000000
vt 0.017096 0.000000
vt 0.021579 1.000000
vt 0.017096 1.000000
vt 0.021583 0.609175
vt 0.015358 0.545455
vt 0.028502 0.545455
vt 0.021579 0.454545
vt 0.021577 0.818182
vt 0.030470 0.727273
vt 0.021583 0.727273
vt 0.034908 0.272727
vt 0.021577 0.181818
vt 0.021581 0.272727
vt 0.035945 0.909091
vt 0.041217 0.181818
vt 0.036115 0.454545
vt 0.035217 0.363636
vt 0.039455 0.818182
vt 0.047475 0.545455
vt 0.040451 1.000000
vt 0.033277 1.000000
vt 0.049190 0.727273
vt 0.045160 0.636364
vt 0.046946 0.090909
vt 0.047679 0.000000
vt 0.040451 0.000000
vt 0.052421 0.454545
vt 0.051153 0.363636
vt 0.047679 1.000000
vt 0.067526 0.909091
vt 0.067514 0.818182
vt 0.056692 1.000000
vt 0.067234 0.181818
vt 0.067271 0.090909
vt 0.056692 0.000000
vt 0.065931 0.363636
vt 0.052240 0.272727
vt 0.067368 0.272727
vt 0.065739 0.545455
vt 0.067352 0.727273
vt 0.065833 0.636364
vt 0.065820 0.454545
vt 0.069305 0.000000
vt 0.065773 0.000000
vt 0.069292 0.612767
vt 0.069305 1.000000
vt 0.065773 1.000000
vt 0.070221 0.363636
vt 0.072825 0.272727
vt 0.074033 0.394465
vt 0.074556 0.612042
vt 0.071942 0.609483
vt 0.072825 0.727273
vt 0.077985 0.272727
vt 0.075985 0.181818
vt 0.075985 0.818182
vt 0.077985 0.727273
vt 0.079711 0.363636
vt 0.079447 0.545455
vt 0.077930 0.454545
vt 0.079711 0.636364
vt 0.092178 0.090909
vt 0.081410 0.000000
vt 0.075953 0.090909
vt 0.085416 0.454545
vt 0.081410 1.000000
vt 0.092178 0.909091
vt 0.075953 0.909091
vt 0.087404 0.363636
vt 0.085290 0.272727
vt 0.087281 0.545455
vt 0.085290 0.727273
vt 0.087404 0.636364
vt 0.092868 0.272727
vt 0.092868 0.727273
vt 0.093166 0.454545
vt 0.094656 0.363636
vt 0.094679 0.545455
vt 0.094510 0.000000
vt 0.089398 0.000000
vt 0.094510 1.000000
vt 0.089398 1.000000
vt 0.098063 0.000000
vt 0.098025 0.272727
vt 0.098025 0.727273
vt 0.094656 0.636364
vt 0.098063 1.000000
vt 0.099806 0.612469
vt 0.099311 0.393038
vt 0.103835 0.272727
vt 0.103835 0.727273
vt 0.105013 0.363636
vt 0.104911 0.545455
vt 0.102584 0.454545
vt 0.105013 0.636364
vt 0.106523 0.454545
vt 0.117572 0.454545
vt 0.135339 0.363636
vt 0.117625 0.272727
vt 0.135236 0.545455
vt 0.117625 0.727273
vt 0.135336 0.636364
vt 0.135090 0.181818
vt 0.127176 0.090909
vt 0.117669 0.181818
vt 0.136082 0.454545
vt 0.126117 0.909091
vt 0.135090 0.818182
vt 0.117669 0.818182
vt 0.134043 0.000000
vt 0.127945 0.000000
vt 0.134043 1.000000
vt 0.127945 1.000000
vt 0.140199 0.909091
vt 0.141083 0.090909
vt 0.148281 0.000000
vt 0.141159 0.000000
vt 0.148281 1.000000
vt 0.141159 1.000000
vt 0.137355 0.272727
vt 0.152489 0.181818
vt 0.152488 0.818182
vt 0.137372 0.727273
vt 0.153247 0.090909
vt 0.153247 0.909091
vt 0.154753 0.272727
vt 0.154753 0.727273
vt 0.157190 0.000000
vt 0.153541 0.000000
vt 0.157190 1.000000
vt 0.153541 1.000000
vt 0.164517 0.090909
vt 0.164445 0.000000
vt 0.160823 0.000000
vt 0.164445 1.000000
vt 0.164517 0.909091
vt 0.160823 1.000000
vt 0.168061 0.000000
vt 0.168061 1.000000
vt 0.171285 0.000000
vt 0.171285 1.000000
vt 0.199466 0.363636
vt 0.188296 0.272727
vt 0.182292 0.363636
vt 0.193748 0.818182
vt 0.197490 0.727273
vt 0.182305 0.727273
vt 0.193764 0.090909
vt 0.199099 0.000000
vt 0.192273 0.000000
vt 0.202715 0.272727
vt 0.202556 0.545455
vt 0.199452 0.454545
vt 0.188374 0.545455
vt 0.199099 1.000000
vt 0.193764 0.909091
vt 0.192273 1.000000
vt 0.208772 0.636364
vt 0.196427 0.636364
vt 0.209778 0.818182
vt 0.222361 0.727273
vt 0.224426 0.363636
vt 0.223215 0.272727
vt 0.209778 0.181818
vt 0.225600 0.545455
vt 0.224115 0.454545
vt 0.225530 0.636364
vt 0.226156 0.181818
vt 0.220120 0.090909
vt 0.220120 0.909091
vt 0.226156 0.818182
vt 0.222106 0.000000
vt 0.218634 0.000000
vt 0.222106 1.000000
vt 0.218634 1.000000
vt 0.225686 0.000000
vt 0.225686 1.000000
vt 0.229270 0.000000
vt 0.229270 1.000000
vt 0.239210 0.090909
vt 0.239210 0.909091
vt 0.236453 0.000000
vt 0.232859 0.000000
vt 0.241658 0.272727
vt 0.241632 0.545455
vt 0.241658 0.727273
vt 0.236453 1.000000
vt 0.232859 1.000000
vt 0.243073 0.363636
vt 0.243073 0.636364
vt 0.241236 0.000000
vt 0.244627 0.181818
vt 0.244627 0.818182
vt 0.241236 1.000000
vt 0.248601 0.000000
vt 0.248601 1.000000
vt 0.262140 0.000000
vt 0.262140 1.000000
vt 0.264840 0.090909
vt 0.266261 0.000000
vt 0.266261 1.000000
vt 0.264840 0.909091
vt 0.264082 0.454545
vt 0.268899 0.387531
vt 0.263854 0.363636
vt 0.268848 0.612467
vt 0.263874 0.545455
vt 0.263854 0.636364
vt 0.274081 0.272727
vt 0.273912 0.181818
vt 0.268874 0.272727
vt 0.273912 0.818182
vt 0.274081 0.727273
vt 0.268874 0.727273
vt 0.281174 0.272727
vt 0.281174 0.727273
vt 0.283280 0.181818
vt 0.276379 0.090909
vt 0.276379 0.909091
vt 0.283280 0.818182
vt 0.287319 0.000000
vt 0.279272 0.000000
vt 0.287319 1.000000
vt 0.279272 1.000000
vt 0.289007 0.272727
vt 0.292747 0.181818
vt 0.292747 0.818182
vt 0.289007 0.727273
vt 0.292678 0.090909
vt 0.292374 0.000000
vt 0.292374 1.000000
vt 0.292678 0.909091
vt 0.289298 0.454545
vt 0.294180 0.387911
vt 0.289037 0.363636
vt 0.294138 0.612800
vt 0.289059 0.545455
vt 0.289037 0.636364
vt 0.295914 0.000000
vt 0.295914 1.000000
vt 0.302640 0.363636
vt 0.301332 0.272727
vt 0.299448 0.387148
vt 0.301332 0.727273
vt 0.302982 0.636364
vt 0.299398 0.612844
vt 0.319651 0.090909
vt 0.302948 0.000000
vt 0.300889 0.090909
vt 0.311853 1.000000
vt 0.301258 0.909091
vt 0.302948 1.000000
vt 0.314428 0.272727
vt 0.314618 0.454545
vt 0.302978 0.454545
vt 0.323600 0.909091
vt 0.301311 0.818182
vt 0.325671 0.181818
vt 0.301311 0.181818
vt 0.325671 0.818182
vt 0.315964 0.727273
vt 0.320957 0.000000
vt 0.326763 0.363636
vt 0.320957 1.000000
vt 0.330231 0.272727
vt 0.335209 0.636364
vt 0.326553 0.545455
vt 0.315471 0.636364
vt 0.328318 0.000000
vt 0.333959 0.727273
vt 0.328318 1.000000
vt 0.347125 0.090909
vt 0.335506 0.000000
vt 0.335506 1.000000
vt 0.347126 0.909091
vt 0.347125 0.181818
vt 0.341121 0.363636
vt 0.347122 0.272727
vt 0.347125 0.818182
vt 0.347124 0.727273
vt 0.347122 0.000000
vt 0.342705 0.000000
vt 0.339594 0.454545
vt 0.347122 0.391089
vt 0.347122 0.608912
vt 0.339307 0.545455
vt 0.347122 1.000000
vt 0.342705 1.000000
vt 0.355644 0.181818
vt 0.355644 0.818182
vt 0.377181 0.363636
vt 0.376910 0.272727
vt 0.356537 0.363636
vt 0.375740 0.727273
vt 0.377182 0.636364
vt 0.356537 0.636364
vt 0.380196 0.454545
vt 0.357503 0.454545
vt 0.378328 0.545455
vt 0.357203 0.545455
vt 0.391374 1.000000
vt 0.376518 0.909091
vt 0.368729 1.000000
vt 0.384311 0.181818
vt 0.399488 0.090909
vt 0.375118 0.090909
vt 0.394826 0.387551
vt 0.394776 0.612452
vt 0.399488 0.909091
vt 0.384967 0.818182
vt 0.400077 0.181818
vt 0.400000 0.363636
vt 0.396538 0.272727
vt 0.400077 0.818182
vt 0.403530 0.272727
vt 0.403476 0.454545
vt 0.398338 0.454545
vt 0.400000 0.636364
vt 0.403233 0.545455
vt 0.398178 0.545455
vt 0.411060 0.181818
vt 0.407062 0.363636
vt 0.411060 0.818182
vt 0.420088 0.090909
vt 0.406992 0.000000
vt 0.419891 0.272727
vt 0.420100 0.454545
vt 0.407062 0.636364
vt 0.419498 0.545455
vt 0.406992 1.000000
vt 0.420088 0.909091
vt 0.420142 0.363636
vt 0.423112 0.727273
vt 0.407091 0.727273
vt 0.435588 0.181818
vt 0.435588 0.818182
vt 0.436660 0.363636
vt 0.436660 0.636364
vt 0.420142 0.636364
vt 0.440978 0.090909
vt 0.438140 0.272727
vt 0.438140 0.727273
vt 0.440978 0.909091
vt 0.445250 0.000000
vt 0.438232 0.000000
vt 0.438440 0.454545
vt 0.444145 0.381977
vt 0.445250 1.000000
vt 0.438232 1.000000
vt 0.447968 0.454545
vt 0.450818 0.363636
vt 0.450818 0.636364
vt 0.445090 0.545455
vt 0.444295 0.636364
vt 0.451543 0.545455
vt 0.452470 0.454545
vt 0.466968 0.181818
vt 0.463875 0.090909
vt 0.459790 0.181818
vt 0.463875 0.909091
vt 0.466968 0.818182
vt 0.459789 0.818182
vt 0.480040 0.272727
vt 0.476511 0.181818
vt 0.473694 0.272727
vt 0.476483 0.909091
vt 0.480043 0.818182
vt 0.473731 0.818182
vt 0.476483 0.090909
vt 0.480216 0.000000
vt 0.478417 0.000000
vt 0.482581 0.545455
vt 0.479742 0.454545
vt 0.475002 0.545455
vt 0.480216 1.000000
vt 0.478417 1.000000
vt 0.484283 0.181818
vt 0.484923 0.909091
vt 0.484923 0.090909
vt 0.483813 0.000000
vt 0.482014 0.000000
vt 0.486156 0.636364
vt 0.480037 0.636364
vt 0.483813 1.000000
vt 0.482014 1.000000
vt 0.485611 0.000000
vt 0.485611 1.000000
vt 0.488224 0.000000
vt 0.488224 1.000000
vt 0.486126 0.272727
vt 0.491502 0.181818
vt 0.493222 0.090909
vt 0.490054 0.454545
vt 0.493506 0.363636
vt 0.486156 0.363636
vt 0.493387 0.636364
vt 0.489791 0.545455
vt 0.495428 0.000000
vt 0.491826 0.000000
vt 0.495428 1.000000
vt 0.493222 0.909091
vt 0.491826 1.000000
vt 0.493257 0.272727
vt 0.502942 0.181818
vt 0.505976 0.090909
vt 0.501204 0.272727
vt 0.501278 0.636364
vt 0.497251 0.545455
vt 0.503827 0.454545
vt 0.501412 0.363636
vt 0.497577 0.454545
vt 0.503600 0.545455
vt 0.508584 0.272727
vt 0.505976 0.909091
vt 0.508620 0.818182
vt 0.501281 0.818182
vt 0.510360 0.454545
vt 0.508560 0.363636
vt 0.508560 0.636364
vt 0.510096 0.545455
vt 0.512223 0.181818
vt 0.518617 0.272727
vt 0.518592 0.454545
vt 0.518469 0.363636
vt 0.518474 0.636364
vt 0.520845 0.545455
vt 0.519258 0.181818
vt 0.517240 0.090909
vt 0.522305 0.000000
vt 0.518771 0.000000
vt 0.522305 1.000000
vt 0.517240 0.909091
vt 0.518771 1.000000
vt 0.529547 0.090909
vt 0.529547 0.909091
vt 0.518348 0.818182
vt 0.525928 0.000000
vt 0.528529 0.181818
vt 0.525928 1.000000
vt 0.532530 0.818182
vt 0.518617 0.727273
vt 0.529549 0.000000
vt 0.529549 1.000000
vt 0.533164 0.000000
vt 0.533164 1.000000
vt 0.538358 0.000000
vt 0.533873 0.272727
vt 0.538321 0.181818
vt 0.538358 1.000000
vt 0.545786 0.385489
vt 0.533884 0.363636
vt 0.534101 0.454545
vt 0.533884 0.636364
vt 0.545741 0.613933
vt 0.533849 0.545455
vt 0.545103 0.090909
vt 0.553497 0.000000
vt 0.544965 0.000000
vt 0.553497 1.000000
vt 0.545103 0.909091
vt 0.544965 1.000000
vt 0.565962 0.000000
vt 0.565962 1.000000
vt 0.571487 0.181818
vt 0.545011 0.181818
vt 0.571487 0.818182
vt 0.545011 0.818182
vt 0.578161 0.090909
vt 0.569331 0.000000
vt 0.569331 1.000000
vt 0.578161 0.909091
vt 0.578778 0.181818
vt 0.578778 0.818182
vt 0.587771 0.181818
vt 0.587771 0.818182
vt 0.588562 0.090909
vt 0.583768 0.000000
vt 0.583768 1.000000
vt 0.588562 0.909091
vt 0.588961 0.000000
vt 0.586331 0.000000
vt 0.590692 0.545455
vt 0.585718 0.454545
vt 0.584755 0.545455
vt 0.588961 1.000000
vt 0.586331 1.000000
vt 0.594114 0.727273
vt 0.586321 0.636364
vt 0.585609 0.727273
vt 0.592603 0.000000
vt 0.595899 0.636364
vt 0.592603 1.000000
vt 0.594114 0.272727
vt 0.600884 0.181818
vt 0.597865 0.545455
vt 0.592789 0.454545
vt 0.600884 0.818182
vt 0.600799 0.090909
vt 0.599779 0.000000
vt 0.596189 0.000000
vt 0.599779 1.000000
vt 0.600799 0.909091
vt 0.596189 1.000000
vt 0.601975 0.363636
vt 0.603978 0.272727
vt 0.603978 0.727273
vt 0.603370 0.000000
vt 0.605025 0.545455
vt 0.602289 0.454545
vt 0.603370 1.000000
vt 0.606964 0.000000
vt 0.606964 1.000000
vt 0.613144 0.454545
vt 0.616002 0.363636
vt 0.612313 0.363636
vt 0.616002 0.636364
vt 0.613002 0.545455
vt 0.612313 0.636364
vt 0.618617 0.454545
vt 0.618392 0.545455
vt 0.621261 0.181818
vt 0.616988 0.090909
vt 0.613979 0.181818
vt 0.616988 0.909091
vt 0.621262 0.818182
vt 0.613979 0.818182
vt 0.623108 0.454545
vt 0.621185 0.363636
vt 0.621186 0.636364
vt 0.622952 0.545455
vt 0.632935 0.090909
vt 0.634107 0.000000
vt 0.628293 0.000000
vt 0.634107 1.000000
vt 0.632935 0.909091
vt 0.628293 1.000000
vt 0.637694 0.000000
vt 0.637694 1.000000
vt 0.636380 0.454545
vt 0.641281 0.387926
vt 0.636116 0.363636
vt 0.641238 0.612781
vt 0.636139 0.545455
vt 0.636116 0.636364
vt 0.647031 0.090909
vt 0.644777 0.000000
vt 0.641251 0.000000
vt 0.644777 1.000000
vt 0.646123 0.909091
vt 0.641251 1.000000
vt 0.650378 0.181818
vt 0.643080 0.181818
vt 0.650378 0.818182
vt 0.643080 0.818182
vt 0.651879 0.545455
vt 0.650337 0.454545
vt 0.648277 0.612098
vt 0.650361 0.727273
vt 0.651927 0.636364
vt 0.651699 1.000000
vt 0.668667 0.909091
vt 0.674244 0.181818
vt 0.674244 0.818182
vt 0.676984 0.090909
vt 0.670128 0.000000
vt 0.682190 0.000000
vt 0.682190 1.000000
vt 0.670128 1.000000
vt 0.698810 0.909091
vt 0.675935 0.363636
vt 0.698649 0.272727
vt 0.674246 0.272727
vt 0.698649 0.727273
vt 0.675935 0.636364
vt 0.674246 0.727273
vt 0.697213 1.000000
vt 0.698762 0.363636
vt 0.698712 0.454545
vt 0.698762 0.636364
vt 0.698606 0.545455
vt 0.698577 0.090909
vt 0.700629 0.000000
vt 0.697213 0.000000
vt 0.700629 1.000000
vt 0.704203 0.387986
vt 0.704160 0.612735
vt 0.712912 0.181818
vt 0.708890 0.090909
vt 0.705935 0.181818
vt 0.708890 0.909091
vt 0.712912 0.818182
vt 0.705935 0.818182
vt 0.724797 0.090909
vt 0.725770 0.000000
vt 0.720563 0.000000
vt 0.725770 1.000000
vt 0.724797 0.909091
vt 0.720563 1.000000
vt 0.729330 0.000000
vt 0.729330 1.000000
vt 0.738223 0.387154
vt 0.735420 0.272727
vt 0.733767 0.363636
vt 0.733746 0.454545
vt 0.733767 0.636364
vt 0.738182 0.612149
vt 0.733520 0.545455
vt 0.735420 0.727273
vt 0.751177 0.363636
vt 0.746089 0.272727
vt 0.743976 0.363636
vt 0.746089 0.727273
vt 0.751177 0.636364
vt 0.743976 0.636364
vt 0.758220 0.272727
vt 0.748321 0.181818
vt 0.748321 0.818182
vt 0.758220 0.727273
vt 0.759969 0.363636
vt 0.759969 0.636364
vt 0.761233 0.454545
vt 0.753237 0.454545
vt 0.761067 0.545455
vt 0.752946 0.545455
vt 0.761533 0.090909
vt 0.762590 0.000000
vt 0.760304 0.000000
vt 0.762590 1.000000
vt 0.761533 0.909091
vt 0.760304 1.000000
vt 0.765208 0.000000
vt 0.766726 0.272727
vt 0.766726 0.727273
vt 0.765208 1.000000
vt 0.767628 0.618032
vt 0.768806 0.000000
vt 0.768806 1.000000
vt 0.772193 0.545455
vt 0.768033 0.454545
vt 0.773979 0.636364
vt 0.777131 0.090909
vt 0.776008 0.000000
vt 0.772406 0.000000
vt 0.776008 1.000000
vt 0.777131 0.909091
vt 0.772406 1.000000
vt 0.779616 0.545455
vt 0.774264 0.454545
vt 0.779610 0.000000
vt 0.780868 0.636364
vt 0.779610 1.000000
vt 0.783428 0.000000
vt 0.783428 1.000000
vt 0.803943 0.545455
vt 0.781037 0.454545
vt 0.803943 0.181818
vt 0.780844 0.181818
vt 0.803943 0.818182
vt 0.780844 0.818182
vt 0.803951 0.090909
vt 0.803952 0.000000
vt 0.803952 1.000000
vt 0.803951 0.909091
vt 0.817408 0.272727
vt 0.813744 0.181818
vt 0.809060 0.272727
vt 0.813744 0.818182
vt 0.817408 0.727273
vt 0.809060 0.727273
vt 0.824967 0.272727
vt 0.824485 0.181818
vt 0.824485 0.818182
vt 0.824967 0.727273
vt 0.829157 0.090909
vt 0.828330 0.000000
vt 0.824861 0.000000
vt 0.828330 1.000000
vt 0.829157 0.909091
vt 0.824861 1.000000
vt 0.834992 0.181818
vt 0.834992 0.818182
vt 0.831820 0.000000
vt 0.831820 1.000000
vt 0.835401 0.000000
vt 0.835401 1.000000
vt 0.839611 0.545455
vt 0.834933 0.454545
vt 0.828228 0.545455
vt 0.838986 0.000000
vt 0.838986 1.000000
vt 0.847144 0.090909
vt 0.847144 0.909091
vt 0.842575 0.000000
vt 0.842575 1.000000
vt 0.848781 0.636364
vt 0.834859 0.636364
vt 0.846168 0.000000
vt 0.849734 0.545455
vt 0.849026 0.454545
vt 0.846168 1.000000
vt 0.854885 0.000000
vt 0.849309 0.000000
vt 0.854885 1.000000
vt 0.849309 1.000000
vt 0.862146 0.000000
vt 0.862146 1.000000
vt 0.865072 0.181818
vt 0.872157 0.090909
vt 0.872156 0.909091
vt 0.865072 0.818182
vt 0.869462 0.000000
vt 0.869462 1.000000
vt 0.875317 0.181818
vt 0.875317 0.818182
vt 0.888333 0.386575
vt 0.882417 0.363636
vt 0.882394 0.454545
vt 0.882417 0.636364
vt 0.888350 0.618262
vt 0.882133 0.545455
vt 0.890616 0.090909
vt 0.892792 0.000000
vt 0.890288 0.000000
vt 0.891762 0.454545
vt 0.894380 0.363636
vt 0.894380 0.636364
vt 0.891565 0.545455
vt 0.892792 1.000000
vt 0.890616 0.909091
vt 0.890288 1.000000
vt 0.896527 0.000000
vt 0.896527 1.000000
vt 0.894302 0.181818
vt 0.902852 0.090909
vt 0.902852 0.909091
vt 0.894302 0.818182
vt 0.900126 0.000000
vt 0.900032 0.454545
vt 0.901753 0.363636
vt 0.901753 0.636364
vt 0.899747 0.545455
vt 0.900126 1.000000
vt 0.903725 0.000000
vt 0.903725 1.000000
vt 0.907324 0.000000
vt 0.907324 1.000000
vt 0.910924 0.000000
vt 0.910924 1.000000
vt 0.904867 0.181818
vt 0.925428 0.090909
vt 0.925428 0.909091
vt 0.904867 0.818182
vt 0.921127 0.181818
vt 0.921127 0.818182
vt 0.922047 0.000000
vt 0.915795 0.000000
vt 0.922047 1.000000
vt 0.915795 1.000000
vt 0.923757 0.636364
vt 0.919069 0.545455
vt 0.916907 0.636364
vt 0.926365 0.545455
vt 0.924028 0.454545
vt 0.929070 0.000000
vt 0.929070 1.000000
vt 0.930795 0.636364
vt 0.932723 0.545455
vt 0.930935 0.454545
vt 0.951296 0.090909
vt 0.935511 0.000000
vt 0.935511 1.000000
vt 0.951296 0.909091
vt 0.947561 0.545455
vt 0.945188 0.454545
vt 0.945251 0.636364
vt 0.966125 0.181818
vt 0.945452 0.181818
vt 0.966125 0.818182
vt 0.945452 0.818182
vt 0.976168 0.090909
vt 0.976168 0.909091
vt 0.973977 0.000000
vt 0.968923 0.000000
vt 0.973965 0.612768
vt 0.968864 0.545455
vt 0.968840 0.636364
vt 0.973977 1.000000
vt 0.968923 1.000000
vt 0.979444 0.000000
vt 0.974888 0.363636
vt 0.982547 0.272727
vt 0.973940 0.272727
vt 0.979444 1.000000
vt 0.986160 0.181818
vt 0.974888 0.181818
vt 0.985915 0.363636
vt 0.986160 0.818182
vt 0.974888 0.818182
vt 0.996797 0.454545
vt 0.978392 0.454545
vt 0.982595 0.636364
vt 0.996774 0.545455
vt 0.978144 0.545455
vt 0.002934 0.090909
vt 0.010485 0.000000
vt 0.002933 0.000000
vt 0.010485 1.000000
vt 0.002934 0.909091
vt 0.002933 1.000000
vt 0.033426 0.090909
vt 0.033426 0.909091
vt 0.023005 0.272727
vt 0.002950 0.181818
vt 0.002950 0.272727
vt 0.002950 0.818182
vt 0.023005 0.727273
vt 0.002950 0.727273
vt 0.037626 0.181818
vt 0.039203 0.363636
vt 0.002949 0.363636
vt 0.039203 0.636364
vt 0.002949 0.636364
vt 0.037626 0.818182
vt 0.037642 0.545455
vt 0.032788 0.454545
vt 0.002962 0.545455
vt 0.045563 0.272727
vt 0.045563 0.727273
vt 0.053725 0.000000
vt 0.040614 0.000000
vt 0.053725 1.000000
vt 0.040614 1.000000
vt 0.073291 0.545455
vt 0.073290 0.454545
vt 0.073304 0.181818
vt 0.073304 0.818182
vt 0.073299 0.090909
vt 0.073304 0.000000
vt 0.073304 1.000000
vt 0.073299 0.909091
vt 0.073314 0.363636
vt 0.073314 0.636364
vt 0.122233 0.090909
vt 0.118841 0.000000
vt 0.108465 0.000000
vt 0.120542 0.454545
vt 0.124878 0.363636
vt 0.105898 0.363636
vt 0.128075 0.727273
vt 0.114402 0.636364
vt 0.105892 0.727273
vt 0.118841 1.000000
vt 0.119130 0.909091
vt 0.108465 1.000000
vt 0.129111 0.181818
vt 0.107394 0.181818
vt 0.129106 0.818182
vt 0.107394 0.818182
vt 0.150785 0.454545
vt 0.150767 0.636364
vt 0.151649 0.363636
vt 0.127780 0.272727
vt 0.139302 1.000000
vt 0.152234 0.909091
vt 0.148916 0.181818
vt 0.152091 0.272727
vt 0.148916 0.818182
vt 0.153886 0.090909
vt 0.146279 0.000000
vt 0.152493 0.000000
vt 0.149560 0.000000
vt 0.152493 1.000000
vt 0.149560 1.000000
vt 0.155425 0.000000
vt 0.159875 0.181818
vt 0.159875 0.818182
vt 0.152250 0.727273
vt 0.155425 1.000000
vt 0.159619 0.000000
vt 0.159619 1.000000
vt 0.165492 0.000000
vt 0.165536 0.386857
vt 0.170079 0.636364
vt 0.152730 0.545455
vt 0.165492 1.000000
vt 0.170574 0.090909
vt 0.172003 0.272727
vt 0.172003 0.727273
vt 0.170574 0.909091
vt 0.171375 0.000000
vt 0.173838 0.181818
vt 0.173838 0.818182
vt 0.171375 1.000000
vt 0.177259 0.000000
vt 0.177259 1.000000
vt 0.191857 0.090909
vt 0.191857 0.909091
vt 0.189043 0.181818
vt 0.189043 0.818182
vt 0.187729 0.454545
vt 0.192108 0.363636
vt 0.186124 0.363636
vt 0.192068 0.612773
vt 0.186127 0.545455
vt 0.186124 0.636364
vt 0.196334 0.000000
vt 0.187721 0.000000
vt 0.196334 1.000000
vt 0.187721 1.000000
vt 0.200615 0.181818
vt 0.197796 0.612054
vt 0.196565 0.454545
vt 0.200615 0.818182
vt 0.203654 0.387152
vt 0.200543 0.272727
vt 0.197873 0.363636
vt 0.200543 0.727273
vt 0.203587 0.612163
vt 0.212106 0.181818
vt 0.215496 0.090909
vt 0.208525 0.909091
vt 0.212106 0.818182
vt 0.221593 0.000000
vt 0.212035 0.000000
vt 0.227433 0.000000
vt 0.227433 1.000000
vt 0.231481 0.909091
vt 0.221593 1.000000
vt 0.225280 0.454545
vt 0.233271 0.387962
vt 0.224849 0.363636
vt 0.233200 0.612760
vt 0.224886 0.545455
vt 0.224849 0.636364
vt 0.233221 1.000000
vt 0.237553 0.090909
vt 0.240344 0.000000
vt 0.233221 0.000000
vt 0.240344 1.000000
vt 0.247478 0.181818
vt 0.236156 0.181818
vt 0.248014 0.909091
vt 0.250291 0.454545
vt 0.247909 0.363636
vt 0.244737 0.454545
vt 0.248961 0.090909
vt 0.264077 0.000000
vt 0.249348 0.000000
vt 0.268281 0.363636
vt 0.267991 0.545455
vt 0.247702 0.545455
vt 0.278416 0.909091
vt 0.247642 0.818182
vt 0.279611 0.000000
vt 0.279611 1.000000
vt 0.264077 1.000000
vt 0.330196 0.090909
vt 0.302375 0.818182
vt 0.267924 0.727273
vt 0.299490 0.181818
vt 0.298818 0.545455
vt 0.304466 0.454545
vt 0.299193 0.727273
vt 0.299296 1.000000
vt 0.326630 0.909091
vt 0.326652 0.181818
vt 0.324223 0.545455
vt 0.326674 0.727273
vt 0.326603 0.818182
vt 0.324144 0.000000
vt 0.315900 0.000000
vt 0.324144 1.000000
vt 0.315900 1.000000
vt 0.330045 0.000000
vt 0.330025 0.612816
vt 0.327819 0.454545
vt 0.324204 0.636364
vt 0.330045 1.000000
vt 0.335811 0.000000
vt 0.335851 0.387329
vt 0.326687 0.363636
vt 0.342993 0.272727
vt 0.339955 0.181818
vt 0.335810 0.272727
vt 0.339955 0.818182
vt 0.342993 0.727273
vt 0.335810 0.727273
vt 0.356012 0.181818
vt 0.348842 0.090909
vt 0.350283 0.387148
vt 0.342945 0.363636
vt 0.342909 0.454545
vt 0.342945 0.636364
vt 0.350215 0.612145
vt 0.342544 0.545455
vt 0.341179 0.909091
vt 0.356012 0.818182
vt 0.359550 0.363636
vt 0.356018 0.272727
vt 0.356018 0.727273
vt 0.359550 0.636364
vt 0.369787 0.090909
vt 0.365273 1.000000
vt 0.365436 0.909091
vt 0.359395 1.000000
vt 0.359758 0.454545
vt 0.368238 0.387864
vt 0.368170 0.612837
vt 0.359350 0.545455
vt 0.371089 0.000000
vt 0.365273 0.000000
vt 0.371089 1.000000
vt 0.376847 0.000000
vt 0.376847 1.000000
vt 0.388034 0.272727
vt 0.382390 0.181818
vt 0.379721 0.272727
vt 0.382390 0.818182
vt 0.388034 0.727273
vt 0.379720 0.727273
vt 0.394003 0.181818
vt 0.383484 0.090909
vt 0.397949 0.363636
vt 0.385511 0.387177
vt 0.397949 0.636364
vt 0.385442 0.612118
vt 0.383484 0.909091
vt 0.394003 0.818182
vt 0.400266 0.000000
vt 0.393586 0.000000
vt 0.408356 0.272727
vt 0.408356 0.727273
vt 0.400266 1.000000
vt 0.393586 1.000000
vt 0.411160 0.181818
vt 0.411160 0.818182
vt 0.411014 0.090909
vt 0.406119 0.000000
vt 0.406119 1.000000
vt 0.411014 0.909091
vt 0.411975 0.000000
vt 0.411975 1.000000
vt 0.417833 0.000000
vt 0.417833 1.000000
vt 0.423694 0.000000
vt 0.420254 0.454545
vt 0.428745 0.363636
vt 0.414710 0.363636
vt 0.428746 0.636364
vt 0.417205 0.545455
vt 0.414709 0.636364
vt 0.423694 1.000000
vt 0.430676 0.272727
vt 0.431582 0.181818
vt 0.431582 0.818182
vt 0.430676 0.727273
vt 0.432647 0.545455
vt 0.429452 0.090909
vt 0.432360 0.000000
vt 0.428153 0.000000
vt 0.432360 1.000000
vt 0.429452 0.909091
vt 0.428153 1.000000
vt 0.446683 0.090909
vt 0.435199 0.454545
vt 0.442982 0.363636
vt 0.442982 0.636364
vt 0.446683 0.909091
vt 0.444125 0.000000
vt 0.438243 0.000000
vt 0.446568 0.272727
vt 0.446568 0.727273
vt 0.444125 1.000000
vt 0.438243 1.000000
vt 0.450005 0.000000
vt 0.450005 1.000000
vt 0.455886 0.000000
vt 0.455886 1.000000
vt 0.460616 0.000000
vt 0.460616 1.000000
vt 0.501512 0.090909
vt 0.501466 0.000000
vt 0.494374 0.000000
vt 0.501466 1.000000
vt 0.501512 0.909091
vt 0.494374 1.000000
vt 0.504399 0.227055
vt 0.501515 0.181818
vt 0.501516 0.272727
vt 0.501515 0.818182
vt 0.504399 0.772946
vt 0.501516 0.727273
vt 0.512106 0.181818
vt 0.507914 0.090909
vt 0.507914 0.909091
vt 0.512106 0.818182
vt 0.529105 0.090909
vt 0.526371 0.000000
vt 0.520577 0.000000
vt 0.523737 0.454545
vt 0.527788 0.363636
vt 0.520550 0.363636
vt 0.526371 1.000000
vt 0.529105 0.909091
vt 0.520577 1.000000
vt 0.533876 0.181818
vt 0.523508 0.181818
vt 0.533822 0.454545
vt 0.533876 0.818182
vt 0.523508 0.818182
vt 0.535010 0.363636
vt 0.533862 0.272727
vt 0.549632 0.000000
vt 0.533921 0.000000
vt 0.549632 1.000000
vt 0.533921 1.000000
vt 0.573078 0.000000
vt 0.573078 1.000000
vt 0.600966 0.545455
vt 0.590544 0.454545
vt 0.584780 0.545455
vt 0.590484 0.636364
vt 0.618439 0.545455
vt 0.606759 0.454545
vt 0.608948 0.636364
vt 0.611619 0.272727
vt 0.624217 0.181818
vt 0.606512 0.181818
vt 0.624217 0.818182
vt 0.611619 0.727273
vt 0.606512 0.818182
vt 0.609123 0.090909
vt 0.620513 0.000000
vt 0.609734 0.000000
vt 0.620513 1.000000
vt 0.609123 0.909091
vt 0.609734 1.000000
vt 0.630390 0.090909
vt 0.636885 0.363636
vt 0.608948 0.363636
vt 0.636885 0.636364
vt 0.630390 0.909091
vt 0.636034 0.272727
vt 0.636033 0.727273
vt 0.645523 0.454545
vt 0.621064 0.454545
vt 0.645234 0.545455
vt 0.649001 0.181818
vt 0.649001 0.818182
vt 0.653622 0.090909
vt 0.640816 0.000000
vt 0.640816 1.000000
vt 0.653622 0.909091
vt 0.656952 0.272727
vt 0.656952 0.727273
vt 0.657624 0.000000
vt 0.647538 0.000000
vt 0.661674 0.363636
vt 0.661674 0.636364
vt 0.657624 1.000000
vt 0.647538 1.000000
vt 0.669543 0.000000
vt 0.669543 1.000000
vt 0.688000 0.000000
vt 0.688000 1.000000
vt 0.690748 0.181818
vt 0.693834 0.090909
vt 0.693834 0.909091
vt 0.690748 0.818182
vt 0.693685 0.000000
vt 0.693685 1.000000
vt 0.690913 0.454545
vt 0.696550 0.363636
vt 0.689196 0.363636
vt 0.696556 0.612778
vt 0.689202 0.545455
vt 0.689196 0.636364
vt 0.699457 0.000000
vt 0.699456 0.272727
vt 0.690746 0.272727
vt 0.699456 0.727273
vt 0.690746 0.727273
vt 0.699457 1.000000
vt 0.702289 0.612675
vt 0.701460 0.392752
vt 0.706649 0.272727
vt 0.703640 0.181818
vt 0.703640 0.818182
vt 0.706649 0.727273
vt 0.708117 0.363636
vt 0.708041 0.612083
vt 0.706566 0.454545
vt 0.716708 0.181818
vt 0.712878 0.090909
vt 0.712878 0.909091
vt 0.716708 0.818182
vt 0.723048 0.000000
vt 0.716853 0.000000
vt 0.723048 1.000000
vt 0.716853 1.000000
vt 0.716916 0.454545
vt 0.726014 0.387875
vt 0.716715 0.363636
vt 0.725945 0.612841
vt 0.716507 0.545455
vt 0.716715 0.636364
vt 0.728953 0.181818
vt 0.731948 0.090909
vt 0.731948 0.909091
vt 0.728953 0.818182
vt 0.734634 0.000000
vt 0.728869 0.000000
vt 0.734634 1.000000
vt 0.728869 1.000000
vt 0.740406 0.387235
vt 0.738900 0.272727
vt 0.736070 0.390514
vt 0.738900 0.727273
vt 0.740335 0.612034
vt 0.736070 0.609486
vt 0.749372 0.181818
vt 0.746656 0.090909
vt 0.738899 0.181818
vt 0.746656 0.909091
vt 0.749372 0.818182
vt 0.738899 0.818182
vt 0.789689 0.727273
vt 0.749340 0.727273
vt 0.791831 0.545455
vt 0.790777 0.454545
vt 0.749225 0.545455
vt 0.791867 0.636364
vt 0.791322 0.363636
vt 0.784499 0.272727
vt 0.749250 0.363636
vt 0.828246 0.272727
vt 0.792410 0.090909
vt 0.826105 0.000000
vt 0.797671 0.000000
vt 0.828263 0.181818
vt 0.788859 0.181818
vt 0.825697 0.545455
vt 0.828263 0.818182
vt 0.788859 0.818182
vt 0.826105 1.000000
vt 0.792410 0.909091
vt 0.797671 1.000000
vt 0.825672 0.636364
vt 0.828569 0.727273
vt 0.829092 0.090909
vt 0.829092 0.909091
vt 0.831425 0.000000
vt 0.831385 0.612910
vt 0.831425 1.000000
vt 0.839973 0.612113
vt 0.837146 0.454545
vt 0.835777 0.612493
vt 0.838558 0.727273
vt 0.845419 0.454545
vt 0.838510 0.363636
vt 0.848407 0.272727
vt 0.842255 0.181818
vt 0.838558 0.272727
vt 0.847934 0.545455
vt 0.842255 0.818182
vt 0.848407 0.727273
vt 0.865330 0.090909
vt 0.851164 0.000000
vt 0.842366 0.090909
vt 0.857749 0.454545
vt 0.848359 0.363636
vt 0.851164 1.000000
vt 0.865330 0.909091
vt 0.842366 0.909091
vt 0.861040 0.272727
vt 0.865265 0.181818
vt 0.860838 0.545455
vt 0.865265 0.818182
vt 0.861040 0.727273
vt 0.870526 0.454545
vt 0.872996 0.363636
vt 0.861038 0.363636
vt 0.873034 0.545455
vt 0.872631 0.000000
vt 0.864335 0.000000
vt 0.872631 1.000000
vt 0.864335 1.000000
vt 0.872947 0.272727
vt 0.881489 0.181818
vt 0.881489 0.818182
vt 0.872946 0.727273
vt 0.878697 0.454545
vt 0.883167 0.382390
vt 0.881314 0.545455
vt 0.884887 0.090909
vt 0.888865 0.000000
vt 0.880003 0.000000
vt 0.888865 1.000000
vt 0.884887 0.909091
vt 0.880003 1.000000
vt 0.890292 0.181818
vt 0.890292 0.818182
vt 0.892486 0.454545
vt 0.890243 0.363636
vt 0.887194 0.454545
vt 0.902045 0.545455
vt 0.888847 0.545455
vt 0.908459 0.454545
vt 0.904385 0.363636
vt 0.923874 0.181818
vt 0.908644 0.090909
vt 0.902626 0.181818
vt 0.922016 0.545455
vt 0.904386 0.636364
vt 0.925053 0.363636
vt 0.928005 0.272727
vt 0.927368 0.727273
vt 0.923284 0.636364
vt 0.937490 0.454545
vt 0.926638 0.090909
vt 0.916644 0.000000
vt 0.939826 0.000000
vt 0.927879 0.000000
vt 0.939826 1.000000
vt 0.923244 0.909091
vt 0.927879 1.000000
vt 0.956744 0.909091
vt 0.924947 0.818182
vt 0.962010 0.181818
vt 0.959821 0.090909
vt 0.951536 1.000000
vt 0.964581 0.272727
vt 0.964435 0.545455
vt 0.964580 0.727273
vt 0.964375 0.000000
vt 0.951536 0.000000
vt 0.964375 1.000000
vt 0.972578 0.454545
vt 0.964966 0.363636
vt 0.972436 0.636364
vt 0.971933 0.000000
vt 0.971933 1.000000
vt 0.983649 0.090909
vt 0.983649 0.909091
vt 0.965084 0.818182
vt 0.977827 0.000000
vt 0.977827 1.000000
vt 0.986262 0.000000
vt 0.986262 1.000000
vt 0.997148 0.000000
vt 0.997148 1.000000
vt 0.304308 0.090909
vt 0.333333 0.000000
vt 0.307397 0.000000
vt 0.333333 1.000000
vt 0.304306 0.909091
vt 0.307397 1.000000
vt 0.372960 0.385350
vt 0.321463 0.363636
vt 0.348920 0.454545
vt 0.321460 0.636364
vt 0.371825 0.613979
vt 0.295985 0.545455
vt 0.359269 0.090909
vt 0.462898 0.000000
vt 0.358953 0.000000
vt 0.462898 1.000000
vt 0.359278 0.909091
vt 0.358953 1.000000
vt 0.598662 0.000000
vt 0.358149 0.272727
vt 0.972606 0.181818
vt 0.358234 0.181818
vt 0.972606 0.818182
vt 0.358149 0.727273
vt 0.358239 0.818182
vt 0.598662 1.000000
vt 0.973776 0.090909
vt 0.973780 0.909091
vt 0.974359 0.000000
vt 0.916914 0.000000
vt 0.845295 0.454545
vt 0.974359 0.388615
vt 0.849228 0.363636
vt 0.017536 0.545455
vt 0.004107 0.454545
vt 0.001833 0.545455
vt 0.027028 0.090909
vt 0.013212 0.000000
vt 0.003791 0.000000
vt 0.018495 0.636364
vt 0.003757 0.636364
vt 0.013212 1.000000
vt 0.028124 0.909091
vt 0.003791 1.000000
vt 0.028358 0.000000
vt 0.028358 1.000000
vt 0.018905 0.454545
vt 0.028369 0.388258
vt 0.018495 0.363636
vt 0.028369 0.612244
vt 0.058927 0.363636
vt 0.055989 0.272727
vt 0.041017 0.363636
vt 0.055989 0.727273
vt 0.058926 0.636364
vt 0.041017 0.636364
vt 0.065602 0.090909
vt 0.065157 0.000000
vt 0.057738 0.000000
vt 0.065157 1.000000
vt 0.065603 0.909091
vt 0.057738 1.000000
vt 0.075099 0.272727
vt 0.060191 0.181818
vt 0.074663 0.545455
vt 0.066293 0.454545
vt 0.058625 0.545455
vt 0.060191 0.818182
vt 0.075099 0.727273
vt 0.091360 0.181818
vt 0.091360 0.818182
vt 0.096317 0.454545
vt 0.075073 0.363636
vt 0.094006 0.090909
vt 0.084463 0.000000
vt 0.084463 1.000000
vt 0.094006 0.909091
vt 0.096724 0.272727
vt 0.094717 0.545455
vt 0.093787 0.727273
vt 0.102800 0.000000
vt 0.096900 0.000000
vt 0.102800 1.000000
vt 0.096900 1.000000
vt 0.113162 0.727273
vt 0.094832 0.636364
vt 0.114725 0.181818
vt 0.114582 0.363636
vt 0.094832 0.363636
vt 0.114561 0.545455
vt 0.114725 0.818182
vt 0.114846 0.090909
vt 0.112233 0.000000
vt 0.107514 0.000000
vt 0.117610 0.272727
vt 0.112233 1.000000
vt 0.114846 0.909091
vt 0.107514 1.000000
vt 0.117781 0.000000
vt 0.117781 1.000000
vt 0.128119 0.000000
vt 0.128119 1.000000
vt 0.145866 0.000000
vt 0.145866 1.000000
vt 0.145653 0.454545
vt 0.148173 0.363636
vt 0.147000 0.545455
vt 0.151424 0.090909
vt 0.150142 0.000000
vt 0.150142 1.000000
vt 0.153234 0.909091
vt 0.152333 0.545455
vt 0.150268 0.454545
vt 0.155991 0.181818
vt 0.148187 0.181818
vt 0.155991 0.818182
vt 0.148187 0.818182
vt 0.158873 0.545455
vt 0.155869 0.454545
vt 0.155897 0.636364
vt 0.165792 0.090909
vt 0.159447 0.000000
vt 0.161813 0.387149
vt 0.155897 0.363636
vt 0.165809 0.818182
vt 0.168684 0.363636
vt 0.165820 0.272727
vt 0.165825 0.636364
vt 0.168521 0.545455
vt 0.166134 1.000000
vt 0.174858 0.909091
vt 0.176718 0.000000
vt 0.166134 0.000000
vt 0.176718 1.000000
vt 0.184375 0.090909
vt 0.183332 0.000000
vt 0.183332 1.000000
vt 0.179261 0.454545
vt 0.185704 0.387923
vt 0.178914 0.363636
vt 0.185648 0.612784
vt 0.178944 0.545455
vt 0.178914 0.636364
vt 0.187984 0.000000
vt 0.187984 1.000000
vt 0.193361 0.909091
vt 0.197122 0.090909
vt 0.193691 0.000000
vt 0.197117 0.818182
vt 0.188068 0.818182
vt 0.199753 0.545455
vt 0.196974 0.454545
vt 0.194730 0.545455
vt 0.197005 0.636364
vt 0.212752 0.272727
vt 0.197117 0.181818
vt 0.197045 0.272727
vt 0.212752 0.727273
vt 0.197045 0.727273
vt 0.215790 0.545455
vt 0.212671 0.454545
vt 0.233773 0.545455
vt 0.233022 0.454545
vt 0.232899 0.636364
vt 0.232924 0.090909
vt 0.237926 0.000000
vt 0.226132 0.000000
vt 0.237926 1.000000
vt 0.232924 0.909091
vt 0.226132 1.000000
vt 0.234520 0.363636
vt 0.260966 0.272727
vt 0.232904 0.272727
vt 0.259177 0.454545
vt 0.258777 0.363636
vt 0.260853 0.090909
vt 0.259058 0.000000
vt 0.251535 0.000000
vt 0.259058 1.000000
vt 0.260853 0.909091
vt 0.251535 1.000000
vt 0.264937 0.000000
vt 0.263731 0.387901
vt 0.263675 0.612801
vt 0.259043 0.545455
vt 0.259034 0.636364
vt 0.264937 1.000000
vt 0.272576 0.090909
vt 0.270645 0.000000
vt 0.270645 1.000000
vt 0.272576 0.909091
vt 0.275202 0.181818
vt 0.268331 0.181818
vt 0.275202 0.818182
vt 0.268331 0.818182
vt 0.277655 0.387151
vt 0.275144 0.272727
vt 0.272981 0.387217
vt 0.275144 0.727273
vt 0.277600 0.612158
vt 0.272925 0.612076
vt 0.293610 0.090909
vt 0.281974 0.000000
vt 0.281974 1.000000
vt 0.293610 0.909091
vt 0.292446 0.000000
vt 0.292446 1.000000
vt 0.298055 0.545455
vt 0.295032 0.454545
vt 0.292095 0.545455
vt 0.299138 0.000000
vt 0.299138 1.000000
vt 0.301506 0.387949
vt 0.294681 0.363636
vt 0.302189 0.605848
vt 0.294680 0.636364
vt 0.303790 0.000000
vt 0.303790 1.000000
vt 0.309971 0.545455
vt 0.307402 0.454545
vt 0.307230 0.636364
vt 0.312525 0.387014
vt 0.309001 0.272727
vt 0.307230 0.363636
vt 0.309001 0.727273
vt 0.312528 0.636364
vt 0.355482 0.272727
vt 0.337473 0.181818
vt 0.327232 0.272727
vt 0.343609 0.818182
vt 0.355482 0.727273
vt 0.327232 0.727273
vt 0.359540 0.181818
vt 0.346049 0.090909
vt 0.348853 1.000000
vt 0.358310 0.909091
vt 0.339040 0.909091
vt 0.367870 0.818182
vt 0.370600 0.090909
vt 0.360521 0.000000
vt 0.367219 0.000000
vt 0.367219 1.000000
vt 0.360521 1.000000
vt 0.373964 0.909091
vt 0.375944 0.181818
vt 0.375906 0.727273
vt 0.379177 0.000000
vt 0.374369 0.000000
vt 0.379177 1.000000
vt 0.374369 1.000000
vt 0.388760 0.090909
vt 0.388723 0.000000
vt 0.383958 0.000000
vt 0.388723 1.000000
vt 0.388760 0.909091
vt 0.383958 1.000000
vt 0.395187 0.000000
vt 0.395187 1.000000
vt 0.435189 0.363636
vt 0.427229 0.272727
vt 0.412344 0.363636
vt 0.427244 0.727273
vt 0.435189 0.636364
vt 0.412345 0.636364
vt 0.445990 0.272727
vt 0.434456 0.181818
vt 0.445921 0.454545
vt 0.427274 0.454545
vt 0.445539 0.545455
vt 0.426912 0.545455
vt 0.428901 0.818182
vt 0.445990 0.727273
vt 0.430409 0.909091
vt 0.461043 0.818182
vt 0.461419 0.090909
vt 0.443334 0.000000
vt 0.430409 0.090909
vt 0.443334 1.000000
vt 0.461419 0.909091
vt 0.466750 0.363636
vt 0.466682 0.636364
vt 0.465847 0.181818
vt 0.466646 0.272727
vt 0.467583 0.454545
vt 0.467092 0.545455
vt 0.466552 0.727273
vt 0.464489 0.000000
vt 0.460009 0.000000
vt 0.464489 1.000000
vt 0.460009 1.000000
vt 0.469192 0.000000
vt 0.469192 1.000000
vt 0.473907 0.000000
vt 0.473907 1.000000
vt 0.484744 0.090909
vt 0.484681 0.818182
vt 0.478630 0.000000
vt 0.478630 1.000000
vt 0.484744 0.909091
vt 0.487480 0.363636
vt 0.487459 0.545455
vt 0.483359 0.000000
vt 0.483359 1.000000
vt 0.490544 0.181818
vt 0.492760 0.272727
vt 0.492761 0.727273
vt 0.499305 0.000000
vt 0.488729 0.000000
vt 0.499305 1.000000
vt 0.488729 1.000000
vt 0.517102 0.000000
vt 0.517102 1.000000
vt 0.518961 0.454545
vt 0.519391 0.363636
vt 0.518241 0.545455
vt 0.522840 0.090909
vt 0.521328 0.000000
vt 0.521328 1.000000
vt 0.522840 0.909091
vt 0.523523 0.545455
vt 0.527071 0.000000
vt 0.526899 0.380666
vt 0.527278 0.618764
vt 0.519391 0.636364
vt 0.527071 1.000000
vt 0.534720 0.545455
vt 0.532718 0.454545
vt 0.542482 0.454545
vt 0.535069 0.363636
vt 0.545111 0.272727
vt 0.539094 0.181818
vt 0.535109 0.272727
vt 0.544944 0.545455
vt 0.539094 0.818182
vt 0.545111 0.727273
vt 0.535109 0.727273
vt 0.539046 0.090909
vt 0.550222 0.000000
vt 0.539689 0.000000
vt 0.550222 1.000000
vt 0.539046 0.909091
vt 0.539689 1.000000
vt 0.552812 0.454545
vt 0.554788 0.363636
vt 0.545109 0.363636
vt 0.554819 0.545455
vt 0.557497 0.090909
vt 0.556865 0.000000
vt 0.556865 1.000000
vt 0.557497 0.909091
vt 0.561511 0.000000
vt 0.560581 0.454545
vt 0.561510 0.363636
vt 0.561478 0.612775
vt 0.554788 0.636364
vt 0.561511 1.000000
vt 0.566147 0.387266
vt 0.570910 0.363636
vt 0.568782 0.272727
vt 0.568220 0.727273
vt 0.570910 0.636364
vt 0.566090 0.612012
vt 0.568417 0.909091
vt 0.589873 0.818182
vt 0.568275 0.818182
vt 0.568887 0.090909
vt 0.582673 0.000000
vt 0.570870 0.000000
vt 0.592673 0.272727
vt 0.593876 0.181818
vt 0.568861 0.181818
vt 0.597439 0.909091
vt 0.592520 0.090909
vt 0.598818 0.000000
vt 0.598818 1.000000
vt 0.582673 1.000000
vt 0.602837 0.609488
vt 0.596779 0.545455
vt 0.593045 0.636364
vt 0.606438 0.611038
vt 0.604142 0.454545
vt 0.605130 0.727273
vt 0.604957 0.090909
vt 0.607565 0.000000
vt 0.605201 0.000000
vt 0.607565 1.000000
vt 0.604957 0.909091
vt 0.605201 1.000000
vt 0.609034 0.454545
vt 0.612685 0.416746
vt 0.605169 0.363636
vt 0.611177 0.612947
vt 0.613502 0.090909
vt 0.612293 0.000000
vt 0.609929 0.000000
vt 0.612293 1.000000
vt 0.613502 0.909091
vt 0.609929 1.000000
vt 0.614657 0.000000
vt 0.615903 0.612921
vt 0.614657 1.000000
vt 0.617021 0.000000
vt 0.617021 1.000000
vt 0.618486 0.454545
vt 0.620619 0.363636
vt 0.615898 0.363636
vt 0.620624 0.612894
vt 0.622905 0.090909
vt 0.621749 0.000000
vt 0.619385 0.000000
vt 0.621749 1.000000
vt 0.622905 0.909091
vt 0.619385 1.000000
vt 0.624114 0.000000
vt 0.623205 0.454545
vt 0.625334 0.363636
vt 0.625339 0.612859
vt 0.624114 1.000000
vt 0.626478 0.000000
vt 0.626478 1.000000
vt 0.627834 0.454545
vt 0.630005 0.363636
vt 0.629972 0.612644
vt 0.633597 0.454545
vt 0.637323 0.181818
vt 0.634684 0.090909
vt 0.630005 0.181818
vt 0.634756 0.611856
vt 0.634684 0.909091
vt 0.637323 0.818182
vt 0.630005 0.818182
vt 0.635934 0.000000
vt 0.633570 0.000000
vt 0.635934 1.000000
vt 0.633570 1.000000
vt 0.638298 0.000000
vt 0.639522 0.387839
vt 0.634780 0.363636
vt 0.638298 1.000000
vt 0.640662 0.000000
vt 0.640662 1.000000
vt 0.646567 0.387184
vt 0.645425 0.272727
vt 0.643026 0.386983
vt 0.645425 0.727273
vt 0.646508 0.610769
vt 0.643026 0.612497
vt 0.655992 0.387145
vt 0.653580 0.272727
vt 0.651278 0.387161
vt 0.653580 0.727273
vt 0.655932 0.610486
vt 0.651218 0.610676
vt 0.665923 0.090909
vt 0.665506 0.000000
vt 0.660792 0.000000
vt 0.665506 1.000000
vt 0.665923 0.909091
vt 0.660792 1.000000
vt 0.670220 0.000000
vt 0.669225 0.454545
vt 0.672573 0.363636
vt 0.663218 0.363636
vt 0.672573 0.636364
vt 0.668883 0.545455
vt 0.663218 0.636364
vt 0.670220 1.000000
vt 0.676101 0.454545
vt 0.675803 0.545455
vt 0.681931 0.181818
vt 0.677511 0.090909
vt 0.672573 0.181818
vt 0.677511 0.909091
vt 0.681931 0.818182
vt 0.672573 0.818182
vt 0.682006 0.454545
vt 0.681930 0.363636
vt 0.681930 0.636364
vt 0.684051 0.545455
vt 0.687900 0.454545
vt 0.688080 0.090909
vt 0.688969 0.000000
vt 0.684362 0.000000
vt 0.691276 0.363636
vt 0.691276 0.636364
vt 0.688969 1.000000
vt 0.688080 0.909091
vt 0.684362 1.000000
vt 0.693440 0.545455
vt 0.696258 0.181818
vt 0.688973 0.181818
vt 0.693832 0.454545
vt 0.696258 0.818182
vt 0.688973 0.818182
vt 0.698732 0.090909
vt 0.693830 0.000000
vt 0.693830 1.000000
vt 0.698732 0.909091
vt 0.700855 0.363636
vt 0.696196 0.272727
vt 0.696196 0.727273
vt 0.700855 0.636364
vt 0.702843 0.545455
vt 0.700824 0.454545
vt 0.705666 0.181818
vt 0.705666 0.818182
vt 0.716105 0.090909
vt 0.703271 0.000000
vt 0.703271 1.000000
vt 0.716105 0.909091
vt 0.715814 0.363636
vt 0.705603 0.272727
vt 0.705603 0.727273
vt 0.715814 0.636364
vt 0.711354 0.545455
vt 0.716020 0.454545
vt 0.716242 0.181818
vt 0.716241 0.818182
vt 0.716312 0.000000
vt 0.712719 0.000000
vt 0.716309 0.545455
vt 0.722310 0.000000
vt 0.722310 1.000000
vt 0.716312 1.000000
vt 0.729944 0.090909
vt 0.729944 0.909091
vt 0.734471 0.272727
vt 0.729805 0.181818
vt 0.716267 0.272727
vt 0.729805 0.818182
vt 0.734471 0.727273
vt 0.716267 0.727273
vt 0.735346 0.636364
vt 0.746306 0.363636
vt 0.745829 0.545455
vt 0.735684 0.454545
vt 0.751155 0.090909
vt 0.740012 0.000000
vt 0.740012 1.000000
vt 0.751155 0.909091
vt 0.754892 0.272727
vt 0.751072 0.181818
vt 0.749011 0.454545
vt 0.751072 0.818182
vt 0.754892 0.727273
vt 0.759745 0.363636
vt 0.759746 0.636364
vt 0.749032 0.636364
vt 0.772484 0.272727
vt 0.771267 0.181818
vt 0.771267 0.818182
vt 0.772484 0.727273
vt 0.774311 0.363636
vt 0.774312 0.636364
vt 0.771174 0.090909
vt 0.778816 0.000000
vt 0.773898 0.000000
vt 0.778816 1.000000
vt 0.771174 0.909091
vt 0.773898 1.000000
vt 0.789120 0.272727
vt 0.789120 0.727273
vt 0.788960 0.090909
vt 0.788299 0.000000
vt 0.783557 0.000000
vt 0.788299 1.000000
vt 0.788960 0.909091
vt 0.783557 1.000000
vt 0.795137 0.000000
vt 0.795137 1.000000
vt 0.813243 0.181818
vt 0.808831 0.090909
vt 0.805510 0.181818
vt 0.805740 0.454545
vt 0.811984 0.386022
vt 0.805290 0.363636
vt 0.811923 0.613725
vt 0.805480 0.545455
vt 0.805290 0.636364
vt 0.808831 0.909091
vt 0.813243 0.818182
vt 0.805510 0.818182
vt 0.818828 0.272727
vt 0.812061 0.272727
vt 0.818828 0.727273
vt 0.812061 0.727273
vt 0.828282 0.272727
vt 0.825013 0.181818
vt 0.825014 0.818182
vt 0.828282 0.727273
vt 0.824961 0.090909
vt 0.836294 0.000000
vt 0.825717 0.000000
vt 0.836294 1.000000
vt 0.824961 0.909091
vt 0.825717 1.000000
vt 0.838517 0.272727
vt 0.840803 0.181818
vt 0.840804 0.818182
vt 0.838517 0.727273
vt 0.843389 0.090909
vt 0.842941 0.000000
vt 0.842941 1.000000
vt 0.843389 0.909091
vt 0.838900 0.454545
vt 0.845317 0.387885
vt 0.838556 0.363636
vt 0.845262 0.612812
vt 0.838585 0.545455
vt 0.838555 0.636364
vt 0.847599 0.000000
vt 0.846458 0.272727
vt 0.849952 0.181818
vt 0.849952 0.818182
vt 0.846458 0.727273
vt 0.847599 1.000000
vt 0.854213 0.090909
vt 0.854213 0.909091
vt 0.857037 0.181818
vt 0.857018 0.363636
vt 0.854976 0.272727
vt 0.852241 0.387090
vt 0.854976 0.727273
vt 0.857018 0.636364
vt 0.852176 0.612904
vt 0.857037 0.818182
vt 0.882567 0.090909
vt 0.856684 0.000000
vt 0.856684 1.000000
vt 0.882567 0.909091
vt 0.882649 0.181818
vt 0.887002 0.545455
vt 0.881540 0.454545
vt 0.856943 0.545455
vt 0.882649 0.818182
vt 0.914914 0.181818
vt 0.914914 0.818182
vt 0.914915 0.727273
vt 0.914909 0.626196
vt 0.883086 0.636364
vt 0.914902 0.090909
vt 0.904836 0.000000
vt 0.904836 1.000000
vt 0.914902 0.909091
vt 0.914913 0.454545
vt 0.929909 0.090909
vt 0.914890 0.000000
vt 0.914890 1.000000
vt 0.929909 0.909091
vt 0.923114 0.000000
vt 0.923114 1.000000
vt 0.932565 0.000000
vt 0.924361 0.454545
vt 0.935097 0.363636
vt 0.921904 0.363636
vt 0.935089 0.636364
vt 0.924010 0.545455
vt 0.921904 0.636364
vt 0.932565 1.000000
vt 0.940012 0.000000
vt 0.940012 1.000000
vt 0.971629 0.000000
vt 0.971402 0.181818
vt 0.929559 0.181818
vt 0.970906 0.363636
vt 0.929857 0.272727
vt 0.971402 0.818182
vt 0.929559 0.818182
vt 0.971629 1.000000
vt 0.971522 0.090909
vt 0.971523 0.909091
vt 0.971503 0.272727
vt 0.971503 0.727273
vt 0.970908 0.636364
vt 0.929857 0.727273
vt 1.000000 0.090909
vt 1.000000 0.909091
vt 0.013909 0.090909
vt 0.060209 0.000000
vt 0.013521 0.000000
vt 0.060209 1.000000
vt 0.013906 0.909091
vt 0.013521 1.000000
vt 0.114286 0.000000
vt 0.114286 1.000000
vt 0.015248 0.181818
vt 0.192350 0.090909
vt 0.192350 0.909091
vt 0.015248 0.818182
vt 0.169376 0.000000
vt 0.169376 1.000000
vt 0.015843 0.272727
vt 0.196484 0.181818
vt 0.196484 0.818182
vt 0.015845 0.727273
vt 0.211552 0.272727
vt 0.211552 0.727273
vt 0.252205 0.181818
vt 0.252205 0.818182
vt 0.265234 0.272727
vt 0.265235 0.727273
vt 0.291277 0.181818
vt 0.266243 0.090909
vt 0.266243 0.909091
vt 0.291277 0.818182
vt 0.323690 0.272727
vt 0.323690 0.727273
vt 0.336318 0.181818
vt 0.329857 0.090909
vt 0.329857 0.909091
vt 0.336318 0.818182
vt 0.343576 0.000000
vt 0.324324 0.000000
vt 0.318458 0.454545
vt 0.343437 0.363636
vt 0.311095 0.363636
vt 0.343437 0.636364
vt 0.316776 0.545455
vt 0.311095 0.636364
vt 0.343576 1.000000
vt 0.324324 1.000000
vt 0.371554 0.000000
vt 0.373273 0.454545
vt 0.384500 0.363636
vt 0.384500 0.636364
vt 0.377805 0.545455
vt 0.371554 1.000000
vt 0.384265 0.272727
vt 0.397268 0.181818
vt 0.397268 0.818182
vt 0.384265 0.727273
vt 0.396582 0.090909
vt 0.398493 0.000000
vt 0.398493 1.000000
vt 0.396582 0.909091
vt 0.425446 0.000000
vt 0.433055 0.454545
vt 0.438005 0.363636
vt 0.438176 0.545455
vt 0.425446 1.000000
vt 0.437776 0.272727
vt 0.465595 0.181818
vt 0.465595 0.818182
vt 0.437776 0.727273
vt 0.465646 0.090909
vt 0.452419 0.000000
vt 0.452419 1.000000
vt 0.465646 0.909091
vt 0.479414 0.000000
vt 0.479414 1.000000
vt 0.548364 0.181818
vt 0.537719 0.090909
vt 0.521568 0.181818
vt 0.546710 0.379236
vt 0.521201 0.363636
vt 0.521092 0.454545
vt 0.521201 0.636364
vt 0.547118 0.625746
vt 0.519859 0.545455
vt 0.537719 0.909091
vt 0.548364 0.818182
vt 0.521569 0.818182
vt 0.587627 0.272727
vt 0.580941 0.181818
vt 0.567568 0.272727
vt 0.580941 0.818182
vt 0.587628 0.727273
vt 0.567568 0.727273
vt 0.580947 0.090909
vt 0.594595 0.000000
vt 0.581081 0.000000
vt 0.594595 1.000000
vt 0.580947 0.909091
vt 0.581081 1.000000
vt 0.624230 0.090909
vt 0.621622 0.000000
vt 0.608108 0.000000
vt 0.621622 1.000000
vt 0.624230 0.909091
vt 0.608108 1.000000
vt 0.635135 0.000000
vt 0.635135 1.000000
vt 0.648649 0.000000
vt 0.648649 1.000000
vt 0.642272 0.454545
vt 0.673161 0.388530
vt 0.640933 0.363636
vt 0.672545 0.611367
vt 0.641041 0.545455
vt 0.640933 0.636364
vt 0.699122 0.090909
vt 0.683140 0.000000
vt 0.662162 0.000000
vt 0.683140 1.000000
vt 0.699122 0.909091
vt 0.662162 1.000000
vt 0.726402 0.363636
vt 0.689905 0.272727
vt 0.689905 0.727273
vt 0.726401 0.636364
vt 0.807999 0.272727
vt 0.708912 0.181818
vt 0.708912 0.818182
vt 0.807122 0.727273
vt 0.811892 0.090909
vt 0.737352 0.000000
vt 0.737352 1.000000
vt 0.811893 0.909091
vt 0.810247 0.181818
vt 0.814246 0.363636
vt 0.813759 0.636364
vt 0.810427 0.818182
vt 0.843138 0.000000
vt 0.818881 0.000000
vt 0.843138 1.000000
vt 0.818881 1.000000
vt 0.870412 0.000000
vt 0.889571 0.181818
vt 0.889570 0.818182
vt 0.870412 1.000000
vt 0.929295 0.090909
vt 0.929295 0.909091
vt 0.924807 0.000000
vt 0.897634 0.000000
vt 0.924807 1.000000
vt 0.897634 1.000000
vt 0.963799 0.000000
vt 0.929698 0.272727
vt 0.963524 0.181818
vt 0.963525 0.818182
vt 0.929698 0.727273
vt 0.963799 1.000000
vt 0.011108 0.181818
vt 0.011564 0.818182
vt 0.041678 0.181818
vt 0.041681 0.272727
vt 0.041681 0.727273
vt 0.041678 0.818182
vt 0.112178 0.181818
vt 0.112251 0.272727
vt 0.112251 0.727273
vt 0.110967 0.818182
vt 0.143954 0.181818
vt 0.143957 0.272727
vt 0.143958 0.363636
vt 0.143691 0.545455
vt 0.144241 0.454545
vt 0.143957 0.727273
vt 0.143958 0.636364
vt 0.143954 0.818182
vt 0.165476 0.181818
vt 0.157512 0.272727
vt 0.157511 0.363636
vt 0.157717 0.454545
vt 0.157278 0.545455
vt 0.157511 0.636364
vt 0.157512 0.727273
vt 0.165476 0.818182
vt 0.171771 0.272727
vt 0.171468 0.454545
vt 0.171900 0.636364
vt 0.171771 0.727273
vt 0.212234 0.181818
vt 0.212204 0.272727
vt 0.212184 0.636364
vt 0.212204 0.727273
vt 0.212234 0.818182
vt 0.227056 0.636364
vt 0.241549 0.363636
vt 0.230349 0.000000
vt 0.230349 1.000000
vt 0.241549 0.636364
vt 0.243278 0.000000
vt 0.255303 0.000000
vt 0.243278 1.000000
vt 0.259151 0.272727
vt 0.259091 0.363636
vt 0.259047 0.454545
vt 0.258542 0.545455
vt 0.259091 0.636364
vt 0.259151 0.727273
vt 0.255303 1.000000
vt 0.273072 0.272727
vt 0.262252 0.000000
vt 0.262252 1.000000
vt 0.269201 0.000000
vt 0.273012 0.363636
vt 0.272969 0.454545
vt 0.272463 0.545455
vt 0.273012 0.636364
vt 0.273072 0.727273
vt 0.276148 0.000000
vt 0.283095 0.000000
vt 0.269201 1.000000
vt 0.276148 1.000000
vt 0.289334 0.181818
vt 0.289255 0.272727
vt 0.287359 0.363636
vt 0.287627 0.454545
vt 0.287150 0.545455
vt 0.287359 0.636364
vt 0.289255 0.727273
vt 0.289334 0.818182
vt 0.283095 1.000000
vt 0.305669 0.181818
vt 0.305669 0.818182
vt 0.310770 0.000000
vt 0.303845 0.000000
vt 0.303845 1.000000
vt 0.310770 1.000000
vt 0.320894 0.181818
vt 0.320894 0.818182
vt 0.335609 0.090909
vt 0.335597 0.181818
vt 0.335597 0.818182
vt 0.335609 0.909091
vt 0.336806 0.000000
vt 0.336806 1.000000
vt 0.340278 0.000000
vt 0.345755 0.090909
vt 0.343750 0.000000
vt 0.340278 1.000000
vt 0.345642 0.181818
vt 0.345585 0.272727
vt 0.345585 0.727273
vt 0.345642 0.818182
vt 0.345755 0.909091
vt 0.343750 1.000000
vt 0.347222 0.000000
vt 0.347222 1.000000
vt 0.354114 0.272727
vt 0.354114 0.727273
vt 0.369750 0.386030
vt 0.369673 0.612881
vt 0.376678 0.385793
vt 0.376602 0.612857
vt 0.383629 0.612799
vt 0.383704 0.385700
vt 0.390633 0.385534
vt 0.390558 0.612799
vt 0.397490 0.612792
vt 0.397564 0.385285
vt 0.404498 0.384943
vt 0.404425 0.612780
vt 0.411339 0.611435
vt 0.411439 0.388565
vt 0.413194 0.000000
vt 0.418880 0.090909
vt 0.418880 0.909091
vt 0.413194 1.000000
vt 0.416667 0.000000
vt 0.416667 1.000000
vt 0.420139 0.000000
vt 0.420139 1.000000
vt 0.423611 0.000000
vt 0.432869 0.090909
vt 0.427083 0.000000
vt 0.423611 1.000000
vt 0.432869 0.909091
vt 0.427083 1.000000
vt 0.432371 0.387176
vt 0.430556 0.000000
vt 0.432295 0.614335
vt 0.439296 0.387176
vt 0.430556 1.000000
vt 0.434028 0.000000
vt 0.434028 1.000000
vt 0.437500 0.000000
vt 0.439220 0.614138
vt 0.446223 0.090909
vt 0.440972 0.000000
vt 0.437500 1.000000
vt 0.446223 0.909091
vt 0.440972 1.000000
vt 0.444444 0.000000
vt 0.454861 0.000000
vt 0.451389 0.000000
vt 0.444444 1.000000
vt 0.447917 0.000000
vt 0.447917 1.000000
vt 0.451389 1.000000
vt 0.458276 0.181818
vt 0.456533 0.272727
vt 0.456533 0.727273
vt 0.458276 0.818182
vt 0.454861 1.000000
vt 0.471045 0.090909
vt 0.465278 0.000000
vt 0.471045 0.909091
vt 0.465278 1.000000
vt 0.468750 0.000000
vt 0.468750 1.000000
vt 0.472222 0.000000
vt 0.472222 1.000000
vt 0.475694 0.000000
vt 0.479167 0.000000
vt 0.475694 1.000000
vt 0.479167 1.000000
vt 0.494798 0.389511
vt 0.501903 0.387037
vt 0.500000 0.000000
vt 0.501826 0.614078
vt 0.505528 0.090909
vt 0.503472 0.000000
vt 0.500000 1.000000
vt 0.505528 0.909091
vt 0.503472 1.000000
vt 0.508777 0.363636
vt 0.506944 0.000000
vt 0.508435 0.545455
vt 0.508749 0.454545
vt 0.508777 0.636364
vt 0.514301 0.090909
vt 0.510417 0.000000
vt 0.506944 1.000000
vt 0.514301 0.909091
vt 0.510417 1.000000
vt 0.515681 0.363636
vt 0.513889 0.000000
vt 0.515653 0.454545
vt 0.515340 0.545455
vt 0.515681 0.636364
vt 0.517361 0.000000
vt 0.513889 1.000000
vt 0.517361 1.000000
vt 0.522549 0.272727
vt 0.522549 0.363636
vt 0.522679 0.454545
vt 0.522420 0.545455
vt 0.522549 0.636364
vt 0.522549 0.727273
vt 0.536370 0.272727
vt 0.536370 0.727273
vt 0.555511 0.181818
vt 0.547685 0.272727
vt 0.547670 0.636364
vt 0.547685 0.727273
vt 0.555511 0.818182
vt 0.560908 0.272727
vt 0.560908 0.727273
vt 0.577761 0.000000
vt 0.577761 1.000000
vt 0.587326 0.636364
vt 0.617414 0.272727
vt 0.591343 0.000000
vt 0.591343 1.000000
vt 0.617414 0.727273
vt 0.640836 0.181818
vt 0.640923 0.272727
vt 0.640923 0.727273
vt 0.640836 0.818182
vt 0.656262 0.727273
vt 0.661411 0.000000
vt 0.661411 1.000000
vt 0.674186 0.000000
vt 0.677629 0.363636
vt 0.674186 1.000000
vt 0.698850 0.000000
vt 0.698850 1.000000
vt 0.713648 0.181818
vt 0.713647 0.272727
vt 0.713647 0.727273
vt 0.713648 0.818182
vt 0.715278 0.613017
vt 0.715278 0.387504
vt 0.720433 0.181818
vt 0.720491 0.272727
vt 0.718750 0.387503
vt 0.718750 0.613017
vt 0.720491 0.727273
vt 0.720433 0.818182
vt 0.722222 0.613016
vt 0.722222 0.387504
vt 0.727333 0.181818
vt 0.727391 0.272727
vt 0.725694 0.387503
vt 0.725694 0.613017
vt 0.727391 0.727273
vt 0.727333 0.818182
vt 0.729167 0.613016
vt 0.729167 0.387504
vt 0.732639 0.000000
vt 0.734358 0.090909
vt 0.734357 0.181818
vt 0.734357 0.818182
vt 0.734358 0.909091
vt 0.732639 1.000000
vt 0.736111 0.000000
vt 0.739583 0.000000
vt 0.736111 1.000000
vt 0.739583 1.000000
vt 0.743056 0.000000
vt 0.748062 0.272727
vt 0.743056 1.000000
vt 0.746528 0.000000
vt 0.747537 0.380193
vt 0.746528 1.000000
vt 0.750000 0.000000
vt 0.750000 1.000000
vt 0.755284 0.181818
vt 0.755283 0.272727
vt 0.755283 0.636364
vt 0.755283 0.727273
vt 0.755284 0.818182
vt 0.762081 0.181818
vt 0.762139 0.272727
vt 0.762178 0.636364
vt 0.762139 0.727273
vt 0.762081 0.818182
vt 0.769000 0.181818
vt 0.769058 0.272727
vt 0.769058 0.727273
vt 0.769000 0.818182
vt 0.776044 0.181818
vt 0.776044 0.272727
vt 0.776044 0.727273
vt 0.776044 0.818182
vt 0.781250 0.000000
vt 0.783030 0.272727
vt 0.783030 0.727273
vt 0.781250 1.000000
vt 0.784722 0.000000
vt 0.789913 0.272727
vt 0.784722 1.000000
vt 0.788194 0.000000
vt 0.789913 0.727273
vt 0.788194 1.000000
vt 0.791667 0.000000
vt 0.791667 1.000000
vt 0.798646 0.181818
vt 0.798646 0.272727
vt 0.796897 0.363636
vt 0.798646 0.727273
vt 0.798646 0.818182
vt 0.801342 0.411165
vt 0.805556 0.000000
vt 0.807281 0.272727
vt 0.807329 0.387796
vt 0.807281 0.727273
vt 0.805556 1.000000
vt 0.814275 0.272727
vt 0.809028 0.000000
vt 0.809028 1.000000
vt 0.812500 0.000000
vt 0.813795 0.386708
vt 0.813637 0.604976
vt 0.814275 0.727273
vt 0.812500 1.000000
vt 0.815972 0.000000
vt 0.824458 0.090909
vt 0.819444 0.000000
vt 0.815972 1.000000
vt 0.824458 0.909091
vt 0.819444 1.000000
vt 0.822917 0.000000
vt 0.822917 1.000000
vt 0.826389 0.000000
vt 0.826389 1.000000
vt 0.829861 0.000000
vt 0.829861 1.000000
vt 0.835091 0.181818
vt 0.835149 0.272727
vt 0.835149 0.727273
vt 0.835091 0.818182
vt 0.841951 0.181818
vt 0.842010 0.272727
vt 0.842010 0.727273
vt 0.841951 0.818182
vt 0.848873 0.181818
vt 0.848931 0.272727
vt 0.848931 0.727273
vt 0.848873 0.818182
vt 0.856012 0.272727
vt 0.856012 0.727273
vt 0.855789 0.818182
vt 0.861111 0.000000
vt 0.863014 0.454545
vt 0.864538 0.818182
vt 0.864537 0.909091
vt 0.861111 1.000000
vt 0.864583 0.000000
vt 0.864583 1.000000
vt 0.868056 0.000000
vt 0.871528 0.000000
vt 0.868056 1.000000
vt 0.873202 0.272727
vt 0.873202 0.727273
vt 0.871528 1.000000
vt 0.881987 0.272727
vt 0.875000 0.000000
vt 0.875000 1.000000
vt 0.881987 0.727273
vt 0.888889 0.000000
vt 0.890619 0.272727
vt 0.891168 0.392300
vt 0.890619 0.727273
vt 0.888889 1.000000
vt 0.897613 0.272727
vt 0.892361 0.000000
vt 0.892361 1.000000
vt 0.895833 0.000000
vt 0.897567 0.387155
vt 0.897471 0.608535
vt 0.897613 0.727273
vt 0.899306 0.000000
vt 0.908184 0.090909
vt 0.902778 0.000000
vt 0.895833 1.000000
vt 0.899306 1.000000
vt 0.904493 0.387128
vt 0.904396 0.608315
vt 0.908184 0.909091
vt 0.902778 1.000000
vt 0.911422 0.387100
vt 0.906250 0.000000
vt 0.906250 1.000000
vt 0.909722 0.000000
vt 0.911324 0.607931
vt 0.913194 0.000000
vt 0.921483 0.090909
vt 0.917753 0.000000
vt 0.909722 1.000000
vt 0.913194 1.000000
vt 0.921258 0.181818
vt 0.921148 0.272727
vt 0.921077 0.363636
vt 0.921026 0.454545
vt 0.921077 0.636364
vt 0.921148 0.727273
vt 0.921258 0.818182
vt 0.921483 0.909091
vt 0.917753 1.000000
vt 0.925331 0.000000
vt 0.942865 0.090909
vt 0.932274 0.000000
vt 0.925331 1.000000
vt 0.942659 0.181818
vt 0.942659 0.818182
vt 0.942864 0.909091
vt 0.932274 1.000000
vt 0.939216 0.000000
vt 0.939216 1.000000
vt 0.946159 0.000000
vt 0.953102 0.000000
vt 0.973100 0.090909
vt 0.965268 0.000000
vt 0.946159 1.000000
vt 0.953102 1.000000
vt 0.972980 0.181818
vt 0.972920 0.272727
vt 0.972879 0.363636
vt 0.972920 0.727273
vt 0.972980 0.818182
vt 0.973100 0.909091
vt 0.965268 1.000000
vt 0.977934 0.000000
vt 0.977934 1.000000
vt 0.994506 0.181818
vt 0.995013 0.272727
vt 0.994487 0.363636
vt 0.995013 0.727273
vt 0.995032 0.818182
vt 0.000000 0.181818
vt 1.000000 0.454545
vt 0.000000 0.818182
vt 0.006458 0.000000
vt 0.006458 1.000000
vt 0.011639 0.000000
vt 0.011639 1.000000
vt 0.016820 0.000000
vt 0.022002 0.000000
vt 0.016820 1.000000
vt 0.022002 1.000000
vt 0.037576 0.000000
vt 0.037576 1.000000
vt 0.100057 0.454545
vt 0.104899 0.000000
vt 0.104899 1.000000
vt 0.122851 0.181818
vt 0.109983 0.000000
vt 0.109983 1.000000
vt 0.122851 0.818182
vt 0.136541 0.181818
vt 0.136541 0.818182
vt 0.147563 0.000000
vt 0.149525 0.090909
vt 0.149564 0.181818
vt 0.149564 0.818182
vt 0.149525 0.909091
vt 0.147563 1.000000
vt 0.153481 0.000000
vt 0.162427 0.000000
vt 0.153481 1.000000
vt 0.162427 1.000000
vt 0.172992 0.000000
vt 0.172992 1.000000
vt 0.200788 0.000000
vt 0.200788 1.000000
vt 0.237034 0.181818
vt 0.237097 0.272727
vt 0.233663 0.363636
vt 0.234077 0.454545
vt 0.233695 0.545455
vt 0.233663 0.636364
vt 0.237097 0.727273
vt 0.237034 0.818182
vt 0.243919 0.363636
vt 0.244253 0.454545
vt 0.243944 0.545455
vt 0.243919 0.636364
vt 0.256012 0.000000
vt 0.262594 0.272727
vt 0.262576 0.363636
vt 0.262678 0.454545
vt 0.262263 0.545455
vt 0.256012 1.000000
vt 0.266200 0.000000
vt 0.266200 1.000000
vt 0.287292 0.454545
vt 0.286946 0.545455
vt 0.296692 0.000000
vt 0.296692 1.000000
vt 0.307028 0.000000
vt 0.307028 1.000000
vt 0.352967 0.454545
vt 0.380156 0.272727
vt 0.380156 0.727273
vt 0.387320 0.272727
vt 0.387320 0.727273
vt 0.389866 0.000000
vt 0.389866 1.000000
vt 0.394854 0.272727
vt 0.394808 0.363636
vt 0.394417 0.545455
vt 0.394773 0.454545
vt 0.394808 0.636364
vt 0.394854 0.727273
vt 0.405016 0.272727
vt 0.394974 0.000000
vt 0.394974 1.000000
vt 0.405018 0.363636
vt 0.405184 0.454545
vt 0.404841 0.545455
vt 0.405018 0.636364
vt 0.405016 0.727273
vt 0.416250 0.272727
vt 0.416250 0.727273
vt 0.426279 0.272727
vt 0.426279 0.727273
vt 0.428699 0.612803
vt 0.428770 0.387194
vt 0.431269 0.000000
vt 0.431269 1.000000
vt 0.435918 0.272727
vt 0.435920 0.363636
vt 0.435773 0.545455
vt 0.435912 0.454545
vt 0.435920 0.636364
vt 0.435918 0.727273
vt 0.436821 0.000000
vt 0.436821 1.000000
vt 0.492063 0.636364
vt 0.564613 0.000000
vt 0.564613 1.000000
vt 0.571293 0.000000
vt 0.571293 1.000000
vt 0.577545 0.000000
vt 0.577545 1.000000
vt 0.586342 0.272727
vt 0.584040 0.000000
vt 0.586299 0.363636
vt 0.585920 0.545455
vt 0.586267 0.454545
vt 0.586299 0.636364
vt 0.586342 0.727273
vt 0.589212 0.000000
vt 0.584040 1.000000
vt 0.589212 1.000000
vt 0.597579 0.181818
vt 0.597577 0.272727
vt 0.597577 0.363636
vt 0.597753 0.454545
vt 0.597425 0.545455
vt 0.597577 0.636364
vt 0.597577 0.727273
vt 0.597579 0.818182
vt 0.607596 0.181818
vt 0.607661 0.272727
vt 0.607708 0.363636
vt 0.607661 0.727273
vt 0.607596 0.818182
vt 0.616470 0.000000
vt 0.618783 0.181818
vt 0.618783 0.818182
vt 0.616470 1.000000
vt 0.638092 0.545455
vt 0.638551 0.454545
vt 0.642007 0.000000
vt 0.642007 1.000000
vt 0.652552 0.000000
vt 0.652552 1.000000
vt 0.669717 0.000000
vt 0.669717 1.000000
vt 0.698950 0.545455
vt 0.699274 0.454545
vt 0.706017 0.181818
vt 0.706017 0.818182
vt 0.722189 0.000000
vt 0.724983 0.363636
vt 0.724957 0.454545
vt 0.724648 0.545455
vt 0.724983 0.636364
vt 0.722189 1.000000
vt 0.736954 0.363636
vt 0.726835 0.000000
vt 0.726835 1.000000
vt 0.732042 0.000000
vt 0.736922 0.454545
vt 0.736513 0.545455
vt 0.736954 0.636364
vt 0.732042 1.000000
vt 0.737258 0.000000
vt 0.737258 1.000000
vt 0.742489 0.000000
vt 0.742489 1.000000
vt 0.753312 0.454545
vt 0.753021 0.545455
vt 0.747737 0.000000
vt 0.747737 1.000000
vt 0.770422 0.363636
vt 0.770827 0.454545
vt 0.770452 0.545455
vt 0.770422 0.636364
vt 0.783700 0.272727
vt 0.783713 0.363636
vt 0.784081 0.454545
vt 0.783724 0.545455
vt 0.783713 0.636364
vt 0.783700 0.727273
vt 0.805852 0.181818
vt 0.805832 0.272727
vt 0.805818 0.363636
vt 0.806105 0.454545
vt 0.805375 0.545455
vt 0.805818 0.636364
vt 0.805832 0.727273
vt 0.805852 0.818182
vt 0.820407 0.090909
vt 0.816062 0.000000
vt 0.820275 0.181818
vt 0.820207 0.272727
vt 0.820162 0.363636
vt 0.820129 0.454545
vt 0.819754 0.545455
vt 0.820162 0.636364
vt 0.820207 0.727273
vt 0.820275 0.818182
vt 0.820407 0.909091
vt 0.816062 1.000000
vt 0.823834 0.000000
vt 0.830706 0.090909
vt 0.826425 0.000000
vt 0.818653 0.000000
vt 0.818653 1.000000
vt 0.821244 0.000000
vt 0.821244 1.000000
vt 0.823834 1.000000
vt 0.830573 0.181818
vt 0.830505 0.272727
vt 0.830505 0.727273
vt 0.830573 0.818182
vt 0.830706 0.909091
vt 0.826425 1.000000
vt 0.834197 0.000000
vt 0.836788 0.000000
vt 0.829016 0.000000
vt 0.829016 1.000000
vt 0.831606 0.000000
vt 0.831606 1.000000
vt 0.834197 1.000000
vt 0.838147 0.272727
vt 0.838147 0.727273
vt 0.836788 1.000000
vt 0.846167 0.272727
vt 0.839378 0.000000
vt 0.839378 1.000000
vt 0.841969 0.000000
vt 0.846160 0.363636
vt 0.845999 0.545455
vt 0.846289 0.454545
vt 0.846160 0.636364
vt 0.846167 0.727273
vt 0.841969 1.000000
vt 0.862689 0.181818
vt 0.858398 0.272727
vt 0.858442 0.363636
vt 0.858852 0.454545
vt 0.858474 0.545455
vt 0.858442 0.636364
vt 0.858398 0.727273
vt 0.862689 0.818182
vt 0.868797 0.272727
vt 0.868842 0.363636
vt 0.869252 0.454545
vt 0.868874 0.545455
vt 0.868842 0.636364
vt 0.868797 0.727273
vt 0.886043 0.181818
vt 0.886081 0.272727
vt 0.886114 0.363636
vt 0.880538 0.454545
vt 0.880265 0.545455
vt 0.886114 0.636364
vt 0.886081 0.727273
vt 0.886043 0.818182
vt 0.890255 0.545455
vt 0.890610 0.454545
vt 0.900458 0.000000
vt 0.905993 0.090909
vt 0.900431 0.363636
vt 0.900431 0.636364
vt 0.905993 0.909091
vt 0.900458 1.000000
vt 0.913024 0.000000
vt 0.913592 0.636364
vt 0.940638 0.090909
vt 0.935737 0.000000
vt 0.913024 1.000000
vt 0.940650 0.181818
vt 0.937962 0.363636
vt 0.938133 0.454545
vt 0.937752 0.545455
vt 0.937962 0.636364
vt 0.940650 0.818182
vt 0.940638 0.909091
vt 0.935737 1.000000
vt 0.950260 0.454545
vt 0.944812 0.000000
vt 0.944812 1.000000
vt 0.949909 0.545455
vt 0.957761 0.181818
vt 0.957761 0.818182
vt 0.960218 0.454545
vt 0.959809 0.545455
vt 0.977763 0.090909
vt 0.970411 0.000000
vt 0.977328 0.454545
vt 0.976490 0.545455
vt 0.977763 0.909091
vt 0.970411 1.000000
vt 0.000000 0.000000
vt 0.991924 0.000000
vt 0.991924 1.000000
vt 0.000000 0.363636
vt 0.000000 0.636364
vt 0.000182 0.454545
vt 0.000134 0.545455
vt 0.000000 1.000000
vt 0.014425 0.272727
vt 0.014425 0.727273
vt 0.015639 0.454545
vt 0.021581 0.363636
vt 0.028933 0.636364
vt 0.026083 0.000000
vt 0.026083 1.000000
vt 0.033277 0.000000
vt 0.069464 0.454545
vt 0.072825 0.000000
vt 0.072825 1.000000
vt 0.085288 0.181818
vt 0.076355 0.000000
vt 0.076355 1.000000
vt 0.085288 0.818182
vt 0.094793 0.181818
vt 0.094793 0.818182
vt 0.102444 0.000000
vt 0.103795 0.090909
vt 0.103822 0.181818
vt 0.103822 0.818182
vt 0.103795 0.909091
vt 0.102444 1.000000
vt 0.106529 0.000000
vt 0.112760 0.000000
vt 0.106529 1.000000
vt 0.112760 1.000000
vt 0.120090 0.000000
vt 0.120090 1.000000
vt 0.154734 0.363636
vt 0.154814 0.454545
vt 0.154601 0.545455
vt 0.154734 0.636364
vt 0.164603 0.181818
vt 0.164647 0.272727
vt 0.162236 0.363636
vt 0.162524 0.454545
vt 0.162258 0.545455
vt 0.162236 0.636364
vt 0.164647 0.727273
vt 0.164603 0.818182
vt 0.169346 0.363636
vt 0.169578 0.454545
vt 0.169364 0.545455
vt 0.169346 0.636364
vt 0.177735 0.000000
vt 0.193748 0.181818
vt 0.182363 0.454545
vt 0.182292 0.636364
vt 0.177735 1.000000
vt 0.184808 0.000000
vt 0.184808 1.000000
vt 0.205976 0.000000
vt 0.205976 1.000000
vt 0.213153 0.000000
vt 0.213153 1.000000
vt 0.264815 0.181818
vt 0.244971 0.454545
vt 0.263826 0.272727
vt 0.263826 0.727273
vt 0.264815 0.818182
vt 0.270642 0.000000
vt 0.270642 1.000000
vt 0.274049 0.363636
vt 0.273780 0.545455
vt 0.274026 0.454545
vt 0.274049 0.636364
vt 0.281176 0.363636
vt 0.274195 0.000000
vt 0.274195 1.000000
vt 0.281291 0.454545
vt 0.281053 0.545455
vt 0.281176 0.636364
vt 0.295037 0.272727
vt 0.295037 0.727273
vt 0.296763 0.613011
vt 0.296763 0.387509
vt 0.299423 0.000000
vt 0.299423 1.000000
vt 0.302927 0.545455
vt 0.314351 0.545455
vt 0.326842 0.454545
vt 0.355592 0.272727
vt 0.351701 0.000000
vt 0.355592 0.727273
vt 0.358899 0.000000
vt 0.364234 0.000000
vt 0.351701 1.000000
vt 0.358899 1.000000
vt 0.364234 1.000000
vt 0.368728 0.000000
vt 0.394802 0.000000
vt 0.391350 0.000000
vt 0.394801 0.727273
vt 0.394802 1.000000
vt 0.399935 0.000000
vt 0.400032 0.727273
vt 0.399935 1.000000
vt 0.423230 0.000000
vt 0.423230 1.000000
vt 0.438193 0.545455
vt 0.444224 0.181818
vt 0.444266 0.272727
vt 0.444266 0.727273
vt 0.444224 0.818182
vt 0.450759 0.090909
vt 0.450790 0.181818
vt 0.450807 0.272727
vt 0.450807 0.727273
vt 0.450790 0.818182
vt 0.450759 0.909091
vt 0.451648 0.000000
vt 0.457775 0.000000
vt 0.451648 1.000000
vt 0.459743 0.272727
vt 0.459712 0.363636
vt 0.459689 0.454545
vt 0.459428 0.545455
vt 0.459712 0.636364
vt 0.459743 0.727273
vt 0.457775 1.000000
vt 0.466921 0.272727
vt 0.461371 0.000000
vt 0.461371 1.000000
vt 0.464966 0.000000
vt 0.466890 0.363636
vt 0.466868 0.454545
vt 0.466607 0.545455
vt 0.466890 0.636364
vt 0.466921 0.727273
vt 0.468559 0.000000
vt 0.472151 0.000000
vt 0.464966 1.000000
vt 0.468559 1.000000
vt 0.473669 0.363636
vt 0.473181 0.454545
vt 0.473669 0.636364
vt 0.473694 0.727273
vt 0.472151 1.000000
vt 0.480037 0.363636
vt 0.475263 0.000000
vt 0.475263 1.000000
vt 0.480040 0.727273
vt 0.484784 0.454545
vt 0.486126 0.727273
vt 0.486082 0.818182
vt 0.493356 0.727273
vt 0.493311 0.818182
vt 0.499218 0.000000
vt 0.501279 0.727273
vt 0.499218 1.000000
vt 0.502797 0.000000
vt 0.502797 1.000000
vt 0.506403 0.000000
vt 0.508584 0.727273
vt 0.506403 1.000000
vt 0.510003 0.000000
vt 0.513591 0.000000
vt 0.510003 1.000000
vt 0.513591 1.000000
vt 0.516187 0.000000
vt 0.516187 1.000000
vt 0.533873 0.727273
vt 0.545186 0.272727
vt 0.545186 0.727273
vt 0.553828 0.545455
vt 0.554309 0.454545
vt 0.571441 0.272727
vt 0.571411 0.363636
vt 0.571389 0.454545
vt 0.571125 0.545455
vt 0.571411 0.636364
vt 0.571441 0.727273
vt 0.578736 0.272727
vt 0.572939 0.000000
vt 0.572939 1.000000
vt 0.576548 0.000000
vt 0.578708 0.363636
vt 0.578686 0.454545
vt 0.578421 0.545455
vt 0.578708 0.636364
vt 0.578736 0.727273
vt 0.585609 0.272727
vt 0.576548 1.000000
vt 0.580159 0.000000
vt 0.580159 1.000000
vt 0.585618 0.363636
vt 0.592507 0.363636
vt 0.605002 0.636364
vt 0.613142 0.000000
vt 0.613961 0.272727
vt 0.613962 0.727273
vt 0.613142 1.000000
vt 0.618604 0.000000
vt 0.621217 0.272727
vt 0.618604 1.000000
vt 0.621217 0.727273
vt 0.623108 0.000000
vt 0.623108 1.000000
vt 0.632904 0.181818
vt 0.628331 0.272727
vt 0.628331 0.363636
vt 0.628445 0.454545
vt 0.628207 0.545455
vt 0.628332 0.636364
vt 0.628331 0.727273
vt 0.632904 0.818182
vt 0.636086 0.272727
vt 0.636086 0.727273
vt 0.643078 0.272727
vt 0.643078 0.727273
vt 0.644752 0.612687
vt 0.644801 0.387311
vt 0.650361 0.272727
vt 0.648307 0.000000
vt 0.650347 0.363636
vt 0.648307 1.000000
vt 0.651699 0.000000
vt 0.674342 0.454545
vt 0.674158 0.545455
vt 0.698629 0.181818
vt 0.698629 0.818182
vt 0.704174 0.000000
vt 0.705936 0.272727
vt 0.705936 0.727273
vt 0.704174 1.000000
vt 0.707673 0.612596
vt 0.707723 0.387397
vt 0.707698 0.000000
vt 0.712869 0.272727
vt 0.707698 1.000000
vt 0.711241 0.000000
vt 0.712838 0.363636
vt 0.712572 0.545455
vt 0.712815 0.454545
vt 0.712838 0.636364
vt 0.712869 0.727273
vt 0.714818 0.000000
vt 0.711241 1.000000
vt 0.714818 1.000000
vt 0.720532 0.181818
vt 0.720531 0.272727
vt 0.720530 0.363636
vt 0.720652 0.454545
vt 0.720417 0.545455
vt 0.720530 0.636364
vt 0.720531 0.727273
vt 0.720532 0.818182
vt 0.727626 0.181818
vt 0.727624 0.272727
vt 0.727623 0.363636
vt 0.727759 0.454545
vt 0.727474 0.545455
vt 0.727623 0.636364
vt 0.727624 0.727273
vt 0.727626 0.818182
vt 0.735550 0.090909
vt 0.733736 0.000000
vt 0.735465 0.181818
vt 0.735465 0.818182
vt 0.735550 0.909091
vt 0.733736 1.000000
vt 0.738212 0.000000
vt 0.748403 0.090909
vt 0.741970 0.000000
vt 0.738212 1.000000
vt 0.743691 0.545455
vt 0.743954 0.454545
vt 0.748403 0.909091
vt 0.741970 1.000000
vt 0.745569 0.000000
vt 0.745569 1.000000
vt 0.749166 0.000000
vt 0.752760 0.000000
vt 0.756349 0.000000
vt 0.749166 1.000000
vt 0.752760 1.000000
vt 0.759532 0.181818
vt 0.759532 0.818182
vt 0.756349 1.000000
vt 0.766683 0.181818
vt 0.766683 0.818182
vt 0.767786 0.363636
vt 0.773903 0.181818
vt 0.773948 0.272727
vt 0.773979 0.363636
vt 0.773948 0.727273
vt 0.773903 0.818182
vt 0.780858 0.272727
vt 0.780868 0.363636
vt 0.780858 0.727273
vt 0.803944 0.272727
vt 0.803947 0.363636
vt 0.803950 0.454545
vt 0.803947 0.636364
vt 0.803944 0.727273
vt 0.807131 0.000000
vt 0.813775 0.090909
vt 0.809054 0.363636
vt 0.809129 0.454545
vt 0.808906 0.545455
vt 0.809054 0.636364
vt 0.813775 0.909091
vt 0.807131 1.000000
vt 0.817379 0.363636
vt 0.810356 0.000000
vt 0.810356 1.000000
vt 0.813971 0.000000
vt 0.817356 0.454545
vt 0.817073 0.545455
vt 0.817379 0.636364
vt 0.817592 0.000000
vt 0.821222 0.000000
vt 0.813971 1.000000
vt 0.817592 1.000000
vt 0.821222 1.000000
vt 0.824965 0.363636
vt 0.824958 0.454545
vt 0.824965 0.636364
vt 0.834927 0.272727
vt 0.834859 0.363636
vt 0.834927 0.727273
vt 0.848767 0.181818
vt 0.848776 0.272727
vt 0.848781 0.363636
vt 0.848776 0.727273
vt 0.848767 0.818182
vt 0.865061 0.272727
vt 0.865053 0.363636
vt 0.865251 0.454545
vt 0.864772 0.545455
vt 0.865053 0.636364
vt 0.865061 0.727273
vt 0.875271 0.272727
vt 0.872302 0.000000
vt 0.875240 0.363636
vt 0.875217 0.454545
vt 0.874955 0.545455
vt 0.875240 0.636364
vt 0.875271 0.727273
vt 0.877698 0.000000
vt 0.882583 0.090909
vt 0.879496 0.000000
vt 0.872302 1.000000
vt 0.874101 0.000000
vt 0.874101 1.000000
vt 0.875899 0.000000
vt 0.875899 1.000000
vt 0.877698 1.000000
vt 0.882494 0.181818
vt 0.882448 0.272727
vt 0.882448 0.727273
vt 0.882494 0.818182
vt 0.882583 0.909091
vt 0.879496 1.000000
vt 0.884892 0.000000
vt 0.886691 0.000000
vt 0.881295 0.000000
vt 0.881295 1.000000
vt 0.883094 0.000000
vt 0.883094 1.000000
vt 0.884892 1.000000
vt 0.888567 0.181818
vt 0.888568 0.272727
vt 0.888569 0.727273
vt 0.888567 0.818182
vt 0.886691 1.000000
vt 0.888489 0.000000
vt 0.888489 1.000000
vt 0.894349 0.272727
vt 0.894349 0.727273
vt 0.901722 0.272727
vt 0.901722 0.727273
vt 0.908991 0.272727
vt 0.908992 0.363636
vt 0.909143 0.454545
vt 0.908857 0.545455
vt 0.908992 0.636364
vt 0.908991 0.727273
vt 0.921116 0.272727
vt 0.916907 0.363636
vt 0.917045 0.454545
vt 0.921116 0.727273
vt 0.923757 0.363636
vt 0.930795 0.181818
vt 0.930795 0.272727
vt 0.930795 0.363636
vt 0.930795 0.727273
vt 0.930795 0.818182
vt 0.945332 0.272727
vt 0.945251 0.363636
vt 0.945332 0.727273
vt 0.961682 0.272727
vt 0.951045 0.000000
vt 0.951045 1.000000
vt 0.961724 0.000000
vt 0.961682 0.363636
vt 0.961804 0.454545
vt 0.961579 0.545455
vt 0.961682 0.636364
vt 0.961682 0.727273
vt 0.961724 1.000000
vt 0.968810 0.272727
vt 0.968840 0.363636
vt 0.969105 0.454545
vt 0.968810 0.727273
vt 0.974136 0.454545
vt 0.973940 0.727273
vt 0.982547 0.727273
vt 0.999432 0.000000
vt 0.999432 1.000000
vt 0.002942 0.454545
vt 0.025463 0.000000
vt 0.025463 1.000000
vt 0.073314 0.272727
vt 0.073314 0.727273
vt 0.081158 0.000000
vt 0.087802 0.090909
vt 0.087781 0.181818
vt 0.087773 0.272727
vt 0.087767 0.363636
vt 0.087941 0.454545
vt 0.087470 0.545455
vt 0.087767 0.636364
vt 0.087773 0.727273
vt 0.087781 0.818182
vt 0.087801 0.909091
vt 0.081158 1.000000
vt 0.095396 0.000000
vt 0.101265 0.000000
vt 0.089527 0.000000
vt 0.089527 1.000000
vt 0.095396 1.000000
vt 0.105892 0.272727
vt 0.104656 0.454545
vt 0.104284 0.545455
vt 0.101265 1.000000
vt 0.119994 0.545455
vt 0.130543 0.000000
vt 0.130543 1.000000
vt 0.139302 0.000000
vt 0.173638 0.545455
vt 0.174099 0.454545
vt 0.146279 1.000000
vt 0.173841 0.363636
vt 0.188998 0.272727
vt 0.188998 0.727273
vt 0.203636 0.000000
vt 0.203636 1.000000
vt 0.212110 0.272727
vt 0.212111 0.363636
vt 0.211907 0.545455
vt 0.212295 0.454545
vt 0.212111 0.636364
vt 0.212110 0.727273
vt 0.224730 0.181818
vt 0.224799 0.272727
vt 0.212035 1.000000
vt 0.224799 0.727273
vt 0.224730 0.818182
vt 0.236155 0.272727
vt 0.236155 0.727273
vt 0.236156 0.818182
vt 0.238929 0.612671
vt 0.239010 0.387325
vt 0.247928 0.272727
vt 0.247909 0.636364
vt 0.247928 0.727273
vt 0.267924 0.272727
vt 0.249348 1.000000
vt 0.268281 0.636364
vt 0.299193 0.272727
vt 0.299296 0.000000
vt 0.299514 0.363636
vt 0.299514 0.636364
vt 0.326674 0.272727
vt 0.335770 0.612674
vt 0.335810 1.000000
vt 0.341558 0.000000
vt 0.341558 1.000000
vt 0.347348 0.000000
vt 0.347348 1.000000
vt 0.353188 1.000000
vt 0.353188 0.000000
vt 0.359395 0.000000
vt 0.371150 0.181818
vt 0.371222 0.272727
vt 0.371222 0.727273
vt 0.371150 0.818182
vt 0.373950 0.612749
vt 0.374021 0.387972
vt 0.379761 0.387360
vt 0.379679 0.612634
vt 0.382598 0.000000
vt 0.382598 1.000000
vt 0.397973 0.545455
vt 0.398168 0.454545
vt 0.388399 0.000000
vt 0.388399 1.000000
vt 0.450825 0.181818
vt 0.446653 0.545455
vt 0.447083 0.454545
vt 0.450825 0.818182
vt 0.457774 0.272727
vt 0.457805 0.363636
vt 0.458113 0.454545
vt 0.457829 0.545455
vt 0.457805 0.636364
vt 0.457774 0.727273
vt 0.471454 0.000000
vt 0.477674 0.090909
vt 0.477635 0.181818
vt 0.477615 0.272727
vt 0.477604 0.363636
vt 0.477736 0.454545
vt 0.477319 0.545455
vt 0.477604 0.636364
vt 0.477615 0.727273
vt 0.477635 0.818182
vt 0.477674 0.909091
vt 0.471454 1.000000
vt 0.482620 0.000000
vt 0.482620 1.000000
vt 0.501505 0.390788
vt 0.494566 0.454545
vt 0.494193 0.545455
vt 0.501503 0.609217
vt 0.504399 0.000000
vt 0.504399 0.387020
vt 0.504399 0.612460
vt 0.504399 1.000000
vt 0.512105 0.363636
vt 0.512105 0.272727
vt 0.512167 0.000000
vt 0.511931 0.545455
vt 0.512302 0.454545
vt 0.512106 0.636364
vt 0.512105 0.727273
vt 0.512167 1.000000
vt 0.523507 0.272727
vt 0.523273 0.545455
vt 0.523508 0.636364
vt 0.523507 0.727273
vt 0.533689 0.545455
vt 0.533848 0.636364
vt 0.533862 0.727273
vt 0.583466 0.000000
vt 0.590602 0.090909
vt 0.590538 0.181818
vt 0.590506 0.272727
vt 0.590484 0.363636
vt 0.590506 0.727273
vt 0.590538 0.818182
vt 0.590602 0.909091
vt 0.583466 1.000000
vt 0.596968 0.000000
vt 0.602870 0.000000
vt 0.591076 0.000000
vt 0.591076 1.000000
vt 0.596968 1.000000
vt 0.602870 1.000000
vt 0.632216 0.000000
vt 0.632216 1.000000
vt 0.705205 0.000000
vt 0.705205 1.000000
vt 0.716713 0.272727
vt 0.710991 0.000000
vt 0.710991 1.000000
vt 0.716713 0.727273
vt 0.729025 0.272727
vt 0.729025 0.727273
vt 0.731734 0.612763
vt 0.731804 0.387967
vt 0.740384 0.000000
vt 0.740384 1.000000
vt 0.749335 0.272727
vt 0.746176 0.000000
vt 0.749316 0.454545
vt 0.749322 0.636364
vt 0.751723 0.000000
vt 0.778193 0.000000
vt 0.746176 1.000000
vt 0.751723 1.000000
vt 0.778193 1.000000
vt 0.826046 0.375769
vt 0.831466 0.387096
vt 0.837143 0.000000
vt 0.837143 1.000000
vt 0.842919 0.000000
vt 0.842919 1.000000
vt 0.848359 0.636364
vt 0.861038 0.636364
vt 0.872996 0.636364
vt 0.882783 0.272727
vt 0.882784 0.636364
vt 0.882783 0.727273
vt 0.890262 0.272727
vt 0.890243 0.636364
vt 0.890262 0.727273
vt 0.899001 0.000000
vt 0.902558 0.272727
vt 0.902558 0.727273
vt 0.902626 0.818182
vt 0.902761 0.909091
vt 0.899001 1.000000
vt 0.904889 0.000000
vt 0.904889 1.000000
vt 0.910775 0.000000
vt 0.910775 1.000000
vt 0.916644 1.000000
vt 0.920821 0.000000
vt 0.920821 1.000000
vt 0.923754 0.000000
vt 0.923754 1.000000
vt 0.989915 0.181818
vt 0.989921 0.272727
vt 0.989925 0.363636
vt 0.990246 0.454545
vt 0.989690 0.545455
vt 0.989925 0.636364
vt 0.989921 0.727273
vt 0.989914 0.818182
vt 0.086673 0.000000
vt 0.086673 1.000000
vt 0.304557 0.181818
vt 0.308692 0.272727
vt 0.308690 0.727273
vt 0.304557 0.818182
vt 0.468200 0.545455
vt 0.472256 0.454545
vt 0.840959 0.545455
vt 0.772168 0.000000
vt 0.973555 0.272727
vt 0.973555 0.727273
vt 0.962173 0.614263
vt 0.772168 1.000000
vt 0.916915 1.000000
vt 0.974359 1.000000
vt 1.000000 0.181818
vt 1.000000 0.272727
vt 1.000000 0.363636
vt 1.000000 0.545455
vt 1.000000 0.727273
vt 1.000000 0.636364
vt 1.000000 0.818182
vt 0.027946 0.181818
vt 0.003655 0.181818
vt 0.003717 0.272727
vt 0.028215 0.272727
vt 0.003757 0.363636
vt 0.003717 0.727273
vt 0.028215 0.727273
vt 0.003655 0.818182
vt 0.027946 0.818182
vt 0.035036 0.000000
vt 0.040731 0.545455
vt 0.041108 0.454545
vt 0.035036 1.000000
vt 0.047508 0.000000
vt 0.047508 1.000000
vt 0.075074 0.636364
vt 0.074598 0.000000
vt 0.074598 1.000000
vt 0.091030 0.000000
vt 0.091030 1.000000
vt 0.114581 0.636364
vt 0.118356 0.454545
vt 0.148178 0.272727
vt 0.148173 0.636364
vt 0.148178 0.727273
vt 0.155936 0.272727
vt 0.154778 0.000000
vt 0.155936 0.727273
vt 0.165809 0.181818
vt 0.154778 1.000000
vt 0.159447 1.000000
vt 0.165820 0.727273
vt 0.168838 0.454545
vt 0.178818 0.181818
vt 0.178874 0.272727
vt 0.178874 0.727273
vt 0.178818 0.818182
vt 0.188068 0.181818
vt 0.188065 0.272727
vt 0.188065 0.727273
vt 0.190265 0.612689
vt 0.190330 0.387309
vt 0.193691 1.000000
vt 0.197005 0.363636
vt 0.212705 0.363636
vt 0.199547 0.000000
vt 0.199547 1.000000
vt 0.207126 0.000000
vt 0.212705 0.636364
vt 0.216636 0.000000
vt 0.207126 1.000000
vt 0.216636 1.000000
vt 0.232911 0.181818
vt 0.232904 0.727273
vt 0.232911 0.818182
vt 0.260934 0.181818
vt 0.260966 0.727273
vt 0.260934 0.818182
vt 0.268331 0.272727
vt 0.268364 0.387310
vt 0.268298 0.612691
vt 0.268331 0.727273
vt 0.275298 0.000000
vt 0.275298 1.000000
vt 0.284593 0.181818
vt 0.284597 0.272727
vt 0.284598 0.363636
vt 0.284431 0.545455
vt 0.284759 0.454545
vt 0.284598 0.636364
vt 0.284597 0.727273
vt 0.284593 0.818182
vt 0.297157 0.181818
vt 0.294640 0.272727
vt 0.294640 0.727273
vt 0.297157 0.818182
vt 0.301417 0.272727
vt 0.301417 0.727273
vt 0.308944 0.090909
vt 0.308982 0.181818
vt 0.308982 0.818182
vt 0.308944 0.909091
vt 0.310154 0.000000
vt 0.320799 0.000000
vt 0.310154 1.000000
vt 0.327194 0.363636
vt 0.326748 0.545455
vt 0.327162 0.454545
vt 0.327194 0.636364
vt 0.320799 1.000000
vt 0.356203 0.363636
vt 0.330443 0.000000
vt 0.330443 1.000000
vt 0.340034 0.000000
vt 0.356438 0.454545
vt 0.356366 0.545455
vt 0.356174 0.636364
vt 0.375906 0.272727
vt 0.340034 1.000000
vt 0.348853 0.000000
vt 0.355812 0.000000
vt 0.355812 1.000000
vt 0.375877 0.363636
vt 0.375980 0.454545
vt 0.375703 0.545455
vt 0.375876 0.636364
vt 0.388874 0.181818
vt 0.388932 0.272727
vt 0.385799 0.363636
vt 0.386177 0.454545
vt 0.385828 0.545455
vt 0.385799 0.636364
vt 0.388932 0.727273
vt 0.388875 0.818182
vt 0.395159 0.363636
vt 0.395465 0.454545
vt 0.395182 0.545455
vt 0.395159 0.636364
vt 0.412323 0.000000
vt 0.412323 1.000000
vt 0.425468 0.000000
vt 0.425468 1.000000
vt 0.434084 0.000000
vt 0.434084 1.000000
vt 0.452766 0.000000
vt 0.452766 1.000000
vt 0.487481 0.636364
vt 0.519305 0.181818
vt 0.489470 0.454545
vt 0.519355 0.272727
vt 0.519355 0.727273
vt 0.519305 0.818182
vt 0.527083 0.181818
vt 0.527084 0.272727
vt 0.527084 0.727273
vt 0.527083 0.818182
vt 0.532972 0.000000
vt 0.535069 0.636364
vt 0.532972 1.000000
vt 0.545109 0.636364
vt 0.557446 0.181818
vt 0.554747 0.272727
vt 0.554747 0.727273
vt 0.557446 0.818182
vt 0.561510 0.272727
vt 0.561510 0.727273
vt 0.566129 0.000000
vt 0.566129 1.000000
vt 0.570662 0.545455
vt 0.570731 0.454545
vt 0.589976 0.727273
vt 0.570870 1.000000
vt 0.593045 0.363636
vt 0.597318 0.454545
vt 0.602837 0.000000
vt 0.605072 0.181818
vt 0.605130 0.272727
vt 0.605072 0.818182
vt 0.602837 1.000000
vt 0.613627 0.181818
vt 0.613690 0.272727
vt 0.613690 0.727273
vt 0.613627 0.818182
vt 0.623028 0.181818
vt 0.620593 0.272727
vt 0.620593 0.727273
vt 0.623028 0.818182
vt 0.625307 0.272727
vt 0.625307 0.727273
vt 0.628842 0.000000
vt 0.630005 0.272727
vt 0.630005 0.727273
vt 0.628842 1.000000
vt 0.637259 0.272727
vt 0.631206 0.000000
vt 0.631206 1.000000
vt 0.637259 0.727273
vt 0.639456 0.612165
vt 0.645590 0.090909
vt 0.643026 0.000000
vt 0.645480 0.181818
vt 0.645480 0.818182
vt 0.645590 0.909091
vt 0.643026 1.000000
vt 0.645390 0.000000
vt 0.647754 0.000000
vt 0.653766 0.090909
vt 0.650118 0.000000
vt 0.645390 1.000000
vt 0.647754 1.000000
vt 0.653642 0.181818
vt 0.653642 0.818182
vt 0.653766 0.909091
vt 0.650118 1.000000
vt 0.652482 0.000000
vt 0.652482 1.000000
vt 0.654846 0.000000
vt 0.657210 0.000000
vt 0.654846 1.000000
vt 0.657210 1.000000
vt 0.663218 0.181818
vt 0.663218 0.272727
vt 0.661878 0.545455
vt 0.662137 0.454545
vt 0.663218 0.727273
vt 0.663218 0.818182
vt 0.672573 0.272727
vt 0.672573 0.727273
vt 0.674933 0.000000
vt 0.674933 1.000000
vt 0.681931 0.272727
vt 0.679646 0.000000
vt 0.681930 0.727273
vt 0.679646 1.000000
vt 0.688972 0.272727
vt 0.688971 0.727273
vt 0.698550 0.000000
vt 0.698550 1.000000
vt 0.707995 0.000000
vt 0.707995 1.000000
vt 0.712719 1.000000
vt 0.731771 0.000000
vt 0.731771 1.000000
vt 0.749006 0.000000
vt 0.759716 0.454545
vt 0.749006 1.000000
vt 0.755450 0.000000
vt 0.759344 0.545455
vt 0.760198 0.000000
vt 0.755450 1.000000
vt 0.760198 1.000000
vt 0.774387 0.454545
vt 0.764953 0.000000
vt 0.764953 1.000000
vt 0.774160 0.545455
vt 0.769709 0.000000
vt 0.769709 1.000000
vt 0.789070 0.181818
vt 0.789071 0.818182
vt 0.792254 0.363636
vt 0.792662 0.454545
vt 0.792285 0.545455
vt 0.792254 0.636364
vt 0.805533 0.000000
vt 0.805499 0.272727
vt 0.805499 0.727273
vt 0.805533 1.000000
vt 0.813103 0.000000
vt 0.818787 0.363636
vt 0.813103 1.000000
vt 0.818436 0.545455
vt 0.818756 0.454545
vt 0.818787 0.636364
vt 0.819016 0.000000
vt 0.819016 1.000000
vt 0.828285 0.363636
vt 0.828440 0.454545
vt 0.828119 0.545455
vt 0.828285 0.636364
vt 0.848700 0.613015
vt 0.848700 0.387506
vt 0.852208 0.000000
vt 0.852208 1.000000
vt 0.856974 0.454545
vt 0.882629 0.272727
vt 0.874197 0.000000
vt 0.882616 0.363636
vt 0.882629 0.727273
vt 0.914915 0.272727
vt 0.874197 1.000000
vt 0.884817 0.000000
vt 0.884817 1.000000
vt 0.914914 0.363636
vt 0.936922 0.545455
vt 0.937097 0.454545
vt 0.971112 0.545455
vt 0.970915 0.454545
vt 0.981296 0.000000
vt 0.981296 1.000000
vt 0.996758 0.000000
vt 0.996758 1.000000
vt 0.014796 0.363636
vt 0.013989 0.454545
vt 0.013925 0.545455
vt 0.014794 0.636364
vt 0.211321 0.363636
vt 0.189189 0.000000
vt 0.211151 0.454545
vt 0.209181 0.545455
vt 0.211321 0.636364
vt 0.229730 0.000000
vt 0.243243 0.000000
vt 0.189189 1.000000
vt 0.202703 0.000000
vt 0.202703 1.000000
vt 0.216216 0.000000
vt 0.216216 1.000000
vt 0.229730 1.000000
vt 0.265004 0.363636
vt 0.264833 0.454545
vt 0.262875 0.545455
vt 0.265004 0.636364
vt 0.243243 1.000000
vt 0.283784 0.000000
vt 0.297297 0.000000
vt 0.256757 0.000000
vt 0.256757 1.000000
vt 0.270270 0.000000
vt 0.270270 1.000000
vt 0.283784 1.000000
vt 0.297297 1.000000
vt 0.310811 0.000000
vt 0.310811 1.000000
vt 0.438005 0.636364
vt 0.488296 0.272727
vt 0.488296 0.363636
vt 0.489344 0.454545
vt 0.487187 0.545455
vt 0.488296 0.636364
vt 0.488296 0.727273
vt 0.513514 0.000000
vt 0.521350 0.272727
vt 0.521350 0.727273
vt 0.513514 1.000000
vt 0.548142 0.272727
vt 0.527027 0.000000
vt 0.527027 1.000000
vt 0.540541 0.000000
vt 0.548142 0.727273
vt 0.559927 0.545455
vt 0.561167 0.454545
vt 0.540541 1.000000
vt 0.554054 0.000000
vt 0.567568 0.000000
vt 0.554054 1.000000
vt 0.575450 0.378058
vt 0.575854 0.616446
vt 0.567568 1.000000
vt 0.594595 0.613013
vt 0.594595 0.387508
vt 0.613711 0.181818
vt 0.613931 0.272727
vt 0.614084 0.363636
vt 0.614196 0.545455
vt 0.615434 0.454545
vt 0.613931 0.727273
vt 0.614084 0.636364
vt 0.613711 0.818182
vt 0.640567 0.181818
vt 0.640785 0.272727
vt 0.640785 0.727273
vt 0.640567 0.818182
vt 0.724255 0.545455
vt 0.726243 0.454545
vt 0.710247 0.000000
vt 0.819058 0.454545
vt 0.710247 1.000000
vt 0.764424 0.000000
vt 0.813220 0.545455
vt 0.764424 1.000000
vt 0.791377 0.000000
vt 0.791377 1.000000
vt 0.929788 0.363636
vt 0.931450 0.454545
vt 0.929536 0.545455
vt 0.929788 0.636364
s 1
usemtl マテリアル.003
f 78/1/1 80/2/1 79/3/1
f 78/1/1 81/4/1 80/2/1
f 75/5/1 77/6/1 76/7/1
f 78/1/1 82/8/1 81/4/1
f 74/9/1 77/6/1 75/5/1
f 73/10/1 77/6/1 74/9/1
f 73/10/1 78/1/1 77/6/1
f 78/1/1 83/11/1 82/8/1
f 73/10/1 83/11/1 78/1/1
f 72/12/1 83/11/1 73/10/1
f 72/12/1 84/13/1 83/11/1
f 72/12/1 85/14/1 84/13/1
f 71/15/1 85/14/1 72/12/1
f 71/15/1 86/16/1 85/14/1
f 70/17/1 86/16/1 71/15/1
f 70/17/1 87/18/1 86/16/1
f 69/19/1 87/18/1 70/17/1
f 68/20/1 87/18/1 69/19/1
f 68/20/1 88/21/1 87/18/1
f 67/22/1 88/21/1 68/20/1
f 66/23/1 88/21/1 67/22/1
f 65/24/1 88/21/1 66/23/1
f 64/25/1 180/26/1 65/24/1
f 180/26/1 88/21/1 65/24/1
f 64/25/1 181/27/1 180/26/1
f 179/28/1 88/21/1 180/26/1
f 179/28/1 89/29/1 88/21/1
f 64/25/1 182/30/1 181/27/1
f 178/31/1 89/29/1 179/28/1
f 63/32/1 182/30/1 64/25/1
f 63/32/1 183/33/1 182/30/1
f 62/34/1 183/33/1 63/32/1
f 177/35/1 89/29/1 178/31/1
f 62/34/1 184/36/1 183/33/1
f 61/37/1 184/36/1 62/34/1
f 177/35/1 90/38/1 89/29/1
f 61/37/1 185/39/1 184/36/1
f 176/40/1 90/38/1 177/35/1
f 60/41/1 185/39/1 61/37/1
f 60/41/1 186/42/1 185/39/1
f 59/43/1 186/42/1 60/41/1
f 59/43/1 187/44/1 186/42/1
f 176/40/1 91/45/1 90/38/1
f 175/46/1 91/45/1 176/40/1
f 58/47/1 187/44/1 59/43/1
f 58/47/1 188/48/1 187/44/1
f 58/47/1 189/49/1 188/48/1
f 175/46/1 92/50/1 91/45/1
f 174/51/1 92/50/1 175/46/1
f 57/52/1 189/49/1 58/47/1
f 174/51/1 93/53/1 92/50/1
f 57/52/1 190/54/1 189/49/1
f 173/55/1 93/53/1 174/51/1
f 56/56/1 190/54/1 57/52/1
f 173/55/1 94/57/1 93/53/1
f 56/56/1 191/58/1 190/54/1
f 173/55/1 95/59/1 94/57/1
f 55/60/1 191/58/1 56/56/1
f 172/61/1 95/59/1 173/55/1
f 172/61/1 96/62/1 95/59/1
f 55/60/1 192/63/1 191/58/1
f 171/64/1 96/62/1 172/61/1
f 54/65/1 192/63/1 55/60/1
f 171/64/1 97/66/1 96/62/1
f 171/64/1 98/67/1 97/66/1
f 170/68/1 98/67/1 171/64/1
f 170/68/1 99/69/1 98/67/1
f 170/68/1 100/70/1 99/69/1
f 169/71/1 100/70/1 170/68/1
f 169/71/1 101/72/1 100/70/1
f 169/71/1 102/73/1 101/72/1
f 168/74/1 102/73/1 169/71/1
f 168/74/1 103/75/1 102/73/1
f 53/76/1 192/63/1 54/65/1
f 53/76/1 147/77/1 192/63/1
f 167/78/1 103/75/1 168/74/1
f 167/78/1 104/79/1 103/75/1
f 166/80/1 104/79/1 167/78/1
f 166/80/1 105/81/1 104/79/1
f 165/82/1 105/81/1 166/80/1
f 165/82/1 106/83/1 105/81/1
f 164/84/1 106/83/1 165/82/1
f 164/84/1 107/85/1 106/83/1
f 163/86/1 107/85/1 164/84/1
f 163/86/1 108/87/1 107/85/1
f 162/88/1 108/87/1 163/86/1
f 162/88/1 109/89/1 108/87/1
f 161/90/1 109/89/1 162/88/1
f 161/90/1 110/91/1 109/89/1
f 160/92/1 110/91/1 161/90/1
f 159/93/1 110/91/1 160/92/1
f 159/93/1 111/94/1 110/91/1
f 158/95/1 111/94/1 159/93/1
f 157/96/1 111/94/1 158/95/1
f 157/96/1 112/97/1 111/94/1
f 156/98/1 112/97/1 157/96/1
f 155/99/1 112/97/1 156/98/1
f 154/100/1 112/97/1 155/99/1
f 154/100/1 113/101/1 112/97/1
f 153/102/1 113/101/1 154/100/1
f 53/76/1 148/103/1 147/77/1
f 152/104/1 113/101/1 153/102/1
f 53/76/1 3/105/1 148/103/1
f 3/105/1 149/106/1 148/103/1
f 151/107/1 113/101/1 152/104/1
f 150/108/1 113/101/1 151/107/1
f 3/105/1 150/108/1 149/106/1
f 3/105/1 113/101/1 150/108/1
f 3/105/1 114/109/1 113/101/1
f 3/105/1 115/110/1 114/109/1
f 3/105/1 145/111/1 115/110/1
f 145/111/1 116/112/1 115/110/1
f 53/76/1 4/113/1 3/105/1
f 2/114/1 145/111/1 3/105/1
f 2/114/1 146/115/1 145/111/1
f 1/116/1 146/115/1 2/114/1
f 145/111/1 117/117/1 116/112/1
f 144/118/1 117/117/1 145/111/1
f 144/118/1 118/119/1 117/117/1
f 53/76/1 5/120/1 4/113/1
f 52/121/1 5/120/1 53/76/1
f 144/118/1 119/122/1 118/119/1
f 51/123/1 5/120/1 52/121/1
f 51/123/1 6/124/1 5/120/1
f 144/118/1 120/125/1 119/122/1
f 50/126/1 6/124/1 51/123/1
f 50/126/1 7/127/1 6/124/1
f 144/118/1 121/128/1 120/125/1
f 50/126/1 8/129/1 7/127/1
f 49/130/1 8/129/1 50/126/1
f 49/130/1 9/131/1 8/129/1
f 144/118/1 122/132/1 121/128/1
f 48/133/1 9/131/1 49/130/1
f 143/134/1 122/132/1 144/118/1
f 48/133/1 10/135/1 9/131/1
f 143/134/1 123/136/1 122/132/1
f 48/133/1 11/137/1 10/135/1
f 47/138/1 11/137/1 48/133/1
f 143/134/1 124/139/1 123/136/1
f 46/140/1 11/137/1 47/138/1
f 46/140/1 12/141/1 11/137/1
f 143/134/1 125/142/1 124/139/1
f 45/143/1 12/141/1 46/140/1
f 45/143/1 13/144/1 12/141/1
f 143/134/1 126/145/1 125/142/1
f 45/143/1 14/146/1 13/144/1
f 44/147/1 14/146/1 45/143/1
f 143/134/1 127/148/1 126/145/1
f 44/147/1 15/149/1 14/146/1
f 43/150/1 15/149/1 44/147/1
f 143/134/1 128/151/1 127/148/1
f 43/150/1 16/152/1 15/149/1
f 42/153/1 16/152/1 43/150/1
f 42/153/1 17/154/1 16/152/1
f 142/155/1 128/151/1 143/134/1
f 142/155/1 129/156/1 128/151/1
f 41/157/1 17/154/1 42/153/1
f 41/157/1 18/158/1 17/154/1
f 142/155/1 130/159/1 129/156/1
f 40/160/1 18/158/1 41/157/1
f 40/160/1 19/161/1 18/158/1
f 39/162/1 19/161/1 40/160/1
f 39/162/1 20/163/1 19/161/1
f 142/155/1 131/164/1 130/159/1
f 38/165/1 20/163/1 39/162/1
f 38/165/1 21/166/1 20/163/1
f 142/155/1 132/167/1 131/164/1
f 37/168/1 21/166/1 38/165/1
f 141/169/1 132/167/1 142/155/1
f 36/170/1 21/166/1 37/168/1
f 36/170/1 22/171/1 21/166/1
f 141/169/1 133/172/1 132/167/1
f 141/169/1 140/173/1 133/172/1
f 140/173/1 134/174/1 133/172/1
f 35/175/1 22/171/1 36/170/1
f 35/175/1 23/176/1 22/171/1
f 140/173/1 139/177/1 134/174/1
f 139/177/1 135/178/1 134/174/1
f 34/179/1 30/180/1 35/175/1
f 30/180/1 29/181/1 35/175/1
f 29/181/1 23/176/1 35/175/1
f 29/181/1 24/182/1 23/176/1
f 28/183/1 24/182/1 29/181/1
f 138/184/1 135/178/1 139/177/1
f 27/185/1 24/182/1 28/183/1
f 137/186/1 135/178/1 138/184/1
f 34/179/1 31/187/1 30/180/1
f 33/188/1 31/187/1 34/179/1
f 27/185/1 25/189/1 24/182/1
f 137/186/1 136/190/1 135/178/1
f 26/191/1 25/189/1 27/185/1
f 33/188/1 32/192/1 31/187/1
f 257/193/1 259/194/1 258/195/1
f 257/193/1 260/196/1 259/194/1
f 257/193/1 261/197/1 260/196/1
f 257/193/1 262/198/1 261/197/1
f 257/193/1 263/199/1 262/198/1
f 256/200/1 263/199/1 257/193/1
f 255/201/1 263/199/1 256/200/1
f 315/202/1 263/199/1 255/201/1
f 255/201/1 316/203/1 315/202/1
f 315/202/1 264/204/1 263/199/1
f 254/205/1 316/203/1 255/201/1
f 314/206/1 264/204/1 315/202/1
f 253/207/1 316/203/1 254/205/1
f 253/207/1 317/208/1 316/203/1
f 314/206/1 265/209/1 264/204/1
f 322/210/1 265/209/1 314/206/1
f 253/207/1 199/211/1 317/208/1
f 321/212/1 265/209/1 322/210/1
f 199/211/1 318/213/1 317/208/1
f 320/214/1 194/215/1 321/212/1
f 194/215/1 265/209/1 321/212/1
f 199/211/1 319/216/1 318/213/1
f 199/211/1 320/214/1 319/216/1
f 199/211/1 198/217/1 320/214/1
f 198/217/1 197/218/1 320/214/1
f 197/218/1 196/219/1 320/214/1
f 196/219/1 195/220/1 320/214/1
f 195/220/1 194/215/1 320/214/1
f 253/207/1 200/221/1 199/211/1
f 193/222/1 265/209/1 194/215/1
f 252/223/1 200/221/1 253/207/1
f 252/223/1 201/224/1 200/221/1
f 193/222/1 266/225/1 265/209/1
f 313/226/1 266/225/1 193/222/1
f 252/223/1 202/227/1 201/224/1
f 251/228/1 202/227/1 252/223/1
f 251/228/1 203/229/1 202/227/1
f 313/226/1 267/230/1 266/225/1
f 250/231/1 203/229/1 251/228/1
f 250/231/1 204/232/1 203/229/1
f 312/233/1 267/230/1 313/226/1
f 312/233/1 268/234/1 267/230/1
f 250/231/1 205/235/1 204/232/1
f 311/236/1 268/234/1 312/233/1
f 249/237/1 205/235/1 250/231/1
f 310/238/1 268/234/1 311/236/1
f 249/237/1 206/239/1 205/235/1
f 310/238/1 269/240/1 268/234/1
f 248/241/1 206/239/1 249/237/1
f 248/241/1 207/242/1 206/239/1
f 309/243/1 269/240/1 310/238/1
f 248/241/1 208/244/1 207/242/1
f 247/245/1 208/244/1 248/241/1
f 309/243/1 270/246/1 269/240/1
f 308/247/1 270/246/1 309/243/1
f 247/245/1 209/248/1 208/244/1
f 246/249/1 209/248/1 247/245/1
f 307/250/1 270/246/1 308/247/1
f 246/249/1 210/251/1 209/248/1
f 307/250/1 271/252/1 270/246/1
f 246/249/1 211/253/1 210/251/1
f 245/254/1 211/253/1 246/249/1
f 306/255/1 271/252/1 307/250/1
f 245/254/1 212/256/1 211/253/1
f 305/257/1 271/252/1 306/255/1
f 305/257/1 272/258/1 271/252/1
f 304/259/1 272/258/1 305/257/1
f 244/260/1 212/256/1 245/254/1
f 244/260/1 213/261/1 212/256/1
f 303/262/1 272/258/1 304/259/1
f 243/263/1 213/261/1 244/260/1
f 303/262/1 273/264/1 272/258/1
f 243/263/1 214/265/1 213/261/1
f 303/262/1 274/266/1 273/264/1
f 302/267/1 274/266/1 303/262/1
f 242/268/1 214/265/1 243/263/1
f 302/267/1 275/269/1 274/266/1
f 242/268/1 215/270/1 214/265/1
f 302/267/1 276/271/1 275/269/1
f 301/272/1 276/271/1 302/267/1
f 241/273/1 215/270/1 242/268/1
f 241/273/1 216/274/1 215/270/1
f 301/272/1 277/275/1 276/271/1
f 300/276/1 277/275/1 301/272/1
f 240/277/1 216/274/1 241/273/1
f 300/276/1 278/278/1 277/275/1
f 239/279/1 216/274/1 240/277/1
f 239/279/1 217/280/1 216/274/1
f 299/281/1 278/278/1 300/276/1
f 299/281/1 279/282/1 278/278/1
f 238/283/1 217/280/1 239/279/1
f 237/284/1 217/280/1 238/283/1
f 237/284/1 218/285/1 217/280/1
f 298/286/1 279/282/1 299/281/1
f 298/286/1 280/287/1 279/282/1
f 236/288/1 218/285/1 237/284/1
f 236/288/1 219/289/1 218/285/1
f 297/290/1 280/287/1 298/286/1
f 297/290/1 281/291/1 280/287/1
f 235/292/1 219/289/1 236/288/1
f 297/290/1 282/293/1 281/291/1
f 234/294/1 219/289/1 235/292/1
f 234/294/1 220/295/1 219/289/1
f 296/296/1 282/293/1 297/290/1
f 296/296/1 283/297/1 282/293/1
f 234/294/1 221/298/1 220/295/1
f 296/296/1 284/299/1 283/297/1
f 233/300/1 221/298/1 234/294/1
f 233/300/1 222/301/1 221/298/1
f 296/296/1 285/302/1 284/299/1
f 232/303/1 222/301/1 233/300/1
f 295/304/1 285/302/1 296/296/1
f 295/304/1 286/305/1 285/302/1
f 232/303/1 227/306/1 222/301/1
f 227/306/1 223/307/1 222/301/1
f 295/304/1 290/308/1 286/305/1
f 231/309/1 228/310/1 232/303/1
f 228/310/1 227/306/1 232/303/1
f 294/311/1 290/308/1 295/304/1
f 289/312/1 286/305/1 290/308/1
f 294/311/1 291/313/1 290/308/1
f 226/314/1 223/307/1 227/306/1
f 289/312/1 287/315/1 286/305/1
f 293/316/1 291/313/1 294/311/1
f 288/317/1 287/315/1 289/312/1
f 231/309/1 229/318/1 228/310/1
f 293/316/1 292/319/1 291/313/1
f 224/320/1 223/307/1 226/314/1
f 230/321/1 229/318/1 231/309/1
f 385/322/1 387/323/1 386/324/1
f 379/325/1 381/326/1 380/327/1
f 378/328/1 381/326/1 379/325/1
f 384/329/1 387/323/1 385/322/1
f 377/330/1 381/326/1 378/328/1
f 377/330/1 382/331/1 381/326/1
f 383/332/1 387/323/1 384/329/1
f 377/330/1 383/332/1 382/331/1
f 377/330/1 387/323/1 383/332/1
f 376/333/1 387/323/1 377/330/1
f 375/334/1 387/323/1 376/333/1
f 374/335/1 387/323/1 375/334/1
f 373/336/1 387/323/1 374/335/1
f 372/337/1 387/323/1 373/336/1
f 371/338/1 387/323/1 372/337/1
f 370/339/1 387/323/1 371/338/1
f 370/339/1 413/340/1 387/323/1
f 369/341/1 413/340/1 370/339/1
f 414/342/1 413/340/1 369/341/1
f 368/343/1 414/342/1 369/341/1
f 367/344/1 414/342/1 368/343/1
f 367/344/1 415/345/1 414/342/1
f 366/346/1 415/345/1 367/344/1
f 412/347/1 387/323/1 413/340/1
f 366/346/1 416/348/1 415/345/1
f 365/349/1 416/348/1 366/346/1
f 411/350/1 387/323/1 412/347/1
f 365/349/1 417/351/1 416/348/1
f 410/352/1 387/323/1 411/350/1
f 364/353/1 417/351/1 365/349/1
f 364/353/1 418/354/1 417/351/1
f 409/355/1 387/323/1 410/352/1
f 409/355/1 388/356/1 387/323/1
f 363/357/1 418/354/1 364/353/1
f 408/358/1 388/356/1 409/355/1
f 363/357/1 419/359/1 418/354/1
f 362/360/1 419/359/1 363/357/1
f 407/361/1 388/356/1 408/358/1
f 362/360/1 420/362/1 419/359/1
f 406/363/1 388/356/1 407/361/1
f 362/360/1 421/364/1 420/362/1
f 362/360/1 422/365/1 421/364/1
f 405/366/1 388/356/1 406/363/1
f 361/367/1 422/365/1 362/360/1
f 404/368/1 388/356/1 405/366/1
f 361/367/1 423/369/1 422/365/1
f 360/370/1 423/369/1 361/367/1
f 360/370/1 424/371/1 423/369/1
f 403/372/1 388/356/1 404/368/1
f 359/373/1 424/371/1 360/370/1
f 359/373/1 425/374/1 424/371/1
f 402/375/1 388/356/1 403/372/1
f 402/375/1 389/376/1 388/356/1
f 359/373/1 426/377/1 425/374/1
f 358/378/1 426/377/1 359/373/1
f 401/379/1 389/376/1 402/375/1
f 400/380/1 389/376/1 401/379/1
f 357/381/1 426/377/1 358/378/1
f 399/382/1 389/376/1 400/380/1
f 399/382/1 390/383/1 389/376/1
f 398/384/1 390/383/1 399/382/1
f 398/384/1 391/385/1 390/383/1
f 398/384/1 392/386/1 391/385/1
f 398/384/1 393/387/1 392/386/1
f 397/388/1 393/387/1 398/384/1
f 397/388/1 394/389/1 393/387/1
f 396/390/1 394/389/1 397/388/1
f 396/390/1 395/391/1 394/389/1
f 356/392/1 426/377/1 357/381/1
f 356/392/1 427/393/1 426/377/1
f 445/394/1 447/395/1 446/396/1
f 444/397/1 447/395/1 445/394/1
f 444/397/1 448/398/1 447/395/1
f 443/399/1 448/398/1 444/397/1
f 443/399/1 449/400/1 448/398/1
f 442/401/1 449/400/1 443/399/1
f 442/401/1 450/402/1 449/400/1
f 442/401/1 451/403/1 450/402/1
f 441/404/1 451/403/1 442/401/1
f 440/405/1 451/403/1 441/404/1
f 439/406/1 451/403/1 440/405/1
f 438/407/1 451/403/1 439/406/1
f 438/407/1 452/408/1 451/403/1
f 437/409/1 452/408/1 438/407/1
f 436/410/1 452/408/1 437/409/1
f 435/411/1 452/408/1 436/410/1
f 434/412/1 452/408/1 435/411/1
f 433/413/1 452/408/1 434/412/1
f 433/413/1 453/414/1 452/408/1
f 432/415/1 453/414/1 433/413/1
f 431/416/1 453/414/1 432/415/1
f 430/417/1 453/414/1 431/416/1
f 356/392/1 428/418/1 427/393/1
f 356/392/1 479/419/1 428/418/1
f 429/420/1 453/414/1 430/417/1
f 479/419/1 429/420/1 428/418/1
f 479/419/1 453/414/1 429/420/1
f 479/419/1 478/421/1 453/414/1
f 478/421/1 477/422/1 453/414/1
f 356/392/1 480/423/1 479/419/1
f 476/424/1 453/414/1 477/422/1
f 475/425/1 453/414/1 476/424/1
f 474/426/1 453/414/1 475/425/1
f 474/426/1 454/427/1 453/414/1
f 473/428/1 454/427/1 474/426/1
f 472/429/1 454/427/1 473/428/1
f 471/430/1 454/427/1 472/429/1
f 470/431/1 454/427/1 471/430/1
f 469/432/1 454/427/1 470/431/1
f 469/432/1 455/433/1 454/427/1
f 468/434/1 455/433/1 469/432/1
f 467/435/1 455/433/1 468/434/1
f 466/436/1 455/433/1 467/435/1
f 465/437/1 455/433/1 466/436/1
f 465/437/1 456/438/1 455/433/1
f 464/439/1 456/438/1 465/437/1
f 464/439/1 457/440/1 456/438/1
f 463/441/1 457/440/1 464/439/1
f 463/441/1 458/442/1 457/440/1
f 462/443/1 458/442/1 463/441/1
f 462/443/1 459/444/1 458/442/1
f 461/445/1 459/444/1 462/443/1
f 461/445/1 460/446/1 459/444/1
f 515/447/1 517/448/1 516/449/1
f 515/447/1 518/450/1 517/448/1
f 514/451/1 518/450/1 515/447/1
f 514/451/1 519/452/1 518/450/1
f 513/453/1 519/452/1 514/451/1
f 513/453/1 520/454/1 519/452/1
f 512/455/1 520/454/1 513/453/1
f 512/455/1 521/456/1 520/454/1
f 512/455/1 323/457/1 521/456/1
f 512/455/1 324/458/1 323/457/1
f 356/392/1 481/459/1 480/423/1
f 355/460/1 481/459/1 356/392/1
f 511/461/1 324/458/1 512/455/1
f 511/461/1 325/462/1 324/458/1
f 510/463/1 325/462/1 511/461/1
f 355/460/1 482/464/1 481/459/1
f 354/465/1 482/464/1 355/460/1
f 509/466/1 325/462/1 510/463/1
f 509/466/1 326/467/1 325/462/1
f 354/465/1 483/468/1 482/464/1
f 353/469/1 483/468/1 354/465/1
f 508/470/1 326/467/1 509/466/1
f 353/469/1 484/471/1 483/468/1
f 507/472/1 326/467/1 508/470/1
f 352/473/1 484/471/1 353/469/1
f 507/472/1 327/474/1 326/467/1
f 506/475/1 327/474/1 507/472/1
f 352/473/1 485/476/1 484/471/1
f 505/477/1 327/474/1 506/475/1
f 351/478/1 485/476/1 352/473/1
f 504/479/1 327/474/1 505/477/1
f 351/478/1 486/480/1 485/476/1
f 503/481/1 327/474/1 504/479/1
f 351/478/1 487/482/1 486/480/1
f 350/483/1 487/482/1 351/478/1
f 502/484/1 327/474/1 503/481/1
f 350/483/1 488/485/1 487/482/1
f 501/486/1 327/474/1 502/484/1
f 350/483/1 489/487/1 488/485/1
f 500/488/1 327/474/1 501/486/1
f 350/483/1 490/489/1 489/487/1
f 349/490/1 490/489/1 350/483/1
f 499/491/1 327/474/1 500/488/1
f 499/491/1 328/492/1 327/474/1
f 349/490/1 491/493/1 490/489/1
f 498/494/1 328/492/1 499/491/1
f 349/490/1 492/495/1 491/493/1
f 348/496/1 492/495/1 349/490/1
f 497/497/1 328/492/1 498/494/1
f 348/496/1 493/498/1 492/495/1
f 496/499/1 328/492/1 497/497/1
f 348/496/1 494/500/1 493/498/1
f 495/501/1 328/492/1 496/499/1
f 348/496/1 495/501/1 494/500/1
f 348/496/1 328/492/1 495/501/1
f 347/502/1 328/492/1 348/496/1
f 346/503/1 328/492/1 347/502/1
f 345/504/1 328/492/1 346/503/1
f 344/505/1 328/492/1 345/504/1
f 343/506/1 328/492/1 344/505/1
f 342/507/1 328/492/1 343/506/1
f 341/508/1 328/492/1 342/507/1
f 340/509/1 328/492/1 341/508/1
f 340/509/1 330/510/1 328/492/1
f 330/510/1 329/511/1 328/492/1
f 339/512/1 331/513/1 340/509/1
f 331/513/1 330/510/1 340/509/1
f 338/514/1 332/515/1 339/512/1
f 332/515/1 331/513/1 339/512/1
f 337/516/1 333/517/1 338/514/1
f 333/517/1 332/515/1 338/514/1
f 337/516/1 334/518/1 333/517/1
f 336/519/1 334/518/1 337/516/1
f 336/519/1 335/520/1 334/518/1
f 580/521/1 582/522/1 581/523/1
f 579/524/1 582/522/1 580/521/1
f 585/525/1 587/526/1 586/527/1
f 584/528/1 587/526/1 585/525/1
f 578/529/1 582/522/1 579/524/1
f 584/528/1 588/530/1 587/526/1
f 578/529/1 583/531/1 582/522/1
f 583/531/1 588/530/1 584/528/1
f 578/529/1 588/530/1 583/531/1
f 577/532/1 588/530/1 578/529/1
f 577/532/1 589/533/1 588/530/1
f 576/534/1 589/533/1 577/532/1
f 576/534/1 590/535/1 589/533/1
f 575/536/1 590/535/1 576/534/1
f 575/536/1 591/537/1 590/535/1
f 575/536/1 592/538/1 591/537/1
f 574/539/1 592/538/1 575/536/1
f 574/539/1 593/540/1 592/538/1
f 573/541/1 593/540/1 574/539/1
f 573/541/1 594/542/1 593/540/1
f 572/543/1 594/542/1 573/541/1
f 572/543/1 595/544/1 594/542/1
f 571/545/1 595/544/1 572/543/1
f 570/546/1 595/544/1 571/545/1
f 570/546/1 596/547/1 595/544/1
f 569/548/1 596/547/1 570/546/1
f 569/548/1 597/549/1 596/547/1
f 568/550/1 597/549/1 569/548/1
f 568/550/1 598/551/1 597/549/1
f 567/552/1 598/551/1 568/550/1
f 566/553/1 598/551/1 567/552/1
f 566/553/1 599/554/1 598/551/1
f 565/555/1 599/554/1 566/553/1
f 565/555/1 600/556/1 599/554/1
f 564/557/1 600/556/1 565/555/1
f 564/557/1 601/558/1 600/556/1
f 563/559/1 601/558/1 564/557/1
f 563/559/1 602/560/1 601/558/1
f 562/561/1 602/560/1 563/559/1
f 562/561/1 603/562/1 602/560/1
f 562/561/1 604/563/1 603/562/1
f 561/564/1 604/563/1 562/561/1
f 560/565/1 604/563/1 561/564/1
f 560/565/1 605/566/1 604/563/1
f 559/567/1 605/566/1 560/565/1
f 559/567/1 606/568/1 605/566/1
f 558/569/1 606/568/1 559/567/1
f 558/569/1 607/570/1 606/568/1
f 557/571/1 607/570/1 558/569/1
f 556/572/1 607/570/1 557/571/1
f 556/572/1 608/573/1 607/570/1
f 643/574/1 645/575/1 644/576/1
f 642/577/1 645/575/1 643/574/1
f 642/577/1 646/578/1 645/575/1
f 641/579/1 646/578/1 642/577/1
f 641/579/1 647/580/1 646/578/1
f 640/581/1 647/580/1 641/579/1
f 640/581/1 648/582/1 647/580/1
f 640/581/1 649/583/1 648/582/1
f 640/581/1 650/584/1 649/583/1
f 556/572/1 609/585/1 608/573/1
f 555/586/1 609/585/1 556/572/1
f 640/581/1 522/587/1 650/584/1
f 639/588/1 522/587/1 640/581/1
f 638/589/1 522/587/1 639/588/1
f 555/586/1 610/590/1 609/585/1
f 554/591/1 610/590/1 555/586/1
f 638/589/1 523/592/1 522/587/1
f 637/593/1 523/592/1 638/589/1
f 554/591/1 611/594/1 610/590/1
f 636/595/1 523/592/1 637/593/1
f 553/596/1 611/594/1 554/591/1
f 636/595/1 524/597/1 523/592/1
f 635/598/1 524/597/1 636/595/1
f 553/596/1 612/599/1 611/594/1
f 552/600/1 612/599/1 553/596/1
f 634/601/1 524/597/1 635/598/1
f 552/600/1 613/602/1 612/599/1
f 633/603/1 524/597/1 634/601/1
f 633/603/1 525/604/1 524/597/1
f 632/605/1 525/604/1 633/603/1
f 551/606/1 613/602/1 552/600/1
f 551/606/1 614/607/1 613/602/1
f 631/608/1 525/604/1 632/605/1
f 551/606/1 615/609/1 614/607/1
f 630/610/1 525/604/1 631/608/1
f 550/611/1 615/609/1 551/606/1
f 550/611/1 616/612/1 615/609/1
f 629/613/1 525/604/1 630/610/1
f 550/611/1 617/614/1 616/612/1
f 549/615/1 617/614/1 550/611/1
f 628/616/1 525/604/1 629/613/1
f 628/616/1 526/617/1 525/604/1
f 549/615/1 618/618/1 617/614/1
f 627/619/1 526/617/1 628/616/1
f 549/615/1 619/620/1 618/618/1
f 548/621/1 619/620/1 549/615/1
f 626/622/1 526/617/1 627/619/1
f 548/621/1 620/623/1 619/620/1
f 547/624/1 620/623/1 548/621/1
f 625/625/1 526/617/1 626/622/1
f 547/624/1 621/626/1 620/623/1
f 624/627/1 526/617/1 625/625/1
f 547/624/1 622/628/1 621/626/1
f 623/629/1 526/617/1 624/627/1
f 547/624/1 623/629/1 622/628/1
f 547/624/1 526/617/1 623/629/1
f 546/630/1 526/617/1 547/624/1
f 545/631/1 526/617/1 546/630/1
f 544/632/1 526/617/1 545/631/1
f 543/633/1 526/617/1 544/632/1
f 542/634/1 526/617/1 543/633/1
f 541/635/1 526/617/1 542/634/1
f 540/636/1 526/617/1 541/635/1
f 539/637/1 526/617/1 540/636/1
f 539/637/1 527/638/1 526/617/1
f 528/639/1 527/638/1 539/637/1
f 538/640/1 528/639/1 539/637/1
f 537/641/1 529/642/1 538/640/1
f 529/642/1 528/639/1 538/640/1
f 536/643/1 530/644/1 537/641/1
f 530/644/1 529/642/1 537/641/1
f 535/645/1 531/646/1 536/643/1
f 531/646/1 530/644/1 536/643/1
f 535/645/1 532/647/1 531/646/1
f 534/648/1 532/647/1 535/645/1
f 534/648/1 533/649/1 532/647/1
f 807/650/1 809/651/1 808/652/1
f 806/653/1 809/651/1 807/650/1
f 806/653/1 810/654/1 809/651/1
f 805/655/1 810/654/1 806/653/1
f 805/655/1 811/656/1 810/654/1
f 805/655/1 812/657/1 811/656/1
f 804/658/1 812/657/1 805/655/1
f 804/658/1 813/659/1 812/657/1
f 803/660/1 813/659/1 804/658/1
f 803/660/1 814/661/1 813/659/1
f 802/662/1 814/661/1 803/660/1
f 802/662/1 815/663/1 814/661/1
f 801/664/1 815/663/1 802/662/1
f 801/664/1 816/665/1 815/663/1
f 652/666/1 654/667/1 653/668/1
f 651/669/1 654/667/1 652/666/1
f 801/664/1 651/669/1 816/665/1
f 801/664/1 677/670/1 651/669/1
f 677/670/1 654/667/1 651/669/1
f 800/671/1 678/672/1 801/664/1
f 678/672/1 677/670/1 801/664/1
f 676/673/1 654/667/1 677/670/1
f 800/671/1 679/674/1 678/672/1
f 675/675/1 654/667/1 676/673/1
f 800/671/1 680/676/1 679/674/1
f 674/677/1 654/667/1 675/675/1
f 674/677/1 655/678/1 654/667/1
f 800/671/1 681/679/1 680/676/1
f 799/680/1 681/679/1 800/671/1
f 673/681/1 655/678/1 674/677/1
f 799/680/1 682/682/1 681/679/1
f 672/683/1 655/678/1 673/681/1
f 799/680/1 683/684/1 682/682/1
f 798/685/1 683/684/1 799/680/1
f 671/686/1 655/678/1 672/683/1
f 798/685/1 684/687/1 683/684/1
f 797/688/1 684/687/1 798/685/1
f 797/688/1 685/689/1 684/687/1
f 670/690/1 655/678/1 671/686/1
f 796/691/1 685/689/1 797/688/1
f 796/691/1 686/692/1 685/689/1
f 669/693/1 655/678/1 670/690/1
f 796/691/1 687/694/1 686/692/1
f 795/695/1 687/694/1 796/691/1
f 668/696/1 655/678/1 669/693/1
f 795/695/1 688/697/1 687/694/1
f 794/698/1 688/697/1 795/695/1
f 667/699/1 655/678/1 668/696/1
f 667/699/1 656/700/1 655/678/1
f 794/698/1 689/701/1 688/697/1
f 793/702/1 689/701/1 794/698/1
f 793/702/1 690/703/1 689/701/1
f 666/704/1 656/700/1 667/699/1
f 792/705/1 690/703/1 793/702/1
f 792/705/1 691/706/1 690/703/1
f 665/707/1 656/700/1 666/704/1
f 792/705/1 692/708/1 691/706/1
f 791/709/1 692/708/1 792/705/1
f 665/707/1 657/710/1 656/700/1
f 791/709/1 693/711/1 692/708/1
f 664/712/1 657/710/1 665/707/1
f 790/713/1 693/711/1 791/709/1
f 664/712/1 658/714/1 657/710/1
f 790/713/1 694/715/1 693/711/1
f 664/712/1 659/716/1 658/714/1
f 663/717/1 659/716/1 664/712/1
f 663/717/1 660/718/1 659/716/1
f 662/719/1 660/718/1 663/717/1
f 662/719/1 661/720/1 660/718/1
f 789/721/1 694/715/1 790/713/1
f 789/721/1 695/722/1 694/715/1
f 788/723/1 695/722/1 789/721/1
f 788/723/1 696/724/1 695/722/1
f 788/723/1 697/725/1 696/724/1
f 787/726/1 697/725/1 788/723/1
f 787/726/1 698/727/1 697/725/1
f 786/728/1 698/727/1 787/726/1
f 786/728/1 699/729/1 698/727/1
f 785/730/1 699/729/1 786/728/1
f 785/730/1 700/731/1 699/729/1
f 784/732/1 700/731/1 785/730/1
f 784/732/1 701/733/1 700/731/1
f 784/732/1 702/734/1 701/733/1
f 783/735/1 702/734/1 784/732/1
f 783/735/1 703/736/1 702/734/1
f 782/737/1 703/736/1 783/735/1
f 782/737/1 704/738/1 703/736/1
f 781/739/1 704/738/1 782/737/1
f 781/739/1 705/740/1 704/738/1
f 780/741/1 705/740/1 781/739/1
f 780/741/1 706/742/1 705/740/1
f 779/743/1 706/742/1 780/741/1
f 779/743/1 707/744/1 706/742/1
f 778/745/1 707/744/1 779/743/1
f 778/745/1 708/746/1 707/744/1
f 777/747/1 708/746/1 778/745/1
f 777/747/1 709/748/1 708/746/1
f 776/749/1 709/748/1 777/747/1
f 776/749/1 710/750/1 709/748/1
f 739/751/1 741/752/1 740/753/1
f 739/751/1 742/754/1 741/752/1
f 738/755/1 742/754/1 739/751/1
f 737/756/1 742/754/1 738/755/1
f 737/756/1 743/757/1 742/754/1
f 736/758/1 743/757/1 737/756/1
f 736/758/1 744/759/1 743/757/1
f 775/760/1 710/750/1 776/749/1
f 736/758/1 745/761/1 744/759/1
f 736/758/1 746/762/1 745/761/1
f 775/760/1 711/763/1 710/750/1
f 736/758/1 747/764/1 746/762/1
f 736/758/1 748/765/1 747/764/1
f 736/758/1 749/766/1 748/765/1
f 735/767/1 749/766/1 736/758/1
f 774/768/1 711/763/1 775/760/1
f 774/768/1 712/769/1 711/763/1
f 774/768/1 713/770/1 712/769/1
f 773/771/1 713/770/1 774/768/1
f 734/772/1 749/766/1 735/767/1
f 734/772/1 750/773/1 749/766/1
f 773/771/1 714/774/1 713/770/1
f 772/775/1 714/774/1 773/771/1
f 733/776/1 750/773/1 734/772/1
f 772/775/1 715/777/1 714/774/1
f 733/776/1 751/778/1 750/773/1
f 732/779/1 751/778/1 733/776/1
f 771/780/1 715/777/1 772/775/1
f 771/780/1 716/781/1 715/777/1
f 731/782/1 751/778/1 732/779/1
f 771/780/1 717/783/1 716/781/1
f 731/782/1 752/784/1 751/778/1
f 770/785/1 717/783/1 771/780/1
f 770/785/1 718/786/1 717/783/1
f 730/787/1 752/784/1 731/782/1
f 770/785/1 719/788/1 718/786/1
f 769/789/1 719/788/1 770/785/1
f 729/790/1 752/784/1 730/787/1
f 729/790/1 753/791/1 752/784/1
f 769/789/1 720/792/1 719/788/1
f 728/793/1 753/791/1 729/790/1
f 769/789/1 721/794/1 720/792/1
f 769/789/1 722/795/1 721/794/1
f 727/796/1 753/791/1 728/793/1
f 768/797/1 722/795/1 769/789/1
f 768/797/1 723/798/1 722/795/1
f 726/799/1 753/791/1 727/796/1
f 726/799/1 754/800/1 753/791/1
f 768/797/1 724/801/1 723/798/1
f 725/802/1 754/800/1 726/799/1
f 768/797/1 725/802/1 724/801/1
f 768/797/1 754/800/1 725/802/1
f 767/803/1 754/800/1 768/797/1
f 767/803/1 755/804/1 754/800/1
f 766/805/1 755/804/1 767/803/1
f 766/805/1 756/806/1 755/804/1
f 765/807/1 756/806/1 766/805/1
f 764/808/1 756/806/1 765/807/1
f 764/808/1 757/809/1 756/806/1
f 763/810/1 757/809/1 764/808/1
f 763/810/1 758/811/1 757/809/1
f 762/812/1 758/811/1 763/810/1
f 762/812/1 759/813/1 758/811/1
f 761/814/1 759/813/1 762/812/1
f 761/814/1 760/815/1 759/813/1
f 894/1/2 895/3/2 896/2/2
f 894/1/2 896/2/2 897/4/2
f 891/5/2 892/7/2 893/6/2
f 894/1/2 897/4/2 898/8/2
f 890/9/2 891/5/2 893/6/2
f 889/10/2 890/9/2 893/6/2
f 889/10/2 893/6/2 894/1/2
f 894/1/2 898/8/2 899/11/2
f 889/10/2 894/1/2 899/11/2
f 888/12/2 889/10/2 899/11/2
f 888/12/2 899/11/2 900/13/2
f 888/12/2 900/13/2 901/14/2
f 887/15/2 888/12/2 901/14/2
f 887/15/2 901/14/2 902/16/2
f 886/17/2 887/15/2 902/16/2
f 886/17/2 902/16/2 903/18/2
f 885/19/2 886/17/2 903/18/2
f 884/20/2 885/19/2 903/18/2
f 884/20/2 903/18/2 904/21/2
f 883/22/2 884/20/2 904/21/2
f 882/23/2 883/22/2 904/21/2
f 881/24/2 882/23/2 904/21/2
f 880/25/2 881/24/2 996/26/2
f 996/26/2 881/24/2 904/21/2
f 880/25/2 996/26/2 997/27/2
f 995/28/2 996/26/2 904/21/2
f 995/28/2 904/21/2 905/29/2
f 880/25/2 997/27/2 998/30/2
f 994/31/2 995/28/2 905/29/2
f 879/32/2 880/25/2 998/30/2
f 879/32/2 998/30/2 999/33/2
f 878/34/2 879/32/2 999/33/2
f 993/35/2 994/31/2 905/29/2
f 878/34/2 999/33/2 1000/36/2
f 877/37/2 878/34/2 1000/36/2
f 993/35/2 905/29/2 906/38/2
f 877/37/2 1000/36/2 1001/39/2
f 992/40/2 993/35/2 906/38/2
f 876/41/2 877/37/2 1001/39/2
f 876/41/2 1001/39/2 1002/42/2
f 875/43/2 876/41/2 1002/42/2
f 875/43/2 1002/42/2 1003/44/2
f 992/40/2 906/38/2 907/45/2
f 991/46/2 992/40/2 907/45/2
f 874/47/2 875/43/2 1003/44/2
f 874/47/2 1003/44/2 1004/48/2
f 874/47/2 1004/48/2 1005/49/2
f 991/46/2 907/45/2 908/50/2
f 990/51/2 991/46/2 908/50/2
f 873/52/2 874/47/2 1005/49/2
f 990/51/2 908/50/2 909/53/2
f 873/52/2 1005/49/2 1006/54/2
f 989/55/2 990/51/2 909/53/2
f 872/56/2 873/52/2 1006/54/2
f 989/55/2 909/53/2 910/57/2
f 872/56/2 1006/54/2 1007/58/2
f 989/55/2 910/57/2 911/59/2
f 871/60/2 872/56/2 1007/58/2
f 988/61/2 989/55/2 911/59/2
f 988/61/2 911/59/2 912/62/2
f 871/60/2 1007/58/2 1008/63/2
f 987/64/2 988/61/2 912/62/2
f 870/65/2 871/60/2 1008/63/2
f 987/64/2 912/62/2 913/66/2
f 987/64/2 913/66/2 914/67/2
f 986/68/2 987/64/2 914/67/2
f 986/68/2 914/67/2 915/69/2
f 986/68/2 915/69/2 916/70/2
f 985/71/2 986/68/2 916/70/2
f 985/71/2 916/70/2 917/72/2
f 985/71/2 917/72/2 918/73/2
f 984/74/2 985/71/2 918/73/2
f 984/74/2 918/73/2 919/75/2
f 869/76/2 870/65/2 1008/63/2
f 869/76/2 1008/63/2 963/77/2
f 983/78/2 984/74/2 919/75/2
f 983/78/2 919/75/2 920/79/2
f 982/80/2 983/78/2 920/79/2
f 982/80/2 920/79/2 921/81/2
f 981/82/2 982/80/2 921/81/2
f 981/82/2 921/81/2 922/83/2
f 980/84/2 981/82/2 922/83/2
f 980/84/2 922/83/2 923/85/2
f 979/86/2 980/84/2 923/85/2
f 979/86/2 923/85/2 924/87/2
f 978/88/2 979/86/2 924/87/2
f 978/88/2 924/87/2 925/89/2
f 977/90/2 978/88/2 925/89/2
f 977/90/2 925/89/2 926/91/2
f 976/92/2 977/90/2 926/91/2
f 975/93/2 976/92/2 926/91/2
f 975/93/2 926/91/2 927/94/2
f 974/95/2 975/93/2 927/94/2
f 973/96/2 974/95/2 927/94/2
f 973/96/2 927/94/2 928/97/2
f 972/98/2 973/96/2 928/97/2
f 971/99/2 972/98/2 928/97/2
f 970/100/2 971/99/2 928/97/2
f 970/100/2 928/97/2 929/101/2
f 969/102/2 970/100/2 929/101/2
f 869/76/2 963/77/2 964/103/2
f 968/104/2 969/102/2 929/101/2
f 869/76/2 964/103/2 819/105/2
f 819/105/2 964/103/2 965/106/2
f 967/107/2 968/104/2 929/101/2
f 966/108/2 967/107/2 929/101/2
f 819/105/2 965/106/2 966/108/2
f 819/105/2 966/108/2 929/101/2
f 819/105/2 929/101/2 930/109/2
f 819/105/2 930/109/2 931/110/2
f 819/105/2 931/110/2 961/816/2
f 961/816/2 931/110/2 932/112/2
f 869/76/2 819/105/2 820/113/2
f 818/114/2 819/105/2 961/816/2
f 818/114/2 961/816/2 962/115/2
f 817/116/2 818/114/2 962/115/2
f 961/816/2 932/112/2 933/117/2
f 960/118/2 961/816/2 933/117/2
f 960/118/2 933/117/2 934/119/2
f 869/76/2 820/113/2 821/120/2
f 868/121/2 869/76/2 821/120/2
f 960/118/2 934/119/2 935/122/2
f 867/123/2 868/121/2 821/120/2
f 867/123/2 821/120/2 822/124/2
f 960/118/2 935/122/2 936/125/2
f 866/126/2 867/123/2 822/124/2
f 866/126/2 822/124/2 823/127/2
f 960/118/2 936/125/2 937/128/2
f 866/126/2 823/127/2 824/129/2
f 865/130/2 866/126/2 824/129/2
f 865/130/2 824/129/2 825/131/2
f 960/118/2 937/128/2 938/132/2
f 864/133/2 865/130/2 825/131/2
f 959/134/2 960/118/2 938/132/2
f 864/133/2 825/131/2 826/135/2
f 959/134/2 938/132/2 939/136/2
f 864/133/2 826/135/2 827/137/2
f 863/138/2 864/133/2 827/137/2
f 959/134/2 939/136/2 940/139/2
f 862/140/2 863/138/2 827/137/2
f 862/140/2 827/137/2 828/141/2
f 959/134/2 940/139/2 941/142/2
f 861/143/2 862/140/2 828/141/2
f 861/143/2 828/141/2 829/144/2
f 959/134/2 941/142/2 942/145/2
f 861/143/2 829/144/2 830/146/2
f 860/147/2 861/143/2 830/146/2
f 959/134/2 942/145/2 943/148/2
f 860/147/2 830/146/2 831/149/2
f 859/150/2 860/147/2 831/149/2
f 959/134/2 943/148/2 944/151/2
f 859/150/2 831/149/2 832/152/2
f 858/153/2 859/150/2 832/152/2
f 858/153/2 832/152/2 833/154/2
f 958/155/2 959/134/2 944/151/2
f 958/155/2 944/151/2 945/156/2
f 857/157/2 858/153/2 833/154/2
f 857/157/2 833/154/2 834/158/2
f 958/155/2 945/156/2 946/159/2
f 856/160/2 857/157/2 834/158/2
f 856/160/2 834/158/2 835/161/2
f 855/162/2 856/160/2 835/161/2
f 855/162/2 835/161/2 836/163/2
f 958/155/2 946/159/2 947/164/2
f 854/165/2 855/162/2 836/163/2
f 854/165/2 836/163/2 837/166/2
f 958/155/2 947/164/2 948/167/2
f 853/168/2 854/165/2 837/166/2
f 957/169/2 958/155/2 948/167/2
f 852/170/2 853/168/2 837/166/2
f 852/170/2 837/166/2 838/171/2
f 957/169/2 948/167/2 949/172/2
f 957/169/2 949/172/2 956/173/2
f 956/173/2 949/172/2 950/174/2
f 851/175/2 852/170/2 838/171/2
f 851/175/2 838/171/2 839/176/2
f 956/173/2 950/174/2 955/177/2
f 955/177/2 950/174/2 951/178/2
f 850/179/2 851/175/2 846/180/2
f 846/180/2 851/175/2 845/181/2
f 845/181/2 851/175/2 839/176/2
f 845/181/2 839/176/2 840/182/2
f 844/183/2 845/181/2 840/182/2
f 954/184/2 955/177/2 951/178/2
f 843/185/2 844/183/2 840/182/2
f 953/186/2 954/184/2 951/178/2
f 850/179/2 846/180/2 847/187/2
f 849/188/2 850/179/2 847/187/2
f 843/185/2 840/182/2 841/189/2
f 953/186/2 951/178/2 952/190/2
f 842/191/2 843/185/2 841/189/2
f 849/188/2 847/187/2 848/192/2
f 1073/193/2 1074/195/2 1075/194/2
f 1073/193/2 1075/194/2 1076/196/2
f 1073/193/2 1076/196/2 1077/197/2
f 1073/193/2 1077/197/2 1078/198/2
f 1073/193/2 1078/198/2 1079/199/2
f 1072/200/2 1073/193/2 1079/199/2
f 1071/201/2 1072/200/2 1079/199/2
f 1131/202/2 1071/201/2 1079/199/2
f 1071/201/2 1131/202/2 1132/203/2
f 1131/202/2 1079/199/2 1080/204/2
f 1070/205/2 1071/201/2 1132/203/2
f 1130/206/2 1131/202/2 1080/204/2
f 1069/207/2 1070/205/2 1132/203/2
f 1069/207/2 1132/203/2 1133/208/2
f 1130/206/2 1080/204/2 1081/209/2
f 1138/210/2 1130/206/2 1081/209/2
f 1069/207/2 1133/208/2 1015/211/2
f 1137/212/2 1138/210/2 1081/209/2
f 1015/211/2 1133/208/2 1134/213/2
f 1136/214/2 1137/212/2 1010/215/2
f 1010/215/2 1137/212/2 1081/209/2
f 1015/211/2 1134/213/2 1135/216/2
f 1015/211/2 1135/216/2 1136/214/2
f 1015/211/2 1136/214/2 1014/217/2
f 1014/217/2 1136/214/2 1013/218/2
f 1013/218/2 1136/214/2 1012/219/2
f 1012/219/2 1136/214/2 1011/220/2
f 1011/220/2 1136/214/2 1010/215/2
f 1069/207/2 1015/211/2 1016/221/2
f 1009/222/2 1010/215/2 1081/209/2
f 1068/223/2 1069/207/2 1016/221/2
f 1068/223/2 1016/221/2 1017/224/2
f 1009/222/2 1081/209/2 1082/225/2
f 1129/226/2 1009/222/2 1082/225/2
f 1068/223/2 1017/224/2 1018/227/2
f 1067/228/2 1068/223/2 1018/227/2
f 1067/228/2 1018/227/2 1019/229/2
f 1129/226/2 1082/225/2 1083/230/2
f 1066/231/2 1067/228/2 1019/229/2
f 1066/231/2 1019/229/2 1020/232/2
f 1128/233/2 1129/226/2 1083/230/2
f 1128/233/2 1083/230/2 1084/234/2
f 1066/231/2 1020/232/2 1021/235/2
f 1127/236/2 1128/233/2 1084/234/2
f 1065/237/2 1066/231/2 1021/235/2
f 1126/238/2 1127/236/2 1084/234/2
f 1065/237/2 1021/235/2 1022/239/2
f 1126/238/2 1084/234/2 1085/240/2
f 1064/241/2 1065/237/2 1022/239/2
f 1064/241/2 1022/239/2 1023/242/2
f 1125/243/2 1126/238/2 1085/240/2
f 1064/241/2 1023/242/2 1024/244/2
f 1063/245/2 1064/241/2 1024/244/2
f 1125/243/2 1085/240/2 1086/246/2
f 1124/247/2 1125/243/2 1086/246/2
f 1063/245/2 1024/244/2 1025/248/2
f 1062/249/2 1063/245/2 1025/248/2
f 1123/250/2 1124/247/2 1086/246/2
f 1062/249/2 1025/248/2 1026/251/2
f 1123/250/2 1086/246/2 1087/252/2
f 1062/249/2 1026/251/2 1027/253/2
f 1061/254/2 1062/249/2 1027/253/2
f 1122/255/2 1123/250/2 1087/252/2
f 1061/254/2 1027/253/2 1028/256/2
f 1121/257/2 1122/255/2 1087/252/2
f 1121/257/2 1087/252/2 1088/258/2
f 1120/259/2 1121/257/2 1088/258/2
f 1060/260/2 1061/254/2 1028/256/2
f 1060/260/2 1028/256/2 1029/261/2
f 1119/262/2 1120/259/2 1088/258/2
f 1059/263/2 1060/260/2 1029/261/2
f 1119/262/2 1088/258/2 1089/264/2
f 1059/263/2 1029/261/2 1030/265/2
f 1119/262/2 1089/264/2 1090/266/2
f 1118/267/2 1119/262/2 1090/266/2
f 1058/268/2 1059/263/2 1030/265/2
f 1118/267/2 1090/266/2 1091/269/2
f 1058/268/2 1030/265/2 1031/270/2
f 1118/267/2 1091/269/2 1092/271/2
f 1117/272/2 1118/267/2 1092/271/2
f 1057/273/2 1058/268/2 1031/270/2
f 1057/273/2 1031/270/2 1032/274/2
f 1117/272/2 1092/271/2 1093/275/2
f 1116/276/2 1117/272/2 1093/275/2
f 1056/277/2 1057/273/2 1032/274/2
f 1116/276/2 1093/275/2 1094/278/2
f 1055/279/2 1056/277/2 1032/274/2
f 1055/279/2 1032/274/2 1033/280/2
f 1115/281/2 1116/276/2 1094/278/2
f 1115/281/2 1094/278/2 1095/282/2
f 1054/283/2 1055/279/2 1033/280/2
f 1053/284/2 1054/283/2 1033/280/2
f 1053/284/2 1033/280/2 1034/285/2
f 1114/286/2 1115/281/2 1095/282/2
f 1114/286/2 1095/282/2 1096/287/2
f 1052/288/2 1053/284/2 1034/285/2
f 1052/288/2 1034/285/2 1035/289/2
f 1113/290/2 1114/286/2 1096/287/2
f 1113/290/2 1096/287/2 1097/291/2
f 1051/292/2 1052/288/2 1035/289/2
f 1113/290/2 1097/291/2 1098/293/2
f 1050/294/2 1051/292/2 1035/289/2
f 1050/294/2 1035/289/2 1036/295/2
f 1112/296/2 1113/290/2 1098/293/2
f 1112/296/2 1098/293/2 1099/297/2
f 1050/294/2 1036/295/2 1037/298/2
f 1112/296/2 1099/297/2 1100/299/2
f 1049/300/2 1050/294/2 1037/298/2
f 1049/300/2 1037/298/2 1038/301/2
f 1112/296/2 1100/299/2 1101/302/2
f 1048/303/2 1049/300/2 1038/301/2
f 1111/304/2 1112/296/2 1101/302/2
f 1111/304/2 1101/302/2 1102/305/2
f 1048/303/2 1038/301/2 1043/306/2
f 1043/306/2 1038/301/2 1039/307/2
f 1111/304/2 1102/305/2 1106/308/2
f 1047/309/2 1048/303/2 1044/310/2
f 1044/310/2 1048/303/2 1043/306/2
f 1110/311/2 1111/304/2 1106/308/2
f 1105/312/2 1106/308/2 1102/305/2
f 1110/311/2 1106/308/2 1107/313/2
f 1042/314/2 1043/306/2 1039/307/2
f 1105/312/2 1102/305/2 1103/315/2
f 1109/316/2 1110/311/2 1107/313/2
f 1104/317/2 1105/312/2 1103/315/2
f 1047/309/2 1044/310/2 1045/318/2
f 1109/316/2 1107/313/2 1108/319/2
f 1040/320/2 1042/314/2 1039/307/2
f 1046/321/2 1047/309/2 1045/318/2
f 1201/322/2 1202/324/2 1203/323/2
f 1195/325/2 1196/327/2 1197/326/2
f 1194/328/2 1195/325/2 1197/326/2
f 1200/329/2 1201/322/2 1203/323/2
f 1193/330/2 1194/328/2 1197/326/2
f 1193/330/2 1197/326/2 1198/331/2
f 1199/332/2 1200/329/2 1203/323/2
f 1193/330/2 1198/331/2 1199/332/2
f 1193/330/2 1199/332/2 1203/323/2
f 1192/333/2 1193/330/2 1203/323/2
f 1191/334/2 1192/333/2 1203/323/2
f 1190/335/2 1191/334/2 1203/323/2
f 1189/336/2 1190/335/2 1203/323/2
f 1188/337/2 1189/336/2 1203/323/2
f 1187/338/2 1188/337/2 1203/323/2
f 1186/339/2 1187/338/2 1203/323/2
f 1186/339/2 1203/323/2 1229/340/2
f 1185/341/2 1186/339/2 1229/340/2
f 1230/342/2 1185/341/2 1229/340/2
f 1184/343/2 1185/341/2 1230/342/2
f 1183/344/2 1184/343/2 1230/342/2
f 1183/344/2 1230/342/2 1231/345/2
f 1182/346/2 1183/344/2 1231/345/2
f 1228/347/2 1229/340/2 1203/323/2
f 1182/346/2 1231/345/2 1232/348/2
f 1181/349/2 1182/346/2 1232/348/2
f 1227/350/2 1228/347/2 1203/323/2
f 1181/349/2 1232/348/2 1233/351/2
f 1226/352/2 1227/350/2 1203/323/2
f 1180/353/2 1181/349/2 1233/351/2
f 1180/353/2 1233/351/2 1234/354/2
f 1225/355/2 1226/352/2 1203/323/2
f 1225/355/2 1203/323/2 1204/356/2
f 1179/357/2 1180/353/2 1234/354/2
f 1224/358/2 1225/355/2 1204/356/2
f 1179/357/2 1234/354/2 1235/359/2
f 1178/360/2 1179/357/2 1235/359/2
f 1223/361/2 1224/358/2 1204/356/2
f 1178/360/2 1235/359/2 1236/362/2
f 1222/363/2 1223/361/2 1204/356/2
f 1178/360/2 1236/362/2 1237/364/2
f 1178/360/2 1237/364/2 1238/365/2
f 1221/366/2 1222/363/2 1204/356/2
f 1177/367/2 1178/360/2 1238/365/2
f 1220/368/2 1221/366/2 1204/356/2
f 1177/367/2 1238/365/2 1239/369/2
f 1176/370/2 1177/367/2 1239/369/2
f 1176/370/2 1239/369/2 1240/371/2
f 1219/372/2 1220/368/2 1204/356/2
f 1175/373/2 1176/370/2 1240/371/2
f 1175/373/2 1240/371/2 1241/374/2
f 1218/375/2 1219/372/2 1204/356/2
f 1218/375/2 1204/356/2 1205/376/2
f 1175/373/2 1241/374/2 1242/377/2
f 1174/378/2 1175/373/2 1242/377/2
f 1217/379/2 1218/375/2 1205/376/2
f 1216/380/2 1217/379/2 1205/376/2
f 1173/381/2 1174/378/2 1242/377/2
f 1215/382/2 1216/380/2 1205/376/2
f 1215/382/2 1205/376/2 1206/383/2
f 1214/384/2 1215/382/2 1206/383/2
f 1214/384/2 1206/383/2 1207/817/2
f 1214/384/2 1207/817/2 1208/386/2
f 1214/384/2 1208/386/2 1209/387/2
f 1213/388/2 1214/384/2 1209/387/2
f 1213/388/2 1209/387/2 1210/389/2
f 1212/390/2 1213/388/2 1210/389/2
f 1212/390/2 1210/389/2 1211/391/2
f 1172/392/2 1173/381/2 1242/377/2
f 1172/392/2 1242/377/2 1243/393/2
f 1261/394/2 1262/396/2 1263/395/2
f 1260/397/2 1261/394/2 1263/395/2
f 1260/397/2 1263/395/2 1264/398/2
f 1259/399/2 1260/397/2 1264/398/2
f 1259/399/2 1264/398/2 1265/400/2
f 1258/401/2 1259/399/2 1265/400/2
f 1258/401/2 1265/400/2 1266/402/2
f 1258/401/2 1266/402/2 1267/403/2
f 1257/404/2 1258/401/2 1267/403/2
f 1256/405/2 1257/404/2 1267/403/2
f 1255/406/2 1256/405/2 1267/403/2
f 1254/407/2 1255/406/2 1267/403/2
f 1254/407/2 1267/403/2 1268/408/2
f 1253/409/2 1254/407/2 1268/408/2
f 1252/410/2 1253/409/2 1268/408/2
f 1251/411/2 1252/410/2 1268/408/2
f 1250/412/2 1251/411/2 1268/408/2
f 1249/413/2 1250/412/2 1268/408/2
f 1249/413/2 1268/408/2 1269/414/2
f 1248/415/2 1249/413/2 1269/414/2
f 1247/416/2 1248/415/2 1269/414/2
f 1246/417/2 1247/416/2 1269/414/2
f 1172/392/2 1243/393/2 1244/418/2
f 1172/392/2 1244/418/2 1295/419/2
f 1245/420/2 1246/417/2 1269/414/2
f 1295/419/2 1244/418/2 1245/420/2
f 1295/419/2 1245/420/2 1269/414/2
f 1295/419/2 1269/414/2 1294/421/2
f 1294/421/2 1269/414/2 1293/422/2
f 1172/392/2 1295/419/2 1296/423/2
f 1292/424/2 1293/422/2 1269/414/2
f 1291/425/2 1292/424/2 1269/414/2
f 1290/426/2 1291/425/2 1269/414/2
f 1290/426/2 1269/414/2 1270/427/2
f 1289/428/2 1290/426/2 1270/427/2
f 1288/429/2 1289/428/2 1270/427/2
f 1287/430/2 1288/429/2 1270/427/2
f 1286/431/2 1287/430/2 1270/427/2
f 1285/432/2 1286/431/2 1270/427/2
f 1285/432/2 1270/427/2 1271/433/2
f 1284/434/2 1285/432/2 1271/433/2
f 1283/435/2 1284/434/2 1271/433/2
f 1282/436/2 1283/435/2 1271/433/2
f 1281/437/2 1282/436/2 1271/433/2
f 1281/437/2 1271/433/2 1272/438/2
f 1280/439/2 1281/437/2 1272/438/2
f 1280/439/2 1272/438/2 1273/440/2
f 1279/441/2 1280/439/2 1273/440/2
f 1279/441/2 1273/440/2 1274/442/2
f 1278/443/2 1279/441/2 1274/442/2
f 1278/443/2 1274/442/2 1275/444/2
f 1277/445/2 1278/443/2 1275/444/2
f 1277/445/2 1275/444/2 1276/446/2
f 1331/447/2 1332/449/2 1333/448/2
f 1331/447/2 1333/448/2 1334/450/2
f 1330/451/2 1331/447/2 1334/450/2
f 1330/451/2 1334/450/2 1335/452/2
f 1329/453/2 1330/451/2 1335/452/2
f 1329/453/2 1335/452/2 1336/454/2
f 1328/455/2 1329/453/2 1336/454/2
f 1328/455/2 1336/454/2 1337/456/2
f 1328/455/2 1337/456/2 1139/457/2
f 1328/455/2 1139/457/2 1140/458/2
f 1172/392/2 1296/423/2 1297/459/2
f 1171/460/2 1172/392/2 1297/459/2
f 1327/461/2 1328/455/2 1140/458/2
f 1327/461/2 1140/458/2 1141/462/2
f 1326/463/2 1327/461/2 1141/462/2
f 1171/460/2 1297/459/2 1298/464/2
f 1170/465/2 1171/460/2 1298/464/2
f 1325/466/2 1326/463/2 1141/462/2
f 1325/466/2 1141/462/2 1142/467/2
f 1170/465/2 1298/464/2 1299/468/2
f 1169/469/2 1170/465/2 1299/468/2
f 1324/470/2 1325/466/2 1142/467/2
f 1169/469/2 1299/468/2 1300/471/2
f 1323/472/2 1324/470/2 1142/467/2
f 1168/473/2 1169/469/2 1300/471/2
f 1323/472/2 1142/467/2 1143/474/2
f 1322/475/2 1323/472/2 1143/474/2
f 1168/473/2 1300/471/2 1301/476/2
f 1321/477/2 1322/475/2 1143/474/2
f 1167/478/2 1168/473/2 1301/476/2
f 1320/479/2 1321/477/2 1143/474/2
f 1167/478/2 1301/476/2 1302/480/2
f 1319/481/2 1320/479/2 1143/474/2
f 1167/478/2 1302/480/2 1303/482/2
f 1166/483/2 1167/478/2 1303/482/2
f 1318/484/2 1319/481/2 1143/474/2
f 1166/483/2 1303/482/2 1304/485/2
f 1317/486/2 1318/484/2 1143/474/2
f 1166/483/2 1304/485/2 1305/487/2
f 1316/488/2 1317/486/2 1143/474/2
f 1166/483/2 1305/487/2 1306/489/2
f 1165/490/2 1166/483/2 1306/489/2
f 1315/491/2 1316/488/2 1143/474/2
f 1315/491/2 1143/474/2 1144/492/2
f 1165/490/2 1306/489/2 1307/493/2
f 1314/494/2 1315/491/2 1144/492/2
f 1165/490/2 1307/493/2 1308/495/2
f 1164/496/2 1165/490/2 1308/495/2
f 1313/497/2 1314/494/2 1144/492/2
f 1164/496/2 1308/495/2 1309/498/2
f 1312/499/2 1313/497/2 1144/492/2
f 1164/496/2 1309/498/2 1310/500/2
f 1311/501/2 1312/499/2 1144/492/2
f 1164/496/2 1310/500/2 1311/501/2
f 1164/496/2 1311/501/2 1144/492/2
f 1163/502/2 1164/496/2 1144/492/2
f 1162/503/2 1163/502/2 1144/492/2
f 1161/504/2 1162/503/2 1144/492/2
f 1160/505/2 1161/504/2 1144/492/2
f 1159/506/2 1160/505/2 1144/492/2
f 1158/507/2 1159/506/2 1144/492/2
f 1157/508/2 1158/507/2 1144/492/2
f 1156/509/2 1157/508/2 1144/492/2
f 1156/509/2 1144/492/2 1146/510/2
f 1146/510/2 1144/492/2 1145/511/2
f 1155/512/2 1156/509/2 1147/513/2
f 1147/513/2 1156/509/2 1146/510/2
f 1154/514/2 1155/512/2 1148/515/2
f 1148/515/2 1155/512/2 1147/513/2
f 1153/516/2 1154/514/2 1149/517/2
f 1149/517/2 1154/514/2 1148/515/2
f 1153/516/2 1149/517/2 1150/518/2
f 1152/519/2 1153/516/2 1150/518/2
f 1152/519/2 1150/518/2 1151/520/2
f 1396/521/2 1397/523/2 1398/522/2
f 1395/524/2 1396/521/2 1398/522/2
f 1401/525/2 1402/527/2 1403/526/2
f 1400/528/2 1401/525/2 1403/526/2
f 1394/529/2 1395/524/2 1398/522/2
f 1400/528/2 1403/526/2 1404/530/2
f 1394/529/2 1398/522/2 1399/531/2
f 1399/531/2 1400/528/2 1404/530/2
f 1394/529/2 1399/531/2 1404/530/2
f 1393/532/2 1394/529/2 1404/530/2
f 1393/532/2 1404/530/2 1405/533/2
f 1392/534/2 1393/532/2 1405/533/2
f 1392/534/2 1405/533/2 1406/535/2
f 1391/536/2 1392/534/2 1406/535/2
f 1391/536/2 1406/535/2 1407/537/2
f 1391/536/2 1407/537/2 1408/538/2
f 1390/539/2 1391/536/2 1408/538/2
f 1390/539/2 1408/538/2 1409/540/2
f 1389/541/2 1390/539/2 1409/540/2
f 1389/541/2 1409/540/2 1410/542/2
f 1388/543/2 1389/541/2 1410/542/2
f 1388/543/2 1410/542/2 1411/544/2
f 1387/545/2 1388/543/2 1411/544/2
f 1386/546/2 1387/545/2 1411/544/2
f 1386/546/2 1411/544/2 1412/547/2
f 1385/548/2 1386/546/2 1412/547/2
f 1385/548/2 1412/547/2 1413/549/2
f 1384/550/2 1385/548/2 1413/549/2
f 1384/550/2 1413/549/2 1414/551/2
f 1383/552/2 1384/550/2 1414/551/2
f 1382/553/2 1383/552/2 1414/551/2
f 1382/553/2 1414/551/2 1415/554/2
f 1381/555/2 1382/553/2 1415/554/2
f 1381/555/2 1415/554/2 1416/556/2
f 1380/557/2 1381/555/2 1416/556/2
f 1380/557/2 1416/556/2 1417/558/2
f 1379/559/2 1380/557/2 1417/558/2
f 1379/559/2 1417/558/2 1418/560/2
f 1378/561/2 1379/559/2 1418/560/2
f 1378/561/2 1418/560/2 1419/562/2
f 1378/561/2 1419/562/2 1420/563/2
f 1377/564/2 1378/561/2 1420/563/2
f 1376/565/2 1377/564/2 1420/563/2
f 1376/565/2 1420/563/2 1421/566/2
f 1375/567/2 1376/565/2 1421/566/2
f 1375/567/2 1421/566/2 1422/568/2
f 1374/569/2 1375/567/2 1422/568/2
f 1374/569/2 1422/568/2 1423/570/2
f 1373/571/2 1374/569/2 1423/570/2
f 1372/572/2 1373/571/2 1423/570/2
f 1372/572/2 1423/570/2 1424/573/2
f 1459/574/2 1460/576/2 1461/575/2
f 1458/577/2 1459/574/2 1461/575/2
f 1458/577/2 1461/575/2 1462/578/2
f 1457/579/2 1458/577/2 1462/578/2
f 1457/579/2 1462/578/2 1463/580/2
f 1456/581/2 1457/579/2 1463/580/2
f 1456/581/2 1463/580/2 1464/582/2
f 1456/581/2 1464/582/2 1465/583/2
f 1456/581/2 1465/583/2 1466/584/2
f 1372/572/2 1424/573/2 1425/585/2
f 1371/586/2 1372/572/2 1425/585/2
f 1456/581/2 1466/584/2 1338/587/2
f 1455/588/2 1456/581/2 1338/587/2
f 1454/589/2 1455/588/2 1338/587/2
f 1371/586/2 1425/585/2 1426/590/2
f 1370/591/2 1371/586/2 1426/590/2
f 1454/589/2 1338/587/2 1339/592/2
f 1453/593/2 1454/589/2 1339/592/2
f 1370/591/2 1426/590/2 1427/594/2
f 1452/595/2 1453/593/2 1339/592/2
f 1369/596/2 1370/591/2 1427/594/2
f 1452/595/2 1339/592/2 1340/597/2
f 1451/598/2 1452/595/2 1340/597/2
f 1369/596/2 1427/594/2 1428/599/2
f 1368/600/2 1369/596/2 1428/599/2
f 1450/601/2 1451/598/2 1340/597/2
f 1368/600/2 1428/599/2 1429/602/2
f 1449/603/2 1450/601/2 1340/597/2
f 1449/603/2 1340/597/2 1341/604/2
f 1448/605/2 1449/603/2 1341/604/2
f 1367/606/2 1368/600/2 1429/602/2
f 1367/606/2 1429/602/2 1430/607/2
f 1447/608/2 1448/605/2 1341/604/2
f 1367/606/2 1430/607/2 1431/609/2
f 1446/610/2 1447/608/2 1341/604/2
f 1366/611/2 1367/606/2 1431/609/2
f 1366/611/2 1431/609/2 1432/612/2
f 1445/613/2 1446/610/2 1341/604/2
f 1366/611/2 1432/612/2 1433/614/2
f 1365/615/2 1366/611/2 1433/614/2
f 1444/616/2 1445/613/2 1341/604/2
f 1444/616/2 1341/604/2 1342/617/2
f 1365/615/2 1433/614/2 1434/618/2
f 1443/619/2 1444/616/2 1342/617/2
f 1365/615/2 1434/618/2 1435/620/2
f 1364/621/2 1365/615/2 1435/620/2
f 1442/622/2 1443/619/2 1342/617/2
f 1364/621/2 1435/620/2 1436/623/2
f 1363/624/2 1364/621/2 1436/623/2
f 1441/625/2 1442/622/2 1342/617/2
f 1363/624/2 1436/623/2 1437/626/2
f 1440/627/2 1441/625/2 1342/617/2
f 1363/624/2 1437/626/2 1438/628/2
f 1439/629/2 1440/627/2 1342/617/2
f 1363/624/2 1438/628/2 1439/629/2
f 1363/624/2 1439/629/2 1342/617/2
f 1362/630/2 1363/624/2 1342/617/2
f 1361/631/2 1362/630/2 1342/617/2
f 1360/632/2 1361/631/2 1342/617/2
f 1359/633/2 1360/632/2 1342/617/2
f 1358/634/2 1359/633/2 1342/617/2
f 1357/635/2 1358/634/2 1342/617/2
f 1356/636/2 1357/635/2 1342/617/2
f 1355/637/2 1356/636/2 1342/617/2
f 1355/637/2 1342/617/2 1343/638/2
f 1344/639/2 1355/637/2 1343/638/2
f 1354/640/2 1355/637/2 1344/639/2
f 1353/641/2 1354/640/2 1345/642/2
f 1345/642/2 1354/640/2 1344/639/2
f 1352/643/2 1353/641/2 1346/644/2
f 1346/644/2 1353/641/2 1345/642/2
f 1351/645/2 1352/643/2 1347/646/2
f 1347/646/2 1352/643/2 1346/644/2
f 1351/645/2 1347/646/2 1348/647/2
f 1350/648/2 1351/645/2 1348/647/2
f 1350/648/2 1348/647/2 1349/649/2
f 1623/650/2 1624/652/2 1625/651/2
f 1622/653/2 1623/650/2 1625/651/2
f 1622/653/2 1625/651/2 1626/654/2
f 1621/655/2 1622/653/2 1626/654/2
f 1621/655/2 1626/654/2 1627/656/2
f 1621/655/2 1627/656/2 1628/657/2
f 1620/658/2 1621/655/2 1628/657/2
f 1620/658/2 1628/657/2 1629/659/2
f 1619/660/2 1620/658/2 1629/659/2
f 1619/660/2 1629/659/2 1630/661/2
f 1618/662/2 1619/660/2 1630/661/2
f 1618/662/2 1630/661/2 1631/663/2
f 1617/664/2 1618/662/2 1631/663/2
f 1617/664/2 1631/663/2 1632/665/2
f 1468/666/2 1469/668/2 1470/667/2
f 1467/669/2 1468/666/2 1470/667/2
f 1617/664/2 1632/665/2 1467/669/2
f 1617/664/2 1467/669/2 1493/670/2
f 1493/670/2 1467/669/2 1470/667/2
f 1616/671/2 1617/664/2 1494/672/2
f 1494/672/2 1617/664/2 1493/670/2
f 1492/673/2 1493/670/2 1470/667/2
f 1616/671/2 1494/672/2 1495/674/2
f 1491/675/2 1492/673/2 1470/667/2
f 1616/671/2 1495/674/2 1496/676/2
f 1490/677/2 1491/675/2 1470/667/2
f 1490/677/2 1470/667/2 1471/678/2
f 1616/671/2 1496/676/2 1497/679/2
f 1615/680/2 1616/671/2 1497/679/2
f 1489/681/2 1490/677/2 1471/678/2
f 1615/680/2 1497/679/2 1498/682/2
f 1488/683/2 1489/681/2 1471/678/2
f 1615/680/2 1498/682/2 1499/684/2
f 1614/685/2 1615/680/2 1499/684/2
f 1487/686/2 1488/683/2 1471/678/2
f 1614/685/2 1499/684/2 1500/687/2
f 1613/688/2 1614/685/2 1500/687/2
f 1613/688/2 1500/687/2 1501/689/2
f 1486/690/2 1487/686/2 1471/678/2
f 1612/691/2 1613/688/2 1501/689/2
f 1612/691/2 1501/689/2 1502/692/2
f 1485/693/2 1486/690/2 1471/678/2
f 1612/691/2 1502/692/2 1503/694/2
f 1611/695/2 1612/691/2 1503/694/2
f 1484/696/2 1485/693/2 1471/678/2
f 1611/695/2 1503/694/2 1504/697/2
f 1610/698/2 1611/695/2 1504/697/2
f 1483/699/2 1484/696/2 1471/678/2
f 1483/699/2 1471/678/2 1472/700/2
f 1610/698/2 1504/697/2 1505/701/2
f 1609/702/2 1610/698/2 1505/701/2
f 1609/702/2 1505/701/2 1506/703/2
f 1482/704/2 1483/699/2 1472/700/2
f 1608/705/2 1609/702/2 1506/703/2
f 1608/705/2 1506/703/2 1507/706/2
f 1481/707/2 1482/704/2 1472/700/2
f 1608/705/2 1507/706/2 1508/708/2
f 1607/709/2 1608/705/2 1508/708/2
f 1481/707/2 1472/700/2 1473/818/2
f 1607/709/2 1508/708/2 1509/711/2
f 1480/712/2 1481/707/2 1473/818/2
f 1606/713/2 1607/709/2 1509/711/2
f 1480/712/2 1473/818/2 1474/714/2
f 1606/713/2 1509/711/2 1510/715/2
f 1480/712/2 1474/714/2 1475/716/2
f 1479/717/2 1480/712/2 1475/716/2
f 1479/717/2 1475/716/2 1476/718/2
f 1478/719/2 1479/717/2 1476/718/2
f 1478/719/2 1476/718/2 1477/720/2
f 1605/721/2 1606/713/2 1510/715/2
f 1605/721/2 1510/715/2 1511/722/2
f 1604/723/2 1605/721/2 1511/722/2
f 1604/723/2 1511/722/2 1512/724/2
f 1604/723/2 1512/724/2 1513/725/2
f 1603/726/2 1604/723/2 1513/725/2
f 1603/726/2 1513/725/2 1514/727/2
f 1602/728/2 1603/726/2 1514/727/2
f 1602/728/2 1514/727/2 1515/729/2
f 1601/730/2 1602/728/2 1515/729/2
f 1601/730/2 1515/729/2 1516/731/2
f 1600/732/2 1601/730/2 1516/731/2
f 1600/732/2 1516/731/2 1517/733/2
f 1600/732/2 1517/733/2 1518/734/2
f 1599/735/2 1600/732/2 1518/734/2
f 1599/735/2 1518/734/2 1519/736/2
f 1598/737/2 1599/735/2 1519/736/2
f 1598/737/2 1519/736/2 1520/738/2
f 1597/739/2 1598/737/2 1520/738/2
f 1597/739/2 1520/738/2 1521/740/2
f 1596/741/2 1597/739/2 1521/740/2
f 1596/741/2 1521/740/2 1522/742/2
f 1595/743/2 1596/741/2 1522/742/2
f 1595/743/2 1522/742/2 1523/744/2
f 1594/745/2 1595/743/2 1523/744/2
f 1594/745/2 1523/744/2 1524/746/2
f 1593/747/2 1594/745/2 1524/746/2
f 1593/747/2 1524/746/2 1525/748/2
f 1592/749/2 1593/747/2 1525/748/2
f 1592/749/2 1525/748/2 1526/750/2
f 1555/751/2 1556/753/2 1557/752/2
f 1555/751/2 1557/752/2 1558/754/2
f 1554/755/2 1555/751/2 1558/754/2
f 1553/756/2 1554/755/2 1558/754/2
f 1553/756/2 1558/754/2 1559/757/2
f 1552/758/2 1553/756/2 1559/757/2
f 1552/758/2 1559/757/2 1560/759/2
f 1591/760/2 1592/749/2 1526/750/2
f 1552/758/2 1560/759/2 1561/761/2
f 1552/758/2 1561/761/2 1562/762/2
f 1591/760/2 1526/750/2 1527/763/2
f 1552/758/2 1562/762/2 1563/764/2
f 1552/758/2 1563/764/2 1564/765/2
f 1552/758/2 1564/765/2 1565/766/2
f 1551/767/2 1552/758/2 1565/766/2
f 1590/768/2 1591/760/2 1527/763/2
f 1590/768/2 1527/763/2 1528/769/2
f 1590/768/2 1528/769/2 1529/770/2
f 1589/771/2 1590/768/2 1529/770/2
f 1550/772/2 1551/767/2 1565/766/2
f 1550/772/2 1565/766/2 1566/773/2
f 1589/771/2 1529/770/2 1530/774/2
f 1588/775/2 1589/771/2 1530/774/2
f 1549/776/2 1550/772/2 1566/773/2
f 1588/775/2 1530/774/2 1531/777/2
f 1549/776/2 1566/773/2 1567/778/2
f 1548/779/2 1549/776/2 1567/778/2
f 1587/780/2 1588/775/2 1531/777/2
f 1587/780/2 1531/777/2 1532/781/2
f 1547/782/2 1548/779/2 1567/778/2
f 1587/780/2 1532/781/2 1533/783/2
f 1547/782/2 1567/778/2 1568/784/2
f 1586/785/2 1587/780/2 1533/783/2
f 1586/785/2 1533/783/2 1534/786/2
f 1546/787/2 1547/782/2 1568/784/2
f 1586/785/2 1534/786/2 1535/788/2
f 1585/789/2 1586/785/2 1535/788/2
f 1545/790/2 1546/787/2 1568/784/2
f 1545/790/2 1568/784/2 1569/791/2
f 1585/789/2 1535/788/2 1536/792/2
f 1544/793/2 1545/790/2 1569/791/2
f 1585/789/2 1536/792/2 1537/794/2
f 1585/789/2 1537/794/2 1538/795/2
f 1543/796/2 1544/793/2 1569/791/2
f 1584/797/2 1585/789/2 1538/795/2
f 1584/797/2 1538/795/2 1539/798/2
f 1542/799/2 1543/796/2 1569/791/2
f 1542/799/2 1569/791/2 1570/800/2
f 1584/797/2 1539/798/2 1540/801/2
f 1541/802/2 1542/799/2 1570/800/2
f 1584/797/2 1540/801/2 1541/802/2
f 1584/797/2 1541/802/2 1570/800/2
f 1583/803/2 1584/797/2 1570/800/2
f 1583/803/2 1570/800/2 1571/804/2
f 1582/805/2 1583/803/2 1571/804/2
f 1582/805/2 1571/804/2 1572/806/2
f 1581/807/2 1582/805/2 1572/806/2
f 1580/808/2 1581/807/2 1572/806/2
f 1580/808/2 1572/806/2 1573/809/2
f 1579/810/2 1580/808/2 1573/809/2
f 1579/810/2 1573/809/2 1574/811/2
f 1578/812/2 1579/810/2 1574/811/2
f 1578/812/2 1574/811/2 1575/813/2
f 1577/814/2 1578/812/2 1575/813/2
f 1577/814/2 1575/813/2 1576/815/2
f 1635/819/3 1639/820/4 2641/821/5
f 1639/820/4 1640/822/6 2640/823/7
f 1641/824/8 1636/825/9 2643/826/10
f 1641/824/8 1642/827/11 1636/825/9
f 1634/828/12 1643/829/13 1633/830/14
f 1644/831/15 1635/819/3 2646/832/16
f 1645/833/17 1637/834/18 1638/835/19
f 1634/828/12 1646/836/20 1643/829/13
f 1647/837/21 1637/834/18 1645/833/17
f 1635/819/3 1651/838/22 1639/820/4
f 1652/839/23 1644/831/15 1642/827/11
f 1648/840/24 1658/841/25 1646/836/20
f 1659/842/26 1655/843/27 1647/837/21
f 1656/844/28 1660/845/29 1651/838/22
f 1661/846/30 1657/847/31 1652/839/23
f 1663/848/32 1674/849/33 1662/850/34
f 1675/851/35 1672/852/36 1673/853/37
f 1663/848/32 1676/854/38 1674/849/33
f 1667/855/39 1677/856/40 1666/857/41
f 1678/858/42 1668/859/43 1669/860/44
f 1679/861/45 1672/852/36 1675/851/35
f 1690/862/46 1688/863/47 1663/848/32
f 1689/864/48 1699/865/49 1672/852/36
f 1690/862/46 1708/866/50 1700/867/51
f 1709/868/52 1699/865/49 1701/869/53
f 1710/870/54 1714/871/55 1703/872/56
f 1715/873/57 1710/870/54 1705/874/58
f 1711/875/59 1720/876/60 1708/866/50
f 1721/877/61 1719/878/62 1709/868/52
f 1722/879/63 1714/871/55 1710/870/54
f 1723/880/64 1720/876/60 1711/875/59
f 1727/881/65 1722/879/63 1715/873/57
f 1721/877/61 1731/882/66 1719/878/62
f 1734/883/67 1726/884/68 1722/879/63
f 1735/885/69 1724/886/70 1725/887/71
f 1737/888/72 1734/883/67 1727/881/65
f 1730/889/73 1739/890/74 1729/891/75
f 1757/892/76 1743/893/77 1744/894/78
f 1752/895/79 1764/896/80 1751/897/81
f 1769/898/82 1782/899/83 1780/900/84
f 1787/901/85 1778/902/86 1781/903/87
f 1788/904/88 1782/899/83 1769/898/82
f 1787/901/85 1793/905/89 1778/902/86
f 1797/906/90 1790/907/91 1783/908/92
f 1797/906/90 1783/908/92 1784/909/93
f 1791/910/94 1799/911/95 1786/912/96
f 1799/911/95 1797/906/90 1785/913/97
f 1797/906/90 1803/914/98 1790/907/91
f 1805/915/99 1799/911/95 1791/910/94
f 1801/916/100 1809/917/101 1800/918/102
f 1804/919/103 1810/920/104 1797/906/90
f 1811/921/105 1804/919/103 1799/911/95
f 1813/922/106 1807/923/107 1808/924/108
f 1801/916/100 1814/925/109 1809/917/101
f 1816/926/110 1807/923/107 1813/922/106
f 1810/920/104 1819/927/111 1803/914/98
f 1820/928/112 1812/929/113 1805/915/99
f 1824/930/114 1819/927/111 1810/920/104
f 1825/931/115 1815/932/116 1811/921/105
f 1812/929/113 1825/931/115 1811/921/105
f 1820/928/112 1825/931/115 1812/929/113
f 1830/933/117 1819/927/111 1824/930/114
f 1820/928/112 1833/934/118 1825/931/115
f 1844/935/119 1830/933/117 1831/936/120
f 1833/934/118 1845/937/121 1832/938/122
f 1848/939/123 1857/940/124 1847/941/125
f 1860/942/126 1855/943/127 1856/944/128
f 1848/939/123 1861/945/129 1857/940/124
f 1862/946/130 1855/943/127 1860/942/126
f 1848/939/123 1863/947/131 1861/945/129
f 1858/948/132 1865/949/133 1851/950/134
f 1866/951/135 1859/952/136 1852/953/137
f 1868/954/138 1855/943/127 1862/946/130
f 1864/955/139 1871/956/140 1849/957/141
f 1872/958/142 1867/959/143 1854/960/144
f 1870/961/145 1875/962/146 1869/963/147
f 1880/964/148 1873/965/149 1874/966/150
f 1876/967/151 1883/968/152 1871/956/140
f 1884/969/153 1879/970/154 1872/958/142
f 1882/971/155 1887/972/156 1881/973/157
f 1892/974/158 1885/975/159 1886/976/160
f 1882/971/155 1893/977/161 1887/972/156
f 1894/978/162 1885/975/159 1892/974/158
f 1882/971/155 1895/979/163 1893/977/161
f 1898/980/164 1885/975/159 1894/978/162
f 1888/981/165 1901/982/166 1883/968/152
f 1902/983/167 1891/984/168 1884/969/153
f 1900/985/169 1905/986/170 1899/987/171
f 1910/988/172 1903/989/173 1904/990/174
f 1900/985/169 1911/991/175 1905/986/170
f 1912/992/176 1903/989/173 1910/988/172
f 1900/985/169 1913/993/177 1911/991/175
f 1916/994/178 1903/989/173 1912/992/176
f 1906/995/179 1919/996/180 1901/982/166
f 1920/997/181 1909/998/182 1902/983/167
f 1918/999/183 1923/1000/184 1917/1001/185
f 1928/1002/186 1921/1003/187 1922/1004/188
f 1918/999/183 1929/1005/189 1923/1000/184
f 1930/1006/190 1921/1003/187 1928/1002/186
f 1918/999/183 1931/1007/191 1929/1005/189
f 1934/1008/192 1921/1003/187 1930/1006/190
f 1924/1009/193 1937/1010/194 1919/996/180
f 1938/1011/195 1927/1012/196 1920/997/181
f 1942/1013/197 1937/1010/194 1924/1009/193
f 1938/1011/195 1945/1014/198 1927/1012/196
f 1950/1015/199 1942/1013/197 1943/1016/200
f 1945/1014/198 1951/1017/201 1944/1018/202
f 1960/1019/203 1955/1020/204 1942/1013/197
f 1956/1021/205 1963/1022/206 1945/1014/198
f 1968/1023/207 1955/1020/204 1960/1019/203
f 1956/1021/205 1971/1024/208 1963/1022/206
f 1980/1025/209 1975/1026/210 1968/1023/207
f 1976/1027/211 1985/1028/212 1971/1024/208
f 1990/1029/213 1982/1030/214 1983/1031/215
f 1984/1032/216 1990/1029/213 1983/1031/215
f 1982/1030/214 1996/1033/217 1981/1034/218
f 1997/1035/219 1990/1029/213 1984/1032/216
f 2003/1036/220 1996/1033/217 1990/1029/213
f 1997/1035/219 2003/1036/220 1990/1029/213
f 1993/1037/221 2005/1038/222 2002/1039/223
f 2008/1040/224 2003/1036/220 1997/1035/219
f 2010/1041/225 2000/1042/226 2004/1043/227
f 2018/1044/228 2006/1045/229 2007/1046/230
f 2008/1040/224 2019/1047/231 2003/1036/220
f 2009/1048/232 2019/1047/231 2008/1040/224
f 2024/1049/233 2013/1050/234 2006/1045/229
f 2014/1051/235 2029/1052/236 2009/1048/232
f 2038/1053/237 2026/1054/238 2027/1055/239
f 2028/1056/240 2038/1053/237 2027/1055/239
f 2032/1057/241 2040/1058/242 2037/1059/243
f 2026/1054/238 2042/1060/244 2025/1061/245
f 2043/1062/246 2038/1053/237 2028/1056/240
f 2045/1063/247 2035/1064/248 2039/1065/249
f 2041/1066/250 2048/1067/251 2033/1068/252
f 2049/1069/253 2044/1070/254 2034/1071/255
f 2047/1072/256 2052/1073/257 2046/1074/258
f 2054/1075/259 2038/1053/237 2043/1062/246
f 2055/1076/260 2050/1077/261 2051/1078/262
f 2047/1072/256 2056/1079/263 2052/1073/257
f 2057/1080/264 2050/1077/261 2055/1076/260
f 2059/1081/265 2048/1067/251 2041/1066/250
f 2049/1069/253 2062/1082/266 2044/1070/254
f 2071/1083/267 2066/1084/268 2059/1081/265
f 2067/1085/269 2076/1086/270 2062/1082/266
f 2085/1087/271 2080/1088/272 2071/1083/267
f 2081/1089/273 2090/1090/274 2076/1086/270
f 2095/1091/275 2106/1092/276 2094/1093/277
f 2107/1094/278 2104/1095/279 2105/1096/280
f 2095/1091/275 2108/1097/281 2106/1092/276
f 2115/1098/282 2104/1095/279 2107/1094/278
f 2109/1099/283 2118/1100/284 2096/1101/285
f 2119/1102/286 2114/1103/287 2103/1104/288
f 2117/1105/289 2122/1106/290 2116/1107/291
f 2111/1108/292 2124/1109/293 2110/1110/294
f 2125/1111/295 2112/1112/296 2113/1113/297
f 2127/1114/298 2120/1115/299 2121/1116/300
f 2117/1105/289 2128/1117/301 2122/1106/290
f 2129/1118/302 2120/1115/299 2127/1114/298
f 2131/1119/303 2142/1120/304 2130/1121/305
f 2143/1122/306 2140/1123/307 2141/1124/308
f 2135/1125/309 2145/1126/310 2134/1127/311
f 2146/1128/312 2135/1125/309 2136/1129/313
f 2131/1119/303 2150/1130/314 2142/1120/304
f 2151/1131/315 2140/1123/307 2143/1122/306
f 2152/1132/316 2150/1130/314 2131/1119/303
f 2156/1133/317 2149/1134/318 2146/1128/312
f 2147/1135/319 2156/1133/317 2146/1128/312
f 2151/1131/315 2159/1136/320 2140/1123/307
f 2161/1137/321 2155/1138/322 2149/1134/318
f 2163/1139/323 2153/1140/324 2154/1141/325
f 2165/1142/326 2161/1137/321 2156/1133/317
f 2158/1143/327 2167/1144/328 2157/1145/329
f 2169/1146/330 2164/1147/331 2161/1137/321
f 2172/1148/332 2152/1132/316 2153/1140/324
f 2175/1149/333 2169/1146/330 2165/1142/326
f 2159/1136/320 2178/1150/334 2158/1143/327
f 2180/1151/335 2174/1152/336 2169/1146/330
f 2176/1153/337 2181/1154/338 2175/1149/333
f 2182/1155/339 2171/1156/340 2152/1132/316
f 2179/1157/341 2183/1158/342 2159/1136/320
f 2182/1155/339 2184/1159/343 2171/1156/340
f 2185/1160/344 2183/1158/342 2179/1157/341
f 2190/1161/345 2181/1154/338 2176/1153/337
f 2182/1155/339 2193/1162/346 2184/1159/343
f 2194/1163/347 2189/1164/348 2181/1154/338
f 2195/1165/349 2183/1158/342 2185/1160/344
f 2182/1155/339 2196/1166/350 2193/1162/346
f 2189/1164/348 2199/1167/351 2188/1168/352
f 2200/1169/353 2194/1163/347 2190/1161/345
f 2203/1170/354 2183/1158/342 2195/1165/349
f 2197/1171/355 2204/1172/356 2182/1155/339
f 2205/1173/357 2199/1167/351 2194/1163/347
f 2206/1174/358 2202/1175/359 2183/1158/342
f 2208/1176/360 2198/1177/361 2199/1167/351
f 2211/1178/362 2204/1172/356 2197/1171/355
f 2206/1174/358 2218/1179/363 2202/1175/359
f 2220/1180/364 2214/1181/365 2215/1182/366
f 2216/1183/367 2220/1180/364 2215/1182/366
f 2223/1184/368 2211/1178/362 2212/1185/369
f 2218/1179/363 2227/1186/370 2217/1187/371
f 2232/1188/372 2224/1189/373 2225/1190/374
f 2226/1191/375 2233/1192/376 2220/1180/364
f 2229/1193/377 2238/1194/378 2228/1195/379
f 2241/1196/380 2236/1197/381 2237/1198/382
f 2229/1193/377 2242/1199/383 2238/1194/378
f 2249/1200/384 2236/1197/381 2241/1196/380
f 2229/1193/377 2250/1201/385 2242/1199/383
f 2253/1202/386 2236/1197/381 2249/1200/384
f 2255/1203/387 2264/1204/388 2254/1205/389
f 2267/1206/390 2262/1207/391 2263/1208/392
f 2279/1209/393 2271/1210/394 2272/1211/395
f 2274/1212/396 2280/1213/397 2273/1214/398
f 2293/1215/399 2285/1216/400 2286/1217/401
f 2288/1218/402 2294/1219/403 2287/1220/404
f 2297/1221/405 2283/1222/406 2284/1223/407
f 2290/1224/408 2302/1225/409 2289/1226/410
f 2301/1227/411 2306/1228/412 2300/1229/413
f 2313/1230/414 2305/1231/415 2306/1228/412
f 2309/1232/416 2319/1233/417 2308/1234/418
f 2321/1235/419 2317/1236/420 2318/1237/421
f 2309/1232/416 2322/1238/422 2319/1233/417
f 2320/1239/423 2325/1240/424 2312/1241/425
f 2326/1242/426 2320/1239/423 2313/1230/414
f 2330/1243/427 2317/1236/420 2321/1235/419
f 2309/1232/416 2331/1244/428 2322/1238/422
f 2333/1245/429 2317/1236/420 2330/1243/427
f 2332/1246/430 2338/1247/431 2325/1240/424
f 2339/1248/432 2332/1246/430 2326/1242/426
f 2335/1249/433 2345/1250/434 2334/1251/435
f 2347/1252/436 2343/1253/437 2344/1254/438
f 2335/1249/433 2348/1255/439 2345/1250/434
f 2346/1256/440 2351/1257/441 2338/1247/431
f 2352/1258/442 2346/1256/440 2339/1248/432
f 2352/1258/442 2339/1248/432 2340/1259/443
f 2355/1260/444 2343/1253/437 2347/1252/436
f 2335/1249/433 2356/1261/445 2348/1255/439
f 2359/1262/446 2343/1253/437 2355/1260/444
f 2371/1263/447 2364/1264/448 2357/1265/449
f 2365/1266/450 2372/1267/451 2358/1268/452
f 2375/1269/453 2361/1270/454 2362/1271/455
f 2368/1272/456 2380/1273/457 2367/1274/458
f 2383/1275/459 2377/1276/460 2371/1263/447
f 2378/1277/461 2384/1278/462 2372/1267/451
f 2387/1279/463 2396/1280/464 2386/1281/465
f 2398/1282/466 2394/1283/467 2395/1284/468
f 2387/1279/463 2399/1285/469 2396/1280/464
f 2401/1286/470 2394/1283/467 2398/1282/466
f 2407/1287/471 2397/1288/472 2391/1289/473
f 2415/1290/474 2403/1291/475 2404/1292/476
f 2410/1293/477 2420/1294/478 2409/1295/479
f 2437/1296/480 2430/1297/481 2423/1298/482
f 2431/1299/483 2438/1300/484 2424/1301/485
f 2441/1302/486 2428/1303/487 2429/1304/488
f 2433/1305/489 2444/1306/490 2432/1307/491
f 2447/1308/492 2442/1309/493 2437/1296/480
f 2443/1310/494 2448/1311/495 2438/1300/484
f 2447/1308/492 2454/1312/496 2442/1309/493
f 2455/1313/497 2448/1311/495 2443/1310/494
f 2451/1314/498 2460/1315/499 2450/1316/500
f 2463/1317/501 2458/1318/502 2459/1319/503
f 2451/1314/498 2464/1320/504 2460/1315/499
f 2461/1321/505 2467/1322/506 2454/1312/496
f 2468/1323/507 2462/1324/508 2455/1313/497
f 2471/1325/509 2458/1318/502 2463/1317/501
f 2451/1314/498 2472/1326/510 2464/1320/504
f 2475/1327/511 2458/1318/502 2471/1325/509
f 2473/1328/512 2480/1329/513 2467/1322/506
f 2481/1330/514 2474/1331/515 2468/1323/507
f 2477/1332/516 2486/1333/517 2476/1334/518
f 2489/1335/519 2484/1336/520 2485/1337/521
f 2477/1332/516 2490/1338/522 2486/1333/517
f 2487/1339/523 2493/1340/524 2480/1329/513
f 2498/1341/525 2488/1342/526 2481/1330/514
f 2496/1343/527 2484/1336/520 2489/1335/519
f 2477/1332/516 2497/1344/528 2490/1338/522
f 2499/1345/529 2484/1336/520 2496/1343/527
f 2511/1346/530 2501/1347/531 2491/1348/532
f 2512/1349/533 2502/1350/534 2503/1351/535
f 2506/1352/536 2513/1353/537 2505/1354/538
f 2513/1353/537 2516/1355/539 2505/1354/538
f 2530/1356/540 2523/1357/541 2516/1355/539
f 2524/1358/542 2530/1356/540 2516/1355/539
f 2533/1359/543 2519/1360/544 2520/1361/545
f 2535/1362/546 2522/1363/547 2523/1357/541
f 2527/1364/548 2538/1365/549 2526/1366/550
f 2519/1360/544 2540/1367/551 2532/1368/552
f 2541/1369/553 2535/1362/546 2530/1356/540
f 2542/1370/554 2527/1364/548 2539/1371/555
f 2519/1360/544 2543/1372/556 2540/1367/551
f 2545/1373/557 2527/1364/548 2542/1370/554
f 2551/1374/558 2544/1375/559 2541/1369/553
f 2551/1374/558 2541/1369/553 2536/1376/560
f 2559/1377/561 2547/1378/562 2548/1379/563
f 2554/1380/564 2564/1381/565 2553/1382/566
f 2581/1383/567 2570/1384/568 2571/1385/569
f 2575/1386/570 2584/1387/571 2574/1388/572
f 2613/1389/573 2607/1390/574 2594/1391/575
f 2608/1392/576 2613/1389/573 2594/1391/575
f 2617/1393/577 2605/1394/578 2606/1395/579
f 2609/1396/580 2619/1397/581 2608/1392/576
f 2621/1398/582 2618/1399/583 2613/1389/573
f 2619/1397/581 2621/1398/582 2613/1389/573
f 2635/1400/584 2629/1401/585 2621/1398/582
f 2630/1402/586 2635/1400/584 2621/1398/582
f 2646/1403/16 2642/1404/587 2635/1400/584
f 1636/1405/9 2646/1403/16 2635/1400/584
f 1634/1406/12 1633/1407/14 2638/1408/588
f 1638/1409/19 1637/1410/18 2645/1411/589
f 2647/1412/590 3414/1413/591 3403/1414/592
f 2649/1415/593 3405/1416/594 3406/1417/595
f 3408/1418/596 2650/1419/597 3407/1420/598
f 3415/1421/599 2652/1422/600 3410/1423/601
f 2654/1424/602 3412/1425/603 3405/1416/594
f 3413/1426/604 2655/1427/605 3408/1418/596
f 2658/1428/606 2648/1429/607 3412/1425/603
f 2651/1430/608 2659/1431/609 3413/1426/604
f 2661/1432/610 2654/1424/602 2649/1415/593
f 2655/1427/605 2662/1433/611 2650/1419/597
f 2668/1434/612 2658/1428/606 2654/1424/602
f 2659/1431/609 2669/1435/613 2655/1427/605
f 2666/1436/614 2675/1437/615 2673/1438/616
f 2661/1432/610 2677/1439/617 2668/1434/612
f 2678/1440/618 2662/1433/611 2669/1435/613
f 2680/1441/619 2671/1442/620 2674/1443/621
f 2679/1444/622 2684/1445/623 2678/1440/618
f 2686/1446/624 2683/1447/625 2678/1440/618
f 2684/1445/623 2686/1446/624 2678/1440/618
f 2688/1448/626 2682/1449/627 2667/1450/628
f 2676/1451/629 2688/1448/626 2667/1450/628
f 2689/1452/630 2679/1444/622 2670/1453/631
f 2671/1442/620 2689/1452/630 2670/1453/631
f 2691/1454/632 2676/1451/629 2677/1439/617
f 2683/1447/625 2691/1454/632 2677/1439/617
f 2693/1455/633 2688/1448/626 2676/1451/629
f 2694/1456/634 2689/1452/630 2671/1442/620
f 2695/1457/635 2691/1454/632 2683/1447/625
f 2682/1449/627 2696/1458/636 2687/1459/637
f 2697/1460/638 2694/1456/634 2690/1461/639
f 2682/1449/627 2698/1462/640 2696/1458/636
f 2701/1463/641 2694/1456/634 2697/1460/638
f 2702/1464/642 2682/1449/627 2688/1448/626
f 2705/1465/643 2695/1457/635 2686/1446/624
f 2700/1466/644 2705/1465/643 2686/1446/624
f 2706/1467/645 2692/1468/646 2689/1452/630
f 2694/1456/634 2706/1467/645 2689/1452/630
f 2707/1469/647 2694/1456/634 2701/1463/641
f 2708/1470/648 2704/1471/649 2682/1449/627
f 2709/1472/650 2699/1473/651 2695/1457/635
f 2710/1474/652 2700/1466/644 2692/1468/646
f 2707/1469/647 2711/1475/653 2694/1456/634
f 2712/1476/654 2705/1465/643 2700/1466/644
f 2710/1474/652 2712/1476/654 2700/1466/644
f 2714/1477/655 2702/1464/642 2703/1478/656
f 2709/1472/650 2716/1479/657 2699/1473/651
f 2708/1470/648 2717/1480/658 2713/1481/659
f 2720/1482/660 2705/1465/643 2712/1476/654
f 2721/1483/661 2711/1475/653 2715/1484/662
f 2718/1485/663 2725/1486/664 2714/1477/655
f 2731/1487/665 2725/1486/664 2718/1485/663
f 2732/1488/666 2731/1487/665 2726/1489/667
f 2727/1490/668 2732/1488/666 2726/1489/667
f 2734/1491/669 2724/1492/670 2725/1486/664
f 2728/1493/671 2736/1494/672 2727/1490/668
f 2738/1495/673 2734/1491/669 2731/1487/665
f 2739/1496/674 2735/1497/675 2732/1488/666
f 2736/1494/672 2740/1498/676 2732/1488/666
f 2743/1499/677 2741/1500/678 2723/1501/679
f 2746/1502/680 2738/1495/673 2735/1497/675
f 2742/1503/681 2749/1504/682 2729/1505/683
f 2750/1506/684 2745/1507/685 2738/1495/673
f 2751/1508/686 2746/1502/680 2739/1496/674
f 2747/1509/687 2752/1510/688 2740/1498/676
f 2750/1506/684 2756/1511/689 2745/1507/685
f 2758/1512/690 2752/1510/688 2747/1509/687
f 2757/1513/691 2760/1514/692 2750/1506/684
f 2761/1515/693 2757/1513/691 2751/1508/686
f 2743/1499/677 2763/1516/694 2753/1517/695
f 2764/1518/696 2749/1504/682 2754/1519/697
f 2743/1499/677 2765/1520/698 2763/1516/694
f 2760/1514/692 2766/1521/699 2756/1511/689
f 2767/1522/700 2762/1523/701 2758/1512/690
f 2768/1524/702 2749/1504/682 2764/1518/696
f 2770/1525/703 2769/1526/704 2761/1515/693
f 2770/1525/703 2761/1515/693 2762/1523/701
f 2769/1526/704 2774/1527/705 2766/1521/699
f 2776/1528/706 2770/1525/703 2767/1522/700
f 2780/1529/707 2774/1527/705 2769/1526/704
f 2781/1530/708 2775/1531/709 2770/1525/703
f 2776/1528/706 2782/1532/710 2770/1525/703
f 2784/1533/711 2780/1529/707 2775/1531/709
f 2791/1534/712 2784/1533/711 2781/1530/708
f 2798/1535/713 2790/1536/714 2784/1533/711
f 2801/1537/715 2789/1538/716 2790/1536/714
f 2802/1539/717 2798/1535/713 2791/1534/712
f 2793/1540/718 2803/1541/719 2792/1542/720
f 2787/1543/721 2805/1544/722 2800/1545/723
f 2806/1546/724 2795/1547/725 2804/1548/726
f 2807/1549/727 2805/1544/722 2787/1543/721
f 2806/1546/724 2808/1550/728 2795/1547/725
f 2811/1551/729 2807/1549/727 2788/1552/730
f 2813/1553/731 2801/1537/715 2798/1535/713
f 2808/1550/728 2815/1554/732 2794/1555/733
f 2807/1549/727 2818/1556/734 2816/1557/735
f 2819/1558/736 2808/1550/728 2817/1559/737
f 2811/1551/729 2820/1560/738 2807/1549/727
f 2821/1561/739 2815/1554/732 2808/1550/728
f 2823/1562/740 2812/1563/741 2801/1537/715
f 2824/1564/742 2813/1553/731 2802/1539/717
f 2814/1565/743 2825/1566/744 2803/1541/719
f 2820/1560/738 2827/1567/745 2822/1568/746
f 2828/1569/747 2821/1561/739 2826/1570/748
f 2830/1571/749 2841/1572/750 2829/1573/751
f 2842/1574/752 2839/1575/753 2840/1576/754
f 2830/1571/749 2843/1577/755 2841/1572/750
f 2848/1578/756 2839/1575/753 2842/1574/752
f 2830/1571/749 2849/1579/757 2843/1577/755
f 2850/1580/758 2839/1575/753 2848/1578/756
f 2866/1581/759 2852/1582/760 2853/1583/761
f 2859/1584/762 2871/1585/763 2858/1586/764
f 2861/1587/765 2872/1588/766 2860/1589/767
f 2852/1582/760 2874/1590/768 2865/1591/769
f 2875/1592/770 2871/1585/763 2859/1584/762
f 2876/1593/771 2861/1587/765 2873/1594/772
f 2881/1595/773 2878/1596/774 2866/1581/759
f 2882/1597/775 2867/1598/776 2868/1599/777
f 2875/1592/770 2885/1600/778 2871/1585/763
f 2879/1601/779 2886/1602/780 2872/1588/766
f 2889/1603/781 2881/1595/773 2867/1598/776
f 2886/1602/780 2890/1604/782 2875/1592/770
f 2878/1596/774 2893/1605/783 2891/1606/784
f 2894/1607/785 2879/1601/779 2892/1608/786
f 2878/1596/774 2895/1609/787 2893/1605/783
f 2896/1610/788 2879/1601/779 2894/1607/785
f 2878/1596/774 2897/1611/789 2895/1609/787
f 2898/1612/790 2879/1601/779 2896/1610/788
f 2889/1603/781 2899/1613/791 2881/1595/773
f 2900/1614/792 2890/1604/782 2886/1602/780
f 2899/1613/791 2902/1615/793 2878/1596/774
f 2903/1616/794 2900/1614/792 2879/1601/779
f 2902/1615/793 2905/1617/795 2901/1618/796
f 2882/1597/775 2906/1619/797 2889/1603/781
f 2907/1620/798 2883/1621/799 2884/1622/800
f 2908/1623/801 2885/1600/778 2890/1604/782
f 2909/1624/802 2903/1616/794 2904/1625/803
f 2883/1621/799 2910/1626/804 2882/1597/775
f 2911/1627/805 2907/1620/798 2885/1600/778
f 2902/1615/793 2912/1628/806 2905/1617/795
f 2914/1629/807 2903/1616/794 2909/1624/802
f 2902/1615/793 2915/1630/808 2912/1628/806
f 2916/1631/809 2903/1616/794 2914/1629/807
f 2902/1615/793 2917/1632/810 2915/1630/808
f 2918/1633/811 2903/1616/794 2916/1631/809
f 2919/1634/812 2929/1635/813 2917/1632/810
f 2930/1636/814 2928/1637/815 2918/1633/811
f 2923/1638/816 2932/1639/817 2922/1640/818
f 2933/1641/819 2924/1642/820 2925/1643/821
f 2920/1644/822 2936/1645/823 2919/1634/812
f 2937/1646/824 2927/1647/825 2928/1637/815
f 2939/1648/826 2936/1645/823 2920/1644/822
f 2937/1646/824 2946/1649/827 2927/1647/825
f 2951/1650/828 2936/1645/823 2939/1648/826
f 2937/1646/824 2958/1651/829 2946/1649/827
f 2936/1645/823 2959/1652/830 2949/1653/831
f 2960/1654/832 2937/1646/824 2950/1655/833
f 2961/1656/834 2970/1657/835 2936/1645/823
f 2971/1658/836 2968/1659/837 2937/1646/824
f 2970/1657/835 2973/1660/838 2969/1661/839
f 2974/1662/840 2971/1658/836 2972/1663/841
f 2964/1664/842 2977/1665/843 2963/1666/844
f 2978/1667/845 2965/1668/846 2966/1669/847
f 2970/1657/835 2981/1670/848 2973/1660/838
f 2982/1671/849 2971/1658/836 2974/1662/840
f 2989/1672/850 2986/1673/851 2975/1674/852
f 2987/1675/853 2996/1676/854 2980/1677/855
f 3001/1678/856 2999/1679/857 2986/1673/851
f 3000/1680/858 3002/1681/859 2987/1675/853
f 3003/1682/860 3001/1678/856 2989/1672/850
f 3002/1681/859 3010/1683/861 2996/1676/854
f 3012/1684/862 3005/1685/863 3006/1686/864
f 3001/1678/856 3014/1687/865 3011/1688/866
f 3012/1684/862 3015/1689/867 3005/1685/863
f 3016/1690/868 3012/1684/862 3007/1691/869
f 3018/1692/870 3002/1681/859 3013/1693/871
f 3001/1678/856 3019/1694/872 3014/1687/865
f 3020/1695/873 3002/1681/859 3018/1692/870
f 3021/1696/874 3019/1694/872 3001/1678/856
f 3022/1697/875 3003/1682/860 3004/1698/876
f 3010/1683/861 3026/1699/877 3009/1700/878
f 3020/1695/873 3027/1701/879 3002/1681/859
f 3029/1702/880 3021/1696/874 3003/1682/860
f 3026/1699/877 3030/1703/881 3017/1704/882
f 3027/1701/879 3031/1705/883 3010/1683/861
f 3024/1706/884 3033/1707/885 3023/1708/886
f 3034/1709/887 3025/1710/888 3030/1703/881
f 3029/1702/880 3036/1711/889 3021/1696/874
f 3037/1712/890 3031/1705/883 3027/1701/879
f 3047/1713/891 3040/1714/892 3041/1715/893
f 3043/1716/894 3048/1717/895 3042/1718/896
f 3050/1719/897 3036/1711/889 3039/1720/898
f 3037/1712/890 3057/1721/899 3044/1722/900
f 3062/1723/901 3073/1724/902 3061/1725/903
f 3082/1726/904 3071/1727/905 3072/1728/906
f 3062/1723/901 3083/1729/907 3073/1724/902
f 3084/1730/908 3071/1727/905 3082/1726/904
f 3085/1731/909 3077/1732/910 3078/1733/911
f 3092/1734/912 3085/1731/909 3079/1735/913
f 3097/1736/914 3091/1737/915 3085/1731/909
f 3092/1734/912 3097/1736/914 3085/1731/909
f 3099/1738/916 3089/1739/917 3090/1740/918
f 3099/1738/916 3090/1740/918 3091/1737/915
f 3093/1741/919 3100/1742/920 3092/1734/912
f 3102/1743/921 3098/1744/922 3087/1745/923
f 3101/1746/924 3111/1747/925 3095/1748/926
f 3115/1749/927 3104/1750/928 3105/1751/929
f 3109/1752/930 3118/1753/931 3108/1754/932
f 3110/1755/933 3121/1756/934 3109/1752/930
f 3123/1757/935 3120/1758/936 3102/1743/921
f 3122/1759/937 3124/1760/938 3111/1747/925
f 3127/1761/939 3103/1762/940 3104/1750/928
f 3130/1763/941 3123/1757/935 3103/1762/940
f 3124/1760/938 3131/1764/942 3110/1755/933
f 3123/1757/935 3132/1765/943 3128/1766/944
f 3133/1767/945 3124/1760/938 3129/1768/946
f 3123/1757/935 3136/1769/947 3134/1770/948
f 3137/1771/949 3124/1760/938 3135/1772/950
f 3130/1763/941 3139/1773/951 3123/1757/935
f 3116/1774/952 3140/1775/953 3115/1749/927
f 3141/1776/954 3117/1777/955 3118/1753/931
f 3142/1778/956 3131/1764/942 3124/1760/938
f 3139/1773/951 3146/1779/957 3138/1780/958
f 3140/1775/953 3148/1781/959 3127/1761/939
f 3149/1782/960 3141/1776/954 3121/1756/934
f 3151/1783/961 3142/1778/956 3143/1784/962
f 3139/1773/951 3152/1785/963 3146/1779/957
f 3155/1786/964 3142/1778/956 3151/1783/961
f 3139/1773/951 3156/1787/965 3152/1785/963
f 3153/1788/966 3157/1789/967 3140/1775/953
f 3158/1790/968 3154/1791/969 3141/1776/954
f 3159/1792/970 3142/1778/956 3155/1786/964
f 3175/1793/971 3162/1794/972 3163/1795/973
f 3169/1796/974 3180/1797/975 3168/1798/976
f 3185/1799/977 3161/1800/978 3162/1794/972
f 3170/1801/979 3186/1802/980 3169/1796/974
f 3188/1803/981 3185/1799/977 3175/1793/971
f 3186/1802/980 3193/1804/982 3180/1797/975
f 3195/1805/983 3200/1806/984 3198/1807/985
f 3189/1808/986 3202/1809/987 3188/1803/981
f 3203/1810/988 3192/1811/989 3193/1804/982
f 3205/1812/990 3196/1813/991 3199/1814/992
f 3201/1815/993 3206/1816/994 3195/1805/983
f 3207/1817/995 3204/1818/996 3196/1813/991
f 3206/1816/994 3208/1819/997 3200/1806/984
f 3209/1820/998 3207/1817/995 3205/1812/990
f 3206/1816/994 3210/1821/999 3208/1819/997
f 3215/1822/1000 3207/1817/995 3209/1820/998
f 3206/1816/994 3216/1823/1001 3210/1821/999
f 3217/1824/1002 3207/1817/995 3215/1822/1000
f 3206/1816/994 3218/1825/1003 3216/1823/1001
f 3227/1826/1004 3207/1817/995 3217/1824/1002
f 3219/1827/1005 3228/1828/1006 3206/1816/994
f 3229/1829/1007 3226/1830/1008 3207/1817/995
f 3228/1828/1006 3232/1831/1009 3230/1832/1010
f 3233/1833/1011 3229/1829/1007 3231/1834/1012
f 3228/1828/1006 3234/1835/1013 3232/1831/1009
f 3243/1836/1014 3229/1829/1007 3233/1833/1011
f 3228/1828/1006 3244/1837/1015 3234/1835/1013
f 3245/1838/1016 3229/1829/1007 3243/1836/1014
f 3286/1839/1017 3268/1840/1018 3269/1841/1019
f 3271/1842/1020 3287/1843/1021 3270/1844/1022
f 3295/1845/1023 3283/1846/1024 3284/1847/1025
f 3290/1848/1026 3302/1849/1027 3289/1850/1028
f 3283/1846/1024 3306/1851/1029 3304/1852/1030
f 3307/1853/1031 3290/1848/1026 3305/1854/1032
f 3309/1855/1033 3320/1856/1034 3308/1857/1035
f 3321/1858/1036 3318/1859/1037 3319/1860/1038
f 3309/1855/1033 3322/1861/1039 3320/1856/1034
f 3329/1862/1040 3318/1859/1037 3321/1858/1036
f 3309/1855/1033 3330/1863/1041 3322/1861/1039
f 3331/1864/1042 3318/1859/1037 3329/1862/1040
f 3333/1865/1043 3344/1866/1044 3332/1867/1045
f 3347/1868/1046 3342/1869/1047 3343/1870/1048
f 3361/1871/1049 3350/1872/1050 3351/1873/1051
f 3363/1874/1052 3353/1875/1053 3354/1876/1054
f 3357/1877/1055 3365/1878/1056 3356/1879/1057
f 3367/1880/1058 3362/1881/1059 3353/1875/1053
f 3382/1882/1060 3389/1883/1061 3371/1884/1062
f 3390/1885/1063 3385/1886/1064 3376/1887/1065
f 3387/1888/1066 3398/1889/1067 3386/1890/1068
f 3394/1891/1069 3399/1892/1070 3389/1883/1061
f 3400/1893/1071 3397/1894/1072 3390/1885/1063
f 3401/1895/1073 3392/1896/1074 3393/1897/1075
f 3405/1898/594 3399/1892/1070 3394/1891/1069
f 3400/1893/1071 3408/1899/596 3397/1894/1072
f 3412/1900/603 3404/1901/1076 3399/1892/1070
f 3409/1902/1077 3413/1903/604 3400/1893/1071
f 3422/1904/1078 4651/1905/1079 4645/1906/1080
f 4653/1907/1081 3425/1908/1082 4649/1909/1083
f 3421/1910/1084 3430/1911/1085 3420/1912/1086
f 3431/1913/1087 3426/1914/1088 3427/1915/1089
f 3421/1910/1084 3432/1916/1090 3430/1911/1085
f 3428/1917/1091 3435/1918/1092 3423/1919/1093
f 3436/1920/1094 3429/1921/1095 3424/1922/1096
f 3439/1923/1097 3426/1914/1088 3431/1913/1087
f 3421/1910/1084 3442/1924/1098 3432/1916/1090
f 3443/1925/1099 3426/1914/1088 3439/1923/1097
f 3433/1926/1100 3445/1927/1101 3421/1910/1084
f 3446/1928/1102 3438/1929/1103 3426/1914/1088
f 3445/1927/1101 3448/1930/1104 3444/1931/1105
f 3449/1932/1106 3446/1928/1102 3447/1933/1107
f 3454/1934/1108 3441/1935/1109 3436/1920/1094
f 3458/1936/1110 3453/1937/1111 3454/1934/1108
f 3456/1938/1112 3460/1939/1113 3455/1940/1114
f 3462/1941/1115 3450/1942/1116 3451/1943/1117
f 3464/1944/1118 3456/1938/1112 3446/1928/1102
f 3462/1941/1115 3466/1945/1119 3450/1942/1116
f 3467/1946/1120 3463/1947/1121 3453/1937/1111
f 3468/1948/1122 3460/1939/1113 3456/1938/1112
f 3470/1949/1123 3467/1946/1120 3458/1936/1110
f 3474/1950/1124 3464/1944/1118 3469/1951/1125
f 3475/1952/1126 3471/1953/1127 3460/1939/1113
f 3468/1948/1122 3475/1952/1126 3460/1939/1113
f 3473/1954/1128 3477/1955/1129 3472/1956/1130
f 3476/1957/1131 3479/1958/1132 3463/1947/1121
f 3480/1959/1133 3464/1944/1118 3474/1950/1124
f 3480/1959/1133 3481/1960/1134 3464/1944/1118
f 3481/1960/1134 3482/1961/1135 3468/1948/1122
f 3484/1962/1136 3481/1960/1134 3480/1959/1133
f 3485/1963/1137 3473/1954/1128 3466/1945/1119
f 3487/1964/1138 3483/1965/1139 3473/1954/1128
f 3488/1966/1140 3478/1967/1141 3479/1958/1132
f 3476/1957/1131 3488/1966/1140 3479/1958/1132
f 3489/1968/1142 3485/1963/1137 3478/1967/1141
f 3490/1969/1143 3476/1957/1131 3470/1949/1123
f 3491/1970/1144 3486/1971/1145 3475/1952/1126
f 3482/1961/1135 3491/1970/1144 3475/1952/1126
f 3493/1972/1146 3488/1966/1140 3476/1957/1131
f 3487/1964/1138 3495/1973/1147 3492/1974/1148
f 3498/1975/1149 3490/1969/1143 3486/1971/1145
f 3499/1976/1150 3481/1960/1134 3494/1977/1151
f 3496/1978/1152 3503/1979/1153 3489/1968/1142
f 3509/1980/665 3503/1979/1153 3496/1978/1152
f 3510/1981/1154 3509/1980/665 3504/1982/1155
f 3505/1983/1156 3510/1981/1154 3504/1982/1155
f 3512/1984/1157 3502/1985/1158 3503/1979/1153
f 3506/1986/1159 3514/1987/672 3505/1983/1156
f 3516/1988/1160 3512/1984/1157 3509/1980/665
f 3517/1989/1161 3513/1990/675 3510/1981/1154
f 3514/1987/672 3518/1991/1162 3510/1981/1154
f 3521/1992/1163 3519/1993/678 3501/1994/1164
f 3524/1995/1165 3516/1988/1160 3513/1990/675
f 3520/1996/1166 3527/1997/682 3507/1998/1167
f 3528/1999/1168 3523/2000/1169 3516/1988/1160
f 3529/2001/1170 3524/1995/1165 3517/1989/1161
f 3525/2002/1171 3530/2003/688 3518/1991/1162
f 3528/1999/1168 3534/2004/689 3523/2000/1169
f 3536/2005/1172 3530/2003/688 3525/2002/1171
f 3535/2006/691 3538/2007/1173 3528/1999/1168
f 3539/2008/693 3535/2006/691 3529/2001/1170
f 3521/1992/1163 3541/2009/1174 3531/2010/1175
f 3542/2011/696 3527/1997/682 3532/2012/1176
f 3521/1992/1163 3543/2013/1177 3541/2009/1174
f 3538/2007/1173 3544/2014/1178 3534/2004/689
f 3545/2015/1179 3540/2016/701 3536/2005/1172
f 3546/2017/1180 3527/1997/682 3542/2011/696
f 3548/2018/1181 3547/2019/1182 3539/2008/693
f 3548/2018/1181 3539/2008/693 3540/2016/701
f 3547/2019/1182 3552/2020/1183 3544/2014/1178
f 3554/2021/1184 3548/2018/1181 3545/2015/1179
f 3558/2022/1185 3552/2020/1183 3547/2019/1182
f 3559/2023/1186 3553/2024/1187 3548/2018/1181
f 3554/2021/1184 3560/2025/1188 3548/2018/1181
f 3562/2026/1189 3558/2022/1185 3553/2024/1187
f 3568/2027/1190 3558/2022/1185 3562/2026/1189
f 3574/2028/1191 3567/2029/1192 3558/2022/1185
f 3575/2030/1193 3568/2027/1190 3559/2023/1186
f 3569/2031/1194 3576/2032/1195 3560/2025/1188
f 3579/2033/1196 3565/2034/1197 3566/2035/1198
f 3581/2036/1199 3574/2028/1191 3568/2027/1190
f 3571/2037/1200 3583/2038/1201 3570/2039/1202
f 3565/2034/1197 3585/2040/1203 3578/2041/1204
f 3586/2042/1205 3571/2037/1200 3584/2043/1206
f 3586/2042/1205 3587/2044/1207 3571/2037/1200
f 3588/2045/1208 3585/2040/1203 3565/2034/1197
f 3588/2045/1208 3591/2046/1209 3589/2047/1210
f 3592/2048/1211 3587/2044/1207 3590/2049/1212
f 3580/2050/1213 3593/2051/1214 3579/2033/1196
f 3594/2052/1215 3582/2053/1216 3583/2038/1201
f 3593/2051/1214 3595/2054/1217 3588/2045/1208
f 3596/2055/1218 3594/2052/1215 3587/2044/1207
f 3598/2056/1219 3593/2051/1214 3580/2050/1213
f 3594/2052/1215 3603/2057/1220 3582/2053/1216
f 3595/2054/1217 3605/2058/1221 3597/2059/1222
f 3606/2060/1223 3596/2055/1218 3604/2061/1224
f 3608/2062/1225 3619/2063/1226 3607/2064/1227
f 3620/2065/1228 3617/2066/1229 3618/2067/1230
f 3608/2062/1225 3621/2068/1231 3619/2063/1226
f 3626/2069/1232 3617/2066/1229 3620/2065/1228
f 3608/2062/1225 3627/2070/1233 3621/2068/1231
f 3628/2071/1234 3617/2066/1229 3626/2069/1232
f 3644/2072/1235 3632/2073/1236 3633/2074/1237
f 3638/2075/1238 3647/2076/1239 3637/2077/1240
f 3630/2078/1241 3649/2079/768 3643/2080/769
f 3644/2072/1235 3650/2081/1242 3632/2073/1236
f 3651/2082/1243 3645/2083/1244 3635/2084/1245
f 3652/2085/1246 3639/2086/1247 3648/2087/772
f 3647/2076/1239 3656/2088/1248 3646/2089/1249
f 3657/2090/1250 3660/2091/1251 3647/2076/1239
f 3661/2092/1252 3650/2081/1242 3644/2072/1235
f 3664/2093/1253 3655/2094/1254 3650/2081/1242
f 3665/2095/1255 3662/2096/1256 3651/2082/1243
f 3656/2088/1248 3665/2095/1255 3651/2082/1243
f 3660/2091/1251 3667/2097/1257 3656/2088/1248
f 3669/2098/1258 3654/2099/1259 3655/2094/1254
f 3658/2100/1260 3670/2101/1261 3657/2090/1250
f 3654/2099/1259 3672/2102/1262 3668/2103/1263
f 3673/2104/1264 3658/2100/1260 3671/2105/786
f 3654/2099/1259 3674/2106/1265 3672/2102/1262
f 3675/2107/1266 3658/2100/1260 3673/2104/1264
f 3654/2099/1259 3676/2108/1267 3674/2106/1265
f 3677/2109/1268 3658/2100/1260 3675/2107/1266
f 3669/2098/1258 3679/2110/1269 3654/2099/1259
f 3680/2111/1270 3670/2101/1261 3658/2100/1260
f 3679/2110/1269 3682/2112/795 3678/2113/1271
f 3661/2092/1252 3683/2114/1272 3664/2093/1253
f 3684/2115/1273 3662/2096/1256 3665/2095/1255
f 3685/2116/1274 3667/2097/1257 3660/2091/1251
f 3686/2117/1275 3680/2111/1270 3681/2118/1276
f 3662/2096/1256 3687/2119/1277 3661/2092/1252
f 3688/2120/1278 3684/2115/1273 3667/2097/1257
f 3679/2110/1269 3689/2121/1279 3682/2112/795
f 3683/2114/1272 3690/2122/1280 3669/2098/1258
f 3692/2123/1281 3685/2116/1274 3670/2101/1261
f 3693/2124/1282 3680/2111/1270 3686/2117/1275
f 3679/2110/1269 3694/2125/1283 3689/2121/1279
f 3695/2126/1284 3680/2111/1270 3693/2124/1282
f 3679/2110/1269 3696/2127/1285 3694/2125/1283
f 3697/2128/1286 3680/2111/1270 3695/2126/1284
f 3698/2129/1287 3708/2130/1288 3696/2127/1285
f 3709/2131/1289 3707/2132/1290 3697/2128/1286
f 3702/2133/1291 3711/2134/1292 3701/2135/1293
f 3712/2136/1294 3703/2137/1295 3704/2138/1296
f 3720/2139/1297 3716/2140/1298 3710/2141/1299
f 3717/2142/1300 3725/2143/1301 3713/2144/1302
f 3730/2145/1303 3716/2140/1298 3720/2139/1297
f 3717/2142/1300 3735/2146/1304 3725/2143/1301
f 3736/2147/1305 3715/2148/1306 3716/2140/1298
f 3718/2149/1307 3737/2150/1308 3717/2142/1300
f 3715/2148/1306 3738/2151/1309 3728/2152/1310
f 3739/2153/1311 3718/2149/1307 3729/2154/1312
f 3740/2155/1313 3747/2156/1314 3736/2147/1305
f 3748/2157/1315 3745/2158/1316 3737/2150/1308
f 3746/2159/1317 3750/2160/1318 3738/2151/1309
f 3751/2161/1319 3749/2162/1320 3739/2153/1311
f 3742/2163/1321 3753/2164/1322 3741/2165/1323
f 3754/2166/1324 3743/2167/1325 3744/2168/1326
f 3746/2159/1317 3756/2169/1327 3750/2160/1318
f 3757/2170/1328 3749/2162/1320 3751/2161/1319
f 3771/2171/1329 3763/2172/1330 3764/2173/1331
f 3766/2174/1332 3774/2175/1333 3765/2176/1334
f 3776/2177/1335 3770/2178/1336 3761/2179/1337
f 3776/2177/1335 3777/681/1338 3770/2178/1336
f 3778/2180/1339 3768/2181/1340 3775/2182/1341
f 3771/2171/1329 3779/2183/1342 3763/2172/1330
f 3780/2184/1343 3771/2171/1329 3772/2185/1344
f 3784/2186/1345 3767/2187/1346 3768/2181/1340
f 3779/2183/1342 3785/2188/1347 3762/2189/1348
f 3786/2190/1349 3783/2191/1350 3767/2187/1346
f 3776/2177/1335 3787/2192/1351 3777/681/1338
f 3780/2184/1343 3788/2193/1352 3771/2171/1329
f 3789/2194/1353 3784/2186/1345 3778/2180/1339
f 3788/2193/1352 3790/2195/1354 3779/2183/1342
f 3793/2196/1355 3792/2197/1356 3782/2198/1357
f 3776/2177/1335 3794/2199/1358 3787/2192/1351
f 3795/2200/1359 3793/2196/1355 3783/2191/1350
f 3786/2190/1349 3795/2200/1359 3783/2191/1350
f 3796/2201/1360 3784/2186/1345 3789/2194/1353
f 3801/2202/1361 3797/2203/1362 3776/2177/1335
f 3800/2204/1363 3803/2205/1364 3784/2186/1345
f 3805/2206/1365 3801/2202/1361 3785/2188/1347
f 3802/2207/1366 3806/2208/1367 3790/2195/1354
f 3803/2205/1364 3807/2209/1368 3786/2190/1349
f 3807/2209/1368 3809/2210/1369 3795/2200/1359
f 3801/2202/1361 3810/2211/1370 3804/2212/1371
f 3798/2213/1372 3811/2214/1373 3802/2207/1366
f 3812/2215/1374 3799/2216/1375 3793/2196/1355
f 3813/2217/1376 3803/2205/1364 3808/2218/1377
f 3815/2219/1378 3801/2202/1361 3805/2206/1365
f 3803/2205/1364 3822/2220/1379 3807/2209/1368
f 3834/2221/1380 3829/2222/1381 3817/2223/1382
f 3830/2224/1383 3835/2225/1384 3820/2226/1385
f 3837/2227/1386 3834/2221/1380 3818/2228/1387
f 3835/2225/1384 3838/2229/1388 3819/2230/1389
f 3841/2231/1390 3832/2232/1391 3839/2233/1392
f 3828/2234/1393 3843/2235/1394 3827/2236/1395
f 3837/2227/1386 3845/2237/1396 3834/2221/1380
f 3846/2238/1397 3838/2229/1388 3835/2225/1384
f 3848/2239/1398 3831/2240/1399 3832/2232/1391
f 3851/2241/1400 3843/2235/1394 3828/2234/1393
f 3852/2242/1401 3844/2243/1402 3845/2237/1396
f 3848/2239/1398 3857/2244/1403 3831/2240/1399
f 3859/2245/1404 3851/2241/1400 3844/2243/1402
f 3860/2246/1405 3852/2242/1401 3853/2247/1406
f 3855/2248/1407 3861/2249/1408 3854/2250/1409
f 3863/2251/1410 3843/2235/1394 3851/2241/1400
f 3864/2252/1411 3859/2245/1404 3852/2242/1401
f 3848/2239/1398 3867/2253/1412 3857/2244/1403
f 3869/2254/1413 3862/2255/1414 3843/2235/1394
f 3870/2256/1415 3863/2251/1410 3859/2245/1404
f 3871/2257/1416 3864/2252/1411 3860/2246/1405
f 3865/2258/1417 3872/2259/1418 3861/2249/1408
f 3868/2260/1419 3873/2261/1420 3848/2239/1398
f 3875/2262/1421 3870/2256/1415 3864/2252/1411
f 3867/2253/1412 3877/2263/1422 3866/2264/1423
f 3879/2265/1424 3869/2254/1413 3863/2251/1410
f 3870/2256/1415 3879/2265/1424 3863/2251/1410
f 3880/2266/1425 3877/2263/1422 3867/2253/1412
f 3873/2261/1420 3880/2266/1425 3867/2253/1412
f 3881/2267/1426 3870/2256/1415 3875/2262/1421
f 3877/2263/1422 3882/2268/1427 3876/2269/1428
f 3879/2265/1424 3884/2270/1429 3869/2254/1413
f 3881/2267/1426 3885/2271/1430 3870/2256/1415
f 3888/2272/1431 3882/2268/1427 3877/2263/1422
f 3889/2273/1432 3880/2266/1425 3873/2261/1420
f 3884/2270/1429 3891/2274/1433 3883/2275/1434
f 3886/2276/1435 3894/2277/1436 3881/2267/1426
f 3899/2278/1437 3889/2273/1432 3890/2279/1438
f 3900/2280/1439 3904/2281/1440 3894/2277/1436
f 3905/2282/1441 3895/2283/1442 3896/2284/1443
f 3910/2285/1444 3900/2280/1439 3895/2283/1442
f 3905/2282/1441 3910/2285/1444 3895/2283/1442
f 3912/2286/1445 3904/2281/1440 3900/2280/1439
f 3928/2287/1446 3914/2288/1447 3915/2289/1448
f 3923/2290/1449 3935/2291/1450 3922/2292/1451
f 3955/2293/1452 3941/2294/1453 3942/2295/1454
f 3949/2296/1455 3959/2297/1456 3948/2298/1457
f 3940/2299/1458 3961/2300/1459 3954/2301/1460
f 3962/2302/1461 3953/2303/1462 3945/2304/1463
f 3963/2305/1464 3949/2296/1455 3960/2306/1465
f 3955/2293/1452 3966/2307/1466 3941/2294/1453
f 3967/2308/1467 3959/2297/1456 3949/2296/1455
f 3965/2309/1468 3969/2310/1469 3964/2311/1470
f 3973/2312/1471 3962/2302/1461 3957/2313/1472
f 3976/2314/1473 3967/2308/1467 3968/2315/1474
f 3965/2309/1468 3977/2316/1475 3969/2310/1469
f 3978/2317/1476 3967/2308/1467 3976/2314/1473
f 3965/2309/1468 3979/2318/1477 3977/2316/1475
f 3982/2319/1478 3967/2308/1467 3978/2317/1476
f 3970/2320/1479 3983/2321/1480 3966/2307/1466
f 3983/2321/1480 3985/2322/1481 3965/2309/1468
f 3980/2323/1482 3987/2324/1483 3971/2325/1484
f 3988/2326/1485 3981/2327/1486 3973/2312/1471
f 3985/2322/1481 3993/2328/1487 3984/2329/1488
f 3996/2330/1489 3991/2331/1490 3992/2332/1491
f 3986/2333/1492 3997/2334/1493 3983/2321/1480
f 3997/2334/1493 3999/2335/1494 3985/2322/1481
f 4000/2336/1495 3997/2334/1493 3986/2333/1492
f 4002/2337/1496 3995/2338/1497 3988/2326/1485
f 4008/2339/1498 4001/2340/1499 3994/2341/1500
f 4002/2337/1496 4009/2342/1501 3995/2338/1497
f 4012/2343/1502 3997/2334/1493 4000/2336/1495
f 4005/2344/1503 4016/2345/1504 4004/2346/1505
f 4018/2347/1506 4013/2348/1507 4008/2339/1498
f 4014/2349/1508 4019/2350/1509 4009/2342/1501
f 4021/2351/1510 3999/2335/1494 3997/2334/1493
f 4025/2352/1511 4021/2351/1510 4012/2343/1502
f 4032/2353/1512 4026/2354/1513 4018/2347/1506
f 4027/2355/1514 4033/2356/1515 4019/2350/1509
f 4035/2357/1516 4024/2358/1517 4021/2351/1510
f 4024/2358/1517 4039/2359/1518 4037/2360/1519
f 4040/2361/1520 4030/2362/1521 4038/2363/1522
f 4035/2357/1516 4041/2364/1523 4024/2358/1517
f 4042/2365/1524 4029/2366/1525 4030/2362/1521
f 4041/2364/1523 4043/2367/1526 4039/2359/1518
f 4025/2352/1511 4044/2368/1527 4035/2357/1516
f 4045/2369/1528 4042/2365/1524 4040/2361/1520
f 4046/2370/1529 4028/2371/1530 4029/2366/1525
f 4041/2364/1523 4047/2372/1531 4043/2367/1526
f 4054/2373/1532 4042/2365/1524 4045/2369/1528
f 4041/2364/1523 4055/2374/1533 4047/2372/1531
f 4056/2375/1534 4042/2365/1524 4054/2373/1532
f 4041/2364/1523 4057/2376/1535 4055/2374/1533
f 4048/2377/1536 4058/2378/1537 4044/2368/1527
f 4059/2379/1538 4042/2365/1524 4056/2375/1534
f 4064/2380/1539 4049/2381/1540 4050/2382/1541
f 4052/2383/1542 4065/2384/1543 4051/2385/1544
f 4061/2386/1545 4072/2387/1546 4060/2388/1547
f 4073/2389/1548 4068/2390/1549 4069/2391/1550
f 4061/2386/1545 4074/2392/1551 4072/2387/1546
f 4075/2393/1552 4068/2390/1549 4073/2389/1548
f 4077/2394/1553 4061/2386/1545 4062/2395/1554
f 4068/2390/1549 4084/2396/1555 4067/2397/1556
f 4086/2398/1557 4076/2399/1558 4061/2386/1545
f 4085/2400/1559 4087/2401/1560 4068/2390/1549
f 4091/2402/1561 4086/2398/1557 4077/2394/1553
f 4087/2401/1560 4098/2403/1562 4084/2396/1555
f 4103/2404/1563 4086/2398/1557 4091/2402/1561
f 4087/2401/1560 4110/2405/1564 4098/2403/1562
f 4112/2406/1565 4102/2407/1566 4086/2398/1557
f 4111/2408/1567 4113/2409/1568 4087/2401/1560
f 4112/2406/1565 4116/2410/1569 4114/2411/1570
f 4117/2412/1571 4106/2413/1572 4107/2414/1573
f 4118/2415/1574 4113/2409/1568 4115/2416/1575
f 4122/2417/1576 4108/2418/1577 4109/2419/1578
f 4112/2406/1565 4123/2420/1579 4116/2410/1569
f 4124/2421/1580 4117/2412/1571 4108/2418/1577
f 4125/2422/1581 4113/2409/1568 4118/2415/1574
f 4119/2423/1582 4128/2424/1583 4103/2404/1563
f 4129/2425/1584 4121/2426/1585 4117/2412/1571
f 4130/2427/1586 4122/2417/1576 4110/2405/1564
f 4127/2428/1587 4135/2429/1588 4126/2430/1589
f 4136/2431/1590 4131/2432/1591 4132/2433/1592
f 4133/2434/1593 4137/2435/1594 4119/2423/1582
f 4138/2436/1595 4124/2421/1580 4122/2417/1576
f 4127/2428/1587 4139/2437/1596 4135/2429/1588
f 4140/2438/1597 4134/2439/1598 4129/2425/1584
f 4142/2440/1599 4131/2432/1591 4136/2431/1590
f 4127/2428/1587 4143/2441/1600 4139/2437/1596
f 4144/2442/1601 4131/2432/1591 4142/2440/1599
f 4150/2443/1602 4157/2444/1603 4149/2445/1604
f 4158/2446/1605 4151/2447/1606 4152/2448/1607
f 4160/2449/1608 4157/2444/1603 4150/2443/1602
f 4158/2446/1605 4161/2450/1609 4151/2447/1606
f 4163/2451/1610 4146/2452/1611 4147/2453/1612
f 4155/2454/1613 4168/2455/1614 4154/2456/1615
f 4170/2457/1616 4165/2458/1617 4160/2449/1608
f 4166/2459/1618 4171/2460/1619 4161/2450/1609
f 4174/2461/1620 4185/2462/1621 4173/2463/1622
f 4192/2464/1623 4183/2465/1624 4184/2466/1625
f 4174/2461/1620 4193/2467/1626 4185/2462/1621
f 4194/2468/1627 4183/2465/1624 4192/2464/1623
f 4188/2469/1628 4199/2470/1629 4187/2471/1630
f 4200/2472/1631 4189/2473/1632 4190/2474/1633
f 4196/2475/1634 4205/2476/1635 4195/2477/1636
f 4208/2478/1637 4203/2479/1638 4204/2480/1639
f 4210/2481/1640 4196/2475/1634 4197/2482/1641
f 4203/2479/1638 4216/2483/1642 4202/2484/1643
f 4219/2485/1644 4213/2486/1645 4214/2487/1646
f 4215/2488/1647 4220/2489/1648 4214/2487/1646
f 4221/2490/1649 4222/2491/1650 4203/2479/1638
f 4224/2492/1651 4196/2475/1634 4210/2481/1640
f 4222/2491/1650 4231/2493/1652 4216/2483/1642
f 4233/2494/1653 4223/2495/1654 4196/2475/1634
f 4233/2494/1653 4234/2496/1655 4223/2495/1654
f 4235/2497/1656 4222/2491/1650 4232/2498/1657
f 4236/2499/1658 4231/2493/1652 4222/2491/1650
f 4226/2500/1659 4240/2501/1660 4225/2502/1661
f 4243/2503/1662 4229/2504/1663 4230/2505/1664
f 4245/2506/1665 4236/2499/1658 4235/2497/1656
f 4246/2507/1666 4240/2501/1660 4226/2500/1659
f 4241/2508/1667 4246/2507/1666 4226/2500/1659
f 4247/2509/1668 4242/2510/1669 4229/2504/1663
f 4243/2503/1662 4247/2509/1668 4229/2504/1663
f 4238/2511/1670 4248/2512/1671 4237/2513/1672
f 4249/2514/1673 4236/2499/1658 4245/2506/1665
f 4241/2508/1667 4254/2515/1674 4246/2507/1666
f 4255/2516/1675 4242/2510/1669 4247/2509/1668
f 4265/2517/1676 4251/2518/1677 4252/2519/1678
f 4258/2520/1679 4272/2521/1680 4257/2522/1681
f 4277/2523/1682 4288/2524/1683 4276/2525/1684
f 4297/2526/1685 4286/2527/1686 4287/2528/1687
f 4277/2523/1682 4298/2529/1688 4288/2524/1683
f 4299/2530/1689 4286/2527/1686 4297/2526/1685
f 4313/2531/1690 4303/2532/1691 4304/2533/1692
f 4313/2531/1690 4304/2533/1692 4305/2534/1693
f 4307/2535/1694 4314/2536/1695 4306/2537/1696
f 4308/2538/1697 4314/2536/1695 4307/2535/1694
f 4331/2539/1698 4319/2540/1699 4320/2541/1700
f 4324/2542/1701 4334/2543/1702 4323/2544/1703
f 4337/2545/1704 4318/2546/1705 4319/2540/1699
f 4325/2547/1706 4338/2548/1707 4324/2542/1701
f 4343/2549/1708 4337/2545/1704 4331/2539/1698
f 4338/2548/1707 4344/2550/1709 4334/2543/1702
f 4349/2551/1710 4343/2549/1708 4332/2552/1711
f 4344/2550/1709 4350/2553/1712 4333/2554/1713
f 4341/2555/1714 4352/2556/1715 4348/2557/1716
f 4353/2558/1717 4346/2559/1718 4351/2560/1719
f 4341/2555/1714 4354/2561/1720 4352/2556/1715
f 4343/2549/1708 4356/2562/1721 4337/2545/1704
f 4357/2563/1722 4344/2550/1709 4338/2548/1707
f 4359/2564/1723 4346/2559/1718 4353/2558/1717
f 4362/2565/1724 4350/2553/1712 4344/2550/1709
f 4341/2555/1714 4363/2566/1725 4354/2561/1720
f 4364/2567/1726 4346/2559/1718 4359/2564/1723
f 4365/2568/1727 4361/2569/1728 4362/2565/1724
f 4372/2570/1729 4365/2568/1727 4362/2565/1724
f 4367/2571/1730 4377/2572/1731 4366/2573/1732
f 4378/2574/1733 4375/2575/1734 4376/2576/1735
f 4379/2577/1736 4371/2578/1737 4365/2568/1727
f 4367/2571/1730 4380/2579/1738 4377/2572/1731
f 4385/2580/1739 4379/2577/1736 4372/2570/1729
f 4388/2581/1740 4375/2575/1734 4378/2574/1733
f 4367/2571/1730 4389/2582/1741 4380/2579/1738
f 4390/2583/1742 4375/2575/1734 4388/2581/1740
f 4391/2584/1743 4384/2585/1744 4379/2577/1736
f 4385/2580/1739 4391/2584/1743 4379/2577/1736
f 4393/2586/1745 4367/2571/1730 4381/2587/1746
f 4375/2575/1734 4399/2588/1747 4387/2589/1748
f 4401/2590/1749 4392/2591/1750 4367/2571/1730
f 4400/2592/1751 4402/2593/1752 4375/2575/1734
f 4418/2594/1753 4405/2595/1754 4406/2596/1755
f 4412/2597/1756 4423/2598/1757 4411/2599/1758
f 4433/2600/1759 4429/2601/1760 4418/2594/1753
f 4430/2602/1761 4438/2603/1762 4423/2598/1757
f 4428/2604/1763 4441/2605/1764 4439/2606/1765
f 4442/2607/1766 4431/2608/1767 4440/2609/1768
f 4443/2610/1769 4428/2604/1763 4429/2601/1760
f 4431/2608/1767 4449/2611/1770 4430/2602/1761
f 4428/2604/1763 4450/2612/1771 4441/2605/1764
f 4451/2613/1772 4431/2608/1767 4442/2607/1766
f 4428/2604/1763 4452/2614/1773 4450/2612/1771
f 4453/2615/1774 4431/2608/1767 4451/2613/1772
f 4454/2616/1775 4446/2617/1776 4436/2618/1777
f 4428/2604/1763 4455/2619/1778 4452/2614/1773
f 4456/2620/1779 4431/2608/1767 4453/2615/1774
f 4443/2610/1769 4457/2621/1780 4428/2604/1763
f 4458/2622/1781 4449/2611/1770 4431/2608/1767
f 4457/2621/1780 4459/2623/1782 4455/2619/1778
f 4460/2624/1783 4458/2622/1781 4456/2620/1779
f 4465/2625/1784 4454/2616/1775 4447/2626/1785
f 4457/2621/1780 4468/2627/1786 4459/2623/1782
f 4469/2628/1787 4464/2629/1788 4454/2616/1775
f 4470/2630/1789 4458/2622/1781 4460/2624/1783
f 4457/2621/1780 4473/2631/1790 4471/2632/1791
f 4474/2633/1792 4458/2622/1781 4472/2634/1793
f 4457/2621/1780 4475/2635/1794 4473/2631/1790
f 4484/2636/1795 4458/2622/1781 4474/2633/1792
f 4476/2637/1796 4485/2638/1797 4457/2621/1780
f 4486/2639/1798 4483/2640/1799 4458/2622/1781
f 4485/2638/1797 4487/2641/1800 4475/2635/1794
f 4488/2642/1801 4486/2639/1798 4484/2636/1795
f 4490/2643/1802 4485/2638/1797 4476/2637/1796
f 4486/2639/1798 4497/2644/1803 4483/2640/1799
f 4527/2645/1804 4509/2646/1805 4510/2647/1806
f 4512/2648/1807 4528/2649/1808 4511/2650/1809
f 4524/2651/1810 4539/2652/1811 4535/2653/1812
f 4536/2654/1813 4542/2655/1814 4527/2645/1804
f 4543/2656/1815 4537/2657/1816 4528/2649/1808
f 4546/2658/1817 4531/2659/1818 4538/2660/1819
f 4524/2651/1810 4547/2661/1820 4539/2652/1811
f 4550/2662/1821 4531/2659/1818 4546/2658/1817
f 4540/2663/1822 4551/2664/1823 4524/2651/1810
f 4552/2665/1824 4545/2666/1825 4531/2659/1818
f 4551/2664/1823 4553/2667/1826 4547/2661/1820
f 4548/2668/1827 4556/2669/1828 4542/2655/1814
f 4557/2670/1829 4549/2671/1830 4543/2656/1815
f 4560/2672/1831 4552/2665/1824 4550/2662/1821
f 4551/2664/1823 4561/2673/1832 4553/2667/1826
f 4562/2674/1833 4552/2665/1824 4560/2672/1831
f 4551/2664/1823 4563/2675/1834 4561/2673/1832
f 4570/2676/1835 4552/2665/1824 4562/2674/1833
f 4551/2664/1823 4571/2677/1836 4563/2675/1834
f 4572/2678/1837 4552/2665/1824 4570/2676/1835
f 4554/2679/1838 4573/2680/1839 4551/2664/1823
f 4574/2681/1840 4559/2682/1841 4552/2665/1824
f 4576/2683/1842 4573/2680/1839 4554/2679/1838
f 4574/2681/1840 4583/2684/1843 4559/2682/1841
f 4573/2680/1839 4585/2685/1844 4575/2686/1845
f 4586/2687/1846 4574/2681/1840 4584/2688/1847
f 4589/2689/1848 4580/2690/1849 4581/2691/1850
f 4590/2692/1851 4588/2693/1852 4580/2690/1849
f 4573/2680/1839 4591/2694/1853 4585/2685/1844
f 4592/2695/1854 4574/2681/1840 4586/2687/1846
f 4597/2696/1855 4590/2692/1851 4589/2689/1848
f 4600/2697/1856 4596/2698/1857 4590/2692/1851
f 4603/2699/1858 4601/2700/1859 4573/2680/1839
f 4602/2701/1860 4611/2702/1861 4574/2681/1840
f 4612/2703/1862 4607/2704/1863 4600/2697/1856
f 4608/2705/1864 4612/2703/1862 4600/2697/1856
f 4616/2706/1865 4603/2699/1858 4604/2707/1866
f 4611/2702/1861 4623/2708/1867 4610/2709/1868
f 4616/2706/1865 4626/2710/1869 4603/2699/1858
f 4633/2711/1870 4623/2708/1867 4611/2702/1861
f 4626/2710/1869 4635/2712/1871 4625/2713/1872
f 4640/2714/1873 4630/2715/1874 4631/2716/1875
f 4643/2717/1876 4633/2711/1870 4634/2718/1877
f 4626/2710/1869 4644/2719/1878 4635/2712/1871
f 4638/2720/1879 4645/2721/1080 4637/2722/1880
f 4650/2723/1881 4633/2711/1870 4643/2717/1876
f 4651/2724/1079 4626/2710/1869 4636/2725/1882
f 4652/2726/1883 4645/2721/1080 4638/2720/1879
f 4633/2711/1870 4653/2727/1081 4642/2728/1884
f 3417/2729/1885 4652/2726/1883 4646/2730/1886
f 4648/2731/1887 3418/2732/1888 4647/2733/1889
f 4657/2734/1890 4668/2735/1891 4656/2736/1892
f 4669/2737/1893 4666/2738/1894 4667/2739/1895
f 4670/2740/1896 4668/2735/1891 4657/2734/1890
f 4669/2737/1893 4671/2741/1897 4666/2738/1894
f 4672/2742/1898 4658/2743/1899 4659/2744/1900
f 4665/2745/1901 4674/2746/1902 4664/2747/1903
f 4677/2748/1904 4670/2740/1896 4658/2743/1899
f 4678/2749/1905 4672/2742/1898 4660/2750/1906
f 4674/2746/1902 4679/2751/1907 4663/2752/1908
f 4671/2741/1897 4680/2753/1909 4665/2745/1901
f 4681/2754/1910 4673/2755/1911 4662/2756/1912
f 4679/2751/1907 4681/2754/1910 4662/2756/1912
f 4683/2757/1913 4677/2748/1904 4672/2742/1898
f 4680/2753/1909 4684/2758/1914 4674/2746/1902
f 4670/2740/1896 4686/2759/1915 4682/2760/1916
f 4687/2761/1917 4671/2741/1897 4685/2762/1918
f 4689/2763/1919 4688/2764/1920 4681/2754/1910
f 4683/2757/1913 4691/2765/1921 4677/2748/1904
f 4692/2766/1922 4684/2758/1914 4680/2753/1909
f 4690/2767/1923 4694/2768/1924 4686/2759/1915
f 4695/2769/1925 4693/2770/1926 4687/2761/1917
f 4688/2764/1920 4697/2771/1927 4678/2749/1905
f 4698/2772/1928 4689/2763/1919 4679/2751/1907
f 4717/2773/1929 4732/2774/1930 4728/2775/1931
f 4730/2776/1932 4734/2777/1933 4720/2778/1934
f 4735/2779/1935 4723/2780/1936 4724/2781/1937
f 4736/2782/1938 4726/2783/1939 4729/2784/1940
f 4737/2785/1941 4717/2773/1929 4718/2786/1942
f 4726/2783/1939 4738/2787/1943 4725/2788/1944
f 4741/2789/1945 4734/2777/1933 4730/2776/1932
f 4735/2779/1935 4743/2790/1946 4723/2780/1936
f 4745/2791/1947 4733/2792/1948 4734/2777/1933
f 4746/2793/1949 4747/2794/1950 4726/2783/1939
f 4749/2795/1951 4717/2773/1929 4737/2785/1941
f 4745/2791/1947 4750/2796/1952 4733/2792/1948
f 4747/2794/1950 4752/2797/1953 4738/2787/1943
f 4754/2798/1954 4748/2799/1955 4717/2773/1929
f 4754/2798/1954 4757/2800/1956 4755/2801/1957
f 4758/2802/1958 4747/2794/1950 4756/2803/1959
f 4754/2798/1954 4759/2804/1960 4757/2800/1956
f 4750/2796/1952 4760/2805/1961 4749/2795/1951
f 4761/2806/1962 4751/2807/1963 4752/2797/1953
f 4762/2808/1964 4747/2794/1950 4758/2802/1958
f 4754/2798/1954 4763/2809/1965 4759/2804/1960
f 4764/2810/1966 4747/2794/1950 4762/2808/1964
f 4754/2798/1954 4765/2811/1967 4763/2809/1965
f 4741/2789/1945 4766/2812/1968 4745/2791/1947
f 4767/2813/1969 4742/2814/1970 4743/2790/1946
f 4768/2815/1971 4747/2794/1950 4764/2810/1966
f 4760/2805/1961 4769/2816/1972 4754/2798/1954
f 4766/2812/1968 4770/2817/1973 4750/2796/1952
f 4771/2818/1974 4767/2813/1969 4751/2807/1963
f 4772/2819/1975 4761/2806/1962 4747/2794/1950
f 4769/2816/1972 4773/2820/1976 4765/2811/1967
f 4770/2817/1973 4774/2821/1977 4760/2805/1961
f 4778/2822/1978 4771/2818/1974 4761/2806/1962
f 4779/2823/1979 4772/2819/1975 4768/2815/1971
f 4769/2816/1972 4780/2824/1980 4773/2820/1976
f 4781/2825/1981 4772/2819/1975 4779/2823/1979
f 4774/2821/1977 4782/2826/1982 4769/2816/1972
f 4783/2827/1983 4778/2822/1978 4772/2819/1975
f 4785/2828/1984 4782/2826/1982 4774/2821/1977
f 4783/2827/1983 4792/2829/1985 4778/2822/1978
f 4788/2830/1986 4794/2831/1987 4787/2832/1988
f 4795/2833/1989 4788/2830/1986 4789/2834/1990
f 4795/2833/1989 4789/2834/1990 4790/2835/1991
f 4782/2826/1982 4796/2836/1992 4784/2837/1993
f 4798/2838/1994 4783/2827/1983 4793/2839/1995
f 4799/2840/1996 4782/2826/1982 4785/2828/1984
f 4802/2841/1997 4797/2842/1998 4795/2833/1989
f 4783/2827/1983 4804/2843/1999 4792/2829/1985
f 4807/2844/2000 4800/2845/2001 4801/2846/2002
f 4807/2844/2000 4801/2846/2002 4797/2842/1998
f 4803/2847/2003 4808/2848/2004 4802/2841/1997
f 4812/2849/2005 4806/2850/2006 4799/2840/1996
f 4809/2851/2007 4819/2852/2008 4804/2843/1999
f 4806/2850/2006 4821/2853/2009 4811/2854/2010
f 4806/2850/2006 4832/2855/2011 4821/2853/2009
f 4833/2856/2012 4830/2857/2013 4831/2858/2014
f 4825/2859/2015 4838/2860/2016 4824/2861/2017
f 4839/2862/2018 4826/2863/2019 4827/2864/2020
f 4842/2865/2021 4830/2857/2013 4833/2856/2012
f 4835/2866/2022 4843/2867/2023 4834/2868/2024
f 4846/2869/2025 4830/2857/2013 4842/2865/2021
f 4847/2870/2026 4835/2866/2022 4836/2871/2027
f 4846/2869/2025 4855/2872/2028 4830/2857/2013
f 4859/2873/2029 4849/2874/2030 4850/2875/2031
f 4857/2876/2032 4860/2877/2033 4856/2878/2034
f 4859/2873/2029 4862/2879/2035 4849/2874/2030
f 4863/2880/2036 4859/2873/2029 4851/2881/2037
f 4866/2882/2038 4854/2883/2039 4855/2872/2028
f 4857/2876/2032 4868/2884/2040 4860/2877/2033
f 4870/2885/2041 4866/2882/2038 4867/2886/2042
f 4847/2870/2026 4871/2887/2043 4857/2876/2032
f 4872/2888/2044 4865/2889/2045 4854/2883/2039
f 4874/2890/2046 4871/2887/2043 4847/2870/2026
f 4877/2891/2047 4869/2892/2048 4863/2880/2036
f 4872/2888/2044 4879/2893/2049 4865/2889/2045
f 4880/2894/2050 4881/2895/2051 4866/2882/2038
f 4883/2896/2052 4871/2887/2043 4874/2890/2046
f 4886/2897/2053 4869/2892/2048 4877/2891/2047
f 4872/2888/2044 4888/2898/2054 4879/2893/2049
f 4881/2895/2051 4890/2899/2055 4872/2888/2044
f 4871/2887/2043 4891/2900/2056 4882/2901/2057
f 4893/2902/2058 4881/2895/2051 4889/2903/2059
f 4871/2887/2043 4894/2904/2060 4891/2900/2056
f 4895/2905/2061 4892/2906/2062 4886/2897/2053
f 4895/2905/2061 4886/2897/2053 4887/2907/2063
f 4896/2908/2064 4881/2895/2051 4893/2902/2058
f 4871/2887/2043 4897/2909/2065 4894/2904/2060
f 4892/2906/2062 4900/2910/2066 4885/2911/2067
f 4908/2912/2068 4898/2913/2069 4899/2914/2070
f 4903/2915/2071 4913/2916/2072 4902/2917/2073
f 4917/2918/2074 4907/2919/2075 4898/2913/2069
f 4919/2920/2076 4909/2921/2077 4910/2922/2078
f 4912/2923/2079 4920/2924/2080 4911/2925/2081
f 4904/2926/2082 4922/2927/2083 4903/2915/2071
f 4926/2928/2084 4918/2929/2085 4919/2920/2076
f 4921/2930/2086 4929/2931/2087 4920/2924/2080
f 4917/2918/2074 4933/2932/2088 4907/2919/2075
f 4934/2933/2089 4924/2934/2090 4931/2935/2091
f 4927/2936/2092 4937/2937/2093 4926/2928/2084
f 4938/2938/2094 4928/2939/2095 4929/2931/2087
f 4933/2932/2088 4941/2940/2096 4932/2941/2097
f 4942/2942/2098 4924/2934/2090 4934/2933/2089
f 4933/2932/2088 4945/2943/2099 4941/2940/2096
f 4946/2944/2100 4924/2934/2090 4942/2942/2098
f 4957/2945/2101 4948/2946/2102 4949/2947/2103
f 4953/2948/2104 4960/2949/2105 4952/2950/2106
f 4963/2951/2107 4947/2952/2108 4948/2946/2102
f 4964/2953/2109 4957/2945/2101 4958/2954/2110
f 4960/2949/2105 4967/2955/2111 4959/2956/2112
f 4954/2957/2113 4968/2958/2114 4953/2948/2104
f 4947/2952/2108 4971/2959/2115 4969/2960/2116
f 4964/2953/2109 4972/2961/2117 4957/2945/2101
f 4973/2962/2118 4967/2955/2111 4960/2949/2105
f 4974/2963/2119 4954/2957/2113 4970/2964/2120
f 4972/2961/2117 4976/2965/2121 4963/2951/2107
f 4977/2966/2122 4973/2962/2118 4968/2958/2114
f 4975/2967/2123 4979/2968/2124 4971/2959/2115
f 4980/2969/2125 4978/2970/2126 4974/2963/2119
f 4975/2967/2123 4981/2971/2127 4979/2968/2124
f 4986/2972/2128 4978/2970/2126 4980/2969/2125
f 4975/2967/2123 4987/2973/2129 4981/2971/2127
f 4988/2974/2130 4978/2970/2126 4986/2972/2128
f 4975/2967/2123 4989/2975/2131 4987/2973/2129
f 4983/2976/2132 4991/2977/2133 4982/2978/2134
f 4992/2979/2135 4984/2980/2136 4985/2981/2137
f 4994/2982/2138 4978/2970/2126 4988/2974/2130
f 4990/2983/2139 4996/2984/2140 4976/2965/2121
f 4997/2985/2141 4993/2986/2142 4977/2966/2122
f 5000/2987/2143 4983/2976/2132 4984/2980/2136
f 4992/2979/2135 5000/2987/2143 4984/2980/2136
f 4995/2988/2144 5002/2989/2145 4999/2990/2146
f 5004/2991/2147 4998/2992/2148 5001/2993/2149
f 4996/2984/2140 5006/2994/2150 4995/2988/2144
f 5003/2995/2151 5007/2996/2152 4991/2977/2133
f 5008/2997/2153 5000/2987/2143 4992/2979/2135
f 5009/2998/2154 4997/2985/2141 4998/2992/2148
f 5006/2994/2150 5011/2999/2155 5005/3000/2156
f 5007/2996/2152 5013/3001/2157 4990/2983/2139
f 5016/3002/2158 5008/2997/2153 4993/2986/2142
f 5018/3003/2159 5009/2998/2154 5010/3004/2160
f 5006/2994/2150 5019/3005/2161 5011/2999/2155
f 5020/3006/2162 5009/2998/2154 5018/3003/2159
f 5006/2994/2150 5021/3007/2163 5019/3005/2161
f 5028/3008/2164 5009/2998/2154 5020/3006/2162
f 5006/2994/2150 5029/3009/2165 5021/3007/2163
f 5030/3010/2166 5009/2998/2154 5028/3008/2164
f 5046/3011/2167 5057/3012/2168 5045/3013/2169
f 5058/3014/2170 5055/3015/2171 5056/3016/2172
f 5061/3017/2173 5047/3018/2174 5048/3019/2175
f 5054/3020/2176 5064/3021/2177 5053/3022/2178
f 5068/3023/2179 5060/3024/2180 5061/3017/2173
f 5065/3025/2181 5075/3026/2182 5064/3021/2177
f 5078/3027/2183 5089/3028/2184 5077/3029/2185
f 5082/3030/2186 5090/3031/2187 5081/3032/2188
f 5091/3033/2189 5087/3034/2190 5088/3035/2191
f 5093/3036/2192 5078/3027/2183 5079/3037/2193
f 5095/3038/2194 5090/3031/2187 5082/3030/2186
f 5087/3034/2190 5099/3039/2195 5086/3040/2196
f 5101/3041/2197 5094/3042/2198 5090/3031/2187
f 5078/3027/2183 5102/3043/2199 5092/3044/2200
f 5103/3045/2201 5087/3034/2190 5100/3046/2202
f 5078/3027/2183 5104/3047/2203 5102/3043/2199
f 5105/3048/2204 5087/3034/2190 5103/3045/2201
f 5120/3049/2205 5111/3050/2206 5112/3051/2207
f 5113/3052/2208 5120/3049/2205 5112/3051/2207
f 5136/3053/2209 5128/3054/2210 5120/3049/2205
f 5129/3055/2211 5136/3053/2209 5120/3049/2205
f 5126/3056/2212 5137/3057/2213 5125/3058/2214
f 5139/3059/2215 5130/3060/2216 5131/3061/2217
f 5124/3062/2218 5140/3063/2219 5134/3064/2220
f 5141/3065/2221 5132/3066/2222 5135/3067/2223
f 5142/3068/2224 5140/3063/2219 5124/3062/2218
f 5143/3069/2225 5126/3056/2212 5127/3070/2226
f 5130/3060/2216 5144/3071/2227 5129/3055/2211
f 5141/3065/2221 5145/3072/2228 5132/3066/2222
f 5146/3073/2229 5137/3057/2213 5126/3056/2212
f 5139/3059/2215 5147/3074/2230 5130/3060/2216
f 5150/3075/2231 5143/3069/2225 5138/3076/2232
f 5144/3071/2227 5151/3077/2233 5136/3053/2209
f 5152/3078/2234 5142/3068/2224 5137/3057/2213
f 5145/3072/2228 5153/3079/2235 5139/3059/2215
f 5156/3080/2236 5154/3081/2237 5142/3068/2224
f 5155/3082/2238 5157/3083/2239 5145/3072/2228
f 5143/3069/2225 5160/3084/2240 5146/3073/2229
f 5161/3085/2241 5144/3071/2227 5147/3074/2230
f 5156/3080/2236 5162/3086/2242 5158/3087/2243
f 5150/3075/2231 5163/3088/2244 5143/3069/2225
f 5164/3089/2245 5151/3077/2233 5144/3071/2227
f 5165/3090/2246 5157/3083/2239 5159/3091/2247
f 5156/3080/2236 5166/3092/2248 5162/3086/2242
f 5167/3093/2249 5157/3083/2239 5165/3090/2246
f 5156/3080/2236 5168/3094/2250 5166/3092/2248
f 5177/3095/2251 5157/3083/2239 5167/3093/2249
f 5169/3096/2252 5178/3097/2253 5156/3080/2236
f 5179/3098/2254 5176/3099/2255 5157/3083/2239
f 5178/3097/2253 5180/3100/2256 5168/3094/2250
f 5181/3101/2257 5179/3098/2254 5177/3095/2251
f 5172/3102/2258 5182/3103/2259 5171/3104/2260
f 5183/3105/2261 5172/3102/2258 5173/3106/2262
f 5183/3105/2261 5173/3106/2262 5174/3107/2263
f 5178/3097/2253 5184/3108/2264 5180/3100/2256
f 5182/3103/2259 5186/3109/2265 5170/3110/2266
f 5187/3111/2267 5183/3105/2261 5175/3112/2268
f 5189/3113/2269 5179/3098/2254 5181/3101/2257
f 5191/3114/2270 5190/3115/2271 5183/3105/2261
f 5194/3116/2272 5185/3117/2273 5186/3109/2265
f 5188/3118/2274 5196/3119/2275 5187/3111/2267
f 5199/3120/2276 5194/3116/2272 5190/3115/2271
f 5200/3121/2277 5195/3122/2278 5191/3114/2270
f 5196/3119/2275 5200/3121/2277 5191/3114/2270
f 5203/3123/2279 5193/3124/2280 5185/3117/2273
f 5197/3125/2281 5210/3126/2282 5188/3118/2274
f 5193/3124/2280 5213/3127/2283 5211/3128/2284
f 5214/3129/2285 5197/3125/2281 5212/3130/2286
f 5206/3131/2287 5217/3132/2288 5205/3133/2289
f 5218/3134/2290 5207/3135/2291 5208/3136/2292
f 5215/3137/2293 5222/3138/2294 5193/3124/2280
f 5223/3139/2295 5220/3140/2296 5197/3125/2281
f 5222/3138/2294 5227/3141/2297 5221/3142/2298
f 5228/3143/2299 5223/3139/2295 5224/3144/2300
f 5237/3145/2301 5230/3146/2302 5231/3147/2303
f 5233/3148/2304 5238/3149/2305 5232/3150/2306
f 5242/3151/2307 5236/3152/2308 5229/3153/2309
f 5239/3154/2310 5249/3155/2311 5234/3156/2312
f 5249/3155/2311 5254/3157/2313 5248/3158/2314
f 5263/3159/2315 5253/3160/2316 5246/3161/2317
f 5262/3162/2318 5263/3159/2315 5246/3161/2317
f 5264/3163/2319 5258/3164/2320 5244/3165/2321
f 5264/3163/2319 5267/3166/2322 5258/3164/2320
f 5256/3167/2323 5269/3168/2324 5265/3169/2325
f 5267/3166/2322 5270/3170/2326 5257/3171/2327
f 5271/3172/2328 5253/3160/2316 5263/3159/2315
f 5272/3173/2329 5254/3157/2313 5259/3174/2330
f 5273/3175/2331 5260/3176/2332 5266/3177/2333
f 5274/3178/2334 5271/3172/2328 5262/3162/2318
f 5254/3157/2313 5274/3178/2334 5262/3162/2318
f 5275/3179/2335 5274/3178/2334 5254/3157/2313
f 5270/3170/2326 5276/3180/2336 5256/3167/2323
f 5277/3181/2337 5272/3173/2329 5260/3176/2332
f 5276/3180/2336 5278/3182/2338 5269/3168/2324
f 5280/3183/2339 5271/3172/2328 5274/3178/2334
f 5281/3184/2340 5277/3181/2337 5273/3175/2331
f 5293/3185/2341 5287/3186/2342 5288/3187/2343
f 5289/3188/2344 5293/3185/2341 5288/3187/2343
f 5295/3189/2345 5286/3190/2346 5287/3186/2342
f 5297/3191/2347 5284/3192/2348 5285/3193/2349
f 5299/3194/2350 5295/3189/2345 5293/3185/2341
f 5290/3195/2351 5301/3196/2352 5289/3188/2344
f 5304/3197/2353 5302/3198/2354 5283/3199/2355
f 5306/3200/2356 5298/3201/2357 5295/3189/2345
f 5303/3202/2358 5308/3203/2359 5291/3204/2360
f 5309/3205/2361 5305/3206/2362 5297/3191/2347
f 5311/3207/2363 5306/3200/2356 5299/3194/2350
f 5307/3208/2364 5313/3209/2365 5301/3196/2352
f 5316/3210/2366 5318/3211/2367 5310/3212/2368
f 5319/3213/2369 5316/3210/2366 5311/3207/2363
f 5304/3197/2353 5322/3214/2370 5314/3215/2371
f 5323/3216/2372 5308/3203/2359 5315/3217/2373
f 5317/3218/2374 5326/3219/2375 5305/3206/2362
f 5328/3220/2376 5321/3221/2377 5307/3208/2364
f 5327/3222/2378 5332/3223/2379 5318/3211/2367
f 5333/3224/2380 5327/3222/2378 5319/3213/2369
f 5325/3225/2381 5336/3226/2382 5324/3227/2383
f 5339/3228/2384 5329/3229/2385 5330/3230/2386
f 5340/3231/2387 5325/3225/2381 5326/3219/2375
f 5329/3229/2385 5345/3232/2388 5328/3220/2376
f 5346/3233/2389 5342/3234/2390 5337/3235/2391
f 5352/3236/2392 5346/3233/2389 5338/3237/2393
f 5359/3238/2394 5351/3239/2395 5346/3233/2389
f 5362/3240/2396 5348/3241/2397 5349/3242/2398
f 5364/3243/2399 5359/3238/2394 5352/3236/2392
f 5353/3244/2400 5364/3243/2399 5352/3236/2392
f 5369/3245/2401 5363/3246/2402 5351/3239/2395
f 5365/3247/2403 5370/3248/2404 5353/3244/2400
f 5372/3249/2405 5369/3245/2401 5359/3238/2394
f 5374/3250/2406 5371/3251/2407 5348/3241/2397
f 5374/3250/2406 5381/3252/2408 5379/3253/2409
f 5382/3254/2410 5367/3255/2411 5380/3256/2412
f 5383/3257/2413 5366/3258/2414 5367/3255/2411
f 5363/3246/2402 5384/3259/2415 5362/3240/2396
f 5384/3259/2415 5386/3260/2416 5374/3250/2406
f 5387/3261/2417 5383/3257/2413 5382/3254/2410
f 5388/3262/2418 5384/3259/2415 5363/3246/2402
f 5390/3263/2419 5372/3249/2405 5364/3243/2399
f 5370/3248/2404 5390/3263/2419 5364/3243/2399
f 5391/3264/2420 5370/3248/2404 5365/3247/2403
f 5386/3260/2416 5393/3265/2421 5385/3266/2422
f 5394/3267/2423 5383/3257/2413 5387/3261/2417
f 5395/3268/2424 5389/3269/2425 5372/3249/2405
f 5391/3264/2420 5396/3270/2426 5370/3248/2404
f 5386/3260/2416 5397/3271/2427 5393/3265/2421
f 5398/3272/2428 5383/3257/2413 5394/3267/2423
f 5384/3259/2415 5399/3273/2429 5386/3260/2416
f 5400/3274/2430 5392/3275/2431 5383/3257/2413
f 5399/3273/2429 5401/3276/2432 5397/3271/2427
f 5402/3277/2433 5400/3274/2430 5398/3272/2428
f 5399/3273/2429 5403/3278/2434 5401/3276/2432
f 5412/3279/2435 5400/3274/2430 5402/3277/2433
f 5399/3273/2429 4654/3280/2436 5403/3278/2434
f 4655/3281/2437 5400/3274/2430 5412/3279/2435
f 5414/3282/2438 5427/3283/2439 5425/3284/2440
f 5428/3285/2441 5423/3286/2442 5426/3287/2443
f 5433/3288/2444 5417/3289/2445 5418/3290/2446
f 5420/3291/2447 5434/3292/2448 5419/3293/2449
f 5430/3294/2450 5441/3295/2451 5429/3296/2452
f 5442/3297/2453 5437/3298/2454 5438/3299/2455
f 5430/3294/2450 5443/3300/2456 5441/3295/2451
f 5432/3301/2457 5444/3302/2458 5431/3303/2459
f 5445/3304/2460 5435/3305/2461 5436/3306/2462
f 5446/3307/2463 5437/3298/2454 5442/3297/2453
f 5444/3302/2458 5450/3308/2464 5430/3294/2450
f 5455/3309/2465 5445/3304/2460 5437/3298/2454
f 5450/3308/2464 5459/3310/2466 5457/3311/2467
f 5447/3312/2468 5460/3313/2469 5452/3314/2470
f 5466/3315/2471 6370/3316/2472 6371/3317/2473
f 5463/3318/2474 5467/3319/2475 5462/3320/2476
f 5472/3321/2477 5466/3315/2471 6364/3322/2478
f 5475/3323/2479 5464/3324/2480 5465/3325/2481
f 5463/3318/2474 5476/3326/2482 5467/3319/2475
f 5477/3327/2483 5464/3324/2480 5475/3323/2479
f 5471/3328/2484 5478/3329/2485 5470/3330/2486
f 5479/3331/2487 5466/3315/2471 5472/3321/2477
f 5494/3332/2488 5483/3333/2489 5484/3334/2490
f 5488/3335/2491 5497/3336/2492 5487/3337/2493
f 5481/3338/2494 5500/3339/2495 5498/3340/2496
f 5501/3341/2497 5490/3342/2498 5499/3343/2499
f 5502/3344/2500 5482/3345/2501 5483/3333/2489
f 5504/3346/2502 5495/3347/2503 5496/3348/2504
f 5489/3349/2505 5506/3350/2506 5488/3335/2491
f 5509/3351/2507 5481/3338/2494 5482/3345/2501
f 5490/3342/2498 5510/3352/2508 5489/3349/2505
f 5512/3353/2509 5503/3354/2510 5495/3347/2503
f 5514/3355/2511 5511/3356/2512 5481/3338/2494
f 5513/3357/2513 5515/3358/2514 5490/3342/2498
f 5516/3359/2515 5509/3351/2507 5502/3344/2500
f 5518/3360/2516 5512/3353/2509 5504/3346/2502
f 5510/3352/2508 5520/3361/2517 5506/3350/2506
f 5514/3355/2511 5525/3362/2518 5523/3363/2519
f 5526/3364/2520 5515/3358/2514 5524/3365/2521
f 5527/3366/2522 5519/3367/2523 5520/3361/2517
f 5516/3359/2515 5530/3368/2524 5509/3351/2507
f 5512/3353/2509 5531/3369/2525 5517/3370/2526
f 5532/3371/2527 5512/3353/2509 5518/3360/2516
f 5534/3372/2528 5527/3366/2522 5510/3352/2508
f 5529/3373/2529 5537/3374/2530 5528/3375/2531
f 5531/3369/2525 5538/3376/2532 5516/3359/2515
f 5539/3377/2533 5535/3378/2534 5536/3379/2535
f 5529/3373/2529 5541/3380/2536 5537/3374/2530
f 5542/3381/2537 5535/3378/2534 5539/3377/2533
f 5529/3373/2529 5543/3382/2538 5541/3380/2536
f 5544/3383/2539 5535/3378/2534 5542/3381/2537
f 5529/3373/2529 5545/3384/2540 5543/3382/2538
f 5547/3385/2541 5535/3378/2534 5544/3383/2539
f 5546/3386/2542 5551/3387/2543 5531/3369/2525
f 5552/3388/2544 5546/3386/2542 5532/3371/2527
f 5548/3389/2545 5557/3390/2546 5545/3384/2540
f 5559/3391/2547 5556/3392/2548 5547/3385/2541
f 5560/3393/2549 5558/3394/2550 5552/3388/2544
f 5562/3395/2551 5548/3389/2545 5549/3396/2552
f 5556/3392/2548 5568/3397/2553 5555/3398/2554
f 5570/3399/2555 5565/3400/2556 5560/3393/2549
f 5566/3401/2557 5570/3399/2555 5560/3393/2549
f 5573/3402/2558 5571/3403/2559 5548/3389/2545
f 5576/3404/2560 5564/3405/2561 5565/3400/2556
f 5556/3392/2548 5579/3406/2562 5568/3397/2553
f 5582/3407/2563 5575/3408/2564 5576/3404/2560
f 5577/3409/2565 5584/3410/2566 5570/3399/2555
f 5581/3411/2567 5585/3412/2568 5556/3392/2548
f 5573/3402/2558 5586/3413/2569 5580/3414/2570
f 5587/3415/2571 5585/3412/2568 5581/3411/2567
f 5588/3416/2572 5597/3417/2573 5586/3413/2569
f 5598/3418/2574 5585/3412/2568 5587/3415/2571
f 5592/3419/2575 5601/3420/2576 5591/3421/2577
f 5602/3422/2578 5593/3423/2579 5594/3424/2580
f 5588/3416/2572 5606/3425/2581 5597/3417/2573
f 5607/3426/2582 5605/3427/2583 5598/3418/2574
f 5612/3428/2584 5610/3429/2585 5588/3416/2572
f 5605/3427/2583 5620/3430/2586 5604/3431/2587
f 5622/3432/2588 5616/3433/2589 5617/3434/2590
f 5618/3435/2591 5622/3432/2588 5617/3434/2590
f 5625/3436/2592 5613/3437/2593 5614/3438/2594
f 5620/3430/2586 5629/3439/2595 5619/3440/2596
f 5631/3441/2597 5627/3442/2598 5622/3432/2588
f 5645/3443/2599 5639/3444/2600 5631/3441/2597
f 5640/3445/2601 5645/3443/2599 5631/3441/2597
f 5635/3446/2602 5646/3447/2603 5634/3448/2604
f 5647/3449/2605 5643/3450/2606 5644/3451/2607
f 5638/3452/2608 5651/3453/2609 5637/3454/2610
f 5652/3455/2611 5659/3456/2612 5638/3452/2608
f 5649/3457/2613 5660/3458/2614 5648/3459/2615
f 5661/3460/2616 5657/3461/2617 5658/3462/2618
f 5649/3457/2613 5662/3463/2619 5660/3458/2614
f 5652/3455/2611 5663/3464/2620 5659/3456/2612
f 5664/3465/2621 5653/3466/2622 5654/3467/2623
f 5665/3468/2624 5657/3461/2617 5661/3460/2616
f 5666/3469/2625 5674/3470/2626 5662/3463/2619
f 5675/3471/2627 5673/3472/2628 5665/3468/2624
f 5676/3473/2629 5666/3469/2625 5667/3474/2630
f 5673/3472/2628 5681/3475/2631 5672/3476/2632
f 5684/3477/2633 5677/3478/2634 5678/3479/2635
f 5680/3480/2636 5685/3481/2637 5679/3482/2638
f 5688/3483/2639 5686/3484/2640 5666/3469/2625
f 5687/3485/2641 5697/3486/2642 5673/3472/2628
f 5688/3483/2639 5698/3487/2643 5686/3484/2640
f 5699/3488/2644 5697/3486/2642 5687/3485/2641
f 5708/3489/2645 5703/3490/2646 5704/3491/2647
f 5688/3483/2639 5709/3492/2648 5698/3487/2643
f 5710/3493/2649 5697/3486/2642 5699/3488/2644
f 5703/3490/2646 5712/3494/2650 5702/3495/2651
f 5715/3496/2652 5708/3489/2645 5705/3497/2653
f 5688/3483/2639 5714/3498/2654 5709/3492/2648
f 5715/3496/2652 5712/3494/2650 5708/3489/2645
f 5716/3499/2655 5697/3486/2642 5710/3493/2649
f 5727/3500/2656 5721/3501/2657 5715/3496/2652
f 5722/3502/2658 5727/3500/2656 5715/3496/2652
f 5729/3503/2659 5719/3504/2660 5720/3505/2661
f 5729/3503/2659 5720/3505/2661 5721/3501/2657
f 5723/3506/2662 5730/3507/2663 5722/3502/2658
f 5746/3508/2664 5733/3509/2665 5734/3510/2666
f 5740/3511/2667 5751/3512/2668 5739/3513/2669
f 5755/3514/2670 5732/3515/2671 5733/3509/2665
f 5754/3516/2672 5756/3517/2673 5741/3518/2674
f 5756/3517/2673 5759/3519/2675 5740/3511/2667
f 5762/3520/2676 5760/3521/2677 5732/3515/2671
f 5762/3520/2676 5763/3522/2678 5760/3521/2677
f 5764/3523/2679 5756/3517/2673 5761/3524/2680
f 5765/3525/2681 5759/3519/2675 5756/3517/2673
f 5767/3526/2682 5762/3520/2676 5755/3514/2670
f 5759/3519/2675 5773/3527/2683 5751/3512/2668
f 5762/3520/2676 5775/3528/2684 5766/3529/2685
f 5776/3530/2686 5765/3525/2681 5774/3531/2687
f 5778/3532/2688 5789/3533/2689 5777/3534/2690
f 5790/3535/2691 5787/3536/2692 5788/3537/2693
f 5778/3532/2688 5791/3538/2694 5789/3533/2689
f 5796/3539/2695 5787/3536/2692 5790/3535/2691
f 5810/3540/2696 5800/3541/2697 5801/3542/2698
f 5805/3543/2699 5811/3544/2700 5804/3545/2701
f 5815/3546/2702 5799/3547/2703 5800/3541/2697
f 5816/3548/2704 5810/3540/2696 5802/3549/2705
f 5811/3544/2700 5817/3550/2706 5803/3551/2707
f 5806/3552/2708 5818/3553/2709 5805/3543/2699
f 5807/3554/2710 5820/3555/2711 5806/3552/2708
f 5822/3556/2712 5819/3557/2713 5798/3558/2714
f 5821/3559/2715 5823/3560/2716 5807/3554/2710
f 5824/3561/2717 5815/3546/2702 5810/3540/2696
f 5818/3553/2709 5825/3562/2718 5811/3544/2700
f 5827/3563/2719 5822/3556/2712 5799/3547/2703
f 5829/3564/2720 5827/3563/2719 5815/3546/2702
f 5830/3565/2721 5824/3561/2717 5816/3548/2704
f 5825/3562/2718 5831/3566/2722 5817/3550/2706
f 5820/3555/2711 5832/3567/2723 5818/3553/2709
f 5822/3556/2712 5835/3568/2724 5833/3569/2725
f 5836/3570/2726 5823/3560/2716 5834/3571/2727
f 5822/3556/2712 5837/3572/2728 5835/3568/2724
f 5838/3573/2729 5823/3560/2716 5836/3570/2726
f 5822/3556/2712 5839/3574/2730 5837/3572/2728
f 5840/3575/2731 5823/3560/2716 5838/3573/2729
f 5827/3563/2719 5841/3576/2732 5822/3556/2712
f 5842/3577/2733 5832/3567/2723 5820/3555/2711
f 5841/3576/2732 5844/3578/2734 5839/3574/2730
f 5845/3579/2735 5843/3580/2736 5840/3575/2731
f 5830/3565/2721 5846/3581/2737 5824/3561/2717
f 5847/3582/2738 5830/3565/2721 5831/3566/2722
f 5841/3576/2732 5849/3583/2739 5844/3578/2734
f 5850/3584/2740 5843/3580/2736 5845/3579/2735
f 5829/3564/2720 5851/3585/2741 5827/3563/2719
f 5854/3586/2742 5851/3585/2741 5829/3564/2720
f 5842/3577/2733 5855/3587/2743 5832/3567/2723
f 5841/3576/2732 5857/3588/2744 5853/3589/2745
f 5858/3590/2746 5843/3580/2736 5856/3591/2747
f 5841/3576/2732 5859/3592/2748 5857/3588/2744
f 5861/3593/2749 5843/3580/2736 5858/3590/2746
f 5860/3594/2750 5865/3595/2751 5846/3581/2737
f 5866/3596/2752 5860/3594/2750 5847/3582/2738
f 5862/3597/2753 5871/3598/2754 5859/3592/2748
f 5872/3599/1276 5870/3600/2755 5861/3593/2749
f 5873/3601/2756 5860/3594/2750 5866/3596/2752
f 5862/3597/2753 5874/3602/2757 5871/3598/2754
f 5860/3594/2750 5877/3603/2758 5865/3595/2751
f 5881/3604/2759 5873/3601/2756 5867/3605/2760
f 5880/3606/2761 5870/3600/2755 5872/3599/1276
f 5881/3604/2759 5877/3603/2758 5873/3601/2756
f 5888/3607/2762 5882/3608/2763 5881/3604/2759
f 5896/3609/2764 5887/3610/2765 5882/3608/2763
f 5897/3611/2766 5885/3612/2767 5886/3613/2768
f 5899/3614/2769 5896/3609/2764 5888/3607/2762
f 5891/3615/2770 5901/3616/2771 5890/3617/2772
f 5884/3618/2773 5902/3619/2774 5894/3620/2775
f 5903/3621/2776 5892/3622/2777 5895/3623/2778
f 5904/3624/2779 5908/3625/2780 5898/3626/2781
f 5909/3627/2782 5904/3624/2779 5899/3614/2769
f 5905/3628/2783 5914/3629/2784 5902/3619/2774
f 5915/3630/2785 5913/3631/2786 5903/3621/2776
f 5905/3628/2783 5917/3632/2787 5914/3629/2784
f 5916/3633/2788 5919/3634/2789 5908/3625/2780
f 5920/3635/2790 5916/3633/2788 5909/3627/2782
f 5920/3635/2790 5909/3627/2782 5910/3636/2791
f 5922/3637/2792 5913/3631/2786 5915/3630/2785
f 5927/3638/2793 5919/3634/2789 5916/3633/2788
f 5934/3639/2794 5926/3640/2795 5927/3638/2793
f 5929/3641/2796 5937/3642/2797 5928/3643/2798
f 5931/3644/2799 5940/3645/2800 5930/3646/2801
f 5924/3647/2802 5941/3648/2803 5933/3649/2804
f 5944/3650/2805 5947/3651/2806 5925/3652/2807
f 5950/3653/2808 5940/3645/2800 5931/3644/2799
f 5943/3654/2809 5951/3655/2810 5941/3648/2803
f 5952/3656/2811 5950/3653/2808 5942/3657/2812
f 5959/3658/2813 5949/3659/2814 5946/3660/2815
f 5965/3661/2816 5958/3662/2817 5959/3658/2813
f 5960/3663/2818 5965/3661/2816 5959/3658/2813
f 5954/3664/2819 5967/3665/2820 5964/3666/2821
f 5969/3667/2822 5962/3668/2823 5966/3669/2824
f 5968/3670/2825 5974/3671/2826 5957/3672/2827
f 5975/3673/2828 5968/3670/2825 5965/3661/2816
f 5971/3674/2829 5980/3675/2830 5970/3676/2831
f 5981/3677/2832 5978/3678/2833 5979/3679/2834
f 5971/3674/2829 5982/3680/2835 5980/3675/2830
f 5984/3681/2836 5974/3671/2826 5975/3673/2828
f 5985/3682/2837 5978/3678/2833 5981/3677/2832
f 5971/3674/2829 5986/3683/2838 5982/3680/2835
f 5988/3684/2839 5978/3678/2833 5985/3682/2837
f 5987/3685/2840 5993/3686/2841 5983/3687/2842
f 5994/3688/2843 5987/3685/2840 5984/3681/2836
f 5990/3689/2844 5999/3690/2845 5989/3691/2846
f 6001/3692/2847 5997/3693/2848 5998/3694/2849
f 5990/3689/2844 6002/3695/2850 5999/3690/2845
f 6000/3696/2851 6004/3697/2852 5993/3686/2841
f 6005/3698/2853 6000/3696/2851 5994/3688/2843
f 6007/3699/2854 5997/3693/2848 6001/3692/2847
f 5990/3689/2844 6008/3700/2855 6002/3695/2850
f 6010/3701/2856 5997/3693/2848 6007/3699/2854
f 6009/3702/2857 6015/3703/2858 6004/3697/2852
f 6016/3704/2859 6009/3702/2857 6005/3698/2853
f 6022/3705/2860 6015/3703/2858 6009/3702/2857
f 6025/3706/2861 6012/3707/2862 6013/3708/2863
f 6028/3709/2864 6022/3705/2860 6016/3704/2859
f 6019/3710/2865 6030/3711/2866 6018/3712/2867
f 6012/3707/2862 6032/3713/2868 6024/3714/2869
f 6033/3715/2870 6019/3710/2865 6031/3716/2871
f 6012/3707/2862 6034/3717/2872 6032/3713/2868
f 6022/3705/2860 6035/3718/2873 6027/3719/2874
f 6037/3720/2875 6019/3710/2865 6033/3715/2870
f 6012/3707/2862 6038/3721/2876 6034/3717/2872
f 6039/3722/2877 6019/3710/2865 6037/3720/2875
f 6051/3723/2878 6043/3724/2879 6044/3725/2880
f 6046/3726/2881 6052/3727/2882 6045/3728/2883
f 6069/3729/2884 6059/3730/2885 6060/3731/2886
f 6062/3732/2887 6070/3733/2888 6061/3734/2889
f 6075/3735/2890 6086/3736/2891 6074/3737/2892
f 6087/3738/2893 6084/3739/2894 6085/3740/2895
f 6075/3735/2890 6090/3741/2896 6086/3736/2891
f 6088/3742/2897 6093/3743/2898 6078/3744/2899
f 6094/3745/2900 6089/3746/2901 6081/3747/2902
f 6097/3748/2903 6084/3739/2894 6087/3738/2893
f 6100/3749/2904 6093/3743/2898 6088/3742/2897
f 6094/3745/2900 6101/3750/2905 6089/3746/2901
f 6105/3751/2906 6099/3752/2907 6091/3753/2908
f 6102/3754/2909 6110/3755/2910 6096/3756/2911
f 6112/3757/2912 6107/3758/2913 6100/3749/2904
f 6108/3759/2914 6113/3760/2915 6101/3750/2905
f 6118/3761/2916 6107/3758/2913 6112/3757/2912
f 6115/3762/2917 6119/3763/2918 6114/3764/2919
f 6118/3761/2916 6122/3765/2920 6107/3758/2913
f 6123/3766/2921 6113/3760/2915 6108/3759/2914
f 6126/3767/2922 6116/3768/2923 6117/3769/2924
f 6127/3770/2925 6118/3761/2916 6113/3760/2915
f 6123/3766/2921 6127/3770/2925 6113/3760/2915
f 6129/3771/2926 6115/3762/2917 6120/3772/2927
f 6131/3773/2928 6122/3765/2920 6118/3761/2916
f 6116/3768/2923 6133/3774/2929 6125/3775/2930
f 6135/3776/2931 6128/3777/2932 6115/3762/2917
f 6134/3778/2933 6136/3779/2934 6116/3768/2923
f 6138/3780/2935 6130/3781/2936 6122/3765/2920
f 6132/3782/2937 6140/3783/2938 6123/3766/2921
f 6142/3784/2939 6139/3785/2940 6127/3770/2925
f 6140/3783/2938 6142/3784/2939 6127/3770/2925
f 6144/3786/2941 6135/3776/2931 6129/3771/2926
f 6136/3779/2934 6147/3787/2942 6133/3774/2929
f 6149/3788/2943 6143/3789/2944 6135/3776/2931
f 6148/3790/2945 6150/3791/2946 6136/3779/2934
f 6152/3792/2947 6145/3793/2948 6138/3780/2935
f 6146/3794/2949 6154/3795/2950 6140/3783/2938
f 6156/3796/2951 6153/3797/2952 6142/3784/2939
f 6154/3795/2950 6156/3796/2951 6142/3784/2939
f 6158/3798/2953 6149/3788/2943 6144/3786/2941
f 6150/3791/2946 6161/3799/2954 6147/3787/2942
f 6149/3788/2943 6163/3800/2955 6157/3801/2956
f 6164/3802/2957 6153/3797/2952 6156/3796/2951
f 6149/3788/2943 6166/3803/2958 6163/3800/2955
f 6167/3804/2959 6150/3791/2946 6165/3805/2960
f 6168/3806/2961 6166/3803/2958 6149/3788/2943
f 6167/3804/2959 6171/3807/2962 6150/3791/2946
f 6172/3808/2963 6169/3809/2964 6159/3810/2965
f 6170/3811/2966 6173/3812/2967 6160/3813/2968
f 6176/3814/2969 6164/3802/2957 6154/3795/2950
f 6173/3812/2967 6176/3814/2969 6154/3795/2950
f 6178/3815/2970 6172/3808/2963 6152/3792/2947
f 6179/3816/2971 6175/3817/2972 6164/3802/2957
f 6176/3814/2969 6179/3816/2971 6164/3802/2957
f 6182/3818/2973 6180/3819/2974 6168/3806/2961
f 6181/3820/2975 6185/3821/2976 6171/3807/2962
f 6187/3822/2977 6183/3823/2978 6172/3808/2963
f 6188/3824/2979 6178/3815/2970 6175/3817/2972
f 6184/3825/2980 6190/3826/2981 6173/3812/2967
f 6193/3827/2982 6187/3822/2977 6178/3815/2970
f 6190/3826/2981 6196/3828/2983 6189/3829/2984
f 6205/3830/2985 6200/3831/2986 6187/3822/2977
f 6201/3832/2987 6206/3833/2988 6190/3826/2981
f 6208/3834/2989 6205/3830/2985 6193/3827/2982
f 6206/3833/2988 6211/3835/2990 6196/3828/2983
f 6199/3836/2991 6216/3837/2992 6214/3838/2993
f 6217/3839/2994 6202/3840/2995 6215/3841/2996
f 6208/3834/2989 6221/3842/2997 6205/3830/2985
f 6222/3843/2998 6211/3835/2990 6206/3833/2988
f 6219/3844/2999 6226/3845/3000 6218/3846/3001
f 6231/3847/3002 6224/3848/3003 6225/3849/3004
f 6219/3844/2999 6232/3850/3005 6226/3845/3000
f 6233/3851/3006 6224/3848/3003 6231/3847/3002
f 6247/3852/3007 6235/3853/3008 6236/3854/3009
f 6239/3855/3010 6249/3856/3011 6238/3857/3012
f 6250/3858/3013 6240/3859/3014 6241/3860/3015
f 6244/3861/3016 6252/3862/3017 6243/3863/3018
f 6254/3864/3019 6247/3852/3007 6248/3865/3020
f 6252/3862/3017 6259/3866/3021 6251/3867/3022
f 6268/3868/3023 6262/3869/3024 6254/3864/3019
f 6263/3870/3025 6273/3871/3026 6259/3866/3021
f 6261/3872/3027 6274/3873/3028 6266/3874/3029
f 6275/3875/3030 6264/3876/3031 6267/3877/3032
f 6276/3878/3033 6283/3879/3034 6262/3869/3024
f 6284/3880/3035 6281/3881/3036 6263/3870/3025
f 6282/3882/3037 6286/3883/3038 6274/3873/3028
f 6287/3884/3039 6285/3885/3040 6275/3875/3030
f 6278/3886/3041 6289/3887/3042 6277/3888/3043
f 6290/3889/3044 6279/3890/3045 6280/3891/3046
f 6282/3882/3037 6292/3892/3047 6286/3883/3038
f 6288/3893/3048 6293/3894/3049 6283/3879/3034
f 6294/3895/3050 6291/3896/3051 6284/3880/3035
f 6295/3897/3052 6285/3885/3040 6287/3884/3039
f 6293/3894/3049 6299/3898/3053 6282/3882/3037
f 6304/3899/3054 6294/3895/3050 6285/3885/3040
f 6307/3900/3055 6299/3898/3053 6293/3894/3049
f 6308/3901/3056 6300/3902/3057 6301/3903/3058
f 6303/3904/3059 6311/3905/3060 6302/3906/3061
f 6304/3899/3054 6312/3907/3062 6294/3895/3050
f 6314/3908/3063 6306/3909/3064 6299/3898/3053
f 6313/3910/3065 6315/3911/3066 6304/3899/3054
f 6318/3912/3067 6314/3908/3063 6307/3900/3055
f 6321/3913/3068 6316/3914/3069 6310/3915/3070
f 6315/3911/3066 6324/3916/3071 6312/3907/3062
f 6329/3917/3072 6314/3908/3063 6318/3912/3067
f 6315/3911/3066 6334/3918/3073 6324/3916/3071
f 6333/3919/3074 6340/3920/3075 6322/3921/3076
f 6336/3922/3077 6328/3923/3078 6314/3908/3063
f 6335/3924/3079 6337/3925/3080 6315/3911/3066
f 6340/3920/3075 6332/3926/3081 6321/3913/3068
f 6341/3927/3082 6338/3928/3083 6336/3922/3077
f 6339/3929/3084 6350/3930/3085 6337/3925/3080
f 6341/3927/3082 6351/3931/3086 6338/3928/3083
f 6352/3932/3087 6350/3930/3085 6339/3929/3084
f 6341/3927/3082 6353/3933/3088 6351/3931/3086
f 6345/3934/3089 6354/3935/3090 6344/3936/3091
f 6355/3937/3092 6346/3938/3093 6347/3939/3094
f 6356/3940/3095 6350/3930/3085 6352/3932/3087
f 6341/3927/3082 6359/3941/3096 6353/3933/3088
f 6360/3942/3097 6350/3930/3085 6356/3940/3095
f 6341/3927/3082 6361/3943/3098 6359/3941/3096
f 6362/3944/3099 6341/3927/3082 6342/3945/3100
f 6363/3946/3101 6343/3947/3102 6354/3935/3090
f 6350/3930/3085 6365/3948/3103 6349/3949/3104
f 6366/3950/3105 6350/3930/3085 6360/3942/3097
f 6362/3944/3099 6367/3951/3106 6341/3927/3082
f 6368/3952/3107 6365/3948/3103 6350/3930/3085
f 6363/3946/3101 6369/3953/3108 6343/3947/3102
f 6372/3954/3109 6364/3955/2478 6348/3956/3110
f 6362/3944/3099 5463/3957/2474 6367/3951/3106
f 5464/3958/2480 6365/3948/3103 6368/3952/3107
f 6376/3959/3111 6387/3960/3112 6375/3961/3113
f 6388/3962/3114 6385/3963/3115 6386/3964/3116
f 6376/3959/3111 6389/3965/3117 6387/3960/3112
f 6390/3966/3118 6385/3963/3115 6388/3962/3114
f 6377/3967/3119 6391/3968/3120 6376/3959/3111
f 6392/3969/3121 6384/3970/3122 6385/3963/3115
f 6391/3968/3120 6393/3971/3123 6389/3965/3117
f 6394/3972/3124 6392/3969/3121 6390/3966/3118
f 6378/3973/3125 6395/3974/3126 6377/3967/3119
f 6396/3975/3127 6383/3976/3128 6384/3970/3122
f 6398/3977/3129 6395/3974/3126 6378/3973/3125
f 6396/3975/3127 6403/3978/3130 6383/3976/3128
f 6410/3979/3131 6391/3968/3120 6395/3974/3126
f 6392/3969/3121 6411/3980/3132 6396/3975/3127
f 6415/3981/3133 6410/3979/3131 6398/3977/3129
f 6411/3980/3132 6420/3982/3134 6403/3978/3130
f 6428/3983/3135 6414/3984/3136 6410/3979/3131
f 6421/3985/3137 6429/3986/3138 6411/3980/3132
f 6433/3987/3139 6428/3983/3135 6415/3981/3133
f 6429/3986/3138 6438/3988/3140 6420/3982/3134
f 6442/3989/3141 6432/3990/3142 6428/3983/3135
f 6439/3991/3143 6443/3992/3144 6429/3986/3138
f 6432/3990/3142 6447/3993/3145 6445/3994/3146
f 6435/3995/3147 6448/3996/3148 6434/3997/3149
f 6449/3998/3150 6436/3999/3151 6437/4000/3152
f 6450/4001/3153 6439/3991/3143 6446/4002/3154
f 6432/3990/3142 6453/4003/3155 6447/3993/3145
f 6451/4004/3156 6455/4005/3157 6448/3996/3148
f 6456/4006/3158 6452/4007/3159 6449/3998/3150
f 6458/4008/3160 6439/3991/3143 6450/4001/3153
f 6454/4009/3161 6460/4010/3162 6442/3989/3141
f 6461/4011/3163 6457/4012/3164 6443/3992/3144
f 6459/4013/3165 6463/4014/3166 6453/4003/3155
f 6464/4015/3167 6462/4016/3168 6458/4008/3160
f 6459/4013/3165 6466/4017/3169 6463/4014/3166
f 6465/4018/3170 6468/4019/3171 6455/4005/3157
f 6469/4020/3172 6465/4018/3170 6452/4007/3159
f 6472/4021/3173 6462/4016/3168 6464/4015/3167
f 6467/4022/3174 6474/4023/3175 6460/4010/3162
f 6475/4024/3176 6471/4025/3177 6461/4011/3163
f 6473/4026/3178 6477/4027/3179 6466/4017/3169
f 6478/4028/3180 6476/4029/3181 6472/4021/3173
f 6473/4026/3178 6479/4030/3182 6477/4027/3179
f 6486/4031/3183 6476/4029/3181 6478/4028/3180
f 6504/4032/3184 6490/4033/3185 6491/4034/3186
f 6506/4035/3187 6493/4036/3188 6494/4037/3189
f 6496/4038/3190 6507/4039/3191 6495/4040/3192
f 6499/4041/3193 6509/4042/3194 6498/4043/3195
f 6525/4044/3196 6517/4045/3197 6518/4046/3198
f 6521/4047/3199 6527/4048/3200 6520/4049/3201
f 6516/4050/3202 6529/4051/3203 6524/4052/3204
f 6532/4053/3205 6522/4054/3206 6528/4055/3207
f 6534/4056/3208 6545/4057/3209 6533/4058/3210
f 6546/4059/3211 6543/4060/3212 6544/4061/3213
f 6534/4056/3208 6547/4062/3214 6545/4057/3209
f 6556/4063/3215 6543/4060/3212 6546/4059/3211
f 6534/4056/3208 6557/4064/3216 6547/4062/3214
f 6558/4065/3217 6543/4060/3212 6556/4063/3215
f 6551/4066/3218 6563/4067/3219 6550/4068/3220
f 6564/4069/3221 6552/4070/3222 6553/4071/3223
f 6560/4072/3224 6569/4073/3225 6559/4074/3226
f 6570/4075/3227 6567/4076/3228 6568/4077/3229
f 6572/4078/3230 6562/4079/3231 6563/4067/3219
f 6565/4080/3232 6575/4081/3233 6564/4069/3221
f 6578/4082/3234 6561/4083/3235 6562/4079/3231
f 6566/4084/3236 6579/4085/3237 6565/4080/3232
f 6581/4086/3238 6577/4087/3239 6560/4072/3224
f 6580/4088/3240 6582/4089/3241 6567/4076/3228
f 6584/4090/3242 6581/4086/3238 6561/4083/3235
f 6585/4091/3243 6578/4082/3234 6572/4078/3230
f 6579/4085/3237 6588/4092/3244 6575/4081/3233
f 6582/4089/3241 6589/4093/3245 6566/4084/3236
f 6581/4086/3238 6595/4094/3246 6593/4095/3247
f 6596/4096/3248 6582/4089/3241 6594/4097/3249
f 6581/4086/3238 6597/4098/3250 6595/4094/3246
f 6578/4082/3234 6598/4099/3251 6584/4090/3242
f 6599/4100/3252 6579/4085/3237 6589/4093/3245
f 6600/4101/3253 6582/4089/3241 6596/4096/3248
f 6598/4099/3251 6602/4102/3254 6581/4086/3238
f 6609/4103/3255 6599/4100/3252 6582/4089/3241
f 6602/4102/3254 6611/4104/3256 6601/4105/3257
f 6612/4106/3258 6609/4103/3255 6610/4107/3259
f 6602/4102/3254 6613/4108/3260 6611/4104/3256
f 6603/4109/3261 6614/4110/3262 6598/4099/3251
f 6615/4111/3263 6608/4112/3264 6599/4100/3252
f 6616/4113/3265 6609/4103/3255 6612/4106/3258
f 2641/821/5 1639/820/4 2640/823/7
f 2640/823/7 1640/822/6 2639/4114/3266
f 2644/4115/3267 1641/824/8 2643/826/10
f 1636/825/9 1642/827/11 2646/832/16
f 1642/827/11 1644/831/15 2646/832/16
f 1634/828/12 1648/840/24 1646/836/20
f 1649/4116/3268 2639/4114/3266 1640/822/6 1650/4117/3269
f 1650/4117/3269 1640/822/6 1639/820/4 1651/838/22
f 1635/819/3 1644/831/15 1652/839/23 1651/838/22
f 1642/827/11 1641/824/8 1653/4118/3270 1652/839/23
f 1641/824/8 2644/4115/3267 1654/4119/3271 1653/4118/3270
f 2644/4115/3267 1637/834/18 1655/843/27 1654/4119/3271
f 1651/838/22 1652/839/23 1657/847/31 1656/844/28
f 1647/837/21 1655/843/27 1637/834/18
f 1662/850/34 1658/841/25 1648/840/24 1663/848/32
f 1651/838/22 1660/845/29 1650/4117/3269
f 1653/4118/3270 1661/846/30 1652/839/23
f 1663/848/32 1648/840/24 1649/4116/3268 1664/4120/3272
f 1664/4120/3272 1649/4116/3268 1650/4117/3269 1665/4121/3273
f 1665/4121/3273 1650/4117/3269 1660/845/29 1666/857/41
f 1666/857/41 1660/845/29 1656/844/28 1667/855/39
f 1656/844/28 1657/847/31 1668/859/43 1667/855/39
f 1657/847/31 1661/846/30 1669/860/44 1668/859/43
f 1661/846/30 1653/4118/3270 1670/4122/3274 1669/860/44
f 1653/4118/3270 1654/4119/3271 1671/4123/3275 1670/4122/3274
f 1654/4119/3271 1655/843/27 1672/852/36 1671/4123/3275
f 1655/843/27 1659/842/26 1673/853/37 1672/852/36
f 1667/855/39 1668/859/43 1678/858/42 1677/856/40
f 1666/857/41 1677/856/40 1665/4121/3273
f 1680/4124/3276 1664/4120/3272 1665/4121/3273 1681/4125/3277
f 1670/4122/3274 1678/858/42 1669/860/44
f 1664/4120/3272 1680/4124/3276 1663/848/32
f 1681/4125/3277 1665/4121/3273 1677/856/40 1682/4126/3278
f 1677/856/40 1678/858/42 1684/4127/3279 1683/4128/3280
f 1677/856/40 1683/4128/3280 1682/4126/3278
f 1678/858/42 1670/4122/3274 1686/4129/3281 1685/4130/3282
f 1685/4130/3282 1684/4127/3279 1678/858/42
f 1670/4122/3274 1671/4123/3275 1687/4131/3283 1686/4129/3281
f 1663/848/32 1680/4124/3276 1691/4132/3284 1690/862/46
f 1672/852/36 1687/4131/3283 1671/4123/3275
f 1663/848/32 1688/863/47 1676/854/38
f 1679/861/45 1689/864/48 1672/852/36
f 1680/4124/3276 1681/4125/3277 1692/4133/3285 1691/4132/3284
f 1681/4125/3277 1682/4126/3278 1693/4134/3286 1692/4133/3285
f 1682/4126/3278 1683/4128/3280 1694/4135/3287 1693/4134/3286
f 1683/4128/3280 1684/4127/3279 1695/4136/3288 1694/4135/3287
f 1695/4136/3288 1684/4127/3279 1685/4130/3282 1696/4137/3289
f 1696/4137/3289 1685/4130/3282 1686/4129/3281 1697/4138/3290
f 1697/4138/3290 1686/4129/3281 1687/4131/3283 1698/4139/3291
f 1698/4139/3291 1687/4131/3283 1672/852/36 1699/865/49
f 1702/4140/3292 1692/4133/3285 1693/4134/3286 1703/872/56
f 1690/862/46 1700/867/51 1688/863/47
f 1689/864/48 1701/869/53 1699/865/49
f 1692/4133/3285 1702/4140/3292 1691/4132/3284
f 1703/872/56 1693/4134/3286 1694/4135/3287 1704/4141/3293
f 1694/4135/3287 1695/4136/3288 1705/874/58 1704/4141/3293
f 1695/4136/3288 1696/4137/3289 1706/4142/3294 1705/874/58
f 1696/4137/3289 1697/4138/3290 1707/4143/3295 1706/4142/3294
f 1711/875/59 1690/862/46 1691/4132/3284 1712/4144/3296
f 1698/4139/3291 1707/4143/3295 1697/4138/3290
f 1704/4141/3293 1710/870/54 1703/872/56
f 1705/874/58 1710/870/54 1704/4141/3293
f 1690/862/46 1711/875/59 1708/866/50
f 1712/4144/3296 1691/4132/3284 1702/4140/3292 1713/4145/3297
f 1713/4145/3297 1702/4140/3292 1703/872/56 1714/871/55
f 1705/874/58 1706/4142/3294 1716/4146/3298 1715/873/57
f 1706/4142/3294 1707/4143/3295 1717/4147/3299 1716/4146/3298
f 1707/4143/3295 1698/4139/3291 1718/4148/3300 1717/4147/3299
f 1698/4139/3291 1699/865/49 1719/878/62 1718/4148/3300
f 1711/875/59 1712/4144/3296 1724/886/70 1723/880/64
f 1709/868/52 1719/878/62 1699/865/49
f 1715/873/57 1722/879/63 1710/870/54
f 1712/4144/3296 1713/4145/3297 1725/887/71 1724/886/70
f 1713/4145/3297 1714/871/55 1726/884/68 1725/887/71
f 1727/881/65 1715/873/57 1716/4146/3298 1728/4149/3301
f 1722/879/63 1726/884/68 1714/871/55
f 1728/4149/3301 1716/4146/3298 1717/4147/3299 1729/891/75
f 1729/891/75 1717/4147/3299 1718/4148/3300 1730/889/73
f 1730/889/73 1718/4148/3300 1719/878/62 1731/882/66
f 1725/887/71 1726/884/68 1736/4150/3302 1735/885/69
f 1723/880/64 1732/4151/3303 1720/876/60
f 1721/877/61 1733/4152/3304 1731/882/66
f 1727/881/65 1734/883/67 1722/879/63
f 1737/888/72 1727/881/65 1728/4149/3301 1738/4153/3305
f 1734/883/67 1736/4150/3302 1726/884/68
f 1738/4153/3305 1728/4149/3301 1729/891/75 1739/890/74
f 1740/4154/3306 1723/880/64 1743/893/77 1742/4155/3307
f 1723/880/64 1740/4154/3306 1732/4151/3303
f 1733/4152/3304 1741/4156/3308 1731/882/66
f 1723/880/64 1724/886/70 1744/894/78 1743/893/77
f 1724/886/70 1735/885/69 1745/4157/3309 1744/894/78
f 1735/885/69 1736/4150/3302 1746/4158/3310 1745/4157/3309
f 1736/4150/3302 1734/883/67 1747/4159/3311 1746/4158/3310
f 1734/883/67 1737/888/72 1748/4160/3312 1747/4159/3311
f 1748/4160/3312 1737/888/72 1738/4153/3305 1749/4161/3313
f 1749/4161/3313 1738/4153/3305 1739/890/74 1750/4162/3314
f 1750/4162/3314 1739/890/74 1730/889/73 1751/897/81
f 1751/897/81 1730/889/73 1731/882/66 1752/895/79
f 1752/895/79 1731/882/66 1741/4156/3308 1753/4163/3315
f 1744/894/78 1745/4157/3309 1758/4164/3316 1757/892/76
f 1743/893/77 1754/4165/3317 1742/4155/3307
f 1753/4163/3315 1755/4166/3318 1752/895/79
f 1743/893/77 1756/4167/3319 1754/4165/3317
f 1745/4157/3309 1746/4158/3310 1759/4168/3320 1758/4164/3316
f 1746/4158/3310 1747/4159/3311 1760/4169/3321 1759/4168/3320
f 1747/4159/3311 1748/4160/3312 1761/4170/3322 1760/4169/3321
f 1761/4170/3322 1748/4160/3312 1749/4161/3313 1762/4171/3323
f 1762/4171/3323 1749/4161/3313 1750/4162/3314 1763/4172/3324
f 1763/4172/3324 1750/4162/3314 1751/897/81 1764/896/80
f 1766/4173/3325 1743/893/77 1769/898/82 1768/4174/3326
f 1755/4166/3318 1765/4175/3327 1752/895/79
f 1743/893/77 1766/4173/3325 1756/4167/3319
f 1765/4175/3327 1767/4176/3328 1752/895/79
f 1743/893/77 1757/892/76 1770/4177/3329 1769/898/82
f 1757/892/76 1758/4164/3316 1771/4178/3330 1770/4177/3329
f 1758/4164/3316 1759/4168/3320 1772/4179/3331 1771/4178/3330
f 1759/4168/3320 1760/4169/3321 1773/4180/3332 1772/4179/3331
f 1760/4169/3321 1761/4170/3322 1774/4181/3333 1773/4180/3332
f 1774/4181/3333 1761/4170/3322 1762/4171/3323 1775/4182/3334
f 1775/4182/3334 1762/4171/3323 1763/4172/3324 1776/4183/3335
f 1776/4183/3335 1763/4172/3324 1764/896/80 1777/4184/3336
f 1777/4184/3336 1764/896/80 1752/895/79 1778/902/86
f 1778/902/86 1752/895/79 1767/4176/3328 1779/4185/3337
f 1783/908/92 1772/4179/3331 1773/4180/3332 1784/909/93
f 1769/898/82 1780/900/84 1768/4174/3326
f 1779/4185/3337 1781/903/87 1778/902/86
f 1772/4179/3331 1783/908/92 1771/4178/3330
f 1773/4180/3332 1774/4181/3333 1785/913/97 1784/909/93
f 1774/4181/3333 1775/4182/3334 1786/912/96 1785/913/97
f 1769/898/82 1770/4177/3329 1789/4186/3338 1788/904/88
f 1776/4183/3335 1786/912/96 1775/4182/3334
f 1770/4177/3329 1771/4178/3330 1790/907/91 1789/4186/3338
f 1791/910/94 1776/4183/3335 1777/4184/3336 1792/4187/3339
f 1783/908/92 1790/907/91 1771/4178/3330
f 1776/4183/3335 1791/910/94 1786/912/96
f 1792/4187/3339 1777/4184/3336 1778/902/86 1793/905/89
f 1800/918/102 1796/4188/3340 1788/904/88 1801/916/100
f 1788/904/88 1794/4189/3341 1782/899/83
f 1787/901/85 1795/4190/3342 1793/905/89
f 1788/904/88 1796/4188/3340 1794/4189/3341
f 1785/913/97 1797/906/90 1784/909/93
f 1786/912/96 1799/911/95 1785/913/97
f 1795/4190/3342 1798/4191/3343 1793/905/89
f 1801/916/100 1788/904/88 1789/4186/3338 1802/4192/3344
f 1802/4192/3344 1789/4186/3338 1790/907/91 1803/914/98
f 1791/910/94 1792/4187/3339 1806/4193/3345 1805/915/99
f 1799/911/95 1804/919/103 1797/906/90
f 1792/4187/3339 1793/905/89 1807/923/107 1806/4193/3345
f 1793/905/89 1798/4191/3343 1808/924/108 1807/923/107
f 1817/4194/3346 1801/916/100 1802/4192/3344 1818/4195/3347
f 1797/906/90 1810/920/104 1803/914/98
f 1812/929/113 1811/921/105 1799/911/95
f 1805/915/99 1812/929/113 1799/911/95
f 1804/919/103 1815/932/116 1810/920/104
f 1811/921/105 1815/932/116 1804/919/103
f 1801/916/100 1817/4194/3346 1814/925/109
f 1818/4195/3347 1802/4192/3344 1803/914/98 1819/927/111
f 1805/915/99 1806/4193/3345 1821/4196/3348 1820/928/112
f 1806/4193/3345 1807/923/107 1822/4197/3349 1821/4196/3348
f 1824/930/114 1815/932/116 1831/936/120 1830/933/117
f 1816/926/110 1822/4197/3349 1807/923/107
f 1817/4194/3346 1823/3283/3350 1814/925/109
f 1815/932/116 1824/930/114 1810/920/104
f 1816/926/110 1826/3285/3351 1822/4197/3349
f 1817/4194/3346 1827/4198/3352 1823/3283/3350
f 1826/3285/3351 1828/4199/3353 1822/4197/3349
f 1817/4194/3346 1829/4200/3354 1827/4198/3352
f 1815/932/116 1825/931/115 1832/938/122 1831/936/120
f 1829/4200/3354 1817/4194/3346 1836/4201/3355 1835/4202/3356
f 1825/931/115 1833/934/118 1832/938/122
f 1828/4199/3353 1834/4203/3357 1822/4197/3349
f 1817/4194/3346 1818/4195/3347 1837/4204/3358 1836/4201/3355
f 1818/4195/3347 1819/927/111 1838/4205/3359 1837/4204/3358
f 1839/4206/3360 1820/928/112 1821/4196/3348 1840/4207/3361
f 1830/933/117 1838/4205/3359 1819/927/111
f 1820/928/112 1839/4206/3360 1833/934/118
f 1840/4207/3361 1821/4196/3348 1822/4197/3349 1841/4208/3362
f 1841/4208/3362 1822/4197/3349 1834/4203/3357 1842/4209/3363
f 1831/936/120 1832/938/122 1845/937/121 1844/935/119
f 1836/4201/3355 1843/4210/3364 1835/4202/3356
f 1843/4210/3364 1836/4201/3355 1848/939/123 1847/941/125
f 1842/4209/3363 1846/4211/3365 1841/4208/3362
f 1836/4201/3355 1837/4204/3358 1849/957/141 1848/939/123
f 1837/4204/3358 1838/4205/3359 1850/4212/3366 1849/957/141
f 1838/4205/3359 1830/933/117 1851/950/134 1850/4212/3366
f 1852/953/137 1833/934/118 1839/4206/3360 1853/4213/3367
f 1844/935/119 1851/950/134 1830/933/117
f 1833/934/118 1852/953/137 1845/937/121
f 1853/4213/3367 1839/4206/3360 1840/4207/3361 1854/960/144
f 1854/960/144 1840/4207/3361 1841/4208/3362 1855/943/127
f 1855/943/127 1841/4208/3362 1846/4211/3365 1856/944/128
f 1844/935/119 1845/937/121 1859/952/136 1858/948/132
f 1844/935/119 1858/948/132 1851/950/134
f 1864/955/139 1850/4212/3366 1851/950/134 1865/949/133
f 1852/953/137 1859/952/136 1845/937/121
f 1850/4212/3366 1864/955/139 1849/957/141
f 1858/948/132 1859/952/136 1866/951/135 1865/949/133
f 1852/953/137 1853/4213/3367 1867/959/143 1866/951/135
f 1869/963/147 1863/947/131 1848/939/123 1870/961/145
f 1854/960/144 1867/959/143 1853/4213/3367
f 1870/961/145 1848/939/123 1849/957/141 1871/956/140
f 1854/960/144 1855/943/127 1873/965/149 1872/958/142
f 1855/943/127 1868/954/138 1874/966/150 1873/965/149
f 1876/967/151 1864/955/139 1865/949/133 1877/4214/3368
f 1864/955/139 1876/967/151 1871/956/140
f 1865/949/133 1866/951/135 1878/4215/3369 1877/4214/3368
f 1866/951/135 1867/959/143 1879/970/154 1878/4215/3369
f 1881/973/157 1875/962/146 1870/961/145 1882/971/155
f 1872/958/142 1879/970/154 1867/959/143
f 1882/971/155 1870/961/145 1871/956/140 1883/968/152
f 1872/958/142 1873/965/149 1885/975/159 1884/969/153
f 1873/965/149 1880/964/148 1886/976/160 1885/975/159
f 1888/981/165 1876/967/151 1877/4214/3368 1889/4216/3370
f 1876/967/151 1888/981/165 1883/968/152
f 1877/4214/3368 1878/4215/3369 1890/4217/3371 1889/4216/3370
f 1878/4215/3369 1879/970/154 1891/984/168 1890/4217/3371
f 1889/4216/3370 1890/4217/3371 1897/4218/3372 1896/4219/3373
f 1884/969/153 1891/984/168 1879/970/154
f 1889/4216/3370 1896/4219/3373 1888/981/165
f 1899/987/171 1895/979/163 1882/971/155 1900/985/169
f 1891/984/168 1897/4218/3372 1890/4217/3371
f 1900/985/169 1882/971/155 1883/968/152 1901/982/166
f 1884/969/153 1885/975/159 1903/989/173 1902/983/167
f 1885/975/159 1898/980/164 1904/990/174 1903/989/173
f 1906/995/179 1888/981/165 1896/4219/3373 1907/4220/3374
f 1888/981/165 1906/995/179 1901/982/166
f 1896/4219/3373 1897/4218/3372 1908/4221/3375 1907/4220/3374
f 1897/4218/3372 1891/984/168 1909/998/182 1908/4221/3375
f 1907/4220/3374 1908/4221/3375 1915/4222/3376 1914/4223/3377
f 1902/983/167 1909/998/182 1891/984/168
f 1907/4220/3374 1914/4223/3377 1906/995/179
f 1917/1001/185 1913/993/177 1900/985/169 1918/999/183
f 1909/998/182 1915/4222/3376 1908/4221/3375
f 1918/999/183 1900/985/169 1901/982/166 1919/996/180
f 1902/983/167 1903/989/173 1921/1003/187 1920/997/181
f 1903/989/173 1916/994/178 1922/1004/188 1921/1003/187
f 1924/1009/193 1906/995/179 1914/4223/3377 1925/4224/3378
f 1906/995/179 1924/1009/193 1919/996/180
f 1914/4223/3377 1915/4222/3376 1926/4225/3379 1925/4224/3378
f 1915/4222/3376 1909/998/182 1927/1012/196 1926/4225/3379
f 1925/4224/3378 1926/4225/3379 1933/4226/3380 1932/4227/3381
f 1920/997/181 1927/1012/196 1909/998/182
f 1925/4224/3378 1932/4227/3381 1924/1009/193
f 1935/4228/3382 1931/1007/191 1918/999/183 1936/4229/3383
f 1927/1012/196 1933/4226/3380 1926/4225/3379
f 1936/4229/3383 1918/999/183 1919/996/180 1937/1010/194
f 1920/997/181 1921/1003/187 1939/4230/3384 1938/1011/195
f 1921/1003/187 1934/1008/192 1940/4231/3385 1939/4230/3384
f 1924/1009/193 1932/4227/3381 1943/1016/200 1942/1013/197
f 1936/4229/3383 1941/4232/3386 1935/4228/3382
f 1932/4227/3381 1933/4226/3380 1944/1018/202 1943/1016/200
f 1944/1018/202 1933/4226/3380 1927/1012/196 1945/1014/198
f 1943/1016/200 1944/1018/202 1951/1017/201 1950/1015/199
f 1940/4231/3385 1946/4233/3387 1939/4230/3384
f 1936/4229/3383 1947/4234/3388 1941/4232/3386
f 1946/4233/3387 1948/4235/3389 1939/4230/3384
f 1936/4229/3383 1949/4236/3390 1947/4234/3388
f 1949/4236/3390 1936/4229/3383 1954/4237/3391 1953/4238/3392
f 1948/4235/3389 1952/4239/3393 1939/4230/3384
f 1936/4229/3383 1937/1010/194 1955/1020/204 1954/4237/3391
f 1956/1021/205 1938/1011/195 1939/4230/3384 1957/4240/3394
f 1942/1013/197 1955/1020/204 1937/1010/194
f 1938/1011/195 1956/1021/205 1945/1014/198
f 1957/4240/3394 1939/4230/3384 1952/4239/3393 1958/4241/3395
f 1942/1013/197 1950/1015/199 1961/4242/3396 1960/1019/203
f 1954/4237/3391 1959/4243/3397 1953/4238/3392
f 1950/1015/199 1951/1017/201 1962/4244/3398 1961/4242/3396
f 1962/4244/3398 1951/1017/201 1945/1014/198 1963/1022/206
f 1960/1019/203 1961/4242/3396 1969/4245/3399 1968/1023/207
f 1958/4241/3395 1964/4246/3400 1957/4240/3394
f 1954/4237/3391 1965/4247/3401 1959/4243/3397
f 1964/4246/3400 1966/4248/3402 1957/4240/3394
f 1954/4237/3391 1967/4249/3403 1965/4247/3401
f 1961/4242/3396 1962/4244/3398 1970/4250/3404 1969/4245/3399
f 1970/4250/3404 1962/4244/3398 1963/1022/206 1971/1024/208
f 1967/4249/3403 1954/4237/3391 1974/4251/3405 1973/4252/3406
f 1966/4248/3402 1972/4253/3407 1957/4240/3394
f 1954/4237/3391 1955/1020/204 1975/1026/210 1974/4251/3405
f 1976/1027/211 1956/1021/205 1957/4240/3394 1977/4254/3408
f 1968/1023/207 1975/1026/210 1955/1020/204
f 1956/1021/205 1976/1027/211 1971/1024/208
f 1977/4254/3408 1957/4240/3394 1972/4253/3407 1978/4255/3409
f 1968/1023/207 1969/4245/3399 1981/1034/218 1980/1025/209
f 1974/4251/3405 1979/4256/3410 1973/4252/3406
f 1969/4245/3399 1970/4250/3404 1983/1031/215 1982/1030/214
f 1982/1030/214 1981/1034/218 1969/4245/3399
f 1984/1032/216 1970/4250/3404 1971/1024/208 1985/1028/212
f 1970/4250/3404 1984/1032/216 1983/1031/215
f 1992/4257/3411 1989/4258/3412 1974/4251/3405 1993/1037/221
f 1978/4255/3409 1986/4259/3413 1977/4254/3408
f 1974/4251/3405 1987/4260/3414 1979/4256/3410
f 1986/4259/3413 1988/4261/3415 1977/4254/3408
f 1974/4251/3405 1989/4258/3412 1987/4260/3414
f 1988/4261/3415 1991/4262/3416 1977/4254/3408
f 1993/1037/221 1974/4251/3405 1975/1026/210 1994/4263/3417
f 1994/4263/3417 1975/1026/210 1980/1025/209 1995/4264/3418
f 1995/4264/3418 1980/1025/209 1981/1034/218 1996/1033/217
f 1984/1032/216 1985/1028/212 1998/4265/3419 1997/1035/219
f 1990/1029/213 1996/1033/217 1982/1030/214
f 1985/1028/212 1976/1027/211 1999/4266/3420 1998/4265/3419
f 1976/1027/211 1977/4254/3408 2000/1042/226 1999/4266/3420
f 1977/4254/3408 1991/4262/3416 2001/4267/3421 2000/1042/226
f 2006/1045/229 1995/4264/3418 1996/1033/217 2007/1046/230
f 1993/1037/221 2002/1039/223 1992/4257/3411
f 2001/4267/3421 2004/1043/227 2000/1042/226
f 1995/4264/3418 2006/1045/229 1994/4263/3417
f 1997/1035/219 1998/4265/3419 2009/1048/232 2008/1040/224
f 2003/1036/220 2007/1046/230 1996/1033/217
f 2005/1038/222 1993/1037/221 2012/4268/3422 2011/4269/3423
f 1999/4266/3420 2009/1048/232 1998/4265/3419
f 1993/1037/221 1994/4263/3417 2013/1050/234 2012/4268/3422
f 2014/1051/235 1999/4266/3420 2000/1042/226 2015/4270/3424
f 2006/1045/229 2013/1050/234 1994/4263/3417
f 1999/4266/3420 2014/1051/235 2009/1048/232
f 2015/4270/3424 2000/1042/226 2010/1041/225 2016/4271/3425
f 2007/1046/230 2003/1036/220 2019/1047/231 2018/1044/228
f 2012/4268/3422 2017/4272/3426 2011/4269/3423
f 2006/1045/229 2018/1044/228 2025/1061/245 2024/1049/233
f 2016/4271/3425 2020/4273/3427 2015/4270/3424
f 2012/4268/3422 2021/4274/3428 2017/4272/3426
f 2020/4273/3427 2022/4275/3429 2015/4270/3424
f 2012/4268/3422 2023/4276/3430 2021/4274/3428
f 2018/1044/228 2019/1047/231 2027/1055/239 2026/1054/238
f 2026/1054/238 2025/1061/245 2018/1044/228
f 2028/1056/240 2019/1047/231 2009/1048/232 2029/1052/236
f 2019/1047/231 2028/1056/240 2027/1055/239
f 2023/4276/3430 2012/4268/3422 2032/1057/241 2031/4277/3431
f 2022/4275/3429 2030/4278/3432 2015/4270/3424
f 2012/4268/3422 2013/1050/234 2033/1068/252 2032/1057/241
f 2034/1071/255 2014/1051/235 2015/4270/3424 2035/1064/248
f 2024/1049/233 2033/1068/252 2013/1050/234
f 2014/1051/235 2034/1071/255 2029/1052/236
f 2035/1064/248 2015/4270/3424 2030/4278/3432 2036/4279/3433
f 2041/1066/250 2024/1049/233 2025/1061/245 2042/1060/244
f 2032/1057/241 2037/1059/243 2031/4277/3431
f 2036/4279/3433 2039/1065/249 2035/1064/248
f 2024/1049/233 2041/1066/250 2033/1068/252
f 2028/1056/240 2029/1052/236 2044/1070/254 2043/1062/246
f 2038/1053/237 2042/1060/244 2026/1054/238
f 2046/1074/258 2040/1058/242 2032/1057/241 2047/1072/256
f 2034/1071/255 2044/1070/254 2029/1052/236
f 2047/1072/256 2032/1057/241 2033/1068/252 2048/1067/251
f 2034/1071/255 2035/1064/248 2050/1077/261 2049/1069/253
f 2035/1064/248 2045/1063/247 2051/1078/262 2050/1077/261
f 2042/1060/244 2038/1053/237 2054/1075/259 2053/4280/3434
f 2042/1060/244 2053/4280/3434 2041/1066/250
f 2041/1066/250 2053/4280/3434 2060/4281/3435 2059/1081/265
f 2044/1070/254 2054/1075/259 2043/1062/246
f 2047/1072/256 2058/4282/3436 2056/1079/263
f 2053/4280/3434 2054/1075/259 2061/4283/3437 2060/4281/3435
f 2061/4283/3437 2054/1075/259 2044/1070/254 2062/1082/266
f 2058/4282/3436 2047/1072/256 2065/4284/3438 2064/4285/3439
f 2057/1080/264 2063/4286/3440 2050/1077/261
f 2047/1072/256 2048/1067/251 2066/1084/268 2065/4284/3438
f 2067/1085/269 2049/1069/253 2050/1077/261 2068/4287/3441
f 2059/1081/265 2066/1084/268 2048/1067/251
f 2049/1069/253 2067/1085/269 2062/1082/266
f 2068/4287/3441 2050/1077/261 2063/4286/3440 2069/4288/3442
f 2059/1081/265 2060/4281/3435 2072/4289/3443 2071/1083/267
f 2065/4284/3438 2070/4290/3444 2064/4285/3439
f 2060/4281/3435 2061/4283/3437 2074/4291/3445 2073/4292/3446
f 2073/4292/3446 2072/4289/3443 2060/4281/3435
f 2075/4293/3447 2061/4283/3437 2062/1082/266 2076/1086/270
f 2061/4283/3437 2075/4293/3447 2074/4291/3445
f 2070/4290/3444 2065/4284/3438 2079/4294/3448 2078/4295/3449
f 2069/4288/3442 2077/4296/3450 2068/4287/3441
f 2065/4284/3438 2066/1084/268 2080/1088/272 2079/4294/3448
f 2081/1089/273 2067/1085/269 2068/4287/3441 2082/4297/3451
f 2071/1083/267 2080/1088/272 2066/1084/268
f 2067/1085/269 2081/1089/273 2076/1086/270
f 2082/4297/3451 2068/4287/3441 2077/4296/3450 2083/4298/3452
f 2071/1083/267 2072/4289/3443 2086/4299/3453 2085/1087/271
f 2079/4294/3448 2084/4300/3454 2078/4295/3449
f 2072/4289/3443 2073/4292/3446 2087/4301/3455 2086/4299/3453
f 2073/4292/3446 2074/4291/3445 2088/4302/3456 2087/4301/3455
f 2088/4302/3456 2074/4291/3445 2075/4293/3447 2089/4303/3457
f 2089/4303/3457 2075/4293/3447 2076/1086/270 2090/1090/274
f 2092/4304/3458 2079/4294/3448 2095/1091/275 2094/1093/277
f 2083/4298/3452 2091/4305/3459 2082/4297/3451
f 2079/4294/3448 2092/4304/3458 2084/4300/3454
f 2091/4305/3459 2093/4306/3460 2082/4297/3451
f 2079/4294/3448 2080/1088/272 2096/1101/285 2095/1091/275
f 2080/1088/272 2085/1087/271 2097/4307/3461 2096/1101/285
f 2085/1087/271 2086/4299/3453 2098/4308/3462 2097/4307/3461
f 2086/4299/3453 2087/4301/3455 2099/4309/3463 2098/4308/3462
f 2087/4301/3455 2088/4302/3456 2100/4310/3464 2099/4309/3463
f 2100/4310/3464 2088/4302/3456 2089/4303/3457 2101/4311/3465
f 2101/4311/3465 2089/4303/3457 2090/1090/274 2102/4312/3466
f 2102/4312/3466 2090/1090/274 2081/1089/273 2103/1104/288
f 2103/1104/288 2081/1089/273 2082/4297/3451 2104/1095/279
f 2104/1095/279 2082/4297/3451 2093/4306/3460 2105/1096/280
f 2109/1099/283 2097/4307/3461 2098/4308/3462 2110/1110/294
f 2097/4307/3461 2109/1099/283 2096/1101/285
f 2110/1110/294 2098/4308/3462 2099/4309/3463 2111/1108/292
f 2099/4309/3463 2100/4310/3464 2112/1112/296 2111/1108/292
f 2100/4310/3464 2101/4311/3465 2113/1113/297 2112/1112/296
f 2101/4311/3465 2102/4312/3466 2114/1103/287 2113/1113/297
f 2116/1107/291 2108/1097/281 2095/1091/275 2117/1105/289
f 2103/1104/288 2114/1103/287 2102/4312/3466
f 2117/1105/289 2095/1091/275 2096/1101/285 2118/1100/284
f 2103/1104/288 2104/1095/279 2120/1115/299 2119/1102/286
f 2104/1095/279 2115/1098/282 2121/1116/300 2120/1115/299
f 2123/4313/3467 2109/1099/283 2110/1110/294 2124/1109/293
f 2109/1099/283 2123/4313/3467 2118/1100/284
f 2111/1108/292 2112/1112/296 2125/1111/295 2124/1109/293
f 2113/1113/297 2114/1103/287 2126/4314/3468 2125/1111/295
f 2128/1117/301 2117/1105/289 2131/1119/303 2130/1121/305
f 2119/1102/286 2126/4314/3468 2114/1103/287
f 2117/1105/289 2118/1100/284 2132/4315/3469 2131/1119/303
f 2118/1100/284 2123/4313/3467 2133/4316/3470 2132/4315/3469
f 2123/4313/3467 2124/1109/293 2134/1127/311 2133/4316/3470
f 2124/1109/293 2125/1111/295 2136/1129/313 2135/1125/309
f 2135/1125/309 2134/1127/311 2124/1109/293
f 2137/4317/3471 2125/1111/295 2126/4314/3468 2138/4318/3472
f 2125/1111/295 2137/4317/3471 2136/1129/313
f 2138/4318/3472 2126/4314/3468 2119/1102/286 2139/4319/3473
f 2139/4319/3473 2119/1102/286 2120/1115/299 2140/1123/307
f 2140/1123/307 2120/1115/299 2129/1118/302 2141/1124/308
f 2144/4320/3474 2133/4316/3470 2134/1127/311 2145/1126/310
f 2133/4316/3470 2144/4320/3474 2132/4315/3469
f 2136/1129/313 2137/4317/3471 2147/1135/319 2146/1128/312
f 2137/4317/3471 2138/4318/3472 2148/4321/3475 2147/1135/319
f 2131/1119/303 2132/4315/3469 2153/1140/324 2152/1132/316
f 2139/4319/3473 2148/4321/3475 2138/4318/3472
f 2135/1125/309 2149/1134/318 2145/1126/310
f 2146/1128/312 2149/1134/318 2135/1125/309
f 2132/4315/3469 2144/4320/3474 2154/1141/325 2153/1140/324
f 2144/4320/3474 2145/1126/310 2155/1138/322 2154/1141/325
f 2156/1133/317 2147/1135/319 2148/4321/3475 2157/1145/329
f 2149/1134/318 2155/1138/322 2145/1126/310
f 2157/1145/329 2148/4321/3475 2139/4319/3473 2158/1143/327
f 2158/1143/327 2139/4319/3473 2140/1123/307 2159/1136/320
f 2154/1141/325 2155/1138/322 2164/1147/331 2163/1139/323
f 2152/1132/316 2160/4322/3476 2150/1130/314
f 2156/1133/317 2161/1137/321 2149/1134/318
f 2151/1131/315 2162/4323/3477 2159/1136/320
f 2166/4324/3478 2156/1133/317 2157/1145/329 2167/1144/328
f 2161/1137/321 2164/1147/331 2155/1138/322
f 2156/1133/317 2166/4324/3478 2165/1142/326
f 2153/1140/324 2163/1139/323 2173/4325/3479 2172/1148/332
f 2152/1132/316 2168/4326/3480 2160/4322/3476
f 2165/1142/326 2169/1146/330 2161/1137/321
f 2162/4323/3477 2170/4327/3481 2159/1136/320
f 2152/1132/316 2171/1156/340 2168/4326/3480
f 2163/1139/323 2164/1147/331 2174/1152/336 2173/4325/3479
f 2175/1149/333 2165/1142/326 2166/4324/3478 2176/1153/337
f 2169/1146/330 2174/1152/336 2164/1147/331
f 2176/1153/337 2166/4324/3478 2167/1144/328 2177/4328/3482
f 2177/4328/3482 2167/1144/328 2158/1143/327 2178/1150/334
f 2169/1146/330 2175/1149/333 2181/1154/338 2180/1151/335
f 2170/4327/3481 2179/1157/341 2159/1136/320
f 2186/4329/3483 2172/1148/332 2173/4325/3479 2187/4330/3484
f 2172/1148/332 2182/1155/339 2152/1132/316
f 2159/1136/320 2183/1158/342 2178/1150/334
f 2172/1148/332 2186/4329/3483 2182/1155/339
f 2187/4330/3484 2173/4325/3479 2174/1152/336 2188/1168/352
f 2188/1168/352 2174/1152/336 2180/1151/335 2189/1164/348
f 2176/1153/337 2177/4328/3482 2191/4331/3485 2190/1161/345
f 2181/1154/338 2189/1164/348 2180/1151/335
f 2177/4328/3482 2178/1150/334 2192/4332/3486 2191/4331/3485
f 2197/1171/355 2186/4329/3483 2187/4330/3484 2198/1177/361
f 2183/1158/342 2192/4332/3486 2178/1150/334
f 2190/1161/345 2194/1163/347 2181/1154/338
f 2186/4329/3483 2197/1171/355 2182/1155/339
f 2198/1177/361 2187/4330/3484 2188/1168/352 2199/1167/351
f 2190/1161/345 2191/4331/3485 2201/4333/3487 2200/1169/353
f 2194/1163/347 2199/1167/351 2189/1164/348
f 2191/4331/3485 2192/4332/3486 2202/1175/359 2201/4333/3487
f 2197/1171/355 2198/1177/361 2212/1185/369 2211/1178/362
f 2183/1158/342 2202/1175/359 2192/4332/3486
f 2182/1155/339 2204/1172/356 2196/1166/350
f 2200/1169/353 2205/1173/357 2194/1163/347
f 2203/1170/354 2206/1174/358 2183/1158/342
f 2205/1173/357 2208/1176/360 2199/1167/351
f 2204/1172/356 2207/4334/3488 2196/1166/350
f 2203/1170/354 2209/4335/3489 2206/1174/358
f 2204/1172/356 2210/4336/3490 2207/4334/3488
f 2198/1177/361 2208/1176/360 2213/4337/3491 2212/1185/369
f 2208/1176/360 2205/1173/357 2215/1182/366 2214/1181/365
f 2214/1181/365 2213/4337/3491 2208/1176/360
f 2215/1182/366 2205/1173/357 2200/1169/353 2216/1183/367
f 2216/1183/367 2200/1169/353 2201/4333/3487 2217/1187/371
f 2217/1187/371 2201/4333/3487 2202/1175/359 2218/1179/363
f 2212/1185/369 2213/4337/3491 2224/1189/373 2223/1184/368
f 2209/4335/3489 2219/4338/3492 2206/1174/358
f 2204/1172/356 2221/4339/3493 2210/4336/3490
f 2219/4338/3492 2222/4340/3494 2206/1174/358
f 2213/4337/3491 2214/1181/365 2225/1190/374 2224/1189/373
f 2226/1191/375 2216/1183/367 2217/1187/371 2227/1186/370
f 2220/1180/364 2225/1190/374 2214/1181/365
f 2216/1183/367 2226/1191/375 2220/1180/364
f 2221/4339/3493 2204/1172/356 2229/1193/377 2228/1195/379
f 2204/1172/356 2211/1178/362 2230/4341/3495 2229/1193/377
f 2211/1178/362 2223/1184/368 2231/4342/3496 2230/4341/3495
f 2223/1184/368 2224/1189/373 2232/1188/372 2231/4342/3496
f 2225/1190/374 2220/1180/364 2233/1192/376 2232/1188/372
f 2233/1192/376 2226/1191/375 2227/1186/370 2234/4343/3497
f 2234/4343/3497 2227/1186/370 2218/1179/363 2235/4344/3498
f 2235/4344/3498 2218/1179/363 2206/1174/358 2236/1197/381
f 2236/1197/381 2206/1174/358 2222/4340/3494 2237/1198/382
f 2232/1188/372 2233/1192/376 2240/4345/3499 2239/4346/3500
f 2232/1188/372 2239/4346/3500 2231/4342/3496
f 2243/4347/3501 2230/4341/3495 2231/4342/3496 2244/4348/3502
f 2234/4343/3497 2240/4345/3499 2233/1192/376
f 2230/4341/3495 2243/4347/3501 2229/1193/377
f 2244/4348/3502 2231/4342/3496 2239/4346/3500 2245/4349/3503
f 2239/4346/3500 2240/4345/3499 2246/4350/3504 2245/4349/3503
f 2240/4345/3499 2234/4343/3497 2247/4351/3505 2246/4350/3504
f 2234/4343/3497 2235/4344/3498 2248/4352/3506 2247/4351/3505
f 2245/4349/3503 2246/4350/3504 2252/4353/3507 2251/4354/3508
f 2236/1197/381 2248/4352/3506 2235/4344/3498
f 2245/4349/3503 2251/4354/3508 2244/4348/3502
f 2254/1205/389 2250/1201/385 2229/1193/377 2255/1203/387
f 2247/4351/3505 2252/4353/3507 2246/4350/3504
f 2255/1203/387 2229/1193/377 2243/4347/3501 2256/4355/3509
f 2256/4355/3509 2243/4347/3501 2244/4348/3502 2257/4356/3510
f 2257/4356/3510 2244/4348/3502 2251/4354/3508 2258/4357/3511
f 2251/4354/3508 2252/4353/3507 2259/4358/3512 2258/4357/3511
f 2252/4353/3507 2247/4351/3505 2260/4359/3513 2259/4358/3512
f 2247/4351/3505 2248/4352/3506 2261/4360/3514 2260/4359/3513
f 2248/4352/3506 2236/1197/381 2262/1207/391 2261/4360/3514
f 2236/1197/381 2253/1202/386 2263/1208/392 2262/1207/391
f 2258/4357/3511 2259/4358/3512 2266/4361/3515 2265/4362/3516
f 2258/4357/3511 2265/4362/3516 2257/4356/3510
f 2268/4363/3517 2264/1204/388 2255/1203/387 2269/4364/3518
f 2260/4359/3513 2266/4361/3515 2259/4358/3512
f 2269/4364/3518 2255/1203/387 2256/4355/3509 2270/4365/3519
f 2270/4365/3519 2256/4355/3509 2257/4356/3510 2271/1210/394
f 2271/1210/394 2257/4356/3510 2265/4362/3516 2272/1211/395
f 2265/4362/3516 2266/4361/3515 2273/1214/398 2272/1211/395
f 2266/4361/3515 2260/4359/3513 2274/1212/396 2273/1214/398
f 2260/4359/3513 2261/4360/3514 2275/4366/3520 2274/1212/396
f 2261/4360/3514 2262/1207/391 2276/4367/3521 2275/4366/3520
f 2262/1207/391 2267/1206/390 2277/4368/3522 2276/4367/3521
f 2272/1211/395 2273/1214/398 2280/1213/397 2279/1209/393
f 2269/4364/3518 2278/4369/3523 2268/4363/3517
f 2278/4369/3523 2269/4364/3518 2283/1222/406 2282/4370/3524
f 2277/4368/3522 2281/4371/3525 2276/4367/3521
f 2269/4364/3518 2270/4365/3519 2284/1223/407 2283/1222/406
f 2270/4365/3519 2271/1210/394 2285/1216/400 2284/1223/407
f 2271/1210/394 2279/1209/393 2286/1217/401 2285/1216/400
f 2279/1209/393 2280/1213/397 2287/1220/404 2286/1217/401
f 2287/1220/404 2280/1213/397 2274/1212/396 2288/1218/402
f 2288/1218/402 2274/1212/396 2275/4366/3520 2289/1226/410
f 2289/1226/410 2275/4366/3520 2276/4367/3521 2290/1224/408
f 2290/1224/408 2276/4367/3521 2281/4371/3525 2291/4372/3526
f 2286/1217/401 2287/1220/404 2294/1219/403 2293/1215/399
f 2283/1222/406 2292/4373/3527 2282/4370/3524
f 2284/1223/407 2285/1216/400 2298/4374/3528 2297/1221/405
f 2291/4372/3526 2295/4375/3529 2290/1224/408
f 2283/1222/406 2296/4376/3530 2292/4373/3527
f 2285/1216/400 2293/1215/399 2299/4377/3531 2298/4374/3528
f 2293/1215/399 2294/1219/403 2300/1229/413 2299/4377/3531
f 2300/1229/413 2294/1219/403 2288/1218/402 2301/1227/411
f 2301/1227/411 2288/1218/402 2289/1226/410 2302/1225/409
f 2299/4377/3531 2300/1229/413 2306/1228/412 2305/1231/415
f 2295/4375/3529 2303/4378/3532 2290/1224/408
f 2283/1222/406 2304/4379/3533 2296/4376/3530
f 2304/4379/3533 2283/1222/406 2309/1232/416 2308/1234/418
f 2303/4378/3532 2307/4380/3534 2290/1224/408
f 2283/1222/406 2297/1221/405 2310/4381/3535 2309/1232/416
f 2297/1221/405 2298/4374/3528 2311/4382/3536 2310/4381/3535
f 2298/4374/3528 2299/4377/3531 2312/1241/425 2311/4382/3536
f 2314/4383/3537 2306/1228/412 2301/1227/411 2315/4384/3538
f 2305/1231/415 2312/1241/425 2299/4377/3531
f 2306/1228/412 2314/4383/3537 2313/1230/414
f 2315/4384/3538 2301/1227/411 2302/1225/409 2316/4385/3539
f 2316/4385/3539 2302/1225/409 2290/1224/408 2317/1236/420
f 2317/1236/420 2290/1224/408 2307/4380/3534 2318/1237/421
f 2323/4386/3540 2310/4381/3535 2311/4382/3536 2324/4387/3541
f 2305/1231/415 2320/1239/423 2312/1241/425
f 2313/1230/414 2320/1239/423 2305/1231/415
f 2310/4381/3535 2323/4386/3540 2309/1232/416
f 2324/4387/3541 2311/4382/3536 2312/1241/425 2325/1240/424
f 2313/1230/414 2314/4383/3537 2327/4388/3542 2326/1242/426
f 2314/4383/3537 2315/4384/3538 2328/4389/3543 2327/4388/3542
f 2315/4384/3538 2316/4385/3539 2329/4390/3544 2328/4389/3543
f 2334/1251/435 2331/1244/428 2309/1232/416 2335/1249/433
f 2317/1236/420 2329/4390/3544 2316/4385/3539
f 2320/1239/423 2332/1246/430 2325/1240/424
f 2326/1242/426 2332/1246/430 2320/1239/423
f 2335/1249/433 2309/1232/416 2323/4386/3540 2336/4391/3545
f 2336/4391/3545 2323/4386/3540 2324/4387/3541 2337/4392/3546
f 2337/4392/3546 2324/4387/3541 2325/1240/424 2338/1247/431
f 2326/1242/426 2327/4388/3542 2340/1259/443 2339/1248/432
f 2327/4388/3542 2328/4389/3543 2341/4393/3547 2340/1259/443
f 2328/4389/3543 2329/4390/3544 2342/4394/3548 2341/4393/3547
f 2329/4390/3544 2317/1236/420 2343/1253/437 2342/4394/3548
f 2317/1236/420 2333/1245/429 2344/1254/438 2343/1253/437
f 2349/4395/3549 2336/4391/3545 2337/4392/3546 2350/4396/3550
f 2332/1246/430 2346/1256/440 2338/1247/431
f 2339/1248/432 2346/1256/440 2332/1246/430
f 2336/4391/3545 2349/4395/3549 2335/1249/433
f 2350/4396/3550 2337/4392/3546 2338/1247/431 2351/1257/441
f 2340/1259/443 2341/4393/3547 2353/4397/3551 2352/1258/442
f 2341/4393/3547 2342/4394/3548 2354/4398/3552 2353/4397/3551
f 2346/1256/440 2352/1258/442 2358/1268/452 2357/1265/449
f 2343/1253/437 2354/4398/3552 2342/4394/3548
f 2346/1256/440 2357/1265/449 2351/1257/441
f 2356/1261/445 2335/1249/433 2361/1270/454 2360/4399/3553
f 2335/1249/433 2349/4395/3549 2362/1271/455 2361/1270/454
f 2349/4395/3549 2350/4396/3550 2363/4400/3554 2362/1271/455
f 2350/4396/3550 2351/1257/441 2364/1264/448 2363/4400/3554
f 2365/1266/450 2352/1258/442 2353/4397/3551 2366/4401/3555
f 2357/1265/449 2364/1264/448 2351/1257/441
f 2352/1258/442 2365/1266/450 2358/1268/452
f 2366/4401/3555 2353/4397/3551 2354/4398/3552 2367/1274/458
f 2367/1274/458 2354/4398/3552 2343/1253/437 2368/1272/456
f 2368/1272/456 2343/1253/437 2359/1262/446 2369/4402/3556
f 2357/1265/449 2358/1268/452 2372/1267/451 2371/1263/447
f 2361/1270/454 2370/4403/3557 2360/4399/3553
f 2362/1271/455 2363/4400/3554 2376/4404/3558 2375/1269/453
f 2369/4402/3556 2373/4405/3559 2368/1272/456
f 2361/1270/454 2374/4406/3560 2370/4403/3557
f 2363/4400/3554 2364/1264/448 2377/1276/460 2376/4404/3558
f 2378/1277/461 2365/1266/450 2366/4401/3555 2379/4407/3561
f 2371/1263/447 2377/1276/460 2364/1264/448
f 2365/1266/450 2378/1277/461 2372/1267/451
f 2379/4407/3561 2366/4401/3555 2367/1274/458 2380/1273/457
f 2371/1263/447 2372/1267/451 2384/1278/462 2383/1275/459
f 2373/4405/3559 2381/4408/3562 2368/1272/456
f 2361/1270/454 2382/4409/3563 2374/4406/3560
f 2382/4409/3563 2361/1270/454 2387/1279/463 2386/1281/465
f 2381/4408/3562 2385/4410/3564 2368/1272/456
f 2361/1270/454 2375/1269/453 2388/4411/3565 2387/1279/463
f 2375/1269/453 2376/4404/3558 2389/4412/3566 2388/4411/3565
f 2376/4404/3558 2377/1276/460 2390/4413/3567 2389/4412/3566
f 2391/1289/473 2378/1277/461 2379/4407/3561 2392/4414/3568
f 2383/1275/459 2390/4413/3567 2377/1276/460
f 2378/1277/461 2391/1289/473 2384/1278/462
f 2392/4414/3568 2379/4407/3561 2380/1273/457 2393/4415/3569
f 2393/4415/3569 2380/1273/457 2368/1272/456 2394/1283/467
f 2394/1283/467 2368/1272/456 2385/4410/3564 2395/1284/468
f 2383/1275/459 2384/1278/462 2397/1288/472 2400/4416/3570
f 2383/1275/459 2400/4416/3570 2390/4413/3567
f 2402/4417/3571 2399/1285/469 2387/1279/463 2403/1291/475
f 2391/1289/473 2397/1288/472 2384/1278/462
f 2390/4413/3567 2400/4416/3570 2389/4412/3566
f 2403/1291/475 2387/1279/463 2388/4411/3565 2404/1292/476
f 2404/1292/476 2388/4411/3565 2389/4412/3566 2405/4418/3572
f 2405/4418/3572 2389/4412/3566 2400/4416/3570 2406/4419/3573
f 2400/4416/3570 2397/1288/472 2407/1287/471 2406/4419/3573
f 2391/1289/473 2392/4414/3568 2408/4420/3574 2407/1287/471
f 2392/4414/3568 2393/4415/3569 2409/1295/479 2408/4420/3574
f 2393/4415/3569 2394/1283/467 2410/1293/477 2409/1295/479
f 2394/1283/467 2401/1286/470 2411/4421/3575 2410/1293/477
f 2404/1292/476 2405/4418/3572 2416/4422/3576 2415/1290/474
f 2403/1291/475 2412/4423/3577 2402/4417/3571
f 2411/4421/3575 2413/4424/3578 2410/1293/477
f 2403/1291/475 2414/4425/3579 2412/4423/3577
f 2405/4418/3572 2406/4419/3573 2417/4426/3580 2416/4422/3576
f 2406/4419/3573 2407/1287/471 2418/4427/3581 2417/4426/3580
f 2418/4427/3581 2407/1287/471 2408/4420/3574 2419/4428/3582
f 2419/4428/3582 2408/4420/3574 2409/1295/479 2420/1294/478
f 2417/4426/3580 2418/4427/3581 2424/1301/485 2423/1298/482
f 2413/4424/3578 2421/4429/3583 2410/1293/477
f 2403/1291/475 2422/4430/3584 2414/4425/3579
f 2422/4430/3584 2403/1291/475 2427/4431/3585 2426/4432/3586
f 2421/4429/3583 2425/4433/3587 2410/1293/477
f 2403/1291/475 2415/1290/474 2428/1303/487 2427/4431/3585
f 2415/1290/474 2416/4422/3576 2429/1304/488 2428/1303/487
f 2416/4422/3576 2417/4426/3580 2430/1297/481 2429/1304/488
f 2431/1299/483 2418/4427/3581 2419/4428/3582 2432/1307/491
f 2423/1298/482 2430/1297/481 2417/4426/3580
f 2418/4427/3581 2431/1299/483 2424/1301/485
f 2432/1307/491 2419/4428/3582 2420/1294/478 2433/1305/489
f 2433/1305/489 2420/1294/478 2410/1293/477 2434/4434/3588
f 2434/4434/3588 2410/1293/477 2425/4433/3587 2435/4435/3589
f 2423/1298/482 2424/1301/485 2438/1300/484 2437/1296/480
f 2427/4431/3585 2436/4436/3590 2426/4432/3586
f 2429/1304/488 2430/1297/481 2442/1309/493 2441/1302/486
f 2435/4435/3589 2439/4437/3591 2434/4434/3588
f 2427/4431/3585 2440/4438/3592 2436/4436/3590
f 2443/1310/494 2431/1299/483 2432/1307/491 2444/1306/490
f 2437/1296/480 2442/1309/493 2430/1297/481
f 2431/1299/483 2443/1310/494 2438/1300/484
f 2437/1296/480 2438/1300/484 2448/1311/495 2447/1308/492
f 2439/4437/3591 2445/4439/3593 2434/4434/3588
f 2427/4431/3585 2446/4440/3594 2440/4438/3592
f 2450/1316/500 2446/4440/3594 2427/4431/3585 2451/1314/498
f 2445/4439/3593 2449/4441/3595 2434/4434/3588
f 2451/1314/498 2427/4431/3585 2428/1303/487 2452/4442/3596
f 2452/4442/3596 2428/1303/487 2441/1302/486 2453/4443/3597
f 2453/4443/3597 2441/1302/486 2442/1309/493 2454/1312/496
f 2443/1310/494 2444/1306/490 2456/4444/3598 2455/1313/497
f 2444/1306/490 2433/1305/489 2457/4445/3599 2456/4444/3598
f 2433/1305/489 2434/4434/3588 2458/1318/502 2457/4445/3599
f 2434/4434/3588 2449/4441/3595 2459/1319/503 2458/1318/502
f 2447/1308/492 2448/1311/495 2462/1324/508 2461/1321/505
f 2447/1308/492 2461/1321/505 2454/1312/496
f 2465/4446/3600 2452/4442/3596 2453/4443/3597 2466/4447/3601
f 2455/1313/497 2462/1324/508 2448/1311/495
f 2452/4442/3596 2465/4446/3600 2451/1314/498
f 2466/4447/3601 2453/4443/3597 2454/1312/496 2467/1322/506
f 2455/1313/497 2456/4444/3598 2469/4448/3602 2468/1323/507
f 2456/4444/3598 2457/4445/3599 2470/4449/3603 2469/4448/3602
f 2461/1321/505 2462/1324/508 2474/1331/515 2473/1328/512
f 2458/1318/502 2470/4449/3603 2457/4445/3599
f 2461/1321/505 2473/1328/512 2467/1322/506
f 2476/1334/518 2472/1326/510 2451/1314/498 2477/1332/516
f 2468/1323/507 2474/1331/515 2462/1324/508
f 2477/1332/516 2451/1314/498 2465/4446/3600 2478/4450/3604
f 2478/4450/3604 2465/4446/3600 2466/4447/3601 2479/4451/3605
f 2479/4451/3605 2466/4447/3601 2467/1322/506 2480/1329/513
f 2468/1323/507 2469/4448/3602 2482/4452/3606 2481/1330/514
f 2469/4448/3602 2470/4449/3603 2483/4453/3607 2482/4452/3606
f 2470/4449/3603 2458/1318/502 2484/1336/520 2483/4453/3607
f 2458/1318/502 2475/1327/511 2485/1337/521 2484/1336/520
f 2473/1328/512 2474/1331/515 2488/1342/526 2487/1339/523
f 2473/1328/512 2487/1339/523 2480/1329/513
f 2491/1348/532 2478/4450/3604 2479/4451/3605 2492/4454/3608
f 2481/1330/514 2488/1342/526 2474/1331/515
f 2478/4450/3604 2491/1348/532 2477/1332/516
f 2492/4454/3608 2479/4451/3605 2480/1329/513 2493/1340/524
f 2481/1330/514 2482/4452/3606 2494/4455/3609 2498/1341/525
f 2482/4452/3606 2483/4453/3607 2495/4456/3610 2494/4455/3609
f 2487/1339/523 2488/1342/526 2498/1341/525 2503/1351/535
f 2484/1336/520 2495/4456/3610 2483/4453/3607
f 2487/1339/523 2503/1351/535 2493/1340/524
f 2497/1344/528 2477/1332/516 2501/1347/531 2500/4457/3611
f 2492/4454/3608 2493/1340/524 2503/1351/535 2502/1350/534
f 2491/1348/532 2501/1347/531 2477/1332/516
f 2492/4454/3608 2502/1350/534 2491/1348/532
f 2503/1351/535 2498/1341/525 2505/1354/538 2504/4458/3612
f 2505/1354/538 2498/1341/525 2494/4455/3609 2506/1352/536
f 2494/4455/3609 2495/4456/3610 2507/4459/3613 2506/1352/536
f 2495/4456/3610 2484/1336/520 2508/4460/3614 2507/4459/3613
f 2484/1336/520 2499/1345/529 2509/4461/3615 2508/4460/3614
f 2504/4458/3612 2505/1354/538 2516/1355/539 2512/1349/533
f 2501/1347/531 2510/4462/3616 2500/4457/3611
f 2502/1350/534 2511/1346/530 2491/1348/532
f 2504/4458/3612 2512/1349/533 2503/1351/535
f 2509/4461/3615 2514/4463/3617 2508/4460/3614
f 2501/1347/531 2515/4464/3618 2510/4462/3616
f 2515/4464/3618 2501/1347/531 2519/1360/544 2518/4465/3619
f 2514/4463/3617 2517/4466/3620 2508/4460/3614
f 2501/1347/531 2511/1346/530 2520/1361/545 2519/1360/544
f 2511/1346/530 2502/1350/534 2521/4467/3621 2520/1361/545
f 2502/1350/534 2512/1349/533 2522/1363/547 2521/4467/3621
f 2524/1358/542 2513/1353/537 2506/1352/536 2525/4468/3622
f 2523/1357/541 2522/1363/547 2512/1349/533
f 2516/1355/539 2523/1357/541 2512/1349/533
f 2513/1353/537 2524/1358/542 2516/1355/539
f 2525/4468/3622 2506/1352/536 2507/4459/3613 2526/1366/550
f 2526/1366/550 2507/4459/3613 2508/4460/3614 2527/1364/548
f 2527/1364/548 2508/4460/3614 2517/4466/3620 2528/4469/3623
f 2520/1361/545 2521/4467/3621 2534/4470/3624 2533/1359/543
f 2519/1360/544 2529/4471/3625 2518/4465/3619
f 2528/4469/3623 2531/4472/3626 2527/1364/548
f 2519/1360/544 2532/1368/552 2529/4471/3625
f 2521/4467/3621 2522/1363/547 2535/1362/546 2534/4470/3624
f 2536/1376/560 2524/1358/542 2525/4468/3622 2537/4473/3627
f 2530/1356/540 2535/1362/546 2523/1357/541
f 2524/1358/542 2536/1376/560 2530/1356/540
f 2537/4473/3627 2525/4468/3622 2526/1366/550 2538/1365/549
f 2546/4474/3628 2543/1372/556 2519/1360/544 2547/1378/562
f 2531/4472/3626 2539/1371/555 2527/1364/548
f 2536/1376/560 2541/1369/553 2530/1356/540
f 2535/1362/546 2544/1375/559 2534/4470/3624
f 2541/1369/553 2544/1375/559 2535/1362/546
f 2547/1378/562 2519/1360/544 2533/1359/543 2548/1379/563
f 2548/1379/563 2533/1359/543 2534/4470/3624 2549/4475/3629
f 2549/4475/3629 2534/4470/3624 2544/1375/559 2550/4476/3630
f 2536/1376/560 2537/4473/3627 2552/4477/3631 2551/1374/558
f 2537/4473/3627 2538/1365/549 2553/1382/566 2552/4477/3631
f 2538/1365/549 2527/1364/548 2554/1380/564 2553/1382/566
f 2527/1364/548 2545/1373/557 2555/4478/3632 2554/1380/564
f 2548/1379/563 2549/4475/3629 2560/4479/3633 2559/1377/561
f 2547/1378/562 2556/4480/3634 2546/4474/3628
f 2551/1374/558 2550/4476/3630 2544/1375/559
f 2555/4478/3632 2557/4481/3635 2554/1380/564
f 2547/1378/562 2558/4482/3636 2556/4480/3634
f 2549/4475/3629 2550/4476/3630 2561/4483/3637 2560/4479/3633
f 2550/4476/3630 2551/1374/558 2562/4484/3638 2561/4483/3637
f 2562/4484/3638 2551/1374/558 2552/4477/3631 2563/4485/3639
f 2563/4485/3639 2552/4477/3631 2553/1382/566 2564/1381/565
f 2566/4486/3640 2547/1378/562 2569/4487/3641 2568/4488/3642
f 2557/4481/3635 2565/4489/3643 2554/1380/564
f 2547/1378/562 2566/4486/3640 2558/4482/3636
f 2565/4489/3643 2567/4490/3644 2554/1380/564
f 2547/1378/562 2559/1377/561 2570/1384/568 2569/4487/3641
f 2559/1377/561 2560/4479/3633 2571/1385/569 2570/1384/568
f 2560/4479/3633 2561/4483/3637 2572/4491/3645 2571/1385/569
f 2561/4483/3637 2562/4484/3638 2573/4492/3646 2572/4491/3645
f 2573/4492/3646 2562/4484/3638 2563/4485/3639 2574/1388/572
f 2574/1388/572 2563/4485/3639 2564/1381/565 2575/1386/570
f 2575/1386/570 2564/1381/565 2554/1380/564 2576/4493/3647
f 2576/4493/3647 2554/1380/564 2567/4490/3644 2577/4494/3648
f 2571/1385/569 2572/4491/3645 2582/4495/3649 2581/1383/567
f 2569/4487/3641 2578/4496/3650 2568/4488/3642
f 2577/4494/3648 2579/4497/3651 2576/4493/3647
f 2569/4487/3641 2580/4498/3652 2578/4496/3650
f 2572/4491/3645 2573/4492/3646 2583/4499/3653 2582/4495/3649
f 2583/4499/3653 2573/4492/3646 2574/1388/572 2584/1387/571
f 2586/4500/3654 2569/4487/3641 2589/4501/3655 2588/4502/3656
f 2579/4497/3651 2585/4503/3657 2576/4493/3647
f 2569/4487/3641 2586/4500/3654 2580/4498/3652
f 2585/4503/3657 2587/4504/3658 2576/4493/3647
f 2569/4487/3641 2570/1384/568 2590/4505/3659 2589/4501/3655
f 2570/1384/568 2581/1383/567 2591/4506/3660 2590/4505/3659
f 2581/1383/567 2582/4495/3649 2592/4507/3661 2591/4506/3660
f 2582/4495/3649 2583/4499/3653 2594/1391/575 2593/4508/3662
f 2593/4508/3662 2592/4507/3661 2582/4495/3649
f 2595/4509/3663 2583/4499/3653 2584/1387/571 2596/4510/3664
f 2583/4499/3653 2595/4509/3663 2594/1391/575
f 2596/4510/3664 2584/1387/571 2575/1386/570 2597/4511/3665
f 2597/4511/3665 2575/1386/570 2576/4493/3647 2598/4512/3666
f 2598/4512/3666 2576/4493/3647 2587/4504/3658 2599/4513/3667
f 2600/4514/3668 2589/4501/3655 2603/4515/3669 2602/4516/3670
f 2589/4501/3655 2600/4514/3668 2588/4502/3656
f 2599/4513/3667 2601/4517/3671 2598/4512/3666
f 2589/4501/3655 2590/4505/3659 2604/4518/3672 2603/4515/3669
f 2590/4505/3659 2591/4506/3660 2605/1394/578 2604/4518/3672
f 2591/4506/3660 2592/4507/3661 2606/1395/579 2605/1394/578
f 2592/4507/3661 2593/4508/3662 2607/1390/574 2606/1395/579
f 2608/1392/576 2595/4509/3663 2596/4510/3664 2609/1396/580
f 2594/1391/575 2607/1390/574 2593/4508/3662
f 2595/4509/3663 2608/1392/576 2594/1391/575
f 2609/1396/580 2596/4510/3664 2597/4511/3665 2610/4519/3673
f 2610/4519/3673 2597/4511/3665 2598/4512/3666 2611/4520/3674
f 2611/4520/3674 2598/4512/3666 2601/4517/3671 2612/4521/3675
f 2606/1395/579 2607/1390/574 2618/1399/583 2617/1393/577
f 2603/4515/3669 2614/4522/3676 2602/4516/3670
f 2612/4521/3675 2615/4523/3677 2611/4520/3674
f 2603/4515/3669 2616/4524/3678 2614/4522/3676
f 2622/4525/3679 2603/4515/3669 2625/4526/3680 2624/4527/3681
f 2613/1389/573 2618/1399/583 2607/1390/574
f 2608/1392/576 2619/1397/581 2613/1389/573
f 2615/4523/3677 2620/4528/3682 2611/4520/3674
f 2603/4515/3669 2622/4525/3679 2616/4524/3678
f 2620/4528/3682 2623/4529/3683 2611/4520/3674
f 2603/4515/3669 2604/4518/3672 2626/4530/3684 2625/4526/3680
f 2604/4518/3672 2605/1394/578 2627/4531/3685 2626/4530/3684
f 2605/1394/578 2617/1393/577 2628/4532/3686 2627/4531/3685
f 2617/1393/577 2618/1399/583 2629/1401/585 2628/4532/3686
f 2630/1402/586 2619/1397/581 2609/1396/580 2631/4533/3687
f 2621/1398/582 2629/1401/585 2618/1399/583
f 2619/1397/581 2630/1402/586 2621/1398/582
f 2631/4533/3687 2609/1396/580 2610/4519/3673 2632/4534/3688
f 2632/4534/3688 2610/4519/3673 2611/4520/3674 2633/4535/3689
f 2633/4535/3689 2611/4520/3674 2623/4529/3683 2634/4536/3690
f 2636/4537/3691 2625/4526/3680 1634/1406/12 2638/1408/588
f 2625/4526/3680 2636/4537/3691 2624/4527/3681
f 2634/4536/3690 2637/4538/3692 2633/4535/3689
f 2625/4526/3680 2626/4530/3684 2639/4539/3266 1634/1406/12
f 2626/4530/3684 2627/4531/3685 2640/4540/7 2639/4539/3266
f 2627/4531/3685 2628/4532/3686 2641/4541/5 2640/4540/7
f 2628/4532/3686 2629/1401/585 2642/1404/587 2641/4541/5
f 1636/1405/9 2630/1402/586 2631/4533/3687 2643/4542/10
f 2635/1400/584 2642/1404/587 2629/1401/585
f 2630/1402/586 1636/1405/9 2635/1400/584
f 2643/4542/10 2631/4533/3687 2632/4534/3688 2644/4543/3267
f 2644/4543/3267 2632/4534/3688 2633/4535/3689 1637/1410/18
f 1637/1410/18 2633/4535/3689 2637/4538/3692 2645/1411/589
f 3403/1414/592 3404/4544/1076 2648/1429/607 2647/1412/590
f 2642/1404/587 1635/4545/3 2641/4541/5
f 2646/1403/16 1635/4545/3 2642/1404/587
f 3406/1417/595 3407/1420/598 2650/1419/597 2649/1415/593
f 3412/1425/603 2648/1429/607 3404/4544/1076
f 2651/1430/608 3409/4546/1077 3410/1423/601 2652/1422/600
f 3409/4546/1077 2651/1430/608 3413/1426/604
f 2649/1415/593 2650/1419/597 2662/1433/611 2661/1432/610
f 2647/1412/590 2653/4547/3693 3414/1413/591
f 2649/1415/593 2654/1424/602 3405/1416/594
f 3408/1418/596 2655/1427/605 2650/1419/597
f 3415/1421/599 2656/4548/3694 2652/1422/600
f 2647/1412/590 2657/4549/3695 2653/4547/3693
f 2654/1424/602 2658/1428/606 3412/1425/603
f 3413/1426/604 2659/1431/609 2655/1427/605
f 2656/4548/3694 2660/4550/3696 2652/1422/600
f 2663/4551/3697 2647/1412/590 2666/1436/614 2665/4552/3698
f 2647/1412/590 2663/4551/3697 2657/4549/3695
f 2660/4550/3696 2664/4553/3699 2652/1422/600
f 2647/1412/590 2648/1429/607 2667/1450/628 2666/1436/614
f 2670/1453/631 2651/1430/608 2652/1422/600 2671/1442/620
f 2658/1428/606 2667/1450/628 2648/1429/607
f 2661/1432/610 2668/1434/612 2654/1424/602
f 2655/1427/605 2669/1435/613 2662/1433/611
f 2651/1430/608 2670/1453/631 2659/1431/609
f 2671/1442/620 2652/1422/600 2664/4553/3699 2672/4554/3700
f 2676/1451/629 2658/1428/606 2668/1434/612 2677/1439/617
f 2666/1436/614 2673/1438/616 2665/4552/3698
f 2672/4554/3700 2674/1443/621 2671/1442/620
f 2658/1428/606 2676/1451/629 2667/1450/628
f 2661/1432/610 2662/1433/611 2678/1440/618 2677/1439/617
f 2669/1435/613 2659/1431/609 2679/1444/622 2678/1440/618
f 2675/1437/615 2666/1436/614 2682/1449/627 2681/4555/3701
f 2670/1453/631 2679/1444/622 2659/1431/609
f 2702/1464/642 2688/1448/626 2693/1455/633 2703/1478/656
f 2667/1450/628 2682/1449/627 2666/1436/614
f 2678/1440/618 2683/1447/625 2677/1439/617
f 2680/1441/619 2685/4556/3702 2671/1442/620
f 2682/1449/627 2687/1459/637 2681/4555/3701
f 2685/4556/3702 2690/1461/639 2671/1442/620
f 2679/1444/622 2692/1468/646 2684/1445/623
f 2689/1452/630 2692/1468/646 2679/1444/622
f 2691/1454/632 2693/1455/633 2676/1451/629
f 2690/1461/639 2694/1456/634 2671/1442/620
f 2686/1446/624 2695/1457/635 2683/1447/625
f 2691/1454/632 2699/1473/651 2693/1455/633
f 2695/1457/635 2699/1473/651 2691/1454/632
f 2684/1445/623 2700/1466/644 2686/1446/624
f 2692/1468/646 2700/1466/644 2684/1445/623
f 2718/1485/663 2716/1479/657 2709/1472/650 2719/4557/3703
f 2699/1473/651 2703/1478/656 2693/1455/633
f 2682/1449/627 2704/1471/649 2698/1462/640
f 2702/1464/642 2708/1470/648 2682/1449/627
f 2705/1465/643 2709/1472/650 2695/1457/635
f 2706/1467/645 2710/1474/652 2692/1468/646
f 2694/1456/634 2711/1475/653 2706/1467/645
f 2708/1470/648 2713/1481/659 2704/1471/649
f 2699/1473/651 2714/1477/655 2703/1478/656
f 2707/1469/647 2715/1484/662 2711/1475/653
f 2699/1473/651 2716/1479/657 2714/1477/655
f 2716/1479/657 2718/1485/663 2714/1477/655
f 2709/1472/650 2705/1465/643 2720/1482/660 2719/4557/3703
f 2722/4558/3704 2717/1480/658 2708/1470/648 2723/1501/679
f 2710/1474/652 2720/1482/660 2712/1476/654
f 2723/1501/679 2708/1470/648 2702/1464/642 2724/1492/670
f 2724/1492/670 2702/1464/642 2714/1477/655 2725/1486/664
f 2719/4557/3703 2720/1482/660 2726/1489/667 2731/1487/665
f 2719/4557/3703 2731/1487/665 2718/1485/663
f 2720/1482/660 2710/1474/652 2727/1490/668 2726/1489/667
f 2710/1474/652 2706/1467/645 2728/1493/671 2727/1490/668
f 2706/1467/645 2711/1475/653 2729/1505/683 2728/1493/671
f 2711/1475/653 2721/1483/661 2730/4559/3705 2729/1505/683
f 2723/1501/679 2724/1492/670 2744/4560/3706 2743/1499/677
f 2723/1501/679 2733/4561/3707 2722/4558/3704
f 2731/1487/665 2734/1491/669 2725/1486/664
f 2732/1488/666 2735/1497/675 2731/1487/665
f 2727/1490/668 2736/1494/672 2732/1488/666
f 2730/4559/3705 2737/4562/3708 2729/1505/683
f 2735/1497/675 2738/1495/673 2731/1487/665
f 2732/1488/666 2740/1498/676 2739/1496/674
f 2723/1501/679 2741/1500/678 2733/4561/3707
f 2737/4562/3708 2742/1503/681 2729/1505/683
f 2724/1492/670 2734/1491/669 2745/1507/685 2744/4560/3706
f 2747/1509/687 2736/1494/672 2728/1493/671 2748/4563/3709
f 2738/1495/673 2745/1507/685 2734/1491/669
f 2739/1496/674 2746/1502/680 2735/1497/675
f 2736/1494/672 2747/1509/687 2740/1498/676
f 2748/4563/3709 2728/1493/671 2729/1505/683 2749/1504/682
f 2751/1508/686 2739/1496/674 2740/1498/676 2752/1510/688
f 2746/1502/680 2750/1506/684 2738/1495/673
f 2755/4564/3710 2744/4560/3706 2745/1507/685 2756/1511/689
f 2743/1499/677 2753/1517/695 2741/1500/678
f 2742/1503/681 2754/1519/697 2749/1504/682
f 2744/4560/3706 2755/4564/3710 2743/1499/677
f 2747/1509/687 2748/4563/3709 2759/4565/3711 2758/1512/690
f 2746/1502/680 2757/1513/691 2750/1506/684
f 2751/1508/686 2757/1513/691 2746/1502/680
f 2751/1508/686 2752/1510/688 2762/1523/701 2761/1515/693
f 2749/1504/682 2759/4565/3711 2748/4563/3709
f 2750/1506/684 2760/1514/692 2756/1511/689
f 2771/4566/3712 2765/1520/698 2743/1499/677 2772/4567/3713
f 2758/1512/690 2762/1523/701 2752/1510/688
f 2756/1511/689 2766/1521/699 2755/4564/3710
f 2757/1513/691 2769/1526/704 2760/1514/692
f 2761/1515/693 2769/1526/704 2757/1513/691
f 2759/4565/3711 2767/1522/700 2758/1512/690
f 2760/1514/692 2769/1526/704 2766/1521/699
f 2767/1522/700 2770/1525/703 2762/1523/701
f 2772/4567/3713 2743/1499/677 2755/4564/3710 2773/4568/3714
f 2773/4568/3714 2755/4564/3710 2766/1521/699 2774/1527/705
f 2767/1522/700 2759/4565/3711 2777/4569/3715 2776/1528/706
f 2770/1525/703 2775/1531/709 2769/1526/704
f 2759/4565/3711 2749/1504/682 2778/4570/3716 2777/4569/3715
f 2749/1504/682 2768/1524/702 2779/4571/3717 2778/4570/3716
f 2783/4572/3718 2772/4567/3713 2787/1543/721 2786/4573/3719
f 2775/1531/709 2780/1529/707 2769/1526/704
f 2770/1525/703 2782/1532/710 2781/1530/708
f 2772/4567/3713 2783/4572/3718 2771/4566/3712
f 2781/1530/708 2784/1533/711 2775/1531/709
f 2779/4571/3717 2785/4574/3720 2778/4570/3716
f 2772/4567/3713 2773/4568/3714 2788/1552/730 2787/1543/721
f 2773/4568/3714 2774/1527/705 2789/1538/716 2788/1552/730
f 2774/1527/705 2780/1529/707 2790/1536/714 2789/1538/716
f 2791/1534/712 2781/1530/708 2782/1532/710 2792/1542/720
f 2784/1533/711 2790/1536/714 2780/1529/707
f 2792/1542/720 2782/1532/710 2776/1528/706 2793/1540/718
f 2793/1540/718 2776/1528/706 2777/4569/3715 2794/1555/733
f 2794/1555/733 2777/4569/3715 2778/4570/3716 2795/1547/725
f 2795/1547/725 2778/4570/3716 2785/4574/3720 2796/4575/3721
f 2802/1539/717 2791/1534/712 2792/1542/720 2803/1541/719
f 2787/1543/721 2797/4576/3722 2786/4573/3719
f 2791/1534/712 2798/1535/713 2784/1533/711
f 2796/4575/3721 2799/4577/3723 2795/1547/725
f 2787/1543/721 2800/1545/723 2797/4576/3722
f 2798/1535/713 2801/1537/715 2790/1536/714
f 2788/1552/730 2789/1538/716 2812/1563/741 2811/1551/729
f 2799/4577/3723 2804/1548/726 2795/1547/725
f 2788/1552/730 2807/1549/727 2787/1543/721
f 2795/1547/725 2808/1550/728 2794/1555/733
f 2807/1549/727 2809/4578/3724 2805/1544/722
f 2806/1546/724 2810/4579/3725 2808/1550/728
f 2814/1565/743 2793/1540/718 2794/1555/733 2815/1554/732
f 2801/1537/715 2812/1563/741 2789/1538/716
f 2802/1539/717 2813/1553/731 2798/1535/713
f 2793/1540/718 2814/1565/743 2803/1541/719
f 2824/1564/742 2802/1539/717 2803/1541/719 2825/1566/744
f 2807/1549/727 2816/1557/735 2809/4578/3724
f 2810/4579/3725 2817/1559/737 2808/1550/728
f 2807/1549/727 2820/1560/738 2818/1556/734
f 2819/1558/736 2821/1561/739 2808/1550/728
f 2820/1560/738 2822/1568/746 2818/1556/734
f 2813/1553/731 2823/1562/740 2801/1537/715
f 2829/1573/751 2827/1567/745 2820/1560/738 2830/1571/749
f 2819/1558/736 2826/1570/748 2821/1561/739
f 2830/1571/749 2820/1560/738 2811/1551/729 2831/4580/3726
f 2831/4580/3726 2811/1551/729 2812/1563/741 2832/4581/3727
f 2832/4581/3727 2812/1563/741 2823/1562/740 2833/4582/3728
f 2833/4582/3728 2823/1562/740 2813/1553/731 2834/4583/3729
f 2813/1553/731 2824/1564/742 2835/4584/3730 2834/4583/3729
f 2824/1564/742 2825/1566/744 2836/4585/3731 2835/4584/3730
f 2825/1566/744 2814/1565/743 2837/4586/3732 2836/4585/3731
f 2814/1565/743 2815/1554/732 2838/4587/3733 2837/4586/3732
f 2815/1554/732 2821/1561/739 2839/1575/753 2838/4587/3733
f 2821/1561/739 2828/1569/747 2840/1576/754 2839/1575/753
f 2844/4588/3734 2833/4582/3728 2834/4583/3729 2845/4589/3735
f 2833/4582/3728 2844/4588/3734 2832/4581/3727
f 2834/4583/3729 2835/4584/3730 2846/4590/3736 2845/4589/3735
f 2835/4584/3730 2836/4585/3731 2847/4591/3737 2846/4590/3736
f 2851/4592/3738 2849/1579/757 2830/1571/749 2852/1582/760
f 2837/4586/3732 2847/4591/3737 2836/4585/3731
f 2852/1582/760 2830/1571/749 2831/4580/3726 2853/1583/761
f 2853/1583/761 2831/4580/3726 2832/4581/3727 2854/4593/3739
f 2854/4593/3739 2832/4581/3727 2844/4588/3734 2855/4594/3740
f 2855/4594/3740 2844/4588/3734 2845/4589/3735 2856/4595/3741
f 2845/4589/3735 2846/4590/3736 2857/4596/3742 2856/4595/3741
f 2846/4590/3736 2847/4591/3737 2858/1586/764 2857/4596/3742
f 2847/4591/3737 2837/4586/3732 2859/1584/762 2858/1586/764
f 2837/4586/3732 2838/4587/3733 2860/1589/767 2859/1584/762
f 2838/4587/3733 2839/1575/753 2861/1587/765 2860/1589/767
f 2839/1575/753 2850/1580/758 2862/4597/3743 2861/1587/765
f 2853/1583/761 2854/4593/3739 2867/1598/776 2866/1581/759
f 2852/1582/760 2863/4598/3744 2851/4592/3738
f 2862/4597/3743 2864/4599/3745 2861/1587/765
f 2852/1582/760 2865/1591/769 2863/4598/3744
f 2854/4593/3739 2855/4594/3740 2868/1599/777 2867/1598/776
f 2855/4594/3740 2856/4595/3741 2869/4600/3746 2868/1599/777
f 2856/4595/3741 2857/4596/3742 2870/4601/3747 2869/4600/3746
f 2870/4601/3747 2857/4596/3742 2858/1586/764 2871/1585/763
f 2874/1590/768 2852/1582/760 2878/1596/774 2877/4602/3748
f 2860/1589/767 2872/1588/766 2859/1584/762
f 2864/4599/3745 2873/1594/772 2861/1587/765
f 2872/1588/766 2875/1592/770 2859/1584/762
f 2879/1601/779 2861/1587/765 2876/1593/771 2880/4603/3749
f 2866/1581/759 2878/1596/774 2852/1582/760
f 2861/1587/765 2879/1601/779 2872/1588/766
f 2868/1599/777 2869/4600/3746 2883/1621/799 2882/1597/775
f 2867/1598/776 2881/1595/773 2866/1581/759
f 2869/4600/3746 2870/4601/3747 2884/1622/800 2883/1621/799
f 2884/1622/800 2870/4601/3747 2871/1585/763 2885/1600/778
f 2901/1618/796 2897/1611/789 2878/1596/774 2902/1615/793
f 2872/1588/766 2886/1602/780 2875/1592/770
f 2878/1596/774 2887/4604/3750 2877/4602/3748
f 2880/4603/3749 2888/4605/3751 2879/1601/779
f 2882/1597/775 2889/1603/781 2867/1598/776
f 2875/1592/770 2890/1604/782 2885/1600/778
f 2878/1596/774 2891/1606/784 2887/4604/3750
f 2888/4605/3751 2892/1608/786 2879/1601/779
f 2881/1595/773 2899/1613/791 2878/1596/774
f 2879/1601/779 2900/1614/792 2886/1602/780
f 2879/1601/779 2898/1612/790 2904/1625/803 2903/1616/794
f 2919/1634/812 2902/1615/793 2899/1613/791 2920/1644/822
f 2889/1603/781 2906/1619/797 2899/1613/791
f 2885/1600/778 2907/1620/798 2884/1622/800
f 2900/1614/792 2908/1623/801 2890/1604/782
f 2882/1597/775 2910/1626/804 2906/1619/797
f 2908/1623/801 2911/1627/805 2885/1600/778
f 2883/1621/799 2913/4606/3752 2910/1626/804
f 2907/1620/798 2913/4606/3752 2883/1621/799
f 2902/1615/793 2919/1634/812 2917/1632/810
f 2920/1644/822 2899/1613/791 2906/1619/797 2921/4607/3753
f 2921/4607/3753 2906/1619/797 2910/1626/804 2922/1640/818
f 2922/1640/818 2910/1626/804 2913/4606/3752 2923/1638/816
f 2913/4606/3752 2907/1620/798 2924/1642/820 2923/1638/816
f 2907/1620/798 2911/1627/805 2925/1643/821 2924/1642/820
f 2911/1627/805 2908/1623/801 2926/4608/3754 2925/1643/821
f 2908/1623/801 2900/1614/792 2927/1647/825 2926/4608/3754
f 2900/1614/792 2903/1616/794 2928/1637/815 2927/1647/825
f 2931/4609/3755 2921/4607/3753 2922/1640/818 2932/1639/817
f 2918/1633/811 2928/1637/815 2903/1616/794
f 2921/4607/3753 2931/4609/3755 2920/1644/822
f 2923/1638/816 2924/1642/820 2933/1641/819 2932/1639/817
f 2925/1643/821 2926/4608/3754 2934/4610/3756 2933/1641/819
f 2935/4611/3757 2929/1635/813 2919/1634/812 2936/1645/823
f 2927/1647/825 2934/4610/3756 2926/4608/3754
f 2928/1637/815 2930/1636/814 2938/4612/3758 2937/1646/824
f 2920/1644/822 2931/4609/3755 2940/4613/3759 2939/1648/826
f 2931/4609/3755 2932/1639/817 2941/4614/3760 2940/4613/3759
f 2932/1639/817 2933/1641/819 2943/4615/3761 2942/4616/3762
f 2942/4616/3762 2941/4614/3760 2932/1639/817
f 2944/4617/3763 2933/1641/819 2934/4610/3756 2945/4618/3764
f 2933/1641/819 2944/4617/3763 2943/4615/3761
f 2945/4618/3764 2934/4610/3756 2927/1647/825 2946/1649/827
f 2939/1648/826 2940/4613/3759 2952/4619/3765 2951/1650/828
f 2936/1645/823 2947/4620/3766 2935/4611/3757
f 2938/4612/3758 2948/4621/3767 2937/1646/824
f 2936/1645/823 2949/1653/831 2947/4620/3766
f 2948/4621/3767 2950/1655/833 2937/1646/824
f 2940/4613/3759 2941/4614/3760 2953/4622/3768 2952/4619/3765
f 2941/4614/3760 2942/4616/3762 2954/4623/3769 2953/4622/3768
f 2942/4616/3762 2943/4615/3761 2955/4624/3770 2954/4623/3769
f 2955/4624/3770 2943/4615/3761 2944/4617/3763 2956/4625/3771
f 2956/4625/3771 2944/4617/3763 2945/4618/3764 2957/4626/3772
f 2957/4626/3772 2945/4618/3764 2946/1649/827 2958/1651/829
f 2961/1656/834 2951/1650/828 2952/4619/3765 2962/4627/3773
f 2951/1650/828 2961/1656/834 2936/1645/823
f 2962/4627/3773 2952/4619/3765 2953/4622/3768 2963/1666/844
f 2963/1666/844 2953/4622/3768 2954/4623/3769 2964/1664/842
f 2954/4623/3769 2955/4624/3770 2965/1668/846 2964/1664/842
f 2955/4624/3770 2956/4625/3771 2966/1669/847 2965/1668/846
f 2956/4625/3771 2957/4626/3772 2967/4628/3774 2966/1669/847
f 2957/4626/3772 2958/1651/829 2968/1659/837 2967/4628/3774
f 2969/1661/839 2959/1652/830 2936/1645/823 2970/1657/835
f 2937/1646/824 2968/1659/837 2958/1651/829
f 2937/1646/824 2960/1654/832 2972/1663/841 2971/1658/836
f 2975/1674/852 2961/1656/834 2962/4627/3773 2976/4629/3775
f 2961/1656/834 2975/1674/852 2970/1657/835
f 2976/4629/3775 2962/4627/3773 2963/1666/844 2977/1665/843
f 2964/1664/842 2965/1668/846 2978/1667/845 2977/1665/843
f 2966/1669/847 2967/4628/3774 2979/4630/3776 2978/1667/845
f 2967/4628/3774 2968/1659/837 2980/1677/855 2979/4630/3776
f 2977/1665/843 2978/1667/845 2984/4631/3777 2983/4632/3778
f 2971/1658/836 2980/1677/855 2968/1659/837
f 2977/1665/843 2983/4632/3778 2976/4629/3775
f 2981/1670/848 2970/1657/835 2986/1673/851 2985/4633/3779
f 2979/4630/3776 2984/4631/3777 2978/1667/845
f 2987/1675/853 2971/1658/836 2982/1671/849 2988/4634/3780
f 2975/1674/852 2986/1673/851 2970/1657/835
f 2971/1658/836 2987/1675/853 2980/1677/855
f 2975/1674/852 2976/4629/3775 2990/4635/3781 2989/1672/850
f 2976/4629/3775 2983/4632/3778 2991/4636/3782 2990/4635/3781
f 2983/4632/3778 2984/4631/3777 2993/4637/3783 2992/4638/3784
f 2992/4638/3784 2991/4636/3782 2983/4632/3778
f 2994/4639/3785 2984/4631/3777 2979/4630/3776 2995/4640/3786
f 2984/4631/3777 2994/4639/3785 2993/4637/3783
f 2995/4640/3786 2979/4630/3776 2980/1677/855 2996/1676/854
f 2989/1672/850 2990/4635/3781 3004/1698/876 3003/1682/860
f 2986/1673/851 2997/4641/3787 2985/4633/3779
f 2988/4634/3780 2998/4642/3788 2987/1675/853
f 2986/1673/851 2999/1679/857 2997/4641/3787
f 2998/4642/3788 3000/1680/858 2987/1675/853
f 2989/1672/850 3001/1678/856 2986/1673/851
f 2987/1675/853 3002/1681/859 2996/1676/854
f 2990/4635/3781 2991/4636/3782 3005/1685/863 3004/1698/876
f 2991/4636/3782 2992/4638/3784 3006/1686/864 3005/1685/863
f 2992/4638/3784 2993/4637/3783 3007/1691/869 3006/1686/864
f 3007/1691/869 2993/4637/3783 2994/4639/3785 3008/4643/3789
f 3008/4643/3789 2994/4639/3785 2995/4640/3786 3009/1700/878
f 3009/1700/878 2995/4640/3786 2996/1676/854 3010/1683/861
f 3007/1691/869 3008/4643/3789 3017/1704/882 3016/1690/868
f 3001/1678/856 3011/1688/866 2999/1679/857
f 3007/1691/869 3012/1684/862 3006/1686/864
f 3000/1680/858 3013/1693/871 3002/1681/859
f 3005/1685/863 3015/1689/867 3004/1698/876
f 3004/1698/876 3015/1689/867 3023/1708/886 3022/1697/875
f 3009/1700/878 3017/1704/882 3008/4643/3789
f 3003/1682/860 3021/1696/874 3001/1678/856
f 3023/1708/886 3015/1689/867 3012/1684/862 3024/1706/884
f 3012/1684/862 3016/1690/868 3025/1710/888 3024/1706/884
f 3024/1706/884 3025/1710/888 3034/1709/887 3033/1707/885
f 3017/1704/882 3025/1710/888 3016/1690/868
f 3009/1700/878 3026/1699/877 3017/1704/882
f 3002/1681/859 3027/1701/879 3010/1683/861
f 3021/1696/874 3028/4644/3790 3019/1694/872
f 3022/1697/875 3029/1702/880 3003/1682/860
f 3017/1704/882 3030/1703/881 3025/1710/888
f 3010/1683/861 3031/1705/883 3026/1699/877
f 3020/1695/873 3032/4645/3791 3027/1701/879
f 3023/1708/886 3033/1707/885 3022/1697/875
f 3035/4646/3792 3028/4644/3790 3021/1696/874 3036/1711/889
f 3026/1699/877 3034/1709/887 3030/1703/881
f 3027/1701/879 3032/4645/3791 3038/4647/3793 3037/1712/890
f 3039/1720/898 3029/1702/880 3022/1697/875 3040/1714/892
f 3029/1702/880 3039/1720/898 3036/1711/889
f 3040/1714/892 3022/1697/875 3033/1707/885 3041/1715/893
f 3033/1707/885 3034/1709/887 3042/1718/896 3041/1715/893
f 3034/1709/887 3026/1699/877 3043/1716/894 3042/1718/896
f 3026/1699/877 3031/1705/883 3044/1722/900 3043/1716/894
f 3041/1715/893 3042/1718/896 3048/1717/895 3047/1713/891
f 3037/1712/890 3044/1722/900 3031/1705/883
f 3036/1711/889 3045/4648/3794 3035/4646/3792
f 3038/4647/3793 3046/4649/3795 3037/1712/890
f 3039/1720/898 3040/1714/892 3051/4650/3796 3050/1719/897
f 3036/1711/889 3049/4651/3797 3045/4648/3794
f 3040/1714/892 3047/1713/891 3052/4652/3798 3051/4650/3796
f 3047/1713/891 3048/1717/895 3054/4653/3799 3053/4654/3800
f 3053/4654/3800 3052/4652/3798 3047/1713/891
f 3055/4655/3801 3048/1717/895 3043/1716/894 3056/4656/3802
f 3048/1717/895 3055/4655/3801 3054/4653/3799
f 3056/4656/3802 3043/1716/894 3044/1722/900 3057/1721/899
f 3059/4657/3803 3036/1711/889 3062/1723/901 3061/1725/903
f 3046/4649/3795 3058/4658/3804 3037/1712/890
f 3036/1711/889 3059/4657/3803 3049/4651/3797
f 3058/4658/3804 3060/4659/3805 3037/1712/890
f 3036/1711/889 3050/1719/897 3063/4660/3806 3062/1723/901
f 3050/1719/897 3051/4650/3796 3064/4661/3807 3063/4660/3806
f 3051/4650/3796 3052/4652/3798 3065/4662/3808 3064/4661/3807
f 3052/4652/3798 3053/4654/3800 3066/4663/3809 3065/4662/3808
f 3053/4654/3800 3054/4653/3799 3067/4664/3810 3066/4663/3809
f 3067/4664/3810 3054/4653/3799 3055/4655/3801 3068/4665/3811
f 3068/4665/3811 3055/4655/3801 3056/4656/3802 3069/4666/3812
f 3069/4666/3812 3056/4656/3802 3057/1721/899 3070/4667/3813
f 3070/4667/3813 3057/1721/899 3037/1712/890 3071/1727/905
f 3071/1727/905 3037/1712/890 3060/4659/3805 3072/1728/906
f 3074/4668/3814 3063/4660/3806 3064/4661/3807 3075/4669/3815
f 3063/4660/3806 3074/4668/3814 3062/1723/901
f 3075/4669/3815 3064/4661/3807 3065/4662/3808 3076/4670/3816
f 3076/4670/3816 3065/4662/3808 3066/4663/3809 3077/1732/910
f 3066/4663/3809 3067/4664/3810 3078/1733/911 3077/1732/910
f 3067/4664/3810 3068/4665/3811 3079/1735/913 3078/1733/911
f 3068/4665/3811 3069/4666/3812 3080/4671/3817 3079/1735/913
f 3069/4666/3812 3070/4667/3813 3081/4672/3818 3080/4671/3817
f 3086/4673/3819 3083/1729/907 3062/1723/901 3087/1745/923
f 3071/1727/905 3081/4672/3818 3070/4667/3813
f 3079/1735/913 3085/1731/909 3078/1733/911
f 3087/1745/923 3062/1723/901 3074/4668/3814 3088/4674/3820
f 3088/4674/3820 3074/4668/3814 3075/4669/3815 3089/1739/917
f 3089/1739/917 3075/4669/3815 3076/4670/3816 3090/1740/918
f 3090/1740/918 3076/4670/3816 3077/1732/910 3091/1737/915
f 3079/1735/913 3080/4671/3817 3093/1741/919 3092/1734/912
f 3085/1731/909 3091/1737/915 3077/1732/910
f 3080/4671/3817 3081/4672/3818 3094/4675/3821 3093/1741/919
f 3081/4672/3818 3071/1727/905 3095/1748/926 3094/4675/3821
f 3071/1727/905 3084/1730/908 3096/4676/3822 3095/1748/926
f 3087/1745/923 3088/4674/3820 3103/1762/940 3102/1743/921
f 3087/1745/923 3098/1744/922 3086/4673/3819
f 3097/1736/914 3099/1738/916 3091/1737/915
f 3092/1734/912 3100/1742/920 3097/1736/914
f 3096/4676/3822 3101/1746/924 3095/1748/926
f 3088/4674/3820 3089/1739/917 3104/1750/928 3103/1762/940
f 3089/1739/917 3099/1738/916 3105/1751/929 3104/1750/928
f 3099/1738/916 3097/1736/914 3107/4677/3823 3106/4678/3824
f 3106/4678/3824 3105/1751/929 3099/1738/916
f 3107/4677/3823 3097/1736/914 3100/1742/920 3108/1754/932
f 3108/1754/932 3100/1742/920 3093/1741/919 3109/1752/930
f 3109/1752/930 3093/1741/919 3094/4675/3821 3110/1755/933
f 3110/1755/933 3094/4675/3821 3095/1748/926 3111/1747/925
f 3105/1751/929 3106/4678/3824 3116/1774/952 3115/1749/927
f 3102/1743/921 3112/4679/3825 3098/1744/922
f 3101/1746/924 3113/4680/3826 3111/1747/925
f 3102/1743/921 3114/4681/3827 3112/4679/3825
f 3106/4678/3824 3107/4677/3823 3117/1777/955 3116/1774/952
f 3117/1777/955 3107/4677/3823 3108/1754/932 3118/1753/931
f 3138/1780/958 3136/1769/947 3123/1757/935 3139/1773/951
f 3113/4680/3826 3119/4682/3828 3111/1747/925
f 3102/1743/921 3120/1758/936 3114/4681/3827
f 3109/1752/930 3121/1756/934 3118/1753/931
f 3119/4682/3828 3122/1759/937 3111/1747/925
f 3103/1762/940 3123/1757/935 3102/1743/921
f 3111/1747/925 3124/1760/938 3110/1755/933
f 3123/1757/935 3125/4683/3829 3120/1758/936
f 3122/1759/937 3126/4684/3830 3124/1760/938
f 3115/1749/927 3127/1761/939 3104/1750/928
f 3123/1757/935 3128/1766/944 3125/4683/3829
f 3126/4684/3830 3129/1768/946 3124/1760/938
f 3127/1761/939 3130/1763/941 3103/1762/940
f 3110/1755/933 3131/1764/942 3121/1756/934
f 3123/1757/935 3134/1770/948 3132/1765/943
f 3133/1767/945 3135/1772/950 3124/1760/938
f 3124/1760/938 3137/1771/949 3143/1784/962 3142/1778/956
f 3115/1749/927 3140/1775/953 3127/1761/939
f 3121/1756/934 3141/1776/954 3118/1753/931
f 3116/1774/952 3117/1777/955 3145/4685/3831 3144/4686/3832
f 3116/1774/952 3144/4686/3832 3140/1775/953
f 3147/4687/3833 3130/1763/941 3127/1761/939 3148/1781/959
f 3141/1776/954 3145/4685/3831 3117/1777/955
f 3130/1763/941 3147/4687/3833 3139/1773/951
f 3121/1756/934 3131/1764/942 3150/4688/3834 3149/1782/960
f 3144/4686/3832 3145/4685/3831 3154/1791/969 3153/1788/966
f 3142/1778/956 3150/4688/3834 3131/1764/942
f 3144/4686/3832 3153/1788/966 3140/1775/953
f 3156/1787/965 3139/1773/951 3161/1800/978 3160/4689/3835
f 3141/1776/954 3154/1791/969 3145/4685/3831
f 3140/1775/953 3157/1789/967 3148/1781/959
f 3149/1782/960 3158/1790/968 3141/1776/954
f 3139/1773/951 3147/4687/3833 3162/1794/972 3161/1800/978
f 3147/4687/3833 3148/1781/959 3163/1795/973 3162/1794/972
f 3148/1781/959 3157/1789/967 3164/4690/3836 3163/1795/973
f 3157/1789/967 3153/1788/966 3165/4691/3837 3164/4690/3836
f 3153/1788/966 3154/1791/969 3166/4692/3838 3165/4691/3837
f 3166/4692/3838 3154/1791/969 3158/1790/968 3167/4693/3839
f 3167/4693/3839 3158/1790/968 3149/1782/960 3168/1798/976
f 3168/1798/976 3149/1782/960 3150/4688/3834 3169/1796/974
f 3169/1796/974 3150/4688/3834 3142/1778/956 3170/1801/979
f 3170/1801/979 3142/1778/956 3159/1792/970 3171/4694/3840
f 3163/1795/973 3164/4690/3836 3176/4695/3841 3175/1793/971
f 3161/1800/978 3172/4696/3842 3160/4689/3835
f 3171/4694/3840 3173/4697/3843 3170/1801/979
f 3161/1800/978 3174/4698/3844 3172/4696/3842
f 3164/4690/3836 3165/4691/3837 3177/4699/3845 3176/4695/3841
f 3165/4691/3837 3166/4692/3838 3178/4700/3846 3177/4699/3845
f 3178/4700/3846 3166/4692/3838 3167/4693/3839 3179/4701/3847
f 3179/4701/3847 3167/4693/3839 3168/1798/976 3180/1797/975
f 3175/1793/971 3176/4695/3841 3189/1808/986 3188/1803/981
f 3173/4697/3843 3181/4702/3848 3170/1801/979
f 3161/1800/978 3182/4703/3849 3174/4698/3844
f 3181/4702/3848 3183/4704/3850 3170/1801/979
f 3161/1800/978 3184/4705/3851 3182/4703/3849
f 3175/1793/971 3185/1799/977 3162/1794/972
f 3169/1796/974 3186/1802/980 3180/1797/975
f 3183/4704/3850 3187/4706/3852 3170/1801/979
f 3176/4695/3841 3177/4699/3845 3190/4707/3853 3189/1808/986
f 3177/4699/3845 3178/4700/3846 3191/4708/3854 3190/4707/3853
f 3191/4708/3854 3178/4700/3846 3179/4701/3847 3192/1811/989
f 3192/1811/989 3179/4701/3847 3180/1797/975 3193/1804/982
f 3184/4705/3851 3161/1800/978 3195/1805/983 3194/4709/3855
f 3196/1813/991 3170/1801/979 3187/4706/3852 3197/4710/3856
f 3185/1799/977 3195/1805/983 3161/1800/978
f 3170/1801/979 3196/1813/991 3186/1802/980
f 3201/1815/993 3185/1799/977 3188/1803/981 3202/1809/987
f 3195/1805/983 3198/1807/985 3194/4709/3855
f 3197/4710/3856 3199/1814/992 3196/1813/991
f 3185/1799/977 3201/1815/993 3195/1805/983
f 3193/1804/982 3186/1802/980 3204/1818/996 3203/1810/988
f 3211/4711/3857 3189/1808/986 3190/4707/3853 3212/4712/3858
f 3196/1813/991 3204/1818/996 3186/1802/980
f 3195/1805/983 3206/1816/994 3200/1806/984
f 3205/1812/990 3207/1817/995 3196/1813/991
f 3189/1808/986 3211/4711/3857 3202/1809/987
f 3190/4707/3853 3191/4708/3854 3213/4713/3859 3212/4712/3858
f 3191/4708/3854 3192/1811/989 3214/4714/3860 3213/4713/3859
f 3219/1827/1005 3201/1815/993 3202/1809/987 3220/4715/3861
f 3203/1810/988 3214/4714/3860 3192/1811/989
f 3201/1815/993 3219/1827/1005 3206/1816/994
f 3220/4715/3861 3202/1809/987 3211/4711/3857 3221/4716/3862
f 3221/4716/3862 3211/4711/3857 3212/4712/3858 3222/4717/3863
f 3212/4712/3858 3213/4713/3859 3223/4718/3864 3222/4717/3863
f 3213/4713/3859 3214/4714/3860 3224/4719/3865 3223/4718/3864
f 3214/4714/3860 3203/1810/988 3225/4720/3866 3224/4719/3865
f 3203/1810/988 3204/1818/996 3226/1830/1008 3225/4720/3866
f 3235/4721/3867 3219/1827/1005 3220/4715/3861 3236/4722/3868
f 3207/1817/995 3226/1830/1008 3204/1818/996
f 3206/1816/994 3228/1828/1006 3218/1825/1003
f 3227/1826/1004 3229/1829/1007 3207/1817/995
f 3228/1828/1006 3230/1832/1010 3218/1825/1003
f 3227/1826/1004 3231/1834/1012 3229/1829/1007
f 3219/1827/1005 3235/4721/3867 3228/1828/1006
f 3236/4722/3868 3220/4715/3861 3221/4716/3862 3237/4723/3869
f 3237/4723/3869 3221/4716/3862 3222/4717/3863 3238/4724/3870
f 3222/4717/3863 3223/4718/3864 3239/4725/3871 3238/4724/3870
f 3223/4718/3864 3224/4719/3865 3240/4726/3872 3239/4725/3871
f 3224/4719/3865 3225/4720/3866 3241/4727/3873 3240/4726/3872
f 3225/4720/3866 3226/1830/1008 3242/4728/3874 3241/4727/3873
f 3244/1837/1015 3228/1828/1006 3247/4729/3875 3246/4730/3876
f 3229/1829/1007 3242/4728/3874 3226/1830/1008
f 3228/1828/1006 3235/4721/3867 3248/4731/3877 3247/4729/3875
f 3235/4721/3867 3236/4722/3868 3249/4732/3878 3248/4731/3877
f 3236/4722/3868 3237/4723/3869 3250/4733/3879 3249/4732/3878
f 3237/4723/3869 3238/4724/3870 3251/4734/3880 3250/4733/3879
f 3238/4724/3870 3239/4725/3871 3252/4735/3881 3251/4734/3880
f 3252/4735/3881 3239/4725/3871 3240/4726/3872 3253/4736/3882
f 3253/4736/3882 3240/4726/3872 3241/4727/3873 3254/4737/3883
f 3254/4737/3883 3241/4727/3873 3242/4728/3874 3255/4738/3884
f 3255/4738/3884 3242/4728/3874 3229/1829/1007 3256/4739/3885
f 3256/4739/3885 3229/1829/1007 3245/1838/1016 3257/4740/3886
f 3262/4741/3887 3247/4729/3875 3265/4742/3888 3264/4743/3889
f 3247/4729/3875 3258/4744/3890 3246/4730/3876
f 3257/4740/3886 3259/4745/3891 3256/4739/3885
f 3247/4729/3875 3260/4746/3892 3258/4744/3890
f 3259/4745/3891 3261/4747/3893 3256/4739/3885
f 3247/4729/3875 3262/4741/3887 3260/4746/3892
f 3261/4747/3893 3263/4748/3894 3256/4739/3885
f 3247/4729/3875 3248/4731/3877 3266/4749/3895 3265/4742/3888
f 3248/4731/3877 3249/4732/3878 3267/4750/3896 3266/4749/3895
f 3249/4732/3878 3250/4733/3879 3268/1840/1018 3267/4750/3896
f 3250/4733/3879 3251/4734/3880 3269/1841/1019 3268/1840/1018
f 3251/4734/3880 3252/4735/3881 3270/1844/1022 3269/1841/1019
f 3270/1844/1022 3252/4735/3881 3253/4736/3882 3271/1842/1020
f 3271/1842/1020 3253/4736/3882 3254/4737/3883 3272/4751/3897
f 3272/4751/3897 3254/4737/3883 3255/4738/3884 3273/4752/3898
f 3273/4752/3898 3255/4738/3884 3256/4739/3885 3274/4753/3899
f 3274/4753/3899 3256/4739/3885 3263/4748/3894 3275/4754/3900
f 3280/4755/3901 3265/4742/3888 3283/1846/1024 3282/4756/3902
f 3265/4742/3888 3276/4757/3903 3264/4743/3889
f 3275/4754/3900 3277/4758/3904 3274/4753/3899
f 3265/4742/3888 3278/4759/3905 3276/4757/3903
f 3277/4758/3904 3279/4760/3906 3274/4753/3899
f 3265/4742/3888 3280/4755/3901 3278/4759/3905
f 3279/4760/3906 3281/4761/3907 3274/4753/3899
f 3265/4742/3888 3266/4749/3895 3284/1847/1025 3283/1846/1024
f 3266/4749/3895 3267/4750/3896 3285/4762/3908 3284/1847/1025
f 3267/4750/3896 3268/1840/1018 3286/1839/1017 3285/4762/3908
f 3269/1841/1019 3270/1844/1022 3287/1843/1021 3286/1839/1017
f 3287/1843/1021 3271/1842/1020 3272/4751/3897 3288/4763/3909
f 3288/4763/3909 3272/4751/3897 3273/4752/3898 3289/1850/1028
f 3289/1850/1028 3273/4752/3898 3274/4753/3899 3290/1848/1026
f 3290/1848/1026 3274/4753/3899 3281/4761/3907 3291/4764/3910
f 3284/1847/1025 3285/4762/3908 3296/4765/3911 3295/1845/1023
f 3283/1846/1024 3292/4766/3912 3282/4756/3902
f 3291/4764/3910 3293/4767/3913 3290/1848/1026
f 3283/1846/1024 3294/4768/3914 3292/4766/3912
f 3285/4762/3908 3286/1839/1017 3297/4769/3915 3296/4765/3911
f 3286/1839/1017 3287/1843/1021 3299/4770/3916 3298/4771/3917
f 3298/4771/3917 3297/4769/3915 3286/1839/1017
f 3300/4772/3918 3287/1843/1021 3288/4763/3909 3301/4773/3919
f 3287/1843/1021 3300/4772/3918 3299/4770/3916
f 3301/4773/3919 3288/4763/3909 3289/1850/1028 3302/1849/1027
f 3308/1857/1035 3306/1851/1029 3283/1846/1024 3309/1855/1033
f 3293/4767/3913 3303/4774/3920 3290/1848/1026
f 3283/1846/1024 3304/1852/1030 3294/4768/3914
f 3303/4774/3920 3305/1854/1032 3290/1848/1026
f 3309/1855/1033 3283/1846/1024 3295/1845/1023 3310/4775/3921
f 3310/4775/3921 3295/1845/1023 3296/4765/3911 3311/4776/3922
f 3311/4776/3922 3296/4765/3911 3297/4769/3915 3312/4777/3923
f 3312/4777/3923 3297/4769/3915 3298/4771/3917 3313/4778/3924
f 3298/4771/3917 3299/4770/3916 3314/4779/3925 3313/4778/3924
f 3299/4770/3916 3300/4772/3918 3315/4780/3926 3314/4779/3925
f 3300/4772/3918 3301/4773/3919 3316/4781/3927 3315/4780/3926
f 3301/4773/3919 3302/1849/1027 3317/4782/3928 3316/4781/3927
f 3302/1849/1027 3290/1848/1026 3318/1859/1037 3317/4782/3928
f 3290/1848/1026 3307/1853/1031 3319/1860/1038 3318/1859/1037
f 3323/4783/3929 3311/4776/3922 3312/4777/3923 3324/4784/3930
f 3311/4776/3922 3323/4783/3929 3310/4775/3921
f 3324/4784/3930 3312/4777/3923 3313/4778/3924 3325/4785/3931
f 3313/4778/3924 3314/4779/3925 3326/4786/3932 3325/4785/3931
f 3314/4779/3925 3315/4780/3926 3327/4787/3933 3326/4786/3932
f 3315/4780/3926 3316/4781/3927 3328/4788/3934 3327/4787/3933
f 3332/1867/1045 3330/1863/1041 3309/1855/1033 3333/1865/1043
f 3317/4782/3928 3328/4788/3934 3316/4781/3927
f 3333/1865/1043 3309/1855/1033 3310/4775/3921 3334/4789/3935
f 3334/4789/3935 3310/4775/3921 3323/4783/3929 3335/4790/3936
f 3335/4790/3936 3323/4783/3929 3324/4784/3930 3336/4791/3937
f 3336/4791/3937 3324/4784/3930 3325/4785/3931 3337/4792/3938
f 3325/4785/3931 3326/4786/3932 3338/4793/3939 3337/4792/3938
f 3326/4786/3932 3327/4787/3933 3339/4794/3940 3338/4793/3939
f 3327/4787/3933 3328/4788/3934 3340/4795/3941 3339/4794/3940
f 3328/4788/3934 3317/4782/3928 3341/4796/3942 3340/4795/3941
f 3317/4782/3928 3318/1859/1037 3342/1869/1047 3341/4796/3942
f 3318/1859/1037 3331/1864/1042 3343/1870/1048 3342/1869/1047
f 3337/4792/3938 3338/4793/3939 3346/4797/3943 3345/4798/3944
f 3337/4792/3938 3345/4798/3944 3336/4791/3937
f 3348/4799/3945 3344/1866/1044 3333/1865/1043 3349/4800/3946
f 3339/4794/3940 3346/4797/3943 3338/4793/3939
f 3349/4800/3946 3333/1865/1043 3334/4789/3935 3350/1872/1050
f 3350/1872/1050 3334/4789/3935 3335/4790/3936 3351/1873/1051
f 3351/1873/1051 3335/4790/3936 3336/4791/3937 3352/4801/3947
f 3352/4801/3947 3336/4791/3937 3345/4798/3944 3353/1875/1053
f 3345/4798/3944 3346/4797/3943 3354/1876/1054 3353/1875/1053
f 3346/4797/3943 3339/4794/3940 3355/4802/3948 3354/1876/1054
f 3339/4794/3940 3340/4795/3941 3356/1879/1057 3355/4802/3948
f 3340/4795/3941 3341/4796/3942 3357/1877/1055 3356/1879/1057
f 3341/4796/3942 3342/1869/1047 3358/4803/3949 3357/1877/1055
f 3342/1869/1047 3347/1868/1046 3359/4804/3950 3358/4803/3949
f 3351/1873/1051 3352/4801/3947 3362/1881/1059 3361/1871/1049
f 3349/4800/3946 3360/4805/3951 3348/4799/3945
f 3363/1874/1052 3354/1876/1054 3355/4802/3948 3364/4806/3952
f 3353/1875/1053 3362/1881/1059 3352/4801/3947
f 3364/4806/3952 3355/4802/3948 3356/1879/1057 3365/1878/1056
f 3360/4805/3951 3349/4800/3946 3369/4807/3953 3368/4808/3954
f 3359/4804/3950 3366/4809/3955 3358/4803/3949
f 3363/1874/1052 3367/1880/1058 3353/1875/1053
f 3349/4800/3946 3350/1872/1050 3370/4810/3956 3369/4807/3953
f 3350/1872/1050 3361/1871/1049 3371/1884/1062 3370/4810/3956
f 3361/1871/1049 3362/1881/1059 3372/4811/3957 3371/1884/1062
f 3362/1881/1059 3367/1880/1058 3373/4812/3958 3372/4811/3957
f 3367/1880/1058 3363/1874/1052 3374/4813/3959 3373/4812/3958
f 3374/4813/3959 3363/1874/1052 3364/4806/3952 3375/4814/3960
f 3375/4814/3960 3364/4806/3952 3365/1878/1056 3376/1887/1065
f 3376/1887/1065 3365/1878/1056 3357/1877/1055 3377/4815/3961
f 3377/4815/3961 3357/1877/1055 3358/4803/3949 3378/4816/3962
f 3378/4816/3962 3358/4803/3949 3366/4809/3955 3379/4817/3963
f 3382/1882/1060 3372/4811/3957 3373/4812/3958 3383/4818/3964
f 3369/4807/3953 3380/4819/3965 3368/4808/3954
f 3379/4817/3963 3381/4820/3966 3378/4816/3962
f 3372/4811/3957 3382/1882/1060 3371/1884/1062
f 3373/4812/3958 3374/4813/3959 3384/4821/3967 3383/4818/3964
f 3374/4813/3959 3375/4814/3960 3385/1886/1064 3384/4821/3967
f 3386/1890/1068 3380/4819/3965 3369/4807/3953 3387/1888/1066
f 3376/1887/1065 3385/1886/1064 3375/4814/3960
f 3387/1888/1066 3369/4807/3953 3370/4810/3956 3388/4822/3968
f 3388/4822/3968 3370/4810/3956 3371/1884/1062 3389/1883/1061
f 3376/1887/1065 3377/4815/3961 3391/4823/3969 3390/1885/1063
f 3377/4815/3961 3378/4816/3962 3392/1896/1074 3391/4823/3969
f 3378/4816/3962 3381/4820/3966 3393/1897/1075 3392/1896/1074
f 3394/1891/1069 3382/1882/1060 3383/4818/3964 3395/4824/3970
f 3382/1882/1060 3394/1891/1069 3389/1883/1061
f 3383/4818/3964 3384/4821/3967 3396/4825/3971 3395/4824/3970
f 3384/4821/3967 3385/1886/1064 3397/1894/1072 3396/4825/3971
f 3398/1889/1067 3387/1888/1066 3403/4826/592 3402/4827/3972
f 3390/1885/1063 3397/1894/1072 3385/1886/1064
f 3389/1883/1061 3399/1892/1070 3388/4822/3968
f 3391/4823/3969 3400/1893/1071 3390/1885/1063
f 3387/1888/1066 3388/4822/3968 3404/1901/1076 3403/4826/592
f 3394/1891/1069 3395/4824/3970 3406/4828/595 3405/1898/594
f 3399/1892/1070 3404/1901/1076 3388/4822/3968
f 3395/4824/3970 3396/4825/3971 3407/4829/598 3406/4828/595
f 3407/4829/598 3396/4825/3971 3397/1894/1072 3408/1899/596
f 3409/1902/1077 3391/4823/3969 3392/1896/1074 3410/4830/601
f 3391/4823/3969 3409/1902/1077 3400/1893/1071
f 3410/4830/601 3392/1896/1074 3401/1895/1073 3411/4831/3973
f 3416/4832/3974 4626/1414/1869 3421/1910/1084 3420/1912/1086
f 3405/1898/594 3412/1900/603 3399/1892/1070
f 3400/1893/1071 3413/1903/604 3408/1899/596
f 3403/4826/592 3414/4833/591 3402/4827/3972
f 3411/4831/3973 3415/4834/599 3410/4830/601
f 4645/1906/1080 4652/4835/1883 3423/1919/1093 3422/1904/1078
f 4651/1905/1079 3421/1910/1084 4626/1414/1869
f 3424/1922/1096 4648/4836/1887 4649/1909/1083 3425/1908/1082
f 3417/4837/1885 3423/1919/1093 4652/4835/1883
f 4648/4836/1887 3424/1922/1096 3418/4838/1888
f 3426/1914/1088 4633/1423/1870 3419/4839/3975 3427/1915/1089
f 4633/1423/1870 3426/1914/1088 4653/1907/1081
f 3417/4837/1885 3418/4838/1888 3429/1921/1095 3428/1917/1091
f 3417/4837/1885 3428/1917/1091 3423/1919/1093
f 3433/1926/1100 4651/1905/1079 3422/1904/1078 3434/4840/3976
f 3424/1922/1096 3429/1921/1095 3418/4838/1888
f 4651/1905/1079 3433/1926/1100 3421/1910/1084
f 3434/4840/3976 3422/1904/1078 3423/1919/1093 3435/1918/1092
f 3424/1922/1096 3425/1908/1082 3437/4841/3977 3436/1920/1094
f 3425/1908/1082 4653/1907/1081 3438/1929/1103 3437/4841/3977
f 3428/1917/1091 3429/1921/1095 3441/1935/1109 3440/4842/3978
f 3426/1914/1088 3438/1929/1103 4653/1907/1081
f 3428/1917/1091 3440/4842/3978 3435/1918/1092
f 3444/1931/1105 3442/1924/1098 3421/1910/1084 3445/1927/1101
f 3436/1920/1094 3441/1935/1109 3429/1921/1095
f 3426/1914/1088 3443/1925/1099 3447/1933/1107 3446/1928/1102
f 3450/1942/1116 3433/1926/1100 3434/4840/3976 3451/1943/1117
f 3433/1926/1100 3450/1942/1116 3445/1927/1101
f 3451/1943/1117 3434/4840/3976 3435/1918/1092 3452/4843/3979
f 3452/4843/3979 3435/1918/1092 3440/4842/3978 3453/1937/1111
f 3440/4842/3978 3441/1935/1109 3454/1934/1108 3453/1937/1111
f 3436/1920/1094 3437/4841/3977 3455/1940/1114 3454/1934/1108
f 3437/4841/3977 3438/1929/1103 3456/1938/1112 3455/1940/1114
f 3459/4844/3980 3454/1934/1108 3455/1940/1114 3460/1939/1113
f 3446/1928/1102 3456/1938/1112 3438/1929/1103
f 3445/1927/1101 3457/4845/3981 3448/1930/1104
f 3454/1934/1108 3459/4844/3980 3458/1936/1110
f 3462/1941/1115 3451/1943/1117 3452/4843/3979 3463/1947/1121
f 3449/1932/1106 3461/4846/3982 3446/1928/1102
f 3470/1949/1123 3458/1936/1110 3459/4844/3980 3471/1953/1127
f 3453/1937/1111 3463/1947/1121 3452/4843/3979
f 3461/4846/3982 3464/1944/1118 3446/1928/1102
f 3445/1927/1101 3465/4847/3983 3457/4845/3981
f 3450/1942/1116 3466/1945/1119 3445/1927/1101
f 3458/1936/1110 3467/1946/1120 3453/1937/1111
f 3464/1944/1118 3468/1948/1122 3456/1938/1112
f 3461/4846/3982 3469/1951/1125 3464/1944/1118
f 3465/4847/3983 3445/1927/1101 3473/1954/1128 3472/1956/1130
f 3460/1939/1113 3471/1953/1127 3459/4844/3980
f 3478/1967/1141 3462/1941/1115 3463/1947/1121 3479/1958/1132
f 3466/1945/1119 3473/1954/1128 3445/1927/1101
f 3467/1946/1120 3476/1957/1131 3463/1947/1121
f 3470/1949/1123 3476/1957/1131 3467/1946/1120
f 3462/1941/1115 3478/1967/1141 3466/1945/1119
f 3496/1978/1152 3488/1966/1140 3493/1972/1146 3497/4848/3984
f 3464/1944/1118 3481/1960/1134 3468/1948/1122
f 3468/1948/1122 3482/1961/1135 3475/1952/1126
f 3473/1954/1128 3483/1965/1139 3477/1955/1129
f 3478/1967/1141 3485/1963/1137 3466/1945/1119
f 3471/1953/1127 3486/1971/1145 3470/1949/1123
f 3475/1952/1126 3486/1971/1145 3471/1953/1127
f 3485/1963/1137 3487/1964/1138 3473/1954/1128
f 3488/1966/1140 3489/1968/1142 3478/1967/1141
f 3486/1971/1145 3490/1969/1143 3470/1949/1123
f 3487/1964/1138 3492/1974/1148 3483/1965/1139
f 3490/1969/1143 3493/1972/1146 3476/1957/1131
f 3484/1962/1136 3494/1977/1151 3481/1960/1134
f 3488/1966/1140 3496/1978/1152 3489/1968/1142
f 3493/1972/1146 3490/1969/1143 3498/1975/1149 3497/4848/3984
f 3500/4849/3985 3495/1973/1147 3487/1964/1138 3501/1994/1164
f 3491/1970/1144 3498/1975/1149 3486/1971/1145
f 3501/1994/1164 3487/1964/1138 3485/1963/1137 3502/1985/1158
f 3502/1985/1158 3485/1963/1137 3489/1968/1142 3503/1979/1153
f 3497/4848/3984 3498/1975/1149 3504/1982/1155 3509/1980/665
f 3497/4848/3984 3509/1980/665 3496/1978/1152
f 3498/1975/1149 3491/1970/1144 3505/1983/1156 3504/1982/1155
f 3491/1970/1144 3482/1961/1135 3506/1986/1159 3505/1983/1156
f 3482/1961/1135 3481/1960/1134 3507/1998/1167 3506/1986/1159
f 3481/1960/1134 3499/1976/1150 3508/4850/3986 3507/1998/1167
f 3501/1994/1164 3502/1985/1158 3522/4851/3706 3521/1992/1163
f 3501/1994/1164 3511/4852/3987 3500/4849/3985
f 3509/1980/665 3512/1984/1157 3503/1979/1153
f 3510/1981/1154 3513/1990/675 3509/1980/665
f 3505/1983/1156 3514/1987/672 3510/1981/1154
f 3508/4850/3986 3515/4853/3988 3507/1998/1167
f 3513/1990/675 3516/1988/1160 3509/1980/665
f 3510/1981/1154 3518/1991/1162 3517/1989/1161
f 3501/1994/1164 3519/1993/678 3511/4852/3987
f 3515/4853/3988 3520/1996/1166 3507/1998/1167
f 3502/1985/1158 3512/1984/1157 3523/2000/1169 3522/4851/3706
f 3525/2002/1171 3514/1987/672 3506/1986/1159 3526/4854/3709
f 3516/1988/1160 3523/2000/1169 3512/1984/1157
f 3517/1989/1161 3524/1995/1165 3513/1990/675
f 3514/1987/672 3525/2002/1171 3518/1991/1162
f 3526/4854/3709 3506/1986/1159 3507/1998/1167 3527/1997/682
f 3529/2001/1170 3517/1989/1161 3518/1991/1162 3530/2003/688
f 3524/1995/1165 3528/1999/1168 3516/1988/1160
f 3533/4855/3989 3522/4851/3706 3523/2000/1169 3534/2004/689
f 3521/1992/1163 3531/2010/1175 3519/1993/678
f 3520/1996/1166 3532/2012/1176 3527/1997/682
f 3522/4851/3706 3533/4855/3989 3521/1992/1163
f 3525/2002/1171 3526/4854/3709 3537/4856/3990 3536/2005/1172
f 3524/1995/1165 3535/2006/691 3528/1999/1168
f 3529/2001/1170 3535/2006/691 3524/1995/1165
f 3529/2001/1170 3530/2003/688 3540/2016/701 3539/2008/693
f 3527/1997/682 3537/4856/3990 3526/4854/3709
f 3528/1999/1168 3538/2007/1173 3534/2004/689
f 3549/4857/3991 3543/2013/1177 3521/1992/1163 3550/4858/3992
f 3536/2005/1172 3540/2016/701 3530/2003/688
f 3534/2004/689 3544/2014/1178 3533/4855/3989
f 3535/2006/691 3547/2019/1182 3538/2007/1173
f 3539/2008/693 3547/2019/1182 3535/2006/691
f 3537/4856/3990 3545/2015/1179 3536/2005/1172
f 3538/2007/1173 3547/2019/1182 3544/2014/1178
f 3545/2015/1179 3548/2018/1181 3540/2016/701
f 3550/4858/3992 3521/1992/1163 3533/4855/3989 3551/4859/3993
f 3551/4859/3993 3533/4855/3989 3544/2014/1178 3552/2020/1183
f 3545/2015/1179 3537/4856/3990 3555/4860/3994 3554/2021/1184
f 3548/2018/1181 3553/2024/1187 3547/2019/1182
f 3537/4856/3990 3527/1997/682 3556/4861/3995 3555/4860/3994
f 3527/1997/682 3546/2017/1180 3557/4862/3996 3556/4861/3995
f 3561/4863/3997 3550/4858/3992 3565/2034/1197 3564/4864/3998
f 3553/2024/1187 3558/2022/1185 3547/2019/1182
f 3548/2018/1181 3560/2025/1188 3559/2023/1186
f 3550/4858/3992 3561/4863/3997 3549/4857/3991
f 3559/2023/1186 3562/2026/1189 3553/2024/1187
f 3557/4862/3996 3563/4865/3999 3556/4861/3995
f 3550/4858/3992 3551/4859/3993 3566/2035/1198 3565/2034/1197
f 3551/4859/3993 3552/2020/1183 3567/2029/1192 3566/2035/1198
f 3569/2031/1194 3554/2021/1184 3555/4860/3994 3570/2039/1202
f 3558/2022/1185 3567/2029/1192 3552/2020/1183
f 3559/2023/1186 3568/2027/1190 3562/2026/1189
f 3554/2021/1184 3569/2031/1194 3560/2025/1188
f 3570/2039/1202 3555/4860/3994 3556/4861/3995 3571/2037/1200
f 3571/2037/1200 3556/4861/3995 3563/4865/3999 3572/4866/4000
f 3575/2030/1193 3559/2023/1186 3560/2025/1188 3576/2032/1195
f 3565/2034/1197 3573/4867/4001 3564/4864/3998
f 3568/2027/1190 3574/2028/1191 3558/2022/1185
f 3566/2035/1198 3567/2029/1192 3580/2050/1213 3579/2033/1196
f 3572/4866/4000 3577/4868/4002 3571/2037/1200
f 3565/2034/1197 3578/2041/1204 3573/4867/4001
f 3582/2053/1216 3569/2031/1194 3570/2039/1202 3583/2038/1201
f 3574/2028/1191 3580/2050/1213 3567/2029/1192
f 3575/2030/1193 3581/2036/1199 3568/2027/1190
f 3569/2031/1194 3582/2053/1216 3576/2032/1195
f 3580/2050/1213 3574/2028/1191 3599/4869/4003 3598/2056/1219
f 3577/4868/4002 3584/2043/1206 3571/2037/1200
f 3571/2037/1200 3587/2044/1207 3583/2038/1201
f 3579/2033/1196 3588/2045/1208 3565/2034/1197
f 3588/2045/1208 3589/2047/1210 3585/2040/1203
f 3586/2042/1205 3590/2049/1212 3587/2044/1207
f 3579/2033/1196 3593/2051/1214 3588/2045/1208
f 3587/2044/1207 3594/2052/1215 3583/2038/1201
f 3588/2045/1208 3595/2054/1217 3591/2046/1209
f 3592/2048/1211 3596/2055/1218 3587/2044/1207
f 3595/2054/1217 3597/2059/1222 3591/2046/1209
f 3574/2028/1191 3581/2036/1199 3600/4870/4004 3599/4869/4003
f 3581/2036/1199 3575/2030/1193 3601/4871/4005 3600/4870/4004
f 3601/4871/4005 3575/2030/1193 3576/2032/1195 3602/4872/4006
f 3602/4872/4006 3576/2032/1195 3582/2053/1216 3603/2057/1220
f 3607/2064/1227 3605/2058/1221 3595/2054/1217 3608/2062/1225
f 3592/2048/1211 3604/2061/1224 3596/2055/1218
f 3608/2062/1225 3595/2054/1217 3593/2051/1214 3609/4873/4007
f 3609/4873/4007 3593/2051/1214 3598/2056/1219 3610/4874/4008
f 3610/4874/4008 3598/2056/1219 3599/4869/4003 3611/4875/4009
f 3611/4875/4009 3599/4869/4003 3600/4870/4004 3612/4876/4010
f 3600/4870/4004 3601/4871/4005 3613/4877/4011 3612/4876/4010
f 3601/4871/4005 3602/4872/4006 3614/4878/4012 3613/4877/4011
f 3602/4872/4006 3603/2057/1220 3615/4879/4013 3614/4878/4012
f 3603/2057/1220 3594/2052/1215 3616/4880/4014 3615/4879/4013
f 3594/2052/1215 3596/2055/1218 3617/2066/1229 3616/4880/4014
f 3596/2055/1218 3606/2060/1223 3618/2067/1230 3617/2066/1229
f 3622/4881/4015 3611/4875/4009 3612/4876/4010 3623/4882/4016
f 3611/4875/4009 3622/4881/4015 3610/4874/4008
f 3612/4876/4010 3613/4877/4011 3624/4883/4017 3623/4882/4016
f 3613/4877/4011 3614/4878/4012 3625/4884/4018 3624/4883/4017
f 3629/4885/4019 3627/2070/1233 3608/2062/1225 3630/2078/1241
f 3615/4879/4013 3625/4884/4018 3614/4878/4012
f 3630/2078/1241 3608/2062/1225 3609/4873/4007 3631/4886/4020
f 3631/4886/4020 3609/4873/4007 3610/4874/4008 3632/2073/1236
f 3632/2073/1236 3610/4874/4008 3622/4881/4015 3633/2074/1237
f 3633/2074/1237 3622/4881/4015 3623/4882/4016 3634/4887/4021
f 3623/4882/4016 3624/4883/4017 3635/2084/1245 3634/4887/4021
f 3624/4883/4017 3625/4884/4018 3636/4888/4022 3635/2084/1245
f 3625/4884/4018 3615/4879/4013 3637/2077/1240 3636/4888/4022
f 3615/4879/4013 3616/4880/4014 3638/2075/1238 3637/2077/1240
f 3616/4880/4014 3617/2066/1229 3639/2086/1247 3638/2075/1238
f 3617/2066/1229 3628/2071/1234 3640/4889/4023 3639/2086/1247
f 3633/2074/1237 3634/4887/4021 3645/2083/1244 3644/2072/1235
f 3630/2078/1241 3641/4890/3744 3629/4885/4019
f 3640/4889/4023 3642/4891/3745 3639/2086/1247
f 3630/2078/1241 3643/2080/769 3641/4890/3744
f 3646/2089/1249 3636/4888/4022 3637/2077/1240 3647/2076/1239
f 3635/2084/1245 3645/2083/1244 3634/4887/4021
f 3636/4888/4022 3646/2089/1249 3635/2084/1245
f 3649/2079/768 3630/2078/1241 3654/2099/1259 3653/4892/3748
f 3642/4891/3745 3648/2087/772 3639/2086/1247
f 3632/2073/1236 3650/2081/1242 3631/4886/4020
f 3646/2089/1249 3651/2082/1243 3635/2084/1245
f 3630/2078/1241 3631/4886/4020 3655/2094/1254 3654/2099/1259
f 3657/2090/1250 3638/2075/1238 3639/2086/1247 3658/2100/1260
f 3650/2081/1242 3655/2094/1254 3631/4886/4020
f 3646/2089/1249 3656/2088/1248 3651/2082/1243
f 3638/2075/1238 3657/2090/1250 3647/2076/1239
f 3658/2100/1260 3639/2086/1247 3652/2085/1246 3659/4893/4024
f 3644/2072/1235 3645/2083/1244 3662/2096/1256 3661/2092/1252
f 3647/2076/1239 3660/2091/1251 3656/2088/1248
f 3678/2113/1271 3676/2108/1267 3654/2099/1259 3679/2110/1269
f 3651/2082/1243 3662/2096/1256 3645/2083/1244
f 3654/2099/1259 3663/4894/4025 3653/4892/3748
f 3661/2092/1252 3664/2093/1253 3650/2081/1242
f 3659/4893/4024 3666/4895/3751 3658/2100/1260
f 3656/2088/1248 3667/2097/1257 3665/2095/1255
f 3654/2099/1259 3668/2103/1263 3663/4894/4025
f 3664/2093/1253 3669/2098/1258 3655/2094/1254
f 3657/2090/1250 3670/2101/1261 3660/2091/1251
f 3666/4895/3751 3671/2105/786 3658/2100/1260
f 3658/2100/1260 3677/2109/1268 3681/2118/1276 3680/2111/1270
f 3698/2129/1287 3679/2110/1269 3690/2122/1280 3699/4896/4026
f 3664/2093/1253 3683/2114/1272 3669/2098/1258
f 3667/2097/1257 3684/2115/1273 3665/2095/1255
f 3670/2101/1261 3685/2116/1274 3660/2091/1251
f 3661/2092/1252 3687/2119/1277 3683/2114/1272
f 3685/2116/1274 3688/2120/1278 3667/2097/1257
f 3669/2098/1258 3690/2122/1280 3679/2110/1269
f 3662/2096/1256 3691/4897/4027 3687/2119/1277
f 3684/2115/1273 3691/4897/4027 3662/2096/1256
f 3680/2111/1270 3692/2123/1281 3670/2101/1261
f 3679/2110/1269 3698/2129/1287 3696/2127/1285
f 3699/4896/4026 3690/2122/1280 3683/2114/1272 3700/4898/4028
f 3700/4898/4028 3683/2114/1272 3687/2119/1277 3701/2135/1293
f 3701/2135/1293 3687/2119/1277 3691/4897/4027 3702/2133/1291
f 3691/4897/4027 3684/2115/1273 3703/2137/1295 3702/2133/1291
f 3684/2115/1273 3688/2120/1278 3704/2138/1296 3703/2137/1295
f 3688/2120/1278 3685/2116/1274 3705/4899/4029 3704/2138/1296
f 3685/2116/1274 3692/2123/1281 3706/4900/4030 3705/4899/4029
f 3692/2123/1281 3680/2111/1270 3707/2132/1290 3706/4900/4030
f 3710/2141/1299 3700/4898/4028 3701/2135/1293 3711/2134/1292
f 3697/2128/1286 3707/2132/1290 3680/2111/1270
f 3700/4898/4028 3710/2141/1299 3699/4896/4026
f 3702/2133/1291 3703/2137/1295 3712/2136/1294 3711/2134/1292
f 3704/2138/1296 3705/4899/4029 3713/2144/1302 3712/2136/1294
f 3708/2130/1288 3698/2129/1287 3715/2148/1306 3714/4901/4031
f 3706/4900/4030 3713/2144/1302 3705/4899/4029
f 3698/2129/1287 3699/4896/4026 3716/2140/1298 3715/2148/1306
f 3717/2142/1300 3706/4900/4030 3707/2132/1290 3718/2149/1307
f 3710/2141/1299 3716/2140/1298 3699/4896/4026
f 3706/4900/4030 3717/2142/1300 3713/2144/1302
f 3718/2149/1307 3707/2132/1290 3709/2131/1289 3719/4902/4032
f 3710/2141/1299 3711/2134/1292 3721/4903/4033 3720/2139/1297
f 3711/2134/1292 3712/2136/1294 3723/4904/4034 3722/4905/4035
f 3722/4905/4035 3721/4903/4033 3711/2134/1292
f 3724/4906/4036 3712/2136/1294 3713/2144/1302 3725/2143/1301
f 3712/2136/1294 3724/4906/4036 3723/4904/4034
f 3720/2139/1297 3721/4903/4033 3731/4907/4037 3730/2145/1303
f 3715/2148/1306 3726/4908/4038 3714/4901/4031
f 3719/4902/4032 3727/4909/4039 3718/2149/1307
f 3715/2148/1306 3728/2152/1310 3726/4908/4038
f 3727/4909/4039 3729/2154/1312 3718/2149/1307
f 3721/4903/4033 3722/4905/4035 3732/4910/4040 3731/4907/4037
f 3722/4905/4035 3723/4904/4034 3733/4911/4041 3732/4910/4040
f 3733/4911/4041 3723/4904/4034 3724/4906/4036 3734/4912/4042
f 3734/4912/4042 3724/4906/4036 3725/2143/1301 3735/2146/1304
f 3740/2155/1313 3730/2145/1303 3731/4907/4037 3741/2165/1323
f 3730/2145/1303 3736/2147/1305 3716/2140/1298
f 3717/2142/1300 3737/2150/1308 3735/2146/1304
f 3730/2145/1303 3740/2155/1313 3736/2147/1305
f 3741/2165/1323 3731/4907/4037 3732/4910/4040 3742/2163/1321
f 3732/4910/4040 3733/4911/4041 3743/2167/1325 3742/2163/1321
f 3733/4911/4041 3734/4912/4042 3744/2168/1326 3743/2167/1325
f 3734/4912/4042 3735/2146/1304 3745/2158/1316 3744/2168/1326
f 3746/2159/1317 3715/2148/1306 3736/2147/1305 3747/2156/1314
f 3737/2150/1308 3745/2158/1316 3735/2146/1304
f 3715/2148/1306 3746/2159/1317 3738/2151/1309
f 3737/2150/1308 3718/2149/1307 3749/2162/1320 3748/2157/1315
f 3752/4913/4043 3740/2155/1313 3741/2165/1323 3753/2164/1322
f 3739/2153/1311 3749/2162/1320 3718/2149/1307
f 3740/2155/1313 3752/4913/4043 3747/2156/1314
f 3742/2163/1321 3743/2167/1325 3754/2166/1324 3753/2164/1322
f 3744/2168/1326 3745/2158/1316 3755/4914/4044 3754/2166/1324
f 3753/2164/1322 3754/2166/1324 3759/4915/4045 3758/4916/4046
f 3748/2157/1315 3755/4914/4044 3745/2158/1316
f 3753/2164/1322 3758/4916/4046 3752/4913/4043
f 3760/4917/4047 3756/2169/1327 3746/2159/1317 3761/2179/1337
f 3755/4914/4044 3759/4915/4045 3754/2166/1324
f 3761/2179/1337 3746/2159/1317 3747/2156/1314 3762/2189/1348
f 3762/2189/1348 3747/2156/1314 3752/4913/4043 3763/2172/1330
f 3763/2172/1330 3752/4913/4043 3758/4916/4046 3764/2173/1331
f 3758/4916/4046 3759/4915/4045 3765/2176/1334 3764/2173/1331
f 3759/4915/4045 3755/4914/4044 3766/2174/1332 3765/2176/1334
f 3755/4914/4044 3748/2157/1315 3767/2187/1346 3766/2174/1332
f 3748/2157/1315 3749/2162/1320 3768/2181/1340 3767/2187/1346
f 3749/2162/1320 3757/2170/1328 3769/4918/4048 3768/2181/1340
f 3764/2173/1331 3765/2176/1334 3773/4919/4049 3772/2185/1344
f 3761/2179/1337 3770/2178/1336 3760/4917/4047
f 3772/2185/1344 3771/2171/1329 3764/2173/1331
f 3772/2185/1344 3773/4919/4049 3781/4920/4050 3780/2184/1343
f 3765/2176/1334 3774/2175/1333 3773/4919/4049
f 3769/4918/4048 3775/2182/1341 3768/2181/1340
f 3762/2189/1348 3776/2177/1335 3761/2179/1337
f 3763/2172/1330 3779/2183/1342 3762/2189/1348
f 3781/4920/4050 3773/4919/4049 3774/2175/1333 3782/2198/1357
f 3774/2175/1333 3766/2174/1332 3783/2191/1350 3782/2198/1357
f 3780/2184/1343 3781/4920/4050 3792/2197/1356 3791/4921/4051
f 3767/2187/1346 3783/2191/1350 3766/2174/1332
f 3778/2180/1339 3784/2186/1345 3768/2181/1340
f 3762/2189/1348 3785/2188/1347 3776/2177/1335
f 3784/2186/1345 3786/2190/1349 3767/2187/1346
f 3771/2171/1329 3788/2193/1352 3779/2183/1342
f 3779/2183/1342 3790/2195/1354 3785/2188/1347
f 3780/2184/1343 3791/4921/4051 3788/2193/1352
f 3791/4921/4051 3792/2197/1356 3799/2216/1375 3798/2213/1372
f 3782/2198/1357 3792/2197/1356 3781/4920/4050
f 3783/2191/1350 3793/2196/1355 3782/2198/1357
f 3776/2177/1335 3797/2203/1362 3794/2199/1358
f 3791/4921/4051 3798/2213/1372 3788/2193/1352
f 3785/2188/1347 3790/2195/1354 3806/2208/1367 3805/2206/1365
f 3793/2196/1355 3799/2216/1375 3792/2197/1356
f 3796/2201/1360 3800/2204/1363 3784/2186/1345
f 3785/2188/1347 3801/2202/1361 3776/2177/1335
f 3788/2193/1352 3802/2207/1366 3790/2195/1354
f 3798/2213/1372 3802/2207/1366 3788/2193/1352
f 3784/2186/1345 3803/2205/1364 3786/2190/1349
f 3801/2202/1361 3804/2212/1371 3797/2203/1362
f 3798/2213/1372 3799/2216/1375 3812/2215/1374 3811/2214/1373
f 3786/2190/1349 3807/2209/1368 3795/2200/1359
f 3800/2204/1363 3808/2218/1377 3803/2205/1364
f 3795/2200/1359 3809/2210/1369 3793/2196/1355
f 3802/2207/1366 3811/2214/1373 3806/2208/1367
f 3805/2206/1365 3806/2208/1367 3816/4922/4052 3815/2219/1378
f 3809/2210/1369 3812/2215/1374 3793/2196/1355
f 3801/2202/1361 3814/4923/4053 3810/2211/1370
f 3806/2208/1367 3811/2214/1373 3817/2223/1382 3816/4922/4052
f 3811/2214/1373 3812/2215/1374 3819/2230/1389 3818/2228/1387
f 3818/2228/1387 3817/2223/1382 3811/2214/1373
f 3820/2226/1385 3812/2215/1374 3809/2210/1369 3821/4924/4054
f 3812/2215/1374 3820/2226/1385 3819/2230/1389
f 3821/4924/4054 3809/2210/1369 3807/2209/1368 3822/2220/1379
f 3824/4925/4055 3801/2202/1361 3827/2236/1395 3826/4926/4056
f 3813/2217/1376 3823/4927/4057 3803/2205/1364
f 3801/2202/1361 3824/4925/4055 3814/4923/4053
f 3823/4927/4057 3825/4928/4058 3803/2205/1364
f 3801/2202/1361 3815/2219/1378 3828/2234/1393 3827/2236/1395
f 3815/2219/1378 3816/4922/4052 3829/2222/1381 3828/2234/1393
f 3830/2224/1383 3821/4924/4054 3822/2220/1379 3831/2240/1399
f 3817/2223/1382 3829/2222/1381 3816/4922/4052
f 3821/4924/4054 3830/2224/1383 3820/2226/1385
f 3831/2240/1399 3822/2220/1379 3803/2205/1364 3832/2232/1391
f 3832/2232/1391 3803/2205/1364 3825/4928/4058 3833/4929/4059
f 3818/2228/1387 3819/2230/1389 3838/2229/1388 3837/2227/1386
f 3818/2228/1387 3834/2221/1380 3817/2223/1382
f 3820/2226/1385 3835/2225/1384 3819/2230/1389
f 3827/2236/1395 3836/4930/4060 3826/4926/4056
f 3842/4931/4061 3840/4932/4062 3827/2236/1395 3843/2235/1394
f 3833/4929/4059 3839/2233/1392 3832/2232/1391
f 3827/2236/1395 3840/4932/4062 3836/4930/4060
f 3844/2243/1402 3829/2222/1381 3834/2221/1380 3845/2237/1396
f 3829/2222/1381 3844/2243/1402 3828/2234/1393
f 3837/2227/1386 3838/2229/1388 3846/2238/1397 3845/2237/1396
f 3835/2225/1384 3830/2224/1383 3847/4933/4063 3846/2238/1397
f 3832/2232/1391 3841/2231/1390 3849/4934/4064 3848/2239/1398
f 3831/2240/1399 3847/4933/4063 3830/2224/1383
f 3845/2237/1396 3846/2238/1397 3854/2250/1409 3853/2247/1406
f 3843/2235/1394 3850/4935/4065 3842/4931/4061
f 3844/2243/1402 3851/2241/1400 3828/2234/1393
f 3853/2247/1406 3852/2242/1401 3845/2237/1396
f 3855/2248/1407 3846/2238/1397 3847/4933/4063 3856/4936/4066
f 3846/2238/1397 3855/2248/1407 3854/2250/1409
f 3856/4936/4066 3847/4933/4063 3831/2240/1399 3857/2244/1403
f 3853/2247/1406 3854/2250/1409 3861/2249/1408 3860/2246/1405
f 3849/4934/4064 3858/4937/4067 3848/2239/1398
f 3852/2242/1401 3859/2245/1404 3844/2243/1402
f 3865/2258/1417 3855/2248/1407 3856/4936/4066 3866/2264/1423
f 3843/2235/1394 3862/2255/1414 3850/4935/4065
f 3859/2245/1404 3863/2251/1410 3851/2241/1400
f 3860/2246/1405 3864/2252/1411 3852/2242/1401
f 3855/2248/1407 3865/2258/1417 3861/2249/1408
f 3866/2264/1423 3856/4936/4066 3857/2244/1403 3867/2253/1412
f 3860/2246/1405 3861/2249/1408 3872/2259/1418 3871/2257/1416
f 3858/4937/4067 3868/2260/1419 3848/2239/1398
f 3863/2251/1410 3869/2254/1413 3843/2235/1394
f 3864/2252/1411 3870/2256/1415 3859/2245/1404
f 3876/2269/1428 3865/2258/1417 3866/2264/1423 3877/2263/1422
f 3848/2239/1398 3873/2261/1420 3867/2253/1412
f 3869/2254/1413 3874/4938/4068 3862/2255/1414
f 3871/2257/1416 3875/2262/1421 3864/2252/1411
f 3865/2258/1417 3876/2269/1428 3872/2259/1418
f 3883/2275/1434 3874/4938/4068 3869/2254/1413 3884/2270/1429
f 3868/2260/1419 3878/4939/4069 3873/2261/1420
f 3871/2257/1416 3881/2267/1426 3875/2262/1421
f 3876/2269/1428 3882/2268/1427 3872/2259/1418
f 3871/2257/1416 3872/2259/1418 3887/4940/4070 3886/2276/1435
f 3870/2256/1415 3885/2271/1430 3879/2265/1424
f 3871/2257/1416 3886/2276/1435 3881/2267/1426
f 3873/2261/1420 3878/4939/4069 3890/2279/1438 3889/2273/1432
f 3882/2268/1427 3887/4940/4070 3872/2259/1418
f 3880/2266/1425 3888/2272/1431 3877/2263/1422
f 3892/4941/4071 3879/2265/1424 3885/2271/1430 3893/4942/4072
f 3879/2265/1424 3892/4941/4071 3884/2270/1429
f 3893/4942/4072 3885/2271/1430 3881/2267/1426 3894/2277/1436
f 3886/2276/1435 3887/4940/4070 3895/2283/1442 3894/2277/1436
f 3887/4940/4070 3882/2268/1427 3896/2284/1443 3895/2283/1442
f 3882/2268/1427 3888/2272/1431 3897/4943/4073 3896/2284/1443
f 3888/2272/1431 3880/2266/1425 3898/4944/4074 3897/4943/4073
f 3901/4945/4075 3884/2270/1429 3892/4941/4071 3902/4946/4076
f 3889/2273/1432 3898/4944/4074 3880/2266/1425
f 3895/2283/1442 3900/2280/1439 3894/2277/1436
f 3884/2270/1429 3901/4945/4075 3891/2274/1433
f 3902/4946/4076 3892/4941/4071 3893/4942/4072 3903/4947/4077
f 3903/4947/4077 3893/4942/4072 3894/2277/1436 3904/2281/1440
f 3896/2284/1443 3897/4943/4073 3906/4948/4078 3905/2282/1441
f 3897/4943/4073 3898/4944/4074 3907/4949/4079 3906/4948/4078
f 3898/4944/4074 3889/2273/1432 3908/4950/4080 3907/4949/4079
f 3909/4951/4081 3901/4945/4075 3914/2288/1447 3913/4952/4082
f 3899/2278/1437 3908/4950/4080 3889/2273/1432
f 3901/4945/4075 3909/4951/4081 3891/2274/1433
f 3899/2278/1437 3911/4953/4083 3908/4950/4080
f 3910/2285/1444 3912/2286/1445 3900/2280/1439
f 3901/4945/4075 3902/4946/4076 3915/2289/1448 3914/2288/1447
f 3902/4946/4076 3903/4947/4077 3916/4954/4084 3915/2289/1448
f 3903/4947/4077 3904/2281/1440 3917/4955/4085 3916/4954/4084
f 3904/2281/1440 3912/2286/1445 3918/4956/4086 3917/4955/4085
f 3912/2286/1445 3910/2285/1444 3919/4957/4087 3918/4956/4086
f 3919/4957/4087 3910/2285/1444 3905/2282/1441 3920/4958/4088
f 3920/4958/4088 3905/2282/1441 3906/4948/4078 3921/4959/4089
f 3921/4959/4089 3906/4948/4078 3907/4949/4079 3922/2292/1451
f 3922/2292/1451 3907/4949/4079 3908/4950/4080 3923/2290/1449
f 3923/2290/1449 3908/4950/4080 3911/4953/4083 3924/4960/4090
f 3915/2289/1448 3916/4954/4084 3929/4961/4091 3928/2287/1446
f 3914/2288/1447 3925/4962/4092 3913/4952/4082
f 3924/4960/4090 3926/4963/4093 3923/2290/1449
f 3914/2288/1447 3927/4964/4094 3925/4962/4092
f 3916/4954/4084 3917/4955/4085 3930/4965/4095 3929/4961/4091
f 3917/4955/4085 3918/4956/4086 3931/4966/4096 3930/4965/4095
f 3918/4956/4086 3919/4957/4087 3932/4967/4097 3931/4966/4096
f 3932/4967/4097 3919/4957/4087 3920/4958/4088 3933/4968/4098
f 3933/4968/4098 3920/4958/4088 3921/4959/4089 3934/4969/4099
f 3934/4969/4099 3921/4959/4089 3922/2292/1451 3935/2291/1450
f 3937/4970/4100 3914/2288/1447 3940/2299/1458 3939/4971/4101
f 3926/4963/4093 3936/4972/4102 3923/2290/1449
f 3914/2288/1447 3937/4970/4100 3927/4964/4094
f 3936/4972/4102 3938/4973/4103 3923/2290/1449
f 3914/2288/1447 3928/2287/1446 3941/2294/1453 3940/2299/1458
f 3928/2287/1446 3929/4961/4091 3942/2295/1454 3941/2294/1453
f 3929/4961/4091 3930/4965/4095 3943/4974/4104 3942/2295/1454
f 3930/4965/4095 3931/4966/4096 3944/4975/4105 3943/4974/4104
f 3931/4966/4096 3932/4967/4097 3945/2304/1463 3944/4975/4105
f 3945/2304/1463 3932/4967/4097 3933/4968/4098 3946/4976/4106
f 3946/4976/4106 3933/4968/4098 3934/4969/4099 3947/4977/4107
f 3947/4977/4107 3934/4969/4099 3935/2291/1450 3948/2298/1457
f 3948/2298/1457 3935/2291/1450 3923/2290/1449 3949/2296/1455
f 3949/2296/1455 3923/2290/1449 3938/4973/4103 3950/4978/4108
f 3942/2295/1454 3943/4974/4104 3956/4979/4109 3955/2293/1452
f 3940/2299/1458 3951/4980/4110 3939/4971/4101
f 3950/4978/4108 3952/4981/4111 3949/2296/1455
f 3944/4975/4105 3953/2303/1462 3943/4974/4104
f 3945/2304/1463 3953/2303/1462 3944/4975/4105
f 3940/2299/1458 3954/2301/1460 3951/4980/4110
f 3957/2313/1472 3946/4976/4106 3947/4977/4107 3958/4982/4112
f 3953/2303/1462 3956/4979/4109 3943/4974/4104
f 3946/4976/4106 3957/2313/1472 3945/2304/1463
f 3958/4982/4112 3947/4977/4107 3948/2298/1457 3959/2297/1456
f 3964/2311/1470 3961/2300/1459 3940/2299/1458 3965/2309/1468
f 3952/4981/4111 3960/2306/1465 3949/2296/1455
f 3957/2313/1472 3962/2302/1461 3945/2304/1463
f 3965/2309/1468 3940/2299/1458 3941/2294/1453 3966/2307/1466
f 3949/2296/1455 3963/2305/1464 3968/2315/1474 3967/2308/1467
f 3970/2320/1479 3955/2293/1452 3956/4979/4109 3971/2325/1484
f 3955/2293/1452 3970/2320/1479 3966/2307/1466
f 3971/2325/1484 3956/4979/4109 3953/2303/1462 3972/4983/4113
f 3957/2313/1472 3958/4982/4112 3974/4984/4114 3973/2312/1471
f 3962/2302/1461 3972/4983/4113 3953/2303/1462
f 3958/4982/4112 3959/2297/1456 3975/4985/4115 3974/4984/4114
f 3972/4983/4113 3962/2302/1461 3981/2327/1486 3980/2323/1482
f 3967/2308/1467 3975/4985/4115 3959/2297/1456
f 3972/4983/4113 3980/2323/1482 3971/2325/1484
f 3984/2329/1488 3979/2318/1477 3965/2309/1468 3985/2322/1481
f 3973/2312/1471 3981/2327/1486 3962/2302/1461
f 3966/2307/1466 3983/2321/1480 3965/2309/1468
f 3986/2333/1492 3970/2320/1479 3971/2325/1484 3987/2324/1483
f 3970/2320/1479 3986/2333/1492 3983/2321/1480
f 3973/2312/1471 3974/4984/4114 3989/4986/4116 3988/2326/1485
f 3974/4984/4114 3975/4985/4115 3990/4987/4117 3989/4986/4116
f 3975/4985/4115 3967/2308/1467 3991/2331/1490 3990/4987/4117
f 3967/2308/1467 3982/2319/1478 3992/2332/1491 3991/2331/1490
f 3980/2323/1482 3981/2327/1486 3995/2338/1497 3994/2341/1500
f 3980/2323/1482 3994/2341/1500 3987/2324/1483
f 3998/4988/4118 3993/2328/1487 3985/2322/1481 3999/2335/1494
f 3988/2326/1485 3995/2338/1497 3981/2327/1486
f 3983/2321/1480 3997/2334/1493 3985/2322/1481
f 4000/2336/1495 3986/2333/1492 3987/2324/1483 4001/2340/1499
f 3988/2326/1485 3989/4986/4116 4003/4989/4119 4002/2337/1496
f 3994/2341/1500 4001/2340/1499 3987/2324/1483
f 3989/4986/4116 3990/4987/4117 4004/2346/1505 4003/4989/4119
f 3990/4987/4117 3991/2331/1490 4005/2344/1503 4004/2346/1505
f 3991/2331/1490 3996/2330/1489 4006/4990/4120 4005/2344/1503
f 3994/2341/1500 3995/2338/1497 4009/2342/1501 4008/2339/1498
f 3999/2335/1494 4007/4991/4121 3998/4988/4118
f 4000/2336/1495 4001/2340/1499 4013/2348/1507 4012/2343/1502
f 4006/4990/4120 4010/4992/4122 4005/2344/1503
f 3999/2335/1494 4011/4993/4123 4007/4991/4121
f 4014/2349/1508 4002/2337/1496 4003/4989/4119 4015/4994/4124
f 4008/2339/1498 4013/2348/1507 4001/2340/1499
f 4002/2337/1496 4014/2349/1508 4009/2342/1501
f 4015/4994/4124 4003/4989/4119 4004/2346/1505 4016/2345/1504
f 4008/2339/1498 4009/2342/1501 4019/2350/1509 4018/2347/1506
f 4010/4992/4122 4017/4995/4125 4005/2344/1503
f 4020/4996/4126 3999/2335/1494 4024/2358/1517 4023/4997/4127
f 3999/2335/1494 4020/4996/4126 4011/4993/4123
f 4012/2343/1502 4021/2351/1510 3997/2334/1493
f 4017/4995/4125 4022/4998/4128 4005/2344/1503
f 4012/2343/1502 4013/2348/1507 4026/2354/1513 4025/2352/1511
f 4021/2351/1510 4024/2358/1517 3999/2335/1494
f 4027/2355/1514 4014/2349/1508 4015/4994/4124 4028/2371/1530
f 4018/2347/1506 4026/2354/1513 4013/2348/1507
f 4014/2349/1508 4027/2355/1514 4019/2350/1509
f 4028/2371/1530 4015/4994/4124 4016/2345/1504 4029/2366/1525
f 4029/2366/1525 4016/2345/1504 4005/2344/1503 4030/2362/1521
f 4030/2362/1521 4005/2344/1503 4022/4998/4128 4031/4999/4129
f 4018/2347/1506 4019/2350/1509 4033/2356/1515 4032/2353/1512
f 4048/2377/1536 4025/2352/1511 4026/2354/1513 4049/2381/1540
f 4024/2358/1517 4034/5000/4130 4023/4997/4127
f 4025/2352/1511 4035/2357/1516 4021/2351/1510
f 4031/4999/4129 4036/5001/4131 4030/2362/1521
f 4024/2358/1517 4037/2360/1519 4034/5000/4130
f 4036/5001/4131 4038/2363/1522 4030/2362/1521
f 4024/2358/1517 4041/2364/1523 4039/2359/1518
f 4040/2361/1520 4042/2365/1524 4030/2362/1521
f 4035/2357/1516 4044/2368/1527 4041/2364/1523
f 4042/2365/1524 4046/2370/1529 4029/2366/1525
f 4025/2352/1511 4048/2377/1536 4044/2368/1527
f 4049/2381/1540 4026/2354/1513 4032/2353/1512 4050/2382/1541
f 4032/2353/1512 4033/2356/1515 4051/2385/1544 4050/2382/1541
f 4033/2356/1515 4027/2355/1514 4052/2383/1542 4051/2385/1544
f 4027/2355/1514 4028/2371/1530 4053/5002/4132 4052/2383/1542
f 4057/2376/1535 4041/2364/1523 4061/2386/1545 4060/2388/1547
f 4046/2370/1529 4053/5002/4132 4028/2371/1530
f 4044/2368/1527 4058/2378/1537 4041/2364/1523
f 4041/2364/1523 4058/2378/1537 4062/2395/1554 4061/2386/1545
f 4058/2378/1537 4048/2377/1536 4063/5003/4133 4062/2395/1554
f 4048/2377/1536 4049/2381/1540 4064/2380/1539 4063/5003/4133
f 4050/2382/1541 4051/2385/1544 4065/2384/1543 4064/2380/1539
f 4065/2384/1543 4052/2383/1542 4053/5002/4132 4066/5004/4134
f 4066/5004/4134 4053/5002/4132 4046/2370/1529 4067/2397/1556
f 4067/2397/1556 4046/2370/1529 4042/2365/1524 4068/2390/1549
f 4068/2390/1549 4042/2365/1524 4059/2379/1538 4069/2391/1550
f 4064/2380/1539 4065/2384/1543 4071/5005/4135 4070/5006/4136
f 4062/2395/1554 4063/5003/4133 4078/5007/4137 4077/2394/1553
f 4061/2386/1545 4076/2399/1558 4074/2392/1551
f 4063/5003/4133 4064/2380/1539 4079/5008/4138 4078/5007/4137
f 4064/2380/1539 4070/5006/4136 4080/5009/4139 4079/5008/4138
f 4070/5006/4136 4071/5005/4135 4081/5010/4140 4080/5009/4139
f 4081/5010/4140 4071/5005/4135 4065/2384/1543 4082/5011/4141
f 4082/5011/4141 4065/2384/1543 4066/5004/4134 4083/5012/4142
f 4083/5012/4142 4066/5004/4134 4067/2397/1556 4084/2396/1555
f 4077/2394/1553 4078/5007/4137 4092/5013/4143 4091/2402/1561
f 4075/2393/1552 4085/2400/1559 4068/2390/1549
f 4077/2394/1553 4086/2398/1557 4061/2386/1545
f 4068/2390/1549 4087/2401/1560 4084/2396/1555
f 4086/2398/1557 4088/5014/4144 4076/2399/1558
f 4085/2400/1559 4089/5015/4145 4087/2401/1560
f 4086/2398/1557 4090/5016/4146 4088/5014/4144
f 4078/5007/4137 4079/5008/4138 4093/5017/4147 4092/5013/4143
f 4079/5008/4138 4080/5009/4139 4094/5018/4148 4093/5017/4147
f 4080/5009/4139 4081/5010/4140 4095/5019/4149 4094/5018/4148
f 4095/5019/4149 4081/5010/4140 4082/5011/4141 4096/5020/4150
f 4096/5020/4150 4082/5011/4141 4083/5012/4142 4097/5021/4151
f 4097/5021/4151 4083/5012/4142 4084/2396/1555 4098/2403/1562
f 4091/2402/1561 4092/5013/4143 4104/5022/4152 4103/2404/1563
f 4089/5015/4145 4099/5023/4153 4087/2401/1560
f 4086/2398/1557 4100/5024/4154 4090/5016/4146
f 4099/5023/4153 4101/5025/4155 4087/2401/1560
f 4086/2398/1557 4102/2407/1566 4100/5024/4154
f 4092/5013/4143 4093/5017/4147 4105/5026/4156 4104/5022/4152
f 4093/5017/4147 4094/5018/4148 4106/2413/1572 4105/5026/4156
f 4094/5018/4148 4095/5019/4149 4107/2414/1573 4106/2413/1572
f 4107/2414/1573 4095/5019/4149 4096/5020/4150 4108/2418/1577
f 4108/2418/1577 4096/5020/4150 4097/5021/4151 4109/2419/1578
f 4109/2419/1578 4097/5021/4151 4098/2403/1562 4110/2405/1564
f 4119/2423/1582 4104/5022/4152 4105/5026/4156 4120/5027/4157
f 4101/5025/4155 4111/2408/1567 4087/2401/1560
f 4103/2404/1563 4112/2406/1565 4086/2398/1557
f 4087/2401/1560 4113/2409/1568 4110/2405/1564
f 4112/2406/1565 4114/2411/1570 4102/2407/1566
f 4111/2408/1567 4115/2416/1575 4113/2409/1568
f 4108/2418/1577 4117/2412/1571 4107/2414/1573
f 4104/5022/4152 4119/2423/1582 4103/2404/1563
f 4120/5027/4157 4105/5026/4156 4106/2413/1572 4121/2426/1585
f 4126/2430/1589 4123/2420/1579 4112/2406/1565 4127/2428/1587
f 4117/2412/1571 4121/2426/1585 4106/2413/1572
f 4110/2405/1564 4122/2417/1576 4109/2419/1578
f 4122/2417/1576 4124/2421/1580 4108/2418/1577
f 4127/2428/1587 4112/2406/1565 4103/2404/1563 4128/2424/1583
f 4110/2405/1564 4113/2409/1568 4131/2432/1591 4130/2427/1586
f 4124/2421/1580 4129/2425/1584 4117/2412/1571
f 4113/2409/1568 4125/2422/1581 4132/2433/1592 4131/2432/1591
f 4133/2434/1593 4120/5027/4157 4121/2426/1585 4134/2439/1598
f 4120/5027/4157 4133/2434/1593 4119/2423/1582
f 4129/2425/1584 4124/2421/1580 4141/5028/4158 4140/2438/1597
f 4129/2425/1584 4134/2439/1598 4121/2426/1585
f 4119/2423/1582 4137/2435/1594 4128/2424/1583
f 4130/2427/1586 4138/2436/1595 4122/2417/1576
f 4145/5029/4159 4143/2441/1600 4127/2428/1587 4146/2452/1611
f 4138/2436/1595 4141/5028/4158 4124/2421/1580
f 4146/2452/1611 4127/2428/1587 4128/2424/1583 4147/2453/1612
f 4147/2453/1612 4128/2424/1583 4137/2435/1594 4148/5030/4160
f 4148/5030/4160 4137/2435/1594 4133/2434/1593 4149/2445/1604
f 4149/2445/1604 4133/2434/1593 4134/2439/1598 4150/2443/1602
f 4134/2439/1598 4140/2438/1597 4151/2447/1606 4150/2443/1602
f 4140/2438/1597 4141/5028/4158 4152/2448/1607 4151/2447/1606
f 4141/5028/4158 4138/2436/1595 4153/5031/4161 4152/2448/1607
f 4138/2436/1595 4130/2427/1586 4154/2456/1615 4153/5031/4161
f 4130/2427/1586 4131/2432/1591 4155/2454/1613 4154/2456/1615
f 4131/2432/1591 4144/2442/1601 4156/5032/4162 4155/2454/1613
f 4150/2443/1602 4151/2447/1606 4161/2450/1609 4160/2449/1608
f 4149/2445/1604 4157/2444/1603 4148/5030/4160
f 4153/5031/4161 4158/2446/1605 4152/2448/1607
f 4146/2452/1611 4159/5033/4163 4145/5029/4159
f 4147/2453/1612 4148/5030/4160 4164/5034/4164 4163/2451/1610
f 4156/5032/4162 4162/5035/4165 4155/2454/1613
f 4148/5030/4160 4157/2444/1603 4165/2458/1617 4164/5034/4164
f 4166/2459/1618 4158/2446/1605 4153/5031/4161 4167/5036/4166
f 4160/2449/1608 4165/2458/1617 4157/2444/1603
f 4158/2446/1605 4166/2459/1618 4161/2450/1609
f 4167/5036/4166 4153/5031/4161 4154/2456/1615 4168/2455/1614
f 4160/2449/1608 4161/2450/1609 4171/2460/1619 4170/2457/1616
f 4146/2452/1611 4169/5037/4167 4159/5033/4163
f 4169/5037/4167 4146/2452/1611 4174/2461/1620 4173/2463/1622
f 4162/5035/4165 4172/5038/4168 4155/2454/1613
f 4146/2452/1611 4163/2451/1610 4175/5039/4169 4174/2461/1620
f 4163/2451/1610 4164/5034/4164 4176/5040/4170 4175/5039/4169
f 4164/5034/4164 4165/2458/1617 4177/5041/4171 4176/5040/4170
f 4165/2458/1617 4170/2457/1616 4178/5042/4172 4177/5041/4171
f 4170/2457/1616 4171/2460/1619 4179/5043/4173 4178/5042/4172
f 4179/5043/4173 4171/2460/1619 4166/2459/1618 4180/5044/4174
f 4180/5044/4174 4166/2459/1618 4167/5036/4166 4181/5045/4175
f 4181/5045/4175 4167/5036/4166 4168/2455/1614 4182/5046/4176
f 4182/5046/4176 4168/2455/1614 4155/2454/1613 4183/2465/1624
f 4183/2465/1624 4155/2454/1613 4172/5038/4168 4184/2466/1625
f 4186/5047/4177 4176/5040/4170 4177/5041/4171 4187/2471/1630
f 4176/5040/4170 4186/5047/4177 4175/5039/4169
f 4187/2471/1630 4177/5041/4171 4178/5042/4172 4188/2469/1628
f 4178/5042/4172 4179/5043/4173 4189/2473/1632 4188/2469/1628
f 4179/5043/4173 4180/5044/4174 4190/2474/1633 4189/2473/1632
f 4180/5044/4174 4181/5045/4175 4191/5048/4178 4190/2474/1633
f 4195/2477/1636 4193/2467/1626 4174/2461/1620 4196/2475/1634
f 4182/5046/4176 4191/5048/4178 4181/5045/4175
f 4196/2475/1634 4174/2461/1620 4175/5039/4169 4197/2482/1641
f 4197/2482/1641 4175/5039/4169 4186/5047/4177 4198/5049/4179
f 4198/5049/4179 4186/5047/4177 4187/2471/1630 4199/2470/1629
f 4188/2469/1628 4189/2473/1632 4200/2472/1631 4199/2470/1629
f 4190/2474/1633 4191/5048/4178 4201/5050/4180 4200/2472/1631
f 4191/5048/4178 4182/5046/4176 4202/2484/1643 4201/5050/4180
f 4182/5046/4176 4183/2465/1624 4203/2479/1638 4202/2484/1643
f 4183/2465/1624 4194/2468/1627 4204/2480/1639 4203/2479/1638
f 4199/2470/1629 4200/2472/1631 4207/5051/4181 4206/5052/4182
f 4199/2470/1629 4206/5052/4182 4198/5049/4179
f 4197/2482/1641 4198/5049/4179 4211/5053/4183 4210/2481/1640
f 4201/5050/4180 4207/5051/4181 4200/2472/1631
f 4196/2475/1634 4209/5054/4184 4205/2476/1635
f 4198/5049/4179 4206/5052/4182 4212/5055/4185 4211/5053/4183
f 4206/5052/4182 4207/5051/4181 4214/2487/1646 4213/2486/1645
f 4213/2486/1645 4212/5055/4185 4206/5052/4182
f 4214/2487/1646 4207/5051/4181 4201/5050/4180 4215/2488/1647
f 4215/2488/1647 4201/5050/4180 4202/2484/1643 4216/2483/1642
f 4210/2481/1640 4211/5053/4183 4225/2502/1661 4224/2492/1651
f 4208/2478/1637 4217/5056/4186 4203/2479/1638
f 4196/2475/1634 4218/5057/4187 4209/5054/4184
f 4214/2487/1646 4220/2489/1648 4219/2485/1644
f 4217/5056/4186 4221/2490/1649 4203/2479/1638
f 4203/2479/1638 4222/2491/1650 4216/2483/1642
f 4196/2475/1634 4223/2495/1654 4218/5057/4187
f 4211/5053/4183 4212/5055/4185 4226/2500/1659 4225/2502/1661
f 4212/5055/4185 4213/2486/1645 4227/5058/4188 4226/2500/1659
f 4213/2486/1645 4219/2485/1644 4228/5059/4189 4227/5058/4188
f 4228/5059/4189 4219/2485/1644 4220/2489/1648 4229/2504/1663
f 4229/2504/1663 4220/2489/1648 4215/2488/1647 4230/2505/1664
f 4230/2505/1664 4215/2488/1647 4216/2483/1642 4231/2493/1652
f 4237/2513/1672 4234/2496/1655 4233/2494/1653 4238/2511/1670
f 4221/2490/1649 4232/2498/1657 4222/2491/1650
f 4224/2492/1651 4233/2494/1653 4196/2475/1634
f 4235/2497/1656 4236/2499/1658 4222/2491/1650
f 4238/2511/1670 4233/2494/1653 4224/2492/1651 4239/5060/4190
f 4239/5060/4190 4224/2492/1651 4225/2502/1661 4240/2501/1660
f 4227/5058/4188 4228/5059/4189 4242/2510/1669 4241/2508/1667
f 4227/5058/4188 4241/2508/1667 4226/2500/1659
f 4230/2505/1664 4231/2493/1652 4244/5061/4191 4243/2503/1662
f 4229/2504/1663 4242/2510/1669 4228/5059/4189
f 4250/5062/4192 4248/2512/1671 4238/2511/1670 4251/2518/1677
f 4236/2499/1658 4244/5061/4191 4231/2493/1652
f 4251/2518/1677 4238/2511/1670 4239/5060/4190 4252/2519/1678
f 4252/2519/1678 4239/5060/4190 4240/2501/1660 4253/5063/4193
f 4253/5063/4193 4240/2501/1660 4246/2507/1666 4254/2515/1674
f 4241/2508/1667 4242/2510/1669 4255/2516/1675 4254/2515/1674
f 4247/2509/1668 4243/2503/1662 4256/5064/4194 4255/2516/1675
f 4243/2503/1662 4244/5061/4191 4257/2522/1681 4256/5064/4194
f 4244/5061/4191 4236/2499/1658 4258/2520/1679 4257/2522/1681
f 4236/2499/1658 4249/2514/1673 4259/5065/4195 4258/2520/1679
f 4254/2515/1674 4255/2516/1675 4262/5066/4196 4261/5067/4197
f 4251/2518/1677 4260/5068/4198 4250/5062/4192
f 4254/2515/1674 4261/5067/4197 4253/5063/4193
f 4252/2519/1678 4253/5063/4193 4266/5069/4199 4265/2517/1676
f 4256/5064/4194 4262/5066/4196 4255/2516/1675
f 4259/5065/4195 4263/5070/4200 4258/2520/1679
f 4251/2518/1677 4264/5071/4201 4260/5068/4198
f 4253/5063/4193 4261/5067/4197 4267/5072/4202 4266/5069/4199
f 4261/5067/4197 4262/5066/4196 4269/5073/4203 4268/5074/4204
f 4268/5074/4204 4267/5072/4202 4261/5067/4197
f 4270/5075/4205 4262/5066/4196 4256/5064/4194 4271/5076/4206
f 4262/5066/4196 4270/5075/4205 4269/5073/4203
f 4271/5076/4206 4256/5064/4194 4257/2522/1681 4272/2521/1680
f 4274/5077/4207 4251/2518/1677 4277/2523/1682 4276/2525/1684
f 4263/5070/4200 4273/5078/4208 4258/2520/1679
f 4251/2518/1677 4274/5077/4207 4264/5071/4201
f 4273/5078/4208 4275/5079/4209 4258/2520/1679
f 4251/2518/1677 4265/2517/1676 4278/5080/4210 4277/2523/1682
f 4265/2517/1676 4266/5069/4199 4279/5081/4211 4278/5080/4210
f 4266/5069/4199 4267/5072/4202 4280/5082/4212 4279/5081/4211
f 4267/5072/4202 4268/5074/4204 4281/5083/4213 4280/5082/4212
f 4268/5074/4204 4269/5073/4203 4282/5084/4214 4281/5083/4213
f 4282/5084/4214 4269/5073/4203 4270/5075/4205 4283/5085/4215
f 4283/5085/4215 4270/5075/4205 4271/5076/4206 4284/5086/4216
f 4284/5086/4216 4271/5076/4206 4272/2521/1680 4285/5087/4217
f 4285/5087/4217 4272/2521/1680 4258/2520/1679 4286/2527/1686
f 4286/2527/1686 4258/2520/1679 4275/5079/4209 4287/2528/1687
f 4289/5088/4218 4278/5080/4210 4279/5081/4211 4290/5089/4219
f 4278/5080/4210 4289/5088/4218 4277/2523/1682
f 4290/5089/4219 4279/5081/4211 4280/5082/4212 4291/5090/4220
f 4291/5090/4220 4280/5082/4212 4281/5083/4213 4292/5091/4221
f 4281/5083/4213 4282/5084/4214 4293/5092/4222 4292/5091/4221
f 4282/5084/4214 4283/5085/4215 4294/5093/4223 4293/5092/4222
f 4283/5085/4215 4284/5086/4216 4295/5094/4224 4294/5093/4223
f 4284/5086/4216 4285/5087/4217 4296/5095/4225 4295/5094/4224
f 4298/2529/1688 4277/2523/1682 4301/5096/4226 4300/5097/4227
f 4286/2527/1686 4296/5095/4225 4285/5087/4217
f 4277/2523/1682 4289/5088/4218 4302/5098/4228 4301/5096/4226
f 4289/5088/4218 4290/5089/4219 4303/2532/1691 4302/5098/4228
f 4290/5089/4219 4291/5090/4220 4304/2533/1692 4303/2532/1691
f 4291/5090/4220 4292/5091/4221 4305/2534/1693 4304/2533/1692
f 4292/5091/4221 4293/5092/4222 4306/2537/1696 4305/2534/1693
f 4306/2537/1696 4293/5092/4222 4294/5093/4223 4307/2535/1694
f 4307/2535/1694 4294/5093/4223 4295/5094/4224 4308/2538/1697
f 4308/2538/1697 4295/5094/4224 4296/5095/4225 4309/5099/4229
f 4309/5099/4229 4296/5095/4225 4286/2527/1686 4310/5100/4230
f 4310/5100/4230 4286/2527/1686 4299/2530/1689 4311/5101/4231
f 4305/2534/1693 4306/2537/1696 4314/2536/1695 4313/2531/1690
f 4301/5096/4226 4312/5102/4232 4300/5097/4227
f 4312/5102/4232 4301/5096/4226 4317/5103/4233 4316/5104/4234
f 4311/5101/4231 4315/5105/4235 4310/5100/4230
f 4301/5096/4226 4302/5098/4228 4318/2546/1705 4317/5103/4233
f 4302/5098/4228 4303/2532/1691 4319/2540/1699 4318/2546/1705
f 4303/2532/1691 4313/2531/1690 4320/2541/1700 4319/2540/1699
f 4313/2531/1690 4314/2536/1695 4322/5106/4236 4321/5107/4237
f 4321/5107/4237 4320/2541/1700 4313/2531/1690
f 4323/2544/1703 4314/2536/1695 4308/2538/1697 4324/2542/1701
f 4314/2536/1695 4323/2544/1703 4322/5106/4236
f 4324/2542/1701 4308/2538/1697 4309/5099/4229 4325/2547/1706
f 4325/2547/1706 4309/5099/4229 4310/5100/4230 4326/5108/4238
f 4326/5108/4238 4310/5100/4230 4315/5105/4235 4327/5109/4239
f 4320/2541/1700 4321/5107/4237 4332/2552/1711 4331/2539/1698
f 4317/5103/4233 4328/5110/4240 4316/5104/4234
f 4327/5109/4239 4329/5111/4241 4326/5108/4238
f 4317/5103/4233 4330/5112/4242 4328/5110/4240
f 4321/5107/4237 4322/5106/4236 4333/2554/1713 4332/2552/1711
f 4333/2554/1713 4322/5106/4236 4323/2544/1703 4334/2543/1702
f 4336/5113/4243 4317/5103/4233 4341/2555/1714 4340/5114/4244
f 4329/5111/4241 4335/5115/4245 4326/5108/4238
f 4317/5103/4233 4336/5113/4243 4330/5112/4242
f 4331/2539/1698 4337/2545/1704 4319/2540/1699
f 4324/2542/1701 4338/2548/1707 4334/2543/1702
f 4335/5115/4245 4339/5116/4246 4326/5108/4238
f 4317/5103/4233 4318/2546/1705 4342/5117/4247 4341/2555/1714
f 4345/5118/4248 4325/2547/1706 4326/5108/4238 4346/2559/1718
f 4337/2545/1704 4342/5117/4247 4318/2546/1705
f 4332/2552/1711 4343/2549/1708 4331/2539/1698
f 4334/2543/1702 4344/2550/1709 4333/2554/1713
f 4325/2547/1706 4345/5118/4248 4338/2548/1707
f 4346/2559/1718 4326/5108/4238 4339/5116/4246 4347/5119/4249
f 4332/2552/1711 4333/2554/1713 4350/2553/1712 4349/2551/1710
f 4341/2555/1714 4348/2557/1716 4340/5114/4244
f 4355/5120/4250 4342/5117/4247 4337/2545/1704 4356/2562/1721
f 4347/5119/4249 4351/2560/1719 4346/2559/1718
f 4342/5117/4247 4355/5120/4250 4341/2555/1714
f 4338/2548/1707 4345/5118/4248 4358/5121/4251 4357/2563/1722
f 4360/5122/4252 4343/2549/1708 4349/2551/1710 4361/2569/1728
f 4346/2559/1718 4358/5121/4251 4345/5118/4248
f 4343/2549/1708 4360/5122/4252 4356/2562/1721
f 4349/2551/1710 4350/2553/1712 4362/2565/1724 4361/2569/1728
f 4366/2573/1732 4363/2566/1725 4341/2555/1714 4367/2571/1730
f 4357/2563/1722 4362/2565/1724 4344/2550/1709
f 4367/2571/1730 4341/2555/1714 4355/5120/4250 4368/5123/4253
f 4368/5123/4253 4355/5120/4250 4356/2562/1721 4369/5124/4254
f 4369/5124/4254 4356/2562/1721 4360/5122/4252 4370/5125/4255
f 4370/5125/4255 4360/5122/4252 4361/2569/1728 4371/2578/1737
f 4362/2565/1724 4357/2563/1722 4373/5126/4256 4372/2570/1729
f 4365/2568/1727 4371/2578/1737 4361/2569/1728
f 4357/2563/1722 4358/5121/4251 4374/5127/4257 4373/5126/4256
f 4358/5121/4251 4346/2559/1718 4375/2575/1734 4374/5127/4257
f 4346/2559/1718 4364/2567/1726 4376/2576/1735 4375/2575/1734
f 4381/2587/1746 4368/5123/4253 4369/5124/4254 4382/5128/4258
f 4372/2570/1729 4379/2577/1736 4365/2568/1727
f 4368/5123/4253 4381/2587/1746 4367/2571/1730
f 4382/5128/4258 4369/5124/4254 4370/5125/4255 4383/5129/4259
f 4383/5129/4259 4370/5125/4255 4371/2578/1737 4384/2585/1744
f 4372/2570/1729 4373/5126/4256 4386/5130/4260 4385/2580/1739
f 4379/2577/1736 4384/2585/1744 4371/2578/1737
f 4373/5126/4256 4374/5127/4257 4387/2589/1748 4386/5130/4260
f 4381/2587/1746 4382/5128/4258 4394/5131/4261 4393/2586/1745
f 4375/2575/1734 4387/2589/1748 4374/5127/4257
f 4367/2571/1730 4392/2591/1750 4389/2582/1741
f 4382/5128/4258 4383/5129/4259 4395/5132/4262 4394/5131/4261
f 4383/5129/4259 4384/2585/1744 4396/5133/4263 4395/5132/4262
f 4397/5134/4264 4385/2580/1739 4386/5130/4260 4398/5135/4265
f 4391/2584/1743 4396/5133/4263 4384/2585/1744
f 4385/2580/1739 4397/5134/4264 4391/2584/1743
f 4398/5135/4265 4386/5130/4260 4387/2589/1748 4399/2588/1747
f 4403/5136/4266 4392/2591/1750 4401/2590/1749 4404/5137/4267
f 4390/2583/1742 4400/2592/1751 4375/2575/1734
f 4393/2586/1745 4401/2590/1749 4367/2571/1730
f 4375/2575/1734 4402/2593/1752 4399/2588/1747
f 4404/5137/4267 4401/2590/1749 4393/2586/1745 4405/2595/1754
f 4405/2595/1754 4393/2586/1745 4394/5131/4261 4406/2596/1755
f 4406/2596/1755 4394/5131/4261 4395/5132/4262 4407/5138/4268
f 4407/5138/4268 4395/5132/4262 4396/5133/4263 4408/5139/4269
f 4396/5133/4263 4391/2584/1743 4409/5140/4270 4408/5139/4269
f 4391/2584/1743 4397/5134/4264 4410/5141/4271 4409/5140/4270
f 4397/5134/4264 4398/5135/4265 4411/2599/1758 4410/5141/4271
f 4398/5135/4265 4399/2588/1747 4412/2597/1756 4411/2599/1758
f 4399/2588/1747 4402/2593/1752 4413/5142/4272 4412/2597/1756
f 4402/2593/1752 4400/2592/1751 4414/5143/4273 4413/5142/4272
f 4406/2596/1755 4407/5138/4268 4419/5144/4274 4418/2594/1753
f 4404/5137/4267 4415/5145/4275 4403/5136/4266
f 4414/5143/4273 4416/5146/4276 4413/5142/4272
f 4404/5137/4267 4417/5147/4277 4415/5145/4275
f 4407/5138/4268 4408/5139/4269 4420/5148/4278 4419/5144/4274
f 4408/5139/4269 4409/5140/4270 4421/5149/4279 4420/5148/4278
f 4421/5149/4279 4409/5140/4270 4410/5141/4271 4422/5150/4280
f 4422/5150/4280 4410/5141/4271 4411/2599/1758 4423/2598/1757
f 4425/5151/4281 4404/5137/4267 4428/2604/1763 4427/5152/4282
f 4416/5146/4276 4424/5153/4283 4413/5142/4272
f 4404/5137/4267 4425/5151/4281 4417/5147/4277
f 4424/5153/4283 4426/5154/4284 4413/5142/4272
f 4404/5137/4267 4405/2595/1754 4429/2601/1760 4428/2604/1763
f 4430/2602/1761 4412/2597/1756 4413/5142/4272 4431/2608/1767
f 4418/2594/1753 4429/2601/1760 4405/2595/1754
f 4412/2597/1756 4430/2602/1761 4423/2598/1757
f 4431/2608/1767 4413/5142/4272 4426/5154/4284 4432/5155/4285
f 4418/2594/1753 4419/5144/4274 4434/5156/4286 4433/2600/1759
f 4419/5144/4274 4420/5148/4278 4435/5157/4287 4434/5156/4286
f 4420/5148/4278 4421/5149/4279 4436/2618/1777 4435/5157/4287
f 4436/2618/1777 4421/5149/4279 4422/5150/4280 4437/5158/4288
f 4437/5158/4288 4422/5150/4280 4423/2598/1757 4438/2603/1762
f 4429/2601/1760 4433/2600/1759 4444/5159/4289 4443/2610/1769
f 4428/2604/1763 4439/2606/1765 4427/5152/4282
f 4432/5155/4285 4440/2609/1768 4431/2608/1767
f 4433/2600/1759 4434/5156/4286 4445/5160/4290 4444/5159/4289
f 4434/5156/4286 4435/5157/4287 4446/2617/1776 4445/5160/4290
f 4447/2626/1785 4437/5158/4288 4438/2603/1762 4448/5161/4291
f 4436/2618/1777 4446/2617/1776 4435/5157/4287
f 4437/5158/4288 4447/2626/1785 4436/2618/1777
f 4448/5161/4291 4438/2603/1762 4430/2602/1761 4449/2611/1770
f 4461/5162/4292 4443/2610/1769 4444/5159/4289 4462/5163/4293
f 4447/2626/1785 4454/2616/1775 4436/2618/1777
f 4428/2604/1763 4457/2621/1780 4455/2619/1778
f 4456/2620/1779 4458/2622/1781 4431/2608/1767
f 4443/2610/1769 4461/5162/4292 4457/2621/1780
f 4462/5163/4293 4444/5159/4289 4445/5160/4290 4463/5164/4294
f 4463/5164/4294 4445/5160/4290 4446/2617/1776 4464/2629/1788
f 4447/2626/1785 4448/5161/4291 4466/5165/4295 4465/2625/1784
f 4454/2616/1775 4464/2629/1788 4446/2617/1776
f 4448/5161/4291 4449/2611/1770 4467/5166/4296 4466/5165/4295
f 4476/2637/1796 4461/5162/4292 4462/5163/4293 4477/5167/4297
f 4458/2622/1781 4467/5166/4296 4449/2611/1770
f 4465/2625/1784 4469/2628/1787 4454/2616/1775
f 4457/2621/1780 4471/2632/1791 4468/2627/1786
f 4470/2630/1789 4472/2634/1793 4458/2622/1781
f 4461/5162/4292 4476/2637/1796 4457/2621/1780
f 4477/5167/4297 4462/5163/4293 4463/5164/4294 4478/5168/4298
f 4478/5168/4298 4463/5164/4294 4464/2629/1788 4479/5169/4299
f 4464/2629/1788 4469/2628/1787 4480/5170/4300 4479/5169/4299
f 4469/2628/1787 4465/2625/1784 4481/5171/4301 4480/5170/4300
f 4465/2625/1784 4466/5165/4295 4482/5172/4302 4481/5171/4301
f 4466/5165/4295 4467/5166/4296 4483/2640/1799 4482/5172/4302
f 4476/2637/1796 4477/5167/4297 4491/5173/4303 4490/2643/1802
f 4458/2622/1781 4483/2640/1799 4467/5166/4296
f 4457/2621/1780 4485/2638/1797 4475/2635/1794
f 4484/2636/1795 4486/2639/1798 4458/2622/1781
f 4485/2638/1797 4489/5174/4304 4487/2641/1800
f 4477/5167/4297 4478/5168/4298 4492/5175/4305 4491/5173/4303
f 4478/5168/4298 4479/5169/4299 4493/5176/4306 4492/5175/4305
f 4479/5169/4299 4480/5170/4300 4494/5177/4307 4493/5176/4306
f 4494/5177/4307 4480/5170/4300 4481/5171/4301 4495/5178/4308
f 4495/5178/4308 4481/5171/4301 4482/5172/4302 4496/5179/4309
f 4496/5179/4309 4482/5172/4302 4483/2640/1799 4497/2644/1803
f 4503/5180/4310 4485/2638/1797 4506/5181/4311 4505/5182/4312
f 4488/2642/1801 4498/5183/4313 4486/2639/1798
f 4485/2638/1797 4499/5184/4314 4489/5174/4304
f 4498/5183/4313 4500/5185/4315 4486/2639/1798
f 4485/2638/1797 4501/5186/4316 4499/5184/4314
f 4500/5185/4315 4502/5187/4317 4486/2639/1798
f 4485/2638/1797 4503/5180/4310 4501/5186/4316
f 4502/5187/4317 4504/5188/4318 4486/2639/1798
f 4485/2638/1797 4490/2643/1802 4507/5189/4319 4506/5181/4311
f 4490/2643/1802 4491/5173/4303 4508/5190/4320 4507/5189/4319
f 4491/5173/4303 4492/5175/4305 4509/2646/1805 4508/5190/4320
f 4492/5175/4305 4493/5176/4306 4510/2647/1806 4509/2646/1805
f 4493/5176/4306 4494/5177/4307 4511/2650/1809 4510/2647/1806
f 4511/2650/1809 4494/5177/4307 4495/5178/4308 4512/2648/1807
f 4512/2648/1807 4495/5178/4308 4496/5179/4309 4513/5191/4321
f 4513/5191/4321 4496/5179/4309 4497/2644/1803 4514/5192/4322
f 4514/5192/4322 4497/2644/1803 4486/2639/1798 4515/5193/4323
f 4515/5193/4323 4486/2639/1798 4504/5188/4318 4516/5194/4324
f 4521/5195/4325 4506/5181/4311 4524/2651/1810 4523/5196/4326
f 4506/5181/4311 4517/5197/4327 4505/5182/4312
f 4516/5194/4324 4518/5198/4328 4515/5193/4323
f 4506/5181/4311 4519/5199/4329 4517/5197/4327
f 4518/5198/4328 4520/5200/4330 4515/5193/4323
f 4506/5181/4311 4521/5195/4325 4519/5199/4329
f 4520/5200/4330 4522/5201/4331 4515/5193/4323
f 4506/5181/4311 4507/5189/4319 4525/5202/4332 4524/2651/1810
f 4507/5189/4319 4508/5190/4320 4526/5203/4333 4525/5202/4332
f 4508/5190/4320 4509/2646/1805 4527/2645/1804 4526/5203/4333
f 4510/2647/1806 4511/2650/1809 4528/2649/1808 4527/2645/1804
f 4528/2649/1808 4512/2648/1807 4513/5191/4321 4529/5204/4334
f 4529/5204/4334 4513/5191/4321 4514/5192/4322 4530/5205/4335
f 4530/5205/4335 4514/5192/4322 4515/5193/4323 4531/2659/1818
f 4531/2659/1818 4515/5193/4323 4522/5201/4331 4532/5206/4336
f 4527/2645/1804 4528/2649/1808 4537/2657/1816 4536/2654/1813
f 4524/2651/1810 4533/5207/4337 4523/5196/4326
f 4532/5206/4336 4534/5208/4338 4531/2659/1818
f 4524/2651/1810 4535/2653/1812 4533/5207/4337
f 4540/2663/1822 4525/5202/4332 4526/5203/4333 4541/5209/4339
f 4534/5208/4338 4538/2660/1819 4531/2659/1818
f 4525/5202/4332 4540/2663/1822 4524/2651/1810
f 4541/5209/4339 4526/5203/4333 4527/2645/1804 4542/2655/1814
f 4528/2649/1808 4529/5204/4334 4544/5210/4340 4543/2656/1815
f 4529/5204/4334 4530/5205/4335 4545/2666/1825 4544/5210/4340
f 4536/2654/1813 4537/2657/1816 4549/2671/1830 4548/2668/1827
f 4531/2659/1818 4545/2666/1825 4530/5205/4335
f 4536/2654/1813 4548/2668/1827 4542/2655/1814
f 4554/2679/1838 4540/2663/1822 4541/5209/4339 4555/5211/4341
f 4543/2656/1815 4549/2671/1830 4537/2657/1816
f 4524/2651/1810 4551/2664/1823 4547/2661/1820
f 4550/2662/1821 4552/2665/1824 4531/2659/1818
f 4540/2663/1822 4554/2679/1838 4551/2664/1823
f 4555/5211/4341 4541/5209/4339 4542/2655/1814 4556/2669/1828
f 4543/2656/1815 4544/5210/4340 4558/5212/4342 4557/2670/1829
f 4544/5210/4340 4545/2666/1825 4559/2682/1841 4558/5212/4342
f 4564/5213/4343 4555/5211/4341 4556/2669/1828 4565/5214/4344
f 4552/2665/1824 4559/2682/1841 4545/2666/1825
f 4555/5211/4341 4564/5213/4343 4554/2679/1838
f 4565/5214/4344 4556/2669/1828 4548/2668/1827 4566/5215/4345
f 4548/2668/1827 4549/2671/1830 4567/5216/4346 4566/5215/4345
f 4549/2671/1830 4557/2670/1829 4568/5217/4347 4567/5216/4346
f 4557/2670/1829 4558/5212/4342 4569/5218/4348 4568/5217/4347
f 4554/2679/1838 4564/5213/4343 4577/5219/4349 4576/2683/1842
f 4559/2682/1841 4569/5218/4348 4558/5212/4342
f 4551/2664/1823 4573/2680/1839 4571/2677/1836
f 4572/2678/1837 4574/2681/1840 4552/2665/1824
f 4573/2680/1839 4575/2686/1845 4571/2677/1836
f 4564/5213/4343 4565/5214/4344 4578/5220/4350 4577/5219/4349
f 4565/5214/4344 4566/5215/4345 4579/5221/4351 4578/5220/4350
f 4566/5215/4345 4567/5216/4346 4580/2690/1849 4579/5221/4351
f 4580/2690/1849 4567/5216/4346 4568/5217/4347 4581/2691/1850
f 4581/2691/1850 4568/5217/4347 4569/5218/4348 4582/5222/4352
f 4582/5222/4352 4569/5218/4348 4559/2682/1841 4583/2684/1843
f 4587/5223/4353 4578/5220/4350 4579/5221/4351 4588/2693/1852
f 4572/2678/1837 4584/2688/1847 4574/2681/1840
f 4578/5220/4350 4587/5223/4353 4577/5219/4349
f 4593/5224/4354 4576/2683/1842 4577/5219/4349 4594/5225/4355
f 4580/2690/1849 4588/2693/1852 4579/5221/4351
f 4582/5222/4352 4589/2689/1848 4581/2691/1850
f 4589/2689/1848 4590/2692/1851 4580/2690/1849
f 4576/2683/1842 4593/5224/4354 4573/2680/1839
f 4594/5225/4355 4577/5219/4349 4587/5223/4353 4595/5226/4356
f 4595/5226/4356 4587/5223/4353 4588/2693/1852 4596/2698/1857
f 4589/2689/1848 4582/5222/4352 4598/5227/4357 4597/2696/1855
f 4590/2692/1851 4596/2698/1857 4588/2693/1852
f 4582/5222/4352 4583/2684/1843 4599/5228/4358 4598/5227/4357
f 4573/2680/1839 4593/5224/4354 4604/2707/1866 4603/2699/1858
f 4574/2681/1840 4599/5228/4358 4583/2684/1843
f 4597/2696/1855 4600/2697/1856 4590/2692/1851
f 4573/2680/1839 4601/2700/1859 4591/2694/1853
f 4592/2695/1854 4602/2701/1860 4574/2681/1840
f 4593/5224/4354 4594/5225/4355 4605/5229/4359 4604/2707/1866
f 4594/5225/4355 4595/5226/4356 4606/5230/4360 4605/5229/4359
f 4595/5226/4356 4596/2698/1857 4607/2704/1863 4606/5230/4360
f 4608/2705/1864 4597/2696/1855 4598/5227/4357 4609/5231/4361
f 4600/2697/1856 4607/2704/1863 4596/2698/1857
f 4597/2696/1855 4608/2705/1864 4600/2697/1856
f 4609/5231/4361 4598/5227/4357 4599/5228/4358 4610/2709/1868
f 4610/2709/1868 4599/5228/4358 4574/2681/1840 4611/2702/1861
f 4604/2707/1866 4605/5229/4359 4617/5232/4362 4616/2706/1865
f 4603/2699/1858 4613/5233/4363 4601/2700/1859
f 4602/2701/1860 4614/5234/4364 4611/2702/1861
f 4603/2699/1858 4615/5235/4365 4613/5233/4363
f 4605/5229/4359 4606/5230/4360 4618/5236/4366 4617/5232/4362
f 4606/5230/4360 4607/2704/1863 4619/5237/4367 4618/5236/4366
f 4607/2704/1863 4612/2703/1862 4620/5238/4368 4619/5237/4367
f 4620/5238/4368 4612/2703/1862 4608/2705/1864 4621/5239/4369
f 4621/5239/4369 4608/2705/1864 4609/5231/4361 4622/5240/4370
f 4622/5240/4370 4609/5231/4361 4610/2709/1868 4623/2708/1867
f 4625/2713/1872 4615/5235/4365 4603/2699/1858 4626/2710/1869
f 4614/5234/4364 4624/5241/4371 4611/2702/1861
f 4627/5242/4372 4617/5232/4362 4618/5236/4366 4628/5243/4373
f 4617/5232/4362 4627/5242/4372 4616/2706/1865
f 4628/5243/4373 4618/5236/4366 4619/5237/4367 4629/5244/4374
f 4619/5237/4367 4620/5238/4368 4630/2715/1874 4629/5244/4374
f 4620/5238/4368 4621/5239/4369 4631/2716/1875 4630/2715/1874
f 4621/5239/4369 4622/5240/4370 4632/5245/4375 4631/2716/1875
f 4611/2702/1861 4624/5241/4371 4634/2718/1877 4633/2711/1870
f 4623/2708/1867 4632/5245/4375 4622/5240/4370
f 4636/2725/1882 4616/2706/1865 4627/5242/4372 4637/2722/1880
f 4616/2706/1865 4636/2725/1882 4626/2710/1869
f 4637/2722/1880 4627/5242/4372 4628/5243/4373 4638/2720/1879
f 4638/2720/1879 4628/5243/4373 4629/5244/4374 4639/5246/4376
f 4629/5244/4374 4630/2715/1874 4640/2714/1873 4639/5246/4376
f 4631/2716/1875 4632/5245/4375 4641/5247/4377 4640/2714/1873
f 4632/5245/4375 4623/2708/1867 4642/2728/1884 4641/5247/4377
f 4639/5246/4376 4640/2714/1873 4647/2733/1889 4646/2730/1886
f 4633/2711/1870 4642/2728/1884 4623/2708/1867
f 4637/2722/1880 4645/2721/1080 4636/2725/1882
f 4639/5246/4376 4646/2730/1886 4638/2720/1879
f 4640/2714/1873 4641/5247/4377 4649/5248/1083 4648/2731/1887
f 4648/2731/1887 4647/2733/1889 4640/2714/1873
f 4646/2730/1886 4647/2733/1889 3418/2732/1888 3417/2729/1885
f 4642/2728/1884 4649/5248/1083 4641/5247/4377
f 4645/2721/1080 4651/2724/1079 4636/2725/1882
f 4646/2730/1886 4652/2726/1883 4638/2720/1879
f 4642/2728/1884 4653/2727/1081 4649/5248/1083
f 4654/4832/2436 5399/1414/2429 4657/2734/1890 4656/2736/1892
f 4626/2710/1869 3416/5249/3974 4644/2719/1878
f 4650/2723/1881 3419/5250/3975 4633/2711/1870
f 5399/1414/2429 5404/4544/4378 4658/2743/1899 4657/2734/1890
f 5404/4544/4378 5405/1906/4379 4659/2744/1900 4658/2743/1899
f 5405/1906/4379 5406/4835/4380 4660/2750/1906 4659/2744/1900
f 5406/4835/4380 5407/1417/4381 4661/5251/4382 4660/2750/1906
f 5407/1417/4381 5408/1420/4383 4662/2756/1912 4661/5251/4382
f 4662/2756/1912 5408/1420/4383 5409/4836/4384 4663/2752/1908
f 4663/2752/1908 5409/4836/4384 5410/1909/4385 4664/2747/1903
f 4664/2747/1903 5410/1909/4385 5411/4546/4386 4665/2745/1901
f 4665/2745/1901 5411/4546/4386 5400/1423/2430 4666/2738/1894
f 4666/2738/1894 5400/1423/2430 4655/4839/2437 4667/2739/1895
f 4690/2767/1923 4670/2740/1896 4677/2748/1904 4691/2765/1921
f 4658/2743/1899 4670/2740/1896 4657/2734/1890
f 4666/2738/1894 4671/2741/1897 4665/2745/1901
f 4660/2750/1906 4672/2742/1898 4659/2744/1900
f 4661/5251/4382 4673/2755/1911 4660/2750/1906
f 4662/2756/1912 4673/2755/1911 4661/5251/4382
f 4664/2747/1903 4674/2746/1902 4663/2752/1908
f 4670/2740/1896 4675/5252/4387 4668/2735/1891
f 4669/2737/1893 4676/5253/4388 4671/2741/1897
f 4672/2742/1898 4677/2748/1904 4658/2743/1899
f 4673/2755/1911 4678/2749/1905 4660/2750/1906
f 4663/2752/1908 4679/2751/1907 4662/2756/1912
f 4665/2745/1901 4680/2753/1909 4674/2746/1902
f 4670/2740/1896 4682/2760/1916 4675/5252/4387
f 4678/2749/1905 4683/2757/1913 4672/2742/1898
f 4674/2746/1902 4684/2758/1914 4679/2751/1907
f 4676/5253/4388 4685/2762/1918 4671/2741/1897
f 4673/2755/1911 4688/2764/1920 4678/2749/1905
f 4681/2754/1910 4688/2764/1920 4673/2755/1911
f 4679/2751/1907 4689/2763/1919 4681/2754/1910
f 4670/2740/1896 4690/2767/1923 4686/2759/1915
f 4680/2753/1909 4671/2741/1897 4693/2770/1926 4692/2766/1922
f 4696/5254/4389 4683/2757/1913 4678/2749/1905 4697/2771/1927
f 4687/2761/1917 4693/2770/1926 4671/2741/1897
f 4683/2757/1913 4696/5254/4389 4691/2765/1921
f 4679/2751/1907 4684/2758/1914 4699/5255/4390 4698/2772/1928
f 4700/5256/4391 4694/2768/1924 4690/2767/1923 4701/5257/4392
f 4692/2766/1922 4699/5255/4390 4684/2758/1914
f 4701/5257/4392 4690/2767/1923 4691/2765/1921 4702/5258/4393
f 4702/5258/4393 4691/2765/1921 4696/5254/4389 4703/5259/4394
f 4703/5259/4394 4696/5254/4389 4697/2771/1927 4704/5260/4395
f 4704/5260/4395 4697/2771/1927 4688/2764/1920 4705/5261/4396
f 4688/2764/1920 4689/2763/1919 4706/5262/4397 4705/5261/4396
f 4689/2763/1919 4698/2772/1928 4707/5263/4398 4706/5262/4397
f 4698/2772/1928 4699/5255/4390 4708/5264/4399 4707/5263/4398
f 4699/5255/4390 4692/2766/1922 4709/5265/4400 4708/5264/4399
f 4692/2766/1922 4693/2770/1926 4710/5266/4401 4709/5265/4400
f 4693/2770/1926 4695/2769/1925 4711/5267/4402 4710/5266/4401
f 4714/5268/4403 4701/5257/4392 4717/2773/1929 4716/5269/4404
f 4701/5257/4392 4712/5270/4405 4700/5256/4391
f 4711/5267/4402 4713/5271/4406 4710/5266/4401
f 4701/5257/4392 4714/5268/4403 4712/5270/4405
f 4713/5271/4406 4715/5272/4407 4710/5266/4401
f 4701/5257/4392 4702/5258/4393 4718/2786/1942 4717/2773/1929
f 4702/5258/4393 4703/5259/4394 4719/5273/4408 4718/2786/1942
f 4703/5259/4394 4704/5260/4395 4720/2778/1934 4719/5273/4408
f 4704/5260/4395 4705/5261/4396 4721/5274/4409 4720/2778/1934
f 4705/5261/4396 4706/5262/4397 4722/5275/4410 4721/5274/4409
f 4722/5275/4410 4706/5262/4397 4707/5263/4398 4723/2780/1936
f 4723/2780/1936 4707/5263/4398 4708/5264/4399 4724/2781/1937
f 4724/2781/1937 4708/5264/4399 4709/5265/4400 4725/2788/1944
f 4725/2788/1944 4709/5265/4400 4710/5266/4401 4726/2783/1939
f 4726/2783/1939 4710/5266/4401 4715/5272/4407 4727/5276/4411
f 4721/5274/4409 4722/5275/4410 4731/5277/4412 4730/2776/1932
f 4717/2773/1929 4728/2775/1931 4716/5269/4404
f 4727/5276/4411 4729/2784/1940 4726/2783/1939
f 4721/5274/4409 4730/2776/1932 4720/2778/1934
f 4733/2792/1948 4719/5273/4408 4720/2778/1934 4734/2777/1933
f 4723/2780/1936 4731/5277/4412 4722/5275/4410
f 4719/5273/4408 4733/2792/1948 4718/2786/1942
f 4730/2776/1932 4731/5277/4412 4742/2814/1970 4741/2789/1945
f 4725/2788/1944 4735/2779/1935 4724/2781/1937
f 4733/2792/1948 4737/2785/1941 4718/2786/1942
f 4725/2788/1944 4738/2787/1943 4735/2779/1935
f 4717/2773/1929 4739/5278/4413 4732/2774/1930
f 4736/2782/1938 4740/5279/4414 4726/2783/1939
f 4742/2814/1970 4731/5277/4412 4723/2780/1936 4743/2790/1946
f 4749/2795/1951 4737/2785/1941 4733/2792/1948 4750/2796/1952
f 4717/2773/1929 4744/5280/4415 4739/5278/4413
f 4741/2789/1945 4745/2791/1947 4734/2777/1933
f 4740/5279/4414 4746/2793/1949 4726/2783/1939
f 4726/2783/1939 4747/2794/1950 4738/2787/1943
f 4717/2773/1929 4748/2799/1955 4744/5280/4415
f 4735/2779/1935 4738/2787/1943 4752/2797/1953 4751/2807/1963
f 4735/2779/1935 4751/2807/1963 4743/2790/1946
f 4766/2812/1968 4742/2814/1970 4777/5281/4416 4776/5282/4417
f 4746/2793/1949 4753/5283/4418 4747/2794/1950
f 4749/2795/1951 4754/2798/1954 4717/2773/1929
f 4754/2798/1954 4755/2801/1957 4748/2799/1955
f 4753/5283/4418 4756/2803/1959 4747/2794/1950
f 4749/2795/1951 4760/2805/1961 4754/2798/1954
f 4747/2794/1950 4761/2806/1962 4752/2797/1953
f 4745/2791/1947 4766/2812/1968 4750/2796/1952
f 4742/2814/1970 4766/2812/1968 4741/2789/1945
f 4751/2807/1963 4767/2813/1969 4743/2790/1946
f 4754/2798/1954 4769/2816/1972 4765/2811/1967
f 4750/2796/1952 4770/2817/1973 4760/2805/1961
f 4761/2806/1962 4771/2818/1974 4751/2807/1963
f 4768/2815/1971 4772/2819/1975 4747/2794/1950
f 4760/2805/1961 4774/2821/1977 4769/2816/1972
f 4766/2812/1968 4775/5284/4419 4770/2817/1973
f 4766/2812/1968 4776/5282/4417 4775/5284/4419
f 4774/2821/1977 4770/2817/1973 4786/5285/4420 4785/2828/1984
f 4767/2813/1969 4777/5281/4416 4742/2814/1970
f 4772/2819/1975 4778/2822/1978 4761/2806/1962
f 4769/2816/1972 4782/2826/1982 4780/2824/1980
f 4781/2825/1981 4783/2827/1983 4772/2819/1975
f 4782/2826/1982 4784/2837/1993 4780/2824/1980
f 4770/2817/1973 4775/5284/4419 4787/2832/1988 4786/5285/4420
f 4775/5284/4419 4776/5282/4417 4788/2830/1986 4787/2832/1988
f 4776/5282/4417 4777/5281/4416 4789/2834/1990 4788/2830/1986
f 4789/2834/1990 4777/5281/4416 4767/2813/1969 4790/2835/1991
f 4790/2835/1991 4767/2813/1969 4771/2818/1974 4791/5286/4421
f 4791/5286/4421 4771/2818/1974 4778/2822/1978 4792/2829/1985
f 4785/2828/1984 4786/5285/4420 4800/2845/2001 4799/2840/1996
f 4781/2825/1981 4793/2839/1995 4783/2827/1983
f 4787/2832/1988 4794/2831/1987 4786/5285/4420
f 4791/5286/4421 4795/2833/1989 4790/2835/1991
f 4788/2830/1986 4797/2842/1998 4794/2831/1987
f 4795/2833/1989 4797/2842/1998 4788/2830/1986
f 4786/5285/4420 4794/2831/1987 4801/2846/2002 4800/2845/2001
f 4802/2841/1997 4795/2833/1989 4791/5286/4421 4803/2847/2003
f 4797/2842/1998 4801/2846/2002 4794/2831/1987
f 4803/2847/2003 4791/5286/4421 4792/2829/1985 4804/2843/1999
f 4796/2836/1992 4782/2826/1982 4806/2850/2006 4805/5287/4422
f 4797/2842/1998 4802/2841/1997 4808/2848/2004 4807/2844/2000
f 4799/2840/1996 4806/2850/2006 4782/2826/1982
f 4809/2851/2007 4783/2827/1983 4798/2838/1994 4810/5288/4423
f 4783/2827/1983 4809/2851/2007 4804/2843/1999
f 4799/2840/1996 4800/2845/2001 4813/5289/4424 4812/2849/2005
f 4806/2850/2006 4811/2854/2010 4805/5287/4422
f 4800/2845/2001 4807/2844/2000 4814/5290/4425 4813/5289/4424
f 4807/2844/2000 4808/2848/2004 4816/5291/4426 4815/5292/4427
f 4815/5292/4427 4814/5290/4425 4807/2844/2000
f 4817/5293/4428 4808/2848/2004 4803/2847/2003 4818/5294/4429
f 4808/2848/2004 4817/5293/4428 4816/5291/4426
f 4818/5294/4429 4803/2847/2003 4804/2843/1999 4819/2852/2008
f 4822/5295/4430 4812/2849/2005 4813/5289/4424 4823/5296/4431
f 4810/5288/4423 4820/5297/4432 4809/2851/2007
f 4812/2849/2005 4822/5295/4430 4806/2850/2006
f 4823/5296/4431 4813/5289/4424 4814/5290/4425 4824/2861/2017
f 4824/2861/2017 4814/5290/4425 4815/5292/4427 4825/2859/2015
f 4815/5292/4427 4816/5291/4426 4826/2863/2019 4825/2859/2015
f 4816/5291/4426 4817/5293/4428 4827/2864/2020 4826/2863/2019
f 4817/5293/4428 4818/5294/4429 4828/5298/4433 4827/2864/2020
f 4818/5294/4429 4819/2852/2008 4829/5299/4434 4828/5298/4433
f 4819/2852/2008 4809/2851/2007 4830/2857/2013 4829/5299/4434
f 4809/2851/2007 4820/5297/4432 4831/2858/2014 4830/2857/2013
f 4834/2868/2024 4832/2855/2011 4806/2850/2006 4835/2866/2022
f 4835/2866/2022 4806/2850/2006 4822/5295/4430 4836/2871/2027
f 4836/2871/2027 4822/5295/4430 4823/5296/4431 4837/5300/4435
f 4837/5300/4435 4823/5296/4431 4824/2861/2017 4838/2860/2016
f 4825/2859/2015 4826/2863/2019 4839/2862/2018 4838/2860/2016
f 4827/2864/2020 4828/5298/4433 4840/5301/4436 4839/2862/2018
f 4828/5298/4433 4829/5299/4434 4841/5302/4437 4840/5301/4436
f 4838/2860/2016 4839/2862/2018 4845/5303/4438 4844/5304/4439
f 4830/2857/2013 4841/5302/4437 4829/5299/4434
f 4838/2860/2016 4844/5304/4439 4837/5300/4435
f 4836/2871/2027 4837/5300/4435 4848/5305/4440 4847/2870/2026
f 4840/5301/4436 4845/5303/4438 4839/2862/2018
f 4837/5300/4435 4844/5304/4439 4849/2874/2030 4848/5305/4440
f 4844/5304/4439 4845/5303/4438 4851/2881/2037 4850/2875/2031
f 4850/2875/2031 4849/2874/2030 4844/5304/4439
f 4852/5306/4441 4845/5303/4438 4840/5301/4436 4853/5307/4442
f 4845/5303/4438 4852/5306/4441 4851/2881/2037
f 4853/5307/4442 4840/5301/4436 4841/5302/4437 4854/2883/2039
f 4854/2883/2039 4841/5302/4437 4830/2857/2013 4855/2872/2028
f 4843/2867/2023 4835/2866/2022 4857/2876/2032 4856/2878/2034
f 4861/5308/4443 4848/5305/4440 4849/2874/2030 4862/2879/2035
f 4847/2870/2026 4857/2876/2032 4835/2866/2022
f 4846/2869/2025 4858/5309/4444 4855/2872/2028
f 4851/2881/2037 4859/2873/2029 4850/2875/2031
f 4848/5305/4440 4861/5308/4443 4847/2870/2026
f 4851/2881/2037 4852/5306/4441 4864/5310/4445 4863/2880/2036
f 4852/5306/4441 4853/5307/4442 4865/2889/2045 4864/5310/4445
f 4855/2872/2028 4858/5309/4444 4867/2886/2042 4866/2882/2038
f 4854/2883/2039 4865/2889/2045 4853/5307/4442
f 4847/2870/2026 4861/5308/4443 4875/5311/4446 4874/2890/2046
f 4859/2873/2029 4869/2892/2048 4862/2879/2035
f 4863/2880/2036 4869/2892/2048 4859/2873/2029
f 4857/2876/2032 4871/2887/2043 4868/2884/2040
f 4866/2882/2038 4872/2888/2044 4854/2883/2039
f 4871/2887/2043 4873/5312/4447 4868/2884/2040
f 4875/5311/4446 4861/5308/4443 4862/2879/2035 4876/5313/4448
f 4877/2891/2047 4863/2880/2036 4864/5310/4445 4878/5314/4449
f 4869/2892/2048 4876/5313/4448 4862/2879/2035
f 4864/5310/4445 4865/2889/2045 4879/2893/2049 4878/5314/4449
f 4874/2890/2046 4875/5311/4446 4884/5315/4450 4883/2896/2052
f 4870/2885/2041 4880/2894/2050 4866/2882/2038
f 4866/2882/2038 4881/2895/2051 4872/2888/2044
f 4871/2887/2043 4882/2901/2057 4873/5312/4447
f 4875/5311/4446 4876/5313/4448 4885/2911/2067 4884/5315/4450
f 4886/2897/2053 4877/2891/2047 4878/5314/4449 4887/2907/2063
f 4869/2892/2048 4885/2911/2067 4876/5313/4448
f 4887/2907/2063 4878/5314/4449 4879/2893/2049 4888/2898/2054
f 4898/2913/2069 4883/2896/2052 4884/5315/4450 4899/2914/2070
f 4880/2894/2050 4889/2903/2059 4881/2895/2051
f 4872/2888/2044 4890/2899/2055 4888/2898/2054
f 4869/2892/2048 4892/2906/2062 4885/2911/2067
f 4886/2897/2053 4892/2906/2062 4869/2892/2048
f 4888/2898/2054 4895/2905/2061 4887/2907/2063
f 4883/2896/2052 4898/2913/2069 4871/2887/2043
f 4899/2914/2070 4884/5315/4450 4885/2911/2067 4900/2910/2066
f 4892/2906/2062 4895/2905/2061 4901/5316/4451 4900/2910/2066
f 4895/2905/2061 4888/2898/2054 4902/2917/2073 4901/5316/4451
f 4888/2898/2054 4890/2899/2055 4903/2915/2071 4902/2917/2073
f 4890/2899/2055 4881/2895/2051 4904/2926/2082 4903/2915/2071
f 4881/2895/2051 4896/2908/2064 4905/5317/4452 4904/2926/2082
f 4897/2909/2065 4871/2887/2043 4907/2919/2075 4906/5318/4453
f 4899/2914/2070 4900/2910/2066 4909/2921/2077 4908/2912/2068
f 4898/2913/2069 4907/2919/2075 4871/2887/2043
f 4900/2910/2066 4901/5316/4451 4911/2925/2081 4910/2922/2078
f 4910/2922/2078 4909/2921/2077 4900/2910/2066
f 4912/2923/2079 4901/5316/4451 4902/2917/2073 4913/2916/2072
f 4901/5316/4451 4912/2923/2079 4911/2925/2081
f 4898/2913/2069 4908/2912/2068 4918/2929/2085 4917/2918/2074
f 4905/5317/4452 4914/5319/4454 4904/2926/2082
f 4907/2919/2075 4915/5320/4455 4906/5318/4453
f 4914/5319/4454 4916/5321/4456 4904/2926/2082
f 4908/2912/2068 4909/2921/2077 4919/2920/2076 4918/2929/2085
f 4910/2922/2078 4911/2925/2081 4920/2924/2080 4919/2920/2076
f 4920/2924/2080 4912/2923/2079 4913/2916/2072 4921/2930/2086
f 4921/2930/2086 4913/2916/2072 4903/2915/2071 4922/2927/2083
f 4924/2934/2090 4904/2926/2082 4916/5321/4456 4925/5322/4457
f 4907/2919/2075 4923/5323/4458 4915/5320/4455
f 4904/2926/2082 4924/2934/2090 4922/2927/2083
f 4919/2920/2076 4920/2924/2080 4928/2939/2095 4927/2936/2092
f 4927/2936/2092 4926/2928/2084 4919/2920/2076
f 4932/2941/2097 4930/5324/4459 4907/2919/2075 4933/2932/2088
f 4920/2924/2080 4929/2931/2087 4928/2939/2095
f 4907/2919/2075 4930/5324/4459 4923/5323/4458
f 4925/5322/4457 4931/2935/2091 4924/2934/2090
f 4935/5325/4460 4917/2918/2074 4918/2929/2085 4936/5326/4461
f 4917/2918/2074 4935/5325/4460 4933/2932/2088
f 4936/5326/4461 4918/2929/2085 4926/2928/2084 4937/2937/2093
f 4927/2936/2092 4928/2939/2095 4938/2938/2094 4937/2937/2093
f 4929/2931/2087 4921/2930/2086 4939/5327/4462 4938/2938/2094
f 4921/2930/2086 4922/2927/2083 4940/5328/4463 4939/5327/4462
f 4937/2937/2093 4938/2938/2094 4944/5329/4464 4943/5330/4465
f 4924/2934/2090 4940/5328/4463 4922/2927/2083
f 4937/2937/2093 4943/5330/4465 4936/5326/4461
f 4947/2952/2108 4933/2932/2088 4935/5325/4460 4948/2946/2102
f 4939/5327/4462 4944/5329/4464 4938/2938/2094
f 4933/2932/2088 4947/2952/2108 4945/2943/2099
f 4948/2946/2102 4935/5325/4460 4936/5326/4461 4949/2947/2103
f 4949/2947/2103 4936/5326/4461 4943/5330/4465 4950/5331/4466
f 4943/5330/4465 4944/5329/4464 4951/5332/4467 4950/5331/4466
f 4944/5329/4464 4939/5327/4462 4952/2950/2106 4951/5332/4467
f 4939/5327/4462 4940/5328/4463 4953/2948/2104 4952/2950/2106
f 4940/5328/4463 4924/2934/2090 4954/2957/2113 4953/2948/2104
f 4949/2947/2103 4950/5331/4466 4958/2954/2110 4957/2945/2101
f 4946/2944/2100 4954/2957/2113 4924/2934/2090
f 4947/2952/2108 4955/5333/4468 4945/2943/2099
f 4946/2944/2100 4956/5334/4469 4954/2957/2113
f 4950/5331/4466 4951/5332/4467 4959/2956/2112 4958/2954/2110
f 4959/2956/2112 4951/5332/4467 4952/2950/2106 4960/2949/2105
f 4958/2954/2110 4959/2956/2112 4966/5335/4470 4965/5336/4471
f 4947/2952/2108 4961/5337/4472 4955/5333/4468
f 4956/5334/4469 4962/5338/4473 4954/2957/2113
f 4957/2945/2101 4963/2951/2107 4948/2946/2102
f 4965/5336/4471 4964/2953/2109 4958/2954/2110
f 4975/2967/2123 4947/2952/2108 4963/2951/2107 4976/2965/2121
f 4959/2956/2112 4967/2955/2111 4966/5335/4470
f 4953/2948/2104 4968/2958/2114 4960/2949/2105
f 4947/2952/2108 4969/2960/2116 4961/5337/4472
f 4962/5338/4473 4970/2964/2120 4954/2957/2113
f 4957/2945/2101 4972/2961/2117 4963/2951/2107
f 4968/2958/2114 4973/2962/2118 4960/2949/2105
f 4947/2952/2108 4975/2967/2123 4971/2959/2115
f 4968/2958/2114 4954/2957/2113 4978/2970/2126 4977/2966/2122
f 4982/2978/2134 4964/2953/2109 4965/5336/4471 4983/2976/2132
f 4974/2963/2119 4978/2970/2126 4954/2957/2113
f 4964/2953/2109 4982/2978/2134 4972/2961/2117
f 4965/5336/4471 4966/5335/4470 4984/2980/2136 4983/2976/2132
f 4966/5335/4470 4967/2955/2111 4985/2981/2137 4984/2980/2136
f 4990/2983/2139 4972/2961/2117 4982/2978/2134 4991/2977/2133
f 4973/2962/2118 4985/2981/2137 4967/2955/2111
f 4972/2961/2117 4990/2983/2139 4976/2965/2121
f 4985/2981/2137 4973/2962/2118 4993/2986/2142 4992/2979/2135
f 4995/2988/2144 4975/2967/2123 4976/2965/2121 4996/2984/2140
f 4977/2966/2122 4993/2986/2142 4973/2962/2118
f 4975/2967/2123 4995/2988/2144 4989/2975/2131
f 4977/2966/2122 4978/2970/2126 4998/2992/2148 4997/2985/2141
f 5005/3000/2156 5002/2989/2145 4995/2988/2144 5006/2994/2150
f 4994/2982/2138 4998/2992/2148 4978/2970/2126
f 4995/2988/2144 4999/2990/2146 4989/2975/2131
f 4994/2982/2138 5001/2993/2149 4998/2992/2148
f 4983/2976/2132 5003/2995/2151 4991/2977/2133
f 5000/2987/2143 5003/2995/2151 4983/2976/2132
f 4998/2992/2148 5004/2991/2147 5010/3004/2160 5009/2998/2154
f 4991/2977/2133 5007/2996/2152 4990/2983/2139
f 4993/2986/2142 5008/2997/2153 4992/2979/2135
f 5012/5339/4474 4996/2984/2140 4990/2983/2139 5013/3001/2157
f 4996/2984/2140 5012/5339/4474 5006/2994/2150
f 5003/2995/2151 5000/2987/2143 5015/5340/4475 5014/5341/4476
f 5003/2995/2151 5014/5341/4476 5007/2996/2152
f 4993/2986/2142 4997/2985/2141 5017/5342/4477 5016/3002/2158
f 5008/2997/2153 5015/5340/4475 5000/2987/2143
f 5022/5343/4478 5013/3001/2157 5007/2996/2152 5023/5344/4479
f 5009/2998/2154 5017/5342/4477 4997/2985/2141
f 5013/3001/2157 5022/5343/4478 5012/5339/4474
f 5023/5344/4479 5007/2996/2152 5014/5341/4476 5024/5345/4480
f 5014/5341/4476 5015/5340/4475 5025/5346/4481 5024/5345/4480
f 5015/5340/4475 5008/2997/2153 5026/5347/4482 5025/5346/4481
f 5008/2997/2153 5016/3002/2158 5027/5348/4483 5026/5347/4482
f 5031/5349/4484 5029/3009/2165 5006/2994/2150 5032/5350/4485
f 5017/5342/4477 5027/5348/4483 5016/3002/2158
f 5032/5350/4485 5006/2994/2150 5012/5339/4474 5033/5351/4486
f 5033/5351/4486 5012/5339/4474 5022/5343/4478 5034/5352/4487
f 5034/5352/4487 5022/5343/4478 5023/5344/4479 5035/5353/4488
f 5035/5353/4488 5023/5344/4479 5024/5345/4480 5036/5354/4489
f 5024/5345/4480 5025/5346/4481 5037/5355/4490 5036/5354/4489
f 5025/5346/4481 5026/5347/4482 5038/5356/4491 5037/5355/4490
f 5026/5347/4482 5027/5348/4483 5039/5357/4492 5038/5356/4491
f 5027/5348/4483 5017/5342/4477 5040/5358/4493 5039/5357/4492
f 5017/5342/4477 5009/2998/2154 5041/5359/4494 5040/5358/4493
f 5009/2998/2154 5030/3010/2166 5042/5360/4495 5041/5359/4494
f 5043/5361/4496 5032/5350/4485 5046/3011/2167 5045/3013/2169
f 5032/5350/4485 5043/5361/4496 5031/5349/4484
f 5042/5360/4495 5044/5362/4497 5041/5359/4494
f 5032/5350/4485 5033/5351/4486 5047/3018/2174 5046/3011/2167
f 5033/5351/4486 5034/5352/4487 5048/3019/2175 5047/3018/2174
f 5034/5352/4487 5035/5353/4488 5049/5363/4498 5048/3019/2175
f 5035/5353/4488 5036/5354/4489 5050/5364/4499 5049/5363/4498
f 5036/5354/4489 5037/5355/4490 5051/5365/4500 5050/5364/4499
f 5051/5365/4500 5037/5355/4490 5038/5356/4491 5052/5366/4501
f 5052/5366/4501 5038/5356/4491 5039/5357/4492 5053/3022/2178
f 5053/3022/2178 5039/5357/4492 5040/5358/4493 5054/3020/2176
f 5054/3020/2176 5040/5358/4493 5041/5359/4494 5055/3015/2171
f 5055/3015/2171 5041/5359/4494 5044/5362/4497 5056/3016/2172
f 5050/5364/4499 5051/5365/4500 5052/5366/4501 5049/5363/4498
f 5057/3012/2168 5046/3011/2167 5060/3024/2180 5059/5367/4502
f 5046/3011/2167 5047/3018/2174 5061/3017/2173 5060/3024/2180
f 5048/3019/2175 5049/5363/4498 5062/5368/4503 5061/3017/2173
f 5049/5363/4498 5052/5366/4501 5063/5369/4504 5062/5368/4503
f 5063/5369/4504 5052/5366/4501 5053/3022/2178 5064/3021/2177
f 5064/3021/2177 5054/3020/2176 5055/3015/2171 5065/3025/2181
f 5065/3025/2181 5055/3015/2171 5058/3014/2170 5066/5370/4505
f 5061/3017/2173 5062/5368/4503 5070/5371/4506 5069/5372/4507
f 5060/3024/2180 5067/5373/4508 5059/5367/4502
f 5069/5372/4507 5068/3023/2179 5061/3017/2173
f 5062/5368/4503 5063/5369/4504 5072/5374/4509 5071/5375/4510
f 5071/5375/4510 5070/5371/4506 5062/5368/4503
f 5073/5376/4511 5063/5369/4504 5064/3021/2177 5074/5377/4512
f 5063/5369/4504 5073/5376/4511 5072/5374/4509
f 5077/3029/2185 5067/5373/4508 5060/3024/2180 5078/3027/2183
f 5064/3021/2177 5075/3026/2182 5074/5377/4512
f 5066/5370/4505 5076/5378/4513 5065/3025/2181
f 5078/3027/2183 5060/3024/2180 5068/3023/2179 5079/3037/2193
f 5079/3037/2193 5068/3023/2179 5069/5372/4507 5080/5379/4514
f 5080/5379/4514 5069/5372/4507 5070/5371/4506 5081/3032/2188
f 5081/3032/2188 5070/5371/4506 5071/5375/4510 5082/3030/2186
f 5071/5375/4510 5072/5374/4509 5083/5380/4515 5082/3030/2186
f 5072/5374/4509 5073/5376/4511 5084/5381/4516 5083/5380/4515
f 5073/5376/4511 5074/5377/4512 5085/5382/4517 5084/5381/4516
f 5074/5377/4512 5075/3026/2182 5086/3040/2196 5085/5382/4517
f 5075/3026/2182 5065/3025/2181 5087/3034/2190 5086/3040/2196
f 5065/3025/2181 5076/5378/4513 5088/3035/2191 5087/3034/2190
f 5079/3037/2193 5080/5379/4514 5094/3042/2198 5093/3036/2192
f 5081/3032/2188 5090/3031/2187 5080/5379/4514
f 5078/3027/2183 5092/3044/2200 5089/3028/2184
f 5082/3030/2186 5083/5380/4515 5096/5383/4518 5095/3038/2194
f 5090/3031/2187 5094/3042/2198 5080/5379/4514
f 5096/5383/4518 5083/5380/4515 5084/5381/4516 5097/5384/4519
f 5097/5384/4519 5084/5381/4516 5085/5382/4517 5098/5385/4520
f 5098/5385/4520 5085/5382/4517 5086/3040/2196 5099/3039/2195
f 5106/5386/4521 5104/3047/2203 5078/3027/2183 5107/5387/4522
f 5091/3033/2189 5100/3046/2202 5087/3034/2190
f 5095/3038/2194 5101/3041/2197 5090/3031/2187
f 5107/5387/4522 5078/3027/2183 5093/3036/2192 5108/5388/4523
f 5108/5388/4523 5093/3036/2192 5094/3042/2198 5109/5389/4524
f 5109/5389/4524 5094/3042/2198 5101/3041/2197 5110/5390/4525
f 5110/5390/4525 5101/3041/2197 5095/3038/2194 5111/3050/2206
f 5095/3038/2194 5096/5383/4518 5112/3051/2207 5111/3050/2206
f 5096/5383/4518 5097/5384/4519 5113/3052/2208 5112/3051/2207
f 5097/5384/4519 5098/5385/4520 5114/5391/4526 5113/3052/2208
f 5098/5385/4520 5099/3039/2195 5115/5392/4527 5114/5391/4526
f 5099/3039/2195 5087/3034/2190 5116/5393/4528 5115/5392/4527
f 5087/3034/2190 5105/3048/2204 5117/5394/4529 5116/5393/4528
f 5121/5395/4530 5107/5387/4522 5124/3062/2218 5123/5396/4531
f 5107/5387/4522 5118/5397/4532 5106/5386/4521
f 5117/5394/4529 5119/5398/4533 5116/5393/4528
f 5107/5387/4522 5121/5395/4530 5118/5397/4532
f 5119/5398/4533 5122/5399/4534 5116/5393/4528
f 5107/5387/4522 5108/5388/4523 5125/3058/2214 5124/3062/2218
f 5108/5388/4523 5109/5389/4524 5126/3056/2212 5125/3058/2214
f 5109/5389/4524 5110/5390/4525 5127/3070/2226 5126/3056/2212
f 5110/5390/4525 5111/3050/2206 5128/3054/2210 5127/3070/2226
f 5129/3055/2211 5113/3052/2208 5114/5391/4526 5130/3060/2216
f 5120/3049/2205 5128/3054/2210 5111/3050/2206
f 5113/3052/2208 5129/3055/2211 5120/3049/2205
f 5130/3060/2216 5114/5391/4526 5115/5392/4527 5131/3061/2217
f 5131/3061/2217 5115/5392/4527 5116/5393/4528 5132/3066/2222
f 5132/3066/2222 5116/5393/4528 5122/5399/4534 5133/5400/4535
f 5138/3076/2232 5136/3053/2209 5151/3077/2233 5150/3075/2231
f 5124/3062/2218 5134/3064/2220 5123/5396/4531
f 5133/5400/4535 5135/3067/2223 5132/3066/2222
f 5125/3058/2214 5137/3057/2213 5124/3062/2218
f 5128/3054/2210 5138/3076/2232 5127/3070/2226
f 5136/3053/2209 5138/3076/2232 5128/3054/2210
f 5132/3066/2222 5139/3059/2215 5131/3061/2217
f 5137/3057/2213 5142/3068/2224 5124/3062/2218
f 5138/3076/2232 5143/3069/2225 5127/3070/2226
f 5129/3055/2211 5144/3071/2227 5136/3053/2209
f 5132/3066/2222 5145/3072/2228 5139/3059/2215
f 5143/3069/2225 5146/3073/2229 5126/3056/2212
f 5130/3060/2216 5147/3074/2230 5144/3071/2227
f 5142/3068/2224 5148/5401/4536 5140/3063/2219
f 5141/3065/2221 5149/5402/4537 5145/3072/2228
f 5169/3096/2252 5152/3078/2234 5160/3084/2240 5170/3110/2266
f 5146/3073/2229 5152/3078/2234 5137/3057/2213
f 5139/3059/2215 5153/3079/2235 5147/3074/2230
f 5142/3068/2224 5154/3081/2237 5148/5401/4536
f 5149/5402/4537 5155/3082/2238 5145/3072/2228
f 5152/3078/2234 5156/3080/2236 5142/3068/2224
f 5145/3072/2228 5157/3083/2239 5153/3079/2235
f 5156/3080/2236 5158/3087/2243 5154/3081/2237
f 5155/3082/2238 5159/3091/2247 5157/3083/2239
f 5146/3073/2229 5160/3084/2240 5152/3078/2234
f 5153/3079/2235 5161/3085/2241 5147/3074/2230
f 5143/3069/2225 5163/3088/2244 5160/3084/2240
f 5161/3085/2241 5164/3089/2245 5144/3071/2227
f 5152/3078/2234 5169/3096/2252 5156/3080/2236
f 5170/3110/2266 5160/3084/2240 5163/3088/2244 5171/3104/2260
f 5171/3104/2260 5163/3088/2244 5150/3075/2231 5172/3102/2258
f 5150/3075/2231 5151/3077/2233 5173/3106/2262 5172/3102/2258
f 5151/3077/2233 5164/3089/2245 5174/3107/2263 5173/3106/2262
f 5164/3089/2245 5161/3085/2241 5175/3112/2268 5174/3107/2263
f 5161/3085/2241 5153/3079/2235 5176/3099/2255 5175/3112/2268
f 5185/3117/2273 5169/3096/2252 5170/3110/2266 5186/3109/2265
f 5157/3083/2239 5176/3099/2255 5153/3079/2235
f 5156/3080/2236 5178/3097/2253 5168/3094/2250
f 5177/3095/2251 5179/3098/2254 5157/3083/2239
f 5171/3104/2260 5182/3103/2259 5170/3110/2266
f 5175/3112/2268 5183/3105/2261 5174/3107/2263
f 5169/3096/2252 5185/3117/2273 5178/3097/2253
f 5175/3112/2268 5176/3099/2255 5188/3118/2274 5187/3111/2267
f 5172/3102/2258 5190/3115/2271 5182/3103/2259
f 5183/3105/2261 5190/3115/2271 5172/3102/2258
f 5184/3108/2264 5178/3097/2253 5193/3124/2280 5192/5403/4538
f 5179/3098/2254 5188/3118/2274 5176/3099/2255
f 5182/3103/2259 5190/3115/2271 5186/3109/2265
f 5187/3111/2267 5191/3114/2270 5183/3105/2261
f 5197/3125/2281 5179/3098/2254 5189/3113/2269 5198/5404/4539
f 5185/3117/2273 5193/3124/2280 5178/3097/2253
f 5190/3115/2271 5194/3116/2272 5186/3109/2265
f 5191/3114/2270 5195/3122/2278 5190/3115/2271
f 5187/3111/2267 5196/3119/2275 5191/3114/2270
f 5179/3098/2254 5197/3125/2281 5188/3118/2274
f 5185/3117/2273 5194/3116/2272 5204/5405/4540 5203/3123/2279
f 5195/3122/2278 5199/3120/2276 5190/3115/2271
f 5193/3124/2280 5201/5406/4541 5192/5403/4538
f 5198/5404/4539 5202/5407/4542 5197/3125/2281
f 5194/3116/2272 5199/3120/2276 5205/3133/2289 5204/5405/4540
f 5199/3120/2276 5195/3122/2278 5206/3131/2287 5205/3133/2289
f 5195/3122/2278 5200/3121/2277 5207/3135/2291 5206/3131/2287
f 5208/3136/2292 5200/3121/2277 5196/3119/2275 5209/5408/4543
f 5200/3121/2277 5208/3136/2292 5207/3135/2291
f 5209/5408/4543 5196/3119/2275 5188/3118/2274 5210/3126/2282
f 5215/3137/2293 5203/3123/2279 5204/5405/4540 5216/5409/4544
f 5193/3124/2280 5211/3128/2284 5201/5406/4541
f 5202/5407/4542 5212/3130/2286 5197/3125/2281
f 5203/3123/2279 5215/3137/2293 5193/3124/2280
f 5216/5409/4544 5204/5405/4540 5205/3133/2289 5217/3132/2288
f 5206/3131/2287 5207/3135/2291 5218/3134/2290 5217/3132/2288
f 5208/3136/2292 5209/5408/4543 5219/5410/4545 5218/3134/2290
f 5209/5408/4543 5210/3126/2282 5220/3140/2296 5219/5410/4545
f 5221/3142/2298 5213/3127/2283 5193/3124/2280 5222/3138/2294
f 5197/3125/2281 5220/3140/2296 5210/3126/2282
f 5197/3125/2281 5214/3129/2285 5224/3144/2300 5223/3139/2295
f 5217/3132/2288 5218/3134/2290 5226/5411/4546 5225/5412/4547
f 5217/3132/2288 5225/5412/4547 5216/5409/4544
f 5229/3153/2309 5215/3137/2293 5216/5409/4544 5230/3146/2302
f 5219/5410/4545 5226/5411/4546 5218/3134/2290
f 5215/3137/2293 5229/3153/2309 5222/3138/2294
f 5230/3146/2302 5216/5409/4544 5225/5412/4547 5231/3147/2303
f 5225/5412/4547 5226/5411/4546 5232/3150/2306 5231/3147/2303
f 5226/5411/4546 5219/5410/4545 5233/3148/2304 5232/3150/2306
f 5219/5410/4545 5220/3140/2296 5234/3156/2312 5233/3148/2304
f 5227/3141/2297 5222/3138/2294 5236/3152/2308 5235/5413/4548
f 5223/3139/2295 5234/3156/2312 5220/3140/2296
f 5231/3147/2303 5232/3150/2306 5238/3149/2305 5237/3145/2301
f 5229/3153/2309 5236/3152/2308 5222/3138/2294
f 5239/3154/2310 5223/3139/2295 5228/3143/2299 5240/5414/4549
f 5223/3139/2295 5239/3154/2310 5234/3156/2312
f 5229/3153/2309 5230/3146/2302 5243/5415/4550 5242/3151/2307
f 5236/3152/2308 5241/5416/4551 5235/5413/4548
f 5230/3146/2302 5237/3145/2301 5244/3165/2321 5243/5415/4550
f 5237/3145/2301 5238/3149/2305 5246/3161/2317 5245/5417/4552
f 5245/5417/4552 5244/3165/2321 5237/3145/2301
f 5247/5418/4553 5238/3149/2305 5233/3148/2304 5248/3158/2314
f 5238/3149/2305 5247/5418/4553 5246/3161/2317
f 5248/3158/2314 5233/3148/2304 5234/3156/2312 5249/3155/2311
f 5251/5419/4554 5236/3152/2308 5256/3167/2323 5255/5420/4555
f 5240/5414/4549 5250/5421/4556 5239/3154/2310
f 5236/3152/2308 5251/5419/4554 5241/5416/4551
f 5250/5421/4556 5252/5422/4557 5239/3154/2310
f 5245/5417/4552 5253/3160/2316 5244/3165/2321
f 5246/3161/2317 5253/3160/2316 5245/5417/4552
f 5248/3158/2314 5254/3157/2313 5247/5418/4553
f 5236/3152/2308 5242/3151/2307 5257/3171/2327 5256/3167/2323
f 5242/3151/2307 5243/5415/4550 5258/3164/2320 5257/3171/2327
f 5259/3174/2330 5249/3155/2311 5239/3154/2310 5260/3176/2332
f 5244/3165/2321 5258/3164/2320 5243/5415/4550
f 5249/3155/2311 5259/3174/2330 5254/3157/2313
f 5260/3176/2332 5239/3154/2310 5252/5422/4557 5261/5423/4558
f 5268/5424/4559 5271/3172/2328 5280/3183/2339 5279/5425/4560
f 5247/5418/4553 5262/3162/2318 5246/3161/2317
f 5254/3157/2313 5262/3162/2318 5247/5418/4553
f 5253/3160/2316 5264/3163/2319 5244/3165/2321
f 5256/3167/2323 5265/3169/2325 5255/5420/4555
f 5261/5423/4558 5266/3177/2333 5260/3176/2332
f 5258/3164/2320 5267/3166/2322 5257/3171/2327
f 5264/3163/2319 5268/5424/4559 5267/3166/2322
f 5253/3160/2316 5268/5424/4559 5264/3163/2319
f 5257/3171/2327 5270/3170/2326 5256/3167/2323
f 5262/3162/2318 5271/3172/2328 5263/3159/2315
f 5260/3176/2332 5272/3173/2329 5259/3174/2330
f 5272/3173/2329 5275/3179/2335 5254/3157/2313
f 5256/3167/2323 5276/3180/2336 5269/3168/2324
f 5271/3172/2328 5268/5424/4559 5253/3160/2316
f 5273/3175/2331 5277/3181/2337 5260/3176/2332
f 5268/5424/4559 5279/5425/4560 5267/3166/2322
f 5278/3182/2338 5276/3180/2336 5283/3199/2355 5282/5426/4561
f 5275/3179/2335 5280/3183/2339 5274/3178/2334
f 5276/3180/2336 5270/3170/2326 5284/3192/2348 5283/3199/2355
f 5270/3170/2326 5267/3166/2322 5285/3193/2349 5284/3192/2348
f 5267/3166/2322 5279/5425/4560 5286/3190/2346 5285/3193/2349
f 5279/5425/4560 5280/3183/2339 5288/3187/2343 5287/3186/2342
f 5287/3186/2342 5286/3190/2346 5279/5425/4560
f 5288/3187/2343 5280/3183/2339 5275/3179/2335 5289/3188/2344
f 5289/3188/2344 5275/3179/2335 5272/3173/2329 5290/3195/2351
f 5290/3195/2351 5272/3173/2329 5277/3181/2337 5291/3204/2360
f 5291/3204/2360 5277/3181/2337 5281/3184/2340 5292/5427/4562
f 5285/3193/2349 5286/3190/2346 5298/3201/2357 5297/3191/2347
f 5283/3199/2355 5294/5428/4563 5282/5426/4561
f 5293/3185/2341 5295/3189/2345 5287/3186/2342
f 5292/5427/4562 5296/5429/4564 5291/3204/2360
f 5300/5430/4565 5293/3185/2341 5289/3188/2344 5301/3196/2352
f 5295/3189/2345 5298/3201/2357 5286/3190/2346
f 5293/3185/2341 5300/5430/4565 5299/3194/2350
f 5283/3199/2355 5284/3192/2348 5305/3206/2362 5304/3197/2353
f 5283/3199/2355 5302/3198/2354 5294/5428/4563
f 5296/5429/4564 5303/3202/2358 5291/3204/2360
f 5307/3208/2364 5290/3195/2351 5291/3204/2360 5308/3203/2359
f 5297/3191/2347 5305/3206/2362 5284/3192/2348
f 5299/3194/2350 5306/3200/2356 5295/3189/2345
f 5290/3195/2351 5307/3208/2364 5301/3196/2352
f 5297/3191/2347 5298/3201/2357 5310/3212/2368 5309/3205/2361
f 5311/3207/2363 5299/3194/2350 5300/5430/4565 5312/5431/4566
f 5306/3200/2356 5310/3212/2368 5298/3201/2357
f 5312/5431/4566 5300/5430/4565 5301/3196/2352 5313/3209/2365
f 5317/3218/2374 5309/3205/2361 5310/3212/2368 5318/3211/2367
f 5304/3197/2353 5314/3215/2371 5302/3198/2354
f 5303/3202/2358 5315/3217/2373 5308/3203/2359
f 5306/3200/2356 5316/3210/2366 5310/3212/2368
f 5311/3207/2363 5316/3210/2366 5306/3200/2356
f 5309/3205/2361 5317/3218/2374 5305/3206/2362
f 5311/3207/2363 5312/5431/4566 5320/5432/4567 5319/3213/2369
f 5312/5431/4566 5313/3209/2365 5321/3221/2377 5320/5432/4567
f 5324/3227/2383 5322/3214/2370 5304/3197/2353 5325/3225/2381
f 5307/3208/2364 5321/3221/2377 5313/3209/2365
f 5325/3225/2381 5304/3197/2353 5305/3206/2362 5326/3219/2375
f 5307/3208/2364 5308/3203/2359 5329/3229/2385 5328/3220/2376
f 5316/3210/2366 5327/3222/2378 5318/3211/2367
f 5319/3213/2369 5327/3222/2378 5316/3210/2366
f 5308/3203/2359 5323/3216/2372 5330/3230/2386 5329/3229/2385
f 5331/5433/4568 5317/3218/2374 5318/3211/2367 5332/3223/2379
f 5317/3218/2374 5331/5433/4568 5326/3219/2375
f 5319/3213/2369 5320/5432/4567 5334/5434/4569 5333/3224/2380
f 5320/5432/4567 5321/3221/2377 5335/5435/4570 5334/5434/4569
f 5332/3223/2379 5333/3224/2380 5338/3237/2393 5337/3235/2391
f 5328/3220/2376 5335/5435/4570 5321/3221/2377
f 5333/3224/2380 5332/3223/2379 5327/3222/2378
f 5326/3219/2375 5331/5433/4568 5341/5436/4571 5340/3231/2387
f 5334/5434/4569 5338/3237/2393 5333/3224/2380
f 5331/5433/4568 5332/3223/2379 5342/3234/2390 5341/5436/4571
f 5343/5437/4572 5334/5434/4569 5335/5435/4570 5344/5438/4573
f 5337/3235/2391 5342/3234/2390 5332/3223/2379
f 5334/5434/4569 5343/5437/4572 5338/3237/2393
f 5344/5438/4573 5335/5435/4570 5328/3220/2376 5345/3232/2388
f 5336/3226/2382 5325/3225/2381 5348/3241/2397 5347/5439/4574
f 5338/3237/2393 5346/3233/2389 5337/3235/2391
f 5325/3225/2381 5340/3231/2387 5349/3242/2398 5348/3241/2397
f 5340/3231/2387 5341/5436/4571 5350/5440/4575 5349/3242/2398
f 5341/5436/4571 5342/3234/2390 5351/3239/2395 5350/5440/4575
f 5352/3236/2392 5338/3237/2393 5343/5437/4572 5353/3244/2400
f 5346/3233/2389 5351/3239/2395 5342/3234/2390
f 5353/3244/2400 5343/5437/4572 5344/5438/4573 5354/5441/4576
f 5354/5441/4576 5344/5438/4573 5345/3232/2388 5355/5442/4577
f 5355/5442/4577 5345/3232/2388 5329/3229/2385 5356/5443/4578
f 5356/5443/4578 5329/3229/2385 5339/3228/2384 5357/5444/4579
f 5349/3242/2398 5350/5440/4575 5363/3246/2402 5362/3240/2396
f 5348/3241/2397 5358/5445/4580 5347/5439/4574
f 5352/3236/2392 5359/3238/2394 5346/3233/2389
f 5357/5444/4579 5360/5446/4581 5356/5443/4578
f 5348/3241/2397 5361/5447/4582 5358/5445/4580
f 5365/3247/2403 5354/5441/4576 5355/5442/4577 5366/3258/2414
f 5351/3239/2395 5363/3246/2402 5350/5440/4575
f 5354/5441/4576 5365/3247/2403 5353/3244/2400
f 5366/3258/2414 5355/5442/4577 5356/5443/4578 5367/3255/2411
f 5367/3255/2411 5356/5443/4578 5360/5446/4581 5368/5448/4583
f 5385/3266/2422 5381/3252/2408 5374/3250/2406 5386/3260/2416
f 5359/3238/2394 5369/3245/2401 5351/3239/2395
f 5353/3244/2400 5370/3248/2404 5364/3243/2399
f 5348/3241/2397 5371/3251/2407 5361/5447/4582
f 5364/3243/2399 5372/3249/2405 5359/3238/2394
f 5368/5448/4583 5373/5449/4584 5367/3255/2411
f 5362/3240/2396 5374/3250/2406 5348/3241/2397
f 5374/3250/2406 5375/5450/4585 5371/3251/2407
f 5373/5449/4584 5376/5451/4586 5367/3255/2411
f 5374/3250/2406 5377/5452/4587 5375/5450/4585
f 5376/5451/4586 5378/5453/4588 5367/3255/2411
f 5374/3250/2406 5379/3253/2409 5377/5452/4587
f 5378/5453/4588 5380/3256/2412 5367/3255/2411
f 5382/3254/2410 5383/3257/2413 5367/3255/2411
f 5362/3240/2396 5384/3259/2415 5374/3250/2406
f 5388/3262/2418 5363/3246/2402 5369/3245/2401 5389/3269/2425
f 5391/3264/2420 5365/3247/2403 5366/3258/2414 5392/3275/2431
f 5372/3249/2405 5389/3269/2425 5369/3245/2401
f 5404/5454/4378 5384/3259/2415 5388/3262/2418 5405/5455/4379
f 5383/3257/2413 5392/3275/2431 5366/3258/2414
f 5390/3263/2419 5395/3268/2424 5372/3249/2405
f 5370/3248/2404 5396/3270/2426 5390/3263/2419
f 5386/3260/2416 5399/3273/2429 5397/3271/2427
f 5398/3272/2428 5400/3274/2430 5383/3257/2413
f 5384/3259/2415 5404/5454/4378 5399/3273/2429
f 5405/5455/4379 5388/3262/2418 5389/3269/2425 5406/5456/4380
f 5406/5456/4380 5389/3269/2425 5395/3268/2424 5407/5457/4381
f 5395/3268/2424 5390/3263/2419 5408/5458/4383 5407/5457/4381
f 5390/3263/2419 5396/3270/2426 5409/5459/4384 5408/5458/4383
f 5396/3270/2426 5391/3264/2420 5410/5460/4385 5409/5459/4384
f 5391/3264/2420 5392/3275/2431 5411/5461/4386 5410/5460/4385
f 5427/3283/2439 5414/3282/2438 5430/3294/2450 5429/3296/2452
f 5400/3274/2430 5411/5461/4386 5392/3275/2431
f 5414/3282/2438 5425/3284/2440 5413/5462/4589
f 5424/5463/4590 5426/3287/2443 5423/3286/2442
f 5414/3282/2438 5415/5464/4591 5431/3303/2459 5430/3294/2450
f 5415/5464/4591 5416/5465/4592 5432/3301/2457 5431/3303/2459
f 5416/5465/4592 5417/3289/2445 5433/3288/2444 5432/3301/2457
f 5418/3290/2446 5419/3293/2449 5434/3292/2448 5433/3288/2444
f 5434/3292/2448 5420/3291/2447 5421/5466/4593 5435/3305/2461
f 5435/3305/2461 5421/5466/4593 5422/5467/4594 5436/3306/2462
f 5436/3306/2462 5422/5467/4594 5423/3286/2442 5437/3298/2454
f 5437/3298/2454 5423/3286/2442 5428/3285/2441 5438/3299/2455
f 5433/3288/2444 5434/3292/2448 5440/5468/4595 5439/5469/4596
f 5439/5469/4596 5440/5468/4595 5448/5470/4597 5447/3312/2468
f 5431/3303/2459 5444/3302/2458 5430/3294/2450
f 5437/3298/2454 5445/3304/2460 5436/3306/2462
f 5439/5469/4596 5447/3312/2468 5433/3288/2444
f 5449/5471/4598 5443/3300/2456 5430/3294/2450 5450/3308/2464
f 5434/3292/2448 5448/5470/4597 5440/5468/4595
f 5451/5472/4599 5432/3301/2457 5433/3288/2444 5452/3314/2470
f 5432/3301/2457 5451/5472/4599 5444/3302/2458
f 5434/3292/2448 5435/3305/2461 5454/5473/4600 5453/5474/4601
f 5447/3312/2468 5452/3314/2470 5433/3288/2444
f 5434/3292/2448 5453/5474/4601 5448/5470/4597
f 5437/3298/2454 5446/3307/2463 5456/5475/4602 5455/3309/2465
f 5445/3304/2460 5454/5473/4600 5435/3305/2461
f 5447/3312/2468 5448/5470/4597 5453/5474/4601 5460/3313/2469
f 5450/3308/2464 5457/3311/2467 5449/5471/4598
f 5456/5475/4602 5458/5476/4603 5455/3309/2465
f 5452/3314/2470 5460/3313/2469 5451/5472/4599
f 5413/1407/4589 5459/3310/2466 5450/3308/2464 5414/3957/2438
f 5458/5476/4603 5461/5477/4604 5455/3309/2465
f 5414/3957/2438 5450/3308/2464 5444/3302/2458 5415/5478/4591
f 5415/5478/4591 5444/3302/2458 5451/5472/4599 5416/5479/4592
f 5416/5479/4592 5451/5472/4599 5460/3313/2469 5417/5480/2445
f 5460/3313/2469 5453/5474/4601 5419/5481/2449 5418/4545/2446
f 5460/3313/2469 5418/4545/2446 5417/5480/2445
f 5453/5474/4601 5454/5473/4600 5421/5482/4593 5420/5483/2447
f 5420/5483/2447 5419/5481/2449 5453/5474/4601
f 5454/5473/4600 5445/3304/2460 5422/5484/4594 5421/5482/4593
f 5445/3304/2460 5455/3309/2465 5423/3958/2442 5422/5484/4594
f 5455/3309/2465 5461/5477/4604 5424/1409/4590 5423/3958/2442
f 5468/5485/4605 6362/5486/3099 6369/5487/3108 5469/5488/4606
f 6364/3322/2478 5466/3315/2471 6371/3317/2473
f 6362/5486/3099 5468/5485/4605 5463/3318/2474
f 5469/5488/4606 6369/5487/3108 6363/5489/3101 5470/3330/2486
f 5470/3330/2486 6363/5489/3101 6370/3316/2472 5471/3328/2484
f 6364/3322/2478 6372/5490/3109 5473/5491/4607 5472/3321/2477
f 5466/3315/2471 5471/3328/2484 6370/3316/2472
f 6372/5490/3109 6365/5492/3103 5474/5493/4608 5473/5491/4607
f 5471/3328/2484 5466/3315/2471 5479/3331/2487 5478/3329/2485
f 5464/3324/2480 5474/5493/4608 6365/5492/3103
f 5470/3330/2486 5478/3329/2485 5469/5488/4606
f 5480/5494/4609 5476/3326/2482 5463/3318/2474 5481/3338/2494
f 5473/5491/4607 5479/3331/2487 5472/3321/2477
f 5481/3338/2494 5463/3318/2474 5468/5485/4605 5482/3345/2501
f 5482/3345/2501 5468/5485/4605 5469/5488/4606 5483/3333/2489
f 5483/3333/2489 5469/5488/4606 5478/3329/2485 5484/3334/2490
f 5478/3329/2485 5479/3331/2487 5486/5495/4610 5485/5496/4611
f 5478/3329/2485 5485/5496/4611 5484/3334/2490
f 5479/3331/2487 5473/5491/4607 5488/3335/2491 5487/3337/2493
f 5487/3337/2493 5486/5495/4610 5479/3331/2487
f 5473/5491/4607 5474/5493/4608 5489/3349/2505 5488/3335/2491
f 5474/5493/4608 5464/3324/2480 5490/3342/2498 5489/3349/2505
f 5464/3324/2480 5477/3327/2483 5491/5497/4612 5490/3342/2498
f 5484/3334/2490 5485/5496/4611 5495/3347/2503 5494/3332/2488
f 5481/3338/2494 5492/5498/4613 5480/5494/4609
f 5491/5497/4612 5493/5499/4614 5490/3342/2498
f 5485/5496/4611 5486/5495/4610 5496/3348/2504 5495/3347/2503
f 5496/3348/2504 5486/5495/4610 5487/3337/2493 5497/3336/2492
f 5483/3333/2489 5494/3332/2488 5503/3354/2510 5502/3344/2500
f 5481/3338/2494 5498/3340/2496 5492/5498/4613
f 5493/5499/4614 5499/3343/2499 5490/3342/2498
f 5504/3346/2502 5496/3348/2504 5497/3336/2492 5505/5500/4615
f 5495/3347/2503 5503/3354/2510 5494/3332/2488
f 5505/5500/4615 5497/3336/2492 5488/3335/2491 5506/3350/2506
f 5502/3344/2500 5503/3354/2510 5517/3370/2526 5516/3359/2515
f 5481/3338/2494 5507/5501/4616 5500/3339/2495
f 5501/3341/2497 5508/5502/4617 5490/3342/2498
f 5502/3344/2500 5509/3351/2507 5482/3345/2501
f 5489/3349/2505 5510/3352/2508 5506/3350/2506
f 5481/3338/2494 5511/3356/2512 5507/5501/4616
f 5504/3346/2502 5512/3353/2509 5495/3347/2503
f 5508/5502/4617 5513/3357/2513 5490/3342/2498
f 5509/3351/2507 5514/3355/2511 5481/3338/2494
f 5490/3342/2498 5515/3358/2514 5510/3352/2508
f 5518/3360/2516 5504/3346/2502 5505/5500/4615 5519/3367/2523
f 5512/3353/2509 5517/3370/2526 5503/3354/2510
f 5519/3367/2523 5505/5500/4615 5506/3350/2506 5520/3361/2517
f 5528/3375/2531 5525/3362/2518 5514/3355/2511 5529/3373/2529
f 5514/3355/2511 5521/5503/4618 5511/3356/2512
f 5513/3357/2513 5522/5504/4619 5515/3358/2514
f 5514/3355/2511 5523/3363/2519 5521/5503/4618
f 5522/5504/4619 5524/3365/2521 5515/3358/2514
f 5510/3352/2508 5527/3366/2522 5520/3361/2517
f 5529/3373/2529 5514/3355/2511 5509/3351/2507 5530/3368/2524
f 5518/3360/2516 5519/3367/2523 5533/5505/4620 5532/3371/2527
f 5517/3370/2526 5531/3369/2525 5516/3359/2515
f 5510/3352/2508 5515/3358/2514 5535/3378/2534 5534/3372/2528
f 5527/3366/2522 5533/5505/4620 5519/3367/2523
f 5515/3358/2514 5526/3364/2520 5536/3379/2535 5535/3378/2534
f 5548/3389/2545 5529/3373/2529 5530/3368/2524 5549/3396/2552
f 5516/3359/2515 5538/3376/2532 5530/3368/2524
f 5512/3353/2509 5540/5506/4621 5531/3369/2525
f 5532/3371/2527 5540/5506/4621 5512/3353/2509
f 5540/5506/4621 5546/3386/2542 5531/3369/2525
f 5532/3371/2527 5546/3386/2542 5540/5506/4621
f 5529/3373/2529 5548/3389/2545 5545/3384/2540
f 5549/3396/2552 5530/3368/2524 5538/3376/2532 5550/5507/4622
f 5550/5507/4622 5538/3376/2532 5531/3369/2525 5551/3387/2543
f 5532/3371/2527 5533/5505/4620 5553/5508/4623 5552/3388/2544
f 5533/5505/4620 5527/3366/2522 5554/5509/4624 5553/5508/4623
f 5527/3366/2522 5534/3372/2528 5555/3398/2554 5554/5509/4624
f 5534/3372/2528 5535/3378/2534 5556/3392/2548 5555/3398/2554
f 5549/3396/2552 5550/5507/4622 5563/5510/4625 5562/3395/2551
f 5547/3385/2541 5556/3392/2548 5535/3378/2534
f 5546/3386/2542 5558/3394/2550 5551/3387/2543
f 5552/3388/2544 5558/3394/2550 5546/3386/2542
f 5553/5508/4623 5560/3393/2549 5552/3388/2544
f 5548/3389/2545 5561/5511/4626 5557/3390/2546
f 5550/5507/4622 5551/3387/2543 5564/3405/2561 5563/5510/4625
f 5551/3387/2543 5558/3394/2550 5565/3400/2556 5564/3405/2561
f 5566/3401/2557 5553/5508/4623 5554/5509/4624 5567/5512/4627
f 5560/3393/2549 5565/3400/2556 5558/3394/2550
f 5553/5508/4623 5566/3401/2557 5560/3393/2549
f 5567/5512/4627 5554/5509/4624 5555/3398/2554 5568/3397/2553
f 5548/3389/2545 5562/3395/2551 5574/5513/4628 5573/3402/2558
f 5559/3391/2547 5569/5514/4629 5556/3392/2548
f 5548/3389/2545 5571/3403/2559 5561/5511/4626
f 5569/5514/4629 5572/5515/4630 5556/3392/2548
f 5562/3395/2551 5563/5510/4625 5575/3408/2564 5574/5513/4628
f 5563/5510/4625 5564/3405/2561 5576/3404/2560 5575/3408/2564
f 5577/3409/2565 5566/3401/2557 5567/5512/4627 5578/5516/4631
f 5570/3399/2555 5576/3404/2560 5565/3400/2556
f 5566/3401/2557 5577/3409/2565 5570/3399/2555
f 5578/5516/4631 5567/5512/4627 5568/3397/2553 5579/3406/2562
f 5576/3404/2560 5570/3399/2555 5584/3410/2566 5583/5517/4632
f 5573/3402/2558 5580/3414/2570 5571/3403/2559
f 5572/5515/4630 5581/3411/2567 5556/3392/2548
f 5583/5517/4632 5582/3407/2563 5576/3404/2560
f 5588/3416/2572 5573/3402/2558 5574/5513/4628 5589/5518/4633
f 5556/3392/2548 5585/3412/2568 5579/3406/2562
f 5573/3402/2558 5588/3416/2572 5586/3413/2569
f 5589/5518/4633 5574/5513/4628 5575/3408/2564 5590/5519/4634
f 5590/5519/4634 5575/3408/2564 5582/3407/2563 5591/3421/2577
f 5591/3421/2577 5582/3407/2563 5583/5517/4632 5592/3419/2575
f 5583/5517/4632 5584/3410/2566 5593/3423/2579 5592/3419/2575
f 5584/3410/2566 5577/3409/2565 5594/3424/2580 5593/3423/2579
f 5577/3409/2565 5578/5516/4631 5595/5520/4635 5594/3424/2580
f 5578/5516/4631 5579/3406/2562 5596/5521/4636 5595/5520/4635
f 5599/5522/4637 5589/5518/4633 5590/5519/4634 5600/5523/4638
f 5585/3412/2568 5596/5521/4636 5579/3406/2562
f 5589/5518/4633 5599/5522/4637 5588/3416/2572
f 5600/5523/4638 5590/5519/4634 5591/3421/2577 5601/3420/2576
f 5592/3419/2575 5593/3423/2579 5602/3422/2578 5601/3420/2576
f 5594/3424/2580 5595/5520/4635 5603/5524/4639 5602/3422/2578
f 5595/5520/4635 5596/5521/4636 5604/3431/2587 5603/5524/4639
f 5596/5521/4636 5585/3412/2568 5605/3427/2583 5604/3431/2587
f 5601/3420/2576 5602/3422/2578 5609/5525/4640 5608/5526/4641
f 5598/3418/2574 5605/3427/2583 5585/3412/2568
f 5601/3420/2576 5608/5526/4641 5600/5523/4638
f 5588/3416/2572 5599/5522/4637 5613/3437/2593 5612/3428/2584
f 5603/5524/4639 5609/5525/4640 5602/3422/2578
f 5588/3416/2572 5610/3429/2585 5606/3425/2581
f 5607/3426/2582 5611/5527/4642 5605/3427/2583
f 5599/5522/4637 5600/5523/4638 5614/3438/2594 5613/3437/2593
f 5600/5523/4638 5608/5526/4641 5615/5528/4643 5614/3438/2594
f 5608/5526/4641 5609/5525/4640 5617/3434/2590 5616/3433/2589
f 5616/3433/2589 5615/5528/4643 5608/5526/4641
f 5618/3435/2591 5609/5525/4640 5603/5524/4639 5619/3440/2596
f 5609/5525/4640 5618/3435/2591 5617/3434/2590
f 5619/3440/2596 5603/5524/4639 5604/3431/2587 5620/3430/2586
f 5614/3438/2594 5615/5528/4643 5626/5529/4644 5625/3436/2592
f 5612/3428/2584 5621/5530/4645 5610/3429/2585
f 5611/5527/4642 5623/5531/4646 5605/3427/2583
f 5612/3428/2584 5624/5532/4647 5621/5530/4645
f 5615/5528/4643 5616/3433/2589 5627/3442/2598 5626/5529/4644
f 5628/5533/4648 5618/3435/2591 5619/3440/2596 5629/3439/2595
f 5622/3432/2588 5627/3442/2598 5616/3433/2589
f 5618/3435/2591 5628/5533/4648 5622/3432/2588
f 5632/5534/4649 5612/3428/2584 5635/3446/2602 5634/3448/2604
f 5623/5531/4646 5630/5535/4650 5605/3427/2583
f 5628/5533/4648 5631/3441/2597 5622/3432/2588
f 5612/3428/2584 5632/5534/4649 5624/5532/4647
f 5630/5535/4650 5633/5536/4651 5605/3427/2583
f 5612/3428/2584 5613/3437/2593 5636/5537/4652 5635/3446/2602
f 5613/3437/2593 5625/3436/2592 5637/3454/2610 5636/5537/4652
f 5625/3436/2592 5626/5529/4644 5638/3452/2608 5637/3454/2610
f 5626/5529/4644 5627/3442/2598 5639/3444/2600 5638/3452/2608
f 5640/3445/2601 5628/5533/4648 5629/3439/2595 5641/5538/4653
f 5631/3441/2597 5639/3444/2600 5627/3442/2598
f 5628/5533/4648 5640/3445/2601 5631/3441/2597
f 5641/5538/4653 5629/3439/2595 5620/3430/2586 5642/5539/4654
f 5642/5539/4654 5620/3430/2586 5605/3427/2583 5643/3450/2606
f 5643/3450/2606 5605/3427/2583 5633/5536/4651 5644/3451/2607
f 5648/3459/2615 5646/3447/2603 5635/3446/2602 5649/3457/2613
f 5649/3457/2613 5635/3446/2602 5636/5537/4652 5650/5540/4655
f 5650/5540/4655 5636/5537/4652 5637/3454/2610 5651/3453/2609
f 5639/3444/2600 5645/3443/2599 5653/3466/2622 5652/3455/2611
f 5639/3444/2600 5652/3455/2611 5638/3452/2608
f 5645/3443/2599 5640/3445/2601 5654/3467/2623 5653/3466/2622
f 5640/3445/2601 5641/5538/4653 5655/5541/4656 5654/3467/2623
f 5641/5538/4653 5642/5539/4654 5656/5542/4657 5655/5541/4656
f 5642/5539/4654 5643/3450/2606 5657/3461/2617 5656/5542/4657
f 5643/3450/2606 5647/3449/2605 5658/3462/2618 5657/3461/2617
f 5652/3455/2611 5653/3466/2622 5664/3465/2621 5663/3464/2620
f 5638/3452/2608 5659/3456/2612 5651/3453/2609
f 5659/3456/2612 5663/3464/2620 5651/3453/2609
f 5666/3469/2625 5649/3457/2613 5650/5540/4655 5667/3474/2630
f 5655/5541/4656 5664/3465/2621 5654/3467/2623
f 5649/3457/2613 5666/3469/2625 5662/3463/2619
f 5667/3474/2630 5650/5540/4655 5651/3453/2609 5668/5543/4658
f 5668/5543/4658 5651/3453/2609 5663/3464/2620 5669/5544/4659
f 5663/3464/2620 5664/3465/2621 5670/5545/4660 5669/5544/4659
f 5664/3465/2621 5655/5541/4656 5671/5546/4661 5670/5545/4660
f 5655/5541/4656 5656/5542/4657 5672/3476/2632 5671/5546/4661
f 5656/5542/4657 5657/3461/2617 5673/3472/2628 5672/3476/2632
f 5667/3474/2630 5668/5543/4658 5677/3478/2634 5676/3473/2629
f 5665/3468/2624 5673/3472/2628 5657/3461/2617
f 5668/5543/4658 5669/5544/4659 5678/3479/2635 5677/3478/2634
f 5669/5544/4659 5670/5545/4660 5679/3482/2638 5678/3479/2635
f 5679/3482/2638 5670/5545/4660 5671/5546/4661 5680/3480/2636
f 5680/3480/2636 5671/5546/4661 5672/3476/2632 5681/3475/2631
f 5678/3479/2635 5679/3482/2638 5685/3481/2637 5684/3477/2633
f 5666/3469/2625 5682/5547/4662 5674/3470/2626
f 5675/3471/2627 5683/5548/4663 5673/3472/2628
f 5666/3469/2625 5676/3473/2629 5689/5549/4664 5688/3483/2639
f 5666/3469/2625 5686/3484/2640 5682/5547/4662
f 5683/5548/4663 5687/3485/2641 5673/3472/2628
f 5676/3473/2629 5677/3478/2634 5690/5550/4665 5689/5549/4664
f 5677/3478/2634 5684/3477/2633 5691/5551/4666 5690/5550/4665
f 5684/3477/2633 5685/3481/2637 5693/5552/4667 5692/5553/4668
f 5692/5553/4668 5691/5551/4666 5684/3477/2633
f 5694/5554/4669 5685/3481/2637 5680/3480/2636 5695/5555/4670
f 5685/3481/2637 5694/5554/4669 5693/5552/4667
f 5695/5555/4670 5680/3480/2636 5681/3475/2631 5696/5556/4671
f 5696/5556/4671 5681/3475/2631 5673/3472/2628 5697/3486/2642
f 5700/5557/4672 5689/5549/4664 5690/5550/4665 5701/5558/4673
f 5689/5549/4664 5700/5557/4672 5688/3483/2639
f 5701/5558/4673 5690/5550/4665 5691/5551/4666 5702/3495/2651
f 5702/3495/2651 5691/5551/4666 5692/5553/4668 5703/3490/2646
f 5692/5553/4668 5693/5552/4667 5704/3491/2647 5703/3490/2646
f 5693/5552/4667 5694/5554/4669 5705/3497/2653 5704/3491/2647
f 5694/5554/4669 5695/5555/4670 5706/5559/4674 5705/3497/2653
f 5695/5555/4670 5696/5556/4671 5707/5560/4675 5706/5559/4674
f 5711/5561/4676 5701/5558/4673 5702/3495/2651 5712/3494/2650
f 5697/3486/2642 5707/5560/4675 5696/5556/4671
f 5705/3497/2653 5708/3489/2645 5704/3491/2647
f 5701/5558/4673 5711/5561/4676 5700/5557/4672
f 5705/3497/2653 5706/5559/4674 5713/5562/4677 5715/3496/2652
f 5708/3489/2645 5712/3494/2650 5703/3490/2646
f 5717/5563/4678 5688/3483/2639 5700/5557/4672 5718/5564/4679
f 5707/5560/4675 5713/5562/4677 5706/5559/4674
f 5688/3483/2639 5717/5563/4678 5714/3498/2654
f 5718/5564/4679 5700/5557/4672 5711/5561/4676 5719/3504/2660
f 5719/3504/2660 5711/5561/4676 5712/3494/2650 5720/3505/2661
f 5715/3496/2652 5713/5562/4677 5723/3506/2662 5722/3502/2658
f 5712/3494/2650 5721/3501/2657 5720/3505/2661
f 5715/3496/2652 5721/3501/2657 5712/3494/2650
f 5713/5562/4677 5707/5560/4675 5724/5565/4680 5723/3506/2662
f 5707/5560/4675 5697/3486/2642 5725/5566/4681 5724/5565/4680
f 5726/5567/4682 5717/5563/4678 5732/3515/2671 5731/5568/4683
f 5716/3499/2655 5725/5566/4681 5697/3486/2642
f 5717/5563/4678 5726/5567/4682 5714/3498/2654
f 5716/3499/2655 5728/5569/4684 5725/5566/4681
f 5727/3500/2656 5729/3503/2659 5721/3501/2657
f 5722/3502/2658 5730/3507/2663 5727/3500/2656
f 5717/5563/4678 5718/5564/4679 5733/3509/2665 5732/3515/2671
f 5718/5564/4679 5719/3504/2660 5734/3510/2666 5733/3509/2665
f 5719/3504/2660 5729/3503/2659 5735/5570/4685 5734/3510/2666
f 5729/3503/2659 5727/3500/2656 5737/5571/4686 5736/5572/4687
f 5736/5572/4687 5735/5570/4685 5729/3503/2659
f 5737/5571/4686 5727/3500/2656 5730/3507/2663 5738/5573/4688
f 5738/5573/4688 5730/3507/2663 5723/3506/2662 5739/3513/2669
f 5739/3513/2669 5723/3506/2662 5724/5565/4680 5740/3511/2667
f 5740/3511/2667 5724/5565/4680 5725/5566/4681 5741/3518/2674
f 5741/3518/2674 5725/5566/4681 5728/5569/4684 5742/5574/4689
f 5734/3510/2666 5735/5570/4685 5747/5575/4690 5746/3508/2664
f 5732/3515/2671 5743/5576/4691 5731/5568/4683
f 5742/5574/4689 5744/5577/4692 5741/3518/2674
f 5732/3515/2671 5745/5578/4693 5743/5576/4691
f 5735/5570/4685 5736/5572/4687 5748/5579/4694 5747/5575/4690
f 5736/5572/4687 5737/5571/4686 5749/5580/4695 5748/5579/4694
f 5749/5580/4695 5737/5571/4686 5738/5573/4688 5750/5581/4696
f 5750/5581/4696 5738/5573/4688 5739/3513/2669 5751/3512/2668
f 5755/3514/2670 5746/3508/2664 5768/5582/4697 5767/3526/2682
f 5744/5577/4692 5752/5583/4698 5741/3518/2674
f 5732/3515/2671 5753/5584/4699 5745/5578/4693
f 5752/5583/4698 5754/3516/2672 5741/3518/2674
f 5746/3508/2664 5755/3514/2670 5733/3509/2665
f 5741/3518/2674 5756/3517/2673 5740/3511/2667
f 5732/3515/2671 5757/5585/4700 5753/5584/4699
f 5754/3516/2672 5758/5586/4701 5756/3517/2673
f 5740/3511/2667 5759/3519/2675 5751/3512/2668
f 5732/3515/2671 5760/3521/2677 5757/5585/4700
f 5758/5586/4701 5761/3524/2680 5756/3517/2673
f 5755/3514/2670 5762/3520/2676 5732/3515/2671
f 5764/3523/2679 5765/3525/2681 5756/3517/2673
f 5762/3520/2676 5766/3529/2685 5763/3522/2678
f 5746/3508/2664 5747/5575/4690 5769/5587/4702 5768/5582/4697
f 5747/5575/4690 5748/5579/4694 5770/5588/4703 5769/5587/4702
f 5748/5579/4694 5749/5580/4695 5771/5589/4704 5770/5588/4703
f 5771/5589/4704 5749/5580/4695 5750/5581/4696 5772/5590/4705
f 5772/5590/4705 5750/5581/4696 5751/3512/2668 5773/3527/2683
f 5777/3534/2690 5775/3528/2684 5762/3520/2676 5778/3532/2688
f 5764/3523/2679 5774/3531/2687 5765/3525/2681
f 5778/3532/2688 5762/3520/2676 5767/3526/2682 5779/5591/4706
f 5779/5591/4706 5767/3526/2682 5768/5582/4697 5780/5592/4707
f 5780/5592/4707 5768/5582/4697 5769/5587/4702 5781/5593/4708
f 5781/5593/4708 5769/5587/4702 5770/5588/4703 5782/5594/4709
f 5770/5588/4703 5771/5589/4704 5783/5595/4710 5782/5594/4709
f 5771/5589/4704 5772/5590/4705 5784/5596/4711 5783/5595/4710
f 5772/5590/4705 5773/3527/2683 5785/5597/4712 5784/5596/4711
f 5773/3527/2683 5759/3519/2675 5786/5598/4713 5785/5597/4712
f 5759/3519/2675 5765/3525/2681 5787/3536/2692 5786/5598/4713
f 5765/3525/2681 5776/3530/2686 5788/3537/2693 5787/3536/2692
f 5792/5599/4714 5781/5593/4708 5782/5594/4709 5793/5600/4715
f 5781/5593/4708 5792/5599/4714 5780/5592/4707
f 5782/5594/4709 5783/5595/4710 5794/5601/4716 5793/5600/4715
f 5783/5595/4710 5784/5596/4711 5795/5602/4717 5794/5601/4716
f 5797/5603/4718 5791/3538/2694 5778/3532/2688 5798/3558/2714
f 5785/5597/4712 5795/5602/4717 5784/5596/4711
f 5798/3558/2714 5778/3532/2688 5779/5591/4706 5799/3547/2703
f 5799/3547/2703 5779/5591/4706 5780/5592/4707 5800/3541/2697
f 5800/3541/2697 5780/5592/4707 5792/5599/4714 5801/3542/2698
f 5801/3542/2698 5792/5599/4714 5793/5600/4715 5802/3549/2705
f 5793/5600/4715 5794/5601/4716 5803/3551/2707 5802/3549/2705
f 5794/5601/4716 5795/5602/4717 5804/3545/2701 5803/3551/2707
f 5795/5602/4717 5785/5597/4712 5805/3543/2699 5804/3545/2701
f 5785/5597/4712 5786/5598/4713 5806/3552/2708 5805/3543/2699
f 5786/5598/4713 5787/3536/2692 5807/3554/2710 5806/3552/2708
f 5787/3536/2692 5796/3539/2695 5808/5604/4719 5807/3554/2710
f 5802/3549/2705 5803/3551/2707 5817/3550/2706 5816/3548/2704
f 5798/3558/2714 5809/5605/4720 5797/5603/4718
f 5802/3549/2705 5810/3540/2696 5801/3542/2698
f 5804/3545/2701 5811/3544/2700 5803/3551/2707
f 5808/5604/4719 5812/5606/4721 5807/3554/2710
f 5798/3558/2714 5813/5607/4722 5809/5605/4720
f 5812/5606/4721 5814/5608/4723 5807/3554/2710
f 5810/3540/2696 5815/3546/2702 5800/3541/2697
f 5816/3548/2704 5817/3550/2706 5831/3566/2722 5830/3565/2721
f 5805/3543/2699 5818/3553/2709 5811/3544/2700
f 5798/3558/2714 5819/3557/2713 5813/5607/4722
f 5806/3552/2708 5820/3555/2711 5818/3553/2709
f 5814/5608/4723 5821/3559/2715 5807/3554/2710
f 5799/3547/2703 5822/3556/2712 5798/3558/2714
f 5807/3554/2710 5823/3560/2716 5820/3555/2711
f 5816/3548/2704 5824/3561/2717 5810/3540/2696
f 5811/3544/2700 5825/3562/2718 5817/3550/2706
f 5822/3556/2712 5826/5609/4724 5819/3557/2713
f 5815/3546/2702 5827/3563/2719 5799/3547/2703
f 5821/3559/2715 5828/5610/4725 5823/3560/2716
f 5824/3561/2717 5829/3564/2720 5815/3546/2702
f 5820/3555/2711 5823/3560/2716 5843/3580/2736 5842/3577/2733
f 5818/3553/2709 5832/3567/2723 5825/3562/2718
f 5822/3556/2712 5833/3569/2725 5826/5609/4724
f 5828/5610/4725 5834/3571/2727 5823/3560/2716
f 5822/3556/2712 5841/3576/2732 5839/3574/2730
f 5831/3566/2722 5825/3562/2718 5848/5611/4726 5847/3582/2738
f 5840/3575/2731 5843/3580/2736 5823/3560/2716
f 5824/3561/2717 5846/3581/2737 5829/3564/2720
f 5862/3597/2753 5841/3576/2732 5851/3585/2741 5863/5612/4727
f 5832/3567/2723 5848/5611/4726 5825/3562/2718
f 5827/3563/2719 5851/3585/2741 5841/3576/2732
f 5830/3565/2721 5852/5613/4728 5846/3581/2737
f 5847/3582/2738 5852/5613/4728 5830/3565/2721
f 5841/3576/2732 5853/3589/2745 5849/3583/2739
f 5846/3581/2737 5854/3586/2742 5829/3564/2720
f 5832/3567/2723 5855/3587/2743 5848/5611/4726
f 5850/3584/2740 5856/3591/2747 5843/3580/2736
f 5852/5613/4728 5860/3594/2750 5846/3581/2737
f 5847/3582/2738 5860/3594/2750 5852/5613/4728
f 5841/3576/2732 5862/3597/2753 5859/3592/2748
f 5863/5612/4727 5851/3585/2741 5854/3586/2742 5864/5614/4729
f 5864/5614/4729 5854/3586/2742 5846/3581/2737 5865/3595/2751
f 5847/3582/2738 5848/5611/4726 5867/3605/2760 5866/3596/2752
f 5848/5611/4726 5855/3587/2743 5868/5615/4730 5867/3605/2760
f 5855/3587/2743 5842/3577/2733 5869/5616/4731 5868/5615/4730
f 5842/3577/2733 5843/3580/2736 5870/3600/2755 5869/5616/4731
f 5875/5617/4732 5863/5612/4727 5864/5614/4729 5876/5618/4733
f 5861/3593/2749 5870/3600/2755 5843/3580/2736
f 5867/3605/2760 5873/3601/2756 5866/3596/2752
f 5863/5612/4727 5875/5617/4732 5862/3597/2753
f 5876/5618/4733 5864/5614/4729 5865/3595/2751 5877/3603/2758
f 5867/3605/2760 5868/5615/4730 5878/5619/4734 5881/3604/2759
f 5873/3601/2756 5877/3603/2758 5860/3594/2750
f 5868/5615/4730 5869/5616/4731 5879/5620/4735 5878/5619/4734
f 5874/3602/2757 5862/3597/2753 5884/3618/2773 5883/5621/4736
f 5870/3600/2755 5879/5620/4735 5869/5616/4731
f 5881/3604/2759 5882/3608/2763 5877/3603/2758
f 5862/3597/2753 5875/5617/4732 5885/3612/2767 5884/3618/2773
f 5875/5617/4732 5876/5618/4733 5886/3613/2768 5885/3612/2767
f 5876/5618/4733 5877/3603/2758 5887/3610/2765 5886/3613/2768
f 5889/5622/4737 5881/3604/2759 5878/5619/4734 5890/3617/2772
f 5882/3608/2763 5887/3610/2765 5877/3603/2758
f 5881/3604/2759 5889/5622/4737 5888/3607/2762
f 5890/3617/2772 5878/5619/4734 5879/5620/4735 5891/3615/2770
f 5891/3615/2770 5879/5620/4735 5870/3600/2755 5892/3622/2777
f 5892/3622/2777 5870/3600/2755 5880/3606/2761 5893/5623/4738
f 5886/3613/2768 5887/3610/2765 5898/3626/2781 5897/3611/2766
f 5884/3618/2773 5894/3620/2775 5883/5621/4736
f 5893/5623/4738 5895/3623/2778 5892/3622/2777
f 5888/3607/2762 5896/3609/2764 5882/3608/2763
f 5899/3614/2769 5888/3607/2762 5889/5622/4737 5900/5624/4739
f 5896/3609/2764 5898/3626/2781 5887/3610/2765
f 5900/5624/4739 5889/5622/4737 5890/3617/2772 5901/3616/2771
f 5905/3628/2783 5884/3618/2773 5885/3612/2767 5906/5625/4740
f 5896/3609/2764 5904/3624/2779 5898/3626/2781
f 5899/3614/2769 5904/3624/2779 5896/3609/2764
f 5884/3618/2773 5905/3628/2783 5902/3619/2774
f 5906/5625/4740 5885/3612/2767 5897/3611/2766 5907/5626/4741
f 5907/5626/4741 5897/3611/2766 5898/3626/2781 5908/3625/2780
f 5899/3614/2769 5900/5624/4739 5910/3636/2791 5909/3627/2782
f 5900/5624/4739 5901/3616/2771 5911/5627/4742 5910/3636/2791
f 5901/3616/2771 5891/3615/2770 5912/5628/4743 5911/5627/4742
f 5891/3615/2770 5892/3622/2777 5913/3631/2786 5912/5628/4743
f 5918/5629/4744 5907/5626/4741 5908/3625/2780 5919/3634/2789
f 5903/3621/2776 5913/3631/2786 5892/3622/2777
f 5904/3624/2779 5916/3633/2788 5908/3625/2780
f 5909/3627/2782 5916/3633/2788 5904/3624/2779
f 5907/5626/4741 5918/5629/4744 5906/5625/4740
f 5910/3636/2791 5911/5627/4742 5921/5630/4745 5920/3635/2790
f 5917/3632/2787 5905/3628/2783 5924/3647/2802 5923/5631/4746
f 5912/5628/4743 5921/5630/4745 5911/5627/4742
f 5905/3628/2783 5906/5625/4740 5925/3652/2807 5924/3647/2802
f 5906/5625/4740 5918/5629/4744 5926/3640/2795 5925/3652/2807
f 5918/5629/4744 5919/3634/2789 5927/3638/2793 5926/3640/2795
f 5916/3633/2788 5920/3635/2790 5928/3643/2798 5927/3638/2793
f 5928/3643/2798 5920/3635/2790 5921/5630/4745 5929/3641/2796
f 5929/3641/2796 5921/5630/4745 5912/5628/4743 5930/3646/2801
f 5930/3646/2801 5912/5628/4743 5913/3631/2786 5931/3644/2799
f 5931/3644/2799 5913/3631/2786 5922/3637/2792 5932/5632/4747
f 5927/3638/2793 5928/3643/2798 5936/5633/4748 5935/5634/4749
f 5924/3647/2802 5933/3649/2804 5923/5631/4746
f 5935/5634/4749 5934/3639/2794 5927/3638/2793
f 5939/5635/4750 5929/3641/2796 5930/3646/2801 5940/3645/2800
f 5928/3643/2798 5937/3642/2797 5936/5633/4748
f 5932/5632/4747 5938/5636/4751 5931/3644/2799
f 5929/3641/2796 5939/5635/4750 5937/3642/2797
f 5944/3650/2805 5926/3640/2795 5934/3639/2794 5945/5637/4752
f 5938/5636/4751 5942/3657/2812 5931/3644/2799
f 5924/3647/2802 5943/3654/2809 5941/3648/2803
f 5925/3652/2807 5943/3654/2809 5924/3647/2802
f 5926/3640/2795 5944/3650/2805 5925/3652/2807
f 5935/5634/4749 5936/5633/4748 5949/3659/2814 5948/5638/4753
f 5935/5634/4749 5945/5637/4752 5934/3639/2794
f 5937/3642/2797 5946/3660/2815 5936/5633/4748
f 5939/5635/4750 5946/3660/2815 5937/3642/2797
f 5925/3652/2807 5947/3651/2806 5943/3654/2809
f 5935/5634/4749 5948/5638/4753 5945/5637/4752
f 5953/5639/4754 5951/3655/2810 5943/3654/2809 5954/3664/2819
f 5946/3660/2815 5949/3659/2814 5936/5633/4748
f 5942/3657/2812 5950/3653/2808 5931/3644/2799
f 5954/3664/2819 5943/3654/2809 5947/3651/2806 5955/5640/4755
f 5955/5640/4755 5947/3651/2806 5944/3650/2805 5956/5641/4756
f 5956/5641/4756 5944/3650/2805 5945/5637/4752 5957/3672/2827
f 5957/3672/2827 5945/5637/4752 5948/5638/4753 5958/3662/2817
f 5948/5638/4753 5949/3659/2814 5959/3658/2813 5958/3662/2817
f 5946/3660/2815 5939/5635/4750 5960/3663/2818 5959/3658/2813
f 5939/5635/4750 5940/3645/2800 5961/5642/4757 5960/3663/2818
f 5940/3645/2800 5950/3653/2808 5962/3668/2823 5961/5642/4757
f 5950/3653/2808 5952/3656/2811 5963/5643/4758 5962/3668/2823
f 5970/3676/2831 5967/3665/2820 5954/3664/2819 5971/3674/2829
f 5954/3664/2819 5964/3666/2821 5953/5639/4754
f 5963/5643/4758 5966/3669/2824 5962/3668/2823
f 5958/3662/2817 5968/3670/2825 5957/3672/2827
f 5965/3661/2816 5968/3670/2825 5958/3662/2817
f 5971/3674/2829 5954/3664/2819 5955/5640/4755 5972/5644/4759
f 5972/5644/4759 5955/5640/4755 5956/5641/4756 5973/5645/4760
f 5973/5645/4760 5956/5641/4756 5957/3672/2827 5974/3671/2826
f 5965/3661/2816 5960/3663/2818 5976/5646/4761 5975/3673/2828
f 5960/3663/2818 5961/5642/4757 5977/5647/4762 5976/5646/4761
f 5961/5642/4757 5962/3668/2823 5978/3678/2833 5977/5647/4762
f 5962/3668/2823 5969/3667/2822 5979/3679/2834 5978/3678/2833
f 5989/3691/2846 5986/3683/2838 5971/3674/2829 5990/3689/2844
f 5975/3673/2828 5974/3671/2826 5968/3670/2825
f 5974/3671/2826 5983/3687/2842 5973/5645/4760
f 5976/5646/4761 5984/3681/2836 5975/3673/2828
f 5974/3671/2826 5987/3685/2840 5983/3687/2842
f 5984/3681/2836 5987/3685/2840 5974/3671/2826
f 5990/3689/2844 5971/3674/2829 5972/5644/4759 5991/5648/4763
f 5991/5648/4763 5972/5644/4759 5973/5645/4760 5992/5649/4764
f 5992/5649/4764 5973/5645/4760 5983/3687/2842 5993/3686/2841
f 5984/3681/2836 5976/5646/4761 5995/5650/4765 5994/3688/2843
f 5976/5646/4761 5977/5647/4762 5996/5651/4766 5995/5650/4765
f 5977/5647/4762 5978/3678/2833 5997/3693/2848 5996/5651/4766
f 5978/3678/2833 5988/3684/2839 5998/3694/2849 5997/3693/2848
f 6003/5652/4767 5992/5649/4764 5993/3686/2841 6004/3697/2852
f 5987/3685/2840 6000/3696/2851 5993/3686/2841
f 5994/3688/2843 6000/3696/2851 5987/3685/2840
f 5992/5649/4764 6003/5652/4767 5991/5648/4763
f 5994/3688/2843 5995/5650/4765 6006/5653/4768 6005/3698/2853
f 6011/5654/4769 6008/3700/2855 5990/3689/2844 6012/3707/2862
f 5996/5651/4766 6006/5653/4768 5995/5650/4765
f 6000/3696/2851 6009/3702/2857 6004/3697/2852
f 6005/3698/2853 6009/3702/2857 6000/3696/2851
f 6012/3707/2862 5990/3689/2844 5991/5648/4763 6013/3708/2863
f 6013/3708/2863 5991/5648/4763 6003/5652/4767 6014/5655/4770
f 6014/5655/4770 6003/5652/4767 6004/3697/2852 6015/3703/2858
f 6005/3698/2853 6006/5653/4768 6017/5656/4771 6016/3704/2859
f 6006/5653/4768 5996/5651/4766 6018/3712/2867 6017/5656/4771
f 5996/5651/4766 5997/3693/2848 6019/3710/2865 6018/3712/2867
f 5997/3693/2848 6010/3701/2856 6020/5657/4772 6019/3710/2865
f 6013/3708/2863 6014/5655/4770 6026/5658/4773 6025/3706/2861
f 6012/3707/2862 6021/5659/4774 6011/5654/4769
f 6016/3704/2859 6022/3705/2860 6009/3702/2857
f 6020/5657/4772 6023/5660/4775 6019/3710/2865
f 6012/3707/2862 6024/3714/2869 6021/5659/4774
f 6014/5655/4770 6015/3703/2858 6027/3719/2874 6026/5658/4773
f 6028/3709/2864 6016/3704/2859 6017/5656/4771 6029/5661/4776
f 6022/3705/2860 6027/3719/2874 6015/3703/2858
f 6029/5661/4776 6017/5656/4771 6018/3712/2867 6030/3711/2866
f 6022/3705/2860 6028/3709/2864 6036/5662/4777 6035/3718/2873
f 6023/5660/4775 6031/3716/2871 6019/3710/2865
f 6027/3719/2874 6035/3718/2873 6026/5658/4773
f 6038/3721/2876 6012/3707/2862 6041/5663/4778 6040/5664/4779
f 6029/5661/4776 6036/5662/4777 6028/3709/2864
f 6012/3707/2862 6025/3706/2861 6042/5665/4780 6041/5663/4778
f 6025/3706/2861 6026/5658/4773 6043/3724/2879 6042/5665/4780
f 6026/5658/4773 6035/3718/2873 6044/3725/2880 6043/3724/2879
f 6035/3718/2873 6036/5662/4777 6045/3728/2883 6044/3725/2880
f 6045/3728/2883 6036/5662/4777 6029/5661/4776 6046/3726/2881
f 6046/3726/2881 6029/5661/4776 6030/3711/2866 6047/5666/4781
f 6047/5666/4781 6030/3711/2866 6019/3710/2865 6048/5667/4782
f 6048/5667/4782 6019/3710/2865 6039/3722/2877 6049/5668/4783
f 6044/3725/2880 6045/3728/2883 6052/3727/2882 6051/3723/2878
f 6041/5663/4778 6050/5669/4784 6040/5664/4779
f 6054/5670/4785 6041/5663/4778 6057/5671/4786 6056/5672/4787
f 6049/5668/4783 6053/5673/4788 6048/5667/4782
f 6041/5663/4778 6054/5670/4785 6050/5669/4784
f 6053/5673/4788 6055/5674/4789 6048/5667/4782
f 6041/5663/4778 6042/5665/4780 6058/5675/4790 6057/5671/4786
f 6042/5665/4780 6043/3724/2879 6059/3730/2885 6058/5675/4790
f 6043/3724/2879 6051/3723/2878 6060/3731/2886 6059/3730/2885
f 6051/3723/2878 6052/3727/2882 6061/3734/2889 6060/3731/2886
f 6061/3734/2889 6052/3727/2882 6046/3726/2881 6062/3732/2887
f 6062/3732/2887 6046/3726/2881 6047/5666/4781 6063/5676/4791
f 6063/5676/4791 6047/5666/4781 6048/5667/4782 6064/5677/4792
f 6064/5677/4792 6048/5667/4782 6055/5674/4789 6065/5678/4793
f 6060/3731/2886 6061/3734/2889 6070/3733/2888 6069/3729/2884
f 6057/5671/4786 6066/5679/4794 6056/5672/4787
f 6065/5678/4793 6067/5680/4795 6064/5677/4792
f 6057/5671/4786 6068/5681/4796 6066/5679/4794
f 6072/5682/4797 6057/5671/4786 6075/3735/2890 6074/3737/2892
f 6067/5680/4795 6071/5683/4798 6064/5677/4792
f 6057/5671/4786 6072/5682/4797 6068/5681/4796
f 6071/5683/4798 6073/5684/4799 6064/5677/4792
f 6057/5671/4786 6058/5675/4790 6076/5685/4800 6075/3735/2890
f 6058/5675/4790 6059/3730/2885 6077/5686/4801 6076/5685/4800
f 6059/3730/2885 6069/3729/2884 6078/3744/2899 6077/5686/4801
f 6069/3729/2884 6070/3733/2888 6080/5687/4802 6079/5688/4803
f 6079/5688/4803 6078/3744/2899 6069/3729/2884
f 6081/3747/2902 6070/3733/2888 6062/3732/2887 6082/5689/4804
f 6070/3733/2888 6081/3747/2902 6080/5687/4802
f 6082/5689/4804 6062/3732/2887 6063/5676/4791 6083/5690/4805
f 6083/5690/4805 6063/5676/4791 6064/5677/4792 6084/3739/2894
f 6084/3739/2894 6064/5677/4792 6073/5684/4799 6085/3740/2895
f 6079/5688/4803 6080/5687/4802 6089/3746/2901 6088/3742/2897
f 6079/5688/4803 6088/3742/2897 6078/3744/2899
f 6091/3753/2908 6076/5685/4800 6077/5686/4801 6092/5691/4806
f 6081/3747/2902 6089/3746/2901 6080/5687/4802
f 6076/5685/4800 6091/3753/2908 6075/3735/2890
f 6092/5691/4806 6077/5686/4801 6078/3744/2899 6093/3743/2898
f 6081/3747/2902 6082/5689/4804 6095/5692/4807 6094/3745/2900
f 6082/5689/4804 6083/5690/4805 6096/3756/2911 6095/5692/4807
f 6090/3741/2896 6075/3735/2890 6099/3752/2907 6098/5693/4808
f 6084/3739/2894 6096/3756/2911 6083/5690/4805
f 6088/3742/2897 6089/3746/2901 6101/3750/2905 6100/3749/2904
f 6091/3753/2908 6099/3752/2907 6075/3735/2890
f 6102/3754/2909 6084/3739/2894 6097/3748/2903 6103/5694/4809
f 6084/3739/2894 6102/3754/2909 6096/3756/2911
f 6091/3753/2908 6092/5691/4806 6106/5695/4810 6105/3751/2906
f 6099/3752/2907 6104/5696/4811 6098/5693/4808
f 6092/5691/4806 6093/3743/2898 6107/3758/2913 6106/5695/4810
f 6108/3759/2914 6094/3745/2900 6095/5692/4807 6109/5697/4812
f 6100/3749/2904 6107/3758/2913 6093/3743/2898
f 6094/3745/2900 6108/3759/2914 6101/3750/2905
f 6109/5697/4812 6095/5692/4807 6096/3756/2911 6110/3755/2910
f 6100/3749/2904 6101/3750/2905 6113/3760/2915 6112/3757/2912
f 6103/5694/4809 6111/5698/4813 6102/3754/2909
f 6104/5696/4811 6099/3752/2907 6115/3762/2917 6114/3764/2919
f 6116/3768/2923 6102/3754/2909 6111/5698/4813 6117/3769/2924
f 6105/3751/2906 6115/3762/2917 6099/3752/2907
f 6102/3754/2909 6116/3768/2923 6110/3755/2910
f 6120/3772/2927 6105/3751/2906 6106/5695/4810 6121/5699/4814
f 6113/3760/2915 6118/3761/2916 6112/3757/2912
f 6105/3751/2906 6120/3772/2927 6115/3762/2917
f 6121/5699/4814 6106/5695/4810 6107/3758/2913 6122/3765/2920
f 6108/3759/2914 6109/5697/4812 6124/5700/4815 6123/3766/2921
f 6109/5697/4812 6110/3755/2910 6125/3775/2930 6124/5700/4815
f 6120/3772/2927 6121/5699/4814 6130/3781/2936 6129/3771/2926
f 6116/3768/2923 6125/3775/2930 6110/3755/2910
f 6115/3762/2917 6128/3777/2932 6119/3763/2918
f 6132/3782/2937 6124/5700/4815 6125/3775/2930 6133/3774/2929
f 6122/3765/2920 6130/3781/2936 6121/5699/4814
f 6127/3770/2925 6131/3773/2928 6118/3761/2916
f 6124/5700/4815 6132/3782/2937 6123/3766/2921
f 6122/3765/2920 6131/3773/2928 6139/3785/2940 6138/3780/2935
f 6126/3767/2922 6134/3778/2933 6116/3768/2923
f 6129/3771/2926 6135/3776/2931 6115/3762/2917
f 6116/3768/2923 6136/3779/2934 6133/3774/2929
f 6135/3776/2931 6137/5701/4816 6128/3777/2932
f 6129/3771/2926 6130/3781/2936 6145/3793/2948 6144/3786/2941
f 6127/3770/2925 6139/3785/2940 6131/3773/2928
f 6123/3766/2921 6140/3783/2938 6127/3770/2925
f 6134/3778/2933 6141/5702/4817 6136/3779/2934
f 6135/3776/2931 6143/3789/2944 6137/5701/4816
f 6146/3794/2949 6132/3782/2937 6133/3774/2929 6147/3787/2942
f 6138/3780/2935 6145/3793/2948 6130/3781/2936
f 6132/3782/2937 6146/3794/2949 6140/3783/2938
f 6138/3780/2935 6139/3785/2940 6153/3797/2952 6152/3792/2947
f 6141/5702/4817 6148/3790/2945 6136/3779/2934
f 6144/3786/2941 6149/3788/2943 6135/3776/2931
f 6136/3779/2934 6150/3791/2946 6147/3787/2942
f 6149/3788/2943 6151/5703/4818 6143/3789/2944
f 6144/3786/2941 6145/3793/2948 6159/3810/2965 6158/3798/2953
f 6142/3784/2939 6153/3797/2952 6139/3785/2940
f 6140/3783/2938 6154/3795/2950 6142/3784/2939
f 6148/3790/2945 6155/5704/4819 6150/3791/2946
f 6149/3788/2943 6157/3801/2956 6151/5703/4818
f 6160/3813/2968 6146/3794/2949 6147/3787/2942 6161/3799/2954
f 6152/3792/2947 6159/3810/2965 6145/3793/2948
f 6146/3794/2949 6160/3813/2968 6154/3795/2950
f 6149/3788/2943 6158/3798/2953 6169/3809/2964 6168/3806/2961
f 6155/5704/4819 6162/5705/4820 6150/3791/2946
f 1648/840/24 1634/828/12 2639/4114/3266 1649/4116/3268
f 6154/3795/2950 6164/3802/2957 6156/3796/2951
f 6162/5705/4820 6165/3805/2960 6150/3791/2946
f 6170/3811/2966 6161/3799/2954 6150/3791/2946 6171/3807/2962
f 6159/3810/2965 6169/3809/2964 6158/3798/2953
f 6161/3799/2954 6170/3811/2966 6160/3813/2968
f 6168/3806/2961 6169/3809/2964 6183/3823/2978 6182/3818/2973
f 6152/3792/2947 6172/3808/2963 6159/3810/2965
f 6160/3813/2968 6173/3812/2967 6154/3795/2950
f 6168/3806/2961 6174/5706/4821 6166/3803/2958
f 6153/3797/2952 6175/3817/2972 6152/3792/2947
f 6164/3802/2957 6175/3817/2972 6153/3797/2952
f 6167/3804/2959 6177/5707/4822 6171/3807/2962
f 6175/3817/2972 6178/3815/2970 6152/3792/2947
f 6168/3806/2961 6180/3819/2974 6174/5706/4821
f 6177/5707/4822 6181/3820/2975 6171/3807/2962
f 6184/3825/2980 6170/3811/2966 6171/3807/2962 6185/3821/2976
f 6172/3808/2963 6183/3823/2978 6169/3809/2964
f 6170/3811/2966 6184/3825/2980 6173/3812/2967
f 6189/3829/2984 6176/3814/2969 6173/3812/2967 6190/3826/2981
f 6182/3818/2973 6186/5708/4823 6180/3819/2974
f 6178/3815/2970 6187/3822/2977 6172/3808/2963
f 6179/3816/2971 6188/3824/2979 6175/3817/2972
f 6176/3814/2969 6189/3829/2984 6179/3816/2971
f 6178/3815/2970 6188/3824/2979 6194/5709/4824 6193/3827/2982
f 6181/3820/2975 6191/5710/4825 6185/3821/2976
f 6182/3818/2973 6192/5711/4826 6186/5708/4823
f 6188/3824/2979 6179/3816/2971 6195/5712/4827 6194/5709/4824
f 6195/5712/4827 6179/3816/2971 6189/3829/2984 6196/3828/2983
f 6192/5711/4826 6182/3818/2973 6199/3836/2991 6198/5713/4828
f 6191/5710/4825 6197/5714/4829 6185/3821/2976
f 6182/3818/2973 6183/3823/2978 6200/3831/2986 6199/3836/2991
f 6201/3832/2987 6184/3825/2980 6185/3821/2976 6202/3840/2995
f 6187/3822/2977 6200/3831/2986 6183/3823/2978
f 6184/3825/2980 6201/3832/2987 6190/3826/2981
f 6202/3840/2995 6185/3821/2976 6197/5714/4829 6203/5715/4830
f 6193/3827/2982 6194/5709/4824 6209/5716/4831 6208/3834/2989
f 6199/3836/2991 6204/5717/4832 6198/5713/4828
f 6193/3827/2982 6205/3830/2985 6187/3822/2977
f 6190/3826/2981 6206/3833/2988 6196/3828/2983
f 6203/5715/4830 6207/5718/4833 6202/3840/2995
f 6194/5709/4824 6195/5712/4827 6210/5719/4834 6209/5716/4831
f 6210/5719/4834 6195/5712/4827 6196/3828/2983 6211/3835/2990
f 6218/3846/3001 6216/3837/2992 6199/3836/2991 6219/3844/2999
f 6199/3836/2991 6212/5720/4835 6204/5717/4832
f 6207/5718/4833 6213/5721/4836 6202/3840/2995
f 6199/3836/2991 6214/3838/2993 6212/5720/4835
f 6213/5721/4836 6215/3841/2996 6202/3840/2995
f 6219/3844/2999 6199/3836/2991 6200/3831/2986 6220/5722/4837
f 6220/5722/4837 6200/3831/2986 6205/3830/2985 6221/3842/2997
f 6206/3833/2988 6201/3832/2987 6223/5723/4838 6222/3843/2998
f 6201/3832/2987 6202/3840/2995 6224/3848/3003 6223/5723/4838
f 6202/3840/2995 6217/3839/2994 6225/3849/3004 6224/3848/3003
f 6227/5724/4839 6208/3834/2989 6209/5716/4831 6228/5725/4840
f 6208/3834/2989 6227/5724/4839 6221/3842/2997
f 6209/5716/4831 6210/5719/4834 6229/5726/4841 6228/5725/4840
f 6210/5719/4834 6211/3835/2990 6230/5727/4842 6229/5726/4841
f 6234/5728/4843 6232/3850/3005 6219/3844/2999 6235/3853/3008
f 6222/3843/2998 6230/5727/4842 6211/3835/2990
f 6235/3853/3008 6219/3844/2999 6220/5722/4837 6236/3854/3009
f 6236/3854/3009 6220/5722/4837 6221/3842/2997 6237/5729/4844
f 6237/5729/4844 6221/3842/2997 6227/5724/4839 6238/3857/3012
f 6238/3857/3012 6227/5724/4839 6228/5725/4840 6239/3855/3010
f 6228/5725/4840 6229/5726/4841 6240/3859/3014 6239/3855/3010
f 6229/5726/4841 6230/5727/4842 6241/3860/3015 6240/3859/3014
f 6230/5727/4842 6222/3843/2998 6242/5730/4845 6241/3860/3015
f 6222/3843/2998 6223/5723/4838 6243/3863/3018 6242/5730/4845
f 6223/5723/4838 6224/3848/3003 6244/3861/3016 6243/3863/3018
f 6224/3848/3003 6233/3851/3006 6245/5731/4846 6244/3861/3016
f 6236/3854/3009 6237/5729/4844 6248/3865/3020 6247/3852/3007
f 6235/3853/3008 6246/5732/4847 6234/5728/4843
f 6237/5729/4844 6238/3857/3012 6249/3856/3011 6248/3865/3020
f 6239/3855/3010 6240/3859/3014 6250/3858/3013 6249/3856/3011
f 6250/3858/3013 6241/3860/3015 6242/5730/4845 6251/3867/3022
f 6251/3867/3022 6242/5730/4845 6243/3863/3018 6252/3862/3017
f 6248/3865/3020 6249/3856/3011 6255/5733/4848 6254/3864/3019
f 6245/5731/4846 6253/5734/4849 6244/3861/3016
f 6249/3856/3011 6250/3858/3013 6257/5735/4850 6256/5736/4851
f 6256/5736/4851 6255/5733/4848 6249/3856/3011
f 6258/5737/4852 6250/3858/3013 6251/3867/3022 6259/3866/3021
f 6250/3858/3013 6258/5737/4852 6257/5735/4850
f 6246/5732/4847 6235/3853/3008 6261/3872/3027 6260/5738/4853
f 6235/3853/3008 6247/3852/3007 6262/3869/3024 6261/3872/3027
f 6263/3870/3025 6252/3862/3017 6244/3861/3016 6264/3876/3031
f 6254/3864/3019 6262/3869/3024 6247/3852/3007
f 6252/3862/3017 6263/3870/3025 6259/3866/3021
f 6264/3876/3031 6244/3861/3016 6253/5734/4849 6265/5739/4854
f 6254/3864/3019 6255/5733/4848 6269/5740/4855 6268/3868/3023
f 6261/3872/3027 6266/3874/3029 6260/5738/4853
f 6265/5739/4854 6267/3877/3032 6264/3876/3031
f 6255/5733/4848 6256/5736/4851 6270/5741/4856 6269/5740/4855
f 6256/5736/4851 6257/5735/4850 6271/5742/4857 6270/5741/4856
f 6271/5742/4857 6257/5735/4850 6258/5737/4852 6272/5743/4858
f 6272/5743/4858 6258/5737/4852 6259/3866/3021 6273/3871/3026
f 6276/3878/3033 6268/3868/3023 6269/5740/4855 6277/3888/3043
f 6268/3868/3023 6276/3878/3033 6262/3869/3024
f 6277/3888/3043 6269/5740/4855 6270/5741/4856 6278/3886/3041
f 6270/5741/4856 6271/5742/4857 6279/3890/3045 6278/3886/3041
f 6271/5742/4857 6272/5743/4858 6280/3891/3046 6279/3890/3045
f 6272/5743/4858 6273/3871/3026 6281/3881/3036 6280/3891/3046
f 6282/3882/3037 6261/3872/3027 6262/3869/3024 6283/3879/3034
f 6263/3870/3025 6281/3881/3036 6273/3871/3026
f 6261/3872/3027 6282/3882/3037 6274/3873/3028
f 6263/3870/3025 6264/3876/3031 6285/3885/3040 6284/3880/3035
f 6288/3893/3048 6276/3878/3033 6277/3888/3043 6289/3887/3042
f 6275/3875/3030 6285/3885/3040 6264/3876/3031
f 6276/3878/3033 6288/3893/3048 6283/3879/3034
f 6278/3886/3041 6279/3890/3045 6290/3889/3044 6289/3887/3042
f 6280/3891/3046 6281/3881/3036 6291/3896/3051 6290/3889/3044
f 6289/3887/3042 6290/3889/3044 6297/5744/4859 6296/5745/4860
f 6284/3880/3035 6291/3896/3051 6281/3881/3036
f 6283/3879/3034 6293/3894/3049 6282/3882/3037
f 6285/3885/3040 6294/3895/3050 6284/3880/3035
f 6289/3887/3042 6296/5745/4860 6288/3893/3048
f 6298/5746/4861 6292/3892/3047 6282/3882/3037 6299/3898/3053
f 6291/3896/3051 6297/5744/4859 6290/3889/3044
f 6300/3902/3057 6288/3893/3048 6296/5745/4860 6301/3903/3058
f 6288/3893/3048 6300/3902/3057 6293/3894/3049
f 6296/5745/4860 6297/5744/4859 6302/3906/3061 6301/3903/3058
f 6297/5744/4859 6291/3896/3051 6303/3904/3059 6302/3906/3061
f 6285/3885/3040 6295/3897/3052 6305/5747/4862 6304/3899/3054
f 6294/3895/3050 6303/3904/3059 6291/3896/3051
f 6301/3903/3058 6302/3906/3061 6310/3915/3070 6309/5748/4863
f 6299/3898/3053 6306/3909/3064 6298/5746/4861
f 6300/3902/3057 6307/3900/3055 6293/3894/3049
f 6309/5748/4863 6308/3901/3056 6301/3903/3058
f 6307/3900/3055 6300/3902/3057 6319/5749/4864 6318/3912/3067
f 6302/3906/3061 6311/3905/3060 6310/3915/3070
f 6294/3895/3050 6312/3907/3062 6303/3904/3059
f 6305/5747/4862 6313/3910/3065 6304/3899/3054
f 6307/3900/3055 6314/3908/3063 6299/3898/3053
f 6304/3899/3054 6315/3911/3066 6312/3907/3062
f 6309/5748/4863 6316/3914/3069 6308/3901/3056
f 6310/3915/3070 6316/3914/3069 6309/5748/4863
f 6314/3908/3063 6317/5750/4865 6306/3909/3064
f 6300/3902/3057 6308/3901/3056 6320/5751/4866 6319/5749/4864
f 6321/3913/3068 6310/3915/3070 6311/3905/3060 6322/3921/3076
f 6316/3914/3069 6320/5751/4866 6308/3901/3056
f 6322/3921/3076 6311/3905/3060 6303/3904/3059 6323/5752/4867
f 6323/5752/4867 6303/3904/3059 6312/3907/3062 6324/3916/3071
f 6318/3912/3067 6319/5749/4864 6330/5753/4868 6329/3917/3072
f 6313/3910/3065 6325/5754/4869 6315/3911/3066
f 6314/3908/3063 6326/5755/4870 6317/5750/4865
f 6325/5754/4869 6327/5756/4871 6315/3911/3066
f 6314/3908/3063 6328/3923/3078 6326/5755/4870
f 6319/5749/4864 6320/5751/4866 6331/5757/4872 6330/5753/4868
f 6320/5751/4866 6316/3914/3069 6332/3926/3081 6331/5757/4872
f 6333/3919/3074 6323/5752/4867 6324/3916/3071 6334/3918/3073
f 6321/3913/3068 6332/3926/3081 6316/3914/3069
f 6323/5752/4867 6333/3919/3074 6322/3921/3076
f 6336/3922/3077 6329/3917/3072 6342/3945/3100 6341/3927/3082
f 6327/5756/4871 6335/3924/3079 6315/3911/3066
f 6322/3921/3076 6340/3920/3075 6321/3913/3068
f 6329/3917/3072 6336/3922/3077 6314/3908/3063
f 6315/3911/3066 6337/3925/3080 6334/3918/3073
f 6336/3922/3077 6338/3928/3083 6328/3923/3078
f 6335/3924/3079 6339/3929/3084 6337/3925/3080
f 6329/3917/3072 6330/5753/4868 6343/3947/3102 6342/3945/3100
f 6330/5753/4868 6331/5757/4872 6344/3936/3091 6343/3947/3102
f 6331/5757/4872 6332/3926/3081 6345/3934/3089 6344/3936/3091
f 6332/3926/3081 6340/3920/3075 6346/3938/3093 6345/3934/3089
f 6347/3939/3094 6340/3920/3075 6333/3919/3074 6348/3956/3110
f 6340/3920/3075 6347/3939/3094 6346/3938/3093
f 6348/3956/3110 6333/3919/3074 6334/3918/3073 6349/3949/3104
f 6349/3949/3104 6334/3918/3073 6337/3925/3080 6350/3930/3085
f 6345/3934/3089 6346/3938/3093 6358/5758/4873 6357/5759/4874
f 6344/3936/3091 6354/3935/3090 6343/3947/3102
f 6348/3956/3110 6355/3937/3092 6347/3939/3094
f 6345/3934/3089 6357/5759/4874 6354/3935/3090
f 6357/5759/4874 6358/5758/4873 6371/5760/2473 6370/5761/2472
f 6355/3937/3092 6358/5758/4873 6346/3938/3093
f 6343/3947/3102 6362/3944/3099 6342/3945/3100
f 6357/5759/4874 6363/3946/3101 6354/3935/3090
f 6355/3937/3092 6364/3955/2478 6358/5758/4873
f 6348/3956/3110 6364/3955/2478 6355/3937/3092
f 6349/3949/3104 6365/3948/3103 6348/3956/3110
f 6341/3927/3082 6367/3951/3106 6361/3943/3098
f 6366/3950/3105 6368/3952/3107 6350/3930/3085
f 6343/3947/3102 6369/3953/3108 6362/3944/3099
f 6357/5759/4874 6370/5761/2472 6363/3946/3101
f 6613/4832/3260 6602/1414/3254 6376/3959/3111 6375/3961/3113
f 6364/3955/2478 6371/5760/2473 6358/5758/4873
f 6365/3948/3103 6372/3954/3109 6348/3956/3110
f 6367/3951/3106 6373/5762/4875 6361/3943/3098
f 6366/3950/3105 6374/5763/4876 6368/3952/3107
f 6367/3951/3106 5462/5764/2476 6373/5762/4875
f 6374/5763/4876 5465/5765/2481 6368/3952/3107
f 6367/3951/3106 5463/3957/2474 5462/5764/2476
f 5465/5765/2481 5464/3958/2480 6368/3952/3107
f 6602/1414/3254 6614/4544/3262 6377/3967/3119 6376/3959/3111
f 6614/4544/3262 6603/1906/3261 6378/3973/3125 6377/3967/3119
f 6603/1906/3261 6604/4835/4877 6379/5766/4878 6378/3973/3125
f 6604/4835/4877 6605/1417/4879 6380/5767/4880 6379/5766/4878
f 6605/1417/4879 6606/1420/4881 6381/5768/4882 6380/5767/4880
f 6381/5768/4882 6606/1420/4881 6607/4836/4883 6382/5769/4884
f 6382/5769/4884 6607/4836/4883 6608/1909/3264 6383/3976/3128
f 6383/3976/3128 6608/1909/3264 6615/4546/3263 6384/3970/3122
f 6384/3970/3122 6615/4546/3263 6609/1423/3255 6385/3963/3115
f 6385/3963/3115 6609/1423/3255 6616/4839/3265 6386/3964/3116
f 6378/3973/3125 6379/5766/4878 6399/5770/4885 6398/3977/3129
f 6376/3959/3111 6391/3968/3120 6389/3965/3117
f 6390/3966/3118 6392/3969/3121 6385/3963/3115
f 6377/3967/3119 6395/3974/3126 6391/3968/3120
f 6392/3969/3121 6396/3975/3127 6384/3970/3122
f 6391/3968/3120 6397/5771/4886 6393/3971/3123
f 6379/5766/4878 6380/5767/4880 6400/5772/4887 6399/5770/4885
f 6380/5767/4880 6381/5768/4882 6401/5773/4888 6400/5772/4887
f 6401/5773/4888 6381/5768/4882 6382/5769/4884 6402/5774/4889
f 6402/5774/4889 6382/5769/4884 6383/3976/3128 6403/3978/3130
f 6409/5775/4890 6391/3968/3120 6414/3984/3136 6413/5776/4891
f 6394/3972/3124 6404/5777/4892 6392/3969/3121
f 6391/3968/3120 6405/5778/4893 6397/5771/4886
f 6404/5777/4892 6406/5779/4894 6392/3969/3121
f 6391/3968/3120 6407/5780/4895 6405/5778/4893
f 6406/5779/4894 6408/5781/4896 6392/3969/3121
f 6391/3968/3120 6409/5775/4890 6407/5780/4895
f 6398/3977/3129 6410/3979/3131 6395/3974/3126
f 6396/3975/3127 6411/3980/3132 6403/3978/3130
f 6408/5781/4896 6412/5782/4897 6392/3969/3121
f 6398/3977/3129 6399/5770/4885 6416/5783/4898 6415/3981/3133
f 6410/3979/3131 6414/3984/3136 6391/3968/3120
f 6399/5770/4885 6400/5772/4887 6417/5784/4899 6416/5783/4898
f 6400/5772/4887 6401/5773/4888 6418/5785/4900 6417/5784/4899
f 6418/5785/4900 6401/5773/4888 6402/5774/4889 6419/5786/4901
f 6419/5786/4901 6402/5774/4889 6403/3978/3130 6420/3982/3134
f 6421/3985/3137 6392/3969/3121 6412/5782/4897 6422/5787/4902
f 6392/3969/3121 6421/3985/3137 6411/3980/3132
f 6427/5788/4903 6414/3984/3136 6432/3990/3142 6431/5789/4904
f 6414/3984/3136 6423/5790/4905 6413/5776/4891
f 6422/5787/4902 6424/5791/4906 6421/3985/3137
f 6414/3984/3136 6425/5792/4907 6423/5790/4905
f 6424/5791/4906 6426/5793/4908 6421/3985/3137
f 6414/3984/3136 6427/5788/4903 6425/5792/4907
f 6415/3981/3133 6428/3983/3135 6410/3979/3131
f 6411/3980/3132 6429/3986/3138 6420/3982/3134
f 6426/5793/4908 6430/5794/4909 6421/3985/3137
f 6415/3981/3133 6416/5783/4898 6434/3997/3149 6433/3987/3139
f 6428/3983/3135 6432/3990/3142 6414/3984/3136
f 6416/5783/4898 6417/5784/4899 6435/3995/3147 6434/3997/3149
f 6417/5784/4899 6418/5785/4900 6436/3999/3151 6435/3995/3147
f 6436/3999/3151 6418/5785/4900 6419/5786/4901 6437/4000/3152
f 6437/4000/3152 6419/5786/4901 6420/3982/3134 6438/3988/3140
f 6439/3991/3143 6421/3985/3137 6430/5794/4909 6440/5795/4910
f 6421/3985/3137 6439/3991/3143 6429/3986/3138
f 6435/3995/3147 6436/3999/3151 6452/4007/3159 6451/4004/3156
f 6432/3990/3142 6441/5796/4911 6431/5789/4904
f 6433/3987/3139 6442/3989/3141 6428/3983/3135
f 6429/3986/3138 6443/3992/3144 6438/3988/3140
f 6440/5795/4910 6444/5797/4912 6439/3991/3143
f 6432/3990/3142 6445/3994/3146 6441/5796/4911
f 6444/5797/4912 6446/4002/3154 6439/3991/3143
f 6434/3997/3149 6448/3996/3148 6433/3987/3139
f 6438/3988/3140 6449/3998/3150 6437/4000/3152
f 6435/3995/3147 6451/4004/3156 6448/3996/3148
f 6454/4009/3161 6433/3987/3139 6448/3996/3148 6455/4005/3157
f 6449/3998/3150 6452/4007/3159 6436/3999/3151
f 6433/3987/3139 6454/4009/3161 6442/3989/3141
f 6449/3998/3150 6438/3988/3140 6457/4012/3164 6456/4006/3158
f 6459/4013/3165 6432/3990/3142 6442/3989/3141 6460/4010/3162
f 6443/3992/3144 6457/4012/3164 6438/3988/3140
f 6432/3990/3142 6459/4013/3165 6453/4003/3155
f 6443/3992/3144 6439/3991/3143 6462/4016/3168 6461/4011/3163
f 6467/4022/3174 6454/4009/3161 6455/4005/3157 6468/4019/3171
f 6458/4008/3160 6462/4016/3168 6439/3991/3143
f 6451/4004/3156 6465/4018/3170 6455/4005/3157
f 6452/4007/3159 6465/4018/3170 6451/4004/3156
f 6454/4009/3161 6467/4022/3174 6460/4010/3162
f 6452/4007/3159 6456/4006/3158 6470/5798/4913 6469/4020/3172
f 6456/4006/3158 6457/4012/3164 6471/4025/3177 6470/5798/4913
f 6473/4026/3178 6459/4013/3165 6460/4010/3162 6474/4023/3175
f 6461/4011/3163 6471/4025/3177 6457/4012/3164
f 6459/4013/3165 6473/4026/3178 6466/4017/3169
f 6461/4011/3163 6462/4016/3168 6476/4029/3181 6475/4024/3176
f 6480/5799/4914 6467/4022/3174 6468/4019/3171 6481/5800/4915
f 6472/4021/3173 6476/4029/3181 6462/4016/3168
f 6467/4022/3174 6480/5799/4914 6474/4023/3175
f 6481/5800/4915 6468/4019/3171 6465/4018/3170 6482/5801/4916
f 6465/4018/3170 6469/4020/3172 6483/5802/4917 6482/5801/4916
f 6469/4020/3172 6470/5798/4913 6484/5803/4918 6483/5802/4917
f 6470/5798/4913 6471/4025/3177 6485/5804/4919 6484/5803/4918
f 6487/4282/4920 6473/4026/3178 6490/4033/3185 6489/5805/4921
f 6475/4024/3176 6485/5804/4919 6471/4025/3177
f 6473/4026/3178 6487/4282/4920 6479/4030/3182
f 6486/4031/3183 6488/4286/4922 6476/4029/3181
f 6473/4026/3178 6474/4023/3175 6491/4034/3186 6490/4033/3185
f 6474/4023/3175 6480/5799/4914 6492/5806/4923 6491/4034/3186
f 6480/5799/4914 6481/5800/4915 6493/4036/3188 6492/5806/4923
f 6481/5800/4915 6482/5801/4916 6494/4037/3189 6493/4036/3188
f 6482/5801/4916 6483/5802/4917 6495/4040/3192 6494/4037/3189
f 6495/4040/3192 6483/5802/4917 6484/5803/4918 6496/4038/3190
f 6496/4038/3190 6484/5803/4918 6485/5804/4919 6497/5807/4924
f 6497/5807/4924 6485/5804/4919 6475/4024/3176 6498/4043/3195
f 6498/4043/3195 6475/4024/3176 6476/4029/3181 6499/4041/3193
f 6499/4041/3193 6476/4029/3181 6488/4286/4922 6500/5808/4925
f 6491/4034/3186 6492/5806/4923 6505/5809/4926 6504/4032/3184
f 6490/4033/3185 6501/5810/4927 6489/5805/4921
f 6500/5808/4925 6502/5811/4928 6499/4041/3193
f 6490/4033/3185 6503/5812/4929 6501/5810/4927
f 6492/5806/4923 6493/4036/3188 6506/4035/3187 6505/5809/4926
f 6494/4037/3189 6495/4040/3192 6507/4039/3191 6506/4035/3187
f 6507/4039/3191 6496/4038/3190 6497/5807/4924 6508/5813/4930
f 6508/5813/4930 6497/5807/4924 6498/4043/3195 6509/4042/3194
f 6506/4035/3187 6507/4039/3191 6513/5814/4931 6512/5815/4932
f 6502/5811/4928 6510/5816/4933 6499/4041/3193
f 6490/4033/3185 6511/5817/4934 6503/5812/4929
f 6511/5817/4934 6490/4033/3185 6516/4050/3202 6515/5818/4935
f 6510/5816/4933 6514/5819/4936 6499/4041/3193
f 6490/4033/3185 6504/4032/3184 6517/4045/3197 6516/4050/3202
f 6504/4032/3184 6505/5809/4926 6518/4046/3198 6517/4045/3197
f 6505/5809/4926 6506/4035/3187 6519/5820/4937 6518/4046/3198
f 6526/5821/4938 6507/4039/3191 6508/5813/4930 6520/4049/3201
f 6512/5815/4932 6519/5820/4937 6506/4035/3187
f 6507/4039/3191 6526/5821/4938 6513/5814/4931
f 6520/4049/3201 6508/5813/4930 6509/4042/3194 6521/4047/3199
f 6521/4047/3199 6509/4042/3194 6499/4041/3193 6522/4054/3206
f 6522/4054/3206 6499/4041/3193 6514/5819/4936 6523/5822/4939
f 6512/5815/4932 6513/5814/4931 6526/5821/4938 6519/5820/4937
f 6516/4050/3202 6524/4052/3204 6515/5818/4935
f 6519/5820/4937 6525/4044/3196 6518/4046/3198
f 6519/5820/4937 6526/5821/4938 6531/5823/4940 6530/5824/4941
f 6520/4049/3201 6527/4048/3200 6526/5821/4938
f 6523/5822/4939 6528/4055/3207 6522/4054/3206
f 6519/5820/4937 6530/5824/4941 6525/4044/3196
f 6533/4058/3210 6529/4051/3203 6516/4050/3202 6534/4056/3208
f 6527/4048/3200 6531/5823/4940 6526/5821/4938
f 6534/4056/3208 6516/4050/3202 6517/4045/3197 6535/5825/4942
f 6535/5825/4942 6517/4045/3197 6525/4044/3196 6536/5826/4943
f 6536/5826/4943 6525/4044/3196 6530/5824/4941 6537/5827/4944
f 6530/5824/4941 6531/5823/4940 6539/5828/4945 6538/5829/4946
f 6530/5824/4941 6538/5829/4946 6537/5827/4944
f 6531/5823/4940 6527/4048/3200 6541/5830/4947 6540/5831/4948
f 6540/5831/4948 6539/5828/4945 6531/5823/4940
f 6527/4048/3200 6521/4047/3199 6542/5832/4949 6541/5830/4947
f 6521/4047/3199 6522/4054/3206 6543/4060/3212 6542/5832/4949
f 6522/4054/3206 6532/4053/3205 6544/4061/3213 6543/4060/3212
f 6548/5833/4950 6535/5825/4942 6536/5826/4943 6549/5834/4951
f 6535/5825/4942 6548/5833/4950 6534/4056/3208
f 6549/5834/4951 6536/5826/4943 6537/5827/4944 6550/4068/3220
f 6550/4068/3220 6537/5827/4944 6538/5829/4946 6551/4066/3218
f 6538/5829/4946 6539/5828/4945 6552/4070/3222 6551/4066/3218
f 6539/5828/4945 6540/5831/4948 6553/4071/3223 6552/4070/3222
f 6540/5831/4948 6541/5830/4947 6554/5835/4952 6553/4071/3223
f 6541/5830/4947 6542/5832/4949 6555/5836/4953 6554/5835/4952
f 6559/4074/3226 6557/4064/3216 6534/4056/3208 6560/4072/3224
f 6543/4060/3212 6555/5836/4953 6542/5832/4949
f 6560/4072/3224 6534/4056/3208 6548/5833/4950 6561/4083/3235
f 6561/4083/3235 6548/5833/4950 6549/5834/4951 6562/4079/3231
f 6562/4079/3231 6549/5834/4951 6550/4068/3220 6563/4067/3219
f 6551/4066/3218 6552/4070/3222 6564/4069/3221 6563/4067/3219
f 6553/4071/3223 6554/5835/4952 6565/4080/3232 6564/4069/3221
f 6554/5835/4952 6555/5836/4953 6566/4084/3236 6565/4080/3232
f 6555/5836/4953 6543/4060/3212 6567/4076/3228 6566/4084/3236
f 6543/4060/3212 6558/4065/3217 6568/4077/3229 6567/4076/3228
f 6563/4067/3219 6564/4069/3221 6574/5837/4954 6573/5838/4955
f 6560/4072/3224 6571/5839/4956 6569/4073/3225
f 6573/5838/4955 6572/4078/3230 6563/4067/3219
f 6572/4078/3230 6573/5838/4955 6586/5840/4957 6585/4091/3243
f 6564/4069/3221 6575/4081/3233 6574/5837/4954
f 6570/4075/3227 6576/5841/4958 6567/4076/3228
f 6560/4072/3224 6577/4087/3239 6571/5839/4956
f 6572/4078/3230 6578/4082/3234 6562/4079/3231
f 6565/4080/3232 6579/4085/3237 6575/4081/3233
f 6576/5841/4958 6580/4088/3240 6567/4076/3228
f 6561/4083/3235 6581/4086/3238 6560/4072/3224
f 6567/4076/3228 6582/4089/3241 6566/4084/3236
f 6581/4086/3238 6583/5842/4959 6577/4087/3239
f 6578/4082/3234 6584/4090/3242 6561/4083/3235
f 6573/5838/4955 6574/5837/4954 6587/5843/4960 6586/5840/4957
f 6587/5843/4960 6574/5837/4954 6575/4081/3233 6588/4092/3244
f 6601/4105/3257 6597/4098/3250 6581/4086/3238 6602/4102/3254
f 6566/4084/3236 6589/4093/3245 6579/4085/3237
f 6580/4088/3240 6590/5844/4961 6582/4089/3241
f 6581/4086/3238 6591/5845/4962 6583/5842/4959
f 6590/5844/4961 6592/5846/4963 6582/4089/3241
f 6581/4086/3238 6593/4095/3247 6591/5845/4962
f 6592/5846/4963 6594/4097/3249 6582/4089/3241
f 6584/4090/3242 6598/4099/3251 6581/4086/3238
f 6582/4089/3241 6599/4100/3252 6589/4093/3245
f 6603/4109/3261 6578/4082/3234 6585/4091/3243 6604/5847/4877
f 6578/4082/3234 6603/4109/3261 6598/4099/3251
f 6604/5847/4877 6585/4091/3243 6586/5840/4957 6605/5848/4879
f 6586/5840/4957 6587/5843/4960 6606/5849/4881 6605/5848/4879
f 6587/5843/4960 6588/4092/3244 6607/5850/4883 6606/5849/4881
f 6588/4092/3244 6579/4085/3237 6608/4112/3264 6607/5850/4883
f 6582/4089/3241 6600/4101/3253 6610/4107/3259 6609/4103/3255
f 6599/4100/3252 6608/4112/3264 6579/4085/3237
f 6598/4099/3251 6614/4110/3262 6602/4102/3254
f 6609/4103/3255 6615/4111/3263 6599/4100/3252
l 1040 1041
l 224 225
