# Blender 4.4.1
# www.blender.org
mtllib GameClearFont.mtl
o テキスト
v -19.031666 -0.423574 -0.718667
v -19.031153 -0.444861 -0.718359
v -19.030634 -0.464895 -0.718070
v -19.030109 -0.483674 -0.717799
v -19.029575 -0.501200 -0.717546
v -19.029036 -0.517471 -0.717311
v -19.028490 -0.532488 -0.717094
v -19.027935 -0.546251 -0.716895
v -19.027374 -0.558760 -0.716715
v -19.026808 -0.570014 -0.716552
v -19.026236 -0.580015 -0.716408
v -19.025658 -0.588761 -0.716281
v -19.025070 -0.596253 -0.716173
v -19.017563 -0.659118 -0.715266
v -19.005842 -0.716403 -0.714438
v -18.989910 -0.768108 -0.713692
v -18.969763 -0.814234 -0.713026
v -18.945408 -0.854781 -0.712440
v -18.916836 -0.889747 -0.711935
v -18.884052 -0.919135 -0.711511
v -18.847055 -0.942943 -0.711167
v -18.805849 -0.961171 -0.710904
v -18.760429 -0.973820 -0.710722
v -18.710796 -0.980889 -0.710620
v -18.656950 -0.982379 -0.710598
v -18.605032 -0.978844 -0.710649
v -18.557745 -0.970759 -0.710766
v -18.515081 -0.958123 -0.710948
v -18.477047 -0.940938 -0.711196
v -18.443640 -0.919203 -0.711510
v -18.414860 -0.892917 -0.711890
v -18.390709 -0.862082 -0.712335
v -18.371181 -0.826696 -0.712846
v -18.356285 -0.786760 -0.713423
v -18.346014 -0.742275 -0.714065
v -18.340370 -0.693238 -0.714773
v -18.339355 -0.639652 -0.715547
v -18.332495 -0.378954 -0.719311
v -18.237524 -0.395073 -0.719078
v -18.147015 -0.416993 -0.718762
v -18.060961 -0.444713 -0.718361
v -17.979368 -0.478233 -0.717877
v -17.902231 -0.517553 -0.717310
v -17.829556 -0.562673 -0.716658
v -17.761337 -0.613594 -0.715923
v -17.697577 -0.670314 -0.715104
v -17.638275 -0.732835 -0.714201
v -17.583431 -0.801156 -0.713215
v -17.533049 -0.875278 -0.712145
v -17.487123 -0.955199 -0.710991
v -17.459570 -2.252096 -0.692265
v -17.458309 -2.276223 -0.691916
v -17.455666 -2.299620 -0.691579
v -17.451641 -2.322286 -0.691251
v -17.446232 -2.344221 -0.690935
v -17.439442 -2.365426 -0.690628
v -17.431267 -2.385900 -0.690333
v -17.421711 -2.405643 -0.690048
v -17.410774 -2.424655 -0.689773
v -17.398453 -2.442936 -0.689509
v -17.384748 -2.460487 -0.689256
v -17.369663 -2.477307 -0.689013
v -17.353193 -2.493396 -0.688781
v -17.335672 -2.508440 -0.688563
v -17.317427 -2.522123 -0.688366
v -17.298462 -2.534446 -0.688188
v -17.278774 -2.545409 -0.688030
v -17.258364 -2.555011 -0.687891
v -17.237234 -2.563253 -0.687772
v -17.215380 -2.570135 -0.687673
v -17.192804 -2.575656 -0.687593
v -17.169508 -2.579817 -0.687533
v -17.145489 -2.582618 -0.687492
v -17.120749 -2.584059 -0.687472
v -17.095289 -2.584139 -0.687470
v -17.069124 -2.582814 -0.687490
v -17.043997 -2.580081 -0.687529
v -17.019905 -2.575938 -0.687589
v -16.996853 -2.570387 -0.687669
v -16.974836 -2.563426 -0.687769
v -16.953859 -2.555057 -0.687890
v -16.933918 -2.545278 -0.688032
v -16.915014 -2.534091 -0.688193
v -16.897148 -2.521494 -0.688375
v -16.880322 -2.507489 -0.688577
v -16.864529 -2.492074 -0.688800
v -16.849777 -2.475251 -0.689043
v -16.836945 -2.459117 -0.689276
v -16.825277 -2.442293 -0.689519
v -16.814777 -2.424780 -0.689771
v -16.805439 -2.406578 -0.690034
v -16.797262 -2.387686 -0.690307
v -16.790255 -2.368104 -0.690590
v -16.784410 -2.347833 -0.690882
v -16.779730 -2.326873 -0.691185
v -16.776215 -2.305223 -0.691498
v -16.773863 -2.282884 -0.691820
v -16.772675 -2.259855 -0.692153
v -16.772654 -2.236136 -0.692495
v -16.811897 -0.547412 -0.716879
v -16.812254 -0.533547 -0.717079
v -16.812710 -0.518590 -0.717295
v -16.813263 -0.502543 -0.717527
v -16.813911 -0.485406 -0.717774
v -16.814659 -0.467178 -0.718037
v -16.815502 -0.447859 -0.718316
v -16.816442 -0.427450 -0.718611
v -16.817482 -0.405951 -0.718921
v -16.818615 -0.383361 -0.719247
v -16.819849 -0.359681 -0.719589
v -16.821178 -0.334910 -0.719947
v -16.822601 -0.309049 -0.720320
v -16.824030 -0.283187 -0.720694
v -16.825359 -0.258416 -0.721052
v -16.826590 -0.234736 -0.721393
v -16.827726 -0.212146 -0.721720
v -16.828764 -0.190647 -0.722030
v -16.829706 -0.170238 -0.722325
v -16.830549 -0.150920 -0.722604
v -16.831295 -0.132692 -0.722867
v -16.831945 -0.115554 -0.723114
v -16.832499 -0.099507 -0.723346
v -16.832952 -0.084551 -0.723562
v -16.833309 -0.070685 -0.723762
v -16.834461 -0.046967 -0.724105
v -16.836800 -0.023939 -0.724437
v -16.840324 -0.001602 -0.724760
v -16.845034 0.020045 -0.725072
v -16.850931 0.041002 -0.725375
v -16.858013 0.061268 -0.725667
v -16.866283 0.080844 -0.725950
v -16.875738 0.099729 -0.726223
v -16.886381 0.117924 -0.726486
v -16.898207 0.135429 -0.726738
v -16.911222 0.152243 -0.726981
v -16.925423 0.168367 -0.727214
v -16.940710 0.183463 -0.727432
v -16.956989 0.197192 -0.727630
v -16.974258 0.209554 -0.727809
v -16.992521 0.220550 -0.727967
v -17.011772 0.230179 -0.728106
v -17.032017 0.238441 -0.728226
v -17.053251 0.245338 -0.728325
v -17.075476 0.250867 -0.728405
v -17.098690 0.255030 -0.728465
v -17.122896 0.257826 -0.728506
v -17.148096 0.259256 -0.728526
v -17.174286 0.259320 -0.728527
v -17.220400 0.256206 -0.728482
v -17.263191 0.249086 -0.728379
v -17.302658 0.237958 -0.728219
v -17.338802 0.222823 -0.728000
v -17.371624 0.203681 -0.727724
v -17.401123 0.180531 -0.727389
v -17.427299 0.153375 -0.726997
v -17.450151 0.122211 -0.726547
v -17.469681 0.087040 -0.726040
v -17.485888 0.047862 -0.725474
v -17.498772 0.004677 -0.724850
v -17.508333 -0.042515 -0.724169
v -17.586475 0.010056 -0.724928
v -17.665909 0.057868 -0.725618
v -17.746630 0.100920 -0.726240
v -17.828640 0.139213 -0.726793
v -17.911940 0.172747 -0.727277
v -17.996527 0.201522 -0.727692
v -18.082405 0.225538 -0.728039
v -18.169571 0.244794 -0.728317
v -18.258024 0.259292 -0.728527
v -18.347769 0.269030 -0.728667
v -18.438803 0.274009 -0.728739
v -18.531124 0.274228 -0.728742
v -18.613506 0.267549 -0.728646
v -18.688494 0.251511 -0.728414
v -18.756086 0.226116 -0.728047
v -18.816286 0.191361 -0.727546
v -18.869089 0.147249 -0.726909
v -18.914501 0.093778 -0.726137
v -18.952513 0.030949 -0.725229
v -18.983133 -0.041239 -0.724187
v -19.006357 -0.122786 -0.723010
v -19.022190 -0.213690 -0.721697
v -19.030624 -0.313953 -0.720249
v -16.347261 -2.473894 -0.689062
v -16.329271 -2.487896 -0.688860
v -16.310862 -2.500635 -0.688676
v -16.292032 -2.512111 -0.688511
v -16.272783 -2.522322 -0.688363
v -16.253117 -2.531270 -0.688234
v -16.233030 -2.538954 -0.688123
v -16.212524 -2.545375 -0.688030
v -16.191599 -2.550531 -0.687956
v -16.170256 -2.554424 -0.687900
v -16.148491 -2.557054 -0.687862
v -16.126308 -2.558419 -0.687842
v -16.103712 -2.558521 -0.687840
v -16.082987 -2.556248 -0.687873
v -16.060406 -2.550349 -0.687958
v -16.035973 -2.540825 -0.688096
v -16.009687 -2.527674 -0.688286
v -15.981546 -2.510898 -0.688528
v -15.951553 -2.490496 -0.688823
v -15.919706 -2.466468 -0.689170
v -15.886005 -2.438814 -0.689569
v -15.850452 -2.407535 -0.690021
v -15.813044 -2.372629 -0.690525
v -15.773783 -2.334098 -0.691081
v -15.732672 -2.291941 -0.691690
v -15.693039 -2.309552 -0.691435
v -15.654213 -2.326411 -0.691192
v -15.616194 -2.342519 -0.690959
v -15.578983 -2.357876 -0.690738
v -15.542578 -2.372481 -0.690527
v -15.506981 -2.386334 -0.690327
v -15.472189 -2.399436 -0.690138
v -15.438206 -2.411786 -0.689959
v -15.405031 -2.423385 -0.689792
v -15.372660 -2.434232 -0.689635
v -15.341099 -2.444328 -0.689489
v -15.310341 -2.453671 -0.689354
v -15.280373 -2.462246 -0.689231
v -15.251179 -2.470032 -0.689118
v -15.222757 -2.477030 -0.689017
v -15.195105 -2.483239 -0.688928
v -15.168226 -2.488661 -0.688849
v -15.142118 -2.493294 -0.688782
v -15.116783 -2.497139 -0.688727
v -15.092218 -2.500196 -0.688683
v -15.068428 -2.502464 -0.688650
v -15.045408 -2.503945 -0.688629
v -15.023161 -2.504637 -0.688619
v -15.001686 -2.504541 -0.688620
v -14.900175 -2.499872 -0.688687
v -14.803093 -2.490684 -0.688820
v -14.710440 -2.476976 -0.689018
v -14.622217 -2.458750 -0.689281
v -14.538422 -2.436006 -0.689610
v -14.459055 -2.408742 -0.690003
v -14.384119 -2.376959 -0.690462
v -14.313610 -2.340658 -0.690986
v -14.247534 -2.299837 -0.691576
v -14.185883 -2.254498 -0.692230
v -14.128664 -2.204640 -0.692950
v -14.075880 -2.150263 -0.693736
v -14.027519 -2.091385 -0.694586
v -13.983587 -2.028024 -0.695501
v -13.944082 -1.960181 -0.696480
v -13.909008 -1.887853 -0.697524
v -13.878359 -1.811043 -0.698634
v -13.852142 -1.729750 -0.699807
v -13.830351 -1.643974 -0.701046
v -13.812988 -1.553715 -0.702349
v -13.800055 -1.458972 -0.703717
v -13.791550 -1.359747 -0.705150
v -13.787474 -1.256038 -0.706647
v -13.787828 -1.147847 -0.708209
v -13.793396 -1.045608 -0.709686
v -13.805292 -0.946005 -0.711124
v -13.823513 -0.849040 -0.712524
v -13.848063 -0.754712 -0.713886
v -13.878937 -0.663020 -0.715210
v -13.916140 -0.573966 -0.716496
v -13.959667 -0.487549 -0.717744
v -14.009521 -0.403769 -0.718953
v -14.065702 -0.322625 -0.720125
v -14.128212 -0.244119 -0.721258
v -14.197046 -0.168250 -0.722354
v -14.272207 -0.095018 -0.723411
v -14.351717 -0.026204 -0.724405
v -14.433592 0.036411 -0.725309
v -14.517836 0.092826 -0.726123
v -14.604446 0.143041 -0.726848
v -14.693424 0.187057 -0.727484
v -14.784773 0.224874 -0.728030
v -14.878489 0.256491 -0.728487
v -14.974571 0.281909 -0.728854
v -15.073023 0.301127 -0.729131
v -15.173843 0.314145 -0.729319
v -15.277031 0.320964 -0.729417
v -15.382584 0.321585 -0.729426
v -15.423990 0.319656 -0.729398
v -15.466423 0.315767 -0.729342
v -15.509890 0.309921 -0.729258
v -15.554386 0.302116 -0.729145
v -15.599915 0.292352 -0.729004
v -15.646473 0.280629 -0.728835
v -15.694063 0.266948 -0.728637
v -15.742683 0.251308 -0.728412
v -15.792336 0.233709 -0.728158
v -15.843019 0.214152 -0.727875
v -15.894733 0.192636 -0.727564
v -15.947477 0.169162 -0.727225
v -16.009102 0.139408 -0.726796
v -16.065292 0.109029 -0.726357
v -16.116051 0.078023 -0.725909
v -16.161377 0.046391 -0.725453
v -16.201265 0.014132 -0.724987
v -16.235723 -0.018752 -0.724512
v -16.264750 -0.052262 -0.724028
v -16.288342 -0.086399 -0.723535
v -16.306496 -0.121161 -0.723033
v -16.319221 -0.156551 -0.722522
v -16.326513 -0.192565 -0.722002
v -16.328371 -0.229206 -0.721473
v -16.327602 -0.244505 -0.721253
v -16.326017 -0.259462 -0.721036
v -16.323614 -0.274078 -0.720825
v -16.320393 -0.288352 -0.720619
v -16.316357 -0.302285 -0.720418
v -16.311502 -0.315876 -0.720222
v -16.305830 -0.329126 -0.720031
v -16.299337 -0.342034 -0.719844
v -16.292030 -0.354601 -0.719663
v -16.283903 -0.366827 -0.719486
v -16.274961 -0.378711 -0.719315
v -16.265202 -0.390253 -0.719148
v -16.260571 -0.407710 -0.718896
v -16.256084 -0.425905 -0.718633
v -16.251741 -0.444838 -0.718360
v -16.247545 -0.464508 -0.718076
v -16.243490 -0.484916 -0.717781
v -16.239580 -0.506062 -0.717476
v -16.235817 -0.527946 -0.717160
v -16.232195 -0.550568 -0.716833
v -16.228718 -0.573927 -0.716496
v -16.225386 -0.598025 -0.716148
v -16.222197 -0.622860 -0.715789
v -16.219152 -0.648433 -0.715420
v -16.216272 -0.674744 -0.715040
v -16.213572 -0.701794 -0.714650
v -16.211048 -0.729583 -0.714248
v -16.208708 -0.758110 -0.713837
v -16.206547 -0.787376 -0.713414
v -16.204569 -0.817380 -0.712981
v -16.202768 -0.848123 -0.712537
v -16.201149 -0.879605 -0.712082
v -16.199707 -0.911825 -0.711617
v -16.198448 -0.944785 -0.711141
v -16.197371 -0.978482 -0.710655
v -16.196472 -1.012919 -0.710157
v -16.195093 -1.093087 -0.709000
v -16.194773 -1.169446 -0.707897
v -16.195507 -1.241997 -0.706850
v -16.197302 -1.310738 -0.705857
v -16.200153 -1.375670 -0.704920
v -16.204062 -1.436793 -0.704037
v -16.209026 -1.494108 -0.703209
v -16.215050 -1.547613 -0.702437
v -16.222132 -1.597309 -0.701719
v -16.230270 -1.643197 -0.701057
v -16.239466 -1.685275 -0.700449
v -16.249722 -1.723545 -0.699897
v -16.251604 -1.728998 -0.699818
v -16.254848 -1.737565 -0.699694
v -16.259460 -1.749244 -0.699526
v -16.265430 -1.764037 -0.699312
v -16.272766 -1.781942 -0.699053
v -16.281466 -1.802960 -0.698750
v -16.291527 -1.827091 -0.698402
v -16.302950 -1.854334 -0.698008
v -16.315739 -1.884691 -0.697570
v -16.329889 -1.918160 -0.697087
v -16.345402 -1.954743 -0.696558
v -16.362280 -1.994438 -0.695985
v -16.377539 -2.030441 -0.695465
v -16.391459 -2.063762 -0.694984
v -16.404041 -2.094400 -0.694542
v -16.415289 -2.122356 -0.694138
v -16.425198 -2.147630 -0.693773
v -16.433771 -2.170222 -0.693447
v -16.441006 -2.190131 -0.693160
v -16.446903 -2.207358 -0.692911
v -16.451464 -2.221902 -0.692701
v -16.454689 -2.233764 -0.692530
v -16.456573 -2.242944 -0.692397
v -16.457121 -2.249442 -0.692303
v -16.455873 -2.271877 -0.691979
v -16.453186 -2.293633 -0.691665
v -16.449062 -2.314712 -0.691361
v -16.443502 -2.335112 -0.691066
v -16.436504 -2.354834 -0.690781
v -16.428068 -2.373877 -0.690506
v -16.418196 -2.392242 -0.690241
v -16.406885 -2.409929 -0.689986
v -16.394135 -2.426938 -0.689740
v -16.379948 -2.443268 -0.689505
v -16.364323 -2.458920 -0.689279
v -15.560520 -1.694634 -0.700314
v -15.550474 -1.594226 -0.701764
v -15.541403 -1.498141 -0.703151
v -15.533306 -1.406377 -0.704476
v -15.526188 -1.318935 -0.705739
v -15.520044 -1.235815 -0.706939
v -15.514879 -1.157018 -0.708077
v -15.510687 -1.082542 -0.709152
v -15.507473 -1.012388 -0.710165
v -15.505236 -0.946557 -0.711116
v -15.503973 -0.885047 -0.712004
v -15.503687 -0.827859 -0.712830
v -15.504379 -0.774993 -0.713593
v -15.504784 -0.761075 -0.713794
v -15.505358 -0.746820 -0.714000
v -15.506102 -0.732228 -0.714210
v -15.507013 -0.717300 -0.714426
v -15.508095 -0.702036 -0.714646
v -15.509344 -0.686435 -0.714872
v -15.510765 -0.670498 -0.715102
v -15.512354 -0.654224 -0.715337
v -15.514112 -0.637614 -0.715576
v -15.516039 -0.620668 -0.715821
v -15.518137 -0.603385 -0.716071
v -15.520401 -0.585765 -0.716325
v -15.522839 -0.567810 -0.716584
v -15.525444 -0.549517 -0.716848
v -15.528219 -0.530889 -0.717117
v -15.531164 -0.511924 -0.717391
v -15.534277 -0.492622 -0.717670
v -15.537560 -0.472984 -0.717954
v -15.541012 -0.453010 -0.718242
v -15.544632 -0.432699 -0.718535
v -15.548422 -0.412052 -0.718833
v -15.552380 -0.391068 -0.719136
v -15.556509 -0.369748 -0.719444
v -15.560806 -0.348091 -0.719757
v -15.552376 -0.343695 -0.719820
v -15.544104 -0.339499 -0.719881
v -15.535988 -0.335504 -0.719939
v -15.528028 -0.331709 -0.719993
v -15.520227 -0.328115 -0.720045
v -15.512581 -0.324722 -0.720094
v -15.505093 -0.321530 -0.720140
v -15.497759 -0.318538 -0.720184
v -15.490583 -0.315747 -0.720224
v -15.483566 -0.313156 -0.720261
v -15.476706 -0.310767 -0.720296
v -15.469999 -0.308578 -0.720327
v -15.463453 -0.306571 -0.720356
v -15.457066 -0.304730 -0.720383
v -15.450832 -0.303054 -0.720407
v -15.444757 -0.301542 -0.720429
v -15.438841 -0.300195 -0.720448
v -15.433081 -0.299014 -0.720466
v -15.427479 -0.297997 -0.720480
v -15.422035 -0.297145 -0.720493
v -15.416748 -0.296458 -0.720502
v -15.411619 -0.295936 -0.720510
v -15.406649 -0.295578 -0.720515
v -15.401836 -0.295386 -0.720518
v -15.343868 -0.295947 -0.720510
v -15.287029 -0.300350 -0.720446
v -15.231323 -0.308595 -0.720327
v -15.176746 -0.320681 -0.720153
v -15.123301 -0.336610 -0.719923
v -15.070984 -0.356380 -0.719637
v -15.019800 -0.379993 -0.719296
v -14.969749 -0.407448 -0.718900
v -14.920828 -0.438744 -0.718448
v -14.873035 -0.473882 -0.717941
v -14.826374 -0.512862 -0.717378
v -14.780844 -0.555685 -0.716760
v -14.737698 -0.601070 -0.716104
v -14.698177 -0.647740 -0.715430
v -14.662291 -0.695695 -0.714738
v -14.630032 -0.744934 -0.714027
v -14.601404 -0.795458 -0.713297
v -14.576408 -0.847266 -0.712549
v -14.555042 -0.900359 -0.711783
v -14.537308 -0.954736 -0.710998
v -14.523201 -1.010398 -0.710194
v -14.512728 -1.067345 -0.709372
v -14.505884 -1.125576 -0.708531
v -14.502670 -1.185092 -0.707672
v -14.502220 -1.241501 -0.706857
v -14.503548 -1.295569 -0.706076
v -14.506653 -1.347296 -0.705330
v -14.511534 -1.396682 -0.704616
v -14.518192 -1.443726 -0.703937
v -14.526628 -1.488429 -0.703292
v -14.536839 -1.530790 -0.702680
v -14.548828 -1.570811 -0.702102
v -14.562593 -1.608490 -0.701558
v -14.578138 -1.643828 -0.701048
v -14.595459 -1.676825 -0.700571
v -14.614553 -1.707480 -0.700129
v -14.635427 -1.735776 -0.699720
v -14.658079 -1.761696 -0.699346
v -14.682508 -1.785238 -0.699006
v -14.708715 -1.806403 -0.698700
v -14.736700 -1.825191 -0.698429
v -14.766466 -1.841602 -0.698192
v -14.798006 -1.855636 -0.697990
v -14.831324 -1.867292 -0.697821
v -14.866419 -1.876572 -0.697687
v -14.903292 -1.883475 -0.697588
v -14.941946 -1.888000 -0.697522
v -14.982374 -1.890149 -0.697491
v -15.008953 -1.890399 -0.697488
v -15.035313 -1.889910 -0.697495
v -15.061459 -1.888681 -0.697512
v -15.087387 -1.886713 -0.697541
v -15.113098 -1.884005 -0.697580
v -15.138594 -1.880558 -0.697630
v -15.163876 -1.876371 -0.697690
v -15.188940 -1.871445 -0.697761
v -15.213787 -1.865779 -0.697843
v -15.238420 -1.859374 -0.697936
v -15.262836 -1.852230 -0.698039
v -15.287035 -1.844345 -0.698153
v -15.311018 -1.835740 -0.698277
v -15.334785 -1.826430 -0.698411
v -15.358335 -1.816417 -0.698556
v -15.381668 -1.805701 -0.698711
v -15.404783 -1.794280 -0.698875
v -15.427681 -1.782156 -0.699050
v -15.450363 -1.769328 -0.699236
v -15.472828 -1.755797 -0.699431
v -15.495077 -1.741562 -0.699637
v -15.517109 -1.726623 -0.699852
v -15.538923 -1.710980 -0.700078
v -12.991552 -2.279846 -0.691865
v -12.930418 -2.303147 -0.691528
v -12.868723 -2.324285 -0.691223
v -12.806469 -2.343260 -0.690949
v -12.743654 -2.360073 -0.690706
v -12.680279 -2.374723 -0.690495
v -12.616344 -2.387210 -0.690314
v -12.551851 -2.397535 -0.690165
v -12.486797 -2.405697 -0.690048
v -12.421185 -2.411696 -0.689961
v -12.355011 -2.415533 -0.689906
v -12.288279 -2.417207 -0.689881
v -12.220985 -2.416718 -0.689888
v -12.119728 -2.412324 -0.689952
v -12.021687 -2.403919 -0.690073
v -11.926859 -2.391505 -0.690253
v -11.835249 -2.375082 -0.690490
v -11.746853 -2.354648 -0.690785
v -11.661671 -2.330205 -0.691138
v -11.579706 -2.301752 -0.691549
v -11.500956 -2.269290 -0.692017
v -11.425419 -2.232818 -0.692544
v -11.353102 -2.192336 -0.693128
v -11.283995 -2.147845 -0.693771
v -11.218098 -2.099344 -0.694471
v -11.150105 -2.041747 -0.695303
v -11.088223 -1.980603 -0.696186
v -11.032454 -1.915910 -0.697120
v -10.982794 -1.847669 -0.698105
v -10.939247 -1.775879 -0.699142
v -10.901812 -1.700541 -0.700230
v -10.870485 -1.621655 -0.701369
v -10.845270 -1.539221 -0.702559
v -10.826168 -1.453239 -0.703800
v -10.813177 -1.363708 -0.705093
v -10.806297 -1.270629 -0.706437
v -10.805525 -1.174002 -0.707832
v -10.810404 -1.066739 -0.709381
v -10.819986 -0.962381 -0.710888
v -10.834278 -0.860926 -0.712353
v -10.853271 -0.762375 -0.713776
v -10.876972 -0.666729 -0.715157
v -10.905376 -0.573986 -0.716496
v -10.938488 -0.484147 -0.717793
v -10.976307 -0.397212 -0.719048
v -11.018827 -0.313180 -0.720262
v -11.066055 -0.232053 -0.721433
v -11.117989 -0.153830 -0.722562
v -11.174627 -0.078510 -0.723650
v -11.242029 -0.000145 -0.724781
v -11.312965 0.071188 -0.725811
v -11.387436 0.135489 -0.726740
v -11.465435 0.192756 -0.727567
v -11.546968 0.242991 -0.728292
v -11.632036 0.286193 -0.728916
v -11.720636 0.322363 -0.729438
v -11.812769 0.351500 -0.729859
v -11.908436 0.373604 -0.730178
v -12.007631 0.388676 -0.730396
v -12.110363 0.396715 -0.730512
v -12.216627 0.397722 -0.730526
v -12.290434 0.395004 -0.730487
v -12.362080 0.390330 -0.730419
v -12.431562 0.383700 -0.730324
v -12.498880 0.375113 -0.730200
v -12.564039 0.364571 -0.730047
v -12.627033 0.352072 -0.729867
v -12.687864 0.337618 -0.729658
v -12.746534 0.321207 -0.729421
v -12.803040 0.302840 -0.729156
v -12.857384 0.282518 -0.728863
v -12.909565 0.260238 -0.728541
v -12.959583 0.236003 -0.728191
v -13.021091 0.201290 -0.727690
v -13.077118 0.163766 -0.727148
v -13.127659 0.123432 -0.726566
v -13.172718 0.080288 -0.725943
v -13.212290 0.034333 -0.725279
v -13.246380 -0.014432 -0.724575
v -13.274984 -0.066008 -0.723830
v -13.298105 -0.120394 -0.723045
v -13.315741 -0.177591 -0.722219
v -13.327894 -0.237598 -0.721353
v -13.334562 -0.300416 -0.720446
v -13.335747 -0.366044 -0.719498
v -13.332451 -0.412812 -0.718823
v -13.324766 -0.458583 -0.718162
v -13.312691 -0.503356 -0.717515
v -13.296227 -0.547131 -0.716883
v -13.275368 -0.589908 -0.716266
v -13.250120 -0.631688 -0.715662
v -13.220482 -0.672470 -0.715074
v -13.186451 -0.712254 -0.714499
v -13.148031 -0.751040 -0.713939
v -13.105219 -0.788829 -0.713393
v -13.058020 -0.825620 -0.712862
v -13.006428 -0.861414 -0.712345
v -12.979895 -0.878210 -0.712103
v -12.949280 -0.896201 -0.711843
v -12.914579 -0.915386 -0.711566
v -12.875797 -0.935767 -0.711272
v -12.832932 -0.957343 -0.710960
v -12.785984 -0.980113 -0.710631
v -12.734953 -1.004078 -0.710285
v -12.679838 -1.029239 -0.709922
v -12.620644 -1.055594 -0.709542
v -12.557364 -1.083144 -0.709144
v -12.490002 -1.111889 -0.708729
v -12.418558 -1.141829 -0.708297
v -11.539364 -1.505762 -0.703042
v -11.559874 -1.528129 -0.702719
v -11.581120 -1.549582 -0.702409
v -11.603107 -1.570121 -0.702113
v -11.625835 -1.589745 -0.701829
v -11.649302 -1.608455 -0.701559
v -11.673504 -1.626250 -0.701302
v -11.698446 -1.643131 -0.701058
v -11.724129 -1.659098 -0.700828
v -11.750549 -1.674151 -0.700610
v -11.777710 -1.688289 -0.700406
v -11.805611 -1.701512 -0.700215
v -11.834248 -1.713822 -0.700038
v -11.863623 -1.725217 -0.699873
v -11.893740 -1.735698 -0.699722
v -11.924595 -1.745264 -0.699584
v -11.956188 -1.753916 -0.699459
v -11.988523 -1.761653 -0.699347
v -12.021593 -1.768477 -0.699248
v -12.055405 -1.774386 -0.699163
v -12.089954 -1.779380 -0.699091
v -12.125242 -1.783460 -0.699032
v -12.161272 -1.786626 -0.698986
v -12.198040 -1.788878 -0.698954
v -12.235544 -1.790215 -0.698934
v -12.292505 -1.790553 -0.698930
v -12.348042 -1.788888 -0.698954
v -12.402153 -1.785219 -0.699007
v -12.454840 -1.779546 -0.699089
v -12.506102 -1.771870 -0.699199
v -12.555937 -1.762190 -0.699339
v -12.604351 -1.750506 -0.699508
v -12.651339 -1.736819 -0.699705
v -12.696903 -1.721128 -0.699932
v -12.741041 -1.703433 -0.700188
v -12.783754 -1.683735 -0.700472
v -12.825043 -1.662034 -0.700785
v -12.860643 -1.642672 -0.701065
v -12.895018 -1.625037 -0.701319
v -12.928167 -1.609129 -0.701549
v -12.960094 -1.594949 -0.701754
v -12.990797 -1.582496 -0.701934
v -13.020275 -1.571769 -0.702089
v -13.048531 -1.562770 -0.702218
v -13.075560 -1.555498 -0.702323
v -13.101366 -1.549953 -0.702404
v -13.125948 -1.546136 -0.702459
v -13.149303 -1.544045 -0.702489
v -13.171438 -1.543681 -0.702494
v -13.214291 -1.546486 -0.702454
v -13.253330 -1.552821 -0.702362
v -13.288557 -1.562686 -0.702220
v -13.319969 -1.576081 -0.702026
v -13.347565 -1.593006 -0.701782
v -13.371349 -1.613461 -0.701487
v -13.391319 -1.637446 -0.701140
v -13.407473 -1.664961 -0.700743
v -13.419813 -1.696005 -0.700295
v -13.428343 -1.730580 -0.699795
v -13.433056 -1.768685 -0.699245
v -13.433954 -1.810320 -0.698644
v -13.429840 -1.858484 -0.697949
v -13.419769 -1.905005 -0.697277
v -13.403744 -1.949884 -0.696629
v -13.381763 -1.993119 -0.696005
v -13.353828 -2.034710 -0.695404
v -13.319941 -2.074659 -0.694827
v -13.280096 -2.112965 -0.694274
v -13.234297 -2.149627 -0.693745
v -13.182543 -2.184647 -0.693239
v -13.124834 -2.218023 -0.692757
v -13.061171 -2.249756 -0.692299
v -12.651770 -0.334675 -0.719951
v -12.622561 -0.318340 -0.720187
v -12.591850 -0.303331 -0.720404
v -12.559637 -0.289649 -0.720601
v -12.525921 -0.277293 -0.720780
v -12.490705 -0.266264 -0.720939
v -12.453987 -0.256561 -0.721079
v -12.415766 -0.248185 -0.721200
v -12.376041 -0.241136 -0.721302
v -12.334816 -0.235413 -0.721384
v -12.292089 -0.231017 -0.721448
v -12.247858 -0.227947 -0.721492
v -12.202127 -0.226203 -0.721517
v -12.162558 -0.226395 -0.721515
v -12.123907 -0.228829 -0.721479
v -12.086172 -0.233505 -0.721412
v -12.049355 -0.240425 -0.721312
v -12.013453 -0.249586 -0.721180
v -11.978468 -0.260991 -0.721015
v -11.944401 -0.274638 -0.720818
v -11.911249 -0.290527 -0.720589
v -11.879017 -0.308660 -0.720327
v -11.847700 -0.329035 -0.720033
v -11.817299 -0.351652 -0.719706
v -11.787809 -0.376512 -0.719347
v -11.759226 -0.403615 -0.718956
v -11.731520 -0.432959 -0.718532
v -11.704699 -0.464545 -0.718076
v -11.678757 -0.498372 -0.717588
v -11.653694 -0.534442 -0.717067
v -11.629515 -0.572753 -0.716514
v -11.606216 -0.613306 -0.715928
v -11.583796 -0.656101 -0.715310
v -11.562260 -0.701138 -0.714660
v -11.541601 -0.748416 -0.713977
v -11.521826 -0.797936 -0.713262
v -11.502934 -0.849698 -0.712515
v -11.552038 -0.829790 -0.712802
v -11.601109 -0.809918 -0.713089
v -11.650141 -0.790080 -0.713376
v -11.699137 -0.770277 -0.713661
v -11.748096 -0.750509 -0.713947
v -11.797020 -0.730776 -0.714232
v -11.845907 -0.711078 -0.714516
v -11.894756 -0.691415 -0.714800
v -11.943567 -0.671787 -0.715084
v -11.992344 -0.652194 -0.715366
v -12.041084 -0.632635 -0.715649
v -12.089785 -0.613112 -0.715931
v -12.147507 -0.588389 -0.716288
v -12.203251 -0.563942 -0.716641
v -12.257013 -0.539771 -0.716990
v -12.308796 -0.515877 -0.717335
v -12.358597 -0.492259 -0.717676
v -12.406420 -0.468918 -0.718013
v -12.452263 -0.445853 -0.718346
v -12.496124 -0.423065 -0.718675
v -12.538006 -0.400553 -0.719000
v -12.577908 -0.378317 -0.719321
v -12.615828 -0.356358 -0.719638
v -10.357300 1.552727 -0.747204
v -10.277676 -1.873706 -0.697729
v -10.273380 -1.951890 -0.696600
v -10.264297 -2.023155 -0.695571
v -10.250420 -2.087502 -0.694642
v -10.231752 -2.144930 -0.693813
v -10.208294 -2.195439 -0.693084
v -10.180042 -2.239030 -0.692454
v -10.147001 -2.275702 -0.691925
v -10.109167 -2.305456 -0.691495
v -10.066542 -2.328291 -0.691166
v -10.019127 -2.344208 -0.690936
v -9.966919 -2.353206 -0.690806
v -9.909920 -2.355285 -0.690776
v -9.884491 -2.354013 -0.690794
v -9.859842 -2.351398 -0.690832
v -9.835981 -2.347440 -0.690889
v -9.812904 -2.342139 -0.690966
v -9.790611 -2.335495 -0.691062
v -9.769104 -2.327507 -0.691177
v -9.748379 -2.318176 -0.691312
v -9.728443 -2.307502 -0.691466
v -9.709290 -2.295485 -0.691639
v -9.690920 -2.282124 -0.691832
v -9.673338 -2.267420 -0.692044
v -9.656540 -2.251373 -0.692276
v -9.640844 -2.234277 -0.692523
v -9.626562 -2.216425 -0.692781
v -9.613701 -2.197819 -0.693049
v -9.602255 -2.178457 -0.693329
v -9.592224 -2.158339 -0.693620
v -9.583611 -2.137466 -0.693921
v -9.576418 -2.115838 -0.694233
v -9.570641 -2.093455 -0.694556
v -9.566278 -2.070317 -0.694890
v -9.563334 -2.046423 -0.695235
v -9.561808 -2.021774 -0.695591
v -9.561697 -1.996369 -0.695958
v -9.644558 1.569287 -0.747443
v -9.645884 1.593816 -0.747797
v -9.648693 1.617558 -0.748140
v -9.652994 1.640513 -0.748471
v -9.658785 1.662681 -0.748791
v -9.666065 1.684062 -0.749100
v -9.674833 1.704657 -0.749397
v -9.685093 1.724464 -0.749683
v -9.696836 1.743485 -0.749958
v -9.710072 1.761718 -0.750221
v -9.724796 1.779164 -0.750473
v -9.741009 1.795824 -0.750714
v -9.758713 1.811695 -0.750943
v -9.776594 1.825288 -0.751139
v -9.795130 1.837649 -0.751318
v -9.814318 1.848776 -0.751478
v -9.834160 1.858669 -0.751621
v -9.854654 1.867329 -0.751746
v -9.875803 1.874755 -0.751853
v -9.897604 1.880948 -0.751943
v -9.920057 1.885908 -0.752014
v -9.943167 1.889635 -0.752068
v -9.966927 1.892128 -0.752104
v -9.991339 1.893388 -0.752122
v -10.016407 1.893415 -0.752123
v -10.041409 1.892198 -0.752105
v -10.065628 1.889727 -0.752069
v -10.089064 1.886003 -0.752016
v -10.111717 1.881025 -0.751944
v -10.133589 1.874794 -0.751854
v -10.154676 1.867309 -0.751746
v -10.174982 1.858569 -0.751620
v -10.194506 1.848577 -0.751475
v -10.213247 1.837330 -0.751313
v -10.231205 1.824830 -0.751132
v -10.248381 1.811076 -0.750934
v -10.264771 1.796069 -0.750717
v -10.280081 1.780047 -0.750486
v -10.294008 1.763252 -0.750243
v -10.306555 1.745683 -0.749990
v -10.317720 1.727339 -0.749725
v -10.327503 1.708222 -0.749449
v -10.335907 1.688330 -0.749161
v -10.342926 1.667665 -0.748863
v -10.348564 1.646225 -0.748554
v -10.352819 1.624011 -0.748233
v -10.355694 1.601024 -0.747901
v -10.357189 1.577262 -0.747558
v -9.140261 0.660087 -0.734315
v -9.122778 0.638245 -0.733999
v -9.104124 0.618364 -0.733712
v -9.084293 0.600445 -0.733454
v -9.063288 0.584488 -0.733223
v -9.041107 0.570493 -0.733021
v -9.017754 0.558460 -0.732847
v -8.993225 0.548389 -0.732702
v -8.967522 0.540280 -0.732585
v -8.940645 0.534133 -0.732496
v -8.912592 0.529948 -0.732436
v -8.883366 0.527726 -0.732404
v -8.852962 0.527465 -0.732400
v -8.815109 0.530046 -0.732437
v -8.779022 0.535990 -0.732523
v -8.744698 0.545296 -0.732657
v -8.712139 0.557965 -0.732840
v -8.681345 0.573997 -0.733072
v -8.652315 0.593392 -0.733352
v -8.625050 0.616149 -0.733680
v -8.599550 0.642269 -0.734058
v -8.575817 0.671751 -0.734483
v -8.553844 0.704596 -0.734958
v -8.533640 0.740803 -0.735480
v -8.515196 0.780374 -0.736052
v -8.507023 0.799266 -0.736325
v -8.498817 0.816868 -0.736579
v -8.490583 0.833182 -0.736814
v -8.482321 0.848207 -0.737031
v -8.474028 0.861942 -0.737230
v -8.465704 0.874389 -0.737409
v -8.457352 0.885546 -0.737570
v -8.448965 0.895414 -0.737713
v -8.440552 0.903994 -0.737837
v -8.432110 0.911284 -0.737942
v -8.423635 0.917285 -0.738029
v -8.415134 0.921996 -0.738097
v -8.407869 0.925049 -0.738141
v -8.398838 0.927893 -0.738182
v -8.388042 0.930526 -0.738220
v -8.375484 0.932950 -0.738255
v -8.361162 0.935163 -0.738287
v -8.345079 0.937167 -0.738316
v -8.327232 0.938961 -0.738342
v -8.307623 0.940545 -0.738365
v -8.286249 0.941920 -0.738384
v -8.263109 0.943084 -0.738401
v -8.238209 0.944039 -0.738415
v -8.211544 0.944784 -0.738426
v -8.156536 0.942551 -0.738393
v -8.099960 0.933332 -0.738260
v -8.041828 0.917127 -0.738026
v -7.982128 0.893936 -0.737692
v -7.920870 0.863760 -0.737256
v -7.858049 0.826597 -0.736719
v -7.793667 0.782448 -0.736082
v -7.727724 0.731313 -0.735343
v -7.660215 0.673193 -0.734504
v -7.591148 0.608086 -0.733564
v -7.520517 0.535994 -0.732523
v -7.448326 0.456916 -0.731381
v -7.350323 0.342018 -0.729722
v -7.260635 0.228181 -0.728079
v -7.179264 0.115405 -0.726450
v -7.106205 0.003690 -0.724837
v -7.041462 -0.106964 -0.723240
v -6.985031 -0.216558 -0.721657
v -6.936914 -0.325091 -0.720090
v -6.897114 -0.432563 -0.718538
v -6.865629 -0.538974 -0.717002
v -6.842455 -0.644325 -0.715481
v -6.827597 -0.748614 -0.713975
v -6.821054 -0.851843 -0.712484
v -6.821289 -0.898156 -0.711816
v -6.824165 -0.943419 -0.711162
v -6.829687 -0.987634 -0.710524
v -6.837854 -1.030799 -0.709900
v -6.848663 -1.072914 -0.709292
v -6.862118 -1.113981 -0.708699
v -6.878216 -1.153998 -0.708122
v -6.896957 -1.192966 -0.707559
v -6.918343 -1.230886 -0.707011
v -6.942373 -1.267755 -0.706479
v -6.969048 -1.303576 -0.705962
v -6.998365 -1.338347 -0.705460
v -7.029560 -1.371209 -0.704985
v -7.061857 -1.401302 -0.704551
v -7.095261 -1.428627 -0.704156
v -7.129770 -1.453182 -0.703802
v -7.165382 -1.474969 -0.703487
v -7.202101 -1.493987 -0.703212
v -7.239923 -1.510236 -0.702978
v -7.278852 -1.523716 -0.702783
v -7.318886 -1.534427 -0.702628
v -7.360025 -1.542369 -0.702514
v -7.402269 -1.547542 -0.702439
v -7.445612 -1.549947 -0.702404
v -7.488297 -1.550007 -0.702404
v -7.531134 -1.548208 -0.702429
v -7.574120 -1.544549 -0.702482
v -7.617256 -1.539030 -0.702562
v -7.660545 -1.531652 -0.702668
v -7.703985 -1.522415 -0.702802
v -7.747576 -1.511318 -0.702962
v -7.791317 -1.498361 -0.703149
v -7.835209 -1.483545 -0.703363
v -7.879251 -1.466870 -0.703604
v -7.923443 -1.448335 -0.703871
v -7.967789 -1.427940 -0.704166
v -7.984934 -1.419095 -0.704294
v -8.004997 -1.408168 -0.704451
v -8.027977 -1.395159 -0.704639
v -8.053881 -1.380068 -0.704857
v -8.082701 -1.362895 -0.705105
v -8.114439 -1.343641 -0.705383
v -8.149099 -1.322305 -0.705691
v -8.186678 -1.298887 -0.706029
v -8.227177 -1.273387 -0.706398
v -8.270594 -1.245805 -0.706796
v -8.316929 -1.216141 -0.707224
v -8.366186 -1.184396 -0.707682
v -8.399572 -1.163747 -0.707981
v -8.431553 -1.144928 -0.708252
v -8.462128 -1.127939 -0.708498
v -8.491297 -1.112781 -0.708717
v -8.519060 -1.099453 -0.708909
v -8.545416 -1.087956 -0.709075
v -8.570368 -1.078289 -0.709215
v -8.593910 -1.070452 -0.709328
v -8.616047 -1.064446 -0.709414
v -8.636780 -1.060270 -0.709475
v -8.656107 -1.057925 -0.709509
v -8.674025 -1.057409 -0.709516
v -8.699505 -1.058789 -0.709496
v -8.724308 -1.061730 -0.709454
v -8.748426 -1.066232 -0.709389
v -8.771862 -1.072294 -0.709301
v -8.794615 -1.079916 -0.709191
v -8.816687 -1.089099 -0.709058
v -8.838076 -1.099843 -0.708903
v -8.858784 -1.112147 -0.708726
v -8.878809 -1.126012 -0.708525
v -8.898149 -1.141437 -0.708303
v -8.916811 -1.158423 -0.708057
v -8.934792 -1.176970 -0.707790
v -8.950464 -1.195176 -0.707527
v -8.964725 -1.213780 -0.707258
v -8.977579 -1.232780 -0.706984
v -8.989025 -1.252178 -0.706704
v -8.999062 -1.271973 -0.706418
v -9.007690 -1.292166 -0.706126
v -9.014910 -1.312755 -0.705829
v -9.020720 -1.333742 -0.705526
v -9.025122 -1.355126 -0.705217
v -9.028116 -1.376907 -0.704903
v -9.029699 -1.399086 -0.704582
v -9.029875 -1.421661 -0.704256
v -9.028360 -1.446723 -0.703895
v -9.024992 -1.471205 -0.703541
v -9.019772 -1.495106 -0.703196
v -9.012697 -1.518427 -0.702859
v -9.003771 -1.541167 -0.702531
v -8.992992 -1.563327 -0.702211
v -8.980360 -1.584906 -0.701899
v -8.965878 -1.605905 -0.701596
v -8.949539 -1.626324 -0.701301
v -8.931353 -1.646161 -0.701015
v -8.911310 -1.665419 -0.700737
v -8.889418 -1.684096 -0.700467
v -8.768658 -1.776879 -0.699128
v -8.647732 -1.861346 -0.697908
v -8.526642 -1.937496 -0.696808
v -8.405386 -2.005332 -0.695829
v -8.283964 -2.064851 -0.694970
v -8.162378 -2.116054 -0.694230
v -8.040625 -2.158941 -0.693611
v -7.918707 -2.193513 -0.693112
v -7.796621 -2.219768 -0.692733
v -7.674372 -2.237708 -0.692474
v -7.551956 -2.247332 -0.692335
v -7.429375 -2.248640 -0.692316
v -7.333858 -2.243483 -0.692390
v -7.240988 -2.232512 -0.692549
v -7.150766 -2.215726 -0.692791
v -7.063194 -2.193126 -0.693118
v -6.978264 -2.164712 -0.693528
v -6.895985 -2.130484 -0.694022
v -6.816353 -2.090441 -0.694600
v -6.739367 -2.044585 -0.695262
v -6.665026 -1.992913 -0.696009
v -6.593334 -1.935428 -0.696839
v -6.524290 -1.872129 -0.697753
v -6.457891 -1.803015 -0.698750
v -6.398447 -1.732701 -0.699766
v -6.344358 -1.660506 -0.700808
v -6.295624 -1.586428 -0.701878
v -6.252243 -1.510469 -0.702975
v -6.214218 -1.432627 -0.704099
v -6.181549 -1.352904 -0.705250
v -6.154236 -1.271299 -0.706428
v -6.132275 -1.187811 -0.707633
v -6.115669 -1.102442 -0.708866
v -6.104418 -1.015191 -0.710126
v -6.098522 -0.926058 -0.711413
v -6.097984 -0.835043 -0.712727
v -6.106588 -0.690965 -0.714807
v -6.125715 -0.546629 -0.716891
v -6.155361 -0.402037 -0.718979
v -6.195528 -0.257187 -0.721071
v -6.246218 -0.112080 -0.723166
v -6.307425 0.033284 -0.725265
v -6.379154 0.178905 -0.727367
v -6.461401 0.324783 -0.729474
v -6.554173 0.470919 -0.731584
v -6.657463 0.617311 -0.733698
v -6.771275 0.763961 -0.735815
v -6.895607 0.910868 -0.737936
v -7.005806 1.030266 -0.739660
v -7.116154 1.139054 -0.741231
v -7.226650 1.237235 -0.742649
v -7.337294 1.324807 -0.743913
v -7.448086 1.401770 -0.745024
v -7.559027 1.468125 -0.745982
v -7.670115 1.523871 -0.746787
v -7.781353 1.569009 -0.747439
v -7.892736 1.603539 -0.747938
v -8.004271 1.627460 -0.748283
v -8.115952 1.640773 -0.748475
v -8.227781 1.643477 -0.748514
v -8.246565 1.642987 -0.748507
v -8.265039 1.642397 -0.748499
v -8.283209 1.641706 -0.748489
v -8.301071 1.640915 -0.748477
v -8.318626 1.640023 -0.748464
v -8.335871 1.639032 -0.748450
v -8.352812 1.637939 -0.748434
v -8.369444 1.636747 -0.748417
v -8.385769 1.635453 -0.748398
v -8.401789 1.634061 -0.748378
v -8.417498 1.632567 -0.748357
v -8.432903 1.630973 -0.748334
v -8.447998 1.629279 -0.748309
v -8.462788 1.627484 -0.748283
v -8.477270 1.625589 -0.748256
v -8.491444 1.623593 -0.748227
v -8.505310 1.621498 -0.748197
v -8.518869 1.619302 -0.748165
v -8.532122 1.617005 -0.748132
v -8.545063 1.614609 -0.748097
v -8.557699 1.612112 -0.748061
v -8.570028 1.609515 -0.748024
v -8.582050 1.606817 -0.747985
v -8.593763 1.604019 -0.747944
v -8.613436 1.621279 -0.748194
v -8.633717 1.636984 -0.748420
v -8.654608 1.651134 -0.748625
v -8.676107 1.663730 -0.748806
v -8.698219 1.674770 -0.748966
v -8.720940 1.684256 -0.749103
v -8.744270 1.692188 -0.749217
v -8.768211 1.698564 -0.749309
v -8.792761 1.703386 -0.749379
v -8.817921 1.706653 -0.749426
v -8.843691 1.708365 -0.749451
v -8.870073 1.708522 -0.749453
v -8.912525 1.705440 -0.749409
v -8.952085 1.698233 -0.749305
v -8.988747 1.686902 -0.749141
v -9.022514 1.671446 -0.748918
v -9.053391 1.651865 -0.748635
v -9.081367 1.628160 -0.748293
v -9.106451 1.600330 -0.747891
v -9.128639 1.568375 -0.747430
v -9.147932 1.532296 -0.746909
v -9.164333 1.492093 -0.746328
v -9.177837 1.447765 -0.745688
v -9.188446 1.399312 -0.744989
v -9.194609 1.362553 -0.744458
v -9.200136 1.324806 -0.743913
v -9.205030 1.286070 -0.743353
v -9.209293 1.246345 -0.742780
v -9.212923 1.205632 -0.742192
v -9.215919 1.163931 -0.741590
v -9.218285 1.121241 -0.740973
v -9.220015 1.077563 -0.740343
v -9.221111 1.032896 -0.739698
v -9.221575 0.987241 -0.739039
v -9.221405 0.940597 -0.738365
v -9.220604 0.892964 -0.737677
v -9.219587 0.871652 -0.737370
v -9.217539 0.850687 -0.737067
v -9.214457 0.830068 -0.736769
v -9.210344 0.809795 -0.736476
v -9.205198 0.789869 -0.736189
v -9.199020 0.770290 -0.735906
v -9.191809 0.751057 -0.735628
v -9.183563 0.732170 -0.735356
v -9.174286 0.713630 -0.735088
v -9.163977 0.695436 -0.734825
v -9.152636 0.677589 -0.734568
v -3.020921 -2.048190 -0.695211
v -2.959785 -2.071491 -0.694874
v -2.898090 -2.092629 -0.694569
v -2.835835 -2.111604 -0.694295
v -2.773022 -2.128417 -0.694052
v -2.709648 -2.143067 -0.693841
v -2.645713 -2.155554 -0.693661
v -2.581219 -2.165879 -0.693512
v -2.516166 -2.174041 -0.693394
v -2.450553 -2.180040 -0.693307
v -2.384380 -2.183877 -0.693252
v -2.317647 -2.185551 -0.693228
v -2.250355 -2.185063 -0.693235
v -2.149096 -2.180668 -0.693298
v -2.051053 -2.172263 -0.693419
v -1.956226 -2.159849 -0.693599
v -1.864614 -2.143425 -0.693836
v -1.776217 -2.122992 -0.694131
v -1.691035 -2.098549 -0.694484
v -1.609068 -2.070096 -0.694895
v -1.530317 -2.037634 -0.695363
v -1.454782 -2.001162 -0.695890
v -1.382462 -1.960680 -0.696475
v -1.313355 -1.916189 -0.697117
v -1.247467 -1.867688 -0.697817
v -1.179474 -1.810091 -0.698649
v -1.117592 -1.748947 -0.699532
v -1.061821 -1.684254 -0.700466
v -1.012162 -1.616013 -0.701451
v -0.968614 -1.544223 -0.702488
v -0.931177 -1.468885 -0.703576
v -0.899851 -1.389999 -0.704715
v -0.874638 -1.307565 -0.705905
v -0.855535 -1.221583 -0.707147
v -0.842542 -1.132052 -0.708439
v -0.835662 -1.038973 -0.709783
v -0.834895 -0.942346 -0.711178
v -0.839774 -0.835083 -0.712727
v -0.849358 -0.730725 -0.714234
v -0.863647 -0.629270 -0.715699
v -0.882642 -0.530720 -0.717122
v -0.906343 -0.435073 -0.718503
v -0.934749 -0.342330 -0.719842
v -0.967859 -0.252491 -0.721139
v -1.005676 -0.165556 -0.722394
v -1.048197 -0.081524 -0.723608
v -1.095426 -0.000397 -0.724779
v -1.147358 0.077826 -0.725909
v -1.203997 0.153146 -0.726996
v -1.271399 0.231511 -0.728128
v -1.342335 0.302844 -0.729158
v -1.416802 0.367144 -0.730086
v -1.494804 0.424412 -0.730913
v -1.576338 0.474647 -0.731638
v -1.661405 0.517849 -0.732262
v -1.750005 0.554019 -0.732784
v -1.842136 0.583156 -0.733205
v -1.937802 0.605260 -0.733524
v -2.037000 0.620332 -0.733742
v -2.139731 0.628371 -0.733858
v -2.245996 0.629378 -0.733872
v -2.319804 0.626660 -0.733833
v -2.391450 0.621986 -0.733766
v -2.460933 0.615355 -0.733670
v -2.528253 0.606769 -0.733546
v -2.593410 0.596227 -0.733394
v -2.656404 0.583728 -0.733213
v -2.717236 0.569274 -0.733004
v -2.775905 0.552863 -0.732767
v -2.832411 0.534496 -0.732502
v -2.886754 0.514173 -0.732209
v -2.938934 0.491894 -0.731887
v -2.988953 0.467659 -0.731537
v -3.050463 0.432945 -0.731036
v -3.106488 0.395422 -0.730494
v -3.157029 0.355088 -0.729912
v -3.202085 0.311944 -0.729289
v -3.241658 0.265989 -0.728625
v -3.275746 0.217224 -0.727921
v -3.304352 0.165648 -0.727176
v -3.327473 0.111262 -0.726391
v -3.345109 0.054065 -0.725565
v -3.357262 -0.005942 -0.724699
v -3.363929 -0.068760 -0.723792
v -3.365114 -0.134388 -0.722844
v -3.361820 -0.181156 -0.722169
v -3.354136 -0.226927 -0.721508
v -3.342061 -0.271700 -0.720862
v -3.325594 -0.315475 -0.720230
v -3.304737 -0.358252 -0.719612
v -3.279490 -0.400032 -0.719009
v -3.249851 -0.440814 -0.718420
v -3.215822 -0.480598 -0.717845
v -3.177402 -0.519385 -0.717285
v -3.134591 -0.557173 -0.716740
v -3.087389 -0.593964 -0.716208
v -3.035797 -0.629758 -0.715692
v -3.009264 -0.646554 -0.715449
v -2.978647 -0.664544 -0.715189
v -2.943949 -0.683730 -0.714912
v -2.905166 -0.704111 -0.714618
v -2.862302 -0.725687 -0.714306
v -2.815353 -0.748457 -0.713978
v -2.764322 -0.772422 -0.713632
v -2.709209 -0.797583 -0.713268
v -2.650013 -0.823938 -0.712888
v -2.586734 -0.851488 -0.712490
v -2.519371 -0.880233 -0.712075
v -2.447927 -0.910173 -0.711643
v -1.568732 -1.274106 -0.706388
v -1.589243 -1.296473 -0.706065
v -1.610491 -1.317926 -0.705755
v -1.632478 -1.338465 -0.705459
v -1.655205 -1.358089 -0.705175
v -1.678669 -1.376799 -0.704905
v -1.702874 -1.394594 -0.704648
v -1.727818 -1.411475 -0.704405
v -1.753499 -1.427442 -0.704174
v -1.779921 -1.442495 -0.703957
v -1.807081 -1.456633 -0.703753
v -1.834980 -1.469857 -0.703562
v -1.863617 -1.482166 -0.703384
v -1.892995 -1.493561 -0.703219
v -1.923111 -1.504042 -0.703068
v -1.953965 -1.513608 -0.702930
v -1.985559 -1.522260 -0.702805
v -2.017892 -1.529997 -0.702693
v -2.050964 -1.536821 -0.702595
v -2.084775 -1.542730 -0.702509
v -2.119325 -1.547724 -0.702437
v -2.154613 -1.551804 -0.702378
v -2.190641 -1.554970 -0.702333
v -2.227407 -1.557222 -0.702300
v -2.264914 -1.558559 -0.702281
v -2.321875 -1.558897 -0.702276
v -2.377411 -1.557232 -0.702300
v -2.431522 -1.553563 -0.702353
v -2.484208 -1.547890 -0.702435
v -2.535471 -1.540214 -0.702546
v -2.585308 -1.530534 -0.702685
v -2.633720 -1.518850 -0.702854
v -2.680708 -1.505163 -0.703052
v -2.726272 -1.489472 -0.703278
v -2.770411 -1.471777 -0.703534
v -2.813124 -1.452079 -0.703818
v -2.854412 -1.430377 -0.704131
v -2.890012 -1.411016 -0.704411
v -2.924389 -1.393381 -0.704666
v -2.957541 -1.377474 -0.704895
v -2.989468 -1.363293 -0.705100
v -3.020171 -1.350840 -0.705280
v -3.049649 -1.340114 -0.705435
v -3.077904 -1.331114 -0.705565
v -3.104933 -1.323842 -0.705670
v -3.130738 -1.318298 -0.705750
v -3.155319 -1.314480 -0.705805
v -3.178675 -1.312389 -0.705835
v -3.200807 -1.312025 -0.705840
v -3.243661 -1.314830 -0.705800
v -3.282701 -1.321165 -0.705708
v -3.317928 -1.331030 -0.705566
v -3.349340 -1.344425 -0.705372
v -3.376938 -1.361350 -0.705128
v -3.400722 -1.381805 -0.704833
v -3.420691 -1.405790 -0.704486
v -3.436846 -1.433305 -0.704089
v -3.449187 -1.464350 -0.703641
v -3.457714 -1.498924 -0.703142
v -3.462426 -1.537029 -0.702591
v -3.463326 -1.578664 -0.701990
v -3.459209 -1.626828 -0.701295
v -3.449139 -1.673349 -0.700623
v -3.433114 -1.718228 -0.699975
v -3.411134 -1.761463 -0.699351
v -3.383199 -1.803054 -0.698750
v -3.349309 -1.843003 -0.698174
v -3.309464 -1.881309 -0.697620
v -3.263665 -1.917971 -0.697091
v -3.211911 -1.952991 -0.696585
v -3.154203 -1.986367 -0.696104
v -3.090540 -2.018100 -0.695645
v -2.681139 -0.103019 -0.723297
v -2.651930 -0.086684 -0.723533
v -2.621220 -0.071675 -0.723750
v -2.589007 -0.057993 -0.723947
v -2.555293 -0.045637 -0.724126
v -2.520076 -0.034608 -0.724285
v -2.483356 -0.024905 -0.724425
v -2.445136 -0.016529 -0.724546
v -2.405413 -0.009480 -0.724648
v -2.364187 -0.003757 -0.724730
v -2.321459 0.000639 -0.724794
v -2.277228 0.003709 -0.724838
v -2.231497 0.005453 -0.724863
v -2.191928 0.005261 -0.724861
v -2.153275 0.002827 -0.724826
v -2.115541 -0.001849 -0.724758
v -2.078722 -0.008768 -0.724658
v -2.042821 -0.017930 -0.724526
v -2.007835 -0.029335 -0.724361
v -1.973767 -0.042982 -0.724164
v -1.940616 -0.058871 -0.723935
v -1.908381 -0.077004 -0.723673
v -1.877064 -0.097378 -0.723379
v -1.846663 -0.119996 -0.723052
v -1.817181 -0.144856 -0.722693
v -1.788596 -0.171959 -0.722302
v -1.760892 -0.201303 -0.721878
v -1.734069 -0.232889 -0.721422
v -1.708126 -0.266716 -0.720934
v -1.683065 -0.302786 -0.720413
v -1.658885 -0.341097 -0.719860
v -1.635585 -0.381650 -0.719274
v -1.613167 -0.424445 -0.718656
v -1.591629 -0.469482 -0.718006
v -1.570972 -0.516760 -0.717323
v -1.551198 -0.566280 -0.716608
v -1.532303 -0.618042 -0.715861
v -1.581409 -0.598135 -0.716148
v -1.630478 -0.578261 -0.716435
v -1.679511 -0.558424 -0.716722
v -1.728507 -0.538621 -0.717008
v -1.777467 -0.518853 -0.717293
v -1.826389 -0.499120 -0.717578
v -1.875276 -0.479422 -0.717862
v -1.924125 -0.459759 -0.718146
v -1.972938 -0.440131 -0.718430
v -2.021713 -0.420537 -0.718713
v -2.070453 -0.400979 -0.718995
v -2.119154 -0.381456 -0.719277
v -2.176876 -0.356733 -0.719634
v -2.232618 -0.332286 -0.719987
v -2.286381 -0.308115 -0.720336
v -2.338164 -0.284221 -0.720681
v -2.387966 -0.260603 -0.721022
v -2.435788 -0.237262 -0.721359
v -2.481631 -0.214197 -0.721692
v -2.525494 -0.191409 -0.722021
v -2.567375 -0.168897 -0.722346
v -2.607276 -0.146661 -0.722667
v -2.645198 -0.124702 -0.722984
v 2.406751 0.546589 -0.732678
v 2.406756 0.553324 -0.732775
v 2.407190 0.555484 -0.732806
v 2.408054 0.553068 -0.732771
v 2.409347 0.546076 -0.732670
v 2.411069 0.534508 -0.732503
v 2.413220 0.518364 -0.732270
v 2.415801 0.497644 -0.731971
v 2.418811 0.472348 -0.731606
v 2.422251 0.442476 -0.731174
v 2.426119 0.408028 -0.730677
v 2.430417 0.369004 -0.730113
v 2.435145 0.325403 -0.729484
v 2.368767 0.395964 -0.730503
v 2.303109 0.460272 -0.731431
v 2.238170 0.518327 -0.732269
v 2.173951 0.570129 -0.733017
v 2.110451 0.615677 -0.733675
v 2.047670 0.654973 -0.734242
v 1.985609 0.688015 -0.734720
v 1.924268 0.714804 -0.735106
v 1.863645 0.735340 -0.735403
v 1.803741 0.749623 -0.735609
v 1.744558 0.757653 -0.735725
v 1.686095 0.759429 -0.735751
v 1.621332 0.755828 -0.735699
v 1.559608 0.748107 -0.735587
v 1.500923 0.736263 -0.735416
v 1.445276 0.720299 -0.735186
v 1.392667 0.700214 -0.734896
v 1.343097 0.676007 -0.734546
v 1.296565 0.647678 -0.734137
v 1.253072 0.615229 -0.733669
v 1.212618 0.578659 -0.733140
v 1.175201 0.537967 -0.732553
v 1.140823 0.493154 -0.731906
v 1.109484 0.444220 -0.731199
v 1.082468 0.466325 -0.731518
v 1.055010 0.487452 -0.731824
v 1.027106 0.507601 -0.732114
v 0.998759 0.526774 -0.732391
v 0.969969 0.544968 -0.732654
v 0.940734 0.562184 -0.732903
v 0.911057 0.578424 -0.733137
v 0.880934 0.593685 -0.733357
v 0.850368 0.607969 -0.733564
v 0.819358 0.621275 -0.733756
v 0.787905 0.633603 -0.733934
v 0.756007 0.644954 -0.734098
v 0.723684 0.655328 -0.734247
v 0.690953 0.664724 -0.734383
v 0.657815 0.673144 -0.734505
v 0.624267 0.680587 -0.734612
v 0.590313 0.687054 -0.734706
v 0.555950 0.692543 -0.734785
v 0.521179 0.697056 -0.734850
v 0.486000 0.700592 -0.734901
v 0.450414 0.703150 -0.734938
v 0.414420 0.704732 -0.734961
v 0.378016 0.705338 -0.734969
v 0.341207 0.704966 -0.734964
v 0.259189 0.699567 -0.734886
v 0.181852 0.687291 -0.734709
v 0.109197 0.668137 -0.734432
v 0.041224 0.642105 -0.734056
v -0.022068 0.609196 -0.733581
v -0.080678 0.569409 -0.733007
v -0.134607 0.522744 -0.732333
v -0.183854 0.469202 -0.731560
v -0.228419 0.408782 -0.730687
v -0.268304 0.341484 -0.729716
v -0.303507 0.267309 -0.728645
v -0.334028 0.186257 -0.727474
v -0.339844 0.165502 -0.727175
v -0.346039 0.137897 -0.726776
v -0.352612 0.103439 -0.726279
v -0.359565 0.062129 -0.725682
v -0.366897 0.013968 -0.724987
v -0.374608 -0.041046 -0.724192
v -0.382698 -0.102911 -0.723299
v -0.391167 -0.171628 -0.722307
v -0.400016 -0.247198 -0.721216
v -0.409243 -0.329619 -0.720026
v -0.418850 -0.418892 -0.718737
v -0.428834 -0.515017 -0.717349
v -0.439466 -0.588782 -0.716284
v -0.450490 -0.670296 -0.715107
v -0.461908 -0.759557 -0.713818
v -0.473721 -0.856566 -0.712417
v -0.485929 -0.961323 -0.710904
v -0.498529 -1.073829 -0.709280
v -0.511525 -1.194082 -0.707544
v -0.524915 -1.322083 -0.705695
v -0.538698 -1.457832 -0.703735
v -0.552876 -1.601329 -0.701663
v -0.567448 -1.752574 -0.699480
v -0.582414 -1.911567 -0.697184
v -0.582731 -1.935722 -0.696835
v -0.581380 -1.959122 -0.696497
v -0.578360 -1.981766 -0.696170
v -0.573669 -2.003656 -0.695854
v -0.567311 -2.024790 -0.695549
v -0.559283 -2.045168 -0.695255
v -0.549587 -2.064791 -0.694971
v -0.538221 -2.083659 -0.694699
v -0.525186 -2.101772 -0.694438
v -0.510482 -2.119129 -0.694187
v -0.494109 -2.135731 -0.693947
v -0.476068 -2.151578 -0.693718
v -0.456937 -2.166378 -0.693505
v -0.437299 -2.179841 -0.693310
v -0.417155 -2.191966 -0.693135
v -0.396503 -2.202754 -0.692979
v -0.375344 -2.212205 -0.692843
v -0.353678 -2.220318 -0.692726
v -0.331505 -2.227094 -0.692628
v -0.308824 -2.232532 -0.692549
v -0.285636 -2.236633 -0.692490
v -0.261941 -2.239397 -0.692450
v -0.237739 -2.240823 -0.692430
v -0.213029 -2.240911 -0.692429
v -0.165284 -2.237760 -0.692474
v -0.121041 -2.230606 -0.692577
v -0.080301 -2.219448 -0.692738
v -0.043063 -2.204288 -0.692957
v -0.009326 -2.185124 -0.693234
v 0.020906 -2.161958 -0.693569
v 0.047639 -2.134788 -0.693961
v 0.070868 -2.103616 -0.694411
v 0.090595 -2.068440 -0.694919
v 0.106820 -2.029262 -0.695485
v 0.119544 -1.986081 -0.696108
v 0.128764 -1.938896 -0.696789
v 0.135465 -1.892935 -0.697453
v 0.142132 -1.843929 -0.698161
v 0.148763 -1.791878 -0.698912
v 0.155359 -1.736783 -0.699708
v 0.161920 -1.678644 -0.700547
v 0.168447 -1.617460 -0.701431
v 0.174939 -1.553231 -0.702358
v 0.181396 -1.485958 -0.703329
v 0.187819 -1.415640 -0.704345
v 0.194206 -1.342277 -0.705404
v 0.200558 -1.265871 -0.706507
v 0.206878 -1.186419 -0.707654
v 0.213352 -1.099852 -0.708904
v 0.219677 -1.017588 -0.710092
v 0.225849 -0.939627 -0.711218
v 0.231872 -0.865969 -0.712281
v 0.237742 -0.796613 -0.713283
v 0.243462 -0.731560 -0.714222
v 0.249030 -0.670810 -0.715099
v 0.254446 -0.614363 -0.715914
v 0.259711 -0.562219 -0.716667
v 0.264827 -0.514378 -0.717358
v 0.269789 -0.470839 -0.717987
v 0.274602 -0.431604 -0.718553
v 0.284779 -0.357616 -0.719621
v 0.295643 -0.290025 -0.720597
v 0.307193 -0.228832 -0.721481
v 0.319431 -0.174036 -0.722272
v 0.332355 -0.125637 -0.722971
v 0.345967 -0.083635 -0.723577
v 0.360266 -0.048030 -0.724092
v 0.375251 -0.018823 -0.724513
v 0.390924 0.003987 -0.724843
v 0.407283 0.020400 -0.725080
v 0.424330 0.030416 -0.725224
v 0.442063 0.034035 -0.725277
v 0.453039 0.033466 -0.725268
v 0.466170 0.031299 -0.725237
v 0.481455 0.027534 -0.725183
v 0.498895 0.022171 -0.725105
v 0.518488 0.015210 -0.725005
v 0.540237 0.006650 -0.724881
v 0.564140 -0.003507 -0.724734
v 0.590198 -0.015262 -0.724565
v 0.618409 -0.028615 -0.724372
v 0.648775 -0.043566 -0.724156
v 0.681295 -0.060116 -0.723917
v 0.715970 -0.078263 -0.723655
v 0.750928 -0.096995 -0.723385
v 0.784296 -0.115298 -0.723120
v 0.816076 -0.133172 -0.722862
v 0.846267 -0.150617 -0.722610
v 0.874869 -0.167634 -0.722365
v 0.901881 -0.184221 -0.722125
v 0.927306 -0.200380 -0.721892
v 0.951141 -0.216110 -0.721665
v 0.973387 -0.231411 -0.721444
v 0.994044 -0.246283 -0.721229
v 1.013113 -0.260727 -0.721021
v 1.030591 -0.274741 -0.720818
v 1.031286 -0.325529 -0.720085
v 1.031097 -0.379919 -0.719300
v 1.030022 -0.437914 -0.718462
v 1.028061 -0.499511 -0.717573
v 1.025216 -0.564712 -0.716631
v 1.021485 -0.633517 -0.715638
v 1.016870 -0.705924 -0.714592
v 1.011369 -0.781935 -0.713495
v 1.004984 -0.861549 -0.712345
v 0.997712 -0.944767 -0.711144
v 0.989556 -1.031588 -0.709890
v 0.980518 -1.122012 -0.708584
v 0.971110 -1.214415 -0.707250
v 0.962615 -1.302856 -0.705973
v 0.955033 -1.387335 -0.704753
v 0.948363 -1.467852 -0.703591
v 0.942606 -1.544406 -0.702486
v 0.937761 -1.616998 -0.701437
v 0.933830 -1.685628 -0.700446
v 0.930811 -1.750295 -0.699513
v 0.928706 -1.811000 -0.698636
v 0.927512 -1.867743 -0.697817
v 0.927231 -1.920524 -0.697055
v 0.927863 -1.969343 -0.696350
v 0.929123 -1.993479 -0.696001
v 0.931767 -2.016903 -0.695663
v 0.935792 -2.039613 -0.695335
v 0.941202 -2.061611 -0.695018
v 0.947996 -2.082896 -0.694710
v 0.956171 -2.103469 -0.694413
v 0.965730 -2.123328 -0.694126
v 0.976672 -2.142475 -0.693850
v 0.988997 -2.160908 -0.693584
v 1.002704 -2.178629 -0.693328
v 1.017796 -2.195637 -0.693082
v 1.034268 -2.211932 -0.692847
v 1.051794 -2.227181 -0.692627
v 1.070041 -2.241053 -0.692427
v 1.089010 -2.253546 -0.692246
v 1.108701 -2.264661 -0.692086
v 1.129112 -2.274397 -0.691945
v 1.150246 -2.282756 -0.691824
v 1.172102 -2.289736 -0.691724
v 1.194678 -2.295338 -0.691643
v 1.217977 -2.299562 -0.691582
v 1.241997 -2.302408 -0.691541
v 1.266739 -2.303875 -0.691520
v 1.292202 -2.303964 -0.691518
v 1.317634 -2.302692 -0.691537
v 1.342280 -2.300077 -0.691574
v 1.366142 -2.296119 -0.691632
v 1.389219 -2.290818 -0.691708
v 1.411511 -2.284174 -0.691804
v 1.433019 -2.276186 -0.691919
v 1.453743 -2.266855 -0.692054
v 1.473680 -2.256181 -0.692208
v 1.492832 -2.244164 -0.692382
v 1.511201 -2.230803 -0.692575
v 1.528784 -2.216099 -0.692787
v 1.545583 -2.200052 -0.693019
v 1.561281 -2.183010 -0.693265
v 1.575566 -2.165319 -0.693520
v 1.588436 -2.146981 -0.693785
v 1.599891 -2.127995 -0.694059
v 1.609931 -2.108361 -0.694343
v 1.618556 -2.088079 -0.694636
v 1.625768 -2.067149 -0.694938
v 1.631564 -2.045572 -0.695249
v 1.635946 -2.023346 -0.695570
v 1.638913 -2.000473 -0.695900
v 1.640466 -1.976952 -0.696240
v 1.640604 -1.952783 -0.696589
v 1.639860 -1.901862 -0.697324
v 1.639906 -1.847072 -0.698115
v 1.640740 -1.788411 -0.698962
v 1.642365 -1.725881 -0.699865
v 1.644778 -1.659481 -0.700824
v 1.647981 -1.589211 -0.701839
v 1.651973 -1.515071 -0.702909
v 1.656754 -1.437062 -0.704036
v 1.662325 -1.355182 -0.705218
v 1.668684 -1.269433 -0.706456
v 1.675833 -1.179814 -0.707750
v 1.683771 -1.086326 -0.709100
v 1.691710 -0.992837 -0.710450
v 1.698858 -0.903218 -0.711744
v 1.705218 -0.817469 -0.712982
v 1.710788 -0.735589 -0.714164
v 1.715569 -0.657580 -0.715290
v 1.719563 -0.583440 -0.716361
v 1.722764 -0.513170 -0.717376
v 1.725178 -0.446770 -0.718334
v 1.726801 -0.384240 -0.719237
v 1.727636 -0.325580 -0.720084
v 1.727683 -0.270789 -0.720875
v 1.726938 -0.219868 -0.721611
v 1.726509 -0.192828 -0.722001
v 1.726494 -0.166710 -0.722378
v 1.726894 -0.141514 -0.722742
v 1.727712 -0.117240 -0.723092
v 1.728946 -0.093887 -0.723430
v 1.730596 -0.071456 -0.723754
v 1.732662 -0.049948 -0.724064
v 1.735145 -0.029361 -0.724361
v 1.738043 -0.009695 -0.724645
v 1.741358 0.009048 -0.724916
v 1.745090 0.026869 -0.725173
v 1.749234 0.043769 -0.725417
v 1.799886 0.014546 -0.724995
v 1.850646 -0.017864 -0.724527
v 1.901515 -0.053459 -0.724013
v 1.952496 -0.092240 -0.723453
v 2.003586 -0.134208 -0.722848
v 2.054786 -0.179361 -0.722196
v 2.106096 -0.227701 -0.721498
v 2.157516 -0.279227 -0.720754
v 2.209046 -0.333939 -0.719964
v 2.260685 -0.391837 -0.719128
v 2.312435 -0.452921 -0.718246
v 2.364294 -0.517191 -0.717318
v 2.366644 -0.520272 -0.717273
v 2.369252 -0.523597 -0.717225
v 2.372116 -0.527167 -0.717174
v 2.375237 -0.530981 -0.717119
v 2.378614 -0.535041 -0.717060
v 2.382249 -0.539346 -0.716998
v 2.386141 -0.543895 -0.716932
v 2.390289 -0.548689 -0.716863
v 2.394694 -0.553728 -0.716790
v 2.399357 -0.559012 -0.716714
v 2.404276 -0.564540 -0.716634
v 2.409452 -0.570313 -0.716551
v 2.413083 -0.655517 -0.715320
v 2.416498 -0.737609 -0.714135
v 2.419696 -0.816588 -0.712995
v 2.422679 -0.892456 -0.711899
v 2.425446 -0.965211 -0.710849
v 2.427998 -1.034855 -0.709843
v 2.430334 -1.101386 -0.708882
v 2.432454 -1.164806 -0.707967
v 2.434358 -1.225113 -0.707096
v 2.436046 -1.282309 -0.706270
v 2.437518 -1.336393 -0.705489
v 2.438775 -1.387364 -0.704753
v 2.439098 -1.399744 -0.704574
v 2.439509 -1.412820 -0.704386
v 2.440008 -1.426594 -0.704187
v 2.440595 -1.441063 -0.703978
v 2.441270 -1.456230 -0.703759
v 2.442033 -1.472093 -0.703530
v 2.442884 -1.488652 -0.703291
v 2.443823 -1.505908 -0.703042
v 2.444850 -1.523861 -0.702782
v 2.445966 -1.542510 -0.702513
v 2.447169 -1.561856 -0.702234
v 2.448463 -1.581898 -0.701944
v 2.449752 -1.601851 -0.701656
v 2.450949 -1.620929 -0.701381
v 2.452054 -1.639130 -0.701118
v 2.453066 -1.656456 -0.700868
v 2.453987 -1.672907 -0.700630
v 2.454815 -1.688482 -0.700405
v 2.455551 -1.703181 -0.700193
v 2.456195 -1.717004 -0.699994
v 2.456747 -1.729952 -0.699807
v 2.457207 -1.742024 -0.699632
v 2.457573 -1.753221 -0.699471
v 2.457851 -1.763542 -0.699322
v 2.459171 -1.786315 -0.698993
v 2.462049 -1.808229 -0.698676
v 2.466485 -1.829282 -0.698372
v 2.472481 -1.849475 -0.698081
v 2.480036 -1.868808 -0.697802
v 2.489150 -1.887280 -0.697535
v 2.499823 -1.904892 -0.697281
v 2.512054 -1.921644 -0.697039
v 2.525845 -1.937536 -0.696809
v 2.541194 -1.952567 -0.696592
v 2.558103 -1.966738 -0.696388
v 2.576570 -1.980049 -0.696195
v 2.594404 -1.991583 -0.696029
v 2.612896 -2.002063 -0.695878
v 2.632045 -2.011489 -0.695742
v 2.651851 -2.019860 -0.695621
v 2.672314 -2.027177 -0.695515
v 2.693435 -2.033440 -0.695425
v 2.715214 -2.038649 -0.695349
v 2.737649 -2.042803 -0.695289
v 2.760742 -2.045903 -0.695245
v 2.784492 -2.047949 -0.695215
v 2.808900 -2.048940 -0.695201
v 2.833965 -2.048877 -0.695202
v 2.869532 -2.046725 -0.695233
v 2.903064 -2.041969 -0.695301
v 2.934562 -2.034609 -0.695408
v 2.964025 -2.024645 -0.695552
v 2.991456 -2.012077 -0.695733
v 3.016851 -1.996905 -0.695952
v 3.040212 -1.979130 -0.696209
v 3.061539 -1.958750 -0.696503
v 3.080832 -1.935766 -0.696835
v 3.098091 -1.910178 -0.697204
v 3.113315 -1.881986 -0.697611
v 3.126507 -1.851190 -0.698056
v 3.134645 -1.828448 -0.698385
v 3.141980 -1.803610 -0.698743
v 3.148514 -1.776677 -0.699132
v 3.154244 -1.747649 -0.699551
v 3.159173 -1.716525 -0.700001
v 3.163300 -1.683307 -0.700480
v 3.166624 -1.647993 -0.700990
v 3.169146 -1.610584 -0.701530
v 3.170866 -1.571080 -0.702101
v 3.171782 -1.529480 -0.702701
v 3.171897 -1.485786 -0.703332
v 3.171211 -1.439996 -0.703993
v 3.148923 -0.480904 -0.717842
v 3.148476 -0.458585 -0.718164
v 3.148134 -0.434597 -0.718510
v 3.147896 -0.408941 -0.718881
v 3.147764 -0.381616 -0.719275
v 3.147736 -0.352623 -0.719694
v 3.147813 -0.321962 -0.720137
v 3.147995 -0.289632 -0.720603
v 3.148281 -0.255634 -0.721094
v 3.148673 -0.219968 -0.721609
v 3.149168 -0.182632 -0.722148
v 3.149769 -0.143629 -0.722712
v 3.150475 -0.102957 -0.723299
v 3.151180 -0.062285 -0.723886
v 3.151781 -0.023282 -0.724449
v 3.152277 0.014053 -0.724988
v 3.152668 0.049720 -0.725503
v 3.152955 0.083718 -0.725994
v 3.153137 0.116048 -0.726461
v 3.153214 0.146709 -0.726904
v 3.153186 0.175702 -0.727322
v 3.153053 0.203027 -0.727717
v 3.152816 0.228683 -0.728087
v 3.152473 0.252671 -0.728434
v 3.152027 0.274990 -0.728756
v 3.150572 0.312915 -0.729304
v 3.147982 0.350206 -0.729842
v 3.144260 0.386860 -0.730371
v 3.139404 0.422880 -0.730891
v 3.133413 0.458264 -0.731402
v 3.126290 0.493013 -0.731904
v 3.118033 0.527125 -0.732397
v 3.108643 0.560603 -0.732880
v 3.098118 0.593446 -0.733354
v 3.086461 0.625653 -0.733819
v 3.073669 0.657224 -0.734275
v 3.059744 0.688161 -0.734722
v 3.041523 0.724819 -0.735251
v 3.022230 0.758228 -0.735734
v 3.001863 0.788387 -0.736169
v 2.980424 0.815297 -0.736558
v 2.957912 0.838958 -0.736899
v 2.934327 0.859369 -0.737194
v 2.909669 0.876531 -0.737442
v 2.883939 0.890444 -0.737643
v 2.857136 0.901106 -0.737797
v 2.829259 0.908520 -0.737904
v 2.800310 0.912684 -0.737964
v 2.770288 0.913599 -0.737977
v 2.746419 0.912265 -0.737958
v 2.723017 0.909383 -0.737916
v 2.700080 0.904954 -0.737852
v 2.677611 0.898977 -0.737766
v 2.655609 0.891453 -0.737657
v 2.634072 0.882381 -0.737526
v 2.613003 0.871761 -0.737373
v 2.592400 0.859593 -0.737197
v 2.572264 0.845878 -0.736999
v 2.552594 0.830615 -0.736779
v 2.533391 0.813805 -0.736536
v 2.514655 0.795447 -0.736271
v 2.496944 0.776181 -0.735993
v 2.480819 0.756648 -0.735711
v 2.466279 0.736847 -0.735425
v 2.453324 0.716778 -0.735135
v 2.441954 0.696441 -0.734841
v 2.432169 0.675837 -0.734544
v 2.423970 0.654965 -0.734242
v 2.417356 0.633825 -0.733937
v 2.412327 0.612418 -0.733628
v 2.408884 0.590742 -0.733315
v 2.407025 0.568799 -0.732998
v 3.627572 -2.009802 -0.695766
v 3.645562 -2.023804 -0.695564
v 3.663972 -2.036543 -0.695380
v 3.682800 -2.048019 -0.695214
v 3.702048 -2.058230 -0.695067
v 3.721715 -2.067178 -0.694938
v 3.741801 -2.074862 -0.694827
v 3.762307 -2.081283 -0.694734
v 3.783231 -2.086439 -0.694659
v 3.804575 -2.090332 -0.694603
v 3.826339 -2.092962 -0.694565
v 3.848521 -2.094327 -0.694546
v 3.871123 -2.094429 -0.694544
v 3.891849 -2.092156 -0.694577
v 3.914427 -2.086257 -0.694662
v 3.938860 -2.076733 -0.694800
v 3.965146 -2.063582 -0.694990
v 3.993285 -2.046806 -0.695232
v 4.023278 -2.026404 -0.695526
v 4.055124 -2.002376 -0.695873
v 4.088824 -1.974722 -0.696273
v 4.124378 -1.943443 -0.696724
v 4.161786 -1.908537 -0.697228
v 4.201047 -1.870006 -0.697785
v 4.242161 -1.827849 -0.698393
v 4.281794 -1.845460 -0.698139
v 4.320620 -1.862319 -0.697896
v 4.358638 -1.878427 -0.697663
v 4.395850 -1.893784 -0.697441
v 4.432255 -1.908389 -0.697230
v 4.467853 -1.922242 -0.697030
v 4.502644 -1.935344 -0.696841
v 4.536628 -1.947694 -0.696663
v 4.569805 -1.959293 -0.696495
v 4.602175 -1.970140 -0.696339
v 4.633738 -1.980235 -0.696193
v 4.664494 -1.989580 -0.696058
v 4.694460 -1.998154 -0.695934
v 4.723655 -2.005940 -0.695822
v 4.752078 -2.012938 -0.695721
v 4.779729 -2.019147 -0.695631
v 4.806608 -2.024569 -0.695553
v 4.832715 -2.029202 -0.695486
v 4.858050 -2.033047 -0.695431
v 4.882614 -2.036104 -0.695386
v 4.906405 -2.038373 -0.695354
v 4.929424 -2.039853 -0.695332
v 4.951672 -2.040545 -0.695322
v 4.973147 -2.040449 -0.695324
v 5.074659 -2.035780 -0.695391
v 5.171741 -2.026592 -0.695524
v 5.264394 -2.012885 -0.695722
v 5.352618 -1.994658 -0.695985
v 5.436412 -1.971914 -0.696313
v 5.515778 -1.944650 -0.696707
v 5.590714 -1.912867 -0.697166
v 5.661220 -1.876566 -0.697690
v 5.727297 -1.835746 -0.698280
v 5.788946 -1.790406 -0.698934
v 5.846164 -1.740548 -0.699654
v 5.898954 -1.686171 -0.700439
v 5.947315 -1.627293 -0.701289
v 5.991247 -1.563933 -0.702204
v 6.030751 -1.496089 -0.703184
v 6.065826 -1.423761 -0.704228
v 6.096474 -1.346951 -0.705337
v 6.122692 -1.265658 -0.706511
v 6.144483 -1.179882 -0.707750
v 6.161844 -1.089623 -0.709053
v 6.174778 -0.994880 -0.710421
v 6.183282 -0.895655 -0.711854
v 6.187359 -0.791946 -0.713351
v 6.187006 -0.683755 -0.714913
v 6.181437 -0.581516 -0.716389
v 6.169540 -0.481913 -0.717828
v 6.151318 -0.384948 -0.719228
v 6.126769 -0.290620 -0.720590
v 6.095893 -0.198928 -0.721914
v 6.058692 -0.109874 -0.723199
v 6.015163 -0.023457 -0.724447
v 5.965309 0.060323 -0.725657
v 5.909127 0.141467 -0.726828
v 5.846620 0.219973 -0.727962
v 5.777785 0.295842 -0.729057
v 5.702625 0.369074 -0.730115
v 5.623118 0.437888 -0.731108
v 5.541242 0.500503 -0.732013
v 5.456999 0.556918 -0.732827
v 5.370388 0.607133 -0.733552
v 5.281408 0.651149 -0.734188
v 5.190061 0.688966 -0.734734
v 5.096345 0.720583 -0.735190
v 5.000262 0.746001 -0.735557
v 4.901811 0.765219 -0.735835
v 4.800991 0.778237 -0.736023
v 4.697804 0.785056 -0.736121
v 4.592249 0.785677 -0.736130
v 4.550846 0.783747 -0.736102
v 4.508411 0.779860 -0.736046
v 4.464946 0.774013 -0.735962
v 4.420449 0.766208 -0.735849
v 4.374922 0.756444 -0.735708
v 4.328363 0.744721 -0.735539
v 4.280773 0.731040 -0.735341
v 4.232152 0.715400 -0.735115
v 4.182500 0.697801 -0.734861
v 4.131817 0.678244 -0.734579
v 4.080103 0.656728 -0.734268
v 4.027358 0.633254 -0.733929
v 3.965733 0.603500 -0.733500
v 3.909542 0.573120 -0.733061
v 3.858784 0.542115 -0.732613
v 3.813460 0.510483 -0.732156
v 3.773569 0.478224 -0.731691
v 3.739110 0.445340 -0.731216
v 3.710086 0.411830 -0.730732
v 3.686495 0.377693 -0.730239
v 3.668337 0.342930 -0.729737
v 3.655612 0.307541 -0.729226
v 3.648321 0.271526 -0.728706
v 3.646462 0.234886 -0.728177
v 3.647231 0.219587 -0.727956
v 3.648816 0.204630 -0.727740
v 3.651219 0.190014 -0.727529
v 3.654440 0.175740 -0.727323
v 3.658478 0.161807 -0.727122
v 3.663333 0.148216 -0.726926
v 3.669006 0.134966 -0.726734
v 3.675496 0.122058 -0.726548
v 3.682805 0.109491 -0.726366
v 3.690929 0.097265 -0.726190
v 3.699872 0.085381 -0.726018
v 3.709632 0.073839 -0.725852
v 3.714263 0.056382 -0.725600
v 3.718750 0.038187 -0.725337
v 3.723093 0.019254 -0.725064
v 3.727291 -0.000416 -0.724780
v 3.731345 -0.020824 -0.724485
v 3.735254 -0.041970 -0.724180
v 3.739020 -0.063854 -0.723864
v 3.742641 -0.086476 -0.723537
v 3.746117 -0.109835 -0.723200
v 3.749450 -0.133933 -0.722852
v 3.752637 -0.158768 -0.722493
v 3.755681 -0.184341 -0.722124
v 3.758562 -0.210652 -0.721744
v 3.761264 -0.237702 -0.721353
v 3.763784 -0.265491 -0.720952
v 3.766125 -0.294018 -0.720540
v 3.768285 -0.323284 -0.720118
v 3.770266 -0.353288 -0.719684
v 3.772065 -0.384031 -0.719241
v 3.773685 -0.415513 -0.718786
v 3.775125 -0.447733 -0.718321
v 3.776384 -0.480693 -0.717845
v 3.777463 -0.514390 -0.717358
v 3.778362 -0.548827 -0.716861
v 3.779741 -0.628995 -0.715703
v 3.780062 -0.705354 -0.714601
v 3.779325 -0.777905 -0.713553
v 3.777532 -0.846646 -0.712561
v 3.774681 -0.911578 -0.711623
v 3.770772 -0.972702 -0.710741
v 3.765806 -1.030016 -0.709913
v 3.759783 -1.083521 -0.709141
v 3.752702 -1.133218 -0.708423
v 3.744564 -1.179105 -0.707760
v 3.735368 -1.221183 -0.707153
v 3.725114 -1.259453 -0.706600
v 3.723230 -1.264907 -0.706522
v 3.719985 -1.273473 -0.706398
v 3.715376 -1.285152 -0.706229
v 3.709403 -1.299945 -0.706016
v 3.702068 -1.317850 -0.705757
v 3.693370 -1.338868 -0.705454
v 3.683308 -1.362999 -0.705105
v 3.671884 -1.390243 -0.704712
v 3.659096 -1.420599 -0.704274
v 3.644946 -1.454068 -0.703790
v 3.629431 -1.490651 -0.703262
v 3.612554 -1.530346 -0.702689
v 3.597296 -1.566349 -0.702169
v 3.583375 -1.599670 -0.701688
v 3.570791 -1.630308 -0.701245
v 3.559545 -1.658264 -0.700842
v 3.549636 -1.683538 -0.700477
v 3.541064 -1.706130 -0.700151
v 3.533828 -1.726039 -0.699863
v 3.527931 -1.743266 -0.699615
v 3.523370 -1.757810 -0.699404
v 3.520147 -1.769672 -0.699233
v 3.518261 -1.778852 -0.699101
v 3.517712 -1.785350 -0.699007
v 3.518960 -1.807785 -0.698683
v 3.521646 -1.829542 -0.698369
v 3.525770 -1.850620 -0.698064
v 3.531331 -1.871020 -0.697770
v 3.538329 -1.890742 -0.697485
v 3.546765 -1.909785 -0.697210
v 3.556639 -1.928150 -0.696945
v 3.567951 -1.945837 -0.696690
v 3.580699 -1.962846 -0.696444
v 3.594886 -1.979176 -0.696208
v 3.610510 -1.994828 -0.695982
v 4.414314 -1.230542 -0.707018
v 4.424361 -1.130134 -0.708468
v 4.433432 -1.034049 -0.709855
v 4.441527 -0.942285 -0.711180
v 4.448646 -0.854843 -0.712443
v 4.454789 -0.771723 -0.713643
v 4.459955 -0.692926 -0.714781
v 4.464146 -0.618450 -0.715856
v 4.467360 -0.548296 -0.716869
v 4.469598 -0.482465 -0.717819
v 4.470860 -0.420955 -0.718708
v 4.471146 -0.363767 -0.719533
v 4.470456 -0.310902 -0.720297
v 4.470052 -0.296983 -0.720497
v 4.469479 -0.282728 -0.720703
v 4.468736 -0.268136 -0.720914
v 4.467824 -0.253208 -0.721130
v 4.466742 -0.237944 -0.721350
v 4.465492 -0.222343 -0.721575
v 4.464072 -0.206406 -0.721805
v 4.462482 -0.190132 -0.722040
v 4.460723 -0.173522 -0.722280
v 4.458795 -0.156576 -0.722525
v 4.456698 -0.139293 -0.722774
v 4.454432 -0.121673 -0.723029
v 4.451996 -0.103718 -0.723288
v 4.449390 -0.085425 -0.723552
v 4.446616 -0.066797 -0.723821
v 4.443673 -0.047832 -0.724095
v 4.440559 -0.028530 -0.724374
v 4.437277 -0.008892 -0.724657
v 4.433825 0.011082 -0.724946
v 4.430204 0.031393 -0.725239
v 4.426414 0.052040 -0.725537
v 4.422455 0.073024 -0.725840
v 4.418326 0.094344 -0.726148
v 4.414027 0.116000 -0.726461
v 4.422457 0.120397 -0.726524
v 4.430729 0.124593 -0.726585
v 4.438846 0.128588 -0.726642
v 4.446805 0.132383 -0.726697
v 4.454607 0.135977 -0.726749
v 4.462253 0.139370 -0.726798
v 4.469742 0.142562 -0.726844
v 4.477074 0.145554 -0.726887
v 4.484249 0.148345 -0.726928
v 4.491267 0.150936 -0.726965
v 4.498129 0.153325 -0.727000
v 4.504834 0.155514 -0.727031
v 4.511381 0.157521 -0.727060
v 4.517770 0.159362 -0.727087
v 4.524003 0.161038 -0.727111
v 4.530077 0.162550 -0.727133
v 4.535994 0.163897 -0.727152
v 4.541753 0.165078 -0.727169
v 4.547355 0.166095 -0.727184
v 4.552798 0.166947 -0.727196
v 4.558085 0.167634 -0.727206
v 4.563213 0.168156 -0.727214
v 4.568185 0.168514 -0.727219
v 4.572998 0.168706 -0.727222
v 4.630967 0.168145 -0.727214
v 4.687804 0.163742 -0.727150
v 4.743512 0.155497 -0.727031
v 4.798088 0.143411 -0.726856
v 4.851534 0.127482 -0.726626
v 4.903848 0.107711 -0.726341
v 4.955032 0.084099 -0.726000
v 5.005085 0.056644 -0.725604
v 5.054008 0.025348 -0.725152
v 5.101799 -0.009790 -0.724644
v 5.148459 -0.048770 -0.724082
v 5.193988 -0.091593 -0.723463
v 5.237138 -0.136978 -0.722808
v 5.276656 -0.183648 -0.722134
v 5.312544 -0.231603 -0.721442
v 5.344801 -0.280842 -0.720731
v 5.373428 -0.331366 -0.720001
v 5.398425 -0.383174 -0.719253
v 5.419790 -0.436267 -0.718487
v 5.437526 -0.490644 -0.717701
v 5.451630 -0.546306 -0.716898
v 5.462105 -0.603253 -0.716075
v 5.468948 -0.661484 -0.715235
v 5.472162 -0.721000 -0.714375
v 5.472611 -0.777409 -0.713561
v 5.471284 -0.831477 -0.712780
v 5.468180 -0.883204 -0.712033
v 5.463299 -0.932590 -0.711320
v 5.456641 -0.979634 -0.710641
v 5.448206 -1.024337 -0.709995
v 5.437994 -1.066699 -0.709384
v 5.426005 -1.106719 -0.708806
v 5.412239 -1.144398 -0.708262
v 5.396696 -1.179736 -0.707752
v 5.379376 -1.212733 -0.707275
v 5.360280 -1.243388 -0.706832
v 5.339406 -1.271684 -0.706424
v 5.316754 -1.297604 -0.706050
v 5.292325 -1.321146 -0.705710
v 5.266117 -1.342311 -0.705404
v 5.238132 -1.361099 -0.705133
v 5.208369 -1.377510 -0.704896
v 5.176828 -1.391544 -0.704693
v 5.143510 -1.403200 -0.704525
v 5.108414 -1.412480 -0.704391
v 5.071540 -1.419383 -0.704291
v 5.032888 -1.423908 -0.704226
v 4.992459 -1.426057 -0.704195
v 4.965882 -1.426307 -0.704191
v 4.939521 -1.425818 -0.704198
v 4.913376 -1.424589 -0.704216
v 4.887448 -1.422621 -0.704244
v 4.861735 -1.419913 -0.704284
v 4.836239 -1.416466 -0.704333
v 4.810959 -1.412279 -0.704394
v 4.785894 -1.407353 -0.704465
v 4.761046 -1.401687 -0.704547
v 4.736415 -1.395282 -0.704639
v 4.711998 -1.388138 -0.704742
v 4.687799 -1.380254 -0.704856
v 4.663815 -1.371648 -0.704980
v 4.640049 -1.362338 -0.705115
v 4.616499 -1.352325 -0.705259
v 4.593167 -1.341609 -0.705414
v 4.570051 -1.330188 -0.705579
v 4.547152 -1.318064 -0.705754
v 4.524470 -1.305236 -0.705939
v 4.502005 -1.291705 -0.706135
v 4.479757 -1.277470 -0.706340
v 4.457726 -1.262531 -0.706556
v 4.435911 -1.246888 -0.706782
v 6.309434 -0.059228 -0.723931
v 6.311225 -0.089980 -0.723487
v 6.315141 -0.119501 -0.723060
v 6.321181 -0.147790 -0.722652
v 6.329346 -0.174847 -0.722261
v 6.339636 -0.200673 -0.721888
v 6.352049 -0.225266 -0.721533
v 6.366588 -0.248629 -0.721196
v 6.383251 -0.270759 -0.720876
v 6.402039 -0.291658 -0.720575
v 6.422950 -0.311325 -0.720291
v 6.445987 -0.329761 -0.720024
v 6.471148 -0.346965 -0.719776
v 6.505816 -0.472147 -0.717969
v 6.545335 -0.592954 -0.716224
v 6.589704 -0.709384 -0.714543
v 6.638924 -0.821439 -0.712925
v 6.692995 -0.929117 -0.711370
v 6.751915 -1.032418 -0.709879
v 6.815687 -1.131344 -0.708450
v 6.884309 -1.225893 -0.707085
v 6.957782 -1.316066 -0.705783
v 7.036105 -1.401863 -0.704544
v 7.119279 -1.483284 -0.703369
v 7.207304 -1.560328 -0.702256
v 7.300271 -1.632332 -0.701217
v 7.395670 -1.697830 -0.700271
v 7.493503 -1.756822 -0.699419
v 7.593768 -1.809309 -0.698661
v 7.696465 -1.855290 -0.697998
v 7.801596 -1.894766 -0.697428
v 7.909159 -1.927736 -0.696952
v 8.019154 -1.954201 -0.696569
v 8.131582 -1.974161 -0.696281
v 8.246443 -1.987614 -0.696087
v 8.363736 -1.994563 -0.695987
v 8.483462 -1.995005 -0.695980
v 8.595505 -1.989885 -0.696054
v 8.702661 -1.979845 -0.696199
v 8.804929 -1.964885 -0.696415
v 8.902309 -1.945004 -0.696702
v 8.994803 -1.920203 -0.697060
v 9.082411 -1.890481 -0.697490
v 9.165131 -1.855840 -0.697990
v 9.242963 -1.816278 -0.698561
v 9.315908 -1.771796 -0.699203
v 9.383966 -1.722394 -0.699917
v 9.447137 -1.668071 -0.700701
v 9.505421 -1.608828 -0.701556
v 9.558817 -1.544665 -0.702483
v 9.607327 -1.475582 -0.703480
v 9.650949 -1.401578 -0.704549
v 9.689684 -1.322655 -0.705689
v 9.723532 -1.238811 -0.706899
v 9.752492 -1.150046 -0.708181
v 9.776566 -1.056362 -0.709534
v 9.795752 -0.957757 -0.710957
v 9.810051 -0.854232 -0.712452
v 9.819463 -0.745787 -0.714018
v 9.823988 -0.632421 -0.715655
v 9.823626 -0.514136 -0.717363
v 9.818804 -0.403952 -0.718954
v 9.809453 -0.293408 -0.720550
v 9.795571 -0.182503 -0.722151
v 9.777160 -0.071238 -0.723758
v 9.754218 0.040388 -0.725370
v 9.726748 0.152374 -0.726986
v 9.694746 0.264720 -0.728609
v 9.658215 0.377427 -0.730236
v 9.617153 0.490495 -0.731869
v 9.571562 0.603923 -0.733506
v 9.521440 0.717712 -0.735149
v 9.466788 0.831861 -0.736798
v 9.408624 0.944335 -0.738422
v 9.347960 1.053095 -0.739992
v 9.284801 1.158144 -0.741509
v 9.219143 1.259480 -0.742972
v 9.150988 1.357103 -0.744381
v 9.080335 1.451014 -0.745737
v 9.007184 1.541213 -0.747040
v 8.931536 1.627699 -0.748289
v 8.853391 1.710472 -0.749484
v 8.772748 1.789533 -0.750625
v 8.689608 1.864882 -0.751713
v 8.603970 1.936518 -0.752748
v 8.542665 1.983300 -0.753423
v 8.480742 2.025876 -0.754038
v 8.418199 2.064245 -0.754592
v 8.355034 2.098409 -0.755085
v 8.291250 2.128366 -0.755518
v 8.226847 2.154117 -0.755889
v 8.161823 2.175661 -0.756200
v 8.096180 2.192999 -0.756451
v 8.029916 2.206131 -0.756640
v 7.963033 2.215056 -0.756769
v 7.895529 2.219776 -0.756837
v 7.827406 2.220288 -0.756845
v 7.784431 2.218036 -0.756812
v 7.739003 2.213219 -0.756743
v 7.691123 2.205836 -0.756636
v 7.640791 2.195889 -0.756492
v 7.588007 2.183377 -0.756312
v 7.532770 2.168300 -0.756094
v 7.475080 2.150659 -0.755839
v 7.414938 2.130452 -0.755548
v 7.352345 2.107680 -0.755219
v 7.287298 2.082343 -0.754853
v 7.219799 2.054441 -0.754450
v 7.149847 2.023975 -0.754010
v 7.069013 1.986215 -0.753465
v 6.995288 1.948227 -0.752916
v 6.928675 1.910009 -0.752365
v 6.869172 1.871563 -0.751809
v 6.816780 1.832888 -0.751251
v 6.771499 1.793984 -0.750689
v 6.733328 1.754851 -0.750124
v 6.702269 1.715489 -0.749556
v 6.678320 1.675898 -0.748984
v 6.661482 1.636078 -0.748409
v 6.651754 1.596030 -0.747831
v 6.649137 1.555753 -0.747249
v 6.650407 1.532772 -0.746918
v 6.653138 1.510237 -0.746592
v 6.657330 1.488148 -0.746273
v 6.662982 1.466505 -0.745961
v 6.670095 1.445309 -0.745655
v 6.678670 1.424558 -0.745355
v 6.688705 1.404252 -0.745062
v 6.700202 1.384393 -0.744775
v 6.713159 1.364980 -0.744495
v 6.727578 1.346013 -0.744221
v 6.743457 1.327492 -0.743954
v 6.760798 1.309416 -0.743693
v 6.779191 1.292333 -0.743446
v 6.798231 1.276787 -0.743222
v 6.817917 1.262779 -0.743019
v 6.838249 1.250309 -0.742839
v 6.859227 1.239376 -0.742681
v 6.880852 1.229981 -0.742546
v 6.903122 1.222124 -0.742432
v 6.926039 1.215804 -0.742341
v 6.949601 1.211022 -0.742272
v 6.973810 1.207778 -0.742225
v 6.998665 1.206072 -0.742200
v 7.024166 1.205902 -0.742198
v 7.038355 1.207244 -0.742217
v 7.055097 1.210670 -0.742267
v 7.074391 1.216179 -0.742346
v 7.096240 1.223771 -0.742456
v 7.120642 1.233447 -0.742596
v 7.147597 1.245207 -0.742766
v 7.177106 1.259050 -0.742965
v 7.209167 1.274978 -0.743195
v 7.243783 1.292988 -0.743455
v 7.280951 1.313082 -0.743746
v 7.320673 1.335260 -0.744066
v 7.362948 1.359521 -0.744416
v 7.406210 1.383805 -0.744767
v 7.448890 1.406052 -0.745088
v 7.490991 1.426260 -0.745380
v 7.532510 1.444431 -0.745642
v 7.573449 1.460564 -0.745875
v 7.613807 1.474660 -0.746079
v 7.653584 1.486718 -0.746253
v 7.692781 1.496738 -0.746397
v 7.731398 1.504720 -0.746513
v 7.769433 1.510664 -0.746599
v 7.806888 1.514571 -0.746655
v 7.843762 1.516439 -0.746682
v 7.883709 1.513892 -0.746645
v 7.926076 1.504450 -0.746509
v 7.970864 1.488115 -0.746273
v 8.018074 1.464884 -0.745938
v 8.067705 1.434760 -0.745503
v 8.119757 1.397741 -0.744968
v 8.174229 1.353828 -0.744334
v 8.231123 1.303021 -0.743600
v 8.290438 1.245319 -0.742767
v 8.352173 1.180723 -0.741835
v 8.416330 1.109232 -0.740802
v 8.482908 1.030847 -0.739671
v 8.577724 0.910967 -0.737940
v 8.664579 0.789219 -0.736182
v 8.743477 0.665601 -0.734397
v 8.814415 0.540114 -0.732585
v 8.877394 0.412759 -0.730746
v 8.932413 0.283535 -0.728880
v 8.979474 0.152442 -0.726987
v 9.018576 0.019480 -0.725068
v 9.049718 -0.115350 -0.723121
v 9.072901 -0.252050 -0.721147
v 9.088124 -0.390618 -0.719146
v 9.095389 -0.531055 -0.717118
v 9.096134 -0.600920 -0.716110
v 9.095032 -0.666994 -0.715156
v 9.092083 -0.729277 -0.714256
v 9.087288 -0.787770 -0.713412
v 9.080647 -0.842472 -0.712622
v 9.072158 -0.893383 -0.711887
v 9.061824 -0.940504 -0.711206
v 9.049643 -0.983834 -0.710581
v 9.035615 -1.023373 -0.710010
v 9.019740 -1.059122 -0.709494
v 9.002020 -1.091080 -0.709032
v 8.982452 -1.119247 -0.708625
v 8.958936 -1.145751 -0.708243
v 8.931887 -1.170080 -0.707891
v 8.901306 -1.192233 -0.707572
v 8.867194 -1.212211 -0.707283
v 8.829551 -1.230014 -0.707026
v 8.788376 -1.245643 -0.706800
v 8.743670 -1.259096 -0.706606
v 8.695432 -1.270373 -0.706443
v 8.643662 -1.279476 -0.706312
v 8.588362 -1.286404 -0.706212
v 8.529530 -1.291157 -0.706143
v 8.467166 -1.293734 -0.706106
v 8.401941 -1.293691 -0.706107
v 8.337973 -1.290502 -0.706153
v 8.275258 -1.284166 -0.706244
v 8.213799 -1.274685 -0.706381
v 8.153593 -1.262057 -0.706563
v 8.094643 -1.246283 -0.706791
v 8.036947 -1.227363 -0.707064
v 7.980506 -1.205297 -0.707383
v 7.925320 -1.180084 -0.707747
v 7.871388 -1.151726 -0.708156
v 7.818711 -1.120221 -0.708611
v 7.767289 -1.085570 -0.709112
v 7.714543 -1.045737 -0.709687
v 7.664024 -1.002843 -0.710306
v 7.615730 -0.956887 -0.710970
v 7.569662 -0.907870 -0.711677
v 7.525819 -0.855792 -0.712429
v 7.484202 -0.800653 -0.713225
v 7.444810 -0.742452 -0.714066
v 7.407644 -0.681191 -0.714950
v 7.372704 -0.616868 -0.715879
v 7.339989 -0.549483 -0.716852
v 7.309500 -0.479038 -0.717869
v 7.281236 -0.405531 -0.718931
v 7.380217 -0.412027 -0.718837
v 7.477095 -0.420686 -0.718712
v 7.571870 -0.431507 -0.718556
v 7.664542 -0.444492 -0.718368
v 7.755111 -0.459638 -0.718149
v 7.843577 -0.476948 -0.717899
v 7.929941 -0.496420 -0.717618
v 8.014202 -0.518055 -0.717306
v 8.096359 -0.541852 -0.716962
v 8.176414 -0.567812 -0.716587
v 8.254366 -0.595935 -0.716181
v 8.330215 -0.626221 -0.715744
v 8.343692 -0.631676 -0.715665
v 8.357157 -0.636630 -0.715594
v 8.370609 -0.641082 -0.715530
v 8.384050 -0.645034 -0.715473
v 8.397481 -0.648483 -0.715423
v 8.410899 -0.651432 -0.715380
v 8.424305 -0.653879 -0.715345
v 8.437700 -0.655825 -0.715317
v 8.451083 -0.657270 -0.715296
v 8.464455 -0.658213 -0.715282
v 8.477815 -0.658655 -0.715276
v 8.491162 -0.658596 -0.715277
v 8.517451 -0.657161 -0.715297
v 8.542950 -0.654097 -0.715342
v 8.567656 -0.649402 -0.715409
v 8.591570 -0.643079 -0.715501
v 8.614693 -0.635125 -0.715616
v 8.637025 -0.625542 -0.715754
v 8.658566 -0.614329 -0.715916
v 8.679314 -0.601486 -0.716101
v 8.699271 -0.587014 -0.716310
v 8.718436 -0.570912 -0.716543
v 8.736811 -0.553180 -0.716799
v 8.754394 -0.533819 -0.717078
v 8.769240 -0.515649 -0.717341
v 8.782752 -0.497117 -0.717608
v 8.794927 -0.478222 -0.717881
v 8.805765 -0.458963 -0.718159
v 8.815268 -0.439342 -0.718443
v 8.823434 -0.419357 -0.718731
v 8.830263 -0.399010 -0.719025
v 8.835757 -0.378299 -0.719324
v 8.839915 -0.357225 -0.719628
v 8.842736 -0.335788 -0.719938
v 8.844221 -0.313989 -0.720253
v 8.844370 -0.291826 -0.720573
v 8.836389 -0.227880 -0.721496
v 8.815500 -0.167530 -0.722367
v 8.781704 -0.110775 -0.723187
v 8.735002 -0.057617 -0.723954
v 8.675391 -0.008055 -0.724670
v 8.602875 0.037911 -0.725334
v 8.517450 0.080281 -0.725945
v 8.419119 0.119054 -0.726505
v 8.307880 0.154232 -0.727013
v 8.183734 0.185814 -0.727469
v 8.046681 0.213800 -0.727873
v 7.896721 0.238190 -0.728225
v 7.807375 0.250123 -0.728398
v 7.715618 0.260781 -0.728552
v 7.621450 0.270166 -0.728687
v 7.524872 0.278276 -0.728804
v 7.425883 0.285113 -0.728903
v 7.324484 0.290675 -0.728983
v 7.220674 0.294963 -0.729045
v 7.114453 0.297976 -0.729088
v 7.005822 0.299716 -0.729114
v 6.894779 0.300181 -0.729120
v 6.781327 0.299372 -0.729109
v 6.665463 0.297289 -0.729079
v 6.640005 0.295999 -0.729060
v 6.615279 0.293329 -0.729021
v 6.591285 0.289278 -0.728963
v 6.568022 0.283847 -0.728884
v 6.545492 0.277036 -0.728786
v 6.523693 0.268844 -0.728668
v 6.502626 0.259273 -0.728530
v 6.482291 0.248321 -0.728371
v 6.462688 0.235988 -0.728193
v 6.443816 0.222276 -0.727995
v 6.425677 0.207183 -0.727777
v 6.408269 0.190710 -0.727540
v 6.391961 0.173241 -0.727287
v 6.377121 0.155162 -0.727026
v 6.363749 0.136471 -0.726756
v 6.351843 0.117170 -0.726478
v 6.341405 0.097258 -0.726190
v 6.332436 0.076736 -0.725894
v 6.324933 0.055602 -0.725589
v 6.318898 0.033858 -0.725275
v 6.314330 0.011503 -0.724952
v 6.311231 -0.011463 -0.724620
v 6.309598 -0.035040 -0.724280
v -19.031666 -0.406219 0.483273
v -19.031153 -0.427507 0.483581
v -19.030634 -0.447540 0.483870
v -19.030109 -0.466320 0.484141
v -19.029575 -0.483845 0.484394
v -19.029036 -0.500116 0.484629
v -19.028490 -0.515133 0.484846
v -19.027935 -0.528896 0.485045
v -19.027374 -0.541405 0.485225
v -19.026808 -0.552660 0.485388
v -19.026236 -0.562660 0.485532
v -19.025658 -0.571406 0.485659
v -19.025070 -0.578899 0.485767
v -19.017563 -0.641763 0.486674
v -19.005842 -0.699048 0.487502
v -18.989910 -0.750753 0.488248
v -18.969763 -0.796879 0.488914
v -18.945408 -0.837426 0.489500
v -18.916836 -0.872393 0.490004
v -18.884052 -0.901780 0.490429
v -18.847055 -0.925588 0.490773
v -18.805849 -0.943816 0.491036
v -18.760429 -0.956465 0.491218
v -18.710796 -0.963534 0.491320
v -18.656950 -0.965024 0.491342
v -18.605032 -0.961489 0.491291
v -18.557745 -0.953404 0.491174
v -18.515081 -0.940769 0.490992
v -18.477047 -0.923583 0.490744
v -18.443640 -0.901848 0.490430
v -18.414860 -0.875562 0.490050
v -18.390709 -0.844727 0.489605
v -18.371181 -0.809341 0.489094
v -18.356285 -0.769405 0.488517
v -18.346014 -0.724920 0.487875
v -18.340370 -0.675884 0.487167
v -18.339355 -0.622298 0.486393
v -18.332495 -0.361599 0.482629
v -18.237524 -0.377718 0.482862
v -18.147015 -0.399638 0.483178
v -18.060961 -0.427358 0.483579
v -17.979368 -0.460878 0.484062
v -17.902231 -0.500198 0.484630
v -17.829556 -0.545318 0.485282
v -17.761337 -0.596239 0.486017
v -17.697577 -0.652960 0.486836
v -17.638275 -0.715481 0.487739
v -17.583431 -0.783802 0.488725
v -17.533049 -0.857923 0.489795
v -17.487123 -0.937844 0.490949
v -17.459570 -2.234741 0.509675
v -17.458309 -2.258868 0.510024
v -17.455666 -2.282265 0.510361
v -17.451641 -2.304931 0.510689
v -17.446232 -2.326867 0.511005
v -17.439442 -2.348071 0.511312
v -17.431267 -2.368545 0.511607
v -17.421711 -2.388288 0.511892
v -17.410774 -2.407300 0.512167
v -17.398453 -2.425581 0.512431
v -17.384748 -2.443132 0.512684
v -17.369663 -2.459952 0.512927
v -17.353193 -2.476041 0.513159
v -17.335672 -2.491085 0.513377
v -17.317427 -2.504768 0.513574
v -17.298462 -2.517091 0.513752
v -17.278774 -2.528054 0.513910
v -17.258364 -2.537656 0.514049
v -17.237234 -2.545898 0.514168
v -17.215380 -2.552780 0.514267
v -17.192804 -2.558301 0.514347
v -17.169508 -2.562462 0.514407
v -17.145489 -2.565263 0.514448
v -17.120749 -2.566704 0.514468
v -17.095289 -2.566784 0.514470
v -17.069124 -2.565459 0.514450
v -17.043997 -2.562726 0.514411
v -17.019905 -2.558583 0.514351
v -16.996853 -2.553032 0.514271
v -16.974836 -2.546072 0.514170
v -16.953859 -2.537702 0.514050
v -16.933918 -2.527924 0.513908
v -16.915014 -2.516736 0.513747
v -16.897148 -2.504139 0.513565
v -16.880322 -2.490134 0.513363
v -16.864529 -2.474720 0.513140
v -16.849777 -2.457896 0.512897
v -16.836945 -2.441762 0.512664
v -16.825277 -2.424938 0.512421
v -16.814777 -2.407425 0.512169
v -16.805439 -2.389223 0.511906
v -16.797262 -2.370331 0.511633
v -16.790255 -2.350749 0.511350
v -16.784410 -2.330479 0.511057
v -16.779730 -2.309518 0.510755
v -16.776215 -2.287868 0.510442
v -16.773863 -2.265529 0.510120
v -16.772675 -2.242500 0.509787
v -16.772654 -2.218781 0.509445
v -16.811897 -0.530058 0.485061
v -16.812254 -0.516192 0.484861
v -16.812710 -0.501235 0.484645
v -16.813263 -0.485188 0.484413
v -16.813911 -0.468051 0.484166
v -16.814659 -0.449823 0.483903
v -16.815502 -0.430505 0.483624
v -16.816442 -0.410096 0.483329
v -16.817482 -0.388597 0.483019
v -16.818615 -0.366007 0.482692
v -16.819849 -0.342326 0.482351
v -16.821178 -0.317555 0.481993
v -16.822601 -0.291694 0.481619
v -16.824030 -0.265832 0.481246
v -16.825359 -0.241062 0.480888
v -16.826590 -0.217381 0.480546
v -16.827726 -0.194791 0.480220
v -16.828764 -0.173292 0.479910
v -16.829706 -0.152883 0.479615
v -16.830549 -0.133565 0.479336
v -16.831295 -0.115337 0.479073
v -16.831945 -0.098200 0.478826
v -16.832499 -0.082152 0.478594
v -16.832952 -0.067196 0.478378
v -16.833309 -0.053330 0.478178
v -16.834461 -0.029612 0.477835
v -16.836800 -0.006584 0.477503
v -16.840324 0.015753 0.477180
v -16.845034 0.037400 0.476868
v -16.850931 0.058357 0.476565
v -16.858013 0.078623 0.476272
v -16.866283 0.098199 0.475990
v -16.875738 0.117084 0.475717
v -16.886381 0.135279 0.475454
v -16.898207 0.152784 0.475202
v -16.911222 0.169598 0.474959
v -16.925423 0.185722 0.474726
v -16.940710 0.200818 0.474508
v -16.956989 0.214547 0.474310
v -16.974258 0.226909 0.474131
v -16.992521 0.237905 0.473973
v -17.011772 0.247534 0.473834
v -17.032017 0.255796 0.473714
v -17.053251 0.262693 0.473615
v -17.075476 0.268222 0.473535
v -17.098690 0.272385 0.473475
v -17.122896 0.275181 0.473434
v -17.148096 0.276611 0.473414
v -17.174286 0.276675 0.473413
v -17.220400 0.273561 0.473458
v -17.263191 0.266441 0.473561
v -17.302658 0.255313 0.473721
v -17.338802 0.240178 0.473940
v -17.371624 0.221035 0.474216
v -17.401123 0.197886 0.474550
v -17.427299 0.170729 0.474943
v -17.450151 0.139566 0.475393
v -17.469681 0.104395 0.475900
v -17.485888 0.065217 0.476466
v -17.498772 0.022032 0.477090
v -17.508333 -0.025160 0.477771
v -17.586475 0.027410 0.477012
v -17.665909 0.075222 0.476322
v -17.746630 0.118275 0.475700
v -17.828640 0.156568 0.475147
v -17.911940 0.190102 0.474663
v -17.996527 0.218877 0.474248
v -18.082405 0.242893 0.473901
v -18.169571 0.262149 0.473623
v -18.258024 0.276646 0.473413
v -18.347769 0.286385 0.473273
v -18.438803 0.291364 0.473201
v -18.531124 0.291583 0.473198
v -18.613506 0.284904 0.473294
v -18.688494 0.268866 0.473526
v -18.756086 0.243471 0.473893
v -18.816286 0.208716 0.474394
v -18.869089 0.164603 0.475031
v -18.914501 0.111132 0.475803
v -18.952513 0.048303 0.476711
v -18.983133 -0.023885 0.477753
v -19.006357 -0.105431 0.478930
v -19.022190 -0.196335 0.480243
v -19.030624 -0.296598 0.481691
v -16.347261 -2.456539 0.512878
v -16.329271 -2.470542 0.513080
v -16.310862 -2.483281 0.513264
v -16.292032 -2.494756 0.513429
v -16.272783 -2.504967 0.513577
v -16.253117 -2.513915 0.513706
v -16.233030 -2.521599 0.513817
v -16.212524 -2.528020 0.513910
v -16.191599 -2.533176 0.513984
v -16.170256 -2.537069 0.514040
v -16.148491 -2.539699 0.514078
v -16.126308 -2.541064 0.514098
v -16.103712 -2.541166 0.514099
v -16.082987 -2.538893 0.514067
v -16.060406 -2.532995 0.513982
v -16.035973 -2.523470 0.513844
v -16.009687 -2.510319 0.513654
v -15.981546 -2.493543 0.513412
v -15.951553 -2.473141 0.513117
v -15.919706 -2.449113 0.512770
v -15.886005 -2.421459 0.512371
v -15.850452 -2.390180 0.511919
v -15.813044 -2.355274 0.511415
v -15.773783 -2.316743 0.510859
v -15.732672 -2.274586 0.510250
v -15.693039 -2.292197 0.510505
v -15.654213 -2.309057 0.510748
v -15.616194 -2.325165 0.510981
v -15.578983 -2.340521 0.511202
v -15.542578 -2.355126 0.511413
v -15.506981 -2.368979 0.511613
v -15.472189 -2.382081 0.511802
v -15.438206 -2.394431 0.511981
v -15.405031 -2.406030 0.512148
v -15.372660 -2.416877 0.512305
v -15.341099 -2.426973 0.512451
v -15.310341 -2.436317 0.512585
v -15.280373 -2.444891 0.512709
v -15.251179 -2.452677 0.512822
v -15.222757 -2.459675 0.512923
v -15.195105 -2.465884 0.513012
v -15.168226 -2.471306 0.513091
v -15.142118 -2.475939 0.513158
v -15.116783 -2.479784 0.513213
v -15.092218 -2.482841 0.513257
v -15.068428 -2.485109 0.513290
v -15.045408 -2.486590 0.513311
v -15.023161 -2.487282 0.513321
v -15.001686 -2.487186 0.513320
v -14.900175 -2.482517 0.513252
v -14.803093 -2.473329 0.513120
v -14.710440 -2.459622 0.512922
v -14.622217 -2.441396 0.512659
v -14.538422 -2.418651 0.512330
v -14.459055 -2.391387 0.511937
v -14.384119 -2.359604 0.511478
v -14.313610 -2.323303 0.510954
v -14.247534 -2.282483 0.510364
v -14.185883 -2.237144 0.509709
v -14.128664 -2.187285 0.508990
v -14.075880 -2.132909 0.508204
v -14.027519 -2.074031 0.507354
v -13.983587 -2.010670 0.506439
v -13.944082 -1.942826 0.505460
v -13.909008 -1.870499 0.504415
v -13.878359 -1.793688 0.503306
v -13.852142 -1.712395 0.502133
v -13.830351 -1.626619 0.500894
v -13.812988 -1.536360 0.499591
v -13.800055 -1.441617 0.498223
v -13.791550 -1.342392 0.496790
v -13.787474 -1.238683 0.495293
v -13.787828 -1.130492 0.493730
v -13.793396 -1.028253 0.492254
v -13.805292 -0.928650 0.490816
v -13.823513 -0.831685 0.489416
v -13.848063 -0.737357 0.488054
v -13.878937 -0.645665 0.486730
v -13.916140 -0.556611 0.485444
v -13.959667 -0.470194 0.484196
v -14.009521 -0.386414 0.482987
v -14.065702 -0.305270 0.481815
v -14.128212 -0.226764 0.480682
v -14.197046 -0.150895 0.479586
v -14.272207 -0.077663 0.478529
v -14.351717 -0.008849 0.477535
v -14.433592 0.053766 0.476631
v -14.517836 0.110181 0.475816
v -14.604446 0.160396 0.475091
v -14.693424 0.204412 0.474456
v -14.784773 0.242229 0.473910
v -14.878489 0.273846 0.473453
v -14.974571 0.299264 0.473086
v -15.073023 0.318482 0.472809
v -15.173843 0.331500 0.472621
v -15.277031 0.338319 0.472522
v -15.382584 0.338940 0.472514
v -15.423990 0.337011 0.472541
v -15.466423 0.333122 0.472598
v -15.509890 0.327276 0.472682
v -15.554386 0.319471 0.472795
v -15.599915 0.309707 0.472936
v -15.646473 0.297984 0.473105
v -15.694063 0.284303 0.473302
v -15.742683 0.268663 0.473528
v -15.792336 0.251064 0.473782
v -15.843019 0.231507 0.474065
v -15.894733 0.209991 0.474375
v -15.947477 0.186517 0.474714
v -16.009102 0.156763 0.475144
v -16.065292 0.126383 0.475583
v -16.116051 0.095378 0.476030
v -16.161377 0.063746 0.476487
v -16.201265 0.031487 0.476953
v -16.235723 -0.001397 0.477428
v -16.264750 -0.034908 0.477912
v -16.288342 -0.069044 0.478405
v -16.306496 -0.103807 0.478907
v -16.319221 -0.139196 0.479418
v -16.326513 -0.175211 0.479937
v -16.328371 -0.211852 0.480467
v -16.327602 -0.227150 0.480687
v -16.326017 -0.242107 0.480903
v -16.323614 -0.256723 0.481114
v -16.320393 -0.270997 0.481321
v -16.316357 -0.284930 0.481522
v -16.311502 -0.298521 0.481718
v -16.305830 -0.311771 0.481909
v -16.299337 -0.324680 0.482096
v -16.292030 -0.337247 0.482277
v -16.283903 -0.349472 0.482454
v -16.274961 -0.361356 0.482625
v -16.265202 -0.372899 0.482792
v -16.260571 -0.390356 0.483044
v -16.256084 -0.408550 0.483307
v -16.251741 -0.427483 0.483580
v -16.247545 -0.447153 0.483864
v -16.243490 -0.467561 0.484159
v -16.239580 -0.488708 0.484464
v -16.235817 -0.510592 0.484780
v -16.232195 -0.533213 0.485107
v -16.228718 -0.556573 0.485444
v -16.225386 -0.580670 0.485792
v -16.222197 -0.605505 0.486151
v -16.219152 -0.631078 0.486520
v -16.216272 -0.657389 0.486900
v -16.213572 -0.684439 0.487290
v -16.211048 -0.712228 0.487691
v -16.208708 -0.740755 0.488103
v -16.206547 -0.770021 0.488526
v -16.204569 -0.800025 0.488959
v -16.202768 -0.830768 0.489403
v -16.201149 -0.862250 0.489858
v -16.199707 -0.894471 0.490323
v -16.198448 -0.927430 0.490799
v -16.197371 -0.961128 0.491285
v -16.196472 -0.995564 0.491783
v -16.195093 -1.075732 0.492940
v -16.194773 -1.152092 0.494043
v -16.195507 -1.224642 0.495090
v -16.197302 -1.293383 0.496083
v -16.200153 -1.358315 0.497020
v -16.204062 -1.419439 0.497903
v -16.209026 -1.476753 0.498730
v -16.215050 -1.530258 0.499503
v -16.222132 -1.579955 0.500221
v -16.230270 -1.625842 0.500883
v -16.239466 -1.667920 0.501491
v -16.249722 -1.706190 0.502043
v -16.251604 -1.711644 0.502122
v -16.254848 -1.720210 0.502246
v -16.259460 -1.731890 0.502414
v -16.265430 -1.746682 0.502628
v -16.272766 -1.764587 0.502886
v -16.281466 -1.785605 0.503190
v -16.291527 -1.809736 0.503538
v -16.302950 -1.836980 0.503932
v -16.315739 -1.867336 0.504370
v -16.329889 -1.900806 0.504853
v -16.345402 -1.937388 0.505382
v -16.362280 -1.977083 0.505955
v -16.377539 -2.013086 0.506475
v -16.391459 -2.046407 0.506956
v -16.404041 -2.077045 0.507398
v -16.415289 -2.105001 0.507802
v -16.425198 -2.130275 0.508167
v -16.433771 -2.152867 0.508493
v -16.441006 -2.172776 0.508780
v -16.446903 -2.190003 0.509029
v -16.451464 -2.204547 0.509239
v -16.454689 -2.216410 0.509410
v -16.456573 -2.225590 0.509543
v -16.457121 -2.232087 0.509637
v -16.455873 -2.254522 0.509961
v -16.453186 -2.276278 0.510275
v -16.449062 -2.297357 0.510579
v -16.443502 -2.317757 0.510874
v -16.436504 -2.337479 0.511159
v -16.428068 -2.356522 0.511433
v -16.418196 -2.374887 0.511699
v -16.406885 -2.392575 0.511954
v -16.394135 -2.409583 0.512200
v -16.379948 -2.425913 0.512435
v -16.364323 -2.441565 0.512661
v -15.560520 -1.677279 0.501626
v -15.550474 -1.576872 0.500176
v -15.541403 -1.480786 0.498789
v -15.533306 -1.389022 0.497464
v -15.526188 -1.301580 0.496201
v -15.520044 -1.218460 0.495001
v -15.514879 -1.139663 0.493863
v -15.510687 -1.065187 0.492788
v -15.507473 -0.995033 0.491775
v -15.505236 -0.929202 0.490824
v -15.503973 -0.867692 0.489936
v -15.503687 -0.810504 0.489110
v -15.504379 -0.757639 0.488347
v -15.504784 -0.743720 0.488146
v -15.505358 -0.729465 0.487940
v -15.506102 -0.714874 0.487730
v -15.507013 -0.699946 0.487514
v -15.508095 -0.684681 0.487294
v -15.509344 -0.669080 0.487068
v -15.510765 -0.653143 0.486838
v -15.512354 -0.636870 0.486603
v -15.514112 -0.620260 0.486363
v -15.516039 -0.603313 0.486119
v -15.518137 -0.586030 0.485869
v -15.520401 -0.568411 0.485615
v -15.522839 -0.550455 0.485356
v -15.525444 -0.532163 0.485091
v -15.528219 -0.513534 0.484822
v -15.531164 -0.494569 0.484549
v -15.534277 -0.475267 0.484270
v -15.537560 -0.455629 0.483986
v -15.541012 -0.435655 0.483698
v -15.544632 -0.415344 0.483405
v -15.548422 -0.394697 0.483107
v -15.552380 -0.373713 0.482804
v -15.556509 -0.352393 0.482496
v -15.560806 -0.330737 0.482183
v -15.552376 -0.326340 0.482120
v -15.544104 -0.322144 0.482059
v -15.535988 -0.318149 0.482001
v -15.528028 -0.314354 0.481946
v -15.520227 -0.310760 0.481895
v -15.512581 -0.307368 0.481846
v -15.505093 -0.304175 0.481799
v -15.497759 -0.301183 0.481756
v -15.490583 -0.298392 0.481716
v -15.483566 -0.295802 0.481679
v -15.476706 -0.293412 0.481644
v -15.469999 -0.291223 0.481613
v -15.463453 -0.289217 0.481584
v -15.457066 -0.287375 0.481557
v -15.450832 -0.285699 0.481533
v -15.444757 -0.284187 0.481511
v -15.438841 -0.282841 0.481491
v -15.433081 -0.281659 0.481474
v -15.427479 -0.280642 0.481460
v -15.422035 -0.279790 0.481447
v -15.416748 -0.279103 0.481438
v -15.411619 -0.278581 0.481430
v -15.406649 -0.278224 0.481425
v -15.401836 -0.278031 0.481422
v -15.343868 -0.278592 0.481430
v -15.287029 -0.282995 0.481494
v -15.231323 -0.291240 0.481613
v -15.176746 -0.303326 0.481787
v -15.123301 -0.319255 0.482017
v -15.070984 -0.339026 0.482303
v -15.019800 -0.362638 0.482644
v -14.969749 -0.390093 0.483040
v -14.920828 -0.421389 0.483492
v -14.873035 -0.456527 0.483999
v -14.826374 -0.495508 0.484562
v -14.780844 -0.538330 0.485180
v -14.737698 -0.583715 0.485836
v -14.698177 -0.630385 0.486510
v -14.662291 -0.678340 0.487202
v -14.630032 -0.727579 0.487913
v -14.601404 -0.778103 0.488642
v -14.576408 -0.829911 0.489390
v -14.555042 -0.883004 0.490157
v -14.537308 -0.937382 0.490942
v -14.523201 -0.993043 0.491746
v -14.512728 -1.049990 0.492568
v -14.505884 -1.108221 0.493409
v -14.502670 -1.167737 0.494268
v -14.502220 -1.224147 0.495083
v -14.503548 -1.278215 0.495864
v -14.506653 -1.329941 0.496610
v -14.511534 -1.379327 0.497324
v -14.518192 -1.426371 0.498003
v -14.526628 -1.471074 0.498648
v -14.536839 -1.513436 0.499260
v -14.548828 -1.553456 0.499838
v -14.562593 -1.591135 0.500382
v -14.578138 -1.626473 0.500892
v -14.595459 -1.659470 0.501368
v -14.614553 -1.690125 0.501811
v -14.635427 -1.718422 0.502220
v -14.658079 -1.744341 0.502594
v -14.682508 -1.767883 0.502934
v -14.708715 -1.789048 0.503239
v -14.736700 -1.807836 0.503511
v -14.766466 -1.824247 0.503748
v -14.798006 -1.838281 0.503950
v -14.831324 -1.849938 0.504119
v -14.866419 -1.859217 0.504253
v -14.903292 -1.866120 0.504352
v -14.941946 -1.870646 0.504418
v -14.982374 -1.872794 0.504449
v -15.008953 -1.873044 0.504452
v -15.035313 -1.872555 0.504445
v -15.061459 -1.871326 0.504428
v -15.087387 -1.869358 0.504399
v -15.113098 -1.866650 0.504360
v -15.138594 -1.863203 0.504310
v -15.163876 -1.859016 0.504250
v -15.188940 -1.854090 0.504179
v -15.213787 -1.848425 0.504097
v -15.238420 -1.842019 0.504004
v -15.262836 -1.834875 0.503901
v -15.287035 -1.826991 0.503787
v -15.311018 -1.818385 0.503663
v -15.334785 -1.809076 0.503529
v -15.358335 -1.799062 0.503384
v -15.381668 -1.788346 0.503229
v -15.404783 -1.776925 0.503065
v -15.427681 -1.764801 0.502889
v -15.450363 -1.751973 0.502704
v -15.472828 -1.738442 0.502509
v -15.495077 -1.724207 0.502303
v -15.517109 -1.709268 0.502088
v -15.538923 -1.693625 0.501862
v -12.991552 -2.262491 0.510075
v -12.930418 -2.285792 0.510412
v -12.868723 -2.306930 0.510717
v -12.806469 -2.325905 0.510991
v -12.743654 -2.342718 0.511234
v -12.680279 -2.357368 0.511445
v -12.616344 -2.369855 0.511625
v -12.551851 -2.380180 0.511775
v -12.486797 -2.388342 0.511892
v -12.421185 -2.394342 0.511979
v -12.355011 -2.398178 0.512034
v -12.288279 -2.399852 0.512059
v -12.220985 -2.399364 0.512052
v -12.119728 -2.394969 0.511988
v -12.021687 -2.386564 0.511867
v -11.926859 -2.374150 0.511687
v -11.835249 -2.357727 0.511450
v -11.746853 -2.337293 0.511155
v -11.661671 -2.312850 0.510802
v -11.579706 -2.284398 0.510391
v -11.500956 -2.251935 0.509923
v -11.425419 -2.215463 0.509396
v -11.353102 -2.174981 0.508812
v -11.283995 -2.130490 0.508169
v -11.218098 -2.081989 0.507469
v -11.150105 -2.024393 0.506637
v -11.088223 -1.963248 0.505754
v -11.032454 -1.898555 0.504820
v -10.982794 -1.830314 0.503835
v -10.939247 -1.758524 0.502798
v -10.901812 -1.683187 0.501710
v -10.870485 -1.604301 0.500571
v -10.845270 -1.521866 0.499381
v -10.826168 -1.435884 0.498140
v -10.813177 -1.346353 0.496847
v -10.806297 -1.253274 0.495503
v -10.805525 -1.156647 0.494108
v -10.810404 -1.049384 0.492559
v -10.819986 -0.945026 0.491052
v -10.834278 -0.843571 0.489587
v -10.853271 -0.745021 0.488164
v -10.876972 -0.649374 0.486783
v -10.905376 -0.556631 0.485444
v -10.938488 -0.466792 0.484147
v -10.976307 -0.379857 0.482892
v -11.018827 -0.295826 0.481678
v -11.066055 -0.214698 0.480507
v -11.117989 -0.136475 0.479378
v -11.174627 -0.061155 0.478290
v -11.242029 0.017210 0.477158
v -11.312965 0.088543 0.476129
v -11.387436 0.152843 0.475200
v -11.465435 0.210111 0.474373
v -11.546968 0.260346 0.473648
v -11.632036 0.303548 0.473024
v -11.720636 0.339718 0.472502
v -11.812769 0.368855 0.472081
v -11.908436 0.390959 0.471762
v -12.007631 0.406031 0.471544
v -12.110363 0.414070 0.471428
v -12.216627 0.415077 0.471414
v -12.290434 0.412359 0.471453
v -12.362080 0.407685 0.471521
v -12.431562 0.401055 0.471616
v -12.498880 0.392468 0.471740
v -12.564039 0.381926 0.471893
v -12.627033 0.369427 0.472073
v -12.687864 0.354973 0.472282
v -12.746534 0.338562 0.472519
v -12.803040 0.320195 0.472784
v -12.857384 0.299873 0.473077
v -12.909565 0.277593 0.473399
v -12.959583 0.253358 0.473749
v -13.021091 0.218644 0.474250
v -13.077118 0.181121 0.474792
v -13.127659 0.140787 0.475374
v -13.172718 0.097642 0.475997
v -13.212290 0.051688 0.476661
v -13.246380 0.002922 0.477365
v -13.274984 -0.048653 0.478110
v -13.298105 -0.103040 0.478895
v -13.315741 -0.160236 0.479721
v -13.327894 -0.220244 0.480587
v -13.334562 -0.283061 0.481494
v -13.335747 -0.348689 0.482442
v -13.332451 -0.395458 0.483117
v -13.324766 -0.441228 0.483778
v -13.312691 -0.486001 0.484425
v -13.296227 -0.529776 0.485057
v -13.275368 -0.572553 0.485674
v -13.250120 -0.614333 0.486278
v -13.220482 -0.655115 0.486866
v -13.186451 -0.694899 0.487441
v -13.148031 -0.733686 0.488001
v -13.105219 -0.771475 0.488547
v -13.058020 -0.808266 0.489078
v -13.006428 -0.844059 0.489595
v -12.979895 -0.860855 0.489837
v -12.949280 -0.878846 0.490097
v -12.914579 -0.898031 0.490374
v -12.875797 -0.918412 0.490668
v -12.832932 -0.939988 0.490980
v -12.785984 -0.962758 0.491308
v -12.734953 -0.986724 0.491654
v -12.679838 -1.011884 0.492018
v -12.620644 -1.038239 0.492398
v -12.557364 -1.065789 0.492796
v -12.490002 -1.094535 0.493211
v -12.418558 -1.124475 0.493643
v -11.539364 -1.488407 0.498898
v -11.559874 -1.510774 0.499221
v -11.581120 -1.532227 0.499531
v -11.603107 -1.552766 0.499827
v -11.625835 -1.572390 0.500111
v -11.649302 -1.591100 0.500381
v -11.673504 -1.608895 0.500638
v -11.698446 -1.625777 0.500882
v -11.724129 -1.641743 0.501112
v -11.750549 -1.656796 0.501329
v -11.777710 -1.670934 0.501534
v -11.805611 -1.684158 0.501725
v -11.834248 -1.696467 0.501902
v -11.863623 -1.707862 0.502067
v -11.893740 -1.718343 0.502218
v -11.924595 -1.727909 0.502356
v -11.956188 -1.736561 0.502481
v -11.988523 -1.744299 0.502593
v -12.021593 -1.751122 0.502692
v -12.055405 -1.757031 0.502777
v -12.089954 -1.762025 0.502849
v -12.125242 -1.766106 0.502908
v -12.161272 -1.769271 0.502954
v -12.198040 -1.771523 0.502986
v -12.235544 -1.772860 0.503005
v -12.292505 -1.773198 0.503010
v -12.348042 -1.771533 0.502986
v -12.402153 -1.767864 0.502933
v -12.454840 -1.762191 0.502851
v -12.506102 -1.754515 0.502741
v -12.555937 -1.744835 0.502601
v -12.604351 -1.733151 0.502432
v -12.651339 -1.719464 0.502234
v -12.696903 -1.703773 0.502008
v -12.741041 -1.686079 0.501752
v -12.783754 -1.666380 0.501468
v -12.825043 -1.644679 0.501155
v -12.860643 -1.625317 0.500875
v -12.895018 -1.607682 0.500620
v -12.928167 -1.591775 0.500391
v -12.960094 -1.577594 0.500186
v -12.990797 -1.565141 0.500006
v -13.020275 -1.554415 0.499851
v -13.048531 -1.545416 0.499721
v -13.075560 -1.538144 0.499616
v -13.101366 -1.532599 0.499536
v -13.125948 -1.528781 0.499481
v -13.149303 -1.526690 0.499451
v -13.171438 -1.526327 0.499446
v -13.214291 -1.529132 0.499486
v -13.253330 -1.535467 0.499578
v -13.288557 -1.545331 0.499720
v -13.319969 -1.558726 0.499914
v -13.347565 -1.575651 0.500158
v -13.371349 -1.596106 0.500453
v -13.391319 -1.620091 0.500800
v -13.407473 -1.647606 0.501197
v -13.419813 -1.678651 0.501645
v -13.428343 -1.713225 0.502145
v -13.433056 -1.751330 0.502695
v -13.433954 -1.792965 0.503296
v -13.429840 -1.841129 0.503991
v -13.419769 -1.887651 0.504663
v -13.403744 -1.932529 0.505311
v -13.381763 -1.975764 0.505935
v -13.353828 -2.017355 0.506536
v -13.319941 -2.057304 0.507113
v -13.280096 -2.095610 0.507666
v -13.234297 -2.132272 0.508195
v -13.182543 -2.167292 0.508701
v -13.124834 -2.200668 0.509183
v -13.061171 -2.232401 0.509641
v -12.651770 -0.317320 0.481989
v -12.622561 -0.300985 0.481753
v -12.591850 -0.285976 0.481536
v -12.559637 -0.272294 0.481339
v -12.525921 -0.259938 0.481160
v -12.490705 -0.248909 0.481001
v -12.453987 -0.239207 0.480861
v -12.415766 -0.230830 0.480740
v -12.376041 -0.223781 0.480638
v -12.334816 -0.218058 0.480556
v -12.292089 -0.213662 0.480492
v -12.247858 -0.210592 0.480448
v -12.202127 -0.208849 0.480423
v -12.162558 -0.209040 0.480425
v -12.123907 -0.211474 0.480461
v -12.086172 -0.216151 0.480528
v -12.049355 -0.223070 0.480628
v -12.013453 -0.232231 0.480760
v -11.978468 -0.243636 0.480925
v -11.944401 -0.257283 0.481122
v -11.911249 -0.273173 0.481351
v -11.879017 -0.291305 0.481613
v -11.847700 -0.311680 0.481907
v -11.817299 -0.334297 0.482234
v -11.787809 -0.359157 0.482593
v -11.759226 -0.386260 0.482984
v -11.731520 -0.415604 0.483408
v -11.704699 -0.447190 0.483864
v -11.678757 -0.481018 0.484352
v -11.653694 -0.517087 0.484873
v -11.629515 -0.555398 0.485426
v -11.606216 -0.595952 0.486012
v -11.583796 -0.638747 0.486630
v -11.562260 -0.683783 0.487280
v -11.541601 -0.731061 0.487963
v -11.521826 -0.780582 0.488678
v -11.502934 -0.832344 0.489425
v -11.552038 -0.812436 0.489138
v -11.601109 -0.792563 0.488851
v -11.650141 -0.772725 0.488564
v -11.699137 -0.752922 0.488278
v -11.748096 -0.733154 0.487993
v -11.797020 -0.713421 0.487708
v -11.845907 -0.693723 0.487424
v -11.894756 -0.674060 0.487140
v -11.943567 -0.654432 0.486856
v -11.992344 -0.634839 0.486574
v -12.041084 -0.615281 0.486291
v -12.089785 -0.595757 0.486009
v -12.147507 -0.571034 0.485652
v -12.203251 -0.546587 0.485299
v -12.257013 -0.522416 0.484950
v -12.308796 -0.498522 0.484605
v -12.358597 -0.474904 0.484264
v -12.406420 -0.451563 0.483927
v -12.452263 -0.428498 0.483594
v -12.496124 -0.405710 0.483265
v -12.538006 -0.383198 0.482940
v -12.577908 -0.360962 0.482619
v -12.615828 -0.339003 0.482302
v -10.357300 1.570082 0.454736
v -10.277676 -1.856351 0.504211
v -10.273380 -1.934535 0.505340
v -10.264297 -2.005800 0.506369
v -10.250420 -2.070147 0.507298
v -10.231752 -2.127575 0.508127
v -10.208294 -2.178084 0.508856
v -10.180042 -2.221675 0.509486
v -10.147001 -2.258348 0.510015
v -10.109167 -2.288101 0.510445
v -10.066542 -2.310936 0.510774
v -10.019127 -2.326853 0.511004
v -9.966919 -2.335851 0.511134
v -9.909920 -2.337930 0.511164
v -9.884491 -2.336658 0.511146
v -9.859842 -2.334044 0.511108
v -9.835981 -2.330086 0.511051
v -9.812904 -2.324784 0.510974
v -9.790611 -2.318140 0.510878
v -9.769104 -2.310152 0.510763
v -9.748379 -2.300821 0.510628
v -9.728443 -2.290147 0.510474
v -9.709290 -2.278130 0.510301
v -9.690920 -2.264769 0.510108
v -9.673338 -2.250065 0.509895
v -9.656540 -2.234018 0.509664
v -9.640844 -2.216922 0.509417
v -9.626562 -2.199071 0.509159
v -9.613701 -2.180464 0.508890
v -9.602255 -2.161102 0.508611
v -9.592224 -2.140984 0.508320
v -9.583611 -2.120111 0.508019
v -9.576418 -2.098484 0.507707
v -9.570641 -2.076100 0.507384
v -9.566278 -2.052962 0.507049
v -9.563334 -2.029068 0.506704
v -9.561808 -2.004419 0.506349
v -9.561697 -1.979014 0.505982
v -9.644558 1.586642 0.454497
v -9.645884 1.611171 0.454143
v -9.648693 1.634913 0.453800
v -9.652994 1.657868 0.453469
v -9.658785 1.680036 0.453149
v -9.666065 1.701417 0.452840
v -9.674833 1.722012 0.452543
v -9.685093 1.741819 0.452257
v -9.696836 1.760840 0.451982
v -9.710072 1.779073 0.451719
v -9.724796 1.796519 0.451467
v -9.741009 1.813179 0.451226
v -9.758713 1.829050 0.450997
v -9.776594 1.842643 0.450801
v -9.795130 1.855004 0.450622
v -9.814318 1.866130 0.450462
v -9.834160 1.876024 0.450319
v -9.854654 1.884683 0.450194
v -9.875803 1.892110 0.450087
v -9.897604 1.898303 0.449997
v -9.920057 1.903263 0.449926
v -9.943167 1.906990 0.449872
v -9.966927 1.909483 0.449836
v -9.991339 1.910743 0.449818
v -10.016407 1.910770 0.449817
v -10.041409 1.909553 0.449835
v -10.065628 1.907082 0.449870
v -10.089064 1.903358 0.449924
v -10.111717 1.898380 0.449996
v -10.133589 1.892149 0.450086
v -10.154676 1.884664 0.450194
v -10.174982 1.875924 0.450320
v -10.194506 1.865932 0.450465
v -10.213247 1.854685 0.450627
v -10.231205 1.842185 0.450808
v -10.248381 1.828431 0.451006
v -10.264771 1.813424 0.451223
v -10.280081 1.797402 0.451454
v -10.294008 1.780607 0.451697
v -10.306555 1.763038 0.451950
v -10.317720 1.744694 0.452215
v -10.327503 1.725577 0.452491
v -10.335907 1.705685 0.452778
v -10.342926 1.685020 0.453077
v -10.348564 1.663580 0.453386
v -10.352819 1.641366 0.453707
v -10.355694 1.618379 0.454039
v -10.357189 1.594617 0.454382
v -9.140261 0.677442 0.467625
v -9.122778 0.655600 0.467940
v -9.104124 0.635719 0.468228
v -9.084293 0.617800 0.468486
v -9.063288 0.601843 0.468717
v -9.041107 0.587848 0.468919
v -9.017754 0.575815 0.469092
v -8.993225 0.565744 0.469238
v -8.967522 0.557635 0.469355
v -8.940645 0.551488 0.469444
v -8.912592 0.547303 0.469504
v -8.883366 0.545081 0.469536
v -8.852962 0.544819 0.469540
v -8.815109 0.547401 0.469503
v -8.779022 0.553345 0.469417
v -8.744698 0.562651 0.469283
v -8.712139 0.575320 0.469100
v -8.681345 0.591352 0.468868
v -8.652315 0.610747 0.468588
v -8.625050 0.633504 0.468259
v -8.599550 0.659624 0.467882
v -8.575817 0.689106 0.467457
v -8.553844 0.721951 0.466982
v -8.533640 0.758158 0.466460
v -8.515196 0.797729 0.465888
v -8.507023 0.816620 0.465615
v -8.498817 0.834223 0.465361
v -8.490583 0.850537 0.465126
v -8.482321 0.865562 0.464909
v -8.474028 0.879297 0.464710
v -8.465704 0.891744 0.464531
v -8.457352 0.902901 0.464370
v -8.448965 0.912769 0.464227
v -8.440552 0.921349 0.464103
v -8.432110 0.928639 0.463998
v -8.423635 0.934640 0.463911
v -8.415134 0.939351 0.463843
v -8.407869 0.942404 0.463799
v -8.398838 0.945248 0.463758
v -8.388042 0.947881 0.463720
v -8.375484 0.950305 0.463685
v -8.361162 0.952518 0.463653
v -8.345079 0.954522 0.463624
v -8.327232 0.956316 0.463598
v -8.307623 0.957900 0.463575
v -8.286249 0.959275 0.463556
v -8.263109 0.960439 0.463539
v -8.238209 0.961394 0.463525
v -8.211544 0.962139 0.463514
v -8.156536 0.959906 0.463546
v -8.099960 0.950687 0.463680
v -8.041828 0.934482 0.463914
v -7.982128 0.911291 0.464248
v -7.920870 0.881115 0.464684
v -7.858049 0.843952 0.465221
v -7.793667 0.799803 0.465858
v -7.727724 0.748668 0.466596
v -7.660215 0.690548 0.467436
v -7.591148 0.625441 0.468376
v -7.520517 0.553349 0.469417
v -7.448326 0.474271 0.470558
v -7.350323 0.359373 0.472217
v -7.260635 0.245536 0.473861
v -7.179264 0.132760 0.475489
v -7.106205 0.021045 0.477103
v -7.041462 -0.089610 0.478700
v -6.985031 -0.199203 0.480283
v -6.936914 -0.307736 0.481850
v -6.897114 -0.415208 0.483402
v -6.865629 -0.521619 0.484938
v -6.842455 -0.626970 0.486459
v -6.827597 -0.731260 0.487965
v -6.821054 -0.834488 0.489456
v -6.821289 -0.880801 0.490124
v -6.824165 -0.926064 0.490778
v -6.829687 -0.970279 0.491416
v -6.837854 -1.013444 0.492040
v -6.848663 -1.055560 0.492648
v -6.862118 -1.096626 0.493241
v -6.878216 -1.136644 0.493818
v -6.896957 -1.175612 0.494381
v -6.918343 -1.213531 0.494929
v -6.942373 -1.250400 0.495461
v -6.969048 -1.286221 0.495978
v -6.998365 -1.320992 0.496480
v -7.029560 -1.353854 0.496955
v -7.061857 -1.383948 0.497389
v -7.095261 -1.411272 0.497784
v -7.129770 -1.435828 0.498138
v -7.165382 -1.457614 0.498453
v -7.202101 -1.476632 0.498728
v -7.239923 -1.492881 0.498962
v -7.278852 -1.506361 0.499157
v -7.318886 -1.517072 0.499311
v -7.360025 -1.525014 0.499426
v -7.402269 -1.530188 0.499501
v -7.445612 -1.532592 0.499536
v -7.488297 -1.532652 0.499536
v -7.531134 -1.530853 0.499510
v -7.574120 -1.527194 0.499458
v -7.617256 -1.521676 0.499378
v -7.660545 -1.514298 0.499271
v -7.703985 -1.505060 0.499138
v -7.747576 -1.493963 0.498978
v -7.791317 -1.481007 0.498791
v -7.835209 -1.466191 0.498577
v -7.879251 -1.449515 0.498336
v -7.923443 -1.430980 0.498068
v -7.967789 -1.410585 0.497774
v -7.984934 -1.401740 0.497646
v -8.004997 -1.390813 0.497488
v -8.027977 -1.377804 0.497301
v -8.053881 -1.362713 0.497083
v -8.082701 -1.345541 0.496835
v -8.114439 -1.326286 0.496557
v -8.149099 -1.304950 0.496249
v -8.186678 -1.281532 0.495911
v -8.227177 -1.256032 0.495542
v -8.270594 -1.228450 0.495144
v -8.316929 -1.198786 0.494716
v -8.366186 -1.167041 0.494257
v -8.399572 -1.146392 0.493959
v -8.431553 -1.127573 0.493688
v -8.462128 -1.110584 0.493442
v -8.491297 -1.095426 0.493223
v -8.519060 -1.082098 0.493031
v -8.545416 -1.070601 0.492865
v -8.570368 -1.060934 0.492725
v -8.593910 -1.053097 0.492612
v -8.616047 -1.047091 0.492526
v -8.636780 -1.042915 0.492465
v -8.656107 -1.040570 0.492431
v -8.674025 -1.040054 0.492424
v -8.699505 -1.041435 0.492444
v -8.724308 -1.044375 0.492486
v -8.748426 -1.048877 0.492551
v -8.771862 -1.054939 0.492639
v -8.794615 -1.062561 0.492749
v -8.816687 -1.071744 0.492882
v -8.838076 -1.082488 0.493037
v -8.858784 -1.094792 0.493214
v -8.878809 -1.108657 0.493415
v -8.898149 -1.124083 0.493637
v -8.916811 -1.141068 0.493883
v -8.934792 -1.159615 0.494150
v -8.950464 -1.177821 0.494413
v -8.964725 -1.196425 0.494682
v -8.977579 -1.215426 0.494956
v -8.989025 -1.234823 0.495236
v -8.999062 -1.254619 0.495522
v -9.007690 -1.274811 0.495814
v -9.014910 -1.295401 0.496111
v -9.020720 -1.316387 0.496414
v -9.025122 -1.337771 0.496723
v -9.028116 -1.359552 0.497037
v -9.029699 -1.381731 0.497357
v -9.029875 -1.404306 0.497683
v -9.028360 -1.429368 0.498045
v -9.024992 -1.453850 0.498399
v -9.019772 -1.477751 0.498744
v -9.012697 -1.501072 0.499081
v -9.003771 -1.523812 0.499409
v -8.992992 -1.545972 0.499729
v -8.980360 -1.567551 0.500041
v -8.965878 -1.588550 0.500344
v -8.949539 -1.608969 0.500639
v -8.931353 -1.628807 0.500925
v -8.911310 -1.648064 0.501203
v -8.889418 -1.666741 0.501473
v -8.768658 -1.759524 0.502812
v -8.647732 -1.843991 0.504032
v -8.526642 -1.920142 0.505132
v -8.405386 -1.987977 0.506111
v -8.283964 -2.047496 0.506970
v -8.162378 -2.098699 0.507710
v -8.040625 -2.141587 0.508329
v -7.918707 -2.176158 0.508828
v -7.796621 -2.202414 0.509207
v -7.674372 -2.220353 0.509466
v -7.551956 -2.229977 0.509605
v -7.429375 -2.231285 0.509624
v -7.333858 -2.226128 0.509549
v -7.240988 -2.215157 0.509391
v -7.150766 -2.198371 0.509149
v -7.063194 -2.175771 0.508822
v -6.978264 -2.147357 0.508412
v -6.895985 -2.113129 0.507918
v -6.816353 -2.073087 0.507340
v -6.739367 -2.027230 0.506678
v -6.665026 -1.975559 0.505931
v -6.593334 -1.918073 0.505101
v -6.524290 -1.854774 0.504187
v -6.457891 -1.785660 0.503189
v -6.398447 -1.715346 0.502174
v -6.344358 -1.643151 0.501132
v -6.295624 -1.569073 0.500062
v -6.252243 -1.493114 0.498965
v -6.214218 -1.415272 0.497841
v -6.181549 -1.335549 0.496690
v -6.154236 -1.253944 0.495512
v -6.132275 -1.170457 0.494307
v -6.115669 -1.085087 0.493074
v -6.104418 -0.997836 0.491814
v -6.098522 -0.908703 0.490527
v -6.097984 -0.817688 0.489213
v -6.106588 -0.673610 0.487133
v -6.125715 -0.529275 0.485048
v -6.155361 -0.384682 0.482961
v -6.195528 -0.239832 0.480869
v -6.246218 -0.094725 0.478774
v -6.307425 0.050638 0.476675
v -6.379154 0.196259 0.474573
v -6.461401 0.342138 0.472466
v -6.554173 0.488274 0.470356
v -6.657463 0.634666 0.468242
v -6.771275 0.781316 0.466125
v -6.895607 0.928223 0.464004
v -7.005806 1.047621 0.462280
v -7.116154 1.156409 0.460709
v -7.226650 1.254590 0.459291
v -7.337294 1.342162 0.458027
v -7.448086 1.419125 0.456916
v -7.559027 1.485480 0.455958
v -7.670115 1.541226 0.455153
v -7.781353 1.586364 0.454501
v -7.892736 1.620894 0.454002
v -8.004271 1.644815 0.453657
v -8.115952 1.658128 0.453465
v -8.227781 1.660832 0.453426
v -8.246565 1.660342 0.453433
v -8.265039 1.659752 0.453441
v -8.283209 1.659061 0.453451
v -8.301071 1.658270 0.453463
v -8.318626 1.657378 0.453476
v -8.335871 1.656386 0.453490
v -8.352812 1.655294 0.453506
v -8.369444 1.654101 0.453523
v -8.385769 1.652808 0.453542
v -8.401789 1.651415 0.453562
v -8.417498 1.649922 0.453583
v -8.432903 1.648327 0.453606
v -8.447998 1.646634 0.453631
v -8.462788 1.644839 0.453657
v -8.477270 1.642944 0.453684
v -8.491444 1.640948 0.453713
v -8.505310 1.638853 0.453743
v -8.518869 1.636657 0.453775
v -8.532122 1.634360 0.453808
v -8.545063 1.631964 0.453843
v -8.557699 1.629467 0.453879
v -8.570028 1.626870 0.453916
v -8.582050 1.624172 0.453955
v -8.593763 1.621374 0.453996
v -8.613436 1.638634 0.453746
v -8.633717 1.654339 0.453520
v -8.654608 1.668489 0.453315
v -8.676107 1.681085 0.453133
v -8.698219 1.692125 0.452974
v -8.720940 1.701611 0.452837
v -8.744270 1.709543 0.452723
v -8.768211 1.715919 0.452630
v -8.792761 1.720741 0.452561
v -8.817921 1.724008 0.452514
v -8.843691 1.725720 0.452489
v -8.870073 1.725877 0.452487
v -8.912525 1.722795 0.452531
v -8.952085 1.715588 0.452635
v -8.988747 1.704257 0.452799
v -9.022514 1.688801 0.453022
v -9.053391 1.669220 0.453305
v -9.081367 1.645515 0.453647
v -9.106451 1.617685 0.454049
v -9.128639 1.585730 0.454510
v -9.147932 1.549651 0.455031
v -9.164333 1.509448 0.455612
v -9.177837 1.465120 0.456252
v -9.188446 1.416667 0.456951
v -9.194609 1.379908 0.457482
v -9.200136 1.342161 0.458027
v -9.205030 1.303425 0.458587
v -9.209293 1.263700 0.459160
v -9.212923 1.222987 0.459748
v -9.215919 1.181286 0.460350
v -9.218285 1.138596 0.460967
v -9.220015 1.094918 0.461597
v -9.221111 1.050251 0.462242
v -9.221575 1.004596 0.462901
v -9.221405 0.957952 0.463575
v -9.220604 0.910319 0.464263
v -9.219587 0.889007 0.464570
v -9.217539 0.868042 0.464873
v -9.214457 0.847423 0.465171
v -9.210344 0.827150 0.465463
v -9.205198 0.807224 0.465751
v -9.199020 0.787645 0.466034
v -9.191809 0.768412 0.466312
v -9.183563 0.749525 0.466584
v -9.174286 0.730985 0.466852
v -9.163977 0.712791 0.467115
v -9.152636 0.694944 0.467372
v -3.020921 -2.030835 0.506729
v -2.959785 -2.054136 0.507066
v -2.898090 -2.075274 0.507371
v -2.835835 -2.094249 0.507645
v -2.773022 -2.111062 0.507887
v -2.709648 -2.125712 0.508099
v -2.645713 -2.138200 0.508279
v -2.581219 -2.148524 0.508428
v -2.516166 -2.156686 0.508546
v -2.450553 -2.162686 0.508633
v -2.384380 -2.166522 0.508688
v -2.317647 -2.168196 0.508712
v -2.250355 -2.167708 0.508705
v -2.149096 -2.163313 0.508642
v -2.051053 -2.154908 0.508520
v -1.956226 -2.142494 0.508341
v -1.864614 -2.126070 0.508104
v -1.776217 -2.105637 0.507809
v -1.691035 -2.081194 0.507456
v -1.609068 -2.052741 0.507045
v -1.530317 -2.020279 0.506576
v -1.454782 -1.983807 0.506050
v -1.382462 -1.943325 0.505465
v -1.313355 -1.898834 0.504823
v -1.247467 -1.850333 0.504123
v -1.179474 -1.792737 0.503291
v -1.117592 -1.731592 0.502408
v -1.061821 -1.666899 0.501474
v -1.012162 -1.598658 0.500489
v -0.968614 -1.526868 0.499452
v -0.931177 -1.451531 0.498364
v -0.899851 -1.372645 0.497225
v -0.874638 -1.290210 0.496035
v -0.855535 -1.204228 0.494793
v -0.842542 -1.114697 0.493501
v -0.835662 -1.021618 0.492157
v -0.834895 -0.924991 0.490762
v -0.839774 -0.817728 0.489213
v -0.849358 -0.713370 0.487706
v -0.863647 -0.611916 0.486241
v -0.882642 -0.513365 0.484818
v -0.906343 -0.417718 0.483437
v -0.934749 -0.324975 0.482098
v -0.967859 -0.235136 0.480801
v -1.005676 -0.148201 0.479545
v -1.048197 -0.064170 0.478332
v -1.095426 0.016958 0.477161
v -1.147358 0.095181 0.476031
v -1.203997 0.170501 0.474944
v -1.271399 0.248866 0.473812
v -1.342335 0.320199 0.472782
v -1.416802 0.384499 0.471854
v -1.494804 0.441767 0.471027
v -1.576338 0.492002 0.470302
v -1.661405 0.535204 0.469678
v -1.750005 0.571374 0.469156
v -1.842136 0.600511 0.468735
v -1.937802 0.622615 0.468416
v -2.037000 0.637687 0.468198
v -2.139731 0.645726 0.468082
v -2.245996 0.646733 0.468068
v -2.319804 0.644015 0.468107
v -2.391450 0.639341 0.468174
v -2.460933 0.632710 0.468270
v -2.528253 0.624124 0.468394
v -2.593410 0.613582 0.468546
v -2.656404 0.601083 0.468727
v -2.717236 0.586629 0.468935
v -2.775905 0.570218 0.469172
v -2.832411 0.551851 0.469438
v -2.886754 0.531528 0.469731
v -2.938934 0.509249 0.470053
v -2.988953 0.485014 0.470403
v -3.050463 0.450300 0.470904
v -3.106488 0.412777 0.471446
v -3.157029 0.372443 0.472028
v -3.202085 0.329299 0.472651
v -3.241658 0.283344 0.473315
v -3.275746 0.234578 0.474019
v -3.304352 0.183002 0.474764
v -3.327473 0.128616 0.475549
v -3.345109 0.071419 0.476375
v -3.357262 0.011412 0.477241
v -3.363929 -0.051405 0.478148
v -3.365114 -0.117033 0.479096
v -3.361820 -0.163801 0.479771
v -3.354136 -0.209572 0.480432
v -3.342061 -0.254345 0.481078
v -3.325594 -0.298120 0.481710
v -3.304737 -0.340897 0.482328
v -3.279490 -0.382677 0.482931
v -3.249851 -0.423459 0.483520
v -3.215822 -0.463243 0.484095
v -3.177402 -0.502030 0.484655
v -3.134591 -0.539819 0.485200
v -3.087389 -0.576610 0.485732
v -3.035797 -0.612403 0.486248
v -3.009264 -0.629199 0.486491
v -2.978647 -0.647190 0.486751
v -2.943949 -0.666376 0.487028
v -2.905166 -0.686756 0.487322
v -2.862302 -0.708332 0.487633
v -2.815353 -0.731102 0.487962
v -2.764322 -0.755068 0.488308
v -2.709209 -0.780228 0.488672
v -2.650013 -0.806583 0.489052
v -2.586734 -0.834133 0.489450
v -2.519371 -0.862879 0.489865
v -2.447927 -0.892819 0.490297
v -1.568732 -1.256751 0.495552
v -1.589243 -1.279119 0.495875
v -1.610491 -1.300571 0.496185
v -1.632478 -1.321110 0.496481
v -1.655205 -1.340734 0.496765
v -1.678669 -1.359444 0.497035
v -1.702874 -1.377239 0.497292
v -1.727818 -1.394121 0.497535
v -1.753499 -1.410087 0.497766
v -1.779921 -1.425140 0.497983
v -1.807081 -1.439278 0.498187
v -1.834980 -1.452502 0.498378
v -1.863617 -1.464811 0.498556
v -1.892995 -1.476206 0.498721
v -1.923111 -1.486687 0.498872
v -1.953965 -1.496253 0.499010
v -1.985559 -1.504905 0.499135
v -2.017892 -1.512643 0.499247
v -2.050964 -1.519466 0.499345
v -2.084775 -1.525375 0.499431
v -2.119325 -1.530370 0.499503
v -2.154613 -1.534450 0.499562
v -2.190641 -1.537616 0.499607
v -2.227407 -1.539867 0.499640
v -2.264914 -1.541204 0.499659
v -2.321875 -1.541542 0.499664
v -2.377411 -1.539877 0.499640
v -2.431522 -1.536208 0.499587
v -2.484208 -1.530535 0.499505
v -2.535471 -1.522859 0.499394
v -2.585308 -1.513179 0.499255
v -2.633720 -1.501495 0.499086
v -2.680708 -1.487808 0.498888
v -2.726272 -1.472117 0.498662
v -2.770411 -1.454423 0.498406
v -2.813124 -1.434724 0.498122
v -2.854412 -1.413023 0.497808
v -2.890012 -1.393661 0.497529
v -2.924389 -1.376026 0.497274
v -2.957541 -1.360119 0.497045
v -2.989468 -1.345938 0.496840
v -3.020171 -1.333485 0.496660
v -3.049649 -1.322759 0.496505
v -3.077904 -1.313760 0.496375
v -3.104933 -1.306488 0.496270
v -3.130738 -1.300943 0.496190
v -3.155319 -1.297125 0.496135
v -3.178675 -1.295034 0.496105
v -3.200807 -1.294671 0.496100
v -3.243661 -1.297476 0.496140
v -3.282701 -1.303811 0.496232
v -3.317928 -1.313676 0.496374
v -3.349340 -1.327070 0.496567
v -3.376938 -1.343995 0.496812
v -3.400722 -1.364450 0.497107
v -3.420691 -1.388435 0.497454
v -3.436846 -1.415950 0.497851
v -3.449187 -1.446995 0.498299
v -3.457714 -1.481570 0.498798
v -3.462426 -1.519674 0.499349
v -3.463326 -1.561309 0.499950
v -3.459209 -1.609473 0.500645
v -3.449139 -1.655995 0.501317
v -3.433114 -1.700873 0.501965
v -3.411134 -1.744108 0.502589
v -3.383199 -1.785700 0.503190
v -3.349309 -1.825648 0.503766
v -3.309464 -1.863954 0.504320
v -3.263665 -1.900616 0.504849
v -3.211911 -1.935636 0.505355
v -3.154203 -1.969012 0.505836
v -3.090540 -2.000745 0.506295
v -2.681139 -0.085664 0.478643
v -2.651930 -0.069329 0.478407
v -2.621220 -0.054320 0.478190
v -2.589007 -0.040638 0.477993
v -2.555293 -0.028282 0.477814
v -2.520076 -0.017253 0.477655
v -2.483356 -0.007551 0.477515
v -2.445136 0.000825 0.477394
v -2.405413 0.007875 0.477292
v -2.364187 0.013598 0.477209
v -2.321459 0.017994 0.477146
v -2.277228 0.021064 0.477102
v -2.231497 0.022807 0.477076
v -2.191928 0.022616 0.477079
v -2.153275 0.020182 0.477114
v -2.115541 0.015506 0.477182
v -2.078722 0.008586 0.477282
v -2.042821 -0.000575 0.477414
v -2.007835 -0.011980 0.477579
v -1.973767 -0.025627 0.477776
v -1.940616 -0.041517 0.478005
v -1.908381 -0.059649 0.478267
v -1.877064 -0.080024 0.478561
v -1.846663 -0.102641 0.478888
v -1.817181 -0.127501 0.479247
v -1.788596 -0.154604 0.479638
v -1.760892 -0.183948 0.480062
v -1.734069 -0.215534 0.480518
v -1.708126 -0.249362 0.481006
v -1.683065 -0.285431 0.481527
v -1.658885 -0.323743 0.482080
v -1.635585 -0.364296 0.482666
v -1.613167 -0.407090 0.483284
v -1.591629 -0.452127 0.483934
v -1.570972 -0.499406 0.484617
v -1.551198 -0.548926 0.485332
v -1.532303 -0.600688 0.486079
v -1.581409 -0.580780 0.485792
v -1.630478 -0.560907 0.485505
v -1.679511 -0.541069 0.485218
v -1.728507 -0.521266 0.484932
v -1.777467 -0.501498 0.484647
v -1.826389 -0.481765 0.484362
v -1.875276 -0.462067 0.484078
v -1.924125 -0.442404 0.483794
v -1.972938 -0.422776 0.483510
v -2.021713 -0.403183 0.483227
v -2.070453 -0.383625 0.482945
v -2.119154 -0.364102 0.482663
v -2.176876 -0.339378 0.482306
v -2.232618 -0.314931 0.481953
v -2.286381 -0.290760 0.481604
v -2.338164 -0.266866 0.481259
v -2.387966 -0.243248 0.480918
v -2.435788 -0.219907 0.480581
v -2.481631 -0.196842 0.480248
v -2.525494 -0.174054 0.479919
v -2.567375 -0.151542 0.479594
v -2.607276 -0.129306 0.479273
v -2.645198 -0.107347 0.478956
v 2.406751 0.563944 0.469262
v 2.406756 0.570679 0.469165
v 2.407190 0.572839 0.469134
v 2.408054 0.570423 0.469169
v 2.409347 0.563431 0.469270
v 2.411069 0.551863 0.469437
v 2.413220 0.535719 0.469670
v 2.415801 0.514999 0.469969
v 2.418811 0.489703 0.470334
v 2.422251 0.459831 0.470766
v 2.426119 0.425383 0.471263
v 2.430417 0.386359 0.471826
v 2.435145 0.342758 0.472456
v 2.368767 0.413319 0.471437
v 2.303109 0.477627 0.470509
v 2.238170 0.535682 0.469670
v 2.173951 0.587484 0.468922
v 2.110451 0.633032 0.468265
v 2.047670 0.672328 0.467697
v 1.985609 0.705370 0.467220
v 1.924268 0.732159 0.466834
v 1.863645 0.752695 0.466537
v 1.803741 0.766978 0.466331
v 1.744558 0.775008 0.466215
v 1.686095 0.776784 0.466189
v 1.621332 0.773183 0.466241
v 1.559608 0.765462 0.466353
v 1.500923 0.753618 0.466524
v 1.445276 0.737654 0.466754
v 1.392667 0.717569 0.467044
v 1.343097 0.693362 0.467394
v 1.296565 0.665033 0.467803
v 1.253072 0.632584 0.468271
v 1.212618 0.596014 0.468799
v 1.175201 0.555322 0.469387
v 1.140823 0.510509 0.470034
v 1.109484 0.461575 0.470741
v 1.082468 0.483680 0.470421
v 1.055010 0.504807 0.470116
v 1.027106 0.524956 0.469826
v 0.998759 0.544129 0.469549
v 0.969969 0.562323 0.469286
v 0.940734 0.579539 0.469037
v 0.911057 0.595779 0.468803
v 0.880934 0.611040 0.468583
v 0.850368 0.625324 0.468376
v 0.819358 0.638630 0.468184
v 0.787905 0.650958 0.468006
v 0.756007 0.662309 0.467842
v 0.723684 0.672683 0.467692
v 0.690953 0.682079 0.467557
v 0.657815 0.690499 0.467435
v 0.624267 0.697942 0.467328
v 0.590313 0.704409 0.467234
v 0.555950 0.709898 0.467155
v 0.521179 0.714411 0.467090
v 0.486000 0.717947 0.467039
v 0.450414 0.720505 0.467002
v 0.414420 0.722087 0.466979
v 0.378016 0.722693 0.466970
v 0.341207 0.722321 0.466976
v 0.259189 0.716922 0.467054
v 0.181852 0.704646 0.467231
v 0.109197 0.685492 0.467508
v 0.041224 0.659460 0.467884
v -0.022068 0.626551 0.468359
v -0.080678 0.586764 0.468933
v -0.134607 0.540099 0.469607
v -0.183854 0.486557 0.470380
v -0.228419 0.426137 0.471253
v -0.268304 0.358839 0.472224
v -0.303507 0.284664 0.473295
v -0.334028 0.203611 0.474466
v -0.339844 0.182857 0.474765
v -0.346039 0.155252 0.475164
v -0.352612 0.120793 0.475661
v -0.359565 0.079484 0.476258
v -0.366897 0.031322 0.476953
v -0.374608 -0.023691 0.477748
v -0.382698 -0.085557 0.478641
v -0.391167 -0.154274 0.479633
v -0.400016 -0.229843 0.480724
v -0.409243 -0.312264 0.481914
v -0.418850 -0.401537 0.483203
v -0.428834 -0.497662 0.484591
v -0.439466 -0.571427 0.485656
v -0.450490 -0.652941 0.486833
v -0.461908 -0.742202 0.488122
v -0.473721 -0.839211 0.489523
v -0.485929 -0.943969 0.491036
v -0.498529 -1.056474 0.492660
v -0.511525 -1.176727 0.494396
v -0.524915 -1.304728 0.496244
v -0.538698 -1.440477 0.498205
v -0.552876 -1.583974 0.500277
v -0.567448 -1.735219 0.502460
v -0.582414 -1.894212 0.504756
v -0.582731 -1.918367 0.505105
v -0.581380 -1.941767 0.505443
v -0.578360 -1.964412 0.505770
v -0.573669 -1.986301 0.506086
v -0.567311 -2.007435 0.506391
v -0.559283 -2.027813 0.506685
v -0.549587 -2.047437 0.506968
v -0.538221 -2.066305 0.507241
v -0.525186 -2.084417 0.507502
v -0.510482 -2.101774 0.507753
v -0.494109 -2.118376 0.507993
v -0.476068 -2.134223 0.508222
v -0.456937 -2.149023 0.508435
v -0.437299 -2.162486 0.508630
v -0.417155 -2.174612 0.508805
v -0.396503 -2.185400 0.508960
v -0.375344 -2.194850 0.509097
v -0.353678 -2.202963 0.509214
v -0.331505 -2.209739 0.509312
v -0.308824 -2.215177 0.509390
v -0.285636 -2.219278 0.509450
v -0.261941 -2.222042 0.509490
v -0.237739 -2.223468 0.509510
v -0.213029 -2.223557 0.509511
v -0.165284 -2.220405 0.509466
v -0.121041 -2.213251 0.509363
v -0.080301 -2.202093 0.509202
v -0.043063 -2.186933 0.508983
v -0.009326 -2.167769 0.508706
v 0.020906 -2.144603 0.508371
v 0.047639 -2.117434 0.507979
v 0.070868 -2.086261 0.507529
v 0.090595 -2.051086 0.507021
v 0.106820 -2.011907 0.506455
v 0.119544 -1.968726 0.505832
v 0.128764 -1.921542 0.505151
v 0.135465 -1.875580 0.504487
v 0.142132 -1.826574 0.503779
v 0.148763 -1.774524 0.503028
v 0.155359 -1.719429 0.502232
v 0.161920 -1.661289 0.501393
v 0.168447 -1.600105 0.500509
v 0.174939 -1.535876 0.499582
v 0.181396 -1.468603 0.498611
v 0.187819 -1.398285 0.497595
v 0.194206 -1.324923 0.496536
v 0.200558 -1.248516 0.495433
v 0.206878 -1.169064 0.494286
v 0.213352 -1.082497 0.493036
v 0.219677 -1.000233 0.491848
v 0.225849 -0.922272 0.490722
v 0.231872 -0.848614 0.489659
v 0.237742 -0.779258 0.488657
v 0.243462 -0.714205 0.487718
v 0.249030 -0.653455 0.486841
v 0.254446 -0.597009 0.486026
v 0.259711 -0.544864 0.485273
v 0.264827 -0.497023 0.484582
v 0.269789 -0.453485 0.483953
v 0.274602 -0.414249 0.483387
v 0.284779 -0.340261 0.482318
v 0.295643 -0.272671 0.481342
v 0.307193 -0.211477 0.480459
v 0.319431 -0.156681 0.479668
v 0.332355 -0.108282 0.478969
v 0.345967 -0.066280 0.478362
v 0.360266 -0.030675 0.477848
v 0.375251 -0.001468 0.477427
v 0.390924 0.021342 0.477097
v 0.407283 0.037755 0.476860
v 0.424330 0.047771 0.476716
v 0.442063 0.051390 0.476663
v 0.453039 0.050821 0.476672
v 0.466170 0.048654 0.476703
v 0.481455 0.044889 0.476757
v 0.498895 0.039526 0.476835
v 0.518488 0.032564 0.476935
v 0.540237 0.024005 0.477059
v 0.564140 0.013848 0.477205
v 0.590198 0.002093 0.477375
v 0.618409 -0.011260 0.477568
v 0.648775 -0.026212 0.477784
v 0.681295 -0.042761 0.478023
v 0.715970 -0.060908 0.478285
v 0.750928 -0.079640 0.478555
v 0.784296 -0.097943 0.478820
v 0.816076 -0.115817 0.479078
v 0.846267 -0.133262 0.479330
v 0.874869 -0.150279 0.479575
v 0.901881 -0.166866 0.479815
v 0.927306 -0.183025 0.480048
v 0.951141 -0.198755 0.480275
v 0.973387 -0.214056 0.480496
v 0.994044 -0.228928 0.480711
v 1.013113 -0.243372 0.480919
v 1.030591 -0.257386 0.481122
v 1.031286 -0.308174 0.481855
v 1.031097 -0.362565 0.482640
v 1.030022 -0.420559 0.483478
v 1.028061 -0.482157 0.484367
v 1.025216 -0.547358 0.485309
v 1.021485 -0.616162 0.486302
v 1.016870 -0.688569 0.487348
v 1.011369 -0.764580 0.488445
v 1.004984 -0.844194 0.489595
v 0.997712 -0.927412 0.490796
v 0.989556 -1.014233 0.492050
v 0.980518 -1.104657 0.493355
v 0.971110 -1.197060 0.494690
v 0.962615 -1.285501 0.495967
v 0.955033 -1.369980 0.497186
v 0.948363 -1.450497 0.498349
v 0.942606 -1.527051 0.499454
v 0.937761 -1.599643 0.500503
v 0.933830 -1.668273 0.501494
v 0.930811 -1.732940 0.502427
v 0.928706 -1.793646 0.503304
v 0.927512 -1.850389 0.504123
v 0.927231 -1.903169 0.504885
v 0.927863 -1.951988 0.505590
v 0.929123 -1.976124 0.505939
v 0.931767 -1.999548 0.506277
v 0.935792 -2.022259 0.506605
v 0.941202 -2.044257 0.506922
v 0.947996 -2.065542 0.507230
v 0.956171 -2.086114 0.507527
v 0.965730 -2.105973 0.507814
v 0.976672 -2.125120 0.508090
v 0.988997 -2.143553 0.508356
v 1.002704 -2.161274 0.508612
v 1.017796 -2.178282 0.508858
v 1.034268 -2.194577 0.509093
v 1.051794 -2.209827 0.509313
v 1.070041 -2.223698 0.509513
v 1.089010 -2.236191 0.509694
v 1.108701 -2.247306 0.509854
v 1.129112 -2.257043 0.509995
v 1.150246 -2.265401 0.510115
v 1.172102 -2.272381 0.510216
v 1.194678 -2.277983 0.510297
v 1.217977 -2.282207 0.510358
v 1.241997 -2.285053 0.510399
v 1.266739 -2.286520 0.510420
v 1.292202 -2.286609 0.510422
v 1.317634 -2.285337 0.510403
v 1.342280 -2.282722 0.510366
v 1.366142 -2.278764 0.510308
v 1.389219 -2.273463 0.510232
v 1.411511 -2.266819 0.510136
v 1.433019 -2.258831 0.510021
v 1.453743 -2.249500 0.509886
v 1.473680 -2.238826 0.509732
v 1.492832 -2.226809 0.509558
v 1.511201 -2.213448 0.509365
v 1.528784 -2.198744 0.509153
v 1.545583 -2.182697 0.508921
v 1.561281 -2.165655 0.508675
v 1.575566 -2.147964 0.508420
v 1.588436 -2.129626 0.508155
v 1.599891 -2.110640 0.507881
v 1.609931 -2.091006 0.507597
v 1.618556 -2.070724 0.507304
v 1.625768 -2.049794 0.507002
v 1.631564 -2.028217 0.506691
v 1.635946 -2.005991 0.506370
v 1.638913 -1.983118 0.506040
v 1.640466 -1.959597 0.505700
v 1.640604 -1.935428 0.505351
v 1.639860 -1.884507 0.504616
v 1.639906 -1.829717 0.503825
v 1.640740 -1.771056 0.502978
v 1.642365 -1.708526 0.502075
v 1.644778 -1.642126 0.501116
v 1.647981 -1.571856 0.500101
v 1.651973 -1.497716 0.499031
v 1.656754 -1.419707 0.497904
v 1.662325 -1.337828 0.496722
v 1.668684 -1.252079 0.495484
v 1.675833 -1.162460 0.494190
v 1.683771 -1.068971 0.492840
v 1.691710 -0.975482 0.491490
v 1.698858 -0.885863 0.490196
v 1.705218 -0.800114 0.488958
v 1.710788 -0.718235 0.487776
v 1.715569 -0.640225 0.486649
v 1.719563 -0.566086 0.485579
v 1.722764 -0.495816 0.484564
v 1.725178 -0.429416 0.483606
v 1.726801 -0.366885 0.482703
v 1.727636 -0.308225 0.481856
v 1.727683 -0.253434 0.481065
v 1.726938 -0.202514 0.480329
v 1.726509 -0.175474 0.479939
v 1.726494 -0.149355 0.479562
v 1.726894 -0.124159 0.479198
v 1.727712 -0.099885 0.478848
v 1.728946 -0.076532 0.478510
v 1.730596 -0.054102 0.478186
v 1.732662 -0.032593 0.477876
v 1.735145 -0.012006 0.477579
v 1.738043 0.007659 0.477295
v 1.741358 0.026402 0.477024
v 1.745090 0.044224 0.476767
v 1.749234 0.061123 0.476523
v 1.799886 0.031900 0.476945
v 1.850646 -0.000509 0.477413
v 1.901515 -0.036104 0.477926
v 1.952496 -0.074885 0.478486
v 2.003586 -0.116853 0.479092
v 2.054786 -0.162006 0.479744
v 2.106096 -0.210346 0.480442
v 2.157516 -0.261872 0.481186
v 2.209046 -0.316584 0.481976
v 2.260685 -0.374482 0.482812
v 2.312435 -0.435566 0.483694
v 2.364294 -0.499836 0.484622
v 2.366644 -0.502917 0.484667
v 2.369252 -0.506242 0.484715
v 2.372116 -0.509812 0.484766
v 2.375237 -0.513627 0.484821
v 2.378614 -0.517686 0.484880
v 2.382249 -0.521991 0.484942
v 2.386141 -0.526540 0.485008
v 2.390289 -0.531334 0.485077
v 2.394694 -0.536373 0.485150
v 2.399357 -0.541657 0.485226
v 2.404276 -0.547186 0.485306
v 2.409452 -0.552959 0.485389
v 2.413083 -0.638162 0.486620
v 2.416498 -0.720254 0.487805
v 2.419696 -0.799233 0.488945
v 2.422679 -0.875101 0.490041
v 2.425446 -0.947856 0.491091
v 2.427998 -1.017500 0.492097
v 2.430334 -1.084031 0.493057
v 2.432454 -1.147451 0.493973
v 2.434358 -1.207759 0.494844
v 2.436046 -1.264954 0.495670
v 2.437518 -1.319038 0.496451
v 2.438775 -1.370009 0.497187
v 2.439098 -1.382389 0.497365
v 2.439509 -1.395466 0.497554
v 2.440008 -1.409239 0.497753
v 2.440595 -1.423708 0.497962
v 2.441270 -1.438875 0.498181
v 2.442033 -1.454738 0.498410
v 2.442884 -1.471297 0.498649
v 2.443823 -1.488553 0.498898
v 2.444850 -1.506506 0.499158
v 2.445966 -1.525155 0.499427
v 2.447169 -1.544501 0.499706
v 2.448463 -1.564544 0.499996
v 2.449752 -1.584496 0.500284
v 2.450949 -1.603574 0.500559
v 2.452054 -1.621776 0.500822
v 2.453066 -1.639102 0.501072
v 2.453987 -1.655552 0.501310
v 2.454815 -1.671127 0.501535
v 2.455551 -1.685826 0.501747
v 2.456195 -1.699649 0.501946
v 2.456747 -1.712597 0.502133
v 2.457207 -1.724669 0.502308
v 2.457573 -1.735866 0.502469
v 2.457851 -1.746187 0.502618
v 2.459171 -1.768961 0.502947
v 2.462049 -1.790874 0.503264
v 2.466485 -1.811927 0.503568
v 2.472481 -1.832120 0.503859
v 2.480036 -1.851453 0.504138
v 2.489150 -1.869925 0.504405
v 2.499823 -1.887537 0.504659
v 2.512054 -1.904289 0.504901
v 2.525845 -1.920181 0.505131
v 2.541194 -1.935212 0.505348
v 2.558103 -1.949383 0.505552
v 2.576570 -1.962694 0.505744
v 2.594404 -1.974229 0.505911
v 2.612896 -1.984708 0.506062
v 2.632045 -1.994134 0.506198
v 2.651851 -2.002506 0.506319
v 2.672314 -2.009823 0.506425
v 2.693435 -2.016085 0.506515
v 2.715214 -2.021294 0.506591
v 2.737649 -2.025448 0.506651
v 2.760742 -2.028548 0.506695
v 2.784492 -2.030594 0.506725
v 2.808900 -2.031585 0.506739
v 2.833965 -2.031522 0.506738
v 2.869532 -2.029370 0.506707
v 2.903064 -2.024614 0.506638
v 2.934562 -2.017254 0.506532
v 2.964025 -2.007291 0.506388
v 2.991456 -1.994723 0.506207
v 3.016851 -1.979551 0.505988
v 3.040212 -1.961775 0.505731
v 3.061539 -1.941395 0.505437
v 3.080832 -1.918411 0.505105
v 3.098091 -1.892823 0.504736
v 3.113315 -1.864631 0.504328
v 3.126507 -1.833835 0.503884
v 3.134645 -1.811093 0.503555
v 3.141980 -1.786255 0.503197
v 3.148514 -1.759322 0.502808
v 3.154244 -1.730294 0.502389
v 3.159173 -1.699170 0.501939
v 3.163300 -1.665952 0.501460
v 3.166624 -1.630638 0.500950
v 3.169146 -1.593229 0.500410
v 3.170866 -1.553725 0.499839
v 3.171782 -1.512125 0.499239
v 3.171897 -1.468431 0.498608
v 3.171211 -1.422641 0.497947
v 3.148923 -0.463549 0.484098
v 3.148476 -0.441230 0.483776
v 3.148134 -0.417242 0.483430
v 3.147896 -0.391586 0.483059
v 3.147764 -0.364262 0.482665
v 3.147736 -0.335269 0.482246
v 3.147813 -0.304608 0.481803
v 3.147995 -0.272278 0.481336
v 3.148281 -0.238279 0.480846
v 3.148673 -0.202613 0.480331
v 3.149168 -0.165278 0.479792
v 3.149769 -0.126274 0.479228
v 3.150475 -0.085602 0.478641
v 3.151180 -0.044930 0.478054
v 3.151781 -0.005927 0.477491
v 3.152277 0.031408 0.476952
v 3.152668 0.067075 0.476437
v 3.152955 0.101073 0.475946
v 3.153137 0.133403 0.475479
v 3.153214 0.164064 0.475036
v 3.153186 0.193057 0.474617
v 3.153053 0.220382 0.474223
v 3.152816 0.246038 0.473853
v 3.152473 0.270026 0.473506
v 3.152027 0.292345 0.473184
v 3.150572 0.330270 0.472636
v 3.147982 0.367561 0.472098
v 3.144260 0.404215 0.471569
v 3.139404 0.440235 0.471048
v 3.133413 0.475619 0.470538
v 3.126290 0.510368 0.470036
v 3.118033 0.544480 0.469543
v 3.108643 0.577958 0.469060
v 3.098118 0.610801 0.468586
v 3.086461 0.643008 0.468121
v 3.073669 0.674579 0.467665
v 3.059744 0.705516 0.467218
v 3.041523 0.742174 0.466689
v 3.022230 0.775583 0.466206
v 3.001863 0.805742 0.465771
v 2.980424 0.832652 0.465382
v 2.957912 0.856313 0.465041
v 2.934327 0.876724 0.464746
v 2.909669 0.893886 0.464498
v 2.883939 0.907799 0.464297
v 2.857136 0.918461 0.464143
v 2.829259 0.925875 0.464036
v 2.800310 0.930039 0.463976
v 2.770288 0.930954 0.463963
v 2.746419 0.929620 0.463982
v 2.723017 0.926738 0.464024
v 2.700080 0.922309 0.464088
v 2.677611 0.916332 0.464174
v 2.655609 0.908808 0.464283
v 2.634072 0.899736 0.464414
v 2.613003 0.889116 0.464567
v 2.592400 0.876948 0.464743
v 2.572264 0.863233 0.464941
v 2.552594 0.847970 0.465161
v 2.533391 0.831160 0.465404
v 2.514655 0.812802 0.465669
v 2.496944 0.793536 0.465947
v 2.480819 0.774003 0.466229
v 2.466279 0.754202 0.466515
v 2.453324 0.734133 0.466805
v 2.441954 0.713796 0.467099
v 2.432169 0.693192 0.467396
v 2.423970 0.672320 0.467698
v 2.417356 0.651180 0.468003
v 2.412327 0.629773 0.468312
v 2.408884 0.608097 0.468625
v 2.407025 0.586154 0.468942
v 3.627572 -1.992447 0.506174
v 3.645562 -2.006450 0.506376
v 3.663972 -2.019189 0.506560
v 3.682800 -2.030664 0.506726
v 3.702048 -2.040875 0.506873
v 3.721715 -2.049823 0.507002
v 3.741801 -2.057508 0.507113
v 3.762307 -2.063928 0.507206
v 3.783231 -2.069085 0.507280
v 3.804575 -2.072978 0.507337
v 3.826339 -2.075607 0.507375
v 3.848521 -2.076972 0.507394
v 3.871123 -2.077074 0.507396
v 3.891849 -2.074801 0.507363
v 3.914427 -2.068902 0.507278
v 3.938860 -2.059378 0.507140
v 3.965146 -2.046228 0.506950
v 3.993285 -2.029451 0.506708
v 4.023278 -2.009049 0.506414
v 4.055124 -1.985021 0.506067
v 4.088824 -1.957368 0.505667
v 4.124378 -1.926088 0.505216
v 4.161786 -1.891182 0.504712
v 4.201047 -1.852651 0.504155
v 4.242161 -1.810494 0.503547
v 4.281794 -1.828105 0.503801
v 4.320620 -1.844965 0.504044
v 4.358638 -1.861073 0.504277
v 4.395850 -1.876429 0.504499
v 4.432255 -1.891034 0.504710
v 4.467853 -1.904887 0.504910
v 4.502644 -1.917989 0.505099
v 4.536628 -1.930339 0.505277
v 4.569805 -1.941938 0.505445
v 4.602175 -1.952785 0.505601
v 4.633738 -1.962881 0.505747
v 4.664494 -1.972225 0.505882
v 4.694460 -1.980799 0.506006
v 4.723655 -1.988585 0.506118
v 4.752078 -1.995583 0.506219
v 4.779729 -2.001792 0.506309
v 4.806608 -2.007214 0.506387
v 4.832715 -2.011847 0.506454
v 4.858050 -2.015692 0.506509
v 4.882614 -2.018749 0.506554
v 4.906405 -2.021018 0.506586
v 4.929424 -2.022498 0.506608
v 4.951672 -2.023190 0.506618
v 4.973147 -2.023094 0.506616
v 5.074659 -2.018425 0.506549
v 5.171741 -2.009237 0.506416
v 5.264394 -1.995530 0.506218
v 5.352618 -1.977304 0.505955
v 5.436412 -1.954559 0.505627
v 5.515778 -1.927295 0.505233
v 5.590714 -1.895512 0.504774
v 5.661220 -1.859211 0.504250
v 5.727297 -1.818391 0.503660
v 5.788946 -1.773052 0.503006
v 5.846164 -1.723193 0.502286
v 5.898954 -1.668817 0.501501
v 5.947315 -1.609939 0.500651
v 5.991247 -1.546578 0.499736
v 6.030751 -1.478734 0.498756
v 6.065826 -1.406407 0.497712
v 6.096474 -1.329597 0.496603
v 6.122692 -1.248303 0.495429
v 6.144483 -1.162527 0.494190
v 6.161844 -1.072268 0.492887
v 6.174778 -0.977525 0.491519
v 6.183282 -0.878300 0.490086
v 6.187359 -0.774592 0.488589
v 6.187006 -0.666400 0.487027
v 6.181437 -0.564161 0.485551
v 6.169540 -0.464558 0.484112
v 6.151318 -0.367593 0.482712
v 6.126769 -0.273265 0.481350
v 6.095893 -0.181574 0.480026
v 6.058692 -0.092519 0.478741
v 6.015163 -0.006102 0.477493
v 5.965309 0.077678 0.476283
v 5.909127 0.158821 0.475111
v 5.846620 0.237328 0.473978
v 5.777785 0.313197 0.472882
v 5.702625 0.386429 0.471825
v 5.623118 0.455243 0.470831
v 5.541242 0.517858 0.469927
v 5.456999 0.574273 0.469113
v 5.370388 0.624488 0.468388
v 5.281408 0.668504 0.467752
v 5.190061 0.706321 0.467206
v 5.096345 0.737938 0.466750
v 5.000262 0.763356 0.466383
v 4.901811 0.782574 0.466105
v 4.800991 0.795592 0.465917
v 4.697804 0.802411 0.465819
v 4.592249 0.803032 0.465810
v 4.550846 0.801102 0.465838
v 4.508411 0.797215 0.465894
v 4.464946 0.791368 0.465978
v 4.420449 0.783563 0.466091
v 4.374922 0.773799 0.466232
v 4.328363 0.762076 0.466401
v 4.280773 0.748395 0.466599
v 4.232152 0.732755 0.466825
v 4.182500 0.715156 0.467079
v 4.131817 0.695599 0.467361
v 4.080103 0.674083 0.467672
v 4.027358 0.650609 0.468011
v 3.965733 0.620855 0.468440
v 3.909542 0.590475 0.468879
v 3.858784 0.559470 0.469327
v 3.813460 0.527838 0.469784
v 3.773569 0.495579 0.470249
v 3.739110 0.462695 0.470724
v 3.710086 0.429185 0.471208
v 3.686495 0.395048 0.471701
v 3.668337 0.360285 0.472203
v 3.655612 0.324896 0.472714
v 3.648321 0.288881 0.473234
v 3.646462 0.252241 0.473763
v 3.647231 0.236942 0.473984
v 3.648816 0.221985 0.474200
v 3.651219 0.207369 0.474411
v 3.654440 0.193095 0.474617
v 3.658478 0.179162 0.474818
v 3.663333 0.165571 0.475014
v 3.669006 0.152321 0.475206
v 3.675496 0.139412 0.475392
v 3.682805 0.126845 0.475573
v 3.690929 0.114620 0.475750
v 3.699872 0.102736 0.475922
v 3.709632 0.091193 0.476088
v 3.714263 0.073736 0.476340
v 3.718750 0.055542 0.476603
v 3.723093 0.036609 0.476876
v 3.727291 0.016939 0.477160
v 3.731345 -0.003470 0.477455
v 3.735254 -0.024616 0.477760
v 3.739020 -0.046499 0.478076
v 3.742641 -0.069121 0.478403
v 3.746117 -0.092481 0.478740
v 3.749450 -0.116578 0.479088
v 3.752637 -0.141413 0.479447
v 3.755681 -0.166986 0.479816
v 3.758562 -0.193297 0.480196
v 3.761264 -0.220347 0.480587
v 3.763784 -0.248136 0.480988
v 3.766125 -0.276663 0.481400
v 3.768285 -0.305929 0.481822
v 3.770266 -0.335933 0.482256
v 3.772065 -0.366677 0.482699
v 3.773685 -0.398158 0.483154
v 3.775125 -0.430379 0.483619
v 3.776384 -0.463338 0.484095
v 3.777463 -0.497036 0.484582
v 3.778362 -0.531472 0.485079
v 3.779741 -0.611640 0.486236
v 3.780062 -0.688000 0.487339
v 3.779325 -0.760550 0.488387
v 3.777532 -0.829291 0.489379
v 3.774681 -0.894223 0.490317
v 3.770772 -0.955347 0.491199
v 3.765806 -1.012661 0.492027
v 3.759783 -1.066166 0.492799
v 3.752702 -1.115863 0.493517
v 3.744564 -1.161750 0.494179
v 3.735368 -1.203828 0.494787
v 3.725114 -1.242098 0.495340
v 3.723230 -1.247552 0.495418
v 3.719985 -1.256118 0.495542
v 3.715376 -1.267798 0.495711
v 3.709403 -1.282590 0.495924
v 3.702068 -1.300495 0.496183
v 3.693370 -1.321513 0.496486
v 3.683308 -1.345644 0.496835
v 3.671884 -1.372888 0.497228
v 3.659096 -1.403244 0.497666
v 3.644946 -1.436714 0.498150
v 3.629431 -1.473296 0.498678
v 3.612554 -1.512991 0.499251
v 3.597296 -1.548994 0.499771
v 3.583375 -1.582315 0.500252
v 3.570791 -1.612953 0.500694
v 3.559545 -1.640910 0.501098
v 3.549636 -1.666183 0.501463
v 3.541064 -1.688775 0.501789
v 3.533828 -1.708684 0.502077
v 3.527931 -1.725911 0.502325
v 3.523370 -1.740455 0.502535
v 3.520147 -1.752318 0.502707
v 3.518261 -1.761497 0.502839
v 3.517712 -1.767995 0.502933
v 3.518960 -1.790430 0.503257
v 3.521646 -1.812187 0.503571
v 3.525770 -1.833265 0.503875
v 3.531331 -1.853665 0.504170
v 3.538329 -1.873387 0.504455
v 3.546765 -1.892430 0.504730
v 3.556639 -1.910796 0.504995
v 3.567951 -1.928483 0.505250
v 3.580699 -1.945491 0.505496
v 3.594886 -1.961821 0.505732
v 3.610510 -1.977473 0.505958
v 4.414314 -1.213187 0.494922
v 4.424361 -1.112779 0.493472
v 4.433432 -1.016694 0.492085
v 4.441527 -0.924930 0.490760
v 4.448646 -0.837488 0.489497
v 4.454789 -0.754369 0.488297
v 4.459955 -0.675571 0.487159
v 4.464146 -0.601095 0.486084
v 4.467360 -0.530942 0.485071
v 4.469598 -0.465110 0.484121
v 4.470860 -0.403600 0.483232
v 4.471146 -0.346412 0.482407
v 4.470456 -0.293547 0.481643
v 4.470052 -0.279628 0.481442
v 4.469479 -0.265373 0.481237
v 4.468736 -0.250782 0.481026
v 4.467824 -0.235854 0.480810
v 4.466742 -0.220589 0.480590
v 4.465492 -0.204988 0.480365
v 4.464072 -0.189051 0.480135
v 4.462482 -0.172778 0.479900
v 4.460723 -0.156168 0.479660
v 4.458795 -0.139221 0.479415
v 4.456698 -0.121938 0.479166
v 4.454432 -0.104319 0.478911
v 4.451996 -0.086363 0.478652
v 4.449390 -0.068071 0.478388
v 4.446616 -0.049442 0.478119
v 4.443673 -0.030477 0.477845
v 4.440559 -0.011175 0.477566
v 4.437277 0.008463 0.477283
v 4.433825 0.028437 0.476994
v 4.430204 0.048748 0.476701
v 4.426414 0.069395 0.476403
v 4.422455 0.090379 0.476100
v 4.418326 0.111699 0.475792
v 4.414027 0.133355 0.475479
v 4.422457 0.137752 0.475416
v 4.430729 0.141948 0.475355
v 4.438846 0.145943 0.475298
v 4.446805 0.149737 0.475243
v 4.454607 0.153332 0.475191
v 4.462253 0.156724 0.475142
v 4.469742 0.159917 0.475096
v 4.477074 0.162909 0.475053
v 4.484249 0.165700 0.475012
v 4.491267 0.168290 0.474975
v 4.498129 0.170680 0.474940
v 4.504834 0.172869 0.474909
v 4.511381 0.174875 0.474880
v 4.517770 0.176716 0.474853
v 4.524003 0.178393 0.474829
v 4.530077 0.179905 0.474807
v 4.535994 0.181251 0.474788
v 4.541753 0.182433 0.474771
v 4.547355 0.183450 0.474756
v 4.552798 0.184302 0.474744
v 4.558085 0.184989 0.474734
v 4.563213 0.185511 0.474726
v 4.568185 0.185868 0.474721
v 4.572998 0.186061 0.474718
v 4.630967 0.185500 0.474726
v 4.687804 0.181097 0.474790
v 4.743512 0.172852 0.474909
v 4.798088 0.160766 0.475084
v 4.851534 0.144837 0.475314
v 4.903848 0.125066 0.475599
v 4.955032 0.101454 0.475940
v 5.005085 0.073999 0.476336
v 5.054008 0.042703 0.476788
v 5.101799 0.007565 0.477296
v 5.148459 -0.031416 0.477858
v 5.193988 -0.074238 0.478477
v 5.237138 -0.119624 0.479132
v 5.276656 -0.166294 0.479806
v 5.312544 -0.214248 0.480498
v 5.344801 -0.263487 0.481209
v 5.373428 -0.314011 0.481939
v 5.398425 -0.365819 0.482687
v 5.419790 -0.418912 0.483453
v 5.437526 -0.473290 0.484239
v 5.451630 -0.528952 0.485042
v 5.462105 -0.585898 0.485865
v 5.468948 -0.644130 0.486705
v 5.472162 -0.703645 0.487565
v 5.472611 -0.760055 0.488379
v 5.471284 -0.814123 0.489160
v 5.468180 -0.865849 0.489907
v 5.463299 -0.915235 0.490620
v 5.456641 -0.962279 0.491299
v 5.448206 -1.006982 0.491945
v 5.437994 -1.049344 0.492556
v 5.426005 -1.089364 0.493134
v 5.412239 -1.127043 0.493678
v 5.396696 -1.162381 0.494188
v 5.379376 -1.195378 0.494665
v 5.360280 -1.226033 0.495107
v 5.339406 -1.254330 0.495516
v 5.316754 -1.280249 0.495890
v 5.292325 -1.303791 0.496230
v 5.266117 -1.324956 0.496536
v 5.238132 -1.343744 0.496807
v 5.208369 -1.360155 0.497044
v 5.176828 -1.374189 0.497247
v 5.143510 -1.385846 0.497415
v 5.108414 -1.395125 0.497549
v 5.071540 -1.402028 0.497649
v 5.032888 -1.406554 0.497714
v 4.992459 -1.408702 0.497745
v 4.965882 -1.408952 0.497749
v 4.939521 -1.408463 0.497742
v 4.913376 -1.407234 0.497724
v 4.887448 -1.405266 0.497695
v 4.861735 -1.402558 0.497656
v 4.836239 -1.399111 0.497607
v 4.810959 -1.394924 0.497546
v 4.785894 -1.389998 0.497475
v 4.761046 -1.384333 0.497393
v 4.736415 -1.377928 0.497301
v 4.711998 -1.370783 0.497198
v 4.687799 -1.362899 0.497084
v 4.663815 -1.354293 0.496960
v 4.640049 -1.344984 0.496825
v 4.616499 -1.334970 0.496680
v 4.593167 -1.324254 0.496526
v 4.570051 -1.312833 0.496361
v 4.547152 -1.300709 0.496186
v 4.524470 -1.287881 0.496001
v 4.502005 -1.274350 0.495805
v 4.479757 -1.260115 0.495600
v 4.457726 -1.245176 0.495384
v 4.435911 -1.229533 0.495158
v 6.309434 -0.041873 0.478009
v 6.311225 -0.072625 0.478453
v 6.315141 -0.102146 0.478880
v 6.321181 -0.130435 0.479288
v 6.329346 -0.157492 0.479679
v 6.339636 -0.183318 0.480052
v 6.352049 -0.207912 0.480407
v 6.366588 -0.231274 0.480744
v 6.383251 -0.253405 0.481064
v 6.402039 -0.274303 0.481365
v 6.422950 -0.293971 0.481649
v 6.445987 -0.312406 0.481915
v 6.471148 -0.329610 0.482164
v 6.505816 -0.454793 0.483971
v 6.545335 -0.575599 0.485716
v 6.589704 -0.692030 0.487397
v 6.638924 -0.804084 0.489015
v 6.692995 -0.911762 0.490570
v 6.751915 -1.015063 0.492061
v 6.815687 -1.113989 0.493489
v 6.884309 -1.208538 0.494855
v 6.957782 -1.298712 0.496157
v 7.036105 -1.384508 0.497395
v 7.119279 -1.465929 0.498571
v 7.207304 -1.542974 0.499683
v 7.300271 -1.614977 0.500723
v 7.395670 -1.680475 0.501669
v 7.493503 -1.739467 0.502521
v 7.593768 -1.791954 0.503278
v 7.696465 -1.837935 0.503942
v 7.801596 -1.877411 0.504512
v 7.909159 -1.910382 0.504988
v 8.019155 -1.936846 0.505370
v 8.131582 -1.956806 0.505659
v 8.246443 -1.970260 0.505853
v 8.363736 -1.977208 0.505953
v 8.483462 -1.977651 0.505960
v 8.595505 -1.972531 0.505886
v 8.702661 -1.962490 0.505741
v 8.804929 -1.947530 0.505525
v 8.902310 -1.927649 0.505238
v 8.994804 -1.902848 0.504879
v 9.082411 -1.873127 0.504450
v 9.165131 -1.838485 0.503950
v 9.242963 -1.798923 0.503379
v 9.315908 -1.754441 0.502737
v 9.383966 -1.705039 0.502023
v 9.447137 -1.650716 0.501239
v 9.505421 -1.591473 0.500383
v 9.558817 -1.527310 0.499457
v 9.607327 -1.458227 0.498460
v 9.650949 -1.384224 0.497391
v 9.689684 -1.305300 0.496251
v 9.723532 -1.221456 0.495041
v 9.752492 -1.132692 0.493759
v 9.776566 -1.039007 0.492406
v 9.795752 -0.940402 0.490983
v 9.810051 -0.836877 0.489488
v 9.819463 -0.728432 0.487922
v 9.823988 -0.615067 0.486285
v 9.823626 -0.496781 0.484577
v 9.818804 -0.386597 0.482986
v 9.809453 -0.276053 0.481390
v 9.795571 -0.165149 0.479789
v 9.777160 -0.053883 0.478182
v 9.754219 0.057742 0.476570
v 9.726748 0.169728 0.474953
v 9.694746 0.282075 0.473331
v 9.658215 0.394782 0.471704
v 9.617153 0.507850 0.470071
v 9.571562 0.621278 0.468434
v 9.521441 0.735067 0.466791
v 9.466788 0.849216 0.465142
v 9.408624 0.961690 0.463518
v 9.347960 1.070450 0.461948
v 9.284801 1.175499 0.460431
v 9.219143 1.276835 0.458968
v 9.150988 1.374458 0.457558
v 9.080335 1.468369 0.456203
v 9.007184 1.558568 0.454900
v 8.931537 1.645054 0.453651
v 8.853391 1.727827 0.452456
v 8.772748 1.806888 0.451315
v 8.689608 1.882237 0.450227
v 8.603970 1.953873 0.449192
v 8.542665 2.000655 0.448517
v 8.480742 2.043231 0.447902
v 8.418199 2.081600 0.447348
v 8.355035 2.115764 0.446855
v 8.291251 2.145721 0.446422
v 8.226848 2.171472 0.446051
v 8.161823 2.193016 0.445739
v 8.096180 2.210354 0.445489
v 8.029917 2.223485 0.445300
v 7.963033 2.232411 0.445171
v 7.895529 2.237131 0.445103
v 7.827406 2.237643 0.445095
v 7.784431 2.235391 0.445128
v 7.739003 2.230574 0.445197
v 7.691123 2.223191 0.445304
v 7.640791 2.213244 0.445447
v 7.588007 2.200732 0.445628
v 7.532770 2.185655 0.445846
v 7.475080 2.168014 0.446101
v 7.414938 2.147807 0.446392
v 7.352345 2.125035 0.446721
v 7.287298 2.099698 0.447087
v 7.219799 2.071796 0.447490
v 7.149847 2.041330 0.447930
v 7.069013 2.003570 0.448475
v 6.995288 1.965582 0.449023
v 6.928675 1.927364 0.449575
v 6.869172 1.888918 0.450130
v 6.816780 1.850242 0.450689
v 6.771499 1.811339 0.451251
v 6.733328 1.772206 0.451816
v 6.702269 1.732844 0.452384
v 6.678320 1.693253 0.452956
v 6.661482 1.653433 0.453531
v 6.651754 1.613385 0.454109
v 6.649137 1.573108 0.454690
v 6.650407 1.550127 0.455022
v 6.653138 1.527592 0.455348
v 6.657330 1.505503 0.455667
v 6.662982 1.483860 0.455979
v 6.670095 1.462664 0.456285
v 6.678670 1.441913 0.456585
v 6.688705 1.421607 0.456878
v 6.700202 1.401748 0.457165
v 6.713159 1.382335 0.457445
v 6.727578 1.363368 0.457719
v 6.743457 1.344847 0.457986
v 6.760798 1.326771 0.458247
v 6.779191 1.309688 0.458494
v 6.798231 1.294142 0.458718
v 6.817917 1.280134 0.458921
v 6.838249 1.267664 0.459101
v 6.859227 1.256731 0.459259
v 6.880852 1.247336 0.459394
v 6.903122 1.239479 0.459508
v 6.926039 1.233159 0.459599
v 6.949601 1.228377 0.459668
v 6.973810 1.225133 0.459715
v 6.998665 1.223427 0.459740
v 7.024166 1.223257 0.459742
v 7.038355 1.224599 0.459723
v 7.055097 1.228025 0.459673
v 7.074391 1.233534 0.459594
v 7.096240 1.241126 0.459484
v 7.120642 1.250802 0.459344
v 7.147597 1.262562 0.459174
v 7.177106 1.276405 0.458974
v 7.209167 1.292333 0.458745
v 7.243783 1.310343 0.458484
v 7.280951 1.330437 0.458194
v 7.320673 1.352615 0.457874
v 7.362948 1.376876 0.457524
v 7.406210 1.401160 0.457173
v 7.448890 1.423406 0.456852
v 7.490991 1.443615 0.456560
v 7.532510 1.461786 0.456298
v 7.573449 1.477919 0.456065
v 7.613807 1.492015 0.455861
v 7.653584 1.504073 0.455687
v 7.692781 1.514093 0.455542
v 7.731398 1.522075 0.455427
v 7.769433 1.528019 0.455341
v 7.806888 1.531926 0.455285
v 7.843762 1.533794 0.455258
v 7.883709 1.531247 0.455295
v 7.926076 1.521805 0.455431
v 7.970865 1.505470 0.455667
v 8.018074 1.482239 0.456002
v 8.067705 1.452115 0.456437
v 8.119757 1.415096 0.456972
v 8.174229 1.371183 0.457606
v 8.231123 1.320376 0.458339
v 8.290438 1.262674 0.459173
v 8.352173 1.198078 0.460105
v 8.416330 1.126587 0.461138
v 8.482908 1.048202 0.462269
v 8.577724 0.928322 0.464000
v 8.664579 0.806574 0.465758
v 8.743477 0.682956 0.467543
v 8.814415 0.557469 0.469355
v 8.877394 0.430114 0.471194
v 8.932413 0.300890 0.473060
v 8.979474 0.169797 0.474953
v 9.018576 0.036835 0.476872
v 9.049718 -0.097996 0.478819
v 9.072901 -0.234695 0.480793
v 9.088125 -0.373263 0.482794
v 9.095389 -0.513701 0.484822
v 9.096134 -0.583565 0.485830
v 9.095032 -0.649639 0.486784
v 9.092083 -0.711923 0.487684
v 9.087288 -0.770415 0.488528
v 9.080647 -0.825117 0.489318
v 9.072159 -0.876029 0.490053
v 9.061824 -0.923149 0.490734
v 9.049643 -0.966479 0.491359
v 9.035615 -1.006019 0.491930
v 9.019741 -1.041767 0.492446
v 9.002020 -1.073725 0.492908
v 8.982452 -1.101893 0.493315
v 8.958936 -1.128396 0.493697
v 8.931887 -1.152725 0.494048
v 8.901306 -1.174878 0.494368
v 8.867194 -1.194856 0.494657
v 8.829551 -1.212660 0.494914
v 8.788376 -1.228288 0.495140
v 8.743670 -1.241741 0.495334
v 8.695432 -1.253019 0.495497
v 8.643662 -1.262121 0.495628
v 8.588362 -1.269049 0.495728
v 8.529530 -1.273802 0.495797
v 8.467166 -1.276379 0.495834
v 8.401942 -1.276336 0.495833
v 8.337973 -1.273147 0.495787
v 8.275258 -1.266811 0.495696
v 8.213799 -1.257330 0.495559
v 8.153594 -1.244702 0.495377
v 8.094644 -1.228928 0.495149
v 8.036947 -1.210008 0.494876
v 7.980506 -1.187942 0.494557
v 7.925320 -1.162730 0.494193
v 7.871388 -1.134371 0.493784
v 7.818711 -1.102866 0.493329
v 7.767289 -1.068215 0.492828
v 7.714543 -1.028382 0.492253
v 7.664024 -0.985488 0.491634
v 7.615730 -0.939532 0.490970
v 7.569662 -0.890515 0.490263
v 7.525819 -0.838437 0.489511
v 7.484202 -0.783298 0.488715
v 7.444810 -0.725098 0.487874
v 7.407644 -0.663836 0.486990
v 7.372704 -0.599513 0.486061
v 7.339989 -0.532129 0.485088
v 7.309500 -0.461683 0.484071
v 7.281236 -0.388177 0.483009
v 7.380217 -0.394673 0.483103
v 7.477095 -0.403331 0.483228
v 7.571870 -0.414153 0.483384
v 7.664542 -0.427137 0.483572
v 7.755111 -0.442283 0.483791
v 7.843577 -0.459593 0.484040
v 7.929941 -0.479065 0.484322
v 8.014202 -0.500700 0.484634
v 8.096359 -0.524497 0.484978
v 8.176414 -0.550458 0.485352
v 8.254366 -0.578581 0.485758
v 8.330215 -0.608866 0.486196
v 8.343692 -0.614321 0.486275
v 8.357157 -0.619275 0.486346
v 8.370609 -0.623728 0.486410
v 8.384051 -0.627679 0.486467
v 8.397481 -0.631129 0.486517
v 8.410899 -0.634077 0.486560
v 8.424306 -0.636524 0.486595
v 8.437700 -0.638470 0.486623
v 8.451083 -0.639915 0.486644
v 8.464455 -0.640858 0.486658
v 8.477815 -0.641300 0.486664
v 8.491163 -0.641241 0.486663
v 8.517452 -0.639807 0.486642
v 8.542950 -0.636742 0.486598
v 8.567656 -0.632048 0.486530
v 8.591570 -0.625724 0.486439
v 8.614694 -0.617770 0.486324
v 8.637025 -0.608187 0.486186
v 8.658566 -0.596974 0.486024
v 8.679314 -0.584131 0.485839
v 8.699271 -0.569659 0.485630
v 8.718437 -0.553557 0.485397
v 8.736811 -0.535825 0.485141
v 8.754394 -0.516464 0.484862
v 8.769241 -0.498295 0.484599
v 8.782752 -0.479762 0.484332
v 8.794927 -0.460867 0.484059
v 8.805765 -0.441609 0.483781
v 8.815268 -0.421987 0.483497
v 8.823434 -0.402003 0.483209
v 8.830264 -0.381655 0.482915
v 8.835757 -0.360944 0.482616
v 8.839915 -0.339871 0.482312
v 8.842736 -0.318434 0.482002
v 8.844221 -0.296634 0.481687
v 8.844370 -0.274471 0.481367
v 8.836389 -0.210525 0.480444
v 8.815500 -0.150175 0.479573
v 8.781705 -0.093421 0.478753
v 8.735002 -0.040263 0.477986
v 8.675392 0.009299 0.477270
v 8.602875 0.055265 0.476606
v 8.517450 0.097635 0.475995
v 8.419119 0.136409 0.475435
v 8.307880 0.171587 0.474927
v 8.183734 0.203169 0.474471
v 8.046681 0.231155 0.474067
v 7.896721 0.255545 0.473715
v 7.807375 0.267478 0.473542
v 7.715618 0.278136 0.473388
v 7.621450 0.287521 0.473253
v 7.524872 0.295631 0.473136
v 7.425883 0.302467 0.473037
v 7.324484 0.308030 0.472957
v 7.220674 0.312317 0.472895
v 7.114453 0.315331 0.472851
v 7.005822 0.317071 0.472826
v 6.894779 0.317536 0.472820
v 6.781327 0.316727 0.472831
v 6.665463 0.314644 0.472861
v 6.640005 0.313354 0.472880
v 6.615279 0.310684 0.472919
v 6.591285 0.306633 0.472977
v 6.568022 0.301202 0.473056
v 6.545492 0.294391 0.473154
v 6.523693 0.286199 0.473272
v 6.502626 0.276628 0.473410
v 6.482291 0.265676 0.473568
v 6.462688 0.253343 0.473747
v 6.443816 0.239631 0.473945
v 6.425677 0.224538 0.474163
v 6.408269 0.208065 0.474400
v 6.391961 0.190596 0.474653
v 6.377121 0.172516 0.474914
v 6.363749 0.153826 0.475184
v 6.351843 0.134525 0.475462
v 6.341405 0.114613 0.475750
v 6.332436 0.094090 0.476046
v 6.324933 0.072957 0.476351
v 6.318898 0.051212 0.476665
v 6.314330 0.028857 0.476988
v 6.311231 0.005891 0.477320
v 6.309598 -0.017685 0.477660
v 6.309434 -0.041873 0.478009
v 6.309434 -0.059228 -0.723931
v 6.311225 -0.072625 0.478453
v 6.311225 -0.089980 -0.723487
v 6.315141 -0.102146 0.478880
v 6.315141 -0.119501 -0.723060
v 6.321181 -0.130435 0.479288
v 6.321181 -0.147790 -0.722652
v 6.329346 -0.157492 0.479679
v 6.329346 -0.174847 -0.722261
v 6.339636 -0.183318 0.480052
v 6.339636 -0.200673 -0.721888
v 6.352049 -0.207912 0.480407
v 6.352049 -0.225266 -0.721533
v 6.366588 -0.231274 0.480744
v 6.366588 -0.248629 -0.721196
v 6.383251 -0.253405 0.481064
v 6.383251 -0.270759 -0.720876
v 6.402039 -0.274303 0.481365
v 6.402039 -0.291658 -0.720575
v 6.422950 -0.293971 0.481649
v 6.422950 -0.311325 -0.720291
v 6.445987 -0.312406 0.481915
v 6.445987 -0.329761 -0.720024
v 6.471148 -0.329610 0.482164
v 6.471148 -0.346965 -0.719776
v 6.505816 -0.454793 0.483971
v 6.505816 -0.472147 -0.717969
v 6.545335 -0.575599 0.485716
v 6.545335 -0.592954 -0.716224
v 6.589704 -0.692030 0.487397
v 6.589704 -0.709384 -0.714543
v 6.638924 -0.804084 0.489015
v 6.638924 -0.821439 -0.712925
v 6.692995 -0.911762 0.490570
v 6.692995 -0.929117 -0.711370
v 6.751915 -1.015063 0.492061
v 6.751915 -1.032418 -0.709879
v 6.815687 -1.113989 0.493489
v 6.815687 -1.131344 -0.708450
v 6.884309 -1.208538 0.494855
v 6.884309 -1.225893 -0.707085
v 6.957782 -1.298712 0.496157
v 6.957782 -1.316066 -0.705783
v 7.036105 -1.384508 0.497395
v 7.036105 -1.401863 -0.704544
v 7.119279 -1.465929 0.498571
v 7.119279 -1.483284 -0.703369
v 7.207304 -1.542974 0.499683
v 7.207304 -1.560328 -0.702256
v 7.300271 -1.614977 0.500723
v 7.300271 -1.632332 -0.701217
v 7.395670 -1.680475 0.501669
v 7.395670 -1.697830 -0.700271
v 7.493503 -1.739467 0.502521
v 7.493503 -1.756822 -0.699419
v 7.593768 -1.791954 0.503278
v 7.593768 -1.809309 -0.698661
v 7.696465 -1.837935 0.503942
v 7.696465 -1.855290 -0.697998
v 7.801596 -1.877411 0.504512
v 7.801596 -1.894766 -0.697428
v 7.909159 -1.910382 0.504988
v 7.909159 -1.927736 -0.696952
v 8.019155 -1.936846 0.505370
v 8.019154 -1.954201 -0.696569
v 8.131582 -1.956806 0.505659
v 8.131582 -1.974161 -0.696281
v 8.246443 -1.970260 0.505853
v 8.246443 -1.987614 -0.696087
v 8.363736 -1.977208 0.505953
v 8.363736 -1.994563 -0.695987
v 8.483462 -1.977651 0.505960
v 8.483462 -1.995005 -0.695980
v 8.595505 -1.972531 0.505886
v 8.595505 -1.989885 -0.696054
v 8.702661 -1.962490 0.505741
v 8.702661 -1.979845 -0.696199
v 8.804929 -1.947530 0.505525
v 8.804929 -1.964885 -0.696415
v 8.902310 -1.927649 0.505238
v 8.902309 -1.945004 -0.696702
v 8.994804 -1.902848 0.504879
v 8.994803 -1.920203 -0.697060
v 9.082411 -1.873127 0.504450
v 9.082411 -1.890481 -0.697490
v 9.165131 -1.838485 0.503950
v 9.165131 -1.855840 -0.697990
v 9.242963 -1.798923 0.503379
v 9.242963 -1.816278 -0.698561
v 9.315908 -1.754441 0.502737
v 9.315908 -1.771796 -0.699203
v 9.383966 -1.705039 0.502023
v 9.383966 -1.722394 -0.699917
v 9.447137 -1.650716 0.501239
v 9.447137 -1.668071 -0.700701
v 9.505421 -1.591473 0.500383
v 9.505421 -1.608828 -0.701556
v 9.558817 -1.527310 0.499457
v 9.558817 -1.544665 -0.702483
v 9.607327 -1.458227 0.498460
v 9.607327 -1.475582 -0.703480
v 9.650949 -1.384224 0.497391
v 9.650949 -1.401578 -0.704549
v 9.689684 -1.305300 0.496251
v 9.689684 -1.322655 -0.705689
v 9.723532 -1.221456 0.495041
v 9.723532 -1.238811 -0.706899
v 9.752492 -1.132692 0.493759
v 9.752492 -1.150046 -0.708181
v 9.776566 -1.039007 0.492406
v 9.776566 -1.056362 -0.709534
v 9.795752 -0.940402 0.490983
v 9.795752 -0.957757 -0.710957
v 9.810051 -0.836877 0.489488
v 9.810051 -0.854232 -0.712452
v 9.819463 -0.728432 0.487922
v 9.819463 -0.745787 -0.714018
v 9.823988 -0.615067 0.486285
v 9.823988 -0.632421 -0.715655
v 9.823626 -0.496781 0.484577
v 9.823626 -0.514136 -0.717363
v 9.818804 -0.386597 0.482986
v 9.818804 -0.403952 -0.718954
v 9.809453 -0.276053 0.481390
v 9.809453 -0.293408 -0.720550
v 9.795571 -0.165149 0.479789
v 9.795571 -0.182503 -0.722151
v 9.777160 -0.053883 0.478182
v 9.777160 -0.071238 -0.723758
v 9.754219 0.057742 0.476570
v 9.754218 0.040388 -0.725370
v 9.726748 0.169728 0.474953
v 9.726748 0.152374 -0.726986
v 9.694746 0.282075 0.473331
v 9.694746 0.264720 -0.728609
v 9.658215 0.394782 0.471704
v 9.658215 0.377427 -0.730236
v 9.617153 0.507850 0.470071
v 9.617153 0.490495 -0.731869
v 9.571562 0.621278 0.468434
v 9.571562 0.603923 -0.733506
v 9.521441 0.735067 0.466791
v 9.521440 0.717712 -0.735149
v 9.466788 0.849216 0.465142
v 9.466788 0.831861 -0.736798
v 9.408624 0.961690 0.463518
v 9.408624 0.944335 -0.738422
v 9.347960 1.070450 0.461948
v 9.347960 1.053095 -0.739992
v 9.284801 1.175499 0.460431
v 9.284801 1.158144 -0.741509
v 9.219143 1.276835 0.458968
v 9.219143 1.259480 -0.742972
v 9.150988 1.374458 0.457558
v 9.150988 1.357103 -0.744381
v 9.080335 1.468369 0.456203
v 9.080335 1.451014 -0.745737
v 9.007184 1.558568 0.454900
v 9.007184 1.541213 -0.747040
v 8.931537 1.645054 0.453651
v 8.931536 1.627699 -0.748289
v 8.853391 1.727827 0.452456
v 8.853391 1.710472 -0.749484
v 8.772748 1.806888 0.451315
v 8.772748 1.789533 -0.750625
v 8.689608 1.882237 0.450227
v 8.689608 1.864882 -0.751713
v 8.603970 1.953873 0.449192
v 8.603970 1.936518 -0.752748
v 8.542665 2.000655 0.448517
v 8.542665 1.983300 -0.753423
v 8.480742 2.043231 0.447902
v 8.480742 2.025876 -0.754038
v 8.418199 2.081600 0.447348
v 8.418199 2.064245 -0.754592
v 8.355035 2.115764 0.446855
v 8.355034 2.098409 -0.755085
v 8.291251 2.145721 0.446422
v 8.291250 2.128366 -0.755518
v 8.226848 2.171472 0.446051
v 8.226847 2.154117 -0.755889
v 8.161823 2.193016 0.445739
v 8.161823 2.175661 -0.756200
v 8.096180 2.210354 0.445489
v 8.096180 2.192999 -0.756451
v 8.029917 2.223485 0.445300
v 8.029916 2.206131 -0.756640
v 7.963033 2.232411 0.445171
v 7.963033 2.215056 -0.756769
v 7.895529 2.237131 0.445103
v 7.895529 2.219776 -0.756837
v 7.827406 2.237643 0.445095
v 7.827406 2.220288 -0.756845
v 7.784431 2.235391 0.445128
v 7.784431 2.218036 -0.756812
v 7.739003 2.230574 0.445197
v 7.739003 2.213219 -0.756743
v 7.691123 2.223191 0.445304
v 7.691123 2.205836 -0.756636
v 7.640791 2.213244 0.445447
v 7.640791 2.195889 -0.756492
v 7.588007 2.200732 0.445628
v 7.588007 2.183377 -0.756312
v 7.532770 2.185655 0.445846
v 7.532770 2.168300 -0.756094
v 7.475080 2.168014 0.446101
v 7.475080 2.150659 -0.755839
v 7.414938 2.147807 0.446392
v 7.414938 2.130452 -0.755548
v 7.352345 2.125035 0.446721
v 7.352345 2.107680 -0.755219
v 7.287298 2.099698 0.447087
v 7.287298 2.082343 -0.754853
v 7.219799 2.071796 0.447490
v 7.219799 2.054441 -0.754450
v 7.149847 2.041330 0.447930
v 7.149847 2.023975 -0.754010
v 7.069013 2.003570 0.448475
v 7.069013 1.986215 -0.753465
v 6.995288 1.965582 0.449023
v 6.995288 1.948227 -0.752916
v 6.928675 1.927364 0.449575
v 6.928675 1.910009 -0.752365
v 6.869172 1.888918 0.450130
v 6.869172 1.871563 -0.751809
v 6.816780 1.850242 0.450689
v 6.816780 1.832888 -0.751251
v 6.771499 1.811339 0.451251
v 6.771499 1.793984 -0.750689
v 6.733328 1.772206 0.451816
v 6.733328 1.754851 -0.750124
v 6.702269 1.732844 0.452384
v 6.702269 1.715489 -0.749556
v 6.678320 1.693253 0.452956
v 6.678320 1.675898 -0.748984
v 6.661482 1.653433 0.453531
v 6.661482 1.636078 -0.748409
v 6.651754 1.613385 0.454109
v 6.651754 1.596030 -0.747831
v 6.649137 1.573108 0.454690
v 6.649137 1.555753 -0.747249
v 6.650407 1.550127 0.455022
v 6.650407 1.532772 -0.746918
v 6.653138 1.527592 0.455348
v 6.653138 1.510237 -0.746592
v 6.657330 1.505503 0.455667
v 6.657330 1.488148 -0.746273
v 6.662982 1.483860 0.455979
v 6.662982 1.466505 -0.745961
v 6.670095 1.462664 0.456285
v 6.670095 1.445309 -0.745655
v 6.678670 1.441913 0.456585
v 6.678670 1.424558 -0.745355
v 6.688705 1.421607 0.456878
v 6.688705 1.404252 -0.745062
v 6.700202 1.401748 0.457165
v 6.700202 1.384393 -0.744775
v 6.713159 1.382335 0.457445
v 6.713159 1.364980 -0.744495
v 6.727578 1.363368 0.457719
v 6.727578 1.346013 -0.744221
v 6.743457 1.344847 0.457986
v 6.743457 1.327492 -0.743954
v 6.760798 1.326771 0.458247
v 6.760798 1.309416 -0.743693
v 6.779191 1.309688 0.458494
v 6.779191 1.292333 -0.743446
v 6.798231 1.294142 0.458718
v 6.798231 1.276787 -0.743222
v 6.817917 1.280134 0.458921
v 6.817917 1.262779 -0.743019
v 6.838249 1.267664 0.459101
v 6.838249 1.250309 -0.742839
v 6.859227 1.256731 0.459259
v 6.859227 1.239376 -0.742681
v 6.880852 1.247336 0.459394
v 6.880852 1.229981 -0.742546
v 6.903122 1.239479 0.459508
v 6.903122 1.222124 -0.742432
v 6.926039 1.233159 0.459599
v 6.926039 1.215804 -0.742341
v 6.949601 1.228377 0.459668
v 6.949601 1.211022 -0.742272
v 6.973810 1.225133 0.459715
v 6.973810 1.207778 -0.742225
v 6.998665 1.223427 0.459740
v 6.998665 1.206072 -0.742200
v 7.024166 1.223257 0.459742
v 7.024166 1.205902 -0.742198
v 7.038355 1.224599 0.459723
v 7.038355 1.207244 -0.742217
v 7.055097 1.228025 0.459673
v 7.055097 1.210670 -0.742267
v 7.074391 1.233534 0.459594
v 7.074391 1.216179 -0.742346
v 7.096240 1.241126 0.459484
v 7.096240 1.223771 -0.742456
v 7.120642 1.250802 0.459344
v 7.120642 1.233447 -0.742596
v 7.147597 1.262562 0.459174
v 7.147597 1.245207 -0.742766
v 7.177106 1.276405 0.458974
v 7.177106 1.259050 -0.742965
v 7.209167 1.292333 0.458745
v 7.209167 1.274978 -0.743195
v 7.243783 1.310343 0.458484
v 7.243783 1.292988 -0.743455
v 7.280951 1.330437 0.458194
v 7.280951 1.313082 -0.743746
v 7.320673 1.352615 0.457874
v 7.320673 1.335260 -0.744066
v 7.362948 1.376876 0.457524
v 7.362948 1.359521 -0.744416
v 7.406210 1.401160 0.457173
v 7.406210 1.383805 -0.744767
v 7.448890 1.423406 0.456852
v 7.448890 1.406052 -0.745088
v 7.490991 1.443615 0.456560
v 7.490991 1.426260 -0.745380
v 7.532510 1.461786 0.456298
v 7.532510 1.444431 -0.745642
v 7.573449 1.477919 0.456065
v 7.573449 1.460564 -0.745875
v 7.613807 1.492015 0.455861
v 7.613807 1.474660 -0.746079
v 7.653584 1.504073 0.455687
v 7.653584 1.486718 -0.746253
v 7.692781 1.514093 0.455542
v 7.692781 1.496738 -0.746397
v 7.731398 1.522075 0.455427
v 7.731398 1.504720 -0.746513
v 7.769433 1.528019 0.455341
v 7.769433 1.510664 -0.746599
v 7.806888 1.531926 0.455285
v 7.806888 1.514571 -0.746655
v 7.843762 1.533794 0.455258
v 7.843762 1.516439 -0.746682
v 7.883709 1.531247 0.455295
v 7.883709 1.513892 -0.746645
v 7.926076 1.521805 0.455431
v 7.926076 1.504450 -0.746509
v 7.970865 1.505470 0.455667
v 7.970864 1.488115 -0.746273
v 8.018074 1.482239 0.456002
v 8.018074 1.464884 -0.745938
v 8.067705 1.452115 0.456437
v 8.067705 1.434760 -0.745503
v 8.119757 1.415096 0.456972
v 8.119757 1.397741 -0.744968
v 8.174229 1.371183 0.457606
v 8.174229 1.353828 -0.744334
v 8.231123 1.320376 0.458339
v 8.231123 1.303021 -0.743600
v 8.290438 1.262674 0.459173
v 8.290438 1.245319 -0.742767
v 8.352173 1.198078 0.460105
v 8.352173 1.180723 -0.741835
v 8.416330 1.126587 0.461138
v 8.416330 1.109232 -0.740802
v 8.482908 1.048202 0.462269
v 8.482908 1.030847 -0.739671
v 8.577724 0.928322 0.464000
v 8.577724 0.910967 -0.737940
v 8.664579 0.806574 0.465758
v 8.664579 0.789219 -0.736182
v 8.743477 0.682956 0.467543
v 8.743477 0.665601 -0.734397
v 8.814415 0.557469 0.469355
v 8.814415 0.540114 -0.732585
v 8.877394 0.430114 0.471194
v 8.877394 0.412759 -0.730746
v 8.932413 0.300890 0.473060
v 8.932413 0.283535 -0.728880
v 8.979474 0.169797 0.474953
v 8.979474 0.152442 -0.726987
v 9.018576 0.036835 0.476872
v 9.018576 0.019480 -0.725068
v 9.049718 -0.097996 0.478819
v 9.049718 -0.115350 -0.723121
v 9.072901 -0.234695 0.480793
v 9.072901 -0.252050 -0.721147
v 9.088125 -0.373263 0.482794
v 9.088124 -0.390618 -0.719146
v 9.095389 -0.513701 0.484822
v 9.095389 -0.531055 -0.717118
v 9.096134 -0.583565 0.485830
v 9.096134 -0.600920 -0.716110
v 9.095032 -0.649639 0.486784
v 9.095032 -0.666994 -0.715156
v 9.092083 -0.711923 0.487684
v 9.092083 -0.729277 -0.714256
v 9.087288 -0.770415 0.488528
v 9.087288 -0.787770 -0.713412
v 9.080647 -0.825117 0.489318
v 9.080647 -0.842472 -0.712622
v 9.072159 -0.876029 0.490053
v 9.072158 -0.893383 -0.711887
v 9.061824 -0.923149 0.490734
v 9.061824 -0.940504 -0.711206
v 9.049643 -0.966479 0.491359
v 9.049643 -0.983834 -0.710581
v 9.035615 -1.006019 0.491930
v 9.035615 -1.023373 -0.710010
v 9.019741 -1.041767 0.492446
v 9.019740 -1.059122 -0.709494
v 9.002020 -1.073725 0.492908
v 9.002020 -1.091080 -0.709032
v 8.982452 -1.101893 0.493315
v 8.982452 -1.119247 -0.708625
v 8.958936 -1.128396 0.493697
v 8.958936 -1.145751 -0.708243
v 8.931887 -1.152725 0.494048
v 8.931887 -1.170080 -0.707891
v 8.901306 -1.174878 0.494368
v 8.901306 -1.192233 -0.707572
v 8.867194 -1.194856 0.494657
v 8.867194 -1.212211 -0.707283
v 8.829551 -1.212660 0.494914
v 8.829551 -1.230014 -0.707026
v 8.788376 -1.228288 0.495140
v 8.788376 -1.245643 -0.706800
v 8.743670 -1.241741 0.495334
v 8.743670 -1.259096 -0.706606
v 8.695432 -1.253019 0.495497
v 8.695432 -1.270373 -0.706443
v 8.643662 -1.262121 0.495628
v 8.643662 -1.279476 -0.706312
v 8.588362 -1.269049 0.495728
v 8.588362 -1.286404 -0.706212
v 8.529530 -1.273802 0.495797
v 8.529530 -1.291157 -0.706143
v 8.467166 -1.276379 0.495834
v 8.467166 -1.293734 -0.706106
v 8.401942 -1.276336 0.495833
v 8.401941 -1.293691 -0.706107
v 8.337973 -1.273147 0.495787
v 8.337973 -1.290502 -0.706153
v 8.275258 -1.266811 0.495696
v 8.275258 -1.284166 -0.706244
v 8.213799 -1.257330 0.495559
v 8.213799 -1.274685 -0.706381
v 8.153594 -1.244702 0.495377
v 8.153593 -1.262057 -0.706563
v 8.094644 -1.228928 0.495149
v 8.094643 -1.246283 -0.706791
v 8.036947 -1.210008 0.494876
v 8.036947 -1.227363 -0.707064
v 7.980506 -1.187942 0.494557
v 7.980506 -1.205297 -0.707383
v 7.925320 -1.162730 0.494193
v 7.925320 -1.180084 -0.707747
v 7.871388 -1.134371 0.493784
v 7.871388 -1.151726 -0.708156
v 7.818711 -1.102866 0.493329
v 7.818711 -1.120221 -0.708611
v 7.767289 -1.068215 0.492828
v 7.767289 -1.085570 -0.709112
v 7.714543 -1.028382 0.492253
v 7.714543 -1.045737 -0.709687
v 7.664024 -0.985488 0.491634
v 7.664024 -1.002843 -0.710306
v 7.615730 -0.939532 0.490970
v 7.615730 -0.956887 -0.710970
v 7.569662 -0.890515 0.490263
v 7.569662 -0.907870 -0.711677
v 7.525819 -0.838437 0.489511
v 7.525819 -0.855792 -0.712429
v 7.484202 -0.783298 0.488715
v 7.484202 -0.800653 -0.713225
v 7.444810 -0.725098 0.487874
v 7.444810 -0.742452 -0.714066
v 7.407644 -0.663836 0.486990
v 7.407644 -0.681191 -0.714950
v 7.372704 -0.599513 0.486061
v 7.372704 -0.616868 -0.715879
v 7.339989 -0.532129 0.485088
v 7.339989 -0.549483 -0.716852
v 7.309500 -0.461683 0.484071
v 7.309500 -0.479038 -0.717869
v 7.281236 -0.388177 0.483009
v 7.281236 -0.405531 -0.718931
v 7.380217 -0.394673 0.483103
v 7.380217 -0.412027 -0.718837
v 7.477095 -0.403331 0.483228
v 7.477095 -0.420686 -0.718712
v 7.571870 -0.414153 0.483384
v 7.571870 -0.431507 -0.718556
v 7.664542 -0.427137 0.483572
v 7.664542 -0.444492 -0.718368
v 7.755111 -0.442283 0.483791
v 7.755111 -0.459638 -0.718149
v 7.843577 -0.459593 0.484040
v 7.843577 -0.476948 -0.717899
v 7.929941 -0.479065 0.484322
v 7.929941 -0.496420 -0.717618
v 8.014202 -0.500700 0.484634
v 8.014202 -0.518055 -0.717306
v 8.096359 -0.524497 0.484978
v 8.096359 -0.541852 -0.716962
v 8.176414 -0.550458 0.485352
v 8.176414 -0.567812 -0.716587
v 8.254366 -0.578581 0.485758
v 8.254366 -0.595935 -0.716181
v 8.330215 -0.608866 0.486196
v 8.330215 -0.626221 -0.715744
v 8.343692 -0.614321 0.486275
v 8.343692 -0.631676 -0.715665
v 8.357157 -0.619275 0.486346
v 8.357157 -0.636630 -0.715594
v 8.370609 -0.623728 0.486410
v 8.370609 -0.641082 -0.715530
v 8.384051 -0.627679 0.486467
v 8.384050 -0.645034 -0.715473
v 8.397481 -0.631129 0.486517
v 8.397481 -0.648483 -0.715423
v 8.410899 -0.634077 0.486560
v 8.410899 -0.651432 -0.715380
v 8.424306 -0.636524 0.486595
v 8.424305 -0.653879 -0.715345
v 8.437700 -0.638470 0.486623
v 8.437700 -0.655825 -0.715317
v 8.451083 -0.639915 0.486644
v 8.451083 -0.657270 -0.715296
v 8.464455 -0.640858 0.486658
v 8.464455 -0.658213 -0.715282
v 8.477815 -0.641300 0.486664
v 8.477815 -0.658655 -0.715276
v 8.491163 -0.641241 0.486663
v 8.491162 -0.658596 -0.715277
v 8.517452 -0.639807 0.486642
v 8.517451 -0.657161 -0.715297
v 8.542950 -0.636742 0.486598
v 8.542950 -0.654097 -0.715342
v 8.567656 -0.632048 0.486530
v 8.567656 -0.649402 -0.715409
v 8.591570 -0.625724 0.486439
v 8.591570 -0.643079 -0.715501
v 8.614694 -0.617770 0.486324
v 8.614693 -0.635125 -0.715616
v 8.637025 -0.608187 0.486186
v 8.637025 -0.625542 -0.715754
v 8.658566 -0.596974 0.486024
v 8.658566 -0.614329 -0.715916
v 8.679314 -0.584131 0.485839
v 8.679314 -0.601486 -0.716101
v 8.699271 -0.569659 0.485630
v 8.699271 -0.587014 -0.716310
v 8.718437 -0.553557 0.485397
v 8.718436 -0.570912 -0.716543
v 8.736811 -0.535825 0.485141
v 8.736811 -0.553180 -0.716799
v 8.754394 -0.516464 0.484862
v 8.754394 -0.533819 -0.717078
v 8.769241 -0.498295 0.484599
v 8.769240 -0.515649 -0.717341
v 8.782752 -0.479762 0.484332
v 8.782752 -0.497117 -0.717608
v 8.794927 -0.460867 0.484059
v 8.794927 -0.478222 -0.717881
v 8.805765 -0.441609 0.483781
v 8.805765 -0.458963 -0.718159
v 8.815268 -0.421987 0.483497
v 8.815268 -0.439342 -0.718443
v 8.823434 -0.402003 0.483209
v 8.823434 -0.419357 -0.718731
v 8.830264 -0.381655 0.482915
v 8.830263 -0.399010 -0.719025
v 8.835757 -0.360944 0.482616
v 8.835757 -0.378299 -0.719324
v 8.839915 -0.339871 0.482312
v 8.839915 -0.357225 -0.719628
v 8.842736 -0.318434 0.482002
v 8.842736 -0.335788 -0.719938
v 8.844221 -0.296634 0.481687
v 8.844221 -0.313989 -0.720253
v 8.844370 -0.274471 0.481367
v 8.844370 -0.291826 -0.720573
v 8.836389 -0.210525 0.480444
v 8.836389 -0.227880 -0.721496
v 8.815500 -0.150175 0.479573
v 8.815500 -0.167530 -0.722367
v 8.781705 -0.093421 0.478753
v 8.781704 -0.110775 -0.723187
v 8.735002 -0.040263 0.477986
v 8.735002 -0.057617 -0.723954
v 8.675392 0.009299 0.477270
v 8.675391 -0.008055 -0.724670
v 8.602875 0.055265 0.476606
v 8.602875 0.037911 -0.725334
v 8.517450 0.097635 0.475995
v 8.517450 0.080281 -0.725945
v 8.419119 0.136409 0.475435
v 8.419119 0.119054 -0.726505
v 8.307880 0.171587 0.474927
v 8.307880 0.154232 -0.727013
v 8.183734 0.203169 0.474471
v 8.183734 0.185814 -0.727469
v 8.046681 0.231155 0.474067
v 8.046681 0.213800 -0.727873
v 7.896721 0.255545 0.473715
v 7.896721 0.238190 -0.728225
v 7.807375 0.267478 0.473542
v 7.807375 0.250123 -0.728398
v 7.715618 0.278136 0.473388
v 7.715618 0.260781 -0.728552
v 7.621450 0.287521 0.473253
v 7.621450 0.270166 -0.728687
v 7.524872 0.295631 0.473136
v 7.524872 0.278276 -0.728804
v 7.425883 0.302467 0.473037
v 7.425883 0.285113 -0.728903
v 7.324484 0.308030 0.472957
v 7.324484 0.290675 -0.728983
v 7.220674 0.312317 0.472895
v 7.220674 0.294963 -0.729045
v 7.114453 0.315331 0.472851
v 7.114453 0.297976 -0.729088
v 7.005822 0.317071 0.472826
v 7.005822 0.299716 -0.729114
v 6.894779 0.317536 0.472820
v 6.894779 0.300181 -0.729120
v 6.781327 0.316727 0.472831
v 6.781327 0.299372 -0.729109
v 6.665463 0.314644 0.472861
v 6.665463 0.297289 -0.729079
v 6.640005 0.313354 0.472880
v 6.640005 0.295999 -0.729060
v 6.615279 0.310684 0.472919
v 6.615279 0.293329 -0.729021
v 6.591285 0.306633 0.472977
v 6.591285 0.289278 -0.728963
v 6.568022 0.301202 0.473056
v 6.568022 0.283847 -0.728884
v 6.545492 0.294391 0.473154
v 6.545492 0.277036 -0.728786
v 6.523693 0.286199 0.473272
v 6.523693 0.268844 -0.728668
v 6.502626 0.276628 0.473410
v 6.502626 0.259273 -0.728530
v 6.482291 0.265676 0.473568
v 6.482291 0.248321 -0.728371
v 6.462688 0.253343 0.473747
v 6.462688 0.235988 -0.728193
v 6.443816 0.239631 0.473945
v 6.443816 0.222276 -0.727995
v 6.425677 0.224538 0.474163
v 6.425677 0.207183 -0.727777
v 6.408269 0.208065 0.474400
v 6.408269 0.190710 -0.727540
v 6.391961 0.190596 0.474653
v 6.391961 0.173241 -0.727287
v 6.377121 0.172516 0.474914
v 6.377121 0.155162 -0.727026
v 6.363749 0.153826 0.475184
v 6.363749 0.136471 -0.726756
v 6.351843 0.134525 0.475462
v 6.351843 0.117170 -0.726478
v 6.341405 0.114613 0.475750
v 6.341405 0.097258 -0.726190
v 6.332436 0.094090 0.476046
v 6.332436 0.076736 -0.725894
v 6.324933 0.072957 0.476351
v 6.324933 0.055602 -0.725589
v 6.318898 0.051212 0.476665
v 6.318898 0.033858 -0.725275
v 6.314330 0.028857 0.476988
v 6.314330 0.011503 -0.724952
v 6.311231 0.005891 0.477320
v 6.311231 -0.011463 -0.724620
v 6.309598 -0.017685 0.477660
v 6.309598 -0.035040 -0.724280
v 3.627572 -1.992447 0.506174
v 3.627572 -2.009802 -0.695766
v 3.645562 -2.006450 0.506376
v 3.645562 -2.023804 -0.695564
v 3.663972 -2.019189 0.506560
v 3.663972 -2.036543 -0.695380
v 3.682800 -2.030664 0.506726
v 3.682800 -2.048019 -0.695214
v 3.702048 -2.040875 0.506873
v 3.702048 -2.058230 -0.695067
v 3.721715 -2.049823 0.507002
v 3.721715 -2.067178 -0.694938
v 3.741801 -2.057508 0.507113
v 3.741801 -2.074862 -0.694827
v 3.762307 -2.063928 0.507206
v 3.762307 -2.081283 -0.694734
v 3.783231 -2.069085 0.507280
v 3.783231 -2.086439 -0.694659
v 3.804575 -2.072978 0.507337
v 3.804575 -2.090332 -0.694603
v 3.826339 -2.075607 0.507375
v 3.826339 -2.092962 -0.694565
v 3.848521 -2.076972 0.507394
v 3.848521 -2.094327 -0.694546
v 3.871123 -2.077074 0.507396
v 3.871123 -2.094429 -0.694544
v 3.891849 -2.074801 0.507363
v 3.891849 -2.092156 -0.694577
v 3.914427 -2.068902 0.507278
v 3.914427 -2.086257 -0.694662
v 3.938860 -2.059378 0.507140
v 3.938860 -2.076733 -0.694800
v 3.965146 -2.046228 0.506950
v 3.965146 -2.063582 -0.694990
v 3.993285 -2.029451 0.506708
v 3.993285 -2.046806 -0.695232
v 4.023278 -2.009049 0.506414
v 4.023278 -2.026404 -0.695526
v 4.055124 -1.985021 0.506067
v 4.055124 -2.002376 -0.695873
v 4.088824 -1.957368 0.505667
v 4.088824 -1.974722 -0.696273
v 4.124378 -1.926088 0.505216
v 4.124378 -1.943443 -0.696724
v 4.161786 -1.891182 0.504712
v 4.161786 -1.908537 -0.697228
v 4.201047 -1.852651 0.504155
v 4.201047 -1.870006 -0.697785
v 4.242161 -1.810494 0.503547
v 4.242161 -1.827849 -0.698393
v 4.281794 -1.828105 0.503801
v 4.281794 -1.845460 -0.698139
v 4.320620 -1.844965 0.504044
v 4.320620 -1.862319 -0.697896
v 4.358638 -1.861073 0.504277
v 4.358638 -1.878427 -0.697663
v 4.395850 -1.876429 0.504499
v 4.395850 -1.893784 -0.697441
v 4.432255 -1.891034 0.504710
v 4.432255 -1.908389 -0.697230
v 4.467853 -1.904887 0.504910
v 4.467853 -1.922242 -0.697030
v 4.502644 -1.917989 0.505099
v 4.502644 -1.935344 -0.696841
v 4.536628 -1.930339 0.505277
v 4.536628 -1.947694 -0.696663
v 4.569805 -1.941938 0.505445
v 4.569805 -1.959293 -0.696495
v 4.602175 -1.952785 0.505601
v 4.602175 -1.970140 -0.696339
v 4.633738 -1.962881 0.505747
v 4.633738 -1.980235 -0.696193
v 4.664494 -1.972225 0.505882
v 4.664494 -1.989580 -0.696058
v 4.694460 -1.980799 0.506006
v 4.694460 -1.998154 -0.695934
v 4.723655 -1.988585 0.506118
v 4.723655 -2.005940 -0.695822
v 4.752078 -1.995583 0.506219
v 4.752078 -2.012938 -0.695721
v 4.779729 -2.001792 0.506309
v 4.779729 -2.019147 -0.695631
v 4.806608 -2.007214 0.506387
v 4.806608 -2.024569 -0.695553
v 4.832715 -2.011847 0.506454
v 4.832715 -2.029202 -0.695486
v 4.858050 -2.015692 0.506509
v 4.858050 -2.033047 -0.695431
v 4.882614 -2.018749 0.506554
v 4.882614 -2.036104 -0.695386
v 4.906405 -2.021018 0.506586
v 4.906405 -2.038373 -0.695354
v 4.929424 -2.022498 0.506608
v 4.929424 -2.039853 -0.695332
v 4.951672 -2.023190 0.506618
v 4.951672 -2.040545 -0.695322
v 4.973147 -2.023094 0.506616
v 4.973147 -2.040449 -0.695324
v 5.074659 -2.018425 0.506549
v 5.074659 -2.035780 -0.695391
v 5.171741 -2.009237 0.506416
v 5.171741 -2.026592 -0.695524
v 5.264394 -1.995530 0.506218
v 5.264394 -2.012885 -0.695722
v 5.352618 -1.977304 0.505955
v 5.352618 -1.994658 -0.695985
v 5.436412 -1.954559 0.505627
v 5.436412 -1.971914 -0.696313
v 5.515778 -1.927295 0.505233
v 5.515778 -1.944650 -0.696707
v 5.590714 -1.895512 0.504774
v 5.590714 -1.912867 -0.697166
v 5.661220 -1.859211 0.504250
v 5.661220 -1.876566 -0.697690
v 5.727297 -1.818391 0.503660
v 5.727297 -1.835746 -0.698280
v 5.788946 -1.773052 0.503006
v 5.788946 -1.790406 -0.698934
v 5.846164 -1.723193 0.502286
v 5.846164 -1.740548 -0.699654
v 5.898954 -1.668817 0.501501
v 5.898954 -1.686171 -0.700439
v 5.947315 -1.609939 0.500651
v 5.947315 -1.627293 -0.701289
v 5.991247 -1.546578 0.499736
v 5.991247 -1.563933 -0.702204
v 6.030751 -1.478734 0.498756
v 6.030751 -1.496089 -0.703184
v 6.065826 -1.406407 0.497712
v 6.065826 -1.423761 -0.704228
v 6.096474 -1.329597 0.496603
v 6.096474 -1.346951 -0.705337
v 6.122692 -1.248303 0.495429
v 6.122692 -1.265658 -0.706511
v 6.144483 -1.162527 0.494190
v 6.144483 -1.179882 -0.707750
v 6.161844 -1.072268 0.492887
v 6.161844 -1.089623 -0.709053
v 6.174778 -0.977525 0.491519
v 6.174778 -0.994880 -0.710421
v 6.183282 -0.878300 0.490086
v 6.183282 -0.895655 -0.711854
v 6.187359 -0.774592 0.488589
v 6.187359 -0.791946 -0.713351
v 6.187006 -0.666400 0.487027
v 6.187006 -0.683755 -0.714913
v 6.181437 -0.564161 0.485551
v 6.181437 -0.581516 -0.716389
v 6.169540 -0.464558 0.484112
v 6.169540 -0.481913 -0.717828
v 6.151318 -0.367593 0.482712
v 6.151318 -0.384948 -0.719228
v 6.126769 -0.273265 0.481350
v 6.126769 -0.290620 -0.720590
v 6.095893 -0.181574 0.480026
v 6.095893 -0.198928 -0.721914
v 6.058692 -0.092519 0.478741
v 6.058692 -0.109874 -0.723199
v 6.015163 -0.006102 0.477493
v 6.015163 -0.023457 -0.724447
v 5.965309 0.077678 0.476283
v 5.965309 0.060323 -0.725657
v 5.909127 0.158821 0.475111
v 5.909127 0.141467 -0.726828
v 5.846620 0.237328 0.473978
v 5.846620 0.219973 -0.727962
v 5.777785 0.313197 0.472882
v 5.777785 0.295842 -0.729057
v 5.702625 0.386429 0.471825
v 5.702625 0.369074 -0.730115
v 5.623118 0.455243 0.470831
v 5.623118 0.437888 -0.731108
v 5.541242 0.517858 0.469927
v 5.541242 0.500503 -0.732013
v 5.456999 0.574273 0.469113
v 5.456999 0.556918 -0.732827
v 5.370388 0.624488 0.468388
v 5.370388 0.607133 -0.733552
v 5.281408 0.668504 0.467752
v 5.281408 0.651149 -0.734188
v 5.190061 0.706321 0.467206
v 5.190061 0.688966 -0.734734
v 5.096345 0.737938 0.466750
v 5.096345 0.720583 -0.735190
v 5.000262 0.763356 0.466383
v 5.000262 0.746001 -0.735557
v 4.901811 0.782574 0.466105
v 4.901811 0.765219 -0.735835
v 4.800991 0.795592 0.465917
v 4.800991 0.778237 -0.736023
v 4.697804 0.802411 0.465819
v 4.697804 0.785056 -0.736121
v 4.592249 0.803032 0.465810
v 4.592249 0.785677 -0.736130
v 4.550846 0.801102 0.465838
v 4.550846 0.783747 -0.736102
v 4.508411 0.797215 0.465894
v 4.508411 0.779860 -0.736046
v 4.464946 0.791368 0.465978
v 4.464946 0.774013 -0.735962
v 4.420449 0.783563 0.466091
v 4.420449 0.766208 -0.735849
v 4.374922 0.773799 0.466232
v 4.374922 0.756444 -0.735708
v 4.328363 0.762076 0.466401
v 4.328363 0.744721 -0.735539
v 4.280773 0.748395 0.466599
v 4.280773 0.731040 -0.735341
v 4.232152 0.732755 0.466825
v 4.232152 0.715400 -0.735115
v 4.182500 0.715156 0.467079
v 4.182500 0.697801 -0.734861
v 4.131817 0.695599 0.467361
v 4.131817 0.678244 -0.734579
v 4.080103 0.674083 0.467672
v 4.080103 0.656728 -0.734268
v 4.027358 0.650609 0.468011
v 4.027358 0.633254 -0.733929
v 3.965733 0.620855 0.468440
v 3.965733 0.603500 -0.733500
v 3.909542 0.590475 0.468879
v 3.909542 0.573120 -0.733061
v 3.858784 0.559470 0.469327
v 3.858784 0.542115 -0.732613
v 3.813460 0.527838 0.469784
v 3.813460 0.510483 -0.732156
v 3.773569 0.495579 0.470249
v 3.773569 0.478224 -0.731691
v 3.739110 0.462695 0.470724
v 3.739110 0.445340 -0.731216
v 3.710086 0.429185 0.471208
v 3.710086 0.411830 -0.730732
v 3.686495 0.395048 0.471701
v 3.686495 0.377693 -0.730239
v 3.668337 0.360285 0.472203
v 3.668337 0.342930 -0.729737
v 3.655612 0.324896 0.472714
v 3.655612 0.307541 -0.729226
v 3.648321 0.288881 0.473234
v 3.648321 0.271526 -0.728706
v 3.646462 0.252241 0.473763
v 3.646462 0.234886 -0.728177
v 3.647231 0.236942 0.473984
v 3.647231 0.219587 -0.727956
v 3.648816 0.221985 0.474200
v 3.648816 0.204630 -0.727740
v 3.651219 0.207369 0.474411
v 3.651219 0.190014 -0.727529
v 3.654440 0.193095 0.474617
v 3.654440 0.175740 -0.727323
v 3.658478 0.179162 0.474818
v 3.658478 0.161807 -0.727122
v 3.663333 0.165571 0.475014
v 3.663333 0.148216 -0.726926
v 3.669006 0.152321 0.475206
v 3.669006 0.134966 -0.726734
v 3.675496 0.139412 0.475392
v 3.675496 0.122058 -0.726548
v 3.682805 0.126845 0.475573
v 3.682805 0.109491 -0.726366
v 3.690929 0.114620 0.475750
v 3.690929 0.097265 -0.726190
v 3.699872 0.102736 0.475922
v 3.699872 0.085381 -0.726018
v 3.709632 0.091193 0.476088
v 3.709632 0.073839 -0.725852
v 3.714263 0.073736 0.476340
v 3.714263 0.056382 -0.725600
v 3.718750 0.055542 0.476603
v 3.718750 0.038187 -0.725337
v 3.723093 0.036609 0.476876
v 3.723093 0.019254 -0.725064
v 3.727291 0.016939 0.477160
v 3.727291 -0.000416 -0.724780
v 3.731345 -0.003470 0.477455
v 3.731345 -0.020824 -0.724485
v 3.735254 -0.024616 0.477760
v 3.735254 -0.041970 -0.724180
v 3.739020 -0.046499 0.478076
v 3.739020 -0.063854 -0.723864
v 3.742641 -0.069121 0.478403
v 3.742641 -0.086476 -0.723537
v 3.746117 -0.092481 0.478740
v 3.746117 -0.109835 -0.723200
v 3.749450 -0.116578 0.479088
v 3.749450 -0.133933 -0.722852
v 3.752637 -0.141413 0.479447
v 3.752637 -0.158768 -0.722493
v 3.755681 -0.166986 0.479816
v 3.755681 -0.184341 -0.722124
v 3.758562 -0.193297 0.480196
v 3.758562 -0.210652 -0.721744
v 3.761264 -0.220347 0.480587
v 3.761264 -0.237702 -0.721353
v 3.763784 -0.248136 0.480988
v 3.763784 -0.265491 -0.720952
v 3.766125 -0.276663 0.481400
v 3.766125 -0.294018 -0.720540
v 3.768285 -0.305929 0.481822
v 3.768285 -0.323284 -0.720118
v 3.770266 -0.335933 0.482256
v 3.770266 -0.353288 -0.719684
v 3.772065 -0.366677 0.482699
v 3.772065 -0.384031 -0.719241
v 3.773685 -0.398158 0.483154
v 3.773685 -0.415513 -0.718786
v 3.775125 -0.430379 0.483619
v 3.775125 -0.447733 -0.718321
v 3.776384 -0.463338 0.484095
v 3.776384 -0.480693 -0.717845
v 3.777463 -0.497036 0.484582
v 3.777463 -0.514390 -0.717358
v 3.778362 -0.531472 0.485079
v 3.778362 -0.548827 -0.716861
v 3.779741 -0.611640 0.486236
v 3.779741 -0.628995 -0.715703
v 3.780062 -0.688000 0.487339
v 3.780062 -0.705354 -0.714601
v 3.779325 -0.760550 0.488387
v 3.779325 -0.777905 -0.713553
v 3.777532 -0.829291 0.489379
v 3.777532 -0.846646 -0.712561
v 3.774681 -0.894223 0.490317
v 3.774681 -0.911578 -0.711623
v 3.770772 -0.955347 0.491199
v 3.770772 -0.972702 -0.710741
v 3.765806 -1.012661 0.492027
v 3.765806 -1.030016 -0.709913
v 3.759783 -1.066166 0.492799
v 3.759783 -1.083521 -0.709141
v 3.752702 -1.115863 0.493517
v 3.752702 -1.133218 -0.708423
v 3.744564 -1.161750 0.494179
v 3.744564 -1.179105 -0.707760
v 3.735368 -1.203828 0.494787
v 3.735368 -1.221183 -0.707153
v 3.725114 -1.242098 0.495340
v 3.725114 -1.259453 -0.706600
v 3.723230 -1.247552 0.495418
v 3.723230 -1.264907 -0.706522
v 3.719985 -1.256118 0.495542
v 3.719985 -1.273473 -0.706398
v 3.715376 -1.267798 0.495711
v 3.715376 -1.285152 -0.706229
v 3.709403 -1.282590 0.495924
v 3.709403 -1.299945 -0.706016
v 3.702068 -1.300495 0.496183
v 3.702068 -1.317850 -0.705757
v 3.693370 -1.321513 0.496486
v 3.693370 -1.338868 -0.705454
v 3.683308 -1.345644 0.496835
v 3.683308 -1.362999 -0.705105
v 3.671884 -1.372888 0.497228
v 3.671884 -1.390243 -0.704712
v 3.659096 -1.403244 0.497666
v 3.659096 -1.420599 -0.704274
v 3.644946 -1.436714 0.498150
v 3.644946 -1.454068 -0.703790
v 3.629431 -1.473296 0.498678
v 3.629431 -1.490651 -0.703262
v 3.612554 -1.512991 0.499251
v 3.612554 -1.530346 -0.702689
v 3.597296 -1.548994 0.499771
v 3.597296 -1.566349 -0.702169
v 3.583375 -1.582315 0.500252
v 3.583375 -1.599670 -0.701688
v 3.570791 -1.612953 0.500694
v 3.570791 -1.630308 -0.701245
v 3.559545 -1.640910 0.501098
v 3.559545 -1.658264 -0.700842
v 3.549636 -1.666183 0.501463
v 3.549636 -1.683538 -0.700477
v 3.541064 -1.688775 0.501789
v 3.541064 -1.706130 -0.700151
v 3.533828 -1.708684 0.502077
v 3.533828 -1.726039 -0.699863
v 3.527931 -1.725911 0.502325
v 3.527931 -1.743266 -0.699615
v 3.523370 -1.740455 0.502535
v 3.523370 -1.757810 -0.699404
v 3.520147 -1.752318 0.502707
v 3.520147 -1.769672 -0.699233
v 3.518261 -1.761497 0.502839
v 3.518261 -1.778852 -0.699101
v 3.517712 -1.767995 0.502933
v 3.517712 -1.785350 -0.699007
v 3.518960 -1.790430 0.503257
v 3.518960 -1.807785 -0.698683
v 3.521646 -1.812187 0.503571
v 3.521646 -1.829542 -0.698369
v 3.525770 -1.833265 0.503875
v 3.525770 -1.850620 -0.698064
v 3.531331 -1.853665 0.504170
v 3.531331 -1.871020 -0.697770
v 3.538329 -1.873387 0.504455
v 3.538329 -1.890742 -0.697485
v 3.546765 -1.892430 0.504730
v 3.546765 -1.909785 -0.697210
v 3.556639 -1.910796 0.504995
v 3.556639 -1.928150 -0.696945
v 3.567951 -1.928483 0.505250
v 3.567951 -1.945837 -0.696690
v 3.580699 -1.945491 0.505496
v 3.580699 -1.962846 -0.696444
v 3.594886 -1.961821 0.505732
v 3.594886 -1.979176 -0.696208
v 3.610510 -1.977473 0.505958
v 3.610510 -1.994828 -0.695982
v 4.414314 -1.213187 0.494922
v 4.414314 -1.230542 -0.707018
v 4.424361 -1.112779 0.493472
v 4.424361 -1.130134 -0.708468
v 4.433432 -1.016694 0.492085
v 4.433432 -1.034049 -0.709855
v 4.441527 -0.924930 0.490760
v 4.441527 -0.942285 -0.711180
v 4.448646 -0.837488 0.489497
v 4.448646 -0.854843 -0.712443
v 4.454789 -0.754369 0.488297
v 4.454789 -0.771723 -0.713643
v 4.459955 -0.675571 0.487159
v 4.459955 -0.692926 -0.714781
v 4.464146 -0.601095 0.486084
v 4.464146 -0.618450 -0.715856
v 4.467360 -0.530942 0.485071
v 4.467360 -0.548296 -0.716869
v 4.469598 -0.465110 0.484121
v 4.469598 -0.482465 -0.717819
v 4.470860 -0.403600 0.483232
v 4.470860 -0.420955 -0.718708
v 4.471146 -0.346412 0.482407
v 4.471146 -0.363767 -0.719533
v 4.470456 -0.293547 0.481643
v 4.470456 -0.310902 -0.720297
v 4.470052 -0.279628 0.481442
v 4.470052 -0.296983 -0.720497
v 4.469479 -0.265373 0.481237
v 4.469479 -0.282728 -0.720703
v 4.468736 -0.250782 0.481026
v 4.468736 -0.268136 -0.720914
v 4.467824 -0.235854 0.480810
v 4.467824 -0.253208 -0.721130
v 4.466742 -0.220589 0.480590
v 4.466742 -0.237944 -0.721350
v 4.465492 -0.204988 0.480365
v 4.465492 -0.222343 -0.721575
v 4.464072 -0.189051 0.480135
v 4.464072 -0.206406 -0.721805
v 4.462482 -0.172778 0.479900
v 4.462482 -0.190132 -0.722040
v 4.460723 -0.156168 0.479660
v 4.460723 -0.173522 -0.722280
v 4.458795 -0.139221 0.479415
v 4.458795 -0.156576 -0.722525
v 4.456698 -0.121938 0.479166
v 4.456698 -0.139293 -0.722774
v 4.454432 -0.104319 0.478911
v 4.454432 -0.121673 -0.723029
v 4.451996 -0.086363 0.478652
v 4.451996 -0.103718 -0.723288
v 4.449390 -0.068071 0.478388
v 4.449390 -0.085425 -0.723552
v 4.446616 -0.049442 0.478119
v 4.446616 -0.066797 -0.723821
v 4.443673 -0.030477 0.477845
v 4.443673 -0.047832 -0.724095
v 4.440559 -0.011175 0.477566
v 4.440559 -0.028530 -0.724374
v 4.437277 0.008463 0.477283
v 4.437277 -0.008892 -0.724657
v 4.433825 0.028437 0.476994
v 4.433825 0.011082 -0.724946
v 4.430204 0.048748 0.476701
v 4.430204 0.031393 -0.725239
v 4.426414 0.069395 0.476403
v 4.426414 0.052040 -0.725537
v 4.422455 0.090379 0.476100
v 4.422455 0.073024 -0.725840
v 4.418326 0.111699 0.475792
v 4.418326 0.094344 -0.726148
v 4.414027 0.133355 0.475479
v 4.414027 0.116000 -0.726461
v 4.422457 0.137752 0.475416
v 4.422457 0.120397 -0.726524
v 4.430729 0.141948 0.475355
v 4.430729 0.124593 -0.726585
v 4.438846 0.145943 0.475298
v 4.438846 0.128588 -0.726642
v 4.446805 0.149737 0.475243
v 4.446805 0.132383 -0.726697
v 4.454607 0.153332 0.475191
v 4.454607 0.135977 -0.726749
v 4.462253 0.156724 0.475142
v 4.462253 0.139370 -0.726798
v 4.469742 0.159917 0.475096
v 4.469742 0.142562 -0.726844
v 4.477074 0.162909 0.475053
v 4.477074 0.145554 -0.726887
v 4.484249 0.165700 0.475012
v 4.484249 0.148345 -0.726928
v 4.491267 0.168290 0.474975
v 4.491267 0.150936 -0.726965
v 4.498129 0.170680 0.474940
v 4.498129 0.153325 -0.727000
v 4.504834 0.172869 0.474909
v 4.504834 0.155514 -0.727031
v 4.511381 0.174875 0.474880
v 4.511381 0.157521 -0.727060
v 4.517770 0.176716 0.474853
v 4.517770 0.159362 -0.727087
v 4.524003 0.178393 0.474829
v 4.524003 0.161038 -0.727111
v 4.530077 0.179905 0.474807
v 4.530077 0.162550 -0.727133
v 4.535994 0.181251 0.474788
v 4.535994 0.163897 -0.727152
v 4.541753 0.182433 0.474771
v 4.541753 0.165078 -0.727169
v 4.547355 0.183450 0.474756
v 4.547355 0.166095 -0.727184
v 4.552798 0.184302 0.474744
v 4.552798 0.166947 -0.727196
v 4.558085 0.184989 0.474734
v 4.558085 0.167634 -0.727206
v 4.563213 0.185511 0.474726
v 4.563213 0.168156 -0.727214
v 4.568185 0.185868 0.474721
v 4.568185 0.168514 -0.727219
v 4.572998 0.186061 0.474718
v 4.572998 0.168706 -0.727222
v 4.630967 0.185500 0.474726
v 4.630967 0.168145 -0.727214
v 4.687804 0.181097 0.474790
v 4.687804 0.163742 -0.727150
v 4.743512 0.172852 0.474909
v 4.743512 0.155497 -0.727031
v 4.798088 0.160766 0.475084
v 4.798088 0.143411 -0.726856
v 4.851534 0.144837 0.475314
v 4.851534 0.127482 -0.726626
v 4.903848 0.125066 0.475599
v 4.903848 0.107711 -0.726341
v 4.955032 0.101454 0.475940
v 4.955032 0.084099 -0.726000
v 5.005085 0.073999 0.476336
v 5.005085 0.056644 -0.725604
v 5.054008 0.042703 0.476788
v 5.054008 0.025348 -0.725152
v 5.101799 0.007565 0.477296
v 5.101799 -0.009790 -0.724644
v 5.148459 -0.031416 0.477858
v 5.148459 -0.048770 -0.724082
v 5.193988 -0.074238 0.478477
v 5.193988 -0.091593 -0.723463
v 5.237138 -0.119624 0.479132
v 5.237138 -0.136978 -0.722808
v 5.276656 -0.166294 0.479806
v 5.276656 -0.183648 -0.722134
v 5.312544 -0.214248 0.480498
v 5.312544 -0.231603 -0.721442
v 5.344801 -0.263487 0.481209
v 5.344801 -0.280842 -0.720731
v 5.373428 -0.314011 0.481939
v 5.373428 -0.331366 -0.720001
v 5.398425 -0.365819 0.482687
v 5.398425 -0.383174 -0.719253
v 5.419790 -0.418912 0.483453
v 5.419790 -0.436267 -0.718487
v 5.437526 -0.473290 0.484239
v 5.437526 -0.490644 -0.717701
v 5.451630 -0.528952 0.485042
v 5.451630 -0.546306 -0.716898
v 5.462105 -0.585898 0.485865
v 5.462105 -0.603253 -0.716075
v 5.468948 -0.644130 0.486705
v 5.468948 -0.661484 -0.715235
v 5.472162 -0.703645 0.487565
v 5.472162 -0.721000 -0.714375
v 5.472611 -0.760055 0.488379
v 5.472611 -0.777409 -0.713561
v 5.471284 -0.814123 0.489160
v 5.471284 -0.831477 -0.712780
v 5.468180 -0.865849 0.489907
v 5.468180 -0.883204 -0.712033
v 5.463299 -0.915235 0.490620
v 5.463299 -0.932590 -0.711320
v 5.456641 -0.962279 0.491299
v 5.456641 -0.979634 -0.710641
v 5.448206 -1.006982 0.491945
v 5.448206 -1.024337 -0.709995
v 5.437994 -1.049344 0.492556
v 5.437994 -1.066699 -0.709384
v 5.426005 -1.089364 0.493134
v 5.426005 -1.106719 -0.708806
v 5.412239 -1.127043 0.493678
v 5.412239 -1.144398 -0.708262
v 5.396696 -1.162381 0.494188
v 5.396696 -1.179736 -0.707752
v 5.379376 -1.195378 0.494665
v 5.379376 -1.212733 -0.707275
v 5.360280 -1.226033 0.495107
v 5.360280 -1.243388 -0.706832
v 5.339406 -1.254330 0.495516
v 5.339406 -1.271684 -0.706424
v 5.316754 -1.280249 0.495890
v 5.316754 -1.297604 -0.706050
v 5.292325 -1.303791 0.496230
v 5.292325 -1.321146 -0.705710
v 5.266117 -1.324956 0.496536
v 5.266117 -1.342311 -0.705404
v 5.238132 -1.343744 0.496807
v 5.238132 -1.361099 -0.705133
v 5.208369 -1.360155 0.497044
v 5.208369 -1.377510 -0.704896
v 5.176828 -1.374189 0.497247
v 5.176828 -1.391544 -0.704693
v 5.143510 -1.385846 0.497415
v 5.143510 -1.403200 -0.704525
v 5.108414 -1.395125 0.497549
v 5.108414 -1.412480 -0.704391
v 5.071540 -1.402028 0.497649
v 5.071540 -1.419383 -0.704291
v 5.032888 -1.406554 0.497714
v 5.032888 -1.423908 -0.704226
v 4.992459 -1.408702 0.497745
v 4.992459 -1.426057 -0.704195
v 4.965882 -1.408952 0.497749
v 4.965882 -1.426307 -0.704191
v 4.939521 -1.408463 0.497742
v 4.939521 -1.425818 -0.704198
v 4.913376 -1.407234 0.497724
v 4.913376 -1.424589 -0.704216
v 4.887448 -1.405266 0.497695
v 4.887448 -1.422621 -0.704244
v 4.861735 -1.402558 0.497656
v 4.861735 -1.419913 -0.704284
v 4.836239 -1.399111 0.497607
v 4.836239 -1.416466 -0.704333
v 4.810959 -1.394924 0.497546
v 4.810959 -1.412279 -0.704394
v 4.785894 -1.389998 0.497475
v 4.785894 -1.407353 -0.704465
v 4.761046 -1.384333 0.497393
v 4.761046 -1.401687 -0.704547
v 4.736415 -1.377928 0.497301
v 4.736415 -1.395282 -0.704639
v 4.711998 -1.370783 0.497198
v 4.711998 -1.388138 -0.704742
v 4.687799 -1.362899 0.497084
v 4.687799 -1.380254 -0.704856
v 4.663815 -1.354293 0.496960
v 4.663815 -1.371648 -0.704980
v 4.640049 -1.344984 0.496825
v 4.640049 -1.362338 -0.705115
v 4.616499 -1.334970 0.496680
v 4.616499 -1.352325 -0.705259
v 4.593167 -1.324254 0.496526
v 4.593167 -1.341609 -0.705414
v 4.570051 -1.312833 0.496361
v 4.570051 -1.330188 -0.705579
v 4.547152 -1.300709 0.496186
v 4.547152 -1.318064 -0.705754
v 4.524470 -1.287881 0.496001
v 4.524470 -1.305236 -0.705939
v 4.502005 -1.274350 0.495805
v 4.502005 -1.291705 -0.706135
v 4.479757 -1.260115 0.495600
v 4.479757 -1.277470 -0.706340
v 4.457726 -1.245176 0.495384
v 4.457726 -1.262531 -0.706556
v 4.435911 -1.229533 0.495158
v 4.435911 -1.246888 -0.706782
v 2.406751 0.563944 0.469262
v 2.406751 0.546589 -0.732678
v 2.406756 0.570679 0.469165
v 2.406756 0.553324 -0.732775
v 2.407190 0.572839 0.469134
v 2.407190 0.555484 -0.732806
v 2.408054 0.570423 0.469169
v 2.408054 0.553068 -0.732771
v 2.409347 0.563431 0.469270
v 2.409347 0.546076 -0.732670
v 2.411069 0.551863 0.469437
v 2.411069 0.534508 -0.732503
v 2.413220 0.535719 0.469670
v 2.413220 0.518364 -0.732270
v 2.415801 0.514999 0.469969
v 2.415801 0.497644 -0.731971
v 2.418811 0.489703 0.470334
v 2.418811 0.472348 -0.731606
v 2.422251 0.459831 0.470766
v 2.422251 0.442476 -0.731174
v 2.426119 0.425383 0.471263
v 2.426119 0.408028 -0.730677
v 2.430417 0.386359 0.471826
v 2.430417 0.369004 -0.730113
v 2.435145 0.342758 0.472456
v 2.435145 0.325403 -0.729484
v 2.368767 0.413319 0.471437
v 2.368767 0.395964 -0.730503
v 2.303109 0.477627 0.470509
v 2.303109 0.460272 -0.731431
v 2.238170 0.535682 0.469670
v 2.238170 0.518327 -0.732269
v 2.173951 0.587484 0.468922
v 2.173951 0.570129 -0.733017
v 2.110451 0.633032 0.468265
v 2.110451 0.615677 -0.733675
v 2.047670 0.672328 0.467697
v 2.047670 0.654973 -0.734242
v 1.985609 0.705370 0.467220
v 1.985609 0.688015 -0.734720
v 1.924268 0.732159 0.466834
v 1.924268 0.714804 -0.735106
v 1.863645 0.752695 0.466537
v 1.863645 0.735340 -0.735403
v 1.803741 0.766978 0.466331
v 1.803741 0.749623 -0.735609
v 1.744558 0.775008 0.466215
v 1.744558 0.757653 -0.735725
v 1.686095 0.776784 0.466189
v 1.686095 0.759429 -0.735751
v 1.621332 0.773183 0.466241
v 1.621332 0.755828 -0.735699
v 1.559608 0.765462 0.466353
v 1.559608 0.748107 -0.735587
v 1.500923 0.753618 0.466524
v 1.500923 0.736263 -0.735416
v 1.445276 0.737654 0.466754
v 1.445276 0.720299 -0.735186
v 1.392667 0.717569 0.467044
v 1.392667 0.700214 -0.734896
v 1.343097 0.693362 0.467394
v 1.343097 0.676007 -0.734546
v 1.296565 0.665033 0.467803
v 1.296565 0.647678 -0.734137
v 1.253072 0.632584 0.468271
v 1.253072 0.615229 -0.733669
v 1.212618 0.596014 0.468799
v 1.212618 0.578659 -0.733140
v 1.175201 0.555322 0.469387
v 1.175201 0.537967 -0.732553
v 1.140823 0.510509 0.470034
v 1.140823 0.493154 -0.731906
v 1.109484 0.461575 0.470741
v 1.109484 0.444220 -0.731199
v 1.082468 0.483680 0.470421
v 1.082468 0.466325 -0.731518
v 1.055010 0.504807 0.470116
v 1.055010 0.487452 -0.731824
v 1.027106 0.524956 0.469826
v 1.027106 0.507601 -0.732114
v 0.998759 0.544129 0.469549
v 0.998759 0.526774 -0.732391
v 0.969969 0.562323 0.469286
v 0.969969 0.544968 -0.732654
v 0.940734 0.579539 0.469037
v 0.940734 0.562184 -0.732903
v 0.911057 0.595779 0.468803
v 0.911057 0.578424 -0.733137
v 0.880934 0.611040 0.468583
v 0.880934 0.593685 -0.733357
v 0.850368 0.625324 0.468376
v 0.850368 0.607969 -0.733564
v 0.819358 0.638630 0.468184
v 0.819358 0.621275 -0.733756
v 0.787905 0.650958 0.468006
v 0.787905 0.633603 -0.733934
v 0.756007 0.662309 0.467842
v 0.756007 0.644954 -0.734098
v 0.723684 0.672683 0.467692
v 0.723684 0.655328 -0.734247
v 0.690953 0.682079 0.467557
v 0.690953 0.664724 -0.734383
v 0.657815 0.690499 0.467435
v 0.657815 0.673144 -0.734505
v 0.624267 0.697942 0.467328
v 0.624267 0.680587 -0.734612
v 0.590313 0.704409 0.467234
v 0.590313 0.687054 -0.734706
v 0.555950 0.709898 0.467155
v 0.555950 0.692543 -0.734785
v 0.521179 0.714411 0.467090
v 0.521179 0.697056 -0.734850
v 0.486000 0.717947 0.467039
v 0.486000 0.700592 -0.734901
v 0.450414 0.720505 0.467002
v 0.450414 0.703150 -0.734938
v 0.414420 0.722087 0.466979
v 0.414420 0.704732 -0.734961
v 0.378016 0.722693 0.466970
v 0.378016 0.705338 -0.734969
v 0.341207 0.722321 0.466976
v 0.341207 0.704966 -0.734964
v 0.259189 0.716922 0.467054
v 0.259189 0.699567 -0.734886
v 0.181852 0.704646 0.467231
v 0.181852 0.687291 -0.734709
v 0.109197 0.685492 0.467508
v 0.109197 0.668137 -0.734432
v 0.041224 0.659460 0.467884
v 0.041224 0.642105 -0.734056
v -0.022068 0.626551 0.468359
v -0.022068 0.609196 -0.733581
v -0.080678 0.586764 0.468933
v -0.080678 0.569409 -0.733007
v -0.134607 0.540099 0.469607
v -0.134607 0.522744 -0.732333
v -0.183854 0.486557 0.470380
v -0.183854 0.469202 -0.731560
v -0.228419 0.426137 0.471253
v -0.228419 0.408782 -0.730687
v -0.268304 0.358839 0.472224
v -0.268304 0.341484 -0.729716
v -0.303507 0.284664 0.473295
v -0.303507 0.267309 -0.728645
v -0.334028 0.203611 0.474466
v -0.334028 0.186257 -0.727474
v -0.339844 0.182857 0.474765
v -0.339844 0.165502 -0.727175
v -0.346039 0.155252 0.475164
v -0.346039 0.137897 -0.726776
v -0.352612 0.120793 0.475661
v -0.352612 0.103439 -0.726279
v -0.359565 0.079484 0.476258
v -0.359565 0.062129 -0.725682
v -0.366897 0.031322 0.476953
v -0.366897 0.013968 -0.724987
v -0.374608 -0.023691 0.477748
v -0.374608 -0.041046 -0.724192
v -0.382698 -0.085557 0.478641
v -0.382698 -0.102911 -0.723299
v -0.391167 -0.154274 0.479633
v -0.391167 -0.171628 -0.722307
v -0.400016 -0.229843 0.480724
v -0.400016 -0.247198 -0.721216
v -0.409243 -0.312264 0.481914
v -0.409243 -0.329619 -0.720026
v -0.418850 -0.401537 0.483203
v -0.418850 -0.418892 -0.718737
v -0.428834 -0.497662 0.484591
v -0.428834 -0.515017 -0.717349
v -0.439466 -0.571427 0.485656
v -0.439466 -0.588782 -0.716284
v -0.450490 -0.652941 0.486833
v -0.450490 -0.670296 -0.715107
v -0.461908 -0.742202 0.488122
v -0.461908 -0.759557 -0.713818
v -0.473721 -0.839211 0.489523
v -0.473721 -0.856566 -0.712417
v -0.485929 -0.943969 0.491036
v -0.485929 -0.961323 -0.710904
v -0.498529 -1.056474 0.492660
v -0.498529 -1.073829 -0.709280
v -0.511525 -1.176727 0.494396
v -0.511525 -1.194082 -0.707544
v -0.524915 -1.304728 0.496244
v -0.524915 -1.322083 -0.705695
v -0.538698 -1.440477 0.498205
v -0.538698 -1.457832 -0.703735
v -0.552876 -1.583974 0.500277
v -0.552876 -1.601329 -0.701663
v -0.567448 -1.735219 0.502460
v -0.567448 -1.752574 -0.699480
v -0.582414 -1.894212 0.504756
v -0.582414 -1.911567 -0.697184
v -0.582731 -1.918367 0.505105
v -0.582731 -1.935722 -0.696835
v -0.581380 -1.941767 0.505443
v -0.581380 -1.959122 -0.696497
v -0.578360 -1.964412 0.505770
v -0.578360 -1.981766 -0.696170
v -0.573669 -1.986301 0.506086
v -0.573669 -2.003656 -0.695854
v -0.567311 -2.007435 0.506391
v -0.567311 -2.024790 -0.695549
v -0.559283 -2.027813 0.506685
v -0.559283 -2.045168 -0.695255
v -0.549587 -2.047437 0.506968
v -0.549587 -2.064791 -0.694971
v -0.538221 -2.066305 0.507241
v -0.538221 -2.083659 -0.694699
v -0.525186 -2.084417 0.507502
v -0.525186 -2.101772 -0.694438
v -0.510482 -2.101774 0.507753
v -0.510482 -2.119129 -0.694187
v -0.494109 -2.118376 0.507993
v -0.494109 -2.135731 -0.693947
v -0.476068 -2.134223 0.508222
v -0.476068 -2.151578 -0.693718
v -0.456937 -2.149023 0.508435
v -0.456937 -2.166378 -0.693505
v -0.437299 -2.162486 0.508630
v -0.437299 -2.179841 -0.693310
v -0.417155 -2.174612 0.508805
v -0.417155 -2.191966 -0.693135
v -0.396503 -2.185400 0.508960
v -0.396503 -2.202754 -0.692979
v -0.375344 -2.194850 0.509097
v -0.375344 -2.212205 -0.692843
v -0.353678 -2.202963 0.509214
v -0.353678 -2.220318 -0.692726
v -0.331505 -2.209739 0.509312
v -0.331505 -2.227094 -0.692628
v -0.308824 -2.215177 0.509390
v -0.308824 -2.232532 -0.692549
v -0.285636 -2.219278 0.509450
v -0.285636 -2.236633 -0.692490
v -0.261941 -2.222042 0.509490
v -0.261941 -2.239397 -0.692450
v -0.237739 -2.223468 0.509510
v -0.237739 -2.240823 -0.692430
v -0.213029 -2.223557 0.509511
v -0.213029 -2.240911 -0.692429
v -0.165284 -2.220405 0.509466
v -0.165284 -2.237760 -0.692474
v -0.121041 -2.213251 0.509363
v -0.121041 -2.230606 -0.692577
v -0.080301 -2.202093 0.509202
v -0.080301 -2.219448 -0.692738
v -0.043063 -2.186933 0.508983
v -0.043063 -2.204288 -0.692957
v -0.009326 -2.167769 0.508706
v -0.009326 -2.185124 -0.693234
v 0.020906 -2.144603 0.508371
v 0.020906 -2.161958 -0.693569
v 0.047639 -2.117434 0.507979
v 0.047639 -2.134788 -0.693961
v 0.070868 -2.086261 0.507529
v 0.070868 -2.103616 -0.694411
v 0.090595 -2.051086 0.507021
v 0.090595 -2.068440 -0.694919
v 0.106820 -2.011907 0.506455
v 0.106820 -2.029262 -0.695485
v 0.119544 -1.968726 0.505832
v 0.119544 -1.986081 -0.696108
v 0.128764 -1.921542 0.505151
v 0.128764 -1.938896 -0.696789
v 0.135465 -1.875580 0.504487
v 0.135465 -1.892935 -0.697453
v 0.142132 -1.826574 0.503779
v 0.142132 -1.843929 -0.698161
v 0.148763 -1.774524 0.503028
v 0.148763 -1.791878 -0.698912
v 0.155359 -1.719429 0.502232
v 0.155359 -1.736783 -0.699708
v 0.161920 -1.661289 0.501393
v 0.161920 -1.678644 -0.700547
v 0.168447 -1.600105 0.500509
v 0.168447 -1.617460 -0.701431
v 0.174939 -1.535876 0.499582
v 0.174939 -1.553231 -0.702358
v 0.181396 -1.468603 0.498611
v 0.181396 -1.485958 -0.703329
v 0.187819 -1.398285 0.497595
v 0.187819 -1.415640 -0.704345
v 0.194206 -1.324923 0.496536
v 0.194206 -1.342277 -0.705404
v 0.200558 -1.248516 0.495433
v 0.200558 -1.265871 -0.706507
v 0.206878 -1.169064 0.494286
v 0.206878 -1.186419 -0.707654
v 0.213352 -1.082497 0.493036
v 0.213352 -1.099852 -0.708904
v 0.219677 -1.000233 0.491848
v 0.219677 -1.017588 -0.710092
v 0.225849 -0.922272 0.490722
v 0.225849 -0.939627 -0.711218
v 0.231872 -0.848614 0.489659
v 0.231872 -0.865969 -0.712281
v 0.237742 -0.779258 0.488657
v 0.237742 -0.796613 -0.713283
v 0.243462 -0.714205 0.487718
v 0.243462 -0.731560 -0.714222
v 0.249030 -0.653455 0.486841
v 0.249030 -0.670810 -0.715099
v 0.254446 -0.597009 0.486026
v 0.254446 -0.614363 -0.715914
v 0.259711 -0.544864 0.485273
v 0.259711 -0.562219 -0.716667
v 0.264827 -0.497023 0.484582
v 0.264827 -0.514378 -0.717358
v 0.269789 -0.453485 0.483953
v 0.269789 -0.470839 -0.717987
v 0.274602 -0.414249 0.483387
v 0.274602 -0.431604 -0.718553
v 0.284779 -0.340261 0.482318
v 0.284779 -0.357616 -0.719621
v 0.295643 -0.272671 0.481342
v 0.295643 -0.290025 -0.720597
v 0.307193 -0.211477 0.480459
v 0.307193 -0.228832 -0.721481
v 0.319431 -0.156681 0.479668
v 0.319431 -0.174036 -0.722272
v 0.332355 -0.108282 0.478969
v 0.332355 -0.125637 -0.722971
v 0.345967 -0.066280 0.478362
v 0.345967 -0.083635 -0.723577
v 0.360266 -0.030675 0.477848
v 0.360266 -0.048030 -0.724092
v 0.375251 -0.001468 0.477427
v 0.375251 -0.018823 -0.724513
v 0.390924 0.021342 0.477097
v 0.390924 0.003987 -0.724843
v 0.407283 0.037755 0.476860
v 0.407283 0.020400 -0.725080
v 0.424330 0.047771 0.476716
v 0.424330 0.030416 -0.725224
v 0.442063 0.051390 0.476663
v 0.442063 0.034035 -0.725277
v 0.453039 0.050821 0.476672
v 0.453039 0.033466 -0.725268
v 0.466170 0.048654 0.476703
v 0.466170 0.031299 -0.725237
v 0.481455 0.044889 0.476757
v 0.481455 0.027534 -0.725183
v 0.498895 0.039526 0.476835
v 0.498895 0.022171 -0.725105
v 0.518488 0.032564 0.476935
v 0.518488 0.015210 -0.725005
v 0.540237 0.024005 0.477059
v 0.540237 0.006650 -0.724881
v 0.564140 0.013848 0.477205
v 0.564140 -0.003507 -0.724734
v 0.590198 0.002093 0.477375
v 0.590198 -0.015262 -0.724565
v 0.618409 -0.011260 0.477568
v 0.618409 -0.028615 -0.724372
v 0.648775 -0.026212 0.477784
v 0.648775 -0.043566 -0.724156
v 0.681295 -0.042761 0.478023
v 0.681295 -0.060116 -0.723917
v 0.715970 -0.060908 0.478285
v 0.715970 -0.078263 -0.723655
v 0.750928 -0.079640 0.478555
v 0.750928 -0.096995 -0.723385
v 0.784296 -0.097943 0.478820
v 0.784296 -0.115298 -0.723120
v 0.816076 -0.115817 0.479078
v 0.816076 -0.133172 -0.722862
v 0.846267 -0.133262 0.479330
v 0.846267 -0.150617 -0.722610
v 0.874869 -0.150279 0.479575
v 0.874869 -0.167634 -0.722365
v 0.901881 -0.166866 0.479815
v 0.901881 -0.184221 -0.722125
v 0.927306 -0.183025 0.480048
v 0.927306 -0.200380 -0.721892
v 0.951141 -0.198755 0.480275
v 0.951141 -0.216110 -0.721665
v 0.973387 -0.214056 0.480496
v 0.973387 -0.231411 -0.721444
v 0.994044 -0.228928 0.480711
v 0.994044 -0.246283 -0.721229
v 1.013113 -0.243372 0.480919
v 1.013113 -0.260727 -0.721021
v 1.030591 -0.257386 0.481122
v 1.030591 -0.274741 -0.720818
v 1.031286 -0.308174 0.481855
v 1.031286 -0.325529 -0.720085
v 1.031097 -0.362565 0.482640
v 1.031097 -0.379919 -0.719300
v 1.030022 -0.420559 0.483478
v 1.030022 -0.437914 -0.718462
v 1.028061 -0.482157 0.484367
v 1.028061 -0.499511 -0.717573
v 1.025216 -0.547358 0.485309
v 1.025216 -0.564712 -0.716631
v 1.021485 -0.616162 0.486302
v 1.021485 -0.633517 -0.715638
v 1.016870 -0.688569 0.487348
v 1.016870 -0.705924 -0.714592
v 1.011369 -0.764580 0.488445
v 1.011369 -0.781935 -0.713495
v 1.004984 -0.844194 0.489595
v 1.004984 -0.861549 -0.712345
v 0.997712 -0.927412 0.490796
v 0.997712 -0.944767 -0.711144
v 0.989556 -1.014233 0.492050
v 0.989556 -1.031588 -0.709890
v 0.980518 -1.104657 0.493355
v 0.980518 -1.122012 -0.708584
v 0.971110 -1.197060 0.494690
v 0.971110 -1.214415 -0.707250
v 0.962615 -1.285501 0.495967
v 0.962615 -1.302856 -0.705973
v 0.955033 -1.369980 0.497186
v 0.955033 -1.387335 -0.704753
v 0.948363 -1.450497 0.498349
v 0.948363 -1.467852 -0.703591
v 0.942606 -1.527051 0.499454
v 0.942606 -1.544406 -0.702486
v 0.937761 -1.599643 0.500503
v 0.937761 -1.616998 -0.701437
v 0.933830 -1.668273 0.501494
v 0.933830 -1.685628 -0.700446
v 0.930811 -1.732940 0.502427
v 0.930811 -1.750295 -0.699513
v 0.928706 -1.793646 0.503304
v 0.928706 -1.811000 -0.698636
v 0.927512 -1.850389 0.504123
v 0.927512 -1.867743 -0.697817
v 0.927231 -1.903169 0.504885
v 0.927231 -1.920524 -0.697055
v 0.927863 -1.951988 0.505590
v 0.927863 -1.969343 -0.696350
v 0.929123 -1.976124 0.505939
v 0.929123 -1.993479 -0.696001
v 0.931767 -1.999548 0.506277
v 0.931767 -2.016903 -0.695663
v 0.935792 -2.022259 0.506605
v 0.935792 -2.039613 -0.695335
v 0.941202 -2.044257 0.506922
v 0.941202 -2.061611 -0.695018
v 0.947996 -2.065542 0.507230
v 0.947996 -2.082896 -0.694710
v 0.956171 -2.086114 0.507527
v 0.956171 -2.103469 -0.694413
v 0.965730 -2.105973 0.507814
v 0.965730 -2.123328 -0.694126
v 0.976672 -2.125120 0.508090
v 0.976672 -2.142475 -0.693850
v 0.988997 -2.143553 0.508356
v 0.988997 -2.160908 -0.693584
v 1.002704 -2.161274 0.508612
v 1.002704 -2.178629 -0.693328
v 1.017796 -2.178282 0.508858
v 1.017796 -2.195637 -0.693082
v 1.034268 -2.194577 0.509093
v 1.034268 -2.211932 -0.692847
v 1.051794 -2.209827 0.509313
v 1.051794 -2.227181 -0.692627
v 1.070041 -2.223698 0.509513
v 1.070041 -2.241053 -0.692427
v 1.089010 -2.236191 0.509694
v 1.089010 -2.253546 -0.692246
v 1.108701 -2.247306 0.509854
v 1.108701 -2.264661 -0.692086
v 1.129112 -2.257043 0.509995
v 1.129112 -2.274397 -0.691945
v 1.150246 -2.265401 0.510115
v 1.150246 -2.282756 -0.691824
v 1.172102 -2.272381 0.510216
v 1.172102 -2.289736 -0.691724
v 1.194678 -2.277983 0.510297
v 1.194678 -2.295338 -0.691643
v 1.217977 -2.282207 0.510358
v 1.217977 -2.299562 -0.691582
v 1.241997 -2.285053 0.510399
v 1.241997 -2.302408 -0.691541
v 1.266739 -2.286520 0.510420
v 1.266739 -2.303875 -0.691520
v 1.292202 -2.286609 0.510422
v 1.292202 -2.303964 -0.691518
v 1.317634 -2.285337 0.510403
v 1.317634 -2.302692 -0.691537
v 1.342280 -2.282722 0.510366
v 1.342280 -2.300077 -0.691574
v 1.366142 -2.278764 0.510308
v 1.366142 -2.296119 -0.691632
v 1.389219 -2.273463 0.510232
v 1.389219 -2.290818 -0.691708
v 1.411511 -2.266819 0.510136
v 1.411511 -2.284174 -0.691804
v 1.433019 -2.258831 0.510021
v 1.433019 -2.276186 -0.691919
v 1.453743 -2.249500 0.509886
v 1.453743 -2.266855 -0.692054
v 1.473680 -2.238826 0.509732
v 1.473680 -2.256181 -0.692208
v 1.492832 -2.226809 0.509558
v 1.492832 -2.244164 -0.692382
v 1.511201 -2.213448 0.509365
v 1.511201 -2.230803 -0.692575
v 1.528784 -2.198744 0.509153
v 1.528784 -2.216099 -0.692787
v 1.545583 -2.182697 0.508921
v 1.545583 -2.200052 -0.693019
v 1.561281 -2.165655 0.508675
v 1.561281 -2.183010 -0.693265
v 1.575566 -2.147964 0.508420
v 1.575566 -2.165319 -0.693520
v 1.588436 -2.129626 0.508155
v 1.588436 -2.146981 -0.693785
v 1.599891 -2.110640 0.507881
v 1.599891 -2.127995 -0.694059
v 1.609931 -2.091006 0.507597
v 1.609931 -2.108361 -0.694343
v 1.618556 -2.070724 0.507304
v 1.618556 -2.088079 -0.694636
v 1.625768 -2.049794 0.507002
v 1.625768 -2.067149 -0.694938
v 1.631564 -2.028217 0.506691
v 1.631564 -2.045572 -0.695249
v 1.635946 -2.005991 0.506370
v 1.635946 -2.023346 -0.695570
v 1.638913 -1.983118 0.506040
v 1.638913 -2.000473 -0.695900
v 1.640466 -1.959597 0.505700
v 1.640466 -1.976952 -0.696240
v 1.640604 -1.935428 0.505351
v 1.640604 -1.952783 -0.696589
v 1.639860 -1.884507 0.504616
v 1.639860 -1.901862 -0.697324
v 1.639906 -1.829717 0.503825
v 1.639906 -1.847072 -0.698115
v 1.640740 -1.771056 0.502978
v 1.640740 -1.788411 -0.698962
v 1.642365 -1.708526 0.502075
v 1.642365 -1.725881 -0.699865
v 1.644778 -1.642126 0.501116
v 1.644778 -1.659481 -0.700824
v 1.647981 -1.571856 0.500101
v 1.647981 -1.589211 -0.701839
v 1.651973 -1.497716 0.499031
v 1.651973 -1.515071 -0.702909
v 1.656754 -1.419707 0.497904
v 1.656754 -1.437062 -0.704036
v 1.662325 -1.337828 0.496722
v 1.662325 -1.355182 -0.705218
v 1.668684 -1.252079 0.495484
v 1.668684 -1.269433 -0.706456
v 1.675833 -1.162460 0.494190
v 1.675833 -1.179814 -0.707750
v 1.683771 -1.068971 0.492840
v 1.683771 -1.086326 -0.709100
v 1.691710 -0.975482 0.491490
v 1.691710 -0.992837 -0.710450
v 1.698858 -0.885863 0.490196
v 1.698858 -0.903218 -0.711744
v 1.705218 -0.800114 0.488958
v 1.705218 -0.817469 -0.712982
v 1.710788 -0.718235 0.487776
v 1.710788 -0.735589 -0.714164
v 1.715569 -0.640225 0.486649
v 1.715569 -0.657580 -0.715290
v 1.719563 -0.566086 0.485579
v 1.719563 -0.583440 -0.716361
v 1.722764 -0.495816 0.484564
v 1.722764 -0.513170 -0.717376
v 1.725178 -0.429416 0.483606
v 1.725178 -0.446770 -0.718334
v 1.726801 -0.366885 0.482703
v 1.726801 -0.384240 -0.719237
v 1.727636 -0.308225 0.481856
v 1.727636 -0.325580 -0.720084
v 1.727683 -0.253434 0.481065
v 1.727683 -0.270789 -0.720875
v 1.726938 -0.202514 0.480329
v 1.726938 -0.219868 -0.721611
v 1.726509 -0.175474 0.479939
v 1.726509 -0.192828 -0.722001
v 1.726494 -0.149355 0.479562
v 1.726494 -0.166710 -0.722378
v 1.726894 -0.124159 0.479198
v 1.726894 -0.141514 -0.722742
v 1.727712 -0.099885 0.478848
v 1.727712 -0.117240 -0.723092
v 1.728946 -0.076532 0.478510
v 1.728946 -0.093887 -0.723430
v 1.730596 -0.054102 0.478186
v 1.730596 -0.071456 -0.723754
v 1.732662 -0.032593 0.477876
v 1.732662 -0.049948 -0.724064
v 1.735145 -0.012006 0.477579
v 1.735145 -0.029361 -0.724361
v 1.738043 0.007659 0.477295
v 1.738043 -0.009695 -0.724645
v 1.741358 0.026402 0.477024
v 1.741358 0.009048 -0.724916
v 1.745090 0.044224 0.476767
v 1.745090 0.026869 -0.725173
v 1.749234 0.061123 0.476523
v 1.749234 0.043769 -0.725417
v 1.799886 0.031900 0.476945
v 1.799886 0.014546 -0.724995
v 1.850646 -0.000509 0.477413
v 1.850646 -0.017864 -0.724527
v 1.901515 -0.036104 0.477926
v 1.901515 -0.053459 -0.724013
v 1.952496 -0.074885 0.478486
v 1.952496 -0.092240 -0.723453
v 2.003586 -0.116853 0.479092
v 2.003586 -0.134208 -0.722848
v 2.054786 -0.162006 0.479744
v 2.054786 -0.179361 -0.722196
v 2.106096 -0.210346 0.480442
v 2.106096 -0.227701 -0.721498
v 2.157516 -0.261872 0.481186
v 2.157516 -0.279227 -0.720754
v 2.209046 -0.316584 0.481976
v 2.209046 -0.333939 -0.719964
v 2.260685 -0.374482 0.482812
v 2.260685 -0.391837 -0.719128
v 2.312435 -0.435566 0.483694
v 2.312435 -0.452921 -0.718246
v 2.364294 -0.499836 0.484622
v 2.364294 -0.517191 -0.717318
v 2.366644 -0.502917 0.484667
v 2.366644 -0.520272 -0.717273
v 2.369252 -0.506242 0.484715
v 2.369252 -0.523597 -0.717225
v 2.372116 -0.509812 0.484766
v 2.372116 -0.527167 -0.717174
v 2.375237 -0.513627 0.484821
v 2.375237 -0.530981 -0.717119
v 2.378614 -0.517686 0.484880
v 2.378614 -0.535041 -0.717060
v 2.382249 -0.521991 0.484942
v 2.382249 -0.539346 -0.716998
v 2.386141 -0.526540 0.485008
v 2.386141 -0.543895 -0.716932
v 2.390289 -0.531334 0.485077
v 2.390289 -0.548689 -0.716863
v 2.394694 -0.536373 0.485150
v 2.394694 -0.553728 -0.716790
v 2.399357 -0.541657 0.485226
v 2.399357 -0.559012 -0.716714
v 2.404276 -0.547186 0.485306
v 2.404276 -0.564540 -0.716634
v 2.409452 -0.552959 0.485389
v 2.409452 -0.570313 -0.716551
v 2.413083 -0.638162 0.486620
v 2.413083 -0.655517 -0.715320
v 2.416498 -0.720254 0.487805
v 2.416498 -0.737609 -0.714135
v 2.419696 -0.799233 0.488945
v 2.419696 -0.816588 -0.712995
v 2.422679 -0.875101 0.490041
v 2.422679 -0.892456 -0.711899
v 2.425446 -0.947856 0.491091
v 2.425446 -0.965211 -0.710849
v 2.427998 -1.017500 0.492097
v 2.427998 -1.034855 -0.709843
v 2.430334 -1.084031 0.493057
v 2.430334 -1.101386 -0.708882
v 2.432454 -1.147451 0.493973
v 2.432454 -1.164806 -0.707967
v 2.434358 -1.207759 0.494844
v 2.434358 -1.225113 -0.707096
v 2.436046 -1.264954 0.495670
v 2.436046 -1.282309 -0.706270
v 2.437518 -1.319038 0.496451
v 2.437518 -1.336393 -0.705489
v 2.438775 -1.370009 0.497187
v 2.438775 -1.387364 -0.704753
v 2.439098 -1.382389 0.497365
v 2.439098 -1.399744 -0.704574
v 2.439509 -1.395466 0.497554
v 2.439509 -1.412820 -0.704386
v 2.440008 -1.409239 0.497753
v 2.440008 -1.426594 -0.704187
v 2.440595 -1.423708 0.497962
v 2.440595 -1.441063 -0.703978
v 2.441270 -1.438875 0.498181
v 2.441270 -1.456230 -0.703759
v 2.442033 -1.454738 0.498410
v 2.442033 -1.472093 -0.703530
v 2.442884 -1.471297 0.498649
v 2.442884 -1.488652 -0.703291
v 2.443823 -1.488553 0.498898
v 2.443823 -1.505908 -0.703042
v 2.444850 -1.506506 0.499158
v 2.444850 -1.523861 -0.702782
v 2.445966 -1.525155 0.499427
v 2.445966 -1.542510 -0.702513
v 2.447169 -1.544501 0.499706
v 2.447169 -1.561856 -0.702234
v 2.448463 -1.564544 0.499996
v 2.448463 -1.581898 -0.701944
v 2.449752 -1.584496 0.500284
v 2.449752 -1.601851 -0.701656
v 2.450949 -1.603574 0.500559
v 2.450949 -1.620929 -0.701381
v 2.452054 -1.621776 0.500822
v 2.452054 -1.639130 -0.701118
v 2.453066 -1.639102 0.501072
v 2.453066 -1.656456 -0.700868
v 2.453987 -1.655552 0.501310
v 2.453987 -1.672907 -0.700630
v 2.454815 -1.671127 0.501535
v 2.454815 -1.688482 -0.700405
v 2.455551 -1.685826 0.501747
v 2.455551 -1.703181 -0.700193
v 2.456195 -1.699649 0.501946
v 2.456195 -1.717004 -0.699994
v 2.456747 -1.712597 0.502133
v 2.456747 -1.729952 -0.699807
v 2.457207 -1.724669 0.502308
v 2.457207 -1.742024 -0.699632
v 2.457573 -1.735866 0.502469
v 2.457573 -1.753221 -0.699471
v 2.457851 -1.746187 0.502618
v 2.457851 -1.763542 -0.699322
v 2.459171 -1.768961 0.502947
v 2.459171 -1.786315 -0.698993
v 2.462049 -1.790874 0.503264
v 2.462049 -1.808229 -0.698676
v 2.466485 -1.811927 0.503568
v 2.466485 -1.829282 -0.698372
v 2.472481 -1.832120 0.503859
v 2.472481 -1.849475 -0.698081
v 2.480036 -1.851453 0.504138
v 2.480036 -1.868808 -0.697802
v 2.489150 -1.869925 0.504405
v 2.489150 -1.887280 -0.697535
v 2.499823 -1.887537 0.504659
v 2.499823 -1.904892 -0.697281
v 2.512054 -1.904289 0.504901
v 2.512054 -1.921644 -0.697039
v 2.525845 -1.920181 0.505131
v 2.525845 -1.937536 -0.696809
v 2.541194 -1.935212 0.505348
v 2.541194 -1.952567 -0.696592
v 2.558103 -1.949383 0.505552
v 2.558103 -1.966738 -0.696388
v 2.576570 -1.962694 0.505744
v 2.576570 -1.980049 -0.696195
v 2.594404 -1.974229 0.505911
v 2.594404 -1.991583 -0.696029
v 2.612896 -1.984708 0.506062
v 2.612896 -2.002063 -0.695878
v 2.632045 -1.994134 0.506198
v 2.632045 -2.011489 -0.695742
v 2.651851 -2.002506 0.506319
v 2.651851 -2.019860 -0.695621
v 2.672314 -2.009823 0.506425
v 2.672314 -2.027177 -0.695515
v 2.693435 -2.016085 0.506515
v 2.693435 -2.033440 -0.695425
v 2.715214 -2.021294 0.506591
v 2.715214 -2.038649 -0.695349
v 2.737649 -2.025448 0.506651
v 2.737649 -2.042803 -0.695289
v 2.760742 -2.028548 0.506695
v 2.760742 -2.045903 -0.695245
v 2.784492 -2.030594 0.506725
v 2.784492 -2.047949 -0.695215
v 2.808900 -2.031585 0.506739
v 2.808900 -2.048940 -0.695201
v 2.833965 -2.031522 0.506738
v 2.833965 -2.048877 -0.695202
v 2.869532 -2.029370 0.506707
v 2.869532 -2.046725 -0.695233
v 2.903064 -2.024614 0.506638
v 2.903064 -2.041969 -0.695301
v 2.934562 -2.017254 0.506532
v 2.934562 -2.034609 -0.695408
v 2.964025 -2.007291 0.506388
v 2.964025 -2.024645 -0.695552
v 2.991456 -1.994723 0.506207
v 2.991456 -2.012077 -0.695733
v 3.016851 -1.979551 0.505988
v 3.016851 -1.996905 -0.695952
v 3.040212 -1.961775 0.505731
v 3.040212 -1.979130 -0.696209
v 3.061539 -1.941395 0.505437
v 3.061539 -1.958750 -0.696503
v 3.080832 -1.918411 0.505105
v 3.080832 -1.935766 -0.696835
v 3.098091 -1.892823 0.504736
v 3.098091 -1.910178 -0.697204
v 3.113315 -1.864631 0.504328
v 3.113315 -1.881986 -0.697611
v 3.126507 -1.833835 0.503884
v 3.126507 -1.851190 -0.698056
v 3.134645 -1.811093 0.503555
v 3.134645 -1.828448 -0.698385
v 3.141980 -1.786255 0.503197
v 3.141980 -1.803610 -0.698743
v 3.148514 -1.759322 0.502808
v 3.148514 -1.776677 -0.699132
v 3.154244 -1.730294 0.502389
v 3.154244 -1.747649 -0.699551
v 3.159173 -1.699170 0.501939
v 3.159173 -1.716525 -0.700001
v 3.163300 -1.665952 0.501460
v 3.163300 -1.683307 -0.700480
v 3.166624 -1.630638 0.500950
v 3.166624 -1.647993 -0.700990
v 3.169146 -1.593229 0.500410
v 3.169146 -1.610584 -0.701530
v 3.170866 -1.553725 0.499839
v 3.170866 -1.571080 -0.702101
v 3.171782 -1.512125 0.499239
v 3.171782 -1.529480 -0.702701
v 3.171897 -1.468431 0.498608
v 3.171897 -1.485786 -0.703332
v 3.171211 -1.422641 0.497947
v 3.171211 -1.439996 -0.703993
v 3.148923 -0.463549 0.484098
v 3.148923 -0.480904 -0.717842
v 3.148476 -0.441230 0.483776
v 3.148476 -0.458585 -0.718164
v 3.148134 -0.417242 0.483430
v 3.148134 -0.434597 -0.718510
v 3.147896 -0.391586 0.483059
v 3.147896 -0.408941 -0.718881
v 3.147764 -0.364262 0.482665
v 3.147764 -0.381616 -0.719275
v 3.147736 -0.335269 0.482246
v 3.147736 -0.352623 -0.719694
v 3.147813 -0.304608 0.481803
v 3.147813 -0.321962 -0.720137
v 3.147995 -0.272278 0.481336
v 3.147995 -0.289632 -0.720603
v 3.148281 -0.238279 0.480846
v 3.148281 -0.255634 -0.721094
v 3.148673 -0.202613 0.480331
v 3.148673 -0.219968 -0.721609
v 3.149168 -0.165278 0.479792
v 3.149168 -0.182632 -0.722148
v 3.149769 -0.126274 0.479228
v 3.149769 -0.143629 -0.722712
v 3.150475 -0.085602 0.478641
v 3.150475 -0.102957 -0.723299
v 3.151180 -0.044930 0.478054
v 3.151180 -0.062285 -0.723886
v 3.151781 -0.005927 0.477491
v 3.151781 -0.023282 -0.724449
v 3.152277 0.031408 0.476952
v 3.152277 0.014053 -0.724988
v 3.152668 0.067075 0.476437
v 3.152668 0.049720 -0.725503
v 3.152955 0.101073 0.475946
v 3.152955 0.083718 -0.725994
v 3.153137 0.133403 0.475479
v 3.153137 0.116048 -0.726461
v 3.153214 0.164064 0.475036
v 3.153214 0.146709 -0.726904
v 3.153186 0.193057 0.474617
v 3.153186 0.175702 -0.727322
v 3.153053 0.220382 0.474223
v 3.153053 0.203027 -0.727717
v 3.152816 0.246038 0.473853
v 3.152816 0.228683 -0.728087
v 3.152473 0.270026 0.473506
v 3.152473 0.252671 -0.728434
v 3.152027 0.292345 0.473184
v 3.152027 0.274990 -0.728756
v 3.150572 0.330270 0.472636
v 3.150572 0.312915 -0.729304
v 3.147982 0.367561 0.472098
v 3.147982 0.350206 -0.729842
v 3.144260 0.404215 0.471569
v 3.144260 0.386860 -0.730371
v 3.139404 0.440235 0.471048
v 3.139404 0.422880 -0.730891
v 3.133413 0.475619 0.470538
v 3.133413 0.458264 -0.731402
v 3.126290 0.510368 0.470036
v 3.126290 0.493013 -0.731904
v 3.118033 0.544480 0.469543
v 3.118033 0.527125 -0.732397
v 3.108643 0.577958 0.469060
v 3.108643 0.560603 -0.732880
v 3.098118 0.610801 0.468586
v 3.098118 0.593446 -0.733354
v 3.086461 0.643008 0.468121
v 3.086461 0.625653 -0.733819
v 3.073669 0.674579 0.467665
v 3.073669 0.657224 -0.734275
v 3.059744 0.705516 0.467218
v 3.059744 0.688161 -0.734722
v 3.041523 0.742174 0.466689
v 3.041523 0.724819 -0.735251
v 3.022230 0.775583 0.466206
v 3.022230 0.758228 -0.735734
v 3.001863 0.805742 0.465771
v 3.001863 0.788387 -0.736169
v 2.980424 0.832652 0.465382
v 2.980424 0.815297 -0.736558
v 2.957912 0.856313 0.465041
v 2.957912 0.838958 -0.736899
v 2.934327 0.876724 0.464746
v 2.934327 0.859369 -0.737194
v 2.909669 0.893886 0.464498
v 2.909669 0.876531 -0.737442
v 2.883939 0.907799 0.464297
v 2.883939 0.890444 -0.737643
v 2.857136 0.918461 0.464143
v 2.857136 0.901106 -0.737797
v 2.829259 0.925875 0.464036
v 2.829259 0.908520 -0.737904
v 2.800310 0.930039 0.463976
v 2.800310 0.912684 -0.737964
v 2.770288 0.930954 0.463963
v 2.770288 0.913599 -0.737977
v 2.746419 0.929620 0.463982
v 2.746419 0.912265 -0.737958
v 2.723017 0.926738 0.464024
v 2.723017 0.909383 -0.737916
v 2.700080 0.922309 0.464088
v 2.700080 0.904954 -0.737852
v 2.677611 0.916332 0.464174
v 2.677611 0.898977 -0.737766
v 2.655609 0.908808 0.464283
v 2.655609 0.891453 -0.737657
v 2.634072 0.899736 0.464414
v 2.634072 0.882381 -0.737526
v 2.613003 0.889116 0.464567
v 2.613003 0.871761 -0.737373
v 2.592400 0.876948 0.464743
v 2.592400 0.859593 -0.737197
v 2.572264 0.863233 0.464941
v 2.572264 0.845878 -0.736999
v 2.552594 0.847970 0.465161
v 2.552594 0.830615 -0.736779
v 2.533391 0.831160 0.465404
v 2.533391 0.813805 -0.736536
v 2.514655 0.812802 0.465669
v 2.514655 0.795447 -0.736271
v 2.496944 0.793536 0.465947
v 2.496944 0.776181 -0.735993
v 2.480819 0.774003 0.466229
v 2.480819 0.756648 -0.735711
v 2.466279 0.754202 0.466515
v 2.466279 0.736847 -0.735425
v 2.453324 0.734133 0.466805
v 2.453324 0.716778 -0.735135
v 2.441954 0.713796 0.467099
v 2.441954 0.696441 -0.734841
v 2.432169 0.693192 0.467396
v 2.432169 0.675837 -0.734544
v 2.423970 0.672320 0.467698
v 2.423970 0.654965 -0.734242
v 2.417356 0.651180 0.468003
v 2.417356 0.633825 -0.733937
v 2.412327 0.629773 0.468312
v 2.412327 0.612418 -0.733628
v 2.408884 0.608097 0.468625
v 2.408884 0.590742 -0.733315
v 2.407025 0.586154 0.468942
v 2.407025 0.568799 -0.732998
v -3.020921 -2.030835 0.506729
v -3.020921 -2.048190 -0.695211
v -2.959785 -2.054136 0.507066
v -2.959785 -2.071491 -0.694874
v -2.898090 -2.075274 0.507371
v -2.898090 -2.092629 -0.694569
v -2.835835 -2.094249 0.507645
v -2.835835 -2.111604 -0.694295
v -2.773022 -2.111062 0.507887
v -2.773022 -2.128417 -0.694052
v -2.709648 -2.125712 0.508099
v -2.709648 -2.143067 -0.693841
v -2.645713 -2.138200 0.508279
v -2.645713 -2.155554 -0.693661
v -2.581219 -2.148524 0.508428
v -2.581219 -2.165879 -0.693512
v -2.516166 -2.156686 0.508546
v -2.516166 -2.174041 -0.693394
v -2.450553 -2.162686 0.508633
v -2.450553 -2.180040 -0.693307
v -2.384380 -2.166522 0.508688
v -2.384380 -2.183877 -0.693252
v -2.317647 -2.168196 0.508712
v -2.317647 -2.185551 -0.693228
v -2.250355 -2.167708 0.508705
v -2.250355 -2.185063 -0.693235
v -2.149096 -2.163313 0.508642
v -2.149096 -2.180668 -0.693298
v -2.051053 -2.154908 0.508520
v -2.051053 -2.172263 -0.693419
v -1.956226 -2.142494 0.508341
v -1.956226 -2.159849 -0.693599
v -1.864614 -2.126070 0.508104
v -1.864614 -2.143425 -0.693836
v -1.776217 -2.105637 0.507809
v -1.776217 -2.122992 -0.694131
v -1.691035 -2.081194 0.507456
v -1.691035 -2.098549 -0.694484
v -1.609068 -2.052741 0.507045
v -1.609068 -2.070096 -0.694895
v -1.530317 -2.020279 0.506576
v -1.530317 -2.037634 -0.695363
v -1.454782 -1.983807 0.506050
v -1.454782 -2.001162 -0.695890
v -1.382462 -1.943325 0.505465
v -1.382462 -1.960680 -0.696475
v -1.313355 -1.898834 0.504823
v -1.313355 -1.916189 -0.697117
v -1.247467 -1.850333 0.504123
v -1.247467 -1.867688 -0.697817
v -1.179474 -1.792737 0.503291
v -1.179474 -1.810091 -0.698649
v -1.117592 -1.731592 0.502408
v -1.117592 -1.748947 -0.699532
v -1.061821 -1.666899 0.501474
v -1.061821 -1.684254 -0.700466
v -1.012162 -1.598658 0.500489
v -1.012162 -1.616013 -0.701451
v -0.968614 -1.526868 0.499452
v -0.968614 -1.544223 -0.702488
v -0.931177 -1.451531 0.498364
v -0.931177 -1.468885 -0.703576
v -0.899851 -1.372645 0.497225
v -0.899851 -1.389999 -0.704715
v -0.874638 -1.290210 0.496035
v -0.874638 -1.307565 -0.705905
v -0.855535 -1.204228 0.494793
v -0.855535 -1.221583 -0.707147
v -0.842542 -1.114697 0.493501
v -0.842542 -1.132052 -0.708439
v -0.835662 -1.021618 0.492157
v -0.835662 -1.038973 -0.709783
v -0.834895 -0.924991 0.490762
v -0.834895 -0.942346 -0.711178
v -0.839774 -0.817728 0.489213
v -0.839774 -0.835083 -0.712727
v -0.849358 -0.713370 0.487706
v -0.849358 -0.730725 -0.714234
v -0.863647 -0.611916 0.486241
v -0.863647 -0.629270 -0.715699
v -0.882642 -0.513365 0.484818
v -0.882642 -0.530720 -0.717122
v -0.906343 -0.417718 0.483437
v -0.906343 -0.435073 -0.718503
v -0.934749 -0.324975 0.482098
v -0.934749 -0.342330 -0.719842
v -0.967859 -0.235136 0.480801
v -0.967859 -0.252491 -0.721139
v -1.005676 -0.148201 0.479545
v -1.005676 -0.165556 -0.722394
v -1.048197 -0.064170 0.478332
v -1.048197 -0.081524 -0.723608
v -1.095426 0.016958 0.477161
v -1.095426 -0.000397 -0.724779
v -1.147358 0.095181 0.476031
v -1.147358 0.077826 -0.725909
v -1.203997 0.170501 0.474944
v -1.203997 0.153146 -0.726996
v -1.271399 0.248866 0.473812
v -1.271399 0.231511 -0.728128
v -1.342335 0.320199 0.472782
v -1.342335 0.302844 -0.729158
v -1.416802 0.384499 0.471854
v -1.416802 0.367144 -0.730086
v -1.494804 0.441767 0.471027
v -1.494804 0.424412 -0.730913
v -1.576338 0.492002 0.470302
v -1.576338 0.474647 -0.731638
v -1.661405 0.535204 0.469678
v -1.661405 0.517849 -0.732262
v -1.750005 0.571374 0.469156
v -1.750005 0.554019 -0.732784
v -1.842136 0.600511 0.468735
v -1.842136 0.583156 -0.733205
v -1.937802 0.622615 0.468416
v -1.937802 0.605260 -0.733524
v -2.037000 0.637687 0.468198
v -2.037000 0.620332 -0.733742
v -2.139731 0.645726 0.468082
v -2.139731 0.628371 -0.733858
v -2.245996 0.646733 0.468068
v -2.245996 0.629378 -0.733872
v -2.319804 0.644015 0.468107
v -2.319804 0.626660 -0.733833
v -2.391450 0.639341 0.468174
v -2.391450 0.621986 -0.733766
v -2.460933 0.632710 0.468270
v -2.460933 0.615355 -0.733670
v -2.528253 0.624124 0.468394
v -2.528253 0.606769 -0.733546
v -2.593410 0.613582 0.468546
v -2.593410 0.596227 -0.733394
v -2.656404 0.601083 0.468727
v -2.656404 0.583728 -0.733213
v -2.717236 0.586629 0.468935
v -2.717236 0.569274 -0.733004
v -2.775905 0.570218 0.469172
v -2.775905 0.552863 -0.732767
v -2.832411 0.551851 0.469438
v -2.832411 0.534496 -0.732502
v -2.886754 0.531528 0.469731
v -2.886754 0.514173 -0.732209
v -2.938934 0.509249 0.470053
v -2.938934 0.491894 -0.731887
v -2.988953 0.485014 0.470403
v -2.988953 0.467659 -0.731537
v -3.050463 0.450300 0.470904
v -3.050463 0.432945 -0.731036
v -3.106488 0.412777 0.471446
v -3.106488 0.395422 -0.730494
v -3.157029 0.372443 0.472028
v -3.157029 0.355088 -0.729912
v -3.202085 0.329299 0.472651
v -3.202085 0.311944 -0.729289
v -3.241658 0.283344 0.473315
v -3.241658 0.265989 -0.728625
v -3.275746 0.234578 0.474019
v -3.275746 0.217224 -0.727921
v -3.304352 0.183002 0.474764
v -3.304352 0.165648 -0.727176
v -3.327473 0.128616 0.475549
v -3.327473 0.111262 -0.726391
v -3.345109 0.071419 0.476375
v -3.345109 0.054065 -0.725565
v -3.357262 0.011412 0.477241
v -3.357262 -0.005942 -0.724699
v -3.363929 -0.051405 0.478148
v -3.363929 -0.068760 -0.723792
v -3.365114 -0.117033 0.479096
v -3.365114 -0.134388 -0.722844
v -3.361820 -0.163801 0.479771
v -3.361820 -0.181156 -0.722169
v -3.354136 -0.209572 0.480432
v -3.354136 -0.226927 -0.721508
v -3.342061 -0.254345 0.481078
v -3.342061 -0.271700 -0.720862
v -3.325594 -0.298120 0.481710
v -3.325594 -0.315475 -0.720230
v -3.304737 -0.340897 0.482328
v -3.304737 -0.358252 -0.719612
v -3.279490 -0.382677 0.482931
v -3.279490 -0.400032 -0.719009
v -3.249851 -0.423459 0.483520
v -3.249851 -0.440814 -0.718420
v -3.215822 -0.463243 0.484095
v -3.215822 -0.480598 -0.717845
v -3.177402 -0.502030 0.484655
v -3.177402 -0.519385 -0.717285
v -3.134591 -0.539819 0.485200
v -3.134591 -0.557173 -0.716740
v -3.087389 -0.576610 0.485732
v -3.087389 -0.593964 -0.716208
v -3.035797 -0.612403 0.486248
v -3.035797 -0.629758 -0.715692
v -3.009264 -0.629199 0.486491
v -3.009264 -0.646554 -0.715449
v -2.978647 -0.647190 0.486751
v -2.978647 -0.664544 -0.715189
v -2.943949 -0.666376 0.487028
v -2.943949 -0.683730 -0.714912
v -2.905166 -0.686756 0.487322
v -2.905166 -0.704111 -0.714618
v -2.862302 -0.708332 0.487633
v -2.862302 -0.725687 -0.714306
v -2.815353 -0.731102 0.487962
v -2.815353 -0.748457 -0.713978
v -2.764322 -0.755068 0.488308
v -2.764322 -0.772422 -0.713632
v -2.709209 -0.780228 0.488672
v -2.709209 -0.797583 -0.713268
v -2.650013 -0.806583 0.489052
v -2.650013 -0.823938 -0.712888
v -2.586734 -0.834133 0.489450
v -2.586734 -0.851488 -0.712490
v -2.519371 -0.862879 0.489865
v -2.519371 -0.880233 -0.712075
v -2.447927 -0.892819 0.490297
v -2.447927 -0.910173 -0.711643
v -1.568732 -1.256751 0.495552
v -1.568732 -1.274106 -0.706388
v -1.589243 -1.279119 0.495875
v -1.589243 -1.296473 -0.706065
v -1.610491 -1.300571 0.496185
v -1.610491 -1.317926 -0.705755
v -1.632478 -1.321110 0.496481
v -1.632478 -1.338465 -0.705459
v -1.655205 -1.340734 0.496765
v -1.655205 -1.358089 -0.705175
v -1.678669 -1.359444 0.497035
v -1.678669 -1.376799 -0.704905
v -1.702874 -1.377239 0.497292
v -1.702874 -1.394594 -0.704648
v -1.727818 -1.394121 0.497535
v -1.727818 -1.411475 -0.704405
v -1.753499 -1.410087 0.497766
v -1.753499 -1.427442 -0.704174
v -1.779921 -1.425140 0.497983
v -1.779921 -1.442495 -0.703957
v -1.807081 -1.439278 0.498187
v -1.807081 -1.456633 -0.703753
v -1.834980 -1.452502 0.498378
v -1.834980 -1.469857 -0.703562
v -1.863617 -1.464811 0.498556
v -1.863617 -1.482166 -0.703384
v -1.892995 -1.476206 0.498721
v -1.892995 -1.493561 -0.703219
v -1.923111 -1.486687 0.498872
v -1.923111 -1.504042 -0.703068
v -1.953965 -1.496253 0.499010
v -1.953965 -1.513608 -0.702930
v -1.985559 -1.504905 0.499135
v -1.985559 -1.522260 -0.702805
v -2.017892 -1.512643 0.499247
v -2.017892 -1.529997 -0.702693
v -2.050964 -1.519466 0.499345
v -2.050964 -1.536821 -0.702595
v -2.084775 -1.525375 0.499431
v -2.084775 -1.542730 -0.702509
v -2.119325 -1.530370 0.499503
v -2.119325 -1.547724 -0.702437
v -2.154613 -1.534450 0.499562
v -2.154613 -1.551804 -0.702378
v -2.190641 -1.537616 0.499607
v -2.190641 -1.554970 -0.702333
v -2.227407 -1.539867 0.499640
v -2.227407 -1.557222 -0.702300
v -2.264914 -1.541204 0.499659
v -2.264914 -1.558559 -0.702281
v -2.321875 -1.541542 0.499664
v -2.321875 -1.558897 -0.702276
v -2.377411 -1.539877 0.499640
v -2.377411 -1.557232 -0.702300
v -2.431522 -1.536208 0.499587
v -2.431522 -1.553563 -0.702353
v -2.484208 -1.530535 0.499505
v -2.484208 -1.547890 -0.702435
v -2.535471 -1.522859 0.499394
v -2.535471 -1.540214 -0.702546
v -2.585308 -1.513179 0.499255
v -2.585308 -1.530534 -0.702685
v -2.633720 -1.501495 0.499086
v -2.633720 -1.518850 -0.702854
v -2.680708 -1.487808 0.498888
v -2.680708 -1.505163 -0.703052
v -2.726272 -1.472117 0.498662
v -2.726272 -1.489472 -0.703278
v -2.770411 -1.454423 0.498406
v -2.770411 -1.471777 -0.703534
v -2.813124 -1.434724 0.498122
v -2.813124 -1.452079 -0.703818
v -2.854412 -1.413023 0.497808
v -2.854412 -1.430377 -0.704131
v -2.890012 -1.393661 0.497529
v -2.890012 -1.411016 -0.704411
v -2.924389 -1.376026 0.497274
v -2.924389 -1.393381 -0.704666
v -2.957541 -1.360119 0.497045
v -2.957541 -1.377474 -0.704895
v -2.989468 -1.345938 0.496840
v -2.989468 -1.363293 -0.705100
v -3.020171 -1.333485 0.496660
v -3.020171 -1.350840 -0.705280
v -3.049649 -1.322759 0.496505
v -3.049649 -1.340114 -0.705435
v -3.077904 -1.313760 0.496375
v -3.077904 -1.331114 -0.705565
v -3.104933 -1.306488 0.496270
v -3.104933 -1.323842 -0.705670
v -3.130738 -1.300943 0.496190
v -3.130738 -1.318298 -0.705750
v -3.155319 -1.297125 0.496135
v -3.155319 -1.314480 -0.705805
v -3.178675 -1.295034 0.496105
v -3.178675 -1.312389 -0.705835
v -3.200807 -1.294671 0.496100
v -3.200807 -1.312025 -0.705840
v -3.243661 -1.297476 0.496140
v -3.243661 -1.314830 -0.705800
v -3.282701 -1.303811 0.496232
v -3.282701 -1.321165 -0.705708
v -3.317928 -1.313676 0.496374
v -3.317928 -1.331030 -0.705566
v -3.349340 -1.327070 0.496567
v -3.349340 -1.344425 -0.705372
v -3.376938 -1.343995 0.496812
v -3.376938 -1.361350 -0.705128
v -3.400722 -1.364450 0.497107
v -3.400722 -1.381805 -0.704833
v -3.420691 -1.388435 0.497454
v -3.420691 -1.405790 -0.704486
v -3.436846 -1.415950 0.497851
v -3.436846 -1.433305 -0.704089
v -3.449187 -1.446995 0.498299
v -3.449187 -1.464350 -0.703641
v -3.457714 -1.481570 0.498798
v -3.457714 -1.498924 -0.703142
v -3.462426 -1.519674 0.499349
v -3.462426 -1.537029 -0.702591
v -3.463326 -1.561309 0.499950
v -3.463326 -1.578664 -0.701990
v -3.459209 -1.609473 0.500645
v -3.459209 -1.626828 -0.701295
v -3.449139 -1.655995 0.501317
v -3.449139 -1.673349 -0.700623
v -3.433114 -1.700873 0.501965
v -3.433114 -1.718228 -0.699975
v -3.411134 -1.744108 0.502589
v -3.411134 -1.761463 -0.699351
v -3.383199 -1.785700 0.503190
v -3.383199 -1.803054 -0.698750
v -3.349309 -1.825648 0.503766
v -3.349309 -1.843003 -0.698174
v -3.309464 -1.863954 0.504320
v -3.309464 -1.881309 -0.697620
v -3.263665 -1.900616 0.504849
v -3.263665 -1.917971 -0.697091
v -3.211911 -1.935636 0.505355
v -3.211911 -1.952991 -0.696585
v -3.154203 -1.969012 0.505836
v -3.154203 -1.986367 -0.696104
v -3.090540 -2.000745 0.506295
v -3.090540 -2.018100 -0.695645
v -2.681139 -0.085664 0.478643
v -2.681139 -0.103019 -0.723297
v -2.651930 -0.069329 0.478407
v -2.651930 -0.086684 -0.723533
v -2.621220 -0.054320 0.478190
v -2.621220 -0.071675 -0.723750
v -2.589007 -0.040638 0.477993
v -2.589007 -0.057993 -0.723947
v -2.555293 -0.028282 0.477814
v -2.555293 -0.045637 -0.724126
v -2.520076 -0.017253 0.477655
v -2.520076 -0.034608 -0.724285
v -2.483356 -0.007551 0.477515
v -2.483356 -0.024905 -0.724425
v -2.445136 0.000825 0.477394
v -2.445136 -0.016529 -0.724546
v -2.405413 0.007875 0.477292
v -2.405413 -0.009480 -0.724648
v -2.364187 0.013598 0.477209
v -2.364187 -0.003757 -0.724730
v -2.321459 0.017994 0.477146
v -2.321459 0.000639 -0.724794
v -2.277228 0.021064 0.477102
v -2.277228 0.003709 -0.724838
v -2.231497 0.022807 0.477076
v -2.231497 0.005453 -0.724863
v -2.191928 0.022616 0.477079
v -2.191928 0.005261 -0.724861
v -2.153275 0.020182 0.477114
v -2.153275 0.002827 -0.724826
v -2.115541 0.015506 0.477182
v -2.115541 -0.001849 -0.724758
v -2.078722 0.008586 0.477282
v -2.078722 -0.008768 -0.724658
v -2.042821 -0.000575 0.477414
v -2.042821 -0.017930 -0.724526
v -2.007835 -0.011980 0.477579
v -2.007835 -0.029335 -0.724361
v -1.973767 -0.025627 0.477776
v -1.973767 -0.042982 -0.724164
v -1.940616 -0.041517 0.478005
v -1.940616 -0.058871 -0.723935
v -1.908381 -0.059649 0.478267
v -1.908381 -0.077004 -0.723673
v -1.877064 -0.080024 0.478561
v -1.877064 -0.097378 -0.723379
v -1.846663 -0.102641 0.478888
v -1.846663 -0.119996 -0.723052
v -1.817181 -0.127501 0.479247
v -1.817181 -0.144856 -0.722693
v -1.788596 -0.154604 0.479638
v -1.788596 -0.171959 -0.722302
v -1.760892 -0.183948 0.480062
v -1.760892 -0.201303 -0.721878
v -1.734069 -0.215534 0.480518
v -1.734069 -0.232889 -0.721422
v -1.708126 -0.249362 0.481006
v -1.708126 -0.266716 -0.720934
v -1.683065 -0.285431 0.481527
v -1.683065 -0.302786 -0.720413
v -1.658885 -0.323743 0.482080
v -1.658885 -0.341097 -0.719860
v -1.635585 -0.364296 0.482666
v -1.635585 -0.381650 -0.719274
v -1.613167 -0.407090 0.483284
v -1.613167 -0.424445 -0.718656
v -1.591629 -0.452127 0.483934
v -1.591629 -0.469482 -0.718006
v -1.570972 -0.499406 0.484617
v -1.570972 -0.516760 -0.717323
v -1.551198 -0.548926 0.485332
v -1.551198 -0.566280 -0.716608
v -1.532303 -0.600688 0.486079
v -1.532303 -0.618042 -0.715861
v -1.581409 -0.580780 0.485792
v -1.581409 -0.598135 -0.716148
v -1.630478 -0.560907 0.485505
v -1.630478 -0.578261 -0.716435
v -1.679511 -0.541069 0.485218
v -1.679511 -0.558424 -0.716722
v -1.728507 -0.521266 0.484932
v -1.728507 -0.538621 -0.717008
v -1.777467 -0.501498 0.484647
v -1.777467 -0.518853 -0.717293
v -1.826389 -0.481765 0.484362
v -1.826389 -0.499120 -0.717578
v -1.875276 -0.462067 0.484078
v -1.875276 -0.479422 -0.717862
v -1.924125 -0.442404 0.483794
v -1.924125 -0.459759 -0.718146
v -1.972938 -0.422776 0.483510
v -1.972938 -0.440131 -0.718430
v -2.021713 -0.403183 0.483227
v -2.021713 -0.420537 -0.718713
v -2.070453 -0.383625 0.482945
v -2.070453 -0.400979 -0.718995
v -2.119154 -0.364102 0.482663
v -2.119154 -0.381456 -0.719277
v -2.176876 -0.339378 0.482306
v -2.176876 -0.356733 -0.719634
v -2.232618 -0.314931 0.481953
v -2.232618 -0.332286 -0.719987
v -2.286381 -0.290760 0.481604
v -2.286381 -0.308115 -0.720336
v -2.338164 -0.266866 0.481259
v -2.338164 -0.284221 -0.720681
v -2.387966 -0.243248 0.480918
v -2.387966 -0.260603 -0.721022
v -2.435788 -0.219907 0.480581
v -2.435788 -0.237262 -0.721359
v -2.481631 -0.196842 0.480248
v -2.481631 -0.214197 -0.721692
v -2.525494 -0.174054 0.479919
v -2.525494 -0.191409 -0.722021
v -2.567375 -0.151542 0.479594
v -2.567375 -0.168897 -0.722346
v -2.607276 -0.129306 0.479273
v -2.607276 -0.146661 -0.722667
v -2.645198 -0.107347 0.478956
v -2.645198 -0.124702 -0.722984
v -9.140261 0.677442 0.467625
v -9.140261 0.660087 -0.734315
v -9.122778 0.655600 0.467940
v -9.122778 0.638245 -0.733999
v -9.104124 0.635719 0.468228
v -9.104124 0.618364 -0.733712
v -9.084293 0.617800 0.468486
v -9.084293 0.600445 -0.733454
v -9.063288 0.601843 0.468717
v -9.063288 0.584488 -0.733223
v -9.041107 0.587848 0.468919
v -9.041107 0.570493 -0.733021
v -9.017754 0.575815 0.469092
v -9.017754 0.558460 -0.732847
v -8.993225 0.565744 0.469238
v -8.993225 0.548389 -0.732702
v -8.967522 0.557635 0.469355
v -8.967522 0.540280 -0.732585
v -8.940645 0.551488 0.469444
v -8.940645 0.534133 -0.732496
v -8.912592 0.547303 0.469504
v -8.912592 0.529948 -0.732436
v -8.883366 0.545081 0.469536
v -8.883366 0.527726 -0.732404
v -8.852962 0.544819 0.469540
v -8.852962 0.527465 -0.732400
v -8.815109 0.547401 0.469503
v -8.815109 0.530046 -0.732437
v -8.779022 0.553345 0.469417
v -8.779022 0.535990 -0.732523
v -8.744698 0.562651 0.469283
v -8.744698 0.545296 -0.732657
v -8.712139 0.575320 0.469100
v -8.712139 0.557965 -0.732840
v -8.681345 0.591352 0.468868
v -8.681345 0.573997 -0.733072
v -8.652315 0.610747 0.468588
v -8.652315 0.593392 -0.733352
v -8.625050 0.633504 0.468259
v -8.625050 0.616149 -0.733680
v -8.599550 0.659624 0.467882
v -8.599550 0.642269 -0.734058
v -8.575817 0.689106 0.467457
v -8.575817 0.671751 -0.734483
v -8.553844 0.721951 0.466982
v -8.553844 0.704596 -0.734958
v -8.533640 0.758158 0.466460
v -8.533640 0.740803 -0.735480
v -8.515196 0.797729 0.465888
v -8.515196 0.780374 -0.736052
v -8.507023 0.816620 0.465615
v -8.507023 0.799266 -0.736325
v -8.498817 0.834223 0.465361
v -8.498817 0.816868 -0.736579
v -8.490583 0.850537 0.465126
v -8.490583 0.833182 -0.736814
v -8.482321 0.865562 0.464909
v -8.482321 0.848207 -0.737031
v -8.474028 0.879297 0.464710
v -8.474028 0.861942 -0.737230
v -8.465704 0.891744 0.464531
v -8.465704 0.874389 -0.737409
v -8.457352 0.902901 0.464370
v -8.457352 0.885546 -0.737570
v -8.448965 0.912769 0.464227
v -8.448965 0.895414 -0.737713
v -8.440552 0.921349 0.464103
v -8.440552 0.903994 -0.737837
v -8.432110 0.928639 0.463998
v -8.432110 0.911284 -0.737942
v -8.423635 0.934640 0.463911
v -8.423635 0.917285 -0.738029
v -8.415134 0.939351 0.463843
v -8.415134 0.921996 -0.738097
v -8.407869 0.942404 0.463799
v -8.407869 0.925049 -0.738141
v -8.398838 0.945248 0.463758
v -8.398838 0.927893 -0.738182
v -8.388042 0.947881 0.463720
v -8.388042 0.930526 -0.738220
v -8.375484 0.950305 0.463685
v -8.375484 0.932950 -0.738255
v -8.361162 0.952518 0.463653
v -8.361162 0.935163 -0.738287
v -8.345079 0.954522 0.463624
v -8.345079 0.937167 -0.738316
v -8.327232 0.956316 0.463598
v -8.327232 0.938961 -0.738342
v -8.307623 0.957900 0.463575
v -8.307623 0.940545 -0.738365
v -8.286249 0.959275 0.463556
v -8.286249 0.941920 -0.738384
v -8.263109 0.960439 0.463539
v -8.263109 0.943084 -0.738401
v -8.238209 0.961394 0.463525
v -8.238209 0.944039 -0.738415
v -8.211544 0.962139 0.463514
v -8.211544 0.944784 -0.738426
v -8.156536 0.959906 0.463546
v -8.156536 0.942551 -0.738393
v -8.099960 0.950687 0.463680
v -8.099960 0.933332 -0.738260
v -8.041828 0.934482 0.463914
v -8.041828 0.917127 -0.738026
v -7.982128 0.911291 0.464248
v -7.982128 0.893936 -0.737692
v -7.920870 0.881115 0.464684
v -7.920870 0.863760 -0.737256
v -7.858049 0.843952 0.465221
v -7.858049 0.826597 -0.736719
v -7.793667 0.799803 0.465858
v -7.793667 0.782448 -0.736082
v -7.727724 0.748668 0.466596
v -7.727724 0.731313 -0.735343
v -7.660215 0.690548 0.467436
v -7.660215 0.673193 -0.734504
v -7.591148 0.625441 0.468376
v -7.591148 0.608086 -0.733564
v -7.520517 0.553349 0.469417
v -7.520517 0.535994 -0.732523
v -7.448326 0.474271 0.470558
v -7.448326 0.456916 -0.731381
v -7.350323 0.359373 0.472217
v -7.350323 0.342018 -0.729722
v -7.260635 0.245536 0.473861
v -7.260635 0.228181 -0.728079
v -7.179264 0.132760 0.475489
v -7.179264 0.115405 -0.726450
v -7.106205 0.021045 0.477103
v -7.106205 0.003690 -0.724837
v -7.041462 -0.089610 0.478700
v -7.041462 -0.106964 -0.723240
v -6.985031 -0.199203 0.480283
v -6.985031 -0.216558 -0.721657
v -6.936914 -0.307736 0.481850
v -6.936914 -0.325091 -0.720090
v -6.897114 -0.415208 0.483402
v -6.897114 -0.432563 -0.718538
v -6.865629 -0.521619 0.484938
v -6.865629 -0.538974 -0.717002
v -6.842455 -0.626970 0.486459
v -6.842455 -0.644325 -0.715481
v -6.827597 -0.731260 0.487965
v -6.827597 -0.748614 -0.713975
v -6.821054 -0.834488 0.489456
v -6.821054 -0.851843 -0.712484
v -6.821289 -0.880801 0.490124
v -6.821289 -0.898156 -0.711816
v -6.824165 -0.926064 0.490778
v -6.824165 -0.943419 -0.711162
v -6.829687 -0.970279 0.491416
v -6.829687 -0.987634 -0.710524
v -6.837854 -1.013444 0.492040
v -6.837854 -1.030799 -0.709900
v -6.848663 -1.055560 0.492648
v -6.848663 -1.072914 -0.709292
v -6.862118 -1.096626 0.493241
v -6.862118 -1.113981 -0.708699
v -6.878216 -1.136644 0.493818
v -6.878216 -1.153998 -0.708122
v -6.896957 -1.175612 0.494381
v -6.896957 -1.192966 -0.707559
v -6.918343 -1.213531 0.494929
v -6.918343 -1.230886 -0.707011
v -6.942373 -1.250400 0.495461
v -6.942373 -1.267755 -0.706479
v -6.969048 -1.286221 0.495978
v -6.969048 -1.303576 -0.705962
v -6.998365 -1.320992 0.496480
v -6.998365 -1.338347 -0.705460
v -7.029560 -1.353854 0.496955
v -7.029560 -1.371209 -0.704985
v -7.061857 -1.383948 0.497389
v -7.061857 -1.401302 -0.704551
v -7.095261 -1.411272 0.497784
v -7.095261 -1.428627 -0.704156
v -7.129770 -1.435828 0.498138
v -7.129770 -1.453182 -0.703802
v -7.165382 -1.457614 0.498453
v -7.165382 -1.474969 -0.703487
v -7.202101 -1.476632 0.498728
v -7.202101 -1.493987 -0.703212
v -7.239923 -1.492881 0.498962
v -7.239923 -1.510236 -0.702978
v -7.278852 -1.506361 0.499157
v -7.278852 -1.523716 -0.702783
v -7.318886 -1.517072 0.499311
v -7.318886 -1.534427 -0.702628
v -7.360025 -1.525014 0.499426
v -7.360025 -1.542369 -0.702514
v -7.402269 -1.530188 0.499501
v -7.402269 -1.547542 -0.702439
v -7.445612 -1.532592 0.499536
v -7.445612 -1.549947 -0.702404
v -7.488297 -1.532652 0.499536
v -7.488297 -1.550007 -0.702404
v -7.531134 -1.530853 0.499510
v -7.531134 -1.548208 -0.702429
v -7.574120 -1.527194 0.499458
v -7.574120 -1.544549 -0.702482
v -7.617256 -1.521676 0.499378
v -7.617256 -1.539030 -0.702562
v -7.660545 -1.514298 0.499271
v -7.660545 -1.531652 -0.702668
v -7.703985 -1.505060 0.499138
v -7.703985 -1.522415 -0.702802
v -7.747576 -1.493963 0.498978
v -7.747576 -1.511318 -0.702962
v -7.791317 -1.481007 0.498791
v -7.791317 -1.498361 -0.703149
v -7.835209 -1.466191 0.498577
v -7.835209 -1.483545 -0.703363
v -7.879251 -1.449515 0.498336
v -7.879251 -1.466870 -0.703604
v -7.923443 -1.430980 0.498068
v -7.923443 -1.448335 -0.703871
v -7.967789 -1.410585 0.497774
v -7.967789 -1.427940 -0.704166
v -7.984934 -1.401740 0.497646
v -7.984934 -1.419095 -0.704294
v -8.004997 -1.390813 0.497488
v -8.004997 -1.408168 -0.704451
v -8.027977 -1.377804 0.497301
v -8.027977 -1.395159 -0.704639
v -8.053881 -1.362713 0.497083
v -8.053881 -1.380068 -0.704857
v -8.082701 -1.345541 0.496835
v -8.082701 -1.362895 -0.705105
v -8.114439 -1.326286 0.496557
v -8.114439 -1.343641 -0.705383
v -8.149099 -1.304950 0.496249
v -8.149099 -1.322305 -0.705691
v -8.186678 -1.281532 0.495911
v -8.186678 -1.298887 -0.706029
v -8.227177 -1.256032 0.495542
v -8.227177 -1.273387 -0.706398
v -8.270594 -1.228450 0.495144
v -8.270594 -1.245805 -0.706796
v -8.316929 -1.198786 0.494716
v -8.316929 -1.216141 -0.707224
v -8.366186 -1.167041 0.494257
v -8.366186 -1.184396 -0.707682
v -8.399572 -1.146392 0.493959
v -8.399572 -1.163747 -0.707981
v -8.431553 -1.127573 0.493688
v -8.431553 -1.144928 -0.708252
v -8.462128 -1.110584 0.493442
v -8.462128 -1.127939 -0.708498
v -8.491297 -1.095426 0.493223
v -8.491297 -1.112781 -0.708717
v -8.519060 -1.082098 0.493031
v -8.519060 -1.099453 -0.708909
v -8.545416 -1.070601 0.492865
v -8.545416 -1.087956 -0.709075
v -8.570368 -1.060934 0.492725
v -8.570368 -1.078289 -0.709215
v -8.593910 -1.053097 0.492612
v -8.593910 -1.070452 -0.709328
v -8.616047 -1.047091 0.492526
v -8.616047 -1.064446 -0.709414
v -8.636780 -1.042915 0.492465
v -8.636780 -1.060270 -0.709475
v -8.656107 -1.040570 0.492431
v -8.656107 -1.057925 -0.709509
v -8.674025 -1.040054 0.492424
v -8.674025 -1.057409 -0.709516
v -8.699505 -1.041435 0.492444
v -8.699505 -1.058789 -0.709496
v -8.724308 -1.044375 0.492486
v -8.724308 -1.061730 -0.709454
v -8.748426 -1.048877 0.492551
v -8.748426 -1.066232 -0.709389
v -8.771862 -1.054939 0.492639
v -8.771862 -1.072294 -0.709301
v -8.794615 -1.062561 0.492749
v -8.794615 -1.079916 -0.709191
v -8.816687 -1.071744 0.492882
v -8.816687 -1.089099 -0.709058
v -8.838076 -1.082488 0.493037
v -8.838076 -1.099843 -0.708903
v -8.858784 -1.094792 0.493214
v -8.858784 -1.112147 -0.708726
v -8.878809 -1.108657 0.493415
v -8.878809 -1.126012 -0.708525
v -8.898149 -1.124083 0.493637
v -8.898149 -1.141437 -0.708303
v -8.916811 -1.141068 0.493883
v -8.916811 -1.158423 -0.708057
v -8.934792 -1.159615 0.494150
v -8.934792 -1.176970 -0.707790
v -8.950464 -1.177821 0.494413
v -8.950464 -1.195176 -0.707527
v -8.964725 -1.196425 0.494682
v -8.964725 -1.213780 -0.707258
v -8.977579 -1.215426 0.494956
v -8.977579 -1.232780 -0.706984
v -8.989025 -1.234823 0.495236
v -8.989025 -1.252178 -0.706704
v -8.999062 -1.254619 0.495522
v -8.999062 -1.271973 -0.706418
v -9.007690 -1.274811 0.495814
v -9.007690 -1.292166 -0.706126
v -9.014910 -1.295401 0.496111
v -9.014910 -1.312755 -0.705829
v -9.020720 -1.316387 0.496414
v -9.020720 -1.333742 -0.705526
v -9.025122 -1.337771 0.496723
v -9.025122 -1.355126 -0.705217
v -9.028116 -1.359552 0.497037
v -9.028116 -1.376907 -0.704903
v -9.029699 -1.381731 0.497357
v -9.029699 -1.399086 -0.704582
v -9.029875 -1.404306 0.497683
v -9.029875 -1.421661 -0.704256
v -9.028360 -1.429368 0.498045
v -9.028360 -1.446723 -0.703895
v -9.024992 -1.453850 0.498399
v -9.024992 -1.471205 -0.703541
v -9.019772 -1.477751 0.498744
v -9.019772 -1.495106 -0.703196
v -9.012697 -1.501072 0.499081
v -9.012697 -1.518427 -0.702859
v -9.003771 -1.523812 0.499409
v -9.003771 -1.541167 -0.702531
v -8.992992 -1.545972 0.499729
v -8.992992 -1.563327 -0.702211
v -8.980360 -1.567551 0.500041
v -8.980360 -1.584906 -0.701899
v -8.965878 -1.588550 0.500344
v -8.965878 -1.605905 -0.701596
v -8.949539 -1.608969 0.500639
v -8.949539 -1.626324 -0.701301
v -8.931353 -1.628807 0.500925
v -8.931353 -1.646161 -0.701015
v -8.911310 -1.648064 0.501203
v -8.911310 -1.665419 -0.700737
v -8.889418 -1.666741 0.501473
v -8.889418 -1.684096 -0.700467
v -8.768658 -1.759524 0.502812
v -8.768658 -1.776879 -0.699128
v -8.647732 -1.843991 0.504032
v -8.647732 -1.861346 -0.697908
v -8.526642 -1.920142 0.505132
v -8.526642 -1.937496 -0.696808
v -8.405386 -1.987977 0.506111
v -8.405386 -2.005332 -0.695829
v -8.283964 -2.047496 0.506970
v -8.283964 -2.064851 -0.694970
v -8.162378 -2.098699 0.507710
v -8.162378 -2.116054 -0.694230
v -8.040625 -2.141587 0.508329
v -8.040625 -2.158941 -0.693611
v -7.918707 -2.176158 0.508828
v -7.918707 -2.193513 -0.693112
v -7.796621 -2.202414 0.509207
v -7.796621 -2.219768 -0.692733
v -7.674372 -2.220353 0.509466
v -7.674372 -2.237708 -0.692474
v -7.551956 -2.229977 0.509605
v -7.551956 -2.247332 -0.692335
v -7.429375 -2.231285 0.509624
v -7.429375 -2.248640 -0.692316
v -7.333858 -2.226128 0.509549
v -7.333858 -2.243483 -0.692390
v -7.240988 -2.215157 0.509391
v -7.240988 -2.232512 -0.692549
v -7.150766 -2.198371 0.509149
v -7.150766 -2.215726 -0.692791
v -7.063194 -2.175771 0.508822
v -7.063194 -2.193126 -0.693118
v -6.978264 -2.147357 0.508412
v -6.978264 -2.164712 -0.693528
v -6.895985 -2.113129 0.507918
v -6.895985 -2.130484 -0.694022
v -6.816353 -2.073087 0.507340
v -6.816353 -2.090441 -0.694600
v -6.739367 -2.027230 0.506678
v -6.739367 -2.044585 -0.695262
v -6.665026 -1.975559 0.505931
v -6.665026 -1.992913 -0.696009
v -6.593334 -1.918073 0.505101
v -6.593334 -1.935428 -0.696839
v -6.524290 -1.854774 0.504187
v -6.524290 -1.872129 -0.697753
v -6.457891 -1.785660 0.503189
v -6.457891 -1.803015 -0.698750
v -6.398447 -1.715346 0.502174
v -6.398447 -1.732701 -0.699766
v -6.344358 -1.643151 0.501132
v -6.344358 -1.660506 -0.700808
v -6.295624 -1.569073 0.500062
v -6.295624 -1.586428 -0.701878
v -6.252243 -1.493114 0.498965
v -6.252243 -1.510469 -0.702975
v -6.214218 -1.415272 0.497841
v -6.214218 -1.432627 -0.704099
v -6.181549 -1.335549 0.496690
v -6.181549 -1.352904 -0.705250
v -6.154236 -1.253944 0.495512
v -6.154236 -1.271299 -0.706428
v -6.132275 -1.170457 0.494307
v -6.132275 -1.187811 -0.707633
v -6.115669 -1.085087 0.493074
v -6.115669 -1.102442 -0.708866
v -6.104418 -0.997836 0.491814
v -6.104418 -1.015191 -0.710126
v -6.098522 -0.908703 0.490527
v -6.098522 -0.926058 -0.711413
v -6.097984 -0.817688 0.489213
v -6.097984 -0.835043 -0.712727
v -6.106588 -0.673610 0.487133
v -6.106588 -0.690965 -0.714807
v -6.125715 -0.529275 0.485048
v -6.125715 -0.546629 -0.716891
v -6.155361 -0.384682 0.482961
v -6.155361 -0.402037 -0.718979
v -6.195528 -0.239832 0.480869
v -6.195528 -0.257187 -0.721071
v -6.246218 -0.094725 0.478774
v -6.246218 -0.112080 -0.723166
v -6.307425 0.050638 0.476675
v -6.307425 0.033284 -0.725265
v -6.379154 0.196259 0.474573
v -6.379154 0.178905 -0.727367
v -6.461401 0.342138 0.472466
v -6.461401 0.324783 -0.729474
v -6.554173 0.488274 0.470356
v -6.554173 0.470919 -0.731584
v -6.657463 0.634666 0.468242
v -6.657463 0.617311 -0.733698
v -6.771275 0.781316 0.466125
v -6.771275 0.763961 -0.735815
v -6.895607 0.928223 0.464004
v -6.895607 0.910868 -0.737936
v -7.005806 1.047621 0.462280
v -7.005806 1.030266 -0.739660
v -7.116154 1.156409 0.460709
v -7.116154 1.139054 -0.741231
v -7.226650 1.254590 0.459291
v -7.226650 1.237235 -0.742649
v -7.337294 1.342162 0.458027
v -7.337294 1.324807 -0.743913
v -7.448086 1.419125 0.456916
v -7.448086 1.401770 -0.745024
v -7.559027 1.485480 0.455958
v -7.559027 1.468125 -0.745982
v -7.670115 1.541226 0.455153
v -7.670115 1.523871 -0.746787
v -7.781353 1.586364 0.454501
v -7.781353 1.569009 -0.747439
v -7.892736 1.620894 0.454002
v -7.892736 1.603539 -0.747938
v -8.004271 1.644815 0.453657
v -8.004271 1.627460 -0.748283
v -8.115952 1.658128 0.453465
v -8.115952 1.640773 -0.748475
v -8.227781 1.660832 0.453426
v -8.227781 1.643477 -0.748514
v -8.246565 1.660342 0.453433
v -8.246565 1.642987 -0.748507
v -8.265039 1.659752 0.453441
v -8.265039 1.642397 -0.748499
v -8.283209 1.659061 0.453451
v -8.283209 1.641706 -0.748489
v -8.301071 1.658270 0.453463
v -8.301071 1.640915 -0.748477
v -8.318626 1.657378 0.453476
v -8.318626 1.640023 -0.748464
v -8.335871 1.656386 0.453490
v -8.335871 1.639032 -0.748450
v -8.352812 1.655294 0.453506
v -8.352812 1.637939 -0.748434
v -8.369444 1.654101 0.453523
v -8.369444 1.636747 -0.748417
v -8.385769 1.652808 0.453542
v -8.385769 1.635453 -0.748398
v -8.401789 1.651415 0.453562
v -8.401789 1.634061 -0.748378
v -8.417498 1.649922 0.453583
v -8.417498 1.632567 -0.748357
v -8.432903 1.648327 0.453606
v -8.432903 1.630973 -0.748334
v -8.447998 1.646634 0.453631
v -8.447998 1.629279 -0.748309
v -8.462788 1.644839 0.453657
v -8.462788 1.627484 -0.748283
v -8.477270 1.642944 0.453684
v -8.477270 1.625589 -0.748256
v -8.491444 1.640948 0.453713
v -8.491444 1.623593 -0.748227
v -8.505310 1.638853 0.453743
v -8.505310 1.621498 -0.748197
v -8.518869 1.636657 0.453775
v -8.518869 1.619302 -0.748165
v -8.532122 1.634360 0.453808
v -8.532122 1.617005 -0.748132
v -8.545063 1.631964 0.453843
v -8.545063 1.614609 -0.748097
v -8.557699 1.629467 0.453879
v -8.557699 1.612112 -0.748061
v -8.570028 1.626870 0.453916
v -8.570028 1.609515 -0.748024
v -8.582050 1.624172 0.453955
v -8.582050 1.606817 -0.747985
v -8.593763 1.621374 0.453996
v -8.593763 1.604019 -0.747944
v -8.613436 1.638634 0.453746
v -8.613436 1.621279 -0.748194
v -8.633717 1.654339 0.453520
v -8.633717 1.636984 -0.748420
v -8.654608 1.668489 0.453315
v -8.654608 1.651134 -0.748625
v -8.676107 1.681085 0.453133
v -8.676107 1.663730 -0.748806
v -8.698219 1.692125 0.452974
v -8.698219 1.674770 -0.748966
v -8.720940 1.701611 0.452837
v -8.720940 1.684256 -0.749103
v -8.744270 1.709543 0.452723
v -8.744270 1.692188 -0.749217
v -8.768211 1.715919 0.452630
v -8.768211 1.698564 -0.749309
v -8.792761 1.720741 0.452561
v -8.792761 1.703386 -0.749379
v -8.817921 1.724008 0.452514
v -8.817921 1.706653 -0.749426
v -8.843691 1.725720 0.452489
v -8.843691 1.708365 -0.749451
v -8.870073 1.725877 0.452487
v -8.870073 1.708522 -0.749453
v -8.912525 1.722795 0.452531
v -8.912525 1.705440 -0.749409
v -8.952085 1.715588 0.452635
v -8.952085 1.698233 -0.749305
v -8.988747 1.704257 0.452799
v -8.988747 1.686902 -0.749141
v -9.022514 1.688801 0.453022
v -9.022514 1.671446 -0.748918
v -9.053391 1.669220 0.453305
v -9.053391 1.651865 -0.748635
v -9.081367 1.645515 0.453647
v -9.081367 1.628160 -0.748293
v -9.106451 1.617685 0.454049
v -9.106451 1.600330 -0.747891
v -9.128639 1.585730 0.454510
v -9.128639 1.568375 -0.747430
v -9.147932 1.549651 0.455031
v -9.147932 1.532296 -0.746909
v -9.164333 1.509448 0.455612
v -9.164333 1.492093 -0.746328
v -9.177837 1.465120 0.456252
v -9.177837 1.447765 -0.745688
v -9.188446 1.416667 0.456951
v -9.188446 1.399312 -0.744989
v -9.194609 1.379908 0.457482
v -9.194609 1.362553 -0.744458
v -9.200136 1.342161 0.458027
v -9.200136 1.324806 -0.743913
v -9.205030 1.303425 0.458587
v -9.205030 1.286070 -0.743353
v -9.209293 1.263700 0.459160
v -9.209293 1.246345 -0.742780
v -9.212923 1.222987 0.459748
v -9.212923 1.205632 -0.742192
v -9.215919 1.181286 0.460350
v -9.215919 1.163931 -0.741590
v -9.218285 1.138596 0.460967
v -9.218285 1.121241 -0.740973
v -9.220015 1.094918 0.461597
v -9.220015 1.077563 -0.740343
v -9.221111 1.050251 0.462242
v -9.221111 1.032896 -0.739698
v -9.221575 1.004596 0.462901
v -9.221575 0.987241 -0.739039
v -9.221405 0.957952 0.463575
v -9.221405 0.940597 -0.738365
v -9.220604 0.910319 0.464263
v -9.220604 0.892964 -0.737677
v -9.219587 0.889007 0.464570
v -9.219587 0.871652 -0.737370
v -9.217539 0.868042 0.464873
v -9.217539 0.850687 -0.737067
v -9.214457 0.847423 0.465171
v -9.214457 0.830068 -0.736769
v -9.210344 0.827150 0.465463
v -9.210344 0.809795 -0.736476
v -9.205198 0.807224 0.465751
v -9.205198 0.789869 -0.736189
v -9.199020 0.787645 0.466034
v -9.199020 0.770290 -0.735906
v -9.191809 0.768412 0.466312
v -9.191809 0.751057 -0.735628
v -9.183563 0.749525 0.466584
v -9.183563 0.732170 -0.735356
v -9.174286 0.730985 0.466852
v -9.174286 0.713630 -0.735088
v -9.163977 0.712791 0.467115
v -9.163977 0.695436 -0.734825
v -9.152636 0.694944 0.467372
v -9.152636 0.677589 -0.734568
v -10.357300 1.570082 0.454736
v -10.357300 1.552727 -0.747204
v -10.277676 -1.856351 0.504211
v -10.277676 -1.873706 -0.697729
v -10.273380 -1.934535 0.505340
v -10.273380 -1.951890 -0.696600
v -10.264297 -2.005800 0.506369
v -10.264297 -2.023155 -0.695571
v -10.250420 -2.070147 0.507298
v -10.250420 -2.087502 -0.694642
v -10.231752 -2.127575 0.508127
v -10.231752 -2.144930 -0.693813
v -10.208294 -2.178084 0.508856
v -10.208294 -2.195439 -0.693084
v -10.180042 -2.221675 0.509486
v -10.180042 -2.239030 -0.692454
v -10.147001 -2.258348 0.510015
v -10.147001 -2.275702 -0.691925
v -10.109167 -2.288101 0.510445
v -10.109167 -2.305456 -0.691495
v -10.066542 -2.310936 0.510774
v -10.066542 -2.328291 -0.691166
v -10.019127 -2.326853 0.511004
v -10.019127 -2.344208 -0.690936
v -9.966919 -2.335851 0.511134
v -9.966919 -2.353206 -0.690806
v -9.909920 -2.337930 0.511164
v -9.909920 -2.355285 -0.690776
v -9.884491 -2.336658 0.511146
v -9.884491 -2.354013 -0.690794
v -9.859842 -2.334044 0.511108
v -9.859842 -2.351398 -0.690832
v -9.835981 -2.330086 0.511051
v -9.835981 -2.347440 -0.690889
v -9.812904 -2.324784 0.510974
v -9.812904 -2.342139 -0.690966
v -9.790611 -2.318140 0.510878
v -9.790611 -2.335495 -0.691062
v -9.769104 -2.310152 0.510763
v -9.769104 -2.327507 -0.691177
v -9.748379 -2.300821 0.510628
v -9.748379 -2.318176 -0.691312
v -9.728443 -2.290147 0.510474
v -9.728443 -2.307502 -0.691466
v -9.709290 -2.278130 0.510301
v -9.709290 -2.295485 -0.691639
v -9.690920 -2.264769 0.510108
v -9.690920 -2.282124 -0.691832
v -9.673338 -2.250065 0.509895
v -9.673338 -2.267420 -0.692044
v -9.656540 -2.234018 0.509664
v -9.656540 -2.251373 -0.692276
v -9.640844 -2.216922 0.509417
v -9.640844 -2.234277 -0.692523
v -9.626562 -2.199071 0.509159
v -9.626562 -2.216425 -0.692781
v -9.613701 -2.180464 0.508890
v -9.613701 -2.197819 -0.693049
v -9.602255 -2.161102 0.508611
v -9.602255 -2.178457 -0.693329
v -9.592224 -2.140984 0.508320
v -9.592224 -2.158339 -0.693620
v -9.583611 -2.120111 0.508019
v -9.583611 -2.137466 -0.693921
v -9.576418 -2.098484 0.507707
v -9.576418 -2.115838 -0.694233
v -9.570641 -2.076100 0.507384
v -9.570641 -2.093455 -0.694556
v -9.566278 -2.052962 0.507049
v -9.566278 -2.070317 -0.694890
v -9.563334 -2.029068 0.506704
v -9.563334 -2.046423 -0.695235
v -9.561808 -2.004419 0.506349
v -9.561808 -2.021774 -0.695591
v -9.561697 -1.979014 0.505982
v -9.561697 -1.996369 -0.695958
v -9.644558 1.586642 0.454497
v -9.644558 1.569287 -0.747443
v -9.645884 1.611171 0.454143
v -9.645884 1.593816 -0.747797
v -9.648693 1.634913 0.453800
v -9.648693 1.617558 -0.748140
v -9.652994 1.657868 0.453469
v -9.652994 1.640513 -0.748471
v -9.658785 1.680036 0.453149
v -9.658785 1.662681 -0.748791
v -9.666065 1.701417 0.452840
v -9.666065 1.684062 -0.749100
v -9.674833 1.722012 0.452543
v -9.674833 1.704657 -0.749397
v -9.685093 1.741819 0.452257
v -9.685093 1.724464 -0.749683
v -9.696836 1.760840 0.451982
v -9.696836 1.743485 -0.749958
v -9.710072 1.779073 0.451719
v -9.710072 1.761718 -0.750221
v -9.724796 1.796519 0.451467
v -9.724796 1.779164 -0.750473
v -9.741009 1.813179 0.451226
v -9.741009 1.795824 -0.750714
v -9.758713 1.829050 0.450997
v -9.758713 1.811695 -0.750943
v -9.776594 1.842643 0.450801
v -9.776594 1.825288 -0.751139
v -9.795130 1.855004 0.450622
v -9.795130 1.837649 -0.751318
v -9.814318 1.866130 0.450462
v -9.814318 1.848776 -0.751478
v -9.834160 1.876024 0.450319
v -9.834160 1.858669 -0.751621
v -9.854654 1.884683 0.450194
v -9.854654 1.867329 -0.751746
v -9.875803 1.892110 0.450087
v -9.875803 1.874755 -0.751853
v -9.897604 1.898303 0.449997
v -9.897604 1.880948 -0.751943
v -9.920057 1.903263 0.449926
v -9.920057 1.885908 -0.752014
v -9.943167 1.906990 0.449872
v -9.943167 1.889635 -0.752068
v -9.966927 1.909483 0.449836
v -9.966927 1.892128 -0.752104
v -9.991339 1.910743 0.449818
v -9.991339 1.893388 -0.752122
v -10.016407 1.910770 0.449817
v -10.016407 1.893415 -0.752123
v -10.041409 1.909553 0.449835
v -10.041409 1.892198 -0.752105
v -10.065628 1.907082 0.449870
v -10.065628 1.889727 -0.752069
v -10.089064 1.903358 0.449924
v -10.089064 1.886003 -0.752016
v -10.111717 1.898380 0.449996
v -10.111717 1.881025 -0.751944
v -10.133589 1.892149 0.450086
v -10.133589 1.874794 -0.751854
v -10.154676 1.884664 0.450194
v -10.154676 1.867309 -0.751746
v -10.174982 1.875924 0.450320
v -10.174982 1.858569 -0.751620
v -10.194506 1.865932 0.450465
v -10.194506 1.848577 -0.751475
v -10.213247 1.854685 0.450627
v -10.213247 1.837330 -0.751313
v -10.231205 1.842185 0.450808
v -10.231205 1.824830 -0.751132
v -10.248381 1.828431 0.451006
v -10.248381 1.811076 -0.750934
v -10.264771 1.813424 0.451223
v -10.264771 1.796069 -0.750717
v -10.280081 1.797402 0.451454
v -10.280081 1.780047 -0.750486
v -10.294008 1.780607 0.451697
v -10.294008 1.763252 -0.750243
v -10.306555 1.763038 0.451950
v -10.306555 1.745683 -0.749990
v -10.317720 1.744694 0.452215
v -10.317720 1.727339 -0.749725
v -10.327503 1.725577 0.452491
v -10.327503 1.708222 -0.749449
v -10.335907 1.705685 0.452778
v -10.335907 1.688330 -0.749161
v -10.342926 1.685020 0.453077
v -10.342926 1.667665 -0.748863
v -10.348564 1.663580 0.453386
v -10.348564 1.646225 -0.748554
v -10.352819 1.641366 0.453707
v -10.352819 1.624011 -0.748233
v -10.355694 1.618379 0.454039
v -10.355694 1.601024 -0.747901
v -10.357189 1.594617 0.454382
v -10.357189 1.577262 -0.747558
v -12.991552 -2.262491 0.510075
v -12.991552 -2.279846 -0.691865
v -12.930418 -2.285792 0.510412
v -12.930418 -2.303147 -0.691528
v -12.868723 -2.306930 0.510717
v -12.868723 -2.324285 -0.691223
v -12.806469 -2.325905 0.510991
v -12.806469 -2.343260 -0.690949
v -12.743654 -2.342718 0.511234
v -12.743654 -2.360073 -0.690706
v -12.680279 -2.357368 0.511445
v -12.680279 -2.374723 -0.690495
v -12.616344 -2.369855 0.511625
v -12.616344 -2.387210 -0.690314
v -12.551851 -2.380180 0.511775
v -12.551851 -2.397535 -0.690165
v -12.486797 -2.388342 0.511892
v -12.486797 -2.405697 -0.690048
v -12.421185 -2.394342 0.511979
v -12.421185 -2.411696 -0.689961
v -12.355011 -2.398178 0.512034
v -12.355011 -2.415533 -0.689906
v -12.288279 -2.399852 0.512059
v -12.288279 -2.417207 -0.689881
v -12.220985 -2.399364 0.512052
v -12.220985 -2.416718 -0.689888
v -12.119728 -2.394969 0.511988
v -12.119728 -2.412324 -0.689952
v -12.021687 -2.386564 0.511867
v -12.021687 -2.403919 -0.690073
v -11.926859 -2.374150 0.511687
v -11.926859 -2.391505 -0.690253
v -11.835249 -2.357727 0.511450
v -11.835249 -2.375082 -0.690490
v -11.746853 -2.337293 0.511155
v -11.746853 -2.354648 -0.690785
v -11.661671 -2.312850 0.510802
v -11.661671 -2.330205 -0.691138
v -11.579706 -2.284398 0.510391
v -11.579706 -2.301752 -0.691549
v -11.500956 -2.251935 0.509923
v -11.500956 -2.269290 -0.692017
v -11.425419 -2.215463 0.509396
v -11.425419 -2.232818 -0.692544
v -11.353102 -2.174981 0.508812
v -11.353102 -2.192336 -0.693128
v -11.283995 -2.130490 0.508169
v -11.283995 -2.147845 -0.693771
v -11.218098 -2.081989 0.507469
v -11.218098 -2.099344 -0.694471
v -11.150105 -2.024393 0.506637
v -11.150105 -2.041747 -0.695303
v -11.088223 -1.963248 0.505754
v -11.088223 -1.980603 -0.696186
v -11.032454 -1.898555 0.504820
v -11.032454 -1.915910 -0.697120
v -10.982794 -1.830314 0.503835
v -10.982794 -1.847669 -0.698105
v -10.939247 -1.758524 0.502798
v -10.939247 -1.775879 -0.699142
v -10.901812 -1.683187 0.501710
v -10.901812 -1.700541 -0.700230
v -10.870485 -1.604301 0.500571
v -10.870485 -1.621655 -0.701369
v -10.845270 -1.521866 0.499381
v -10.845270 -1.539221 -0.702559
v -10.826168 -1.435884 0.498140
v -10.826168 -1.453239 -0.703800
v -10.813177 -1.346353 0.496847
v -10.813177 -1.363708 -0.705093
v -10.806297 -1.253274 0.495503
v -10.806297 -1.270629 -0.706437
v -10.805525 -1.156647 0.494108
v -10.805525 -1.174002 -0.707832
v -10.810404 -1.049384 0.492559
v -10.810404 -1.066739 -0.709381
v -10.819986 -0.945026 0.491052
v -10.819986 -0.962381 -0.710888
v -10.834278 -0.843571 0.489587
v -10.834278 -0.860926 -0.712353
v -10.853271 -0.745021 0.488164
v -10.853271 -0.762375 -0.713776
v -10.876972 -0.649374 0.486783
v -10.876972 -0.666729 -0.715157
v -10.905376 -0.556631 0.485444
v -10.905376 -0.573986 -0.716496
v -10.938488 -0.466792 0.484147
v -10.938488 -0.484147 -0.717793
v -10.976307 -0.379857 0.482892
v -10.976307 -0.397212 -0.719048
v -11.018827 -0.295826 0.481678
v -11.018827 -0.313180 -0.720262
v -11.066055 -0.214698 0.480507
v -11.066055 -0.232053 -0.721433
v -11.117989 -0.136475 0.479378
v -11.117989 -0.153830 -0.722562
v -11.174627 -0.061155 0.478290
v -11.174627 -0.078510 -0.723650
v -11.242029 0.017210 0.477158
v -11.242029 -0.000145 -0.724781
v -11.312965 0.088543 0.476129
v -11.312965 0.071188 -0.725811
v -11.387436 0.152843 0.475200
v -11.387436 0.135489 -0.726740
v -11.465435 0.210111 0.474373
v -11.465435 0.192756 -0.727567
v -11.546968 0.260346 0.473648
v -11.546968 0.242991 -0.728292
v -11.632036 0.303548 0.473024
v -11.632036 0.286193 -0.728916
v -11.720636 0.339718 0.472502
v -11.720636 0.322363 -0.729438
v -11.812769 0.368855 0.472081
v -11.812769 0.351500 -0.729859
v -11.908436 0.390959 0.471762
v -11.908436 0.373604 -0.730178
v -12.007631 0.406031 0.471544
v -12.007631 0.388676 -0.730396
v -12.110363 0.414070 0.471428
v -12.110363 0.396715 -0.730512
v -12.216627 0.415077 0.471414
v -12.216627 0.397722 -0.730526
v -12.290434 0.412359 0.471453
v -12.290434 0.395004 -0.730487
v -12.362080 0.407685 0.471521
v -12.362080 0.390330 -0.730419
v -12.431562 0.401055 0.471616
v -12.431562 0.383700 -0.730324
v -12.498880 0.392468 0.471740
v -12.498880 0.375113 -0.730200
v -12.564039 0.381926 0.471893
v -12.564039 0.364571 -0.730047
v -12.627033 0.369427 0.472073
v -12.627033 0.352072 -0.729867
v -12.687864 0.354973 0.472282
v -12.687864 0.337618 -0.729658
v -12.746534 0.338562 0.472519
v -12.746534 0.321207 -0.729421
v -12.803040 0.320195 0.472784
v -12.803040 0.302840 -0.729156
v -12.857384 0.299873 0.473077
v -12.857384 0.282518 -0.728863
v -12.909565 0.277593 0.473399
v -12.909565 0.260238 -0.728541
v -12.959583 0.253358 0.473749
v -12.959583 0.236003 -0.728191
v -13.021091 0.218644 0.474250
v -13.021091 0.201290 -0.727690
v -13.077118 0.181121 0.474792
v -13.077118 0.163766 -0.727148
v -13.127659 0.140787 0.475374
v -13.127659 0.123432 -0.726566
v -13.172718 0.097642 0.475997
v -13.172718 0.080288 -0.725943
v -13.212290 0.051688 0.476661
v -13.212290 0.034333 -0.725279
v -13.246380 0.002922 0.477365
v -13.246380 -0.014432 -0.724575
v -13.274984 -0.048653 0.478110
v -13.274984 -0.066008 -0.723830
v -13.298105 -0.103040 0.478895
v -13.298105 -0.120394 -0.723045
v -13.315741 -0.160236 0.479721
v -13.315741 -0.177591 -0.722219
v -13.327894 -0.220244 0.480587
v -13.327894 -0.237598 -0.721353
v -13.334562 -0.283061 0.481494
v -13.334562 -0.300416 -0.720446
v -13.335747 -0.348689 0.482442
v -13.335747 -0.366044 -0.719498
v -13.332451 -0.395458 0.483117
v -13.332451 -0.412812 -0.718823
v -13.324766 -0.441228 0.483778
v -13.324766 -0.458583 -0.718162
v -13.312691 -0.486001 0.484425
v -13.312691 -0.503356 -0.717515
v -13.296227 -0.529776 0.485057
v -13.296227 -0.547131 -0.716883
v -13.275368 -0.572553 0.485674
v -13.275368 -0.589908 -0.716266
v -13.250120 -0.614333 0.486278
v -13.250120 -0.631688 -0.715662
v -13.220482 -0.655115 0.486866
v -13.220482 -0.672470 -0.715074
v -13.186451 -0.694899 0.487441
v -13.186451 -0.712254 -0.714499
v -13.148031 -0.733686 0.488001
v -13.148031 -0.751040 -0.713939
v -13.105219 -0.771475 0.488547
v -13.105219 -0.788829 -0.713393
v -13.058020 -0.808266 0.489078
v -13.058020 -0.825620 -0.712862
v -13.006428 -0.844059 0.489595
v -13.006428 -0.861414 -0.712345
v -12.979895 -0.860855 0.489837
v -12.979895 -0.878210 -0.712103
v -12.949280 -0.878846 0.490097
v -12.949280 -0.896201 -0.711843
v -12.914579 -0.898031 0.490374
v -12.914579 -0.915386 -0.711566
v -12.875797 -0.918412 0.490668
v -12.875797 -0.935767 -0.711272
v -12.832932 -0.939988 0.490980
v -12.832932 -0.957343 -0.710960
v -12.785984 -0.962758 0.491308
v -12.785984 -0.980113 -0.710631
v -12.734953 -0.986724 0.491654
v -12.734953 -1.004078 -0.710285
v -12.679838 -1.011884 0.492018
v -12.679838 -1.029239 -0.709922
v -12.620644 -1.038239 0.492398
v -12.620644 -1.055594 -0.709542
v -12.557364 -1.065789 0.492796
v -12.557364 -1.083144 -0.709144
v -12.490002 -1.094535 0.493211
v -12.490002 -1.111889 -0.708729
v -12.418558 -1.124475 0.493643
v -12.418558 -1.141829 -0.708297
v -11.539364 -1.488407 0.498898
v -11.539364 -1.505762 -0.703042
v -11.559874 -1.510774 0.499221
v -11.559874 -1.528129 -0.702719
v -11.581120 -1.532227 0.499531
v -11.581120 -1.549582 -0.702409
v -11.603107 -1.552766 0.499827
v -11.603107 -1.570121 -0.702113
v -11.625835 -1.572390 0.500111
v -11.625835 -1.589745 -0.701829
v -11.649302 -1.591100 0.500381
v -11.649302 -1.608455 -0.701559
v -11.673504 -1.608895 0.500638
v -11.673504 -1.626250 -0.701302
v -11.698446 -1.625777 0.500882
v -11.698446 -1.643131 -0.701058
v -11.724129 -1.641743 0.501112
v -11.724129 -1.659098 -0.700828
v -11.750549 -1.656796 0.501329
v -11.750549 -1.674151 -0.700610
v -11.777710 -1.670934 0.501534
v -11.777710 -1.688289 -0.700406
v -11.805611 -1.684158 0.501725
v -11.805611 -1.701512 -0.700215
v -11.834248 -1.696467 0.501902
v -11.834248 -1.713822 -0.700038
v -11.863623 -1.707862 0.502067
v -11.863623 -1.725217 -0.699873
v -11.893740 -1.718343 0.502218
v -11.893740 -1.735698 -0.699722
v -11.924595 -1.727909 0.502356
v -11.924595 -1.745264 -0.699584
v -11.956188 -1.736561 0.502481
v -11.956188 -1.753916 -0.699459
v -11.988523 -1.744299 0.502593
v -11.988523 -1.761653 -0.699347
v -12.021593 -1.751122 0.502692
v -12.021593 -1.768477 -0.699248
v -12.055405 -1.757031 0.502777
v -12.055405 -1.774386 -0.699163
v -12.089954 -1.762025 0.502849
v -12.089954 -1.779380 -0.699091
v -12.125242 -1.766106 0.502908
v -12.125242 -1.783460 -0.699032
v -12.161272 -1.769271 0.502954
v -12.161272 -1.786626 -0.698986
v -12.198040 -1.771523 0.502986
v -12.198040 -1.788878 -0.698954
v -12.235544 -1.772860 0.503005
v -12.235544 -1.790215 -0.698934
v -12.292505 -1.773198 0.503010
v -12.292505 -1.790553 -0.698930
v -12.348042 -1.771533 0.502986
v -12.348042 -1.788888 -0.698954
v -12.402153 -1.767864 0.502933
v -12.402153 -1.785219 -0.699007
v -12.454840 -1.762191 0.502851
v -12.454840 -1.779546 -0.699089
v -12.506102 -1.754515 0.502741
v -12.506102 -1.771870 -0.699199
v -12.555937 -1.744835 0.502601
v -12.555937 -1.762190 -0.699339
v -12.604351 -1.733151 0.502432
v -12.604351 -1.750506 -0.699508
v -12.651339 -1.719464 0.502234
v -12.651339 -1.736819 -0.699705
v -12.696903 -1.703773 0.502008
v -12.696903 -1.721128 -0.699932
v -12.741041 -1.686079 0.501752
v -12.741041 -1.703433 -0.700188
v -12.783754 -1.666380 0.501468
v -12.783754 -1.683735 -0.700472
v -12.825043 -1.644679 0.501155
v -12.825043 -1.662034 -0.700785
v -12.860643 -1.625317 0.500875
v -12.860643 -1.642672 -0.701065
v -12.895018 -1.607682 0.500620
v -12.895018 -1.625037 -0.701319
v -12.928167 -1.591775 0.500391
v -12.928167 -1.609129 -0.701549
v -12.960094 -1.577594 0.500186
v -12.960094 -1.594949 -0.701754
v -12.990797 -1.565141 0.500006
v -12.990797 -1.582496 -0.701934
v -13.020275 -1.554415 0.499851
v -13.020275 -1.571769 -0.702089
v -13.048531 -1.545416 0.499721
v -13.048531 -1.562770 -0.702218
v -13.075560 -1.538144 0.499616
v -13.075560 -1.555498 -0.702323
v -13.101366 -1.532599 0.499536
v -13.101366 -1.549953 -0.702404
v -13.125948 -1.528781 0.499481
v -13.125948 -1.546136 -0.702459
v -13.149303 -1.526690 0.499451
v -13.149303 -1.544045 -0.702489
v -13.171438 -1.526327 0.499446
v -13.171438 -1.543681 -0.702494
v -13.214291 -1.529132 0.499486
v -13.214291 -1.546486 -0.702454
v -13.253330 -1.535467 0.499578
v -13.253330 -1.552821 -0.702362
v -13.288557 -1.545331 0.499720
v -13.288557 -1.562686 -0.702220
v -13.319969 -1.558726 0.499914
v -13.319969 -1.576081 -0.702026
v -13.347565 -1.575651 0.500158
v -13.347565 -1.593006 -0.701782
v -13.371349 -1.596106 0.500453
v -13.371349 -1.613461 -0.701487
v -13.391319 -1.620091 0.500800
v -13.391319 -1.637446 -0.701140
v -13.407473 -1.647606 0.501197
v -13.407473 -1.664961 -0.700743
v -13.419813 -1.678651 0.501645
v -13.419813 -1.696005 -0.700295
v -13.428343 -1.713225 0.502145
v -13.428343 -1.730580 -0.699795
v -13.433056 -1.751330 0.502695
v -13.433056 -1.768685 -0.699245
v -13.433954 -1.792965 0.503296
v -13.433954 -1.810320 -0.698644
v -13.429840 -1.841129 0.503991
v -13.429840 -1.858484 -0.697949
v -13.419769 -1.887651 0.504663
v -13.419769 -1.905005 -0.697277
v -13.403744 -1.932529 0.505311
v -13.403744 -1.949884 -0.696629
v -13.381763 -1.975764 0.505935
v -13.381763 -1.993119 -0.696005
v -13.353828 -2.017355 0.506536
v -13.353828 -2.034710 -0.695404
v -13.319941 -2.057304 0.507113
v -13.319941 -2.074659 -0.694827
v -13.280096 -2.095610 0.507666
v -13.280096 -2.112965 -0.694274
v -13.234297 -2.132272 0.508195
v -13.234297 -2.149627 -0.693745
v -13.182543 -2.167292 0.508701
v -13.182543 -2.184647 -0.693239
v -13.124834 -2.200668 0.509183
v -13.124834 -2.218023 -0.692757
v -13.061171 -2.232401 0.509641
v -13.061171 -2.249756 -0.692299
v -12.651770 -0.317320 0.481989
v -12.651770 -0.334675 -0.719951
v -12.622561 -0.300985 0.481753
v -12.622561 -0.318340 -0.720187
v -12.591850 -0.285976 0.481536
v -12.591850 -0.303331 -0.720404
v -12.559637 -0.272294 0.481339
v -12.559637 -0.289649 -0.720601
v -12.525921 -0.259938 0.481160
v -12.525921 -0.277293 -0.720780
v -12.490705 -0.248909 0.481001
v -12.490705 -0.266264 -0.720939
v -12.453987 -0.239207 0.480861
v -12.453987 -0.256561 -0.721079
v -12.415766 -0.230830 0.480740
v -12.415766 -0.248185 -0.721200
v -12.376041 -0.223781 0.480638
v -12.376041 -0.241136 -0.721302
v -12.334816 -0.218058 0.480556
v -12.334816 -0.235413 -0.721384
v -12.292089 -0.213662 0.480492
v -12.292089 -0.231017 -0.721448
v -12.247858 -0.210592 0.480448
v -12.247858 -0.227947 -0.721492
v -12.202127 -0.208849 0.480423
v -12.202127 -0.226203 -0.721517
v -12.162558 -0.209040 0.480425
v -12.162558 -0.226395 -0.721515
v -12.123907 -0.211474 0.480461
v -12.123907 -0.228829 -0.721479
v -12.086172 -0.216151 0.480528
v -12.086172 -0.233505 -0.721412
v -12.049355 -0.223070 0.480628
v -12.049355 -0.240425 -0.721312
v -12.013453 -0.232231 0.480760
v -12.013453 -0.249586 -0.721180
v -11.978468 -0.243636 0.480925
v -11.978468 -0.260991 -0.721015
v -11.944401 -0.257283 0.481122
v -11.944401 -0.274638 -0.720818
v -11.911249 -0.273173 0.481351
v -11.911249 -0.290527 -0.720589
v -11.879017 -0.291305 0.481613
v -11.879017 -0.308660 -0.720327
v -11.847700 -0.311680 0.481907
v -11.847700 -0.329035 -0.720033
v -11.817299 -0.334297 0.482234
v -11.817299 -0.351652 -0.719706
v -11.787809 -0.359157 0.482593
v -11.787809 -0.376512 -0.719347
v -11.759226 -0.386260 0.482984
v -11.759226 -0.403615 -0.718956
v -11.731520 -0.415604 0.483408
v -11.731520 -0.432959 -0.718532
v -11.704699 -0.447190 0.483864
v -11.704699 -0.464545 -0.718076
v -11.678757 -0.481018 0.484352
v -11.678757 -0.498372 -0.717588
v -11.653694 -0.517087 0.484873
v -11.653694 -0.534442 -0.717067
v -11.629515 -0.555398 0.485426
v -11.629515 -0.572753 -0.716514
v -11.606216 -0.595952 0.486012
v -11.606216 -0.613306 -0.715928
v -11.583796 -0.638747 0.486630
v -11.583796 -0.656101 -0.715310
v -11.562260 -0.683783 0.487280
v -11.562260 -0.701138 -0.714660
v -11.541601 -0.731061 0.487963
v -11.541601 -0.748416 -0.713977
v -11.521826 -0.780582 0.488678
v -11.521826 -0.797936 -0.713262
v -11.502934 -0.832344 0.489425
v -11.502934 -0.849698 -0.712515
v -11.552038 -0.812436 0.489138
v -11.552038 -0.829790 -0.712802
v -11.601109 -0.792563 0.488851
v -11.601109 -0.809918 -0.713089
v -11.650141 -0.772725 0.488564
v -11.650141 -0.790080 -0.713376
v -11.699137 -0.752922 0.488278
v -11.699137 -0.770277 -0.713661
v -11.748096 -0.733154 0.487993
v -11.748096 -0.750509 -0.713947
v -11.797020 -0.713421 0.487708
v -11.797020 -0.730776 -0.714232
v -11.845907 -0.693723 0.487424
v -11.845907 -0.711078 -0.714516
v -11.894756 -0.674060 0.487140
v -11.894756 -0.691415 -0.714800
v -11.943567 -0.654432 0.486856
v -11.943567 -0.671787 -0.715084
v -11.992344 -0.634839 0.486574
v -11.992344 -0.652194 -0.715366
v -12.041084 -0.615281 0.486291
v -12.041084 -0.632635 -0.715649
v -12.089785 -0.595757 0.486009
v -12.089785 -0.613112 -0.715931
v -12.147507 -0.571034 0.485652
v -12.147507 -0.588389 -0.716288
v -12.203251 -0.546587 0.485299
v -12.203251 -0.563942 -0.716641
v -12.257013 -0.522416 0.484950
v -12.257013 -0.539771 -0.716990
v -12.308796 -0.498522 0.484605
v -12.308796 -0.515877 -0.717335
v -12.358597 -0.474904 0.484264
v -12.358597 -0.492259 -0.717676
v -12.406420 -0.451563 0.483927
v -12.406420 -0.468918 -0.718013
v -12.452263 -0.428498 0.483594
v -12.452263 -0.445853 -0.718346
v -12.496124 -0.405710 0.483265
v -12.496124 -0.423065 -0.718675
v -12.538006 -0.383198 0.482940
v -12.538006 -0.400553 -0.719000
v -12.577908 -0.360962 0.482619
v -12.577908 -0.378317 -0.719321
v -12.615828 -0.339003 0.482302
v -12.615828 -0.356358 -0.719638
v -16.347261 -2.456539 0.512878
v -16.347261 -2.473894 -0.689062
v -16.329271 -2.470542 0.513080
v -16.329271 -2.487896 -0.688860
v -16.310862 -2.483281 0.513264
v -16.310862 -2.500635 -0.688676
v -16.292032 -2.494756 0.513429
v -16.292032 -2.512111 -0.688511
v -16.272783 -2.504967 0.513577
v -16.272783 -2.522322 -0.688363
v -16.253117 -2.513915 0.513706
v -16.253117 -2.531270 -0.688234
v -16.233030 -2.521599 0.513817
v -16.233030 -2.538954 -0.688123
v -16.212524 -2.528020 0.513910
v -16.212524 -2.545375 -0.688030
v -16.191599 -2.533176 0.513984
v -16.191599 -2.550531 -0.687956
v -16.170256 -2.537069 0.514040
v -16.170256 -2.554424 -0.687900
v -16.148491 -2.539699 0.514078
v -16.148491 -2.557054 -0.687862
v -16.126308 -2.541064 0.514098
v -16.126308 -2.558419 -0.687842
v -16.103712 -2.541166 0.514099
v -16.103712 -2.558521 -0.687840
v -16.082987 -2.538893 0.514067
v -16.082987 -2.556248 -0.687873
v -16.060406 -2.532995 0.513982
v -16.060406 -2.550349 -0.687958
v -16.035973 -2.523470 0.513844
v -16.035973 -2.540825 -0.688096
v -16.009687 -2.510319 0.513654
v -16.009687 -2.527674 -0.688286
v -15.981546 -2.493543 0.513412
v -15.981546 -2.510898 -0.688528
v -15.951553 -2.473141 0.513117
v -15.951553 -2.490496 -0.688823
v -15.919706 -2.449113 0.512770
v -15.919706 -2.466468 -0.689170
v -15.886005 -2.421459 0.512371
v -15.886005 -2.438814 -0.689569
v -15.850452 -2.390180 0.511919
v -15.850452 -2.407535 -0.690021
v -15.813044 -2.355274 0.511415
v -15.813044 -2.372629 -0.690525
v -15.773783 -2.316743 0.510859
v -15.773783 -2.334098 -0.691081
v -15.732672 -2.274586 0.510250
v -15.732672 -2.291941 -0.691690
v -15.693039 -2.292197 0.510505
v -15.693039 -2.309552 -0.691435
v -15.654213 -2.309057 0.510748
v -15.654213 -2.326411 -0.691192
v -15.616194 -2.325165 0.510981
v -15.616194 -2.342519 -0.690959
v -15.578983 -2.340521 0.511202
v -15.578983 -2.357876 -0.690738
v -15.542578 -2.355126 0.511413
v -15.542578 -2.372481 -0.690527
v -15.506981 -2.368979 0.511613
v -15.506981 -2.386334 -0.690327
v -15.472189 -2.382081 0.511802
v -15.472189 -2.399436 -0.690138
v -15.438206 -2.394431 0.511981
v -15.438206 -2.411786 -0.689959
v -15.405031 -2.406030 0.512148
v -15.405031 -2.423385 -0.689792
v -15.372660 -2.416877 0.512305
v -15.372660 -2.434232 -0.689635
v -15.341099 -2.426973 0.512451
v -15.341099 -2.444328 -0.689489
v -15.310341 -2.436317 0.512585
v -15.310341 -2.453671 -0.689354
v -15.280373 -2.444891 0.512709
v -15.280373 -2.462246 -0.689231
v -15.251179 -2.452677 0.512822
v -15.251179 -2.470032 -0.689118
v -15.222757 -2.459675 0.512923
v -15.222757 -2.477030 -0.689017
v -15.195105 -2.465884 0.513012
v -15.195105 -2.483239 -0.688928
v -15.168226 -2.471306 0.513091
v -15.168226 -2.488661 -0.688849
v -15.142118 -2.475939 0.513158
v -15.142118 -2.493294 -0.688782
v -15.116783 -2.479784 0.513213
v -15.116783 -2.497139 -0.688727
v -15.092218 -2.482841 0.513257
v -15.092218 -2.500196 -0.688683
v -15.068428 -2.485109 0.513290
v -15.068428 -2.502464 -0.688650
v -15.045408 -2.486590 0.513311
v -15.045408 -2.503945 -0.688629
v -15.023161 -2.487282 0.513321
v -15.023161 -2.504637 -0.688619
v -15.001686 -2.487186 0.513320
v -15.001686 -2.504541 -0.688620
v -14.900175 -2.482517 0.513252
v -14.900175 -2.499872 -0.688687
v -14.803093 -2.473329 0.513120
v -14.803093 -2.490684 -0.688820
v -14.710440 -2.459622 0.512922
v -14.710440 -2.476976 -0.689018
v -14.622217 -2.441396 0.512659
v -14.622217 -2.458750 -0.689281
v -14.538422 -2.418651 0.512330
v -14.538422 -2.436006 -0.689610
v -14.459055 -2.391387 0.511937
v -14.459055 -2.408742 -0.690003
v -14.384119 -2.359604 0.511478
v -14.384119 -2.376959 -0.690462
v -14.313610 -2.323303 0.510954
v -14.313610 -2.340658 -0.690986
v -14.247534 -2.282483 0.510364
v -14.247534 -2.299837 -0.691576
v -14.185883 -2.237144 0.509709
v -14.185883 -2.254498 -0.692230
v -14.128664 -2.187285 0.508990
v -14.128664 -2.204640 -0.692950
v -14.075880 -2.132909 0.508204
v -14.075880 -2.150263 -0.693736
v -14.027519 -2.074031 0.507354
v -14.027519 -2.091385 -0.694586
v -13.983587 -2.010670 0.506439
v -13.983587 -2.028024 -0.695501
v -13.944082 -1.942826 0.505460
v -13.944082 -1.960181 -0.696480
v -13.909008 -1.870499 0.504415
v -13.909008 -1.887853 -0.697524
v -13.878359 -1.793688 0.503306
v -13.878359 -1.811043 -0.698634
v -13.852142 -1.712395 0.502133
v -13.852142 -1.729750 -0.699807
v -13.830351 -1.626619 0.500894
v -13.830351 -1.643974 -0.701046
v -13.812988 -1.536360 0.499591
v -13.812988 -1.553715 -0.702349
v -13.800055 -1.441617 0.498223
v -13.800055 -1.458972 -0.703717
v -13.791550 -1.342392 0.496790
v -13.791550 -1.359747 -0.705150
v -13.787474 -1.238683 0.495293
v -13.787474 -1.256038 -0.706647
v -13.787828 -1.130492 0.493730
v -13.787828 -1.147847 -0.708209
v -13.793396 -1.028253 0.492254
v -13.793396 -1.045608 -0.709686
v -13.805292 -0.928650 0.490816
v -13.805292 -0.946005 -0.711124
v -13.823513 -0.831685 0.489416
v -13.823513 -0.849040 -0.712524
v -13.848063 -0.737357 0.488054
v -13.848063 -0.754712 -0.713886
v -13.878937 -0.645665 0.486730
v -13.878937 -0.663020 -0.715210
v -13.916140 -0.556611 0.485444
v -13.916140 -0.573966 -0.716496
v -13.959667 -0.470194 0.484196
v -13.959667 -0.487549 -0.717744
v -14.009521 -0.386414 0.482987
v -14.009521 -0.403769 -0.718953
v -14.065702 -0.305270 0.481815
v -14.065702 -0.322625 -0.720125
v -14.128212 -0.226764 0.480682
v -14.128212 -0.244119 -0.721258
v -14.197046 -0.150895 0.479586
v -14.197046 -0.168250 -0.722354
v -14.272207 -0.077663 0.478529
v -14.272207 -0.095018 -0.723411
v -14.351717 -0.008849 0.477535
v -14.351717 -0.026204 -0.724405
v -14.433592 0.053766 0.476631
v -14.433592 0.036411 -0.725309
v -14.517836 0.110181 0.475816
v -14.517836 0.092826 -0.726123
v -14.604446 0.160396 0.475091
v -14.604446 0.143041 -0.726848
v -14.693424 0.204412 0.474456
v -14.693424 0.187057 -0.727484
v -14.784773 0.242229 0.473910
v -14.784773 0.224874 -0.728030
v -14.878489 0.273846 0.473453
v -14.878489 0.256491 -0.728487
v -14.974571 0.299264 0.473086
v -14.974571 0.281909 -0.728854
v -15.073023 0.318482 0.472809
v -15.073023 0.301127 -0.729131
v -15.173843 0.331500 0.472621
v -15.173843 0.314145 -0.729319
v -15.277031 0.338319 0.472522
v -15.277031 0.320964 -0.729417
v -15.382584 0.338940 0.472514
v -15.382584 0.321585 -0.729426
v -15.423990 0.337011 0.472541
v -15.423990 0.319656 -0.729398
v -15.466423 0.333122 0.472598
v -15.466423 0.315767 -0.729342
v -15.509890 0.327276 0.472682
v -15.509890 0.309921 -0.729258
v -15.554386 0.319471 0.472795
v -15.554386 0.302116 -0.729145
v -15.599915 0.309707 0.472936
v -15.599915 0.292352 -0.729004
v -15.646473 0.297984 0.473105
v -15.646473 0.280629 -0.728835
v -15.694063 0.284303 0.473302
v -15.694063 0.266948 -0.728637
v -15.742683 0.268663 0.473528
v -15.742683 0.251308 -0.728412
v -15.792336 0.251064 0.473782
v -15.792336 0.233709 -0.728158
v -15.843019 0.231507 0.474065
v -15.843019 0.214152 -0.727875
v -15.894733 0.209991 0.474375
v -15.894733 0.192636 -0.727564
v -15.947477 0.186517 0.474714
v -15.947477 0.169162 -0.727225
v -16.009102 0.156763 0.475144
v -16.009102 0.139408 -0.726796
v -16.065292 0.126383 0.475583
v -16.065292 0.109029 -0.726357
v -16.116051 0.095378 0.476030
v -16.116051 0.078023 -0.725909
v -16.161377 0.063746 0.476487
v -16.161377 0.046391 -0.725453
v -16.201265 0.031487 0.476953
v -16.201265 0.014132 -0.724987
v -16.235723 -0.001397 0.477428
v -16.235723 -0.018752 -0.724512
v -16.264750 -0.034908 0.477912
v -16.264750 -0.052262 -0.724028
v -16.288342 -0.069044 0.478405
v -16.288342 -0.086399 -0.723535
v -16.306496 -0.103807 0.478907
v -16.306496 -0.121161 -0.723033
v -16.319221 -0.139196 0.479418
v -16.319221 -0.156551 -0.722522
v -16.326513 -0.175211 0.479937
v -16.326513 -0.192565 -0.722002
v -16.328371 -0.211852 0.480467
v -16.328371 -0.229206 -0.721473
v -16.327602 -0.227150 0.480687
v -16.327602 -0.244505 -0.721253
v -16.326017 -0.242107 0.480903
v -16.326017 -0.259462 -0.721036
v -16.323614 -0.256723 0.481114
v -16.323614 -0.274078 -0.720825
v -16.320393 -0.270997 0.481321
v -16.320393 -0.288352 -0.720619
v -16.316357 -0.284930 0.481522
v -16.316357 -0.302285 -0.720418
v -16.311502 -0.298521 0.481718
v -16.311502 -0.315876 -0.720222
v -16.305830 -0.311771 0.481909
v -16.305830 -0.329126 -0.720031
v -16.299337 -0.324680 0.482096
v -16.299337 -0.342034 -0.719844
v -16.292030 -0.337247 0.482277
v -16.292030 -0.354601 -0.719663
v -16.283903 -0.349472 0.482454
v -16.283903 -0.366827 -0.719486
v -16.274961 -0.361356 0.482625
v -16.274961 -0.378711 -0.719315
v -16.265202 -0.372899 0.482792
v -16.265202 -0.390253 -0.719148
v -16.260571 -0.390356 0.483044
v -16.260571 -0.407710 -0.718896
v -16.256084 -0.408550 0.483307
v -16.256084 -0.425905 -0.718633
v -16.251741 -0.427483 0.483580
v -16.251741 -0.444838 -0.718360
v -16.247545 -0.447153 0.483864
v -16.247545 -0.464508 -0.718076
v -16.243490 -0.467561 0.484159
v -16.243490 -0.484916 -0.717781
v -16.239580 -0.488708 0.484464
v -16.239580 -0.506062 -0.717476
v -16.235817 -0.510592 0.484780
v -16.235817 -0.527946 -0.717160
v -16.232195 -0.533213 0.485107
v -16.232195 -0.550568 -0.716833
v -16.228718 -0.556573 0.485444
v -16.228718 -0.573927 -0.716496
v -16.225386 -0.580670 0.485792
v -16.225386 -0.598025 -0.716148
v -16.222197 -0.605505 0.486151
v -16.222197 -0.622860 -0.715789
v -16.219152 -0.631078 0.486520
v -16.219152 -0.648433 -0.715420
v -16.216272 -0.657389 0.486900
v -16.216272 -0.674744 -0.715040
v -16.213572 -0.684439 0.487290
v -16.213572 -0.701794 -0.714650
v -16.211048 -0.712228 0.487691
v -16.211048 -0.729583 -0.714248
v -16.208708 -0.740755 0.488103
v -16.208708 -0.758110 -0.713837
v -16.206547 -0.770021 0.488526
v -16.206547 -0.787376 -0.713414
v -16.204569 -0.800025 0.488959
v -16.204569 -0.817380 -0.712981
v -16.202768 -0.830768 0.489403
v -16.202768 -0.848123 -0.712537
v -16.201149 -0.862250 0.489858
v -16.201149 -0.879605 -0.712082
v -16.199707 -0.894471 0.490323
v -16.199707 -0.911825 -0.711617
v -16.198448 -0.927430 0.490799
v -16.198448 -0.944785 -0.711141
v -16.197371 -0.961128 0.491285
v -16.197371 -0.978482 -0.710655
v -16.196472 -0.995564 0.491783
v -16.196472 -1.012919 -0.710157
v -16.195093 -1.075732 0.492940
v -16.195093 -1.093087 -0.709000
v -16.194773 -1.152092 0.494043
v -16.194773 -1.169446 -0.707897
v -16.195507 -1.224642 0.495090
v -16.195507 -1.241997 -0.706850
v -16.197302 -1.293383 0.496083
v -16.197302 -1.310738 -0.705857
v -16.200153 -1.358315 0.497020
v -16.200153 -1.375670 -0.704920
v -16.204062 -1.419439 0.497903
v -16.204062 -1.436793 -0.704037
v -16.209026 -1.476753 0.498730
v -16.209026 -1.494108 -0.703209
v -16.215050 -1.530258 0.499503
v -16.215050 -1.547613 -0.702437
v -16.222132 -1.579955 0.500221
v -16.222132 -1.597309 -0.701719
v -16.230270 -1.625842 0.500883
v -16.230270 -1.643197 -0.701057
v -16.239466 -1.667920 0.501491
v -16.239466 -1.685275 -0.700449
v -16.249722 -1.706190 0.502043
v -16.249722 -1.723545 -0.699897
v -16.251604 -1.711644 0.502122
v -16.251604 -1.728998 -0.699818
v -16.254848 -1.720210 0.502246
v -16.254848 -1.737565 -0.699694
v -16.259460 -1.731890 0.502414
v -16.259460 -1.749244 -0.699526
v -16.265430 -1.746682 0.502628
v -16.265430 -1.764037 -0.699312
v -16.272766 -1.764587 0.502886
v -16.272766 -1.781942 -0.699053
v -16.281466 -1.785605 0.503190
v -16.281466 -1.802960 -0.698750
v -16.291527 -1.809736 0.503538
v -16.291527 -1.827091 -0.698402
v -16.302950 -1.836980 0.503932
v -16.302950 -1.854334 -0.698008
v -16.315739 -1.867336 0.504370
v -16.315739 -1.884691 -0.697570
v -16.329889 -1.900806 0.504853
v -16.329889 -1.918160 -0.697087
v -16.345402 -1.937388 0.505382
v -16.345402 -1.954743 -0.696558
v -16.362280 -1.977083 0.505955
v -16.362280 -1.994438 -0.695985
v -16.377539 -2.013086 0.506475
v -16.377539 -2.030441 -0.695465
v -16.391459 -2.046407 0.506956
v -16.391459 -2.063762 -0.694984
v -16.404041 -2.077045 0.507398
v -16.404041 -2.094400 -0.694542
v -16.415289 -2.105001 0.507802
v -16.415289 -2.122356 -0.694138
v -16.425198 -2.130275 0.508167
v -16.425198 -2.147630 -0.693773
v -16.433771 -2.152867 0.508493
v -16.433771 -2.170222 -0.693447
v -16.441006 -2.172776 0.508780
v -16.441006 -2.190131 -0.693160
v -16.446903 -2.190003 0.509029
v -16.446903 -2.207358 -0.692911
v -16.451464 -2.204547 0.509239
v -16.451464 -2.221902 -0.692701
v -16.454689 -2.216410 0.509410
v -16.454689 -2.233764 -0.692530
v -16.456573 -2.225590 0.509543
v -16.456573 -2.242944 -0.692397
v -16.457121 -2.232087 0.509637
v -16.457121 -2.249442 -0.692303
v -16.455873 -2.254522 0.509961
v -16.455873 -2.271877 -0.691979
v -16.453186 -2.276278 0.510275
v -16.453186 -2.293633 -0.691665
v -16.449062 -2.297357 0.510579
v -16.449062 -2.314712 -0.691361
v -16.443502 -2.317757 0.510874
v -16.443502 -2.335112 -0.691066
v -16.436504 -2.337479 0.511159
v -16.436504 -2.354834 -0.690781
v -16.428068 -2.356522 0.511433
v -16.428068 -2.373877 -0.690506
v -16.418196 -2.374887 0.511699
v -16.418196 -2.392242 -0.690241
v -16.406885 -2.392575 0.511954
v -16.406885 -2.409929 -0.689986
v -16.394135 -2.409583 0.512200
v -16.394135 -2.426938 -0.689740
v -16.379948 -2.425913 0.512435
v -16.379948 -2.443268 -0.689505
v -16.364323 -2.441565 0.512661
v -16.364323 -2.458920 -0.689279
v -15.560520 -1.677279 0.501626
v -15.560520 -1.694634 -0.700314
v -15.550474 -1.576872 0.500176
v -15.550474 -1.594226 -0.701764
v -15.541403 -1.480786 0.498789
v -15.541403 -1.498141 -0.703151
v -15.533306 -1.389022 0.497464
v -15.533306 -1.406377 -0.704476
v -15.526188 -1.301580 0.496201
v -15.526188 -1.318935 -0.705739
v -15.520044 -1.218460 0.495001
v -15.520044 -1.235815 -0.706939
v -15.514879 -1.139663 0.493863
v -15.514879 -1.157018 -0.708077
v -15.510687 -1.065187 0.492788
v -15.510687 -1.082542 -0.709152
v -15.507473 -0.995033 0.491775
v -15.507473 -1.012388 -0.710165
v -15.505236 -0.929202 0.490824
v -15.505236 -0.946557 -0.711116
v -15.503973 -0.867692 0.489936
v -15.503973 -0.885047 -0.712004
v -15.503687 -0.810504 0.489110
v -15.503687 -0.827859 -0.712830
v -15.504379 -0.757639 0.488347
v -15.504379 -0.774993 -0.713593
v -15.504784 -0.743720 0.488146
v -15.504784 -0.761075 -0.713794
v -15.505358 -0.729465 0.487940
v -15.505358 -0.746820 -0.714000
v -15.506102 -0.714874 0.487730
v -15.506102 -0.732228 -0.714210
v -15.507013 -0.699946 0.487514
v -15.507013 -0.717300 -0.714426
v -15.508095 -0.684681 0.487294
v -15.508095 -0.702036 -0.714646
v -15.509344 -0.669080 0.487068
v -15.509344 -0.686435 -0.714872
v -15.510765 -0.653143 0.486838
v -15.510765 -0.670498 -0.715102
v -15.512354 -0.636870 0.486603
v -15.512354 -0.654224 -0.715337
v -15.514112 -0.620260 0.486363
v -15.514112 -0.637614 -0.715576
v -15.516039 -0.603313 0.486119
v -15.516039 -0.620668 -0.715821
v -15.518137 -0.586030 0.485869
v -15.518137 -0.603385 -0.716071
v -15.520401 -0.568411 0.485615
v -15.520401 -0.585765 -0.716325
v -15.522839 -0.550455 0.485356
v -15.522839 -0.567810 -0.716584
v -15.525444 -0.532163 0.485091
v -15.525444 -0.549517 -0.716848
v -15.528219 -0.513534 0.484822
v -15.528219 -0.530889 -0.717117
v -15.531164 -0.494569 0.484549
v -15.531164 -0.511924 -0.717391
v -15.534277 -0.475267 0.484270
v -15.534277 -0.492622 -0.717670
v -15.537560 -0.455629 0.483986
v -15.537560 -0.472984 -0.717954
v -15.541012 -0.435655 0.483698
v -15.541012 -0.453010 -0.718242
v -15.544632 -0.415344 0.483405
v -15.544632 -0.432699 -0.718535
v -15.548422 -0.394697 0.483107
v -15.548422 -0.412052 -0.718833
v -15.552380 -0.373713 0.482804
v -15.552380 -0.391068 -0.719136
v -15.556509 -0.352393 0.482496
v -15.556509 -0.369748 -0.719444
v -15.560806 -0.330737 0.482183
v -15.560806 -0.348091 -0.719757
v -15.552376 -0.326340 0.482120
v -15.552376 -0.343695 -0.719820
v -15.544104 -0.322144 0.482059
v -15.544104 -0.339499 -0.719881
v -15.535988 -0.318149 0.482001
v -15.535988 -0.335504 -0.719939
v -15.528028 -0.314354 0.481946
v -15.528028 -0.331709 -0.719993
v -15.520227 -0.310760 0.481895
v -15.520227 -0.328115 -0.720045
v -15.512581 -0.307368 0.481846
v -15.512581 -0.324722 -0.720094
v -15.505093 -0.304175 0.481799
v -15.505093 -0.321530 -0.720140
v -15.497759 -0.301183 0.481756
v -15.497759 -0.318538 -0.720184
v -15.490583 -0.298392 0.481716
v -15.490583 -0.315747 -0.720224
v -15.483566 -0.295802 0.481679
v -15.483566 -0.313156 -0.720261
v -15.476706 -0.293412 0.481644
v -15.476706 -0.310767 -0.720296
v -15.469999 -0.291223 0.481613
v -15.469999 -0.308578 -0.720327
v -15.463453 -0.289217 0.481584
v -15.463453 -0.306571 -0.720356
v -15.457066 -0.287375 0.481557
v -15.457066 -0.304730 -0.720383
v -15.450832 -0.285699 0.481533
v -15.450832 -0.303054 -0.720407
v -15.444757 -0.284187 0.481511
v -15.444757 -0.301542 -0.720429
v -15.438841 -0.282841 0.481491
v -15.438841 -0.300195 -0.720448
v -15.433081 -0.281659 0.481474
v -15.433081 -0.299014 -0.720466
v -15.427479 -0.280642 0.481460
v -15.427479 -0.297997 -0.720480
v -15.422035 -0.279790 0.481447
v -15.422035 -0.297145 -0.720493
v -15.416748 -0.279103 0.481438
v -15.416748 -0.296458 -0.720502
v -15.411619 -0.278581 0.481430
v -15.411619 -0.295936 -0.720510
v -15.406649 -0.278224 0.481425
v -15.406649 -0.295578 -0.720515
v -15.401836 -0.278031 0.481422
v -15.401836 -0.295386 -0.720518
v -15.343868 -0.278592 0.481430
v -15.343868 -0.295947 -0.720510
v -15.287029 -0.282995 0.481494
v -15.287029 -0.300350 -0.720446
v -15.231323 -0.291240 0.481613
v -15.231323 -0.308595 -0.720327
v -15.176746 -0.303326 0.481787
v -15.176746 -0.320681 -0.720153
v -15.123301 -0.319255 0.482017
v -15.123301 -0.336610 -0.719923
v -15.070984 -0.339026 0.482303
v -15.070984 -0.356380 -0.719637
v -15.019800 -0.362638 0.482644
v -15.019800 -0.379993 -0.719296
v -14.969749 -0.390093 0.483040
v -14.969749 -0.407448 -0.718900
v -14.920828 -0.421389 0.483492
v -14.920828 -0.438744 -0.718448
v -14.873035 -0.456527 0.483999
v -14.873035 -0.473882 -0.717941
v -14.826374 -0.495508 0.484562
v -14.826374 -0.512862 -0.717378
v -14.780844 -0.538330 0.485180
v -14.780844 -0.555685 -0.716760
v -14.737698 -0.583715 0.485836
v -14.737698 -0.601070 -0.716104
v -14.698177 -0.630385 0.486510
v -14.698177 -0.647740 -0.715430
v -14.662291 -0.678340 0.487202
v -14.662291 -0.695695 -0.714738
v -14.630032 -0.727579 0.487913
v -14.630032 -0.744934 -0.714027
v -14.601404 -0.778103 0.488642
v -14.601404 -0.795458 -0.713297
v -14.576408 -0.829911 0.489390
v -14.576408 -0.847266 -0.712549
v -14.555042 -0.883004 0.490157
v -14.555042 -0.900359 -0.711783
v -14.537308 -0.937382 0.490942
v -14.537308 -0.954736 -0.710998
v -14.523201 -0.993043 0.491746
v -14.523201 -1.010398 -0.710194
v -14.512728 -1.049990 0.492568
v -14.512728 -1.067345 -0.709372
v -14.505884 -1.108221 0.493409
v -14.505884 -1.125576 -0.708531
v -14.502670 -1.167737 0.494268
v -14.502670 -1.185092 -0.707672
v -14.502220 -1.224147 0.495083
v -14.502220 -1.241501 -0.706857
v -14.503548 -1.278215 0.495864
v -14.503548 -1.295569 -0.706076
v -14.506653 -1.329941 0.496610
v -14.506653 -1.347296 -0.705330
v -14.511534 -1.379327 0.497324
v -14.511534 -1.396682 -0.704616
v -14.518192 -1.426371 0.498003
v -14.518192 -1.443726 -0.703937
v -14.526628 -1.471074 0.498648
v -14.526628 -1.488429 -0.703292
v -14.536839 -1.513436 0.499260
v -14.536839 -1.530790 -0.702680
v -14.548828 -1.553456 0.499838
v -14.548828 -1.570811 -0.702102
v -14.562593 -1.591135 0.500382
v -14.562593 -1.608490 -0.701558
v -14.578138 -1.626473 0.500892
v -14.578138 -1.643828 -0.701048
v -14.595459 -1.659470 0.501368
v -14.595459 -1.676825 -0.700571
v -14.614553 -1.690125 0.501811
v -14.614553 -1.707480 -0.700129
v -14.635427 -1.718422 0.502220
v -14.635427 -1.735776 -0.699720
v -14.658079 -1.744341 0.502594
v -14.658079 -1.761696 -0.699346
v -14.682508 -1.767883 0.502934
v -14.682508 -1.785238 -0.699006
v -14.708715 -1.789048 0.503239
v -14.708715 -1.806403 -0.698700
v -14.736700 -1.807836 0.503511
v -14.736700 -1.825191 -0.698429
v -14.766466 -1.824247 0.503748
v -14.766466 -1.841602 -0.698192
v -14.798006 -1.838281 0.503950
v -14.798006 -1.855636 -0.697990
v -14.831324 -1.849938 0.504119
v -14.831324 -1.867292 -0.697821
v -14.866419 -1.859217 0.504253
v -14.866419 -1.876572 -0.697687
v -14.903292 -1.866120 0.504352
v -14.903292 -1.883475 -0.697588
v -14.941946 -1.870646 0.504418
v -14.941946 -1.888000 -0.697522
v -14.982374 -1.872794 0.504449
v -14.982374 -1.890149 -0.697491
v -15.008953 -1.873044 0.504452
v -15.008953 -1.890399 -0.697488
v -15.035313 -1.872555 0.504445
v -15.035313 -1.889910 -0.697495
v -15.061459 -1.871326 0.504428
v -15.061459 -1.888681 -0.697512
v -15.087387 -1.869358 0.504399
v -15.087387 -1.886713 -0.697541
v -15.113098 -1.866650 0.504360
v -15.113098 -1.884005 -0.697580
v -15.138594 -1.863203 0.504310
v -15.138594 -1.880558 -0.697630
v -15.163876 -1.859016 0.504250
v -15.163876 -1.876371 -0.697690
v -15.188940 -1.854090 0.504179
v -15.188940 -1.871445 -0.697761
v -15.213787 -1.848425 0.504097
v -15.213787 -1.865779 -0.697843
v -15.238420 -1.842019 0.504004
v -15.238420 -1.859374 -0.697936
v -15.262836 -1.834875 0.503901
v -15.262836 -1.852230 -0.698039
v -15.287035 -1.826991 0.503787
v -15.287035 -1.844345 -0.698153
v -15.311018 -1.818385 0.503663
v -15.311018 -1.835740 -0.698277
v -15.334785 -1.809076 0.503529
v -15.334785 -1.826430 -0.698411
v -15.358335 -1.799062 0.503384
v -15.358335 -1.816417 -0.698556
v -15.381668 -1.788346 0.503229
v -15.381668 -1.805701 -0.698711
v -15.404783 -1.776925 0.503065
v -15.404783 -1.794280 -0.698875
v -15.427681 -1.764801 0.502889
v -15.427681 -1.782156 -0.699050
v -15.450363 -1.751973 0.502704
v -15.450363 -1.769328 -0.699236
v -15.472828 -1.738442 0.502509
v -15.472828 -1.755797 -0.699431
v -15.495077 -1.724207 0.502303
v -15.495077 -1.741562 -0.699637
v -15.517109 -1.709268 0.502088
v -15.517109 -1.726623 -0.699852
v -15.538923 -1.693625 0.501862
v -15.538923 -1.710980 -0.700078
v -19.031666 -0.406219 0.483273
v -19.031666 -0.423574 -0.718667
v -19.031153 -0.427507 0.483581
v -19.031153 -0.444861 -0.718359
v -19.030634 -0.447540 0.483870
v -19.030634 -0.464895 -0.718070
v -19.030109 -0.466320 0.484141
v -19.030109 -0.483674 -0.717799
v -19.029575 -0.483845 0.484394
v -19.029575 -0.501200 -0.717546
v -19.029036 -0.500116 0.484629
v -19.029036 -0.517471 -0.717311
v -19.028490 -0.515133 0.484846
v -19.028490 -0.532488 -0.717094
v -19.027935 -0.528896 0.485045
v -19.027935 -0.546251 -0.716895
v -19.027374 -0.541405 0.485225
v -19.027374 -0.558760 -0.716715
v -19.026808 -0.552660 0.485388
v -19.026808 -0.570014 -0.716552
v -19.026236 -0.562660 0.485532
v -19.026236 -0.580015 -0.716408
v -19.025658 -0.571406 0.485659
v -19.025658 -0.588761 -0.716281
v -19.025070 -0.578899 0.485767
v -19.025070 -0.596253 -0.716173
v -19.017563 -0.641763 0.486674
v -19.017563 -0.659118 -0.715266
v -19.005842 -0.699048 0.487502
v -19.005842 -0.716403 -0.714438
v -18.989910 -0.750753 0.488248
v -18.989910 -0.768108 -0.713692
v -18.969763 -0.796879 0.488914
v -18.969763 -0.814234 -0.713026
v -18.945408 -0.837426 0.489500
v -18.945408 -0.854781 -0.712440
v -18.916836 -0.872393 0.490004
v -18.916836 -0.889747 -0.711935
v -18.884052 -0.901780 0.490429
v -18.884052 -0.919135 -0.711511
v -18.847055 -0.925588 0.490773
v -18.847055 -0.942943 -0.711167
v -18.805849 -0.943816 0.491036
v -18.805849 -0.961171 -0.710904
v -18.760429 -0.956465 0.491218
v -18.760429 -0.973820 -0.710722
v -18.710796 -0.963534 0.491320
v -18.710796 -0.980889 -0.710620
v -18.656950 -0.965024 0.491342
v -18.656950 -0.982379 -0.710598
v -18.605032 -0.961489 0.491291
v -18.605032 -0.978844 -0.710649
v -18.557745 -0.953404 0.491174
v -18.557745 -0.970759 -0.710766
v -18.515081 -0.940769 0.490992
v -18.515081 -0.958123 -0.710948
v -18.477047 -0.923583 0.490744
v -18.477047 -0.940938 -0.711196
v -18.443640 -0.901848 0.490430
v -18.443640 -0.919203 -0.711510
v -18.414860 -0.875562 0.490050
v -18.414860 -0.892917 -0.711890
v -18.390709 -0.844727 0.489605
v -18.390709 -0.862082 -0.712335
v -18.371181 -0.809341 0.489094
v -18.371181 -0.826696 -0.712846
v -18.356285 -0.769405 0.488517
v -18.356285 -0.786760 -0.713423
v -18.346014 -0.724920 0.487875
v -18.346014 -0.742275 -0.714065
v -18.340370 -0.675884 0.487167
v -18.340370 -0.693238 -0.714773
v -18.339355 -0.622298 0.486393
v -18.339355 -0.639652 -0.715547
v -18.332495 -0.361599 0.482629
v -18.332495 -0.378954 -0.719311
v -18.237524 -0.377718 0.482862
v -18.237524 -0.395073 -0.719078
v -18.147015 -0.399638 0.483178
v -18.147015 -0.416993 -0.718762
v -18.060961 -0.427358 0.483579
v -18.060961 -0.444713 -0.718361
v -17.979368 -0.460878 0.484062
v -17.979368 -0.478233 -0.717877
v -17.902231 -0.500198 0.484630
v -17.902231 -0.517553 -0.717310
v -17.829556 -0.545318 0.485282
v -17.829556 -0.562673 -0.716658
v -17.761337 -0.596239 0.486017
v -17.761337 -0.613594 -0.715923
v -17.697577 -0.652960 0.486836
v -17.697577 -0.670314 -0.715104
v -17.638275 -0.715481 0.487739
v -17.638275 -0.732835 -0.714201
v -17.583431 -0.783802 0.488725
v -17.583431 -0.801156 -0.713215
v -17.533049 -0.857923 0.489795
v -17.533049 -0.875278 -0.712145
v -17.487123 -0.937844 0.490949
v -17.487123 -0.955199 -0.710991
v -17.459570 -2.234741 0.509675
v -17.459570 -2.252096 -0.692265
v -17.458309 -2.258868 0.510024
v -17.458309 -2.276223 -0.691916
v -17.455666 -2.282265 0.510361
v -17.455666 -2.299620 -0.691579
v -17.451641 -2.304931 0.510689
v -17.451641 -2.322286 -0.691251
v -17.446232 -2.326867 0.511005
v -17.446232 -2.344221 -0.690935
v -17.439442 -2.348071 0.511312
v -17.439442 -2.365426 -0.690628
v -17.431267 -2.368545 0.511607
v -17.431267 -2.385900 -0.690333
v -17.421711 -2.388288 0.511892
v -17.421711 -2.405643 -0.690048
v -17.410774 -2.407300 0.512167
v -17.410774 -2.424655 -0.689773
v -17.398453 -2.425581 0.512431
v -17.398453 -2.442936 -0.689509
v -17.384748 -2.443132 0.512684
v -17.384748 -2.460487 -0.689256
v -17.369663 -2.459952 0.512927
v -17.369663 -2.477307 -0.689013
v -17.353193 -2.476041 0.513159
v -17.353193 -2.493396 -0.688781
v -17.335672 -2.491085 0.513377
v -17.335672 -2.508440 -0.688563
v -17.317427 -2.504768 0.513574
v -17.317427 -2.522123 -0.688366
v -17.298462 -2.517091 0.513752
v -17.298462 -2.534446 -0.688188
v -17.278774 -2.528054 0.513910
v -17.278774 -2.545409 -0.688030
v -17.258364 -2.537656 0.514049
v -17.258364 -2.555011 -0.687891
v -17.237234 -2.545898 0.514168
v -17.237234 -2.563253 -0.687772
v -17.215380 -2.552780 0.514267
v -17.215380 -2.570135 -0.687673
v -17.192804 -2.558301 0.514347
v -17.192804 -2.575656 -0.687593
v -17.169508 -2.562462 0.514407
v -17.169508 -2.579817 -0.687533
v -17.145489 -2.565263 0.514448
v -17.145489 -2.582618 -0.687492
v -17.120749 -2.566704 0.514468
v -17.120749 -2.584059 -0.687472
v -17.095289 -2.566784 0.514470
v -17.095289 -2.584139 -0.687470
v -17.069124 -2.565459 0.514450
v -17.069124 -2.582814 -0.687490
v -17.043997 -2.562726 0.514411
v -17.043997 -2.580081 -0.687529
v -17.019905 -2.558583 0.514351
v -17.019905 -2.575938 -0.687589
v -16.996853 -2.553032 0.514271
v -16.996853 -2.570387 -0.687669
v -16.974836 -2.546072 0.514170
v -16.974836 -2.563426 -0.687769
v -16.953859 -2.537702 0.514050
v -16.953859 -2.555057 -0.687890
v -16.933918 -2.527924 0.513908
v -16.933918 -2.545278 -0.688032
v -16.915014 -2.516736 0.513747
v -16.915014 -2.534091 -0.688193
v -16.897148 -2.504139 0.513565
v -16.897148 -2.521494 -0.688375
v -16.880322 -2.490134 0.513363
v -16.880322 -2.507489 -0.688577
v -16.864529 -2.474720 0.513140
v -16.864529 -2.492074 -0.688800
v -16.849777 -2.457896 0.512897
v -16.849777 -2.475251 -0.689043
v -16.836945 -2.441762 0.512664
v -16.836945 -2.459117 -0.689276
v -16.825277 -2.424938 0.512421
v -16.825277 -2.442293 -0.689519
v -16.814777 -2.407425 0.512169
v -16.814777 -2.424780 -0.689771
v -16.805439 -2.389223 0.511906
v -16.805439 -2.406578 -0.690034
v -16.797262 -2.370331 0.511633
v -16.797262 -2.387686 -0.690307
v -16.790255 -2.350749 0.511350
v -16.790255 -2.368104 -0.690590
v -16.784410 -2.330479 0.511057
v -16.784410 -2.347833 -0.690882
v -16.779730 -2.309518 0.510755
v -16.779730 -2.326873 -0.691185
v -16.776215 -2.287868 0.510442
v -16.776215 -2.305223 -0.691498
v -16.773863 -2.265529 0.510120
v -16.773863 -2.282884 -0.691820
v -16.772675 -2.242500 0.509787
v -16.772675 -2.259855 -0.692153
v -16.772654 -2.218781 0.509445
v -16.772654 -2.236136 -0.692495
v -16.811897 -0.530058 0.485061
v -16.811897 -0.547412 -0.716879
v -16.812254 -0.516192 0.484861
v -16.812254 -0.533547 -0.717079
v -16.812710 -0.501235 0.484645
v -16.812710 -0.518590 -0.717295
v -16.813263 -0.485188 0.484413
v -16.813263 -0.502543 -0.717527
v -16.813911 -0.468051 0.484166
v -16.813911 -0.485406 -0.717774
v -16.814659 -0.449823 0.483903
v -16.814659 -0.467178 -0.718037
v -16.815502 -0.430505 0.483624
v -16.815502 -0.447859 -0.718316
v -16.816442 -0.410096 0.483329
v -16.816442 -0.427450 -0.718611
v -16.817482 -0.388597 0.483019
v -16.817482 -0.405951 -0.718921
v -16.818615 -0.366007 0.482692
v -16.818615 -0.383361 -0.719247
v -16.819849 -0.342326 0.482351
v -16.819849 -0.359681 -0.719589
v -16.821178 -0.317555 0.481993
v -16.821178 -0.334910 -0.719947
v -16.822601 -0.291694 0.481619
v -16.822601 -0.309049 -0.720320
v -16.824030 -0.265832 0.481246
v -16.824030 -0.283187 -0.720694
v -16.825359 -0.241062 0.480888
v -16.825359 -0.258416 -0.721052
v -16.826590 -0.217381 0.480546
v -16.826590 -0.234736 -0.721393
v -16.827726 -0.194791 0.480220
v -16.827726 -0.212146 -0.721720
v -16.828764 -0.173292 0.479910
v -16.828764 -0.190647 -0.722030
v -16.829706 -0.152883 0.479615
v -16.829706 -0.170238 -0.722325
v -16.830549 -0.133565 0.479336
v -16.830549 -0.150920 -0.722604
v -16.831295 -0.115337 0.479073
v -16.831295 -0.132692 -0.722867
v -16.831945 -0.098200 0.478826
v -16.831945 -0.115554 -0.723114
v -16.832499 -0.082152 0.478594
v -16.832499 -0.099507 -0.723346
v -16.832952 -0.067196 0.478378
v -16.832952 -0.084551 -0.723562
v -16.833309 -0.053330 0.478178
v -16.833309 -0.070685 -0.723762
v -16.834461 -0.029612 0.477835
v -16.834461 -0.046967 -0.724105
v -16.836800 -0.006584 0.477503
v -16.836800 -0.023939 -0.724437
v -16.840324 0.015753 0.477180
v -16.840324 -0.001602 -0.724760
v -16.845034 0.037400 0.476868
v -16.845034 0.020045 -0.725072
v -16.850931 0.058357 0.476565
v -16.850931 0.041002 -0.725375
v -16.858013 0.078623 0.476272
v -16.858013 0.061268 -0.725667
v -16.866283 0.098199 0.475990
v -16.866283 0.080844 -0.725950
v -16.875738 0.117084 0.475717
v -16.875738 0.099729 -0.726223
v -16.886381 0.135279 0.475454
v -16.886381 0.117924 -0.726486
v -16.898207 0.152784 0.475202
v -16.898207 0.135429 -0.726738
v -16.911222 0.169598 0.474959
v -16.911222 0.152243 -0.726981
v -16.925423 0.185722 0.474726
v -16.925423 0.168367 -0.727214
v -16.940710 0.200818 0.474508
v -16.940710 0.183463 -0.727432
v -16.956989 0.214547 0.474310
v -16.956989 0.197192 -0.727630
v -16.974258 0.226909 0.474131
v -16.974258 0.209554 -0.727809
v -16.992521 0.237905 0.473973
v -16.992521 0.220550 -0.727967
v -17.011772 0.247534 0.473834
v -17.011772 0.230179 -0.728106
v -17.032017 0.255796 0.473714
v -17.032017 0.238441 -0.728226
v -17.053251 0.262693 0.473615
v -17.053251 0.245338 -0.728325
v -17.075476 0.268222 0.473535
v -17.075476 0.250867 -0.728405
v -17.098690 0.272385 0.473475
v -17.098690 0.255030 -0.728465
v -17.122896 0.275181 0.473434
v -17.122896 0.257826 -0.728506
v -17.148096 0.276611 0.473414
v -17.148096 0.259256 -0.728526
v -17.174286 0.276675 0.473413
v -17.174286 0.259320 -0.728527
v -17.220400 0.273561 0.473458
v -17.220400 0.256206 -0.728482
v -17.263191 0.266441 0.473561
v -17.263191 0.249086 -0.728379
v -17.302658 0.255313 0.473721
v -17.302658 0.237958 -0.728219
v -17.338802 0.240178 0.473940
v -17.338802 0.222823 -0.728000
v -17.371624 0.221035 0.474216
v -17.371624 0.203681 -0.727724
v -17.401123 0.197886 0.474550
v -17.401123 0.180531 -0.727389
v -17.427299 0.170729 0.474943
v -17.427299 0.153375 -0.726997
v -17.450151 0.139566 0.475393
v -17.450151 0.122211 -0.726547
v -17.469681 0.104395 0.475900
v -17.469681 0.087040 -0.726040
v -17.485888 0.065217 0.476466
v -17.485888 0.047862 -0.725474
v -17.498772 0.022032 0.477090
v -17.498772 0.004677 -0.724850
v -17.508333 -0.025160 0.477771
v -17.508333 -0.042515 -0.724169
v -17.586475 0.027410 0.477012
v -17.586475 0.010056 -0.724928
v -17.665909 0.075222 0.476322
v -17.665909 0.057868 -0.725618
v -17.746630 0.118275 0.475700
v -17.746630 0.100920 -0.726240
v -17.828640 0.156568 0.475147
v -17.828640 0.139213 -0.726793
v -17.911940 0.190102 0.474663
v -17.911940 0.172747 -0.727277
v -17.996527 0.218877 0.474248
v -17.996527 0.201522 -0.727692
v -18.082405 0.242893 0.473901
v -18.082405 0.225538 -0.728039
v -18.169571 0.262149 0.473623
v -18.169571 0.244794 -0.728317
v -18.258024 0.276646 0.473413
v -18.258024 0.259292 -0.728527
v -18.347769 0.286385 0.473273
v -18.347769 0.269030 -0.728667
v -18.438803 0.291364 0.473201
v -18.438803 0.274009 -0.728739
v -18.531124 0.291583 0.473198
v -18.531124 0.274228 -0.728742
v -18.613506 0.284904 0.473294
v -18.613506 0.267549 -0.728646
v -18.688494 0.268866 0.473526
v -18.688494 0.251511 -0.728414
v -18.756086 0.243471 0.473893
v -18.756086 0.226116 -0.728047
v -18.816286 0.208716 0.474394
v -18.816286 0.191361 -0.727546
v -18.869089 0.164603 0.475031
v -18.869089 0.147249 -0.726909
v -18.914501 0.111132 0.475803
v -18.914501 0.093778 -0.726137
v -18.952513 0.048303 0.476711
v -18.952513 0.030949 -0.725229
v -18.983133 -0.023885 0.477753
v -18.983133 -0.041239 -0.724187
v -19.006357 -0.105431 0.478930
v -19.006357 -0.122786 -0.723010
v -19.022190 -0.196335 0.480243
v -19.022190 -0.213690 -0.721697
v -19.030624 -0.296598 0.481691
v -19.030624 -0.313953 -0.720249
vn -0.0000 -0.0144 -0.9999
vn 0.0001 -0.0144 -0.9999
vn -0.0003 -0.0144 -0.9999
vn 0.0004 -0.0144 -0.9999
vn -0.0004 -0.0144 -0.9999
vn -0.0002 -0.0144 -0.9999
vn 0.0010 -0.0144 -0.9999
vn 0.0002 -0.0144 -0.9999
vn -0.0024 -0.0145 -0.9999
vn -0.0000 0.0144 0.9999
vn 0.0001 0.0144 0.9999
vn -0.0003 0.0144 0.9999
vn 0.0004 0.0144 0.9999
vn -0.0004 0.0144 0.9999
vn -0.0002 0.0144 0.9999
vn 0.0010 0.0145 0.9999
vn 0.0002 0.0144 0.9999
vn -0.0024 0.0144 0.9999
vn -0.9997 -0.0257 0.0004
vn -0.9955 -0.0949 0.0014
vn -0.9854 -0.1702 0.0025
vn -0.9685 -0.2490 0.0036
vn -0.9441 -0.3297 0.0048
vn -0.9118 -0.4107 0.0059
vn -0.8718 -0.4899 0.0071
vn -0.8248 -0.5654 0.0082
vn -0.7720 -0.6355 0.0092
vn -0.7150 -0.6990 0.0101
vn -0.6555 -0.7551 0.0109
vn -0.5951 -0.8036 0.0116
vn -0.8134 -0.5816 0.0084
vn -0.9573 -0.2889 0.0042
vn -0.9427 -0.3335 0.0048
vn -0.9253 -0.3792 0.0055
vn -0.9049 -0.4255 0.0061
vn -0.8815 -0.4722 0.0068
vn -0.8549 -0.5187 0.0075
vn -0.8252 -0.5647 0.0082
vn -0.7926 -0.6097 0.0088
vn -0.7572 -0.6531 0.0094
vn -0.7194 -0.6946 0.0100
vn -0.6794 -0.7337 0.0106
vn -0.6358 -0.7718 0.0111
vn -0.5894 -0.8077 0.0117
vn -0.5415 -0.8406 0.0121
vn -0.4903 -0.8714 0.0126
vn -0.4365 -0.8996 0.0130
vn -0.3803 -0.9248 0.0134
vn -0.3225 -0.9465 0.0137
vn -0.2636 -0.9645 0.0139
vn -0.2045 -0.9788 0.0141
vn -0.1456 -0.9892 0.0143
vn -0.0878 -0.9960 0.0144
vn -0.0314 -0.9994 0.0144
vn 0.0210 -0.9997 0.0144
vn 0.0695 -0.9975 0.0144
vn 0.1191 -0.9928 0.0143
vn 0.1725 -0.9849 0.0142
vn 0.2296 -0.9732 0.0141
vn 0.2903 -0.9568 0.0138
vn 0.3540 -0.9351 0.0135
vn 0.4200 -0.9074 0.0131
vn 0.4873 -0.8732 0.0126
vn 0.5545 -0.8321 0.0120
vn 0.6203 -0.7843 0.0113
vn 0.6831 -0.7303 0.0105
vn 0.7414 -0.6710 0.0097
vn 0.7942 -0.6076 0.0088
vn 0.8406 -0.5416 0.0078
vn 0.8803 -0.4745 0.0069
vn 0.9131 -0.4077 0.0059
vn 0.9395 -0.3424 0.0049
vn 0.9601 -0.2796 0.0040
vn 0.9755 -0.2200 0.0032
vn 0.9865 -0.1639 0.0024
vn 0.9937 -0.1117 0.0016
vn 0.9980 -0.0632 0.0009
vn 0.9998 -0.0184 0.0003
vn 0.9997 0.0234 -0.0003
vn 0.9979 0.0640 -0.0009
vn 0.9946 0.1042 -0.0015
vn 0.9896 0.1437 -0.0021
vn 0.9832 0.1823 -0.0026
vn 0.9755 0.2198 -0.0032
vn 0.9666 0.2561 -0.0037
vn 0.9567 0.2911 -0.0042
vn 0.9458 0.3248 -0.0047
vn 0.9340 0.3571 -0.0052
vn 0.9216 0.3880 -0.0056
vn 0.9087 0.4174 -0.0060
vn 0.8952 0.4456 -0.0064
vn 0.8809 0.4732 -0.0068
vn 0.8653 0.5012 -0.0072
vn 0.8483 0.5295 -0.0076
vn 0.8297 0.5581 -0.0081
vn 0.8097 0.5868 -0.0085
vn 0.7881 0.6155 -0.0089
vn 0.7649 0.6441 -0.0093
vn 0.7401 0.6724 -0.0097
vn 0.7138 0.7003 -0.0101
vn 0.6860 0.7276 -0.0105
vn 0.6567 0.7540 -0.0109
vn 0.6243 0.7811 -0.0113
vn 0.5868 0.8096 -0.0117
vn 0.5450 0.8384 -0.0121
vn 0.4996 0.8662 -0.0125
vn 0.4506 0.8926 -0.0129
vn 0.3984 0.9171 -0.0132
vn 0.3431 0.9392 -0.0136
vn 0.2851 0.9584 -0.0138
vn 0.2250 0.9743 -0.0141
vn 0.1634 0.9865 -0.0142
vn 0.1011 0.9948 -0.0144
vn 0.0387 0.9991 -0.0144
vn -0.0224 0.9996 -0.0144
vn -0.0789 0.9968 -0.0144
vn -0.1290 0.9915 -0.0143
vn -0.1732 0.9848 -0.0142
vn -0.2123 0.9771 -0.0141
vn -0.2470 0.9689 -0.0140
vn -0.2779 0.9605 -0.0139
vn -0.3055 0.9521 -0.0137
vn -0.3302 0.9438 -0.0136
vn -0.3525 0.9357 -0.0135
vn -0.3725 0.9279 -0.0134
vn -0.3907 0.9204 -0.0133
vn -0.4113 0.9114 -0.0132
vn -0.4408 0.8975 -0.0130
vn -0.4780 0.8783 -0.0127
vn -0.5204 0.8538 -0.0123
vn -0.5686 0.8225 -0.0119
vn -0.6233 0.7819 -0.0113
vn -0.6845 0.7290 -0.0105
vn -0.7515 0.6597 -0.0095
vn -0.8219 0.5695 -0.0082
vn -0.8907 0.4546 -0.0066
vn -0.9495 0.3137 -0.0045
vn -0.9885 0.1510 -0.0022
vn -1.0000 0.0048 -0.0001
vn -0.9961 -0.0878 0.0013
vn -0.9882 -0.1534 0.0022
vn -0.9756 -0.2196 0.0032
vn -0.9584 -0.2855 0.0041
vn -0.9367 -0.3502 0.0051
vn -0.9109 -0.4126 0.0060
vn -0.8491 -0.5283 0.0076
vn -0.8143 -0.5803 0.0084
vn -0.7780 -0.6282 0.0091
vn -0.7407 -0.6717 0.0097
vn -0.7014 -0.7127 0.0103
vn -0.6569 -0.7539 0.0109
vn -0.6065 -0.7950 0.0115
vn -0.5517 -0.8340 0.0120
vn -0.4928 -0.8700 0.0126
vn -0.4306 -0.9024 0.0130
vn -0.3659 -0.9306 0.0134
vn -0.2995 -0.9540 0.0138
vn -0.2325 -0.9725 0.0140
vn -0.1660 -0.9860 0.0142
vn -0.1007 -0.9948 0.0144
vn -0.0376 -0.9992 0.0144
vn 0.0438 -0.9989 0.0144
vn 0.1475 -0.9890 0.0143
vn 0.2377 -0.9712 0.0140
vn 0.3015 -0.9534 0.0138
vn 0.3485 -0.9372 0.0135
vn 0.3843 -0.9231 0.0133
vn 0.4124 -0.9109 0.0132
vn 0.4349 -0.9004 0.0130
vn 0.4533 -0.8913 0.0129
vn 0.4686 -0.8833 0.0128
vn 0.4816 -0.8763 0.0127
vn 0.4927 -0.8701 0.0126
vn 0.4937 -0.8696 0.0126
vn 0.4759 -0.8794 0.0127
vn 0.4476 -0.8942 0.0129
vn 0.4169 -0.9088 0.0131
vn 0.3839 -0.9233 0.0133
vn 0.3483 -0.9373 0.0135
vn 0.3100 -0.9506 0.0137
vn 0.2690 -0.9630 0.0139
vn 0.2251 -0.9742 0.0141
vn 0.1785 -0.9838 0.0142
vn 0.1291 -0.9915 0.0143
vn 0.0772 -0.9969 0.0144
vn -0.0065 -0.9999 0.0144
vn -0.1410 -0.9899 0.0143
vn -0.2807 -0.9597 0.0139
vn -0.3927 -0.9196 0.0133
vn -0.4807 -0.8768 0.0127
vn -0.5496 -0.8353 0.0121
vn -0.6039 -0.7970 0.0115
vn -0.6471 -0.7623 0.0110
vn -0.6819 -0.7314 0.0106
vn -0.7103 -0.7039 0.0102
vn -0.7337 -0.6794 0.0098
vn -0.7533 -0.6576 0.0095
vn -0.7734 -0.6338 0.0092
vn -0.7995 -0.6006 0.0087
vn -0.8288 -0.5595 0.0081
vn -0.8571 -0.5151 0.0074
vn -0.8838 -0.4678 0.0068
vn -0.9086 -0.4176 0.0060
vn -0.9310 -0.3649 0.0053
vn -0.9507 -0.3101 0.0045
vn -0.9673 -0.2537 0.0037
vn -0.9806 -0.1962 0.0028
vn -0.9904 -0.1382 0.0020
vn -0.9968 -0.0805 0.0012
vn -0.9995 -0.0312 0.0005
vn -1.0000 0.0030 -0.0000
vn -0.9995 0.0320 -0.0005
vn -0.9979 0.0645 -0.0009
vn -0.9949 0.1011 -0.0015
vn -0.9898 0.1425 -0.0021
vn -0.9819 0.1894 -0.0027
vn -0.9701 0.2425 -0.0035
vn -0.9531 0.3026 -0.0044
vn -0.9289 0.3703 -0.0053
vn -0.8951 0.4457 -0.0064
vn -0.8490 0.5283 -0.0076
vn -0.7860 0.6181 -0.0089
vn -0.7095 0.7046 -0.0102
vn -0.6286 0.7776 -0.0112
vn -0.5467 0.8372 -0.0121
vn -0.4669 0.8842 -0.0128
vn -0.3915 0.9201 -0.0133
vn -0.3217 0.9467 -0.0137
vn -0.2581 0.9660 -0.0139
vn -0.2005 0.9796 -0.0141
vn -0.1488 0.9888 -0.0143
vn -0.1024 0.9946 -0.0144
vn -0.0609 0.9980 -0.0144
vn -0.0203 0.9997 -0.0144
vn 0.0252 0.9996 -0.0144
vn 0.0752 0.9971 -0.0144
vn 0.1265 0.9919 -0.0143
vn 0.1790 0.9838 -0.0142
vn 0.2320 0.9726 -0.0140
vn 0.2852 0.9584 -0.0138
vn 0.3380 0.9410 -0.0136
vn 0.3900 0.9207 -0.0133
vn 0.4407 0.8976 -0.0130
vn 0.4896 0.8719 -0.0126
vn 0.5363 0.8440 -0.0122
vn 0.5810 0.8138 -0.0118
vn 0.6252 0.7804 -0.0113
vn 0.6686 0.7435 -0.0107
vn 0.7093 0.7048 -0.0102
vn 0.7472 0.6646 -0.0096
vn 0.7819 0.6233 -0.0090
vn 0.8135 0.5816 -0.0084
vn 0.8418 0.5397 -0.0078
vn 0.8671 0.4981 -0.0072
vn 0.8894 0.4571 -0.0066
vn 0.9089 0.4170 -0.0060
vn 0.9258 0.3781 -0.0055
vn 0.8047 -0.5937 0.0086
vn -0.0773 -0.9969 0.0144
vn -0.1013 -0.9948 0.0144
vn -0.1261 -0.9919 0.0143
vn -0.1519 -0.9883 0.0143
vn -0.1785 -0.9838 0.0142
vn -0.2060 -0.9784 0.0141
vn -0.2344 -0.9720 0.0140
vn -0.2635 -0.9646 0.0139
vn -0.2934 -0.9559 0.0138
vn -0.3240 -0.9460 0.0137
vn -0.3552 -0.9347 0.0135
vn -0.3731 -0.9277 0.0134
vn -0.3603 -0.9327 0.0135
vn -0.3298 -0.9439 0.0136
vn -0.2982 -0.9544 0.0138
vn -0.2655 -0.9640 0.0139
vn -0.2318 -0.9727 0.0140
vn -0.1971 -0.9803 0.0142
vn -0.1617 -0.9867 0.0142
vn -0.1256 -0.9920 0.0143
vn -0.0889 -0.9959 0.0144
vn -0.0517 -0.9986 0.0144
vn -0.0143 -0.9998 0.0144
vn 0.0295 -0.9995 0.0144
vn 0.0870 -0.9961 0.0144
vn 0.1531 -0.9881 0.0143
vn 0.2213 -0.9751 0.0141
vn 0.2907 -0.9567 0.0138
vn 0.3601 -0.9328 0.0135
vn 0.4284 -0.9035 0.0130
vn 0.4944 -0.8691 0.0125
vn 0.5571 -0.8304 0.0120
vn 0.6156 -0.7880 0.0114
vn 0.6693 -0.7429 0.0107
vn 0.7178 -0.6962 0.0101
vn 0.7576 -0.6526 0.0094
vn 0.7915 -0.6111 0.0088
vn 0.8247 -0.5655 0.0082
vn 0.8564 -0.5162 0.0075
vn 0.8862 -0.4633 0.0067
vn 0.9133 -0.4072 0.0059
vn 0.9374 -0.3483 0.0050
vn 0.9578 -0.2874 0.0041
vn 0.9743 -0.2250 0.0032
vn 0.9868 -0.1621 0.0023
vn 0.9951 -0.0993 0.0014
vn 0.9993 -0.0374 0.0005
vn 0.9983 0.0587 -0.0008
vn 0.9740 0.2267 -0.0033
vn 0.9068 0.4215 -0.0061
vn 0.8087 0.5882 -0.0085
vn 0.6974 0.7166 -0.0103
vn 0.5886 0.8083 -0.0117
vn 0.4906 0.8713 -0.0126
vn 0.4060 0.9138 -0.0132
vn 0.3344 0.9423 -0.0136
vn 0.2742 0.9616 -0.0139
vn 0.2234 0.9746 -0.0141
vn 0.1804 0.9835 -0.0142
vn 0.1465 0.9891 -0.0143
vn 0.1239 0.9922 -0.0143
vn 0.1073 0.9941 -0.0144
vn 0.0914 0.9957 -0.0144
vn 0.0763 0.9970 -0.0144
vn 0.0618 0.9980 -0.0144
vn 0.0480 0.9987 -0.0144
vn 0.0348 0.9993 -0.0144
vn 0.0222 0.9996 -0.0144
vn 0.0101 0.9998 -0.0144
vn -0.0015 0.9999 -0.0144
vn -0.0126 0.9998 -0.0144
vn -0.0343 0.9993 -0.0144
vn -0.0790 0.9968 -0.0144
vn -0.1370 0.9905 -0.0143
vn -0.1970 0.9803 -0.0142
vn -0.2585 0.9659 -0.0139
vn -0.3208 0.9471 -0.0137
vn -0.3830 0.9237 -0.0133
vn -0.4442 0.8958 -0.0129
vn -0.5037 0.8638 -0.0125
vn -0.5605 0.8281 -0.0120
vn -0.6141 0.7892 -0.0114
vn -0.6638 0.7478 -0.0108
vn -0.7524 0.6587 -0.0095
vn -0.7936 0.6084 -0.0088
vn -0.8327 0.5537 -0.0080
vn -0.8690 0.4948 -0.0071
vn -0.9016 0.4326 -0.0062
vn -0.9299 0.3677 -0.0053
vn -0.9536 0.3011 -0.0043
vn -0.9723 0.2339 -0.0034
vn -0.9859 0.1670 -0.0024
vn -0.9948 0.1014 -0.0015
vn -0.9993 0.0379 -0.0005
vn -0.6372 -0.7706 0.0111
vn -0.5919 -0.8059 0.0116
vn -0.5450 -0.8384 0.0121
vn -0.4948 -0.8689 0.0125
vn -0.4416 -0.8971 0.0130
vn -0.3859 -0.9224 0.0133
vn -0.3282 -0.9445 0.0136
vn -0.2692 -0.9630 0.0139
vn -0.2095 -0.9777 0.0141
vn -0.1498 -0.9886 0.0143
vn -0.0907 -0.9958 0.0144
vn -0.0330 -0.9994 0.0144
vn 0.0523 -0.9985 0.0144
vn 0.1814 -0.9833 0.0142
vn 0.3085 -0.9511 0.0137
vn 0.4058 -0.9139 0.0132
vn 0.4801 -0.8771 0.0127
vn 0.5375 -0.8432 0.0122
vn 0.5826 -0.8127 0.0117
vn 0.6185 -0.7857 0.0113
vn 0.6476 -0.7619 0.0110
vn 0.6715 -0.7409 0.0107
vn 0.6914 -0.7224 0.0104
vn 0.7083 -0.7059 0.0102
vn 0.1886 -0.9820 0.0142
vn -0.4022 -0.9154 0.0132
vn -0.3942 -0.9189 0.0133
vn -0.3858 -0.9225 0.0133
vn -0.3769 -0.9261 0.0134
vn -0.3675 -0.9299 0.0134
vn -0.3576 -0.9338 0.0135
vn -0.3470 -0.9378 0.0135
vn -0.3358 -0.9418 0.0136
vn -0.3239 -0.9460 0.0137
vn -0.3112 -0.9502 0.0137
vn -0.2977 -0.9546 0.0138
vn -0.2829 -0.9590 0.0138
vn -0.2664 -0.9638 0.0139
vn -0.2484 -0.9686 0.0140
vn -0.2291 -0.9733 0.0141
vn -0.2084 -0.9779 0.0141
vn -0.1863 -0.9824 0.0142
vn -0.1624 -0.9866 0.0142
vn -0.1368 -0.9905 0.0143
vn -0.1092 -0.9939 0.0144
vn -0.0796 -0.9967 0.0144
vn -0.0477 -0.9988 0.0144
vn -0.0133 -0.9998 0.0144
vn 0.0252 -0.9996 0.0144
vn 0.0701 -0.9974 0.0144
vn 0.1203 -0.9926 0.0143
vn 0.1744 -0.9846 0.0142
vn 0.2323 -0.9726 0.0140
vn 0.2936 -0.9558 0.0138
vn 0.3579 -0.9337 0.0135
vn 0.4244 -0.9054 0.0131
vn 0.4921 -0.8705 0.0126
vn 0.5595 -0.8287 0.0120
vn 0.6253 -0.7803 0.0113
vn 0.6879 -0.7258 0.0105
vn 0.7458 -0.6661 0.0096
vn 0.7980 -0.6027 0.0087
vn 0.8437 -0.5368 0.0078
vn 0.8826 -0.4700 0.0068
vn 0.9149 -0.4037 0.0058
vn 0.9408 -0.3389 0.0049
vn 0.9610 -0.2767 0.0040
vn 0.9760 -0.2176 0.0031
vn 0.9939 -0.1103 0.0016
vn 0.9981 -0.0623 0.0009
vn 0.9998 -0.0180 0.0003
vn 0.9996 0.0288 -0.0004
vn 0.9962 0.0865 -0.0012
vn 0.9884 0.1517 -0.0022
vn 0.9759 0.2184 -0.0032
vn 0.9583 0.2856 -0.0041
vn 0.9358 0.3524 -0.0051
vn 0.9085 0.4178 -0.0060
vn 0.8768 0.4808 -0.0069
vn 0.8413 0.5405 -0.0078
vn 0.8027 0.5963 -0.0086
vn 0.7619 0.6476 -0.0094
vn 0.7196 0.6943 -0.0100
vn 0.6765 0.7364 -0.0106
vn 0.6313 0.7755 -0.0112
vn 0.5823 0.8129 -0.0117
vn 0.5293 0.8483 -0.0122
vn 0.4728 0.8811 -0.0127
vn 0.4132 0.9105 -0.0131
vn 0.3513 0.9362 -0.0135
vn 0.2879 0.9576 -0.0138
vn 0.2238 0.9745 -0.0141
vn 0.1599 0.9870 -0.0143
vn 0.0971 0.9952 -0.0144
vn 0.0359 0.9993 -0.0144
vn -0.0689 0.9975 -0.0144
vn -0.1123 0.9936 -0.0143
vn -0.1531 0.9881 -0.0143
vn -0.1913 0.9814 -0.0142
vn -0.2270 0.9738 -0.0141
vn -0.2603 0.9654 -0.0139
vn -0.2913 0.9565 -0.0138
vn -0.3202 0.9472 -0.0137
vn -0.3471 0.9377 -0.0135
vn -0.3721 0.9281 -0.0134
vn -0.3954 0.9184 -0.0133
vn -0.4208 0.9071 -0.0131
vn -0.4554 0.8902 -0.0129
vn -0.4987 0.8667 -0.0125
vn -0.5471 0.8370 -0.0121
vn -0.6010 0.7992 -0.0115
vn -0.6602 0.7510 -0.0108
vn -0.7240 0.6897 -0.0100
vn -0.7905 0.6124 -0.0088
vn -0.8562 0.5166 -0.0075
vn -0.9158 0.4015 -0.0058
vn -0.9631 0.2691 -0.0039
vn -0.9922 0.1249 -0.0018
vn -1.0000 0.0003 -0.0000
vn -0.9970 -0.0778 0.0011
vn -0.9910 -0.1339 0.0019
vn -0.9815 -0.1912 0.0028
vn -0.9684 -0.2493 0.0036
vn -0.9515 -0.3075 0.0044
vn -0.9310 -0.3651 0.0053
vn -0.9068 -0.4215 0.0061
vn -0.8794 -0.4761 0.0069
vn -0.8491 -0.5282 0.0076
vn -0.8163 -0.5775 0.0083
vn -0.7817 -0.6236 0.0090
vn -0.8867 -0.4623 0.0067
vn -0.9688 -0.2479 0.0036
vn -0.9728 -0.2315 0.0033
vn -0.9764 -0.2161 0.0031
vn -0.9794 -0.2017 0.0029
vn -0.9821 -0.1883 0.0027
vn -0.9844 -0.1757 0.0025
vn -0.9865 -0.1638 0.0024
vn -0.9883 -0.1526 0.0022
vn -0.9899 -0.1421 0.0021
vn -0.9912 -0.1321 0.0019
vn -0.9924 -0.1227 0.0018
vn -0.9935 -0.1135 0.0016
vn -0.9946 -0.1041 0.0015
vn -0.9955 -0.0948 0.0014
vn -0.9963 -0.0860 0.0012
vn -0.9970 -0.0777 0.0011
vn -0.9976 -0.0697 0.0010
vn -0.9981 -0.0621 0.0009
vn -0.9985 -0.0549 0.0008
vn -0.9988 -0.0480 0.0007
vn -0.9991 -0.0414 0.0006
vn -0.9994 -0.0351 0.0005
vn -0.9996 -0.0290 0.0004
vn -0.9998 -0.0216 0.0003
vn -0.9999 -0.0107 0.0002
vn -0.9998 0.0181 -0.0003
vn -0.9994 0.0350 -0.0005
vn -0.9985 0.0538 -0.0008
vn -0.9972 0.0751 -0.0011
vn -0.9951 0.0991 -0.0014
vn -0.9920 0.1264 -0.0018
vn -0.9875 0.1578 -0.0023
vn -0.9810 0.1941 -0.0028
vn -0.9717 0.2362 -0.0034
vn -0.9562 0.2927 -0.0042
vn -0.9403 0.3403 -0.0049
vn -0.9327 0.3607 -0.0052
vn -0.9288 0.3706 -0.0054
vn -0.9263 0.3767 -0.0054
vn -0.9247 0.3807 -0.0055
vn -0.9235 0.3835 -0.0055
vn -0.9226 0.3857 -0.0056
vn -0.9219 0.3874 -0.0056
vn -0.9213 0.3887 -0.0056
vn -0.9209 0.3898 -0.0056
vn -0.9205 0.3908 -0.0056
vn -0.9205 0.3907 -0.0056
vn -0.9217 0.3878 -0.0056
vn -0.9239 0.3826 -0.0055
vn -0.9264 0.3765 -0.0054
vn -0.9294 0.3691 -0.0053
vn -0.9330 0.3598 -0.0052
vn -0.9374 0.3481 -0.0050
vn -0.9430 0.3327 -0.0048
vn -0.9502 0.3115 -0.0045
vn -0.9598 0.2807 -0.0041
vn -0.9728 0.2318 -0.0033
vn -0.9897 0.1429 -0.0021
vn -0.9999 0.0143 -0.0002
vn -0.9960 -0.0891 0.0013
vn -0.9875 -0.1573 0.0023
vn -0.9737 -0.2276 0.0033
vn -0.9543 -0.2989 0.0043
vn -0.9290 -0.3699 0.0053
vn -0.8982 -0.4395 0.0063
vn -0.8623 -0.5064 0.0073
vn -0.8219 -0.5696 0.0082
vn -0.7781 -0.6281 0.0091
vn -0.7318 -0.6814 0.0098
vn -0.6841 -0.7293 0.0105
vn 0.9164 0.4002 -0.0058
vn 0.9953 -0.0968 0.0014
vn 0.9959 -0.0909 0.0013
vn 0.9964 -0.0845 0.0012
vn 0.9970 -0.0774 0.0011
vn 0.9976 -0.0696 0.0010
vn 0.9982 -0.0608 0.0009
vn 0.9987 -0.0510 0.0007
vn 0.9992 -0.0399 0.0006
vn 0.9996 -0.0272 0.0004
vn 0.9999 -0.0128 0.0002
vn 1.0000 0.0040 -0.0001
vn 0.9998 0.0210 -0.0003
vn 0.9994 0.0346 -0.0005
vn 0.9990 0.0455 -0.0007
vn 0.9984 0.0559 -0.0008
vn 0.9978 0.0658 -0.0010
vn 0.9972 0.0753 -0.0011
vn 0.9964 0.0843 -0.0012
vn 0.9957 0.0930 -0.0013
vn 0.9949 0.1012 -0.0015
vn 0.9940 0.1091 -0.0016
vn 0.9932 0.1167 -0.0017
vn 0.9923 0.1240 -0.0018
vn 0.9914 0.1310 -0.0019
vn 0.9905 0.1377 -0.0020
vn 0.9896 0.1441 -0.0021
vn 0.9886 0.1503 -0.0022
vn 0.9877 0.1563 -0.0023
vn 0.9868 0.1620 -0.0023
vn 0.9859 0.1675 -0.0024
vn 0.9849 0.1729 -0.0025
vn 0.9840 0.1780 -0.0026
vn 0.9831 0.1830 -0.0026
vn 0.9822 0.1877 -0.0027
vn 0.9813 0.1924 -0.0028
vn 0.9015 -0.4327 0.0062
vn 0.4574 -0.8891 0.0128
vn 0.4470 -0.8944 0.0129
vn 0.4360 -0.8998 0.0130
vn 0.4121 -0.9111 0.0132
vn 0.3990 -0.9169 0.0132
vn 0.3850 -0.9228 0.0133
vn 0.3702 -0.9289 0.0134
vn 0.3544 -0.9350 0.0135
vn 0.3376 -0.9412 0.0136
vn 0.3197 -0.9474 0.0137
vn 0.3017 -0.9533 0.0138
vn 0.2850 -0.9584 0.0138
vn 0.2683 -0.9632 0.0139
vn 0.2507 -0.9680 0.0140
vn 0.2317 -0.9727 0.0140
vn 0.2115 -0.9773 0.0141
vn 0.1898 -0.9817 0.0142
vn 0.1666 -0.9859 0.0142
vn 0.1418 -0.9898 0.0143
vn 0.1151 -0.9932 0.0143
vn 0.0865 -0.9961 0.0144
vn 0.0559 -0.9983 0.0144
vn 0.0152 -0.9998 0.0144
vn -0.0435 -0.9990 0.0144
vn -0.1119 -0.9936 0.0143
vn -0.1814 -0.9833 0.0142
vn -0.2511 -0.9679 0.0140
vn -0.3198 -0.9474 0.0137
vn -0.3865 -0.9222 0.0133
vn -0.4502 -0.8928 0.0129
vn -0.5102 -0.8600 0.0124
vn -0.5660 -0.8243 0.0119
vn -0.6171 -0.7868 0.0114
vn -0.6634 -0.7481 0.0108
vn -0.7052 -0.7089 0.0102
vn -0.7443 -0.6678 0.0096
vn -0.7823 -0.6229 0.0090
vn -0.8190 -0.5738 0.0083
vn -0.8537 -0.5207 0.0075
vn -0.8858 -0.4639 0.0067
vn -0.9147 -0.4041 0.0058
vn -0.9397 -0.3418 0.0049
vn -0.9606 -0.2780 0.0040
vn -0.9770 -0.2133 0.0031
vn -0.9889 -0.1489 0.0021
vn -0.9964 -0.0853 0.0012
vn -0.9995 -0.0309 0.0004
vn -1.0000 0.0083 -0.0001
vn -0.9991 0.0422 -0.0006
vn -0.9969 0.0791 -0.0011
vn -0.9929 0.1192 -0.0017
vn -0.9867 0.1628 -0.0024
vn -0.9777 0.2099 -0.0030
vn -0.9654 0.2607 -0.0038
vn -0.9490 0.3151 -0.0046
vn -0.9278 0.3730 -0.0054
vn -0.9010 0.4339 -0.0063
vn -0.8677 0.4970 -0.0072
vn -0.8274 0.5615 -0.0081
vn -0.7795 0.6263 -0.0090
vn -0.7241 0.6896 -0.0100
vn -0.6618 0.7496 -0.0108
vn -0.5935 0.8048 -0.0116
vn -0.5207 0.8537 -0.0123
vn -0.4451 0.8954 -0.0129
vn -0.3687 0.9294 -0.0134
vn -0.2932 0.9560 -0.0138
vn -0.2200 0.9754 -0.0141
vn -0.1502 0.9885 -0.0143
vn -0.0847 0.9963 -0.0144
vn -0.0312 0.9994 -0.0144
vn 0.0046 0.9999 -0.0144
vn 0.0328 0.9994 -0.0144
vn 0.0613 0.9980 -0.0144
vn 0.0902 0.9958 -0.0144
vn 0.1194 0.9927 -0.0143
vn 0.1487 0.9888 -0.0143
vn 0.1782 0.9839 -0.0142
vn 0.2076 0.9781 -0.0141
vn 0.2370 0.9714 -0.0140
vn 0.2663 0.9638 -0.0139
vn 0.2954 0.9553 -0.0138
vn 0.3238 0.9460 -0.0137
vn 0.3781 0.9257 -0.0134
vn 0.4044 0.9145 -0.0132
vn 0.4302 0.9026 -0.0130
vn 0.4555 0.8901 -0.0129
vn 0.4802 0.8771 -0.0127
vn 0.5042 0.8635 -0.0125
vn 0.5275 0.8494 -0.0123
vn 0.5502 0.8350 -0.0121
vn 0.5721 0.8201 -0.0118
vn 0.5932 0.8050 -0.0116
vn 0.0064 0.9999 -0.0144
vn 0.0723 -0.9973 0.0144
vn -0.9656 -0.2600 0.0038
vn -0.9864 -0.1645 0.0024
vn -0.9902 -0.1397 0.0020
vn -0.9918 -0.1278 0.0018
vn -0.9927 -0.1208 0.0017
vn -0.9932 -0.1162 0.0017
vn -0.9936 -0.1130 0.0016
vn -0.9939 -0.1105 0.0016
vn -0.9941 -0.1086 0.0016
vn -0.4172 0.9087 -0.0131
vn 0.7142 0.6998 -0.0101
vn 0.6833 0.7300 -0.0105
vn 0.6474 0.7621 -0.0110
vn 0.6056 0.7957 -0.0115
vn 0.5570 0.8304 -0.0120
vn 0.5006 0.8656 -0.0125
vn 0.4354 0.9001 -0.0130
vn 0.3609 0.9325 -0.0135
vn 0.2767 0.9609 -0.0139
vn 0.1834 0.9829 -0.0142
vn 0.0825 0.9965 -0.0144
vn -0.0899 0.9958 -0.0144
vn -0.1611 0.9868 -0.0142
vn -0.2370 0.9714 -0.0140
vn -0.3165 0.9485 -0.0137
vn -0.3982 0.9172 -0.0132
vn -0.4800 0.8772 -0.0127
vn -0.5597 0.8286 -0.0120
vn -0.6350 0.7724 -0.0112
vn -0.7041 0.7100 -0.0103
vn -0.7656 0.6433 -0.0093
vn -0.8185 0.5744 -0.0083
vn -0.1568 0.9875 -0.0143
vn 0.6216 0.7832 -0.0113
vn 0.5977 0.8016 -0.0116
vn 0.5729 0.8195 -0.0118
vn 0.5473 0.8368 -0.0121
vn 0.5209 0.8535 -0.0123
vn 0.4938 0.8695 -0.0126
vn 0.4661 0.8847 -0.0128
vn 0.4378 0.8990 -0.0130
vn 0.4089 0.9125 -0.0132
vn 0.3797 0.9250 -0.0134
vn 0.3502 0.9366 -0.0135
vn 0.3205 0.9472 -0.0137
vn 0.2908 0.9567 -0.0138
vn 0.2612 0.9652 -0.0139
vn 0.2315 0.9727 -0.0140
vn 0.2019 0.9793 -0.0141
vn 0.1724 0.9849 -0.0142
vn 0.1433 0.9896 -0.0143
vn 0.1144 0.9933 -0.0143
vn 0.0859 0.9962 -0.0144
vn 0.0578 0.9982 -0.0144
vn 0.0303 0.9994 -0.0144
vn 0.0033 0.9999 -0.0144
vn -0.0379 0.9992 -0.0144
vn -0.1114 0.9937 -0.0143
vn -0.2061 0.9784 -0.0141
vn -0.3068 0.9517 -0.0137
vn -0.4102 0.9119 -0.0132
vn -0.5124 0.8587 -0.0124
vn -0.6091 0.7930 -0.0115
vn -0.6963 0.7176 -0.0104
vn -0.7715 0.6361 -0.0092
vn -0.8336 0.5523 -0.0080
vn -0.8828 0.4697 -0.0068
vn -0.9204 0.3908 -0.0056
vn -0.9503 0.3114 -0.0045
vn -0.9697 0.2444 -0.0035
vn -0.9791 0.2032 -0.0029
vn -0.9843 0.1767 -0.0026
vn -0.9874 0.1582 -0.0023
vn -0.9895 0.1446 -0.0021
vn -0.9910 0.1342 -0.0019
vn -0.9920 0.1260 -0.0018
vn -0.9929 0.1193 -0.0017
vn -0.9935 0.1138 -0.0016
vn -0.9940 0.1091 -0.0016
vn -0.9945 0.1051 -0.0015
vn -0.9924 0.1230 -0.0018
vn -0.9904 0.1383 -0.0020
vn -0.9915 0.1304 -0.0019
vn -0.9923 0.1239 -0.0018
vn -0.9930 0.1183 -0.0017
vn -0.9935 0.1135 -0.0016
vn -0.9940 0.1094 -0.0016
vn -0.9944 0.1057 -0.0015
vn -0.9947 0.1025 -0.0015
vn -0.9950 0.0996 -0.0014
vn -0.9953 0.0971 -0.0014
vn -0.9955 0.0948 -0.0014
vn -0.9986 0.0535 -0.0008
vn -0.9998 -0.0222 0.0003
vn -0.9955 -0.0950 0.0014
vn -0.9853 -0.1709 0.0025
vn -0.9685 -0.2489 0.0036
vn -0.9448 -0.3275 0.0047
vn -0.9143 -0.4050 0.0058
vn -0.8773 -0.4798 0.0069
vn -0.8348 -0.5504 0.0079
vn -0.7880 -0.6156 0.0089
vn -0.7381 -0.6746 0.0097
vn -0.6864 -0.7271 0.0105
vn -0.6363 -0.7714 0.0111
vn -0.5890 -0.8081 0.0117
vn -0.5408 -0.8410 0.0121
vn -0.4896 -0.8718 0.0126
vn -0.4357 -0.9000 0.0130
vn -0.3795 -0.9251 0.0134
vn -0.3216 -0.9468 0.0137
vn -0.2629 -0.9647 0.0139
vn -0.2038 -0.9789 0.0141
vn -0.1451 -0.9893 0.0143
vn -0.0874 -0.9961 0.0144
vn -0.0312 -0.9994 0.0144
vn 0.0312 -0.9994 0.0144
vn 0.1129 -0.9935 0.0143
vn 0.2122 -0.9771 0.0141
vn 0.3212 -0.9469 0.0137
vn 0.4364 -0.8996 0.0130
vn 0.5524 -0.8335 0.0120
vn 0.6622 -0.7493 0.0108
vn 0.7591 -0.6509 0.0094
vn 0.8388 -0.5444 0.0079
vn 0.8996 -0.4366 0.0063
vn 0.9429 -0.3330 0.0048
vn 0.9714 -0.2374 0.0034
vn 0.9858 -0.1680 0.0024
vn 0.9902 -0.1395 0.0020
vn 0.9914 -0.1306 0.0019
vn 0.9925 -0.1226 0.0018
vn 0.9933 -0.1155 0.0017
vn 0.9940 -0.1091 0.0016
vn 0.9946 -0.1033 0.0015
vn 0.9952 -0.0980 0.0014
vn 0.9956 -0.0932 0.0013
vn 0.9960 -0.0888 0.0013
vn 0.9964 -0.0848 0.0012
vn 0.9967 -0.0811 0.0012
vn 0.9970 -0.0769 0.0011
vn 0.9971 -0.0756 0.0011
vn 0.9970 -0.0778 0.0011
vn 0.9968 -0.0802 0.0012
vn 0.9966 -0.0829 0.0012
vn 0.9963 -0.0859 0.0012
vn 0.9960 -0.0894 0.0013
vn 0.9956 -0.0934 0.0013
vn 0.9946 -0.1034 0.0015
vn 0.9940 -0.1098 0.0016
vn 0.9931 -0.1175 0.0017
vn 0.9916 -0.1290 0.0019
vn 0.9891 -0.1475 0.0021
vn 0.9851 -0.1721 0.0025
vn 0.9794 -0.2017 0.0029
vn 0.9713 -0.2380 0.0034
vn 0.9591 -0.2832 0.0041
vn 0.9402 -0.3406 0.0049
vn 0.9098 -0.4149 0.0060
vn 0.8587 -0.5124 0.0074
vn 0.7694 -0.6387 0.0092
vn 0.6125 -0.7904 0.0114
vn 0.3581 -0.9336 0.0135
vn 0.0747 -0.9971 0.0144
vn -0.1075 -0.9941 0.0144
vn -0.2012 -0.9795 0.0141
vn -0.2667 -0.9637 0.0139
vn -0.3145 -0.9492 0.0137
vn -0.3506 -0.9364 0.0135
vn -0.3787 -0.9254 0.0134
vn -0.4012 -0.9159 0.0132
vn -0.4196 -0.9076 0.0131
vn -0.4348 -0.9004 0.0130
vn -0.4477 -0.8941 0.0129
vn -0.4587 -0.8885 0.0128
vn -0.4680 -0.8836 0.0128
vn -0.4767 -0.8790 0.0127
vn -0.4856 -0.8741 0.0126
vn -0.4953 -0.8686 0.0125
vn -0.5059 -0.8625 0.0125
vn -0.5173 -0.8557 0.0124
vn -0.5299 -0.8480 0.0122
vn -0.5437 -0.8392 0.0121
vn -0.5588 -0.8292 0.0120
vn -0.5756 -0.8177 0.0118
vn -0.5941 -0.8043 0.0116
vn -0.6148 -0.7886 0.0114
vn -0.8985 -0.4390 0.0063
vn -1.0000 -0.0051 0.0001
vn -0.9999 0.0110 -0.0002
vn -0.9997 0.0252 -0.0004
vn -0.9993 0.0377 -0.0005
vn -0.9988 0.0489 -0.0007
vn -0.9983 0.0589 -0.0008
vn -0.9977 0.0679 -0.0010
vn -0.9971 0.0760 -0.0011
vn -0.9965 0.0835 -0.0012
vn -0.9959 0.0903 -0.0013
vn -0.9953 0.0965 -0.0014
vn -0.9950 0.1004 -0.0014
vn -0.9951 0.0984 -0.0014
vn -0.9957 0.0925 -0.0013
vn -0.9963 0.0860 -0.0012
vn -0.9969 0.0788 -0.0011
vn -0.9975 0.0708 -0.0010
vn -0.9981 0.0619 -0.0009
vn -0.9987 0.0519 -0.0007
vn -0.9992 0.0406 -0.0006
vn -0.9996 0.0278 -0.0004
vn -0.9999 0.0132 -0.0002
vn -1.0000 -0.0038 0.0001
vn -0.9995 -0.0325 0.0005
vn -0.9966 -0.0822 0.0012
vn -0.9897 -0.1434 0.0021
vn -0.9784 -0.2068 0.0030
vn -0.9624 -0.2715 0.0039
vn -0.9416 -0.3368 0.0049
vn -0.9158 -0.4017 0.0058
vn -0.8852 -0.4651 0.0067
vn -0.8503 -0.5262 0.0076
vn -0.8117 -0.5841 0.0084
vn -0.7700 -0.6380 0.0092
vn -0.7261 -0.6876 0.0099
vn -0.6802 -0.7329 0.0106
vn -0.6312 -0.7756 0.0112
vn -0.5780 -0.8160 0.0118
vn -0.5211 -0.8534 0.0123
vn -0.4614 -0.8871 0.0128
vn -0.3994 -0.9167 0.0132
vn -0.3362 -0.9417 0.0136
vn -0.2727 -0.9620 0.0139
vn -0.2097 -0.9777 0.0141
vn -0.1481 -0.9889 0.0143
vn -0.0885 -0.9960 0.0144
vn 0.0232 -0.9996 0.0144
vn 0.0778 -0.9969 0.0144
vn 0.1346 -0.9908 0.0143
vn 0.1939 -0.9809 0.0142
vn 0.2549 -0.9669 0.0140
vn 0.3171 -0.9483 0.0137
vn 0.3796 -0.9251 0.0134
vn 0.4416 -0.8971 0.0130
vn 0.5021 -0.8647 0.0125
vn 0.5602 -0.8283 0.0120
vn 0.6153 -0.7882 0.0114
vn 0.6665 -0.7454 0.0108
vn 0.7135 -0.7006 0.0101
vn 0.7572 -0.6531 0.0094
vn 0.7988 -0.6016 0.0087
vn 0.8379 -0.5458 0.0079
vn 0.8738 -0.4862 0.0070
vn 0.9059 -0.4235 0.0061
vn 0.9334 -0.3587 0.0052
vn 0.9562 -0.2927 0.0042
vn 0.9740 -0.2265 0.0033
vn 0.9869 -0.1611 0.0023
vn 0.9953 -0.0973 0.0014
vn 0.9994 -0.0358 0.0005
vn 1.0000 0.0044 -0.0001
vn 1.0000 0.0069 -0.0001
vn 1.0000 -0.0075 0.0001
vn 0.9998 -0.0201 0.0003
vn 0.9995 -0.0311 0.0004
vn 0.9992 -0.0409 0.0006
vn 0.9988 -0.0496 0.0007
vn 0.9983 -0.0575 0.0008
vn 0.9979 -0.0645 0.0009
vn 0.9975 -0.0709 0.0010
vn 0.9971 -0.0767 0.0011
vn 0.9966 -0.0820 0.0012
vn 0.9964 -0.0846 0.0012
vn 0.9999 0.0153 -0.0002
vn 1.0000 0.0083 -0.0001
vn 1.0000 -0.0077 0.0001
vn 0.9997 -0.0248 0.0004
vn 0.9991 -0.0432 0.0006
vn 0.9980 -0.0630 0.0009
vn 0.9942 -0.1077 0.0016
vn 0.9911 -0.1327 0.0019
vn 0.9871 -0.1600 0.0023
vn 0.9819 -0.1895 0.0027
vn 0.9751 -0.2216 0.0032
vn 0.3920 -0.9199 0.0133
vn -0.5191 -0.8546 0.0123
vn -0.5559 -0.8312 0.0120
vn -0.5895 -0.8077 0.0117
vn -0.6202 -0.7843 0.0113
vn -0.6482 -0.7614 0.0110
vn -0.6737 -0.7389 0.0107
vn -0.6969 -0.7171 0.0104
vn -0.7180 -0.6960 0.0100
vn -0.7372 -0.6756 0.0098
vn -0.7547 -0.6560 0.0095
vn -0.7707 -0.6371 0.0092
vn -0.7867 -0.6172 0.0089
vn -0.7910 -0.6117 0.0088
vn -0.7835 -0.6213 0.0090
vn -0.7770 -0.6294 0.0091
vn -0.7714 -0.6363 0.0092
vn -0.7664 -0.6423 0.0093
vn -0.7620 -0.6475 0.0093
vn -0.7581 -0.6521 0.0094
vn -0.7545 -0.6562 0.0095
vn -0.7514 -0.6598 0.0095
vn -0.7485 -0.6631 0.0096
vn -0.7459 -0.6660 0.0096
vn -0.9261 -0.3772 0.0054
vn -0.9991 -0.0421 0.0006
vn -0.9992 -0.0410 0.0006
vn -0.9992 -0.0399 0.0006
vn -0.9993 -0.0386 0.0006
vn -0.9993 -0.0373 0.0005
vn -0.9994 -0.0358 0.0005
vn -0.9994 -0.0342 0.0005
vn -0.9995 -0.0305 0.0004
vn -0.9996 -0.0284 0.0004
vn -0.9997 -0.0259 0.0004
vn -0.9997 -0.0254 0.0004
vn -0.9996 -0.0288 0.0004
vn -0.9994 -0.0338 0.0005
vn -0.9993 -0.0384 0.0006
vn -0.9991 -0.0425 0.0006
vn -0.9989 -0.0462 0.0007
vn -0.9988 -0.0497 0.0007
vn -0.9986 -0.0528 0.0008
vn -0.9984 -0.0557 0.0008
vn -0.9983 -0.0584 0.0008
vn -0.9981 -0.0609 0.0009
vn -0.9980 -0.0632 0.0009
vn -0.9979 -0.0645 0.0009
vn -0.9980 -0.0635 0.0009
vn -0.9981 -0.0616 0.0009
vn -0.9982 -0.0594 0.0009
vn -0.9984 -0.0571 0.0008
vn -0.9985 -0.0545 0.0008
vn -0.9987 -0.0515 0.0007
vn -0.9988 -0.0483 0.0007
vn -0.9990 -0.0445 0.0006
vn -0.9992 -0.0403 0.0006
vn -0.9994 -0.0354 0.0005
vn -0.9996 -0.0299 0.0004
vn -0.9991 -0.0424 0.0006
vn -0.9956 -0.0941 0.0014
vn -0.9857 -0.1683 0.0024
vn -0.9694 -0.2456 0.0035
vn -0.9459 -0.3245 0.0047
vn -0.9150 -0.4035 0.0058
vn -0.8768 -0.4807 0.0069
vn -0.8322 -0.5544 0.0080
vn -0.7822 -0.6230 0.0090
vn -0.7281 -0.6854 0.0099
vn -0.6715 -0.7409 0.0107
vn -0.6140 -0.7892 0.0114
vn -0.5641 -0.8256 0.0119
vn -0.5183 -0.8551 0.0123
vn -0.4676 -0.8839 0.0128
vn -0.4157 -0.9094 0.0131
vn -0.3632 -0.9316 0.0135
vn -0.3106 -0.9504 0.0137
vn -0.2586 -0.9659 0.0139
vn -0.2074 -0.9781 0.0141
vn -0.1576 -0.9874 0.0143
vn -0.1095 -0.9939 0.0144
vn -0.0632 -0.9979 0.0144
vn -0.0190 -0.9997 0.0144
vn 0.0315 -0.9994 0.0144
vn 0.1005 -0.9948 0.0144
vn 0.1842 -0.9828 0.0142
vn 0.2743 -0.9615 0.0139
vn 0.3690 -0.9293 0.0134
vn 0.4654 -0.8850 0.0128
vn 0.5601 -0.8283 0.0120
vn 0.6493 -0.7605 0.0110
vn 0.7295 -0.6839 0.0099
vn 0.7986 -0.6018 0.0087
vn 0.8555 -0.5177 0.0075
vn 0.9005 -0.4348 0.0063
vn 0.9308 -0.3654 0.0053
vn 0.9507 -0.3101 0.0045
vn 0.9657 -0.2595 0.0037
vn 0.9767 -0.2147 0.0031
vn 0.9846 -0.1750 0.0025
vn 0.9902 -0.1398 0.0020
vn 0.9941 -0.1085 0.0016
vn 0.9968 -0.0805 0.0012
vn 0.9985 -0.0554 0.0008
vn 0.9995 -0.0328 0.0005
vn 0.9999 -0.0123 0.0002
vn 1.0000 0.0062 -0.0001
vn 0.9998 0.0191 -0.0003
vn 0.9998 0.0216 -0.0003
vn 0.9999 0.0171 -0.0002
vn 0.9999 0.0118 -0.0002
vn 1.0000 0.0071 -0.0001
vn 1.0000 0.0029 -0.0000
vn 1.0000 -0.0008 -0.0000
vn 1.0000 -0.0041 0.0001
vn 1.0000 -0.0070 0.0001
vn 1.0000 -0.0097 0.0001
vn 0.9999 -0.0121 0.0002
vn 0.9999 -0.0143 0.0002
vn 0.9999 -0.0164 0.0002
vn 0.9998 -0.0173 0.0003
vn 1.0000 0.0070 -0.0001
vn 0.9996 0.0292 -0.0004
vn 0.9986 0.0538 -0.0008
vn 0.9964 0.0851 -0.0012
vn 0.9931 0.1173 -0.0017
vn 0.9829 0.1839 -0.0027
vn 0.9759 0.2180 -0.0031
vn 0.9675 0.2527 -0.0036
vn 0.9577 0.2876 -0.0042
vn 0.9465 0.3227 -0.0047
vn 0.9337 0.3579 -0.0052
vn 0.9195 0.3930 -0.0057
vn 0.9039 0.4278 -0.0062
vn 0.8812 0.4727 -0.0068
vn 0.8479 0.5301 -0.0077
vn 0.8061 0.5917 -0.0085
vn 0.7541 0.6567 -0.0095
vn 0.6903 0.7235 -0.0104
vn 0.6137 0.7894 -0.0114
vn 0.5243 0.8514 -0.0123
vn 0.4234 0.9059 -0.0131
vn 0.3139 0.9494 -0.0137
vn 0.2001 0.9797 -0.0141
vn 0.0866 0.9961 -0.0144
vn -0.0127 0.9998 -0.0144
vn -0.0891 0.9959 -0.0144
vn -0.1560 0.9877 -0.0143
vn -0.2235 0.9746 -0.0141
vn -0.2905 0.9568 -0.0138
vn -0.3561 0.9343 -0.0135
vn -0.4194 0.9077 -0.0131
vn -0.4796 0.8774 -0.0127
vn -0.5360 0.8441 -0.0122
vn -0.5883 0.8085 -0.0117
vn -0.6362 0.7715 -0.0111
vn -0.6796 0.7335 -0.0106
vn -0.7183 0.6957 -0.0100
vn -0.7540 0.6568 -0.0095
vn -0.7890 0.6144 -0.0089
vn -0.8235 0.5673 -0.0082
vn -0.8570 0.5153 -0.0074
vn -0.8886 0.4586 -0.0066
vn -0.9176 0.3975 -0.0057
vn -0.9432 0.3323 -0.0048
vn -0.9646 0.2638 -0.0038
vn -0.9812 0.1929 -0.0028
vn -0.9927 0.1207 -0.0017
vn -0.9988 0.0484 -0.0007
vn -0.3766 -0.9263 0.0134
vn -0.3402 -0.9402 0.0136
vn -0.3079 -0.9513 0.0137
vn -0.2751 -0.9613 0.0139
vn -0.2420 -0.9702 0.0140
vn -0.2085 -0.9779 0.0141
vn -0.1749 -0.9845 0.0142
vn -0.1413 -0.9899 0.0143
vn -0.1078 -0.9941 0.0144
vn -0.0745 -0.9971 0.0144
vn -0.0415 -0.9990 0.0144
vn -0.0089 -0.9999 0.0144
vn 0.0253 -0.9996 0.0144
vn 0.0644 -0.9978 0.0144
vn 0.1076 -0.9941 0.0144
vn 0.1532 -0.9881 0.0143
vn 0.2009 -0.9795 0.0141
vn 0.2506 -0.9680 0.0140
vn 0.3020 -0.9532 0.0138
vn 0.3547 -0.9349 0.0135
vn 0.4082 -0.9128 0.0132
vn 0.4619 -0.8869 0.0128
vn 0.5152 -0.8570 0.0124
vn 0.5674 -0.8234 0.0119
vn 0.6200 -0.7845 0.0113
vn 0.6751 -0.7376 0.0107
vn 0.7307 -0.6826 0.0099
vn 0.7837 -0.6211 0.0090
vn 0.8325 -0.5539 0.0080
vn 0.8761 -0.4822 0.0070
vn 0.9133 -0.4073 0.0059
vn 0.9436 -0.3310 0.0048
vn 0.9670 -0.2548 0.0037
vn 0.9836 -0.1803 0.0026
vn 0.9941 -0.1087 0.0016
vn 0.9992 -0.0408 0.0006
vn 0.9998 0.0188 -0.0003
vn 0.9977 0.0684 -0.0010
vn 0.9933 0.1155 -0.0017
vn 0.9864 0.1644 -0.0024
vn 0.9766 0.2149 -0.0031
vn 0.9638 0.2667 -0.0039
vn 0.9476 0.3194 -0.0046
vn 0.9280 0.3724 -0.0054
vn 0.9050 0.4253 -0.0061
vn 0.8786 0.4774 -0.0069
vn 0.8491 0.5282 -0.0076
vn 0.8166 0.5772 -0.0083
vn 0.7791 0.6268 -0.0091
vn 0.7341 0.6789 -0.0098
vn 0.6818 0.7314 -0.0106
vn 0.6232 0.7820 -0.0113
vn 0.5587 0.8293 -0.0120
vn 0.4891 0.8721 -0.0126
vn 0.4158 0.9094 -0.0131
vn 0.3401 0.9403 -0.0136
vn 0.2636 0.9645 -0.0139
vn 0.1878 0.9821 -0.0142
vn 0.1142 0.9934 -0.0143
vn 0.0438 0.9989 -0.0144
vn -0.0137 0.9998 -0.0144
vn -0.0510 0.9986 -0.0144
vn -0.0801 0.9967 -0.0144
vn -0.1108 0.9937 -0.0143
vn -0.1432 0.9896 -0.0143
vn -0.1772 0.9841 -0.0142
vn -0.2130 0.9770 -0.0141
vn -0.2504 0.9681 -0.0140
vn -0.2893 0.9571 -0.0138
vn -0.3298 0.9439 -0.0136
vn -0.3716 0.9283 -0.0134
vn -0.4145 0.9099 -0.0131
vn -0.4640 0.8857 -0.0128
vn -0.5244 0.8514 -0.0123
vn -0.5907 0.8068 -0.0116
vn -0.6584 0.7526 -0.0109
vn -0.7256 0.6881 -0.0099
vn -0.7897 0.6134 -0.0089
vn -0.8482 0.5296 -0.0076
vn -0.8986 0.4386 -0.0063
vn -0.9392 0.3433 -0.0050
vn -0.9691 0.2468 -0.0036
vn -0.9884 0.1522 -0.0022
vn -0.9997 -0.0261 0.0004
vn -0.9930 -0.1180 0.0017
vn -0.9770 -0.2132 0.0031
vn -0.9519 -0.3065 0.0044
vn -0.9184 -0.3955 0.0057
vn -0.8783 -0.4781 0.0069
vn -0.8332 -0.5530 0.0080
vn -0.7851 -0.6193 0.0089
vn -0.7357 -0.6772 0.0098
vn -0.6865 -0.7270 0.0105
vn -0.6386 -0.7695 0.0111
vn -0.5927 -0.8054 0.0116
vn -0.5526 -0.8334 0.0120
vn -0.5209 -0.8536 0.0123
vn -0.4746 -0.8801 0.0127
vn -0.4574 -0.8891 0.0128
vn -0.4430 -0.8964 0.0129
vn -0.4308 -0.9024 0.0130
vn -0.4202 -0.9073 0.0131
vn -0.4110 -0.9115 0.0132
vn -0.4030 -0.9151 0.0132
vn -0.3959 -0.9182 0.0133
vn -0.3895 -0.9209 0.0133
vn -0.3845 -0.9230 0.0133
vn -0.9762 -0.2168 0.0031
vn -0.7239 0.6898 -0.0100
vn -0.6967 0.7173 -0.0104
vn -0.6683 0.7439 -0.0107
vn -0.6387 0.7694 -0.0111
vn -0.6080 0.7938 -0.0115
vn -0.5766 0.8170 -0.0118
vn -0.5444 0.8388 -0.0121
vn -0.5116 0.8591 -0.0124
vn -0.4785 0.8780 -0.0127
vn -0.4117 0.9112 -0.0132
vn -0.3784 0.9256 -0.0134
vn -0.3452 0.9384 -0.0135
vn -0.3125 0.9498 -0.0137
vn -0.2802 0.9598 -0.0139
vn -0.2485 0.9685 -0.0140
vn -0.2174 0.9760 -0.0141
vn -0.1871 0.9822 -0.0142
vn -0.1576 0.9874 -0.0143
vn -0.1012 0.9948 -0.0144
vn -0.0743 0.9971 -0.0144
vn -0.0484 0.9987 -0.0144
vn -0.0208 0.9997 -0.0144
vn 0.0120 0.9998 -0.0144
vn 0.0488 0.9987 -0.0144
vn 0.0874 0.9961 -0.0144
vn 0.1276 0.9917 -0.0143
vn 0.1694 0.9854 -0.0142
vn 0.2127 0.9770 -0.0141
vn 0.2572 0.9662 -0.0140
vn 0.3028 0.9530 -0.0138
vn 0.3490 0.9370 -0.0135
vn 0.3956 0.9183 -0.0133
vn 0.4422 0.8968 -0.0129
vn 0.4716 0.8817 -0.0127
vn 0.4672 0.8841 -0.0128
vn 0.4446 0.8956 -0.0129
vn 0.4193 0.9077 -0.0131
vn 0.3910 0.9203 -0.0133
vn 0.3590 0.9332 -0.0135
vn 0.3228 0.9464 -0.0137
vn 0.2817 0.9594 -0.0139
vn 0.2350 0.9719 -0.0140
vn 0.1819 0.9832 -0.0142
vn 0.1214 0.9925 -0.0143
vn 0.0528 0.9985 -0.0144
vn -0.0245 0.9996 -0.0144
vn -0.1129 0.9935 -0.0143
vn -0.2153 0.9765 -0.0141
vn -0.3317 0.9433 -0.0136
vn -0.4588 0.8885 -0.0128
vn -0.5893 0.8078 -0.0117
vn -0.7128 0.7013 -0.0101
vn -0.8182 0.5749 -0.0083
vn -0.8984 0.4391 -0.0063
vn -0.9523 0.3051 -0.0044
vn -0.9834 0.1814 -0.0026
vn -0.9974 0.0722 -0.0010
vn -0.9995 -0.0318 0.0005
vn -0.9889 -0.1486 0.0021
vn -0.9616 -0.2745 0.0040
vn -0.9185 -0.3955 0.0057
vn -0.8624 -0.5062 0.0073
vn -0.7976 -0.6031 0.0087
vn -0.7288 -0.6847 0.0099
vn -0.6597 -0.7514 0.0109
vn -0.5932 -0.8050 0.0116
vn -0.5309 -0.8473 0.0122
vn -0.4736 -0.8806 0.0127
vn -0.4216 -0.9067 0.0131
vn 0.9999 -0.0165 0.0002
vn 0.4638 -0.8858 0.0128
vn 0.4152 -0.9096 0.0131
vn 0.3677 -0.9299 0.0134
vn 0.3216 -0.9468 0.0137
vn 0.2773 -0.9607 0.0139
vn 0.2348 -0.9719 0.0140
vn 0.1945 -0.9808 0.0142
vn 0.1562 -0.9876 0.0143
vn 0.1200 -0.9927 0.0143
vn 0.0858 -0.9962 0.0144
vn 0.0537 -0.9985 0.0144
vn 0.0166 -0.9998 0.0144
vn -0.0339 -0.9993 0.0144
vn -0.0930 -0.9956 0.0144
vn -0.1539 -0.9880 0.0143
vn -0.2161 -0.9763 0.0141
vn -0.2788 -0.9603 0.0139
vn -0.3411 -0.9399 0.0136
vn -0.4023 -0.9154 0.0132
vn -0.4615 -0.8870 0.0128
vn -0.5181 -0.8552 0.0123
vn -0.5714 -0.8206 0.0118
vn -0.6211 -0.7836 0.0113
vn -0.6667 -0.7453 0.0108
vn -0.7079 -0.7062 0.0102
vn -0.7450 -0.6670 0.0096
vn -0.7782 -0.6280 0.0091
vn -0.8076 -0.5896 0.0085
vn -0.8337 -0.5522 0.0080
vn -0.8566 -0.5160 0.0075
vn -0.8766 -0.4811 0.0069
vn -0.8941 -0.4477 0.0065
vn -0.9094 -0.4159 0.0060
vn -0.9227 -0.3856 0.0056
vn -0.9341 -0.3568 0.0052
vn -0.6936 0.7203 -0.0104
vn 0.3756 0.9267 -0.0134
vn 0.3753 0.9268 -0.0134
vn 0.3749 0.9270 -0.0134
vn 0.3746 0.9271 -0.0134
vn 0.3743 0.9272 -0.0134
vn 0.3739 0.9274 -0.0134
vn 0.3736 0.9275 -0.0134
vn 0.3733 0.9276 -0.0134
vn 0.3729 0.9278 -0.0134
vn 0.3726 0.9279 -0.0134
vn 0.3723 0.9280 -0.0134
vn 0.3830 0.9237 -0.0133
vn 0.3977 0.9174 -0.0132
vn 0.4059 0.9138 -0.0132
vn 0.4146 0.9099 -0.0131
vn 0.4238 0.9057 -0.0131
vn 0.4336 0.9010 -0.0130
vn 0.4441 0.8959 -0.0129
vn 0.4553 0.8902 -0.0129
vn 0.4673 0.8840 -0.0128
vn 0.4940 0.8694 -0.0126
vn 0.5089 0.8607 -0.0124
vn -0.7990 -0.6012 0.0087
vn -0.7556 -0.6550 0.0095
vn -0.7005 -0.7136 0.0103
vn -0.6383 -0.7697 0.0111
vn -0.5698 -0.8217 0.0119
vn -0.4963 -0.8680 0.0125
vn -0.4193 -0.9077 0.0131
vn -0.3407 -0.9401 0.0136
vn -0.2621 -0.9649 0.0139
vn -0.1854 -0.9826 0.0142
vn -0.1118 -0.9936 0.0143
vn -0.0422 -0.9990 0.0144
vn 0.0297 -0.9995 0.0144
vn 0.1154 -0.9932 0.0143
vn 0.2124 -0.9771 0.0141
vn 0.3126 -0.9498 0.0137
vn 0.4128 -0.9107 0.0131
vn 0.5094 -0.8604 0.0124
vn 0.5990 -0.8006 0.0116
vn 0.6791 -0.7340 0.0106
vn 0.7481 -0.6635 0.0096
vn 0.8059 -0.5920 0.0085
vn 0.8529 -0.5220 0.0075
vn 0.8904 -0.4551 0.0066
vn 0.9122 -0.4098 0.0059
vn 0.9122 -0.4097 0.0059
vn 0.8997 -0.4365 0.0063
vn 0.8846 -0.4662 0.0067
vn 0.8663 -0.4994 0.0072
vn 0.8439 -0.5364 0.0077
vn 0.8162 -0.5777 0.0083
vn 0.7817 -0.6236 0.0090
vn 0.7386 -0.6741 0.0097
vn 0.6844 -0.7290 0.0105
vn 0.6165 -0.7873 0.0114
vn 0.5322 -0.8465 0.0122
vn 0.4367 -0.8995 0.0130
vn 0.3442 -0.9388 0.0136
vn 0.2688 -0.9631 0.0139
vn 0.2133 -0.9769 0.0141
vn 0.1712 -0.9851 0.0142
vn 0.1382 -0.9903 0.0143
vn 0.1118 -0.9936 0.0143
vn 0.0903 -0.9958 0.0144
vn 0.0724 -0.9973 0.0144
vn 0.0572 -0.9983 0.0144
vn 0.0443 -0.9989 0.0144
vn 0.0331 -0.9993 0.0144
vn -0.0063 -0.9999 0.0144
vn -0.1009 -0.9948 0.0144
vn -0.2150 -0.9765 0.0141
vn -0.3157 -0.9488 0.0137
vn -0.4024 -0.9154 0.0132
vn -0.4759 -0.8794 0.0127
vn -0.5377 -0.8431 0.0122
vn -0.6329 -0.7742 0.0112
vn -0.6694 -0.7428 0.0107
vn -0.7003 -0.7138 0.0103
vn -0.7266 -0.6870 0.0099
vn -0.7498 -0.6616 0.0096
vn -0.7733 -0.6339 0.0092
vn -0.7984 -0.6020 0.0087
vn -0.8242 -0.5663 0.0082
vn -0.8764 -0.4815 0.0070
vn -0.9020 -0.4316 0.0062
vn -0.9264 -0.3764 0.0054
vn -0.9489 -0.3156 0.0046
vn -0.9684 -0.2494 0.0036
vn -0.9840 -0.1780 0.0026
vn -0.9948 -0.1022 0.0015
vn -0.9996 -0.0291 0.0004
vn -0.9994 0.0343 -0.0005
vn -0.9956 0.0937 -0.0014
vn -0.9879 0.1549 -0.0022
vn -0.9761 0.2173 -0.0031
vn -0.9600 0.2801 -0.0040
vn -0.9395 0.3424 -0.0049
vn -0.9150 0.4035 -0.0058
vn -0.8866 0.4625 -0.0067
vn -0.8549 0.5188 -0.0075
vn -0.8203 0.5718 -0.0083
vn -0.7837 0.6211 -0.0090
vn -0.7453 0.6667 -0.0096
vn -0.7039 0.7103 -0.0103
vn -0.6578 0.7531 -0.0109
vn -0.6069 0.7947 -0.0115
vn -0.5512 0.8343 -0.0120
vn -0.4912 0.8709 -0.0126
vn -0.4276 0.9039 -0.0131
vn -0.3612 0.9324 -0.0135
vn -0.2931 0.9560 -0.0138
vn -0.2242 0.9744 -0.0141
vn -0.1557 0.9877 -0.0143
vn -0.0885 0.9960 -0.0144
vn -0.0284 0.9995 -0.0144
vn 0.0203 0.9997 -0.0144
vn 0.0634 0.9979 -0.0144
vn 0.1059 0.9943 -0.0144
vn 0.1475 0.9890 -0.0143
vn 0.1881 0.9821 -0.0142
vn 0.2274 0.9737 -0.0141
vn 0.2654 0.9640 -0.0139
vn 0.3020 0.9532 -0.0138
vn 0.3370 0.9414 -0.0136
vn 0.3705 0.9287 -0.0134
vn 0.4024 0.9154 -0.0132
vn 0.4383 0.8987 -0.0130
vn 0.4685 0.8834 -0.0128
vn 0.4855 0.8741 -0.0126
vn 0.4981 0.8671 -0.0125
vn 0.5077 0.8615 -0.0124
vn 0.5153 0.8569 -0.0124
vn 0.5215 0.8532 -0.0123
vn 0.5266 0.8500 -0.0123
vn 0.5309 0.8473 -0.0122
vn 0.5346 0.8450 -0.0122
vn 0.5377 0.8430 -0.0122
vn 0.5405 0.8413 -0.0121
vn 0.5339 0.8454 -0.0122
vn 0.5167 0.8561 -0.0124
vn 0.4965 0.8680 -0.0125
vn 0.4735 0.8807 -0.0127
vn 0.4470 0.8944 -0.0129
vn 0.4164 0.9091 -0.0131
vn 0.3807 0.9246 -0.0134
vn 0.3387 0.9408 -0.0136
vn 0.2890 0.9572 -0.0138
vn 0.2298 0.9731 -0.0141
vn 0.1591 0.9872 -0.0143
vn 0.0747 0.9971 -0.0144
vn -0.0860 0.9962 -0.0144
vn -0.1507 0.9885 -0.0143
vn -0.2171 0.9760 -0.0141
vn -0.2842 0.9587 -0.0138
vn -0.3512 0.9362 -0.0135
vn -0.4168 0.9089 -0.0131
vn -0.4802 0.8771 -0.0127
vn -0.5404 0.8413 -0.0121
vn -0.5968 0.8023 -0.0116
vn -0.6487 0.7610 -0.0110
vn -0.6959 0.7180 -0.0104
vn -0.7383 0.6744 -0.0097
vn -0.7761 0.6306 -0.0091
vn -0.8113 0.5845 -0.0084
vn -0.8452 0.5344 -0.0077
vn -0.8770 0.4804 -0.0069
vn -0.9062 0.4227 -0.0061
vn -0.9322 0.3620 -0.0052
vn -0.9543 0.2989 -0.0043
vn -0.9722 0.2343 -0.0034
vn -0.9856 0.1689 -0.0024
vn -0.9946 0.1037 -0.0015
vn -0.9992 0.0395 -0.0006
vn -0.9997 -0.0263 0.0004
vn -0.9951 -0.0984 0.0014
vn -0.9846 -0.1749 0.0025
vn -0.9677 -0.2519 0.0036
vn -0.9446 -0.3281 0.0047
vn -0.9158 -0.4016 0.0058
vn -0.8818 -0.4715 0.0068
vn -0.8437 -0.5368 0.0078
vn -0.8025 -0.5965 0.0086
vn -0.7594 -0.6505 0.0094
vn -0.7154 -0.6987 0.0101
vn -0.6713 -0.7411 0.0107
vn -0.6294 -0.7770 0.0112
vn -0.5911 -0.8065 0.0116
vn -0.5527 -0.8333 0.0120
vn -0.5105 -0.8598 0.0124
vn -0.4644 -0.8855 0.0128
vn -0.4143 -0.9100 0.0131
vn -0.3604 -0.9327 0.0135
vn -0.3027 -0.9530 0.0138
vn -0.2417 -0.9703 0.0140
vn -0.1778 -0.9840 0.0142
vn -0.0446 -0.9989 0.0144
vn 0.0216 -0.9997 0.0144
vn 0.0857 -0.9962 0.0144
vn 0.1502 -0.9886 0.0143
vn 0.2165 -0.9762 0.0141
vn 0.2838 -0.9588 0.0138
vn 0.3509 -0.9363 0.0135
vn 0.4170 -0.9088 0.0131
vn 0.4808 -0.8767 0.0127
vn 0.5416 -0.8405 0.0121
vn 0.5985 -0.8010 0.0116
vn 0.6511 -0.7589 0.0110
vn 0.6988 -0.7152 0.0103
vn 0.7428 -0.6694 0.0097
vn 0.7824 -0.6228 0.0090
vn 0.8183 -0.5748 0.0083
vn 0.8523 -0.5229 0.0076
vn 0.8839 -0.4676 0.0068
vn 0.9124 -0.4092 0.0059
vn 0.9373 -0.3484 0.0050
vn 0.9582 -0.2860 0.0041
vn 0.9749 -0.2227 0.0032
vn 0.9872 -0.1595 0.0023
vn 0.9953 -0.0970 0.0014
vn 0.9994 -0.0360 0.0005
vn 0.9996 0.0269 -0.0004
vn 0.9954 0.0955 -0.0014
vn 0.9861 0.1662 -0.0024
vn 0.9722 0.2341 -0.0034
vn 0.9544 0.2986 -0.0043
vn 0.9333 0.3590 -0.0052
vn 0.9098 0.4151 -0.0060
vn 0.8844 0.4666 -0.0067
vn 0.8580 0.5136 -0.0074
vn 0.8309 0.5563 -0.0080
vn 0.8038 0.5949 -0.0086
vn 0.7769 0.6296 -0.0091
vn 0.7493 0.6622 -0.0096
vn 0.7187 0.6953 -0.0100
vn 0.6834 0.7300 -0.0105
vn 0.6427 0.7660 -0.0111
vn 0.5959 0.8030 -0.0116
vn 0.5423 0.8401 -0.0121
vn 0.4813 0.8765 -0.0127
vn 0.4126 0.9108 -0.0132
vn 0.3364 0.9416 -0.0136
vn 0.2532 0.9673 -0.0140
vn 0.1642 0.9863 -0.0142
vn 0.0714 0.9973 -0.0144
vn -0.0010 0.9999 -0.0144
vn -0.0290 0.9995 -0.0144
vn -0.0350 0.9993 -0.0144
vn -0.0411 0.9990 -0.0144
vn -0.0475 0.9988 -0.0144
vn -0.0541 0.9984 -0.0144
vn -0.0679 0.9976 -0.0144
vn -0.0753 0.9971 -0.0144
vn -0.0828 0.9965 -0.0144
vn -0.0906 0.9958 -0.0144
vn -0.0988 0.9950 -0.0144
vn -0.1072 0.9941 -0.0144
vn -0.1160 0.9931 -0.0143
vn -0.1251 0.9920 -0.0143
vn -0.1346 0.9908 -0.0143
vn -0.1444 0.9894 -0.0143
vn -0.1547 0.9879 -0.0143
vn -0.1653 0.9861 -0.0142
vn -0.1764 0.9842 -0.0142
vn -0.1880 0.9821 -0.0142
vn -0.2000 0.9797 -0.0141
vn -0.2126 0.9770 -0.0141
vn -0.2257 0.9741 -0.0141
vn 0.2403 0.9706 -0.0140
vn 0.6362 0.7714 -0.0111
vn 0.5869 0.8096 -0.0117
vn 0.5335 0.8457 -0.0122
vn 0.4764 0.8791 -0.0127
vn 0.4163 0.9091 -0.0131
vn 0.3538 0.9352 -0.0135
vn 0.2898 0.9570 -0.0138
vn 0.2252 0.9742 -0.0141
vn 0.1608 0.9869 -0.0142
vn 0.0976 0.9951 -0.0144
vn 0.0361 0.9992 -0.0144
vn -0.0333 0.9993 -0.0144
vn -0.1260 0.9919 -0.0143
vn -0.2377 0.9712 -0.0140
vn -0.3565 0.9342 -0.0135
vn -0.4770 0.8788 -0.0127
vn -0.5924 0.8055 -0.0116
vn -0.6962 0.7178 -0.0104
vn -0.8531 0.5217 -0.0075
vn -0.9051 0.4251 -0.0061
vn -0.9423 0.3348 -0.0048
vn -0.9675 0.2528 -0.0037
vn -0.9819 0.1896 -0.0027
vn -0.9879 0.1551 -0.0022
vn -0.9908 0.1351 -0.0020
vn -0.9932 0.1160 -0.0017
vn -0.9952 0.0977 -0.0014
vn -0.9968 0.0802 -0.0012
vn -0.9980 0.0635 -0.0009
vn -0.9989 0.0474 -0.0007
vn -0.9998 0.0173 -0.0003
vn -1.0000 0.0033 -0.0000
vn -0.9999 -0.0102 0.0001
vn -0.9995 -0.0323 0.0005
vn -0.9974 -0.0724 0.0010
vn -0.9925 -0.1225 0.0018
vn -0.9849 -0.1734 0.0025
vn -0.9745 -0.2245 0.0032
vn -0.9613 -0.2755 0.0040
vn -0.9453 -0.3261 0.0047
vn -0.9268 -0.3756 0.0054
vn -0.9057 -0.4238 0.0061
vn -0.8825 -0.4703 0.0068
vn -0.8573 -0.5148 0.0074
vn -0.8305 -0.5569 0.0080
vn -1.0000 -0.0093 0.0001
vn -0.9992 -0.0390 0.0006
vn -0.9959 -0.0907 0.0013
vn -0.9857 -0.1687 0.0024
vn -0.9655 -0.2603 0.0038
vn -0.9307 -0.3658 0.0053
vn -0.8752 -0.4836 0.0070
vn -0.7936 -0.6084 0.0088
vn -0.6831 -0.7303 0.0105
vn -0.5473 -0.8368 0.0121
vn -0.3967 -0.9179 0.0133
vn -0.2448 -0.9695 0.0140
vn -0.1034 -0.9945 0.0144
vn 0.0067 -0.9999 0.0144
vn 0.7141 -0.7000 0.0101
vn 0.7592 -0.6508 0.0094
vn 0.8022 -0.5969 0.0086
vn 0.8423 -0.5390 0.0078
vn 0.8785 -0.4778 0.0069
vn 0.9103 -0.4139 0.0060
vn 0.9372 -0.3487 0.0050
vn 0.9591 -0.2829 0.0041
vn 0.9881 -0.1538 0.0022
vn 0.9957 -0.0921 0.0013
vn 0.9995 -0.0331 0.0005
vn 1.0000 0.0095 -0.0001
vn 0.9993 0.0386 -0.0006
vn 0.9963 0.0858 -0.0012
vn 0.9885 0.1509 -0.0022
vn 0.9758 0.2185 -0.0032
vn 0.9340 0.3572 -0.0052
vn 0.9047 0.4260 -0.0062
vn 0.8701 0.4929 -0.0071
vn 0.8307 0.5567 -0.0080
vn 0.7873 0.6165 -0.0089
vn 0.7409 0.6715 -0.0097
vn 0.6925 0.7213 -0.0104
vn 0.6369 0.7708 -0.0111
vn 0.5803 0.8143 -0.0118
vn 0.5285 0.8488 -0.0123
vn 0.4742 0.8803 -0.0127
vn 0.4180 0.9084 -0.0131
vn 0.3605 0.9327 -0.0135
vn 0.3025 0.9531 -0.0138
vn 0.2446 0.9695 -0.0140
vn 0.1876 0.9822 -0.0142
vn 0.1319 0.9912 -0.0143
vn 0.0780 0.9969 -0.0144
vn 0.0263 0.9995 -0.0144
vn -0.0238 0.9996 -0.0144
vn -0.0751 0.9971 -0.0144
vn -0.1293 0.9915 -0.0143
vn -0.1859 0.9825 -0.0142
vn -0.2445 0.9696 -0.0140
vn -0.3044 0.9524 -0.0138
vn -0.3651 0.9309 -0.0134
vn -0.4257 0.9048 -0.0131
vn -0.4854 0.8742 -0.0126
vn -0.5433 0.8395 -0.0121
vn -0.5986 0.8010 -0.0116
vn -0.6506 0.7594 -0.0110
vn -0.6996 0.7145 -0.0103
vn -0.7469 0.6649 -0.0096
vn -0.7923 0.6100 -0.0088
vn -0.8346 0.5508 -0.0080
vn -0.8728 0.4880 -0.0070
vn -0.9063 0.4225 -0.0061
vn -0.9346 0.3555 -0.0051
vn -0.9576 0.2881 -0.0042
vn -0.9752 0.2213 -0.0032
vn -0.9877 0.1562 -0.0023
vn -0.9956 0.0935 -0.0013
vn -0.9994 0.0337 -0.0005
vn 0.9998 0.0187 -0.0003
vn 0.9977 0.0685 -0.0010
vn -0.2503 0.9681 -0.0140
vn -0.4145 0.9100 -0.0131
vn -0.9518 -0.3065 0.0044
vn -0.5208 -0.8536 0.0123
vn -0.7240 0.6898 -0.0100
vn -0.6682 0.7439 -0.0107
vn -0.6081 0.7938 -0.0115
vn -0.1872 0.9822 -0.0142
vn 0.2572 0.9663 -0.0140
vn -0.2153 0.9764 -0.0141
vn -0.5894 0.8078 -0.0117
vn -0.9974 0.0723 -0.0010
vn 0.2349 -0.9719 0.0140
vn -0.6211 -0.7837 0.0113
vn -0.6666 -0.7453 0.0108
vn -0.9226 -0.3856 0.0056
vn -0.9342 -0.3568 0.0052
vn 0.3752 0.9268 -0.0134
vn 0.1886 -0.9819 0.0142
vn 0.7980 -0.6026 0.0087
vn -0.9922 0.1248 -0.0018
vn -0.9516 -0.3075 0.0044
vn -0.9310 -0.3650 0.0053
vn -0.8793 -0.4761 0.0069
vn -0.8490 -0.5283 0.0076
vn -0.9728 -0.2314 0.0033
vn -0.9845 -0.1756 0.0025
vn -0.9898 -0.1421 0.0021
vn -0.9912 -0.1322 0.0019
vn -0.9963 -0.0861 0.0012
vn -0.9562 0.2928 -0.0042
vn -0.9403 0.3404 -0.0049
vn -0.9327 0.3606 -0.0052
vn -0.9287 0.3707 -0.0054
vn -0.9247 0.3806 -0.0055
vn -0.9727 0.2319 -0.0033
vn -0.9897 0.1428 -0.0021
vn -0.9999 0.0142 -0.0002
vn -0.9738 -0.2276 0.0033
vn -0.7318 -0.6815 0.0098
vn 0.9976 -0.0695 0.0010
vn 0.9981 -0.0608 0.0009
vn 0.9998 0.0211 -0.0003
vn 0.9994 0.0347 -0.0005
vn 0.9964 0.0844 -0.0012
vn 0.9957 0.0929 -0.0013
vn 0.9896 0.1442 -0.0021
vn 0.9886 0.1504 -0.0022
vn 0.9849 0.1728 -0.0025
vn 0.9831 0.1829 -0.0026
vn 0.4471 -0.8944 0.0129
vn 0.4361 -0.8998 0.0130
vn 0.4120 -0.9111 0.0132
vn 0.3989 -0.9169 0.0132
vn 0.2684 -0.9632 0.0139
vn 0.0558 -0.9983 0.0144
vn -0.0435 -0.9989 0.0144
vn -0.8859 -0.4639 0.0067
vn -1.0000 -0.0073 0.0001
vn -0.9997 -0.0250 0.0004
vn -0.9996 -0.0270 0.0004
vn -0.9996 -0.0292 0.0004
vn -0.9994 -0.0347 0.0005
vn -0.9993 -0.0382 0.0006
vn -0.9989 -0.0475 0.0007
vn -0.9986 -0.0537 0.0008
vn -0.9974 -0.0721 0.0010
vn -0.9952 -0.0983 0.0014
vn -0.9872 -0.1596 0.0023
vn -0.9688 -0.2477 0.0036
vn -0.9375 -0.3478 0.0050
vn -0.8887 -0.4585 0.0066
vn -0.8179 -0.5752 0.0083
vn -0.7231 -0.6906 0.0100
vn -0.6063 -0.7952 0.0115
vn -0.4743 -0.8803 0.0127
vn -0.3373 -0.9413 0.0136
vn -0.2051 -0.9786 0.0141
vn -0.0845 -0.9963 0.0144
vn 0.0202 -0.9997 0.0144
vn 0.1184 -0.9929 0.0143
vn 0.2267 -0.9739 0.0141
vn 0.3487 -0.9371 0.0135
vn 0.4800 -0.8772 0.0127
vn 0.6119 -0.7908 0.0114
vn 0.7334 -0.6797 0.0098
vn 0.8341 -0.5515 0.0080
vn 0.9087 -0.4174 0.0060
vn 0.9577 -0.2878 0.0042
vn 0.9855 -0.1699 0.0025
vn 0.9978 -0.0667 0.0010
vn 0.9997 -0.0226 0.0003
vn 0.6345 -0.7729 0.0112
vn -0.2015 -0.9794 0.0141
vn -0.2712 -0.9624 0.0139
vn -0.3436 -0.9390 0.0136
vn -0.4175 -0.9086 0.0131
vn -0.4913 -0.8709 0.0126
vn -0.5634 -0.8261 0.0119
vn -0.6320 -0.7749 0.0112
vn -0.6958 -0.7182 0.0104
vn -0.7534 -0.6575 0.0095
vn -0.8041 -0.5944 0.0086
vn -0.8477 -0.5305 0.0077
vn -0.9634 -0.2681 0.0039
vn -0.9993 -0.0367 0.0005
vn -0.9896 -0.1436 0.0021
vn -0.9783 -0.2072 0.0030
vn -0.9622 -0.2723 0.0039
vn -0.9411 -0.3380 0.0049
vn -0.9150 -0.4034 0.0058
vn -0.8840 -0.4674 0.0067
vn -0.8486 -0.5290 0.0076
vn -0.8093 -0.5874 0.0085
vn -0.7668 -0.6418 0.0093
vn -0.7220 -0.6918 0.0100
vn -0.6755 -0.7373 0.0106
vn -0.6261 -0.7797 0.0113
vn -0.5728 -0.8196 0.0118
vn -0.5160 -0.8565 0.0124
vn -0.4564 -0.8897 0.0128
vn -0.3948 -0.9187 0.0133
vn -0.3321 -0.9432 0.0136
vn -0.2691 -0.9630 0.0139
vn -0.2068 -0.9783 0.0141
vn -0.1459 -0.9892 0.0143
vn -0.0870 -0.9961 0.0144
vn -0.0307 -0.9994 0.0144
vn 0.0237 -0.9996 0.0144
vn 0.0794 -0.9967 0.0144
vn 0.1389 -0.9902 0.0143
vn 0.2019 -0.9793 0.0141
vn 0.2680 -0.9633 0.0139
vn 0.3363 -0.9417 0.0136
vn 0.4752 -0.8798 0.0127
vn 0.5432 -0.8395 0.0121
vn 0.6085 -0.7935 0.0115
vn 0.6697 -0.7426 0.0107
vn 0.7258 -0.6879 0.0099
vn 0.7675 -0.6410 0.0093
vn 0.8027 -0.5964 0.0086
vn 0.8402 -0.5423 0.0078
vn 0.8742 -0.4856 0.0070
vn 0.9043 -0.4269 0.0062
vn 0.9301 -0.3672 0.0053
vn 0.9517 -0.3071 0.0044
vn 0.9689 -0.2476 0.0036
vn 0.9819 -0.1891 0.0027
vn 0.9912 -0.1325 0.0019
vn 0.9969 -0.0781 0.0011
vn 0.9997 -0.0262 0.0004
vn 0.9999 0.0112 -0.0002
vn 0.9997 0.0245 -0.0004
vn 0.9996 0.0281 -0.0004
vn 0.9995 0.0324 -0.0005
vn 0.9993 0.0361 -0.0005
vn 0.9992 0.0394 -0.0006
vn 0.9991 0.0423 -0.0006
vn 0.9990 0.0449 -0.0006
vn 0.9989 0.0471 -0.0007
vn 0.9988 0.0492 -0.0007
vn 0.9987 0.0511 -0.0007
vn 0.9986 0.0528 -0.0008
vn 0.9985 0.0543 -0.0008
vn 0.9985 0.0550 -0.0008
vn 0.9990 0.0448 -0.0006
vn 0.9993 0.0371 -0.0005
vn 0.9972 0.0748 -0.0011
vn 0.9917 0.1284 -0.0019
vn 0.9829 0.1843 -0.0027
vn 0.9703 0.2418 -0.0035
vn 0.9538 0.3005 -0.0043
vn 0.9331 0.3597 -0.0052
vn 0.9082 0.4186 -0.0060
vn 0.8792 0.4765 -0.0069
vn 0.8464 0.5326 -0.0077
vn 0.8102 0.5862 -0.0085
vn 0.7711 0.6367 -0.0092
vn 0.7270 0.6865 -0.0099
vn 0.6742 0.7385 -0.0107
vn 0.6139 0.7893 -0.0114
vn 0.5494 0.8355 -0.0121
vn 0.4820 0.8761 -0.0126
vn 0.4129 0.9107 -0.0131
vn 0.3436 0.9390 -0.0136
vn 0.2754 0.9612 -0.0139
vn 0.2091 0.9778 -0.0141
vn 0.1457 0.9892 -0.0143
vn 0.0857 0.9962 -0.0144
vn 0.0296 0.9995 -0.0144
vn -0.0325 0.9994 -0.0144
vn -0.1159 0.9932 -0.0143
vn -0.2181 0.9758 -0.0141
vn -0.3295 0.9441 -0.0136
vn -0.4460 0.8949 -0.0129
vn -0.5619 0.8271 -0.0119
vn -0.6703 0.7420 -0.0107
vn -0.7650 0.6440 -0.0093
vn -0.8420 0.5394 -0.0078
vn -0.9006 0.4345 -0.0063
vn -0.9424 0.3345 -0.0048
vn -0.9702 0.2424 -0.0035
vn -0.3789 0.9253 -0.0134
vn 0.5372 0.8434 -0.0122
vn 0.4934 0.8697 -0.0126
vn 0.3479 0.9374 -0.0135
vn 0.2958 0.9551 -0.0138
vn 0.2426 0.9700 -0.0140
vn 0.1888 0.9819 -0.0142
vn 0.1349 0.9908 -0.0143
vn 0.0813 0.9966 -0.0144
vn 0.0285 0.9995 -0.0144
vn -0.0393 0.9991 -0.0144
vn -0.1453 0.9893 -0.0143
vn -0.2812 0.9595 -0.0139
vn -0.4273 0.9040 -0.0131
vn -0.5727 0.8197 -0.0118
vn -0.7043 0.7099 -0.0102
vn -0.8115 0.5843 -0.0084
vn -0.8904 0.4552 -0.0066
vn -0.9430 0.3328 -0.0048
vn -0.9748 0.2230 -0.0032
vn -0.9918 0.1278 -0.0018
vn -0.9989 0.0467 -0.0007
vt 0.934066 0.000000
vt 0.945055 0.000000
vt 0.939560 0.000000
vt 0.928571 0.000000
vt 0.950549 0.000000
vt 0.923077 0.000000
vt 0.956044 0.000000
vt 0.917582 0.000000
vt 0.912088 0.000000
vt 0.961538 0.000000
vt 0.802198 0.000000
vt 0.813187 0.000000
vt 0.807692 0.000000
vt 0.796703 0.000000
vt 0.818681 0.000000
vt 0.791209 0.000000
vt 0.785714 0.000000
vt 0.824176 0.000000
vt 0.780220 0.000000
vt 0.906593 0.000000
vt 0.774725 0.000000
vt 0.829670 0.000000
vt 0.769231 0.000000
vt 0.967033 0.000000
vt 0.835165 0.000000
vt 0.763736 0.000000
vt 0.901099 0.000000
vt 0.758242 0.000000
vt 0.840659 0.000000
vt 0.752747 0.000000
vt 0.747253 0.000000
vt 0.895604 0.000000
vt 0.972527 0.000000
vt 0.846154 0.000000
vt 0.741758 0.000000
vt 0.736264 0.000000
vt 0.851648 0.000000
vt 0.890110 0.000000
vt 0.730769 0.000000
vt 0.978022 0.000000
vt 0.725275 0.000000
vt 0.857143 0.000000
vt 0.884615 0.000000
vt 0.719780 0.000000
vt 0.862637 0.000000
vt 0.714286 0.000000
vt 0.708791 0.000000
vt 0.983516 0.000000
vt 0.879121 0.000000
vt 0.868132 0.000000
vt 0.703297 0.000000
vt 0.697802 0.000000
vt 0.873626 0.000000
vt 0.692308 0.000000
vt 0.989011 0.000000
vt 0.686813 0.000000
vt 0.681319 0.000000
vt 0.675824 0.000000
vt 0.670330 0.000000
vt 0.994505 0.000000
vt 0.664835 0.000000
vt 0.659341 0.000000
vt 0.653846 0.000000
vt 0.648352 0.000000
vt 0.642857 0.000000
vt 1.000000 0.000000
vt 0.637363 0.000000
vt 0.631868 0.000000
vt 0.626374 0.000000
vt 0.620879 0.000000
vt 0.615385 0.000000
vt 0.203297 0.000000
vt 0.000000 0.000000
vt 0.609890 0.000000
vt 0.604396 0.000000
vt 0.598901 0.000000
vt 0.208791 0.000000
vt 0.197802 0.000000
vt 0.593407 0.000000
vt 0.214286 0.000000
vt 0.005495 0.000000
vt 0.587912 0.000000
vt 0.219780 0.000000
vt 0.010989 0.000000
vt 0.582418 0.000000
vt 0.016484 0.000000
vt 0.225275 0.000000
vt 0.576923 0.000000
vt 0.021978 0.000000
vt 0.571429 0.000000
vt 0.027473 0.000000
vt 0.230769 0.000000
vt 0.032967 0.000000
vt 0.565934 0.000000
vt 0.038462 0.000000
vt 0.560440 0.000000
vt 0.236264 0.000000
vt 0.043956 0.000000
vt 0.554945 0.000000
vt 0.049451 0.000000
vt 0.054945 0.000000
vt 0.549451 0.000000
vt 0.060440 0.000000
vt 0.543956 0.000000
vt 0.065934 0.000000
vt 0.241758 0.000000
vt 0.071429 0.000000
vt 0.538462 0.000000
vt 0.269231 0.000000
vt 0.263736 0.000000
vt 0.258242 0.000000
vt 0.252747 0.000000
vt 0.247253 0.000000
vt 0.192308 0.000000
vt 0.076923 0.000000
vt 0.186813 0.000000
vt 0.082418 0.000000
vt 0.181319 0.000000
vt 0.087912 0.000000
vt 0.175824 0.000000
vt 0.093407 0.000000
vt 0.170330 0.000000
vt 0.098901 0.000000
vt 0.164835 0.000000
vt 0.104396 0.000000
vt 0.159341 0.000000
vt 0.109890 0.000000
vt 0.153846 0.000000
vt 0.115385 0.000000
vt 0.148352 0.000000
vt 0.120879 0.000000
vt 0.142857 0.000000
vt 0.126374 0.000000
vt 0.137363 0.000000
vt 0.131868 0.000000
vt 0.274725 0.000000
vt 0.532967 0.000000
vt 0.280220 0.000000
vt 0.527473 0.000000
vt 0.285714 0.000000
vt 0.521978 0.000000
vt 0.291209 0.000000
vt 0.516484 0.000000
vt 0.296703 0.000000
vt 0.510989 0.000000
vt 0.302198 0.000000
vt 0.505495 0.000000
vt 0.307692 0.000000
vt 0.500000 0.000000
vt 0.313187 0.000000
vt 0.494505 0.000000
vt 0.318681 0.000000
vt 0.489011 0.000000
vt 0.324176 0.000000
vt 0.483516 0.000000
vt 0.329670 0.000000
vt 0.478022 0.000000
vt 0.335165 0.000000
vt 0.472527 0.000000
vt 0.340659 0.000000
vt 0.467033 0.000000
vt 0.346154 0.000000
vt 0.461538 0.000000
vt 0.351648 0.000000
vt 0.456044 0.000000
vt 0.357143 0.000000
vt 0.450549 0.000000
vt 0.362637 0.000000
vt 0.445055 0.000000
vt 0.368132 0.000000
vt 0.439560 0.000000
vt 0.373626 0.000000
vt 0.434066 0.000000
vt 0.379121 0.000000
vt 0.428571 0.000000
vt 0.384615 0.000000
vt 0.423077 0.000000
vt 0.390110 0.000000
vt 0.417582 0.000000
vt 0.395604 0.000000
vt 0.412088 0.000000
vt 0.401099 0.000000
vt 0.406593 0.000000
vt 0.283582 0.000000
vt 0.289552 0.000000
vt 0.286567 0.000000
vt 0.292537 0.000000
vt 0.280597 0.000000
vt 0.295522 0.000000
vt 0.298507 0.000000
vt 0.277612 0.000000
vt 0.301493 0.000000
vt 0.304478 0.000000
vt 0.274627 0.000000
vt 0.307463 0.000000
vt 0.310448 0.000000
vt 0.271642 0.000000
vt 0.313433 0.000000
vt 0.268657 0.000000
vt 0.316418 0.000000
vt 0.319403 0.000000
vt 0.265672 0.000000
vt 0.322388 0.000000
vt 0.325373 0.000000
vt 0.262687 0.000000
vt 0.328358 0.000000
vt 0.259701 0.000000
vt 0.331343 0.000000
vt 0.334328 0.000000
vt 0.256716 0.000000
vt 0.337313 0.000000
vt 0.340299 0.000000
vt 0.253731 0.000000
vt 0.343284 0.000000
vt 0.346269 0.000000
vt 0.250746 0.000000
vt 0.349254 0.000000
vt 0.352239 0.000000
vt 0.247761 0.000000
vt 0.355224 0.000000
vt 0.358209 0.000000
vt 0.244776 0.000000
vt 0.361194 0.000000
vt 0.364179 0.000000
vt 0.367164 0.000000
vt 0.370149 0.000000
vt 0.373134 0.000000
vt 0.241791 0.000000
vt 0.791045 0.000000
vt 0.788060 0.000000
vt 0.376119 0.000000
vt 0.379104 0.000000
vt 0.785075 0.000000
vt 0.782090 0.000000
vt 0.779104 0.000000
vt 0.776119 0.000000
vt 0.773134 0.000000
vt 0.794030 0.000000
vt 0.770149 0.000000
vt 0.767164 0.000000
vt 0.764179 0.000000
vt 0.761194 0.000000
vt 0.758209 0.000000
vt 0.797015 0.000000
vt 0.755224 0.000000
vt 0.752239 0.000000
vt 0.749254 0.000000
vt 0.382090 0.000000
vt 0.746269 0.000000
vt 0.743284 0.000000
vt 0.800000 0.000000
vt 0.740299 0.000000
vt 0.737313 0.000000
vt 0.734328 0.000000
vt 0.385075 0.000000
vt 0.731343 0.000000
vt 0.728358 0.000000
vt 0.802985 0.000000
vt 0.725373 0.000000
vt 0.722388 0.000000
vt 0.388060 0.000000
vt 0.719403 0.000000
vt 0.716418 0.000000
vt 0.805970 0.000000
vt 0.713433 0.000000
vt 0.391045 0.000000
vt 0.238806 0.000000
vt 0.394030 0.000000
vt 0.808955 0.000000
vt 0.710448 0.000000
vt 0.397015 0.000000
vt 0.707463 0.000000
vt 0.400000 0.000000
vt 0.811940 0.000000
vt 0.402985 0.000000
vt 0.704478 0.000000
vt 0.814925 0.000000
vt 0.405970 0.000000
vt 0.701493 0.000000
vt 0.235821 0.000000
vt 0.408955 0.000000
vt 0.698507 0.000000
vt 0.817910 0.000000
vt 0.411940 0.000000
vt 0.695522 0.000000
vt 0.820895 0.000000
vt 0.414925 0.000000
vt 0.692537 0.000000
vt 0.417910 0.000000
vt 0.689552 0.000000
vt 0.232836 0.000000
vt 0.823881 0.000000
vt 0.686567 0.000000
vt 0.420896 0.000000
vt 0.683582 0.000000
vt 0.423881 0.000000
vt 0.680597 0.000000
vt 0.826866 0.000000
vt 0.426866 0.000000
vt 0.677612 0.000000
vt 0.674627 0.000000
vt 0.429851 0.000000
vt 0.229851 0.000000
vt 0.829851 0.000000
vt 0.671642 0.000000
vt 0.432836 0.000000
vt 0.668657 0.000000
vt 0.665672 0.000000
vt 0.435821 0.000000
vt 0.832836 0.000000
vt 0.662687 0.000000
vt 0.438806 0.000000
vt 0.659701 0.000000
vt 0.226866 0.000000
vt 0.656716 0.000000
vt 0.441791 0.000000
vt 0.835821 0.000000
vt 0.653731 0.000000
vt 0.650746 0.000000
vt 0.444776 0.000000
vt 0.647761 0.000000
vt 0.644776 0.000000
vt 0.838806 0.000000
vt 0.447761 0.000000
vt 0.641791 0.000000
vt 0.223881 0.000000
vt 0.450746 0.000000
vt 0.841791 0.000000
vt 0.638806 0.000000
vt 0.453731 0.000000
vt 0.456716 0.000000
vt 0.844776 0.000000
vt 0.635821 0.000000
vt 0.220896 0.000000
vt 0.459701 0.000000
vt 0.847761 0.000000
vt 0.462687 0.000000
vt 0.632836 0.000000
vt 0.465672 0.000000
vt 0.850746 0.000000
vt 0.217910 0.000000
vt 0.468657 0.000000
vt 0.629851 0.000000
vt 0.853731 0.000000
vt 0.471642 0.000000
vt 0.626866 0.000000
vt 0.214925 0.000000
vt 0.856716 0.000000
vt 0.859702 0.000000
vt 0.474627 0.000000
vt 0.623881 0.000000
vt 0.211940 0.000000
vt 0.862687 0.000000
vt 0.477612 0.000000
vt 0.620896 0.000000
vt 0.865672 0.000000
vt 0.480597 0.000000
vt 0.208955 0.000000
vt 0.617910 0.000000
vt 0.868657 0.000000
vt 0.483582 0.000000
vt 0.871642 0.000000
vt 0.205970 0.000000
vt 0.614925 0.000000
vt 0.874627 0.000000
vt 0.486567 0.000000
vt 0.877612 0.000000
vt 0.489552 0.000000
vt 0.611940 0.000000
vt 0.202985 0.000000
vt 0.880597 0.000000
vt 0.492537 0.000000
vt 0.883582 0.000000
vt 0.495522 0.000000
vt 0.200000 0.000000
vt 0.886567 0.000000
vt 0.608955 0.000000
vt 0.498507 0.000000
vt 0.889552 0.000000
vt 0.892537 0.000000
vt 0.501493 0.000000
vt 0.197015 0.000000
vt 0.895522 0.000000
vt 0.504478 0.000000
vt 0.997015 0.000000
vt 0.507463 0.000000
vt 0.510448 0.000000
vt 0.994030 0.000000
vt 0.898507 0.000000
vt 0.513433 0.000000
vt 0.991045 0.000000
vt 0.516418 0.000000
vt 0.901493 0.000000
vt 0.988060 0.000000
vt 0.519403 0.000000
vt 0.194030 0.000000
vt 0.985075 0.000000
vt 0.904478 0.000000
vt 0.982090 0.000000
vt 0.522388 0.000000
vt 0.979104 0.000000
vt 0.907463 0.000000
vt 0.976119 0.000000
vt 0.525373 0.000000
vt 0.973134 0.000000
vt 0.910448 0.000000
vt 0.970149 0.000000
vt 0.528358 0.000000
vt 0.967164 0.000000
vt 0.913433 0.000000
vt 0.191045 0.000000
vt 0.964179 0.000000
vt 0.961194 0.000000
vt 0.916418 0.000000
vt 0.958209 0.000000
vt 0.531343 0.000000
vt 0.919403 0.000000
vt 0.955224 0.000000
vt 0.952239 0.000000
vt 0.922388 0.000000
vt 0.949254 0.000000
vt 0.946269 0.000000
vt 0.925373 0.000000
vt 0.943284 0.000000
vt 0.940298 0.000000
vt 0.928358 0.000000
vt 0.937313 0.000000
vt 0.534328 0.000000
vt 0.934328 0.000000
vt 0.931343 0.000000
vt 0.188060 0.000000
vt 0.537313 0.000000
vt 0.540299 0.000000
vt 0.185075 0.000000
vt 0.543284 0.000000
vt 0.546269 0.000000
vt 0.182090 0.000000
vt 0.549254 0.000000
vt 0.552239 0.000000
vt 0.179104 0.000000
vt 0.555224 0.000000
vt 0.558209 0.000000
vt 0.561194 0.000000
vt 0.176119 0.000000
vt 0.564179 0.000000
vt 0.567164 0.000000
vt 0.570149 0.000000
vt 0.573134 0.000000
vt 0.576119 0.000000
vt 0.173134 0.000000
vt 0.579104 0.000000
vt 0.071642 0.000000
vt 0.582090 0.000000
vt 0.170149 0.000000
vt 0.074627 0.000000
vt 0.068657 0.000000
vt 0.585075 0.000000
vt 0.077612 0.000000
vt 0.588060 0.000000
vt 0.080597 0.000000
vt 0.065672 0.000000
vt 0.167164 0.000000
vt 0.591045 0.000000
vt 0.083582 0.000000
vt 0.594030 0.000000
vt 0.086567 0.000000
vt 0.062687 0.000000
vt 0.164179 0.000000
vt 0.597015 0.000000
vt 0.089552 0.000000
vt 0.092537 0.000000
vt 0.600000 0.000000
vt 0.059701 0.000000
vt 0.095522 0.000000
vt 0.161194 0.000000
vt 0.602985 0.000000
vt 0.098507 0.000000
vt 0.605970 0.000000
vt 0.101493 0.000000
vt 0.056716 0.000000
vt 0.158209 0.000000
vt 0.104478 0.000000
vt 0.107463 0.000000
vt 0.002985 0.000000
vt 0.053731 0.000000
vt 0.110448 0.000000
vt 0.155224 0.000000
vt 0.113433 0.000000
vt 0.005970 0.000000
vt 0.116418 0.000000
vt 0.152239 0.000000
vt 0.050746 0.000000
vt 0.008955 0.000000
vt 0.119403 0.000000
vt 0.122388 0.000000
vt 0.011940 0.000000
vt 0.149254 0.000000
vt 0.125373 0.000000
vt 0.047761 0.000000
vt 0.128358 0.000000
vt 0.014925 0.000000
vt 0.131343 0.000000
vt 0.146269 0.000000
vt 0.134328 0.000000
vt 0.137313 0.000000
vt 0.017910 0.000000
vt 0.143284 0.000000
vt 0.140299 0.000000
vt 0.044776 0.000000
vt 0.020896 0.000000
vt 0.041791 0.000000
vt 0.023881 0.000000
vt 0.026866 0.000000
vt 0.038806 0.000000
vt 0.029851 0.000000
vt 0.032836 0.000000
vt 0.035821 0.000000
vt 0.245833 0.000000
vt 0.254167 0.000000
vt 0.250000 0.000000
vt 0.258333 0.000000
vt 0.241667 0.000000
vt 0.262500 0.000000
vt 0.266667 0.000000
vt 0.237500 0.000000
vt 0.270833 0.000000
vt 0.275000 0.000000
vt 0.233333 0.000000
vt 0.279167 0.000000
vt 0.283333 0.000000
vt 0.229167 0.000000
vt 0.287500 0.000000
vt 0.291667 0.000000
vt 0.225000 0.000000
vt 0.295833 0.000000
vt 0.300000 0.000000
vt 0.220833 0.000000
vt 0.304167 0.000000
vt 0.216667 0.000000
vt 0.308333 0.000000
vt 0.312500 0.000000
vt 0.212500 0.000000
vt 0.316667 0.000000
vt 0.208333 0.000000
vt 0.320833 0.000000
vt 0.325000 0.000000
vt 0.204167 0.000000
vt 0.329167 0.000000
vt 0.333333 0.000000
vt 0.337500 0.000000
vt 0.195833 0.000000
vt 0.341667 0.000000
vt 0.191667 0.000000
vt 0.808333 0.000000
vt 0.804167 0.000000
vt 0.345833 0.000000
vt 0.795833 0.000000
vt 0.812500 0.000000
vt 0.791667 0.000000
vt 0.816667 0.000000
vt 0.787500 0.000000
vt 0.820833 0.000000
vt 0.783333 0.000000
vt 0.779167 0.000000
vt 0.825000 0.000000
vt 0.775000 0.000000
vt 0.829167 0.000000
vt 0.187500 0.000000
vt 0.770833 0.000000
vt 0.833333 0.000000
vt 0.766667 0.000000
vt 0.350000 0.000000
vt 0.837500 0.000000
vt 0.762500 0.000000
vt 0.758333 0.000000
vt 0.841667 0.000000
vt 0.754167 0.000000
vt 0.845833 0.000000
vt 0.850000 0.000000
vt 0.354167 0.000000
vt 0.183333 0.000000
vt 0.995833 0.000000
vt 0.854167 0.000000
vt 0.991667 0.000000
vt 0.858333 0.000000
vt 0.358333 0.000000
vt 0.987500 0.000000
vt 0.862500 0.000000
vt 0.983333 0.000000
vt 0.179167 0.000000
vt 0.362500 0.000000
vt 0.979167 0.000000
vt 0.866667 0.000000
vt 0.975000 0.000000
vt 0.870833 0.000000
vt 0.366667 0.000000
vt 0.970833 0.000000
vt 0.875000 0.000000
vt 0.966667 0.000000
vt 0.175000 0.000000
vt 0.370833 0.000000
vt 0.962500 0.000000
vt 0.879167 0.000000
vt 0.958333 0.000000
vt 0.375000 0.000000
vt 0.883333 0.000000
vt 0.954167 0.000000
vt 0.170833 0.000000
vt 0.379167 0.000000
vt 0.950000 0.000000
vt 0.887500 0.000000
vt 0.945833 0.000000
vt 0.383333 0.000000
vt 0.941667 0.000000
vt 0.891667 0.000000
vt 0.937500 0.000000
vt 0.387500 0.000000
vt 0.166667 0.000000
vt 0.933333 0.000000
vt 0.895833 0.000000
vt 0.929167 0.000000
vt 0.391667 0.000000
vt 0.925000 0.000000
vt 0.920833 0.000000
vt 0.900000 0.000000
vt 0.395833 0.000000
vt 0.916667 0.000000
vt 0.162500 0.000000
vt 0.912500 0.000000
vt 0.904167 0.000000
vt 0.908333 0.000000
vt 0.404167 0.000000
vt 0.408333 0.000000
vt 0.412500 0.000000
vt 0.158333 0.000000
vt 0.416667 0.000000
vt 0.420833 0.000000
vt 0.425000 0.000000
vt 0.429167 0.000000
vt 0.433333 0.000000
vt 0.154167 0.000000
vt 0.437500 0.000000
vt 0.441667 0.000000
vt 0.445833 0.000000
vt 0.150000 0.000000
vt 0.450000 0.000000
vt 0.454167 0.000000
vt 0.145833 0.000000
vt 0.141667 0.000000
vt 0.137500 0.000000
vt 0.133333 0.000000
vt 0.458333 0.000000
vt 0.650000 0.000000
vt 0.658333 0.000000
vt 0.654167 0.000000
vt 0.645833 0.000000
vt 0.662500 0.000000
vt 0.641667 0.000000
vt 0.666667 0.000000
vt 0.637500 0.000000
vt 0.633333 0.000000
vt 0.670833 0.000000
vt 0.462500 0.000000
vt 0.629167 0.000000
vt 0.675000 0.000000
vt 0.625000 0.000000
vt 0.466667 0.000000
vt 0.620833 0.000000
vt 0.679167 0.000000
vt 0.129167 0.000000
vt 0.616667 0.000000
vt 0.470833 0.000000
vt 0.683333 0.000000
vt 0.612500 0.000000
vt 0.475000 0.000000
vt 0.608333 0.000000
vt 0.687500 0.000000
vt 0.479167 0.000000
vt 0.604167 0.000000
vt 0.691667 0.000000
vt 0.483333 0.000000
vt 0.125000 0.000000
vt 0.487500 0.000000
vt 0.695833 0.000000
vt 0.491667 0.000000
vt 0.595833 0.000000
vt 0.495833 0.000000
vt 0.591667 0.000000
vt 0.700000 0.000000
vt 0.587500 0.000000
vt 0.504167 0.000000
vt 0.508333 0.000000
vt 0.583333 0.000000
vt 0.120833 0.000000
vt 0.512500 0.000000
vt 0.704167 0.000000
vt 0.579167 0.000000
vt 0.516667 0.000000
vt 0.520833 0.000000
vt 0.575000 0.000000
vt 0.525000 0.000000
vt 0.570833 0.000000
vt 0.529167 0.000000
vt 0.533333 0.000000
vt 0.566667 0.000000
vt 0.537500 0.000000
vt 0.562500 0.000000
vt 0.708333 0.000000
vt 0.541667 0.000000
vt 0.545833 0.000000
vt 0.558333 0.000000
vt 0.550000 0.000000
vt 0.554167 0.000000
vt 0.116667 0.000000
vt 0.712500 0.000000
vt 0.112500 0.000000
vt 0.716667 0.000000
vt 0.720833 0.000000
vt 0.108333 0.000000
vt 0.725000 0.000000
vt 0.104167 0.000000
vt 0.729167 0.000000
vt 0.733333 0.000000
vt 0.100000 0.000000
vt 0.737500 0.000000
vt 0.095833 0.000000
vt 0.741667 0.000000
vt 0.745833 0.000000
vt 0.091667 0.000000
vt 0.750000 0.000000
vt 0.087500 0.000000
vt 0.083333 0.000000
vt 0.004167 0.000000
vt 0.079167 0.000000
vt 0.008333 0.000000
vt 0.012500 0.000000
vt 0.075000 0.000000
vt 0.016667 0.000000
vt 0.070833 0.000000
vt 0.020833 0.000000
vt 0.025000 0.000000
vt 0.066667 0.000000
vt 0.029167 0.000000
vt 0.062500 0.000000
vt 0.033333 0.000000
vt 0.058333 0.000000
vt 0.037500 0.000000
vt 0.041667 0.000000
vt 0.054167 0.000000
vt 0.045833 0.000000
vt 0.050000 0.000000
vt 0.717647 0.000000
vt 0.741176 0.000000
vt 0.729412 0.000000
vt 0.705882 0.000000
vt 0.752941 0.000000
vt 0.694118 0.000000
vt 0.764706 0.000000
vt 0.682353 0.000000
vt 0.776471 0.000000
vt 0.670588 0.000000
vt 0.788235 0.000000
vt 0.658824 0.000000
vt 0.647059 0.000000
vt 0.811765 0.000000
vt 0.635294 0.000000
vt 0.823529 0.000000
vt 0.623529 0.000000
vt 0.835294 0.000000
vt 0.611765 0.000000
vt 0.847059 0.000000
vt 0.858824 0.000000
vt 0.588235 0.000000
vt 0.870588 0.000000
vt 0.576471 0.000000
vt 0.882353 0.000000
vt 0.564706 0.000000
vt 0.894118 0.000000
vt 0.552941 0.000000
vt 0.905882 0.000000
vt 0.541176 0.000000
vt 0.917647 0.000000
vt 0.529412 0.000000
vt 0.929412 0.000000
vt 0.517647 0.000000
vt 0.941176 0.000000
vt 0.505882 0.000000
vt 0.952941 0.000000
vt 0.494118 0.000000
vt 0.964706 0.000000
vt 0.482353 0.000000
vt 0.976471 0.000000
vt 0.470588 0.000000
vt 0.988235 0.000000
vt 0.458824 0.000000
vt 0.447059 0.000000
vt 0.435294 0.000000
vt 0.011765 0.000000
vt 0.023529 0.000000
vt 0.035294 0.000000
vt 0.423529 0.000000
vt 0.047059 0.000000
vt 0.411765 0.000000
vt 0.388235 0.000000
vt 0.058824 0.000000
vt 0.376471 0.000000
vt 0.364706 0.000000
vt 0.070588 0.000000
vt 0.352941 0.000000
vt 0.341176 0.000000
vt 0.329412 0.000000
vt 0.082353 0.000000
vt 0.317647 0.000000
vt 0.305882 0.000000
vt 0.094118 0.000000
vt 0.294118 0.000000
vt 0.282353 0.000000
vt 0.105882 0.000000
vt 0.270588 0.000000
vt 0.258824 0.000000
vt 0.247059 0.000000
vt 0.117647 0.000000
vt 0.235294 0.000000
vt 0.223529 0.000000
vt 0.129412 0.000000
vt 0.211765 0.000000
vt 0.141176 0.000000
vt 0.188235 0.000000
vt 0.176471 0.000000
vt 0.152941 0.000000
vt 0.164706 0.000000
vt 0.879599 0.000000
vt 0.886288 0.000000
vt 0.882943 0.000000
vt 0.876254 0.000000
vt 0.889632 0.000000
vt 0.872910 0.000000
vt 0.869565 0.000000
vt 0.892977 0.000000
vt 0.866221 0.000000
vt 0.896321 0.000000
vt 0.862876 0.000000
vt 0.859532 0.000000
vt 0.899666 0.000000
vt 0.856187 0.000000
vt 0.852843 0.000000
vt 0.903010 0.000000
vt 0.849498 0.000000
vt 0.906354 0.000000
vt 0.759197 0.000000
vt 0.765886 0.000000
vt 0.762542 0.000000
vt 0.772575 0.000000
vt 0.775920 0.000000
vt 0.779264 0.000000
vt 0.782609 0.000000
vt 0.785953 0.000000
vt 0.789298 0.000000
vt 0.792642 0.000000
vt 0.795987 0.000000
vt 0.755853 0.000000
vt 0.799331 0.000000
vt 0.802676 0.000000
vt 0.806020 0.000000
vt 0.809365 0.000000
vt 0.812709 0.000000
vt 0.816054 0.000000
vt 0.842809 0.000000
vt 0.819398 0.000000
vt 0.822742 0.000000
vt 0.826087 0.000000
vt 0.829431 0.000000
vt 0.752508 0.000000
vt 0.832776 0.000000
vt 0.909699 0.000000
vt 0.836120 0.000000
vt 0.839465 0.000000
vt 0.749164 0.000000
vt 0.913043 0.000000
vt 0.745819 0.000000
vt 0.916388 0.000000
vt 0.919732 0.000000
vt 0.742475 0.000000
vt 0.739130 0.000000
vt 0.926421 0.000000
vt 0.929766 0.000000
vt 0.735786 0.000000
vt 0.933110 0.000000
vt 0.936455 0.000000
vt 0.732441 0.000000
vt 0.939799 0.000000
vt 0.943144 0.000000
vt 0.729097 0.000000
vt 0.946488 0.000000
vt 0.949833 0.000000
vt 0.725753 0.000000
vt 0.953177 0.000000
vt 0.956522 0.000000
vt 0.959866 0.000000
vt 0.722408 0.000000
vt 0.160535 0.000000
vt 0.157191 0.000000
vt 0.150502 0.000000
vt 0.963211 0.000000
vt 0.163880 0.000000
vt 0.147157 0.000000
vt 0.143813 0.000000
vt 0.140468 0.000000
vt 0.167224 0.000000
vt 0.137124 0.000000
vt 0.133779 0.000000
vt 0.130435 0.000000
vt 0.127090 0.000000
vt 0.123746 0.000000
vt 0.170569 0.000000
vt 0.120401 0.000000
vt 0.117057 0.000000
vt 0.113712 0.000000
vt 0.110368 0.000000
vt 0.966555 0.000000
vt 0.173913 0.000000
vt 0.107023 0.000000
vt 0.103679 0.000000
vt 0.969900 0.000000
vt 0.100334 0.000000
vt 0.177258 0.000000
vt 0.719064 0.000000
vt 0.096990 0.000000
vt 0.973244 0.000000
vt 0.093645 0.000000
vt 0.180602 0.000000
vt 0.090301 0.000000
vt 0.976589 0.000000
vt 0.086957 0.000000
vt 0.979933 0.000000
vt 0.083612 0.000000
vt 0.183946 0.000000
vt 0.983278 0.000000
vt 0.080268 0.000000
vt 0.986622 0.000000
vt 0.989967 0.000000
vt 0.187291 0.000000
vt 0.993311 0.000000
vt 0.073579 0.000000
vt 0.996656 0.000000
vt 0.715719 0.000000
vt 0.190635 0.000000
vt 0.070234 0.000000
vt 0.003344 0.000000
vt 0.066890 0.000000
vt 0.193980 0.000000
vt 0.006689 0.000000
vt 0.063545 0.000000
vt 0.010033 0.000000
vt 0.060201 0.000000
vt 0.013378 0.000000
vt 0.016722 0.000000
vt 0.056856 0.000000
vt 0.197324 0.000000
vt 0.020067 0.000000
vt 0.053512 0.000000
vt 0.712375 0.000000
vt 0.023411 0.000000
vt 0.050167 0.000000
vt 0.026756 0.000000
vt 0.030100 0.000000
vt 0.046823 0.000000
vt 0.033445 0.000000
vt 0.043478 0.000000
vt 0.036789 0.000000
vt 0.040134 0.000000
vt 0.200669 0.000000
vt 0.204013 0.000000
vt 0.709030 0.000000
vt 0.207358 0.000000
vt 0.705686 0.000000
vt 0.210702 0.000000
vt 0.702341 0.000000
vt 0.214047 0.000000
vt 0.698997 0.000000
vt 0.217391 0.000000
vt 0.220736 0.000000
vt 0.695652 0.000000
vt 0.224080 0.000000
vt 0.227425 0.000000
vt 0.688963 0.000000
vt 0.234114 0.000000
vt 0.685619 0.000000
vt 0.237458 0.000000
vt 0.682274 0.000000
vt 0.240803 0.000000
vt 0.678930 0.000000
vt 0.244147 0.000000
vt 0.247492 0.000000
vt 0.675585 0.000000
vt 0.250836 0.000000
vt 0.254181 0.000000
vt 0.438127 0.000000
vt 0.444816 0.000000
vt 0.441472 0.000000
vt 0.448161 0.000000
vt 0.434783 0.000000
vt 0.451505 0.000000
vt 0.431438 0.000000
vt 0.454850 0.000000
vt 0.428094 0.000000
vt 0.458194 0.000000
vt 0.424749 0.000000
vt 0.257525 0.000000
vt 0.672241 0.000000
vt 0.421405 0.000000
vt 0.464883 0.000000
vt 0.418060 0.000000
vt 0.468227 0.000000
vt 0.414716 0.000000
vt 0.471572 0.000000
vt 0.260870 0.000000
vt 0.411371 0.000000
vt 0.474916 0.000000
vt 0.408027 0.000000
vt 0.478261 0.000000
vt 0.404682 0.000000
vt 0.481605 0.000000
vt 0.264214 0.000000
vt 0.668896 0.000000
vt 0.401338 0.000000
vt 0.484950 0.000000
vt 0.488294 0.000000
vt 0.397993 0.000000
vt 0.267559 0.000000
vt 0.491639 0.000000
vt 0.394649 0.000000
vt 0.494983 0.000000
vt 0.270903 0.000000
vt 0.498328 0.000000
vt 0.665552 0.000000
vt 0.391304 0.000000
vt 0.501672 0.000000
vt 0.274247 0.000000
vt 0.387960 0.000000
vt 0.505017 0.000000
vt 0.508361 0.000000
vt 0.277592 0.000000
vt 0.511706 0.000000
vt 0.662207 0.000000
vt 0.381271 0.000000
vt 0.280936 0.000000
vt 0.515050 0.000000
vt 0.377926 0.000000
vt 0.518395 0.000000
vt 0.374582 0.000000
vt 0.284281 0.000000
vt 0.521739 0.000000
vt 0.371237 0.000000
vt 0.287625 0.000000
vt 0.367893 0.000000
vt 0.658863 0.000000
vt 0.525084 0.000000
vt 0.364549 0.000000
vt 0.361204 0.000000
vt 0.528428 0.000000
vt 0.290970 0.000000
vt 0.357860 0.000000
vt 0.531773 0.000000
vt 0.294314 0.000000
vt 0.354515 0.000000
vt 0.351171 0.000000
vt 0.535117 0.000000
vt 0.297659 0.000000
vt 0.655518 0.000000
vt 0.347826 0.000000
vt 0.301003 0.000000
vt 0.344482 0.000000
vt 0.304348 0.000000
vt 0.341137 0.000000
vt 0.541806 0.000000
vt 0.337793 0.000000
vt 0.334448 0.000000
vt 0.545151 0.000000
vt 0.311037 0.000000
vt 0.331104 0.000000
vt 0.314381 0.000000
vt 0.652174 0.000000
vt 0.327759 0.000000
vt 0.317726 0.000000
vt 0.324415 0.000000
vt 0.321070 0.000000
vt 0.548495 0.000000
vt 0.551839 0.000000
vt 0.555184 0.000000
vt 0.558528 0.000000
vt 0.648829 0.000000
vt 0.561873 0.000000
vt 0.565217 0.000000
vt 0.645485 0.000000
vt 0.568562 0.000000
vt 0.642140 0.000000
vt 0.638796 0.000000
vt 0.571906 0.000000
vt 0.635451 0.000000
vt 0.575251 0.000000
vt 0.632107 0.000000
vt 0.578595 0.000000
vt 0.628763 0.000000
vt 0.581940 0.000000
vt 0.625418 0.000000
vt 0.585284 0.000000
vt 0.622074 0.000000
vt 0.618729 0.000000
vt 0.588629 0.000000
vt 0.591973 0.000000
vt 0.612040 0.000000
vt 0.595318 0.000000
vt 0.608696 0.000000
vt 0.598662 0.000000
vt 0.605351 0.000000
vt 0.602007 0.000000
vt 0.952083 0.000000
vt 0.956250 0.000000
vt 0.947917 0.000000
vt 0.960417 0.000000
vt 0.943750 0.000000
vt 0.964583 0.000000
vt 0.968750 0.000000
vt 0.939583 0.000000
vt 0.972917 0.000000
vt 0.935417 0.000000
vt 0.977083 0.000000
vt 0.047917 0.000000
vt 0.052083 0.000000
vt 0.931250 0.000000
vt 0.981250 0.000000
vt 0.056250 0.000000
vt 0.043750 0.000000
vt 0.122917 0.000000
vt 0.127083 0.000000
vt 0.118750 0.000000
vt 0.114583 0.000000
vt 0.060417 0.000000
vt 0.131250 0.000000
vt 0.110417 0.000000
vt 0.985417 0.000000
vt 0.039583 0.000000
vt 0.106250 0.000000
vt 0.927083 0.000000
vt 0.102083 0.000000
vt 0.064583 0.000000
vt 0.135417 0.000000
vt 0.989583 0.000000
vt 0.097917 0.000000
vt 0.035417 0.000000
vt 0.093750 0.000000
vt 0.993750 0.000000
vt 0.068750 0.000000
vt 0.922917 0.000000
vt 0.089583 0.000000
vt 0.139583 0.000000
vt 0.997917 0.000000
vt 0.085417 0.000000
vt 0.918750 0.000000
vt 0.031250 0.000000
vt 0.072917 0.000000
vt 0.081250 0.000000
vt 0.006250 0.000000
vt 0.002083 0.000000
vt 0.010417 0.000000
vt 0.143750 0.000000
vt 0.077083 0.000000
vt 0.014583 0.000000
vt 0.914583 0.000000
vt 0.018750 0.000000
vt 0.027083 0.000000
vt 0.910417 0.000000
vt 0.022917 0.000000
vt 0.147917 0.000000
vt 0.906250 0.000000
vt 0.902083 0.000000
vt 0.152083 0.000000
vt 0.897917 0.000000
vt 0.156250 0.000000
vt 0.893750 0.000000
vt 0.889583 0.000000
vt 0.160417 0.000000
vt 0.352083 0.000000
vt 0.347917 0.000000
vt 0.356250 0.000000
vt 0.343750 0.000000
vt 0.360417 0.000000
vt 0.885417 0.000000
vt 0.627083 0.000000
vt 0.622917 0.000000
vt 0.364583 0.000000
vt 0.339583 0.000000
vt 0.368750 0.000000
vt 0.618750 0.000000
vt 0.164583 0.000000
vt 0.372917 0.000000
vt 0.881250 0.000000
vt 0.631250 0.000000
vt 0.614583 0.000000
vt 0.335417 0.000000
vt 0.377083 0.000000
vt 0.610417 0.000000
vt 0.381250 0.000000
vt 0.877083 0.000000
vt 0.635417 0.000000
vt 0.606250 0.000000
vt 0.168750 0.000000
vt 0.385417 0.000000
vt 0.331250 0.000000
vt 0.389583 0.000000
vt 0.602083 0.000000
vt 0.872917 0.000000
vt 0.639583 0.000000
vt 0.393750 0.000000
vt 0.597917 0.000000
vt 0.397917 0.000000
vt 0.868750 0.000000
vt 0.327083 0.000000
vt 0.402083 0.000000
vt 0.172917 0.000000
vt 0.643750 0.000000
vt 0.864583 0.000000
vt 0.593750 0.000000
vt 0.406250 0.000000
vt 0.860417 0.000000
vt 0.322917 0.000000
vt 0.647917 0.000000
vt 0.856250 0.000000
vt 0.589583 0.000000
vt 0.177083 0.000000
vt 0.318750 0.000000
vt 0.410417 0.000000
vt 0.852083 0.000000
vt 0.652083 0.000000
vt 0.656250 0.000000
vt 0.660417 0.000000
vt 0.664583 0.000000
vt 0.668750 0.000000
vt 0.672917 0.000000
vt 0.314583 0.000000
vt 0.585417 0.000000
vt 0.677083 0.000000
vt 0.414583 0.000000
vt 0.181250 0.000000
vt 0.310417 0.000000
vt 0.581250 0.000000
vt 0.681250 0.000000
vt 0.418750 0.000000
vt 0.185417 0.000000
vt 0.306250 0.000000
vt 0.577083 0.000000
vt 0.685417 0.000000
vt 0.422917 0.000000
vt 0.302083 0.000000
vt 0.189583 0.000000
vt 0.689583 0.000000
vt 0.572917 0.000000
vt 0.427083 0.000000
vt 0.297917 0.000000
vt 0.693750 0.000000
vt 0.568750 0.000000
vt 0.193750 0.000000
vt 0.431250 0.000000
vt 0.697917 0.000000
vt 0.293750 0.000000
vt 0.702083 0.000000
vt 0.706250 0.000000
vt 0.564583 0.000000
vt 0.435417 0.000000
vt 0.289583 0.000000
vt 0.710417 0.000000
vt 0.847917 0.000000
vt 0.714583 0.000000
vt 0.718750 0.000000
vt 0.197917 0.000000
vt 0.722917 0.000000
vt 0.843750 0.000000
vt 0.285417 0.000000
vt 0.560417 0.000000
vt 0.727083 0.000000
vt 0.439583 0.000000
vt 0.731250 0.000000
vt 0.839583 0.000000
vt 0.735417 0.000000
vt 0.281250 0.000000
vt 0.739583 0.000000
vt 0.835417 0.000000
vt 0.556250 0.000000
vt 0.443750 0.000000
vt 0.743750 0.000000
vt 0.747917 0.000000
vt 0.752083 0.000000
vt 0.831250 0.000000
vt 0.277083 0.000000
vt 0.756250 0.000000
vt 0.827083 0.000000
vt 0.552083 0.000000
vt 0.447917 0.000000
vt 0.202083 0.000000
vt 0.760417 0.000000
vt 0.822917 0.000000
vt 0.272917 0.000000
vt 0.764583 0.000000
vt 0.206250 0.000000
vt 0.768750 0.000000
vt 0.818750 0.000000
vt 0.210417 0.000000
vt 0.547917 0.000000
vt 0.452083 0.000000
vt 0.772917 0.000000
vt 0.814583 0.000000
vt 0.268750 0.000000
vt 0.214583 0.000000
vt 0.543750 0.000000
vt 0.456250 0.000000
vt 0.777083 0.000000
vt 0.781250 0.000000
vt 0.810417 0.000000
vt 0.218750 0.000000
vt 0.785417 0.000000
vt 0.539583 0.000000
vt 0.460417 0.000000
vt 0.806250 0.000000
vt 0.789583 0.000000
vt 0.264583 0.000000
vt 0.793750 0.000000
vt 0.222917 0.000000
vt 0.802083 0.000000
vt 0.797917 0.000000
vt 0.535417 0.000000
vt 0.464583 0.000000
vt 0.227083 0.000000
vt 0.260417 0.000000
vt 0.531250 0.000000
vt 0.468750 0.000000
vt 0.231250 0.000000
vt 0.235417 0.000000
vt 0.527083 0.000000
vt 0.472917 0.000000
vt 0.256250 0.000000
vt 0.239583 0.000000
vt 0.243750 0.000000
vt 0.252083 0.000000
vt 0.247917 0.000000
vt 0.522917 0.000000
vt 0.477083 0.000000
vt 0.518750 0.000000
vt 0.481250 0.000000
vt 0.514583 0.000000
vt 0.485417 0.000000
vt 0.510417 0.000000
vt 0.489583 0.000000
vt 0.506250 0.000000
vt 0.493750 0.000000
vt 0.502083 0.000000
vt 0.497917 0.000000
vt 0.000000 1.000000
vt 0.002976 1.000000
vt 0.002976 0.000000
vt 0.005952 1.000000
vt 0.005952 0.000000
vt 0.008929 1.000000
vt 0.008929 0.000000
vt 0.011905 1.000000
vt 0.011905 0.000000
vt 0.014881 1.000000
vt 0.014881 0.000000
vt 0.017857 1.000000
vt 0.017857 0.000000
vt 0.020833 1.000000
vt 0.023810 1.000000
vt 0.023810 0.000000
vt 0.026786 1.000000
vt 0.026786 0.000000
vt 0.029762 1.000000
vt 0.029762 0.000000
vt 0.032738 1.000000
vt 0.032738 0.000000
vt 0.035714 1.000000
vt 0.035714 0.000000
vt 0.038690 1.000000
vt 0.038690 0.000000
vt 0.041667 1.000000
vt 0.044643 1.000000
vt 0.044643 0.000000
vt 0.047619 1.000000
vt 0.047619 0.000000
vt 0.050595 1.000000
vt 0.050595 0.000000
vt 0.053571 1.000000
vt 0.053571 0.000000
vt 0.056548 1.000000
vt 0.056548 0.000000
vt 0.059524 1.000000
vt 0.059524 0.000000
vt 0.062500 1.000000
vt 0.065476 1.000000
vt 0.065476 0.000000
vt 0.068452 1.000000
vt 0.068452 0.000000
vt 0.071429 1.000000
vt 0.074405 1.000000
vt 0.074405 0.000000
vt 0.077381 1.000000
vt 0.077381 0.000000
vt 0.080357 1.000000
vt 0.080357 0.000000
vt 0.083333 1.000000
vt 0.086310 1.000000
vt 0.086310 0.000000
vt 0.089286 1.000000
vt 0.089286 0.000000
vt 0.092262 1.000000
vt 0.092262 0.000000
vt 0.095238 1.000000
vt 0.095238 0.000000
vt 0.098214 1.000000
vt 0.098214 0.000000
vt 0.101190 1.000000
vt 0.101190 0.000000
vt 0.104167 1.000000
vt 0.107143 1.000000
vt 0.107143 0.000000
vt 0.110119 1.000000
vt 0.110119 0.000000
vt 0.113095 1.000000
vt 0.113095 0.000000
vt 0.116071 1.000000
vt 0.116071 0.000000
vt 0.119048 1.000000
vt 0.119048 0.000000
vt 0.122024 1.000000
vt 0.122024 0.000000
vt 0.125000 1.000000
vt 0.127976 1.000000
vt 0.127976 0.000000
vt 0.130952 1.000000
vt 0.130952 0.000000
vt 0.133929 1.000000
vt 0.133929 0.000000
vt 0.136905 1.000000
vt 0.136905 0.000000
vt 0.139881 1.000000
vt 0.139881 0.000000
vt 0.142857 1.000000
vt 0.145833 1.000000
vt 0.148810 1.000000
vt 0.148810 0.000000
vt 0.151786 1.000000
vt 0.151786 0.000000
vt 0.154762 1.000000
vt 0.154762 0.000000
vt 0.157738 1.000000
vt 0.157738 0.000000
vt 0.160714 1.000000
vt 0.160714 0.000000
vt 0.163690 1.000000
vt 0.163690 0.000000
vt 0.166667 1.000000
vt 0.169643 1.000000
vt 0.169643 0.000000
vt 0.172619 1.000000
vt 0.172619 0.000000
vt 0.175595 1.000000
vt 0.175595 0.000000
vt 0.178571 1.000000
vt 0.178571 0.000000
vt 0.181548 1.000000
vt 0.181548 0.000000
vt 0.184524 1.000000
vt 0.184524 0.000000
vt 0.187500 1.000000
vt 0.190476 1.000000
vt 0.190476 0.000000
vt 0.193452 1.000000
vt 0.193452 0.000000
vt 0.196429 1.000000
vt 0.196429 0.000000
vt 0.199405 1.000000
vt 0.199405 0.000000
vt 0.202381 1.000000
vt 0.202381 0.000000
vt 0.205357 1.000000
vt 0.205357 0.000000
vt 0.208333 1.000000
vt 0.211310 1.000000
vt 0.211310 0.000000
vt 0.214286 1.000000
vt 0.217262 1.000000
vt 0.217262 0.000000
vt 0.220238 1.000000
vt 0.220238 0.000000
vt 0.223214 1.000000
vt 0.223214 0.000000
vt 0.226190 1.000000
vt 0.226190 0.000000
vt 0.229167 1.000000
vt 0.232143 1.000000
vt 0.232143 0.000000
vt 0.235119 1.000000
vt 0.235119 0.000000
vt 0.238095 1.000000
vt 0.238095 0.000000
vt 0.241071 1.000000
vt 0.241071 0.000000
vt 0.244048 1.000000
vt 0.244048 0.000000
vt 0.247024 1.000000
vt 0.247024 0.000000
vt 0.250000 1.000000
vt 0.252976 1.000000
vt 0.252976 0.000000
vt 0.255952 1.000000
vt 0.255952 0.000000
vt 0.258929 1.000000
vt 0.258929 0.000000
vt 0.261905 1.000000
vt 0.261905 0.000000
vt 0.264881 1.000000
vt 0.264881 0.000000
vt 0.267857 1.000000
vt 0.267857 0.000000
vt 0.270833 1.000000
vt 0.273810 1.000000
vt 0.273810 0.000000
vt 0.276786 1.000000
vt 0.276786 0.000000
vt 0.279762 1.000000
vt 0.279762 0.000000
vt 0.282738 1.000000
vt 0.282738 0.000000
vt 0.285714 1.000000
vt 0.288690 1.000000
vt 0.288690 0.000000
vt 0.291667 1.000000
vt 0.294643 1.000000
vt 0.294643 0.000000
vt 0.297619 1.000000
vt 0.297619 0.000000
vt 0.300595 1.000000
vt 0.300595 0.000000
vt 0.303571 1.000000
vt 0.303571 0.000000
vt 0.306548 1.000000
vt 0.306548 0.000000
vt 0.309524 1.000000
vt 0.309524 0.000000
vt 0.312500 1.000000
vt 0.315476 1.000000
vt 0.315476 0.000000
vt 0.318452 1.000000
vt 0.318452 0.000000
vt 0.321429 1.000000
vt 0.321429 0.000000
vt 0.324405 1.000000
vt 0.324405 0.000000
vt 0.327381 1.000000
vt 0.327381 0.000000
vt 0.330357 1.000000
vt 0.330357 0.000000
vt 0.333333 1.000000
vt 0.336310 1.000000
vt 0.336310 0.000000
vt 0.339286 1.000000
vt 0.339286 0.000000
vt 0.342262 1.000000
vt 0.342262 0.000000
vt 0.345238 1.000000
vt 0.345238 0.000000
vt 0.348214 1.000000
vt 0.348214 0.000000
vt 0.351190 1.000000
vt 0.351190 0.000000
vt 0.354167 1.000000
vt 0.357143 1.000000
vt 0.360119 1.000000
vt 0.360119 0.000000
vt 0.363095 1.000000
vt 0.363095 0.000000
vt 0.366071 1.000000
vt 0.366071 0.000000
vt 0.369048 1.000000
vt 0.369048 0.000000
vt 0.372024 1.000000
vt 0.372024 0.000000
vt 0.375000 1.000000
vt 0.377976 1.000000
vt 0.377976 0.000000
vt 0.380952 1.000000
vt 0.380952 0.000000
vt 0.383929 1.000000
vt 0.383929 0.000000
vt 0.386905 1.000000
vt 0.386905 0.000000
vt 0.389881 1.000000
vt 0.389881 0.000000
vt 0.392857 1.000000
vt 0.392857 0.000000
vt 0.395833 1.000000
vt 0.398810 1.000000
vt 0.398810 0.000000
vt 0.401786 1.000000
vt 0.401786 0.000000
vt 0.404762 1.000000
vt 0.404762 0.000000
vt 0.407738 1.000000
vt 0.407738 0.000000
vt 0.410714 1.000000
vt 0.410714 0.000000
vt 0.413690 1.000000
vt 0.413690 0.000000
vt 0.416667 1.000000
vt 0.419643 1.000000
vt 0.419643 0.000000
vt 0.422619 1.000000
vt 0.422619 0.000000
vt 0.425595 1.000000
vt 0.425595 0.000000
vt 0.428571 1.000000
vt 0.431548 1.000000
vt 0.431548 0.000000
vt 0.434524 1.000000
vt 0.434524 0.000000
vt 0.437500 1.000000
vt 0.440476 1.000000
vt 0.440476 0.000000
vt 0.443452 1.000000
vt 0.443452 0.000000
vt 0.446429 1.000000
vt 0.446429 0.000000
vt 0.449405 1.000000
vt 0.449405 0.000000
vt 0.452381 1.000000
vt 0.452381 0.000000
vt 0.455357 1.000000
vt 0.455357 0.000000
vt 0.458333 1.000000
vt 0.461310 1.000000
vt 0.461310 0.000000
vt 0.464286 1.000000
vt 0.464286 0.000000
vt 0.467262 1.000000
vt 0.467262 0.000000
vt 0.470238 1.000000
vt 0.470238 0.000000
vt 0.473214 1.000000
vt 0.473214 0.000000
vt 0.476190 1.000000
vt 0.476190 0.000000
vt 0.479167 1.000000
vt 0.482143 1.000000
vt 0.482143 0.000000
vt 0.485119 1.000000
vt 0.485119 0.000000
vt 0.488095 1.000000
vt 0.488095 0.000000
vt 0.491071 1.000000
vt 0.491071 0.000000
vt 0.494048 1.000000
vt 0.494048 0.000000
vt 0.497024 1.000000
vt 0.497024 0.000000
vt 0.500000 1.000000
vt 0.502976 1.000000
vt 0.502976 0.000000
vt 0.505952 1.000000
vt 0.505952 0.000000
vt 0.508929 1.000000
vt 0.508929 0.000000
vt 0.511905 1.000000
vt 0.511905 0.000000
vt 0.514881 1.000000
vt 0.514881 0.000000
vt 0.517857 1.000000
vt 0.517857 0.000000
vt 0.520833 1.000000
vt 0.523810 1.000000
vt 0.523810 0.000000
vt 0.526786 1.000000
vt 0.526786 0.000000
vt 0.529762 1.000000
vt 0.529762 0.000000
vt 0.532738 1.000000
vt 0.532738 0.000000
vt 0.535714 1.000000
vt 0.535714 0.000000
vt 0.538690 1.000000
vt 0.538690 0.000000
vt 0.541667 1.000000
vt 0.544643 1.000000
vt 0.544643 0.000000
vt 0.547619 1.000000
vt 0.547619 0.000000
vt 0.550595 1.000000
vt 0.550595 0.000000
vt 0.553571 1.000000
vt 0.553571 0.000000
vt 0.556548 1.000000
vt 0.556548 0.000000
vt 0.559524 1.000000
vt 0.559524 0.000000
vt 0.562500 1.000000
vt 0.565476 1.000000
vt 0.565476 0.000000
vt 0.568452 1.000000
vt 0.568452 0.000000
vt 0.571429 1.000000
vt 0.574405 1.000000
vt 0.574405 0.000000
vt 0.577381 1.000000
vt 0.577381 0.000000
vt 0.580357 1.000000
vt 0.580357 0.000000
vt 0.583333 1.000000
vt 0.586310 1.000000
vt 0.586310 0.000000
vt 0.589286 1.000000
vt 0.589286 0.000000
vt 0.592262 1.000000
vt 0.592262 0.000000
vt 0.595238 1.000000
vt 0.595238 0.000000
vt 0.598214 1.000000
vt 0.598214 0.000000
vt 0.601190 1.000000
vt 0.601190 0.000000
vt 0.604167 1.000000
vt 0.607143 1.000000
vt 0.607143 0.000000
vt 0.610119 1.000000
vt 0.610119 0.000000
vt 0.613095 1.000000
vt 0.613095 0.000000
vt 0.616071 1.000000
vt 0.616071 0.000000
vt 0.619048 1.000000
vt 0.619048 0.000000
vt 0.622024 1.000000
vt 0.622024 0.000000
vt 0.625000 1.000000
vt 0.627976 1.000000
vt 0.627976 0.000000
vt 0.630952 1.000000
vt 0.630952 0.000000
vt 0.633929 1.000000
vt 0.633929 0.000000
vt 0.636905 1.000000
vt 0.636905 0.000000
vt 0.639881 1.000000
vt 0.639881 0.000000
vt 0.642857 1.000000
vt 0.645833 1.000000
vt 0.648810 1.000000
vt 0.648810 0.000000
vt 0.651786 1.000000
vt 0.651786 0.000000
vt 0.654762 1.000000
vt 0.654762 0.000000
vt 0.657738 1.000000
vt 0.657738 0.000000
vt 0.660714 1.000000
vt 0.660714 0.000000
vt 0.663690 1.000000
vt 0.663690 0.000000
vt 0.666667 1.000000
vt 0.669643 1.000000
vt 0.669643 0.000000
vt 0.672619 1.000000
vt 0.672619 0.000000
vt 0.675595 1.000000
vt 0.675595 0.000000
vt 0.678571 1.000000
vt 0.678571 0.000000
vt 0.681548 1.000000
vt 0.681548 0.000000
vt 0.684524 1.000000
vt 0.684524 0.000000
vt 0.687500 1.000000
vt 0.690476 1.000000
vt 0.690476 0.000000
vt 0.693452 1.000000
vt 0.693452 0.000000
vt 0.696429 1.000000
vt 0.696429 0.000000
vt 0.699405 1.000000
vt 0.699405 0.000000
vt 0.702381 1.000000
vt 0.702381 0.000000
vt 0.705357 1.000000
vt 0.705357 0.000000
vt 0.708333 1.000000
vt 0.711310 1.000000
vt 0.711310 0.000000
vt 0.714286 1.000000
vt 0.717262 1.000000
vt 0.717262 0.000000
vt 0.720238 1.000000
vt 0.720238 0.000000
vt 0.723214 1.000000
vt 0.723214 0.000000
vt 0.726190 1.000000
vt 0.726190 0.000000
vt 0.729167 1.000000
vt 0.732143 1.000000
vt 0.732143 0.000000
vt 0.735119 1.000000
vt 0.735119 0.000000
vt 0.738095 1.000000
vt 0.738095 0.000000
vt 0.741071 1.000000
vt 0.741071 0.000000
vt 0.744048 1.000000
vt 0.744048 0.000000
vt 0.747024 1.000000
vt 0.747024 0.000000
vt 0.750000 1.000000
vt 0.752976 1.000000
vt 0.752976 0.000000
vt 0.755952 1.000000
vt 0.755952 0.000000
vt 0.758929 1.000000
vt 0.758929 0.000000
vt 0.761905 1.000000
vt 0.761905 0.000000
vt 0.764881 1.000000
vt 0.764881 0.000000
vt 0.767857 1.000000
vt 0.767857 0.000000
vt 0.770833 1.000000
vt 0.773810 1.000000
vt 0.773810 0.000000
vt 0.776786 1.000000
vt 0.776786 0.000000
vt 0.779762 1.000000
vt 0.779762 0.000000
vt 0.782738 1.000000
vt 0.782738 0.000000
vt 0.785714 1.000000
vt 0.788690 1.000000
vt 0.788690 0.000000
vt 0.791667 1.000000
vt 0.794643 1.000000
vt 0.794643 0.000000
vt 0.797619 1.000000
vt 0.797619 0.000000
vt 0.800595 1.000000
vt 0.800595 0.000000
vt 0.803571 1.000000
vt 0.803571 0.000000
vt 0.806548 1.000000
vt 0.806548 0.000000
vt 0.809524 1.000000
vt 0.809524 0.000000
vt 0.812500 1.000000
vt 0.815476 1.000000
vt 0.815476 0.000000
vt 0.818452 1.000000
vt 0.818452 0.000000
vt 0.821429 1.000000
vt 0.821429 0.000000
vt 0.824405 1.000000
vt 0.824405 0.000000
vt 0.827381 1.000000
vt 0.827381 0.000000
vt 0.830357 1.000000
vt 0.830357 0.000000
vt 0.833333 1.000000
vt 0.836310 1.000000
vt 0.836310 0.000000
vt 0.839286 1.000000
vt 0.839286 0.000000
vt 0.842262 1.000000
vt 0.842262 0.000000
vt 0.845238 1.000000
vt 0.845238 0.000000
vt 0.848214 1.000000
vt 0.848214 0.000000
vt 0.851190 1.000000
vt 0.851190 0.000000
vt 0.854167 1.000000
vt 0.857143 1.000000
vt 0.860119 1.000000
vt 0.860119 0.000000
vt 0.863095 1.000000
vt 0.863095 0.000000
vt 0.866071 1.000000
vt 0.866071 0.000000
vt 0.869048 1.000000
vt 0.869048 0.000000
vt 0.872024 1.000000
vt 0.872024 0.000000
vt 0.875000 1.000000
vt 0.877976 1.000000
vt 0.877976 0.000000
vt 0.880952 1.000000
vt 0.880952 0.000000
vt 0.883929 1.000000
vt 0.883929 0.000000
vt 0.886905 1.000000
vt 0.886905 0.000000
vt 0.889881 1.000000
vt 0.889881 0.000000
vt 0.892857 1.000000
vt 0.892857 0.000000
vt 0.895833 1.000000
vt 0.898810 1.000000
vt 0.898810 0.000000
vt 0.901786 1.000000
vt 0.901786 0.000000
vt 0.904762 1.000000
vt 0.904762 0.000000
vt 0.907738 1.000000
vt 0.907738 0.000000
vt 0.910714 1.000000
vt 0.910714 0.000000
vt 0.913690 1.000000
vt 0.913690 0.000000
vt 0.916667 1.000000
vt 0.919643 1.000000
vt 0.919643 0.000000
vt 0.922619 1.000000
vt 0.922619 0.000000
vt 0.925595 1.000000
vt 0.925595 0.000000
vt 0.928571 1.000000
vt 0.931548 1.000000
vt 0.931548 0.000000
vt 0.934524 1.000000
vt 0.934524 0.000000
vt 0.937500 1.000000
vt 0.940476 1.000000
vt 0.940476 0.000000
vt 0.943452 1.000000
vt 0.943452 0.000000
vt 0.946429 1.000000
vt 0.946429 0.000000
vt 0.949405 1.000000
vt 0.949405 0.000000
vt 0.952381 1.000000
vt 0.952381 0.000000
vt 0.955357 1.000000
vt 0.955357 0.000000
vt 0.958333 1.000000
vt 0.961310 1.000000
vt 0.961310 0.000000
vt 0.964286 1.000000
vt 0.964286 0.000000
vt 0.967262 1.000000
vt 0.967262 0.000000
vt 0.970238 1.000000
vt 0.970238 0.000000
vt 0.973214 1.000000
vt 0.973214 0.000000
vt 0.976190 1.000000
vt 0.976190 0.000000
vt 0.979167 1.000000
vt 0.982143 1.000000
vt 0.982143 0.000000
vt 0.985119 1.000000
vt 0.985119 0.000000
vt 0.988095 1.000000
vt 0.988095 0.000000
vt 0.991071 1.000000
vt 0.991071 0.000000
vt 0.994048 1.000000
vt 0.994048 0.000000
vt 0.997024 1.000000
vt 0.997024 0.000000
vt 1.000000 1.000000
vt 0.004902 1.000000
vt 0.004902 0.000000
vt 0.009804 1.000000
vt 0.009804 0.000000
vt 0.014706 1.000000
vt 0.014706 0.000000
vt 0.019608 1.000000
vt 0.019608 0.000000
vt 0.024510 1.000000
vt 0.024510 0.000000
vt 0.029412 1.000000
vt 0.029412 0.000000
vt 0.034314 1.000000
vt 0.034314 0.000000
vt 0.039216 1.000000
vt 0.039216 0.000000
vt 0.044118 1.000000
vt 0.044118 0.000000
vt 0.049020 1.000000
vt 0.049020 0.000000
vt 0.053922 1.000000
vt 0.053922 0.000000
vt 0.058824 1.000000
vt 0.063725 1.000000
vt 0.063725 0.000000
vt 0.068627 1.000000
vt 0.068627 0.000000
vt 0.073529 1.000000
vt 0.073529 0.000000
vt 0.078431 1.000000
vt 0.078431 0.000000
vt 0.088235 1.000000
vt 0.088235 0.000000
vt 0.093137 1.000000
vt 0.093137 0.000000
vt 0.098039 1.000000
vt 0.098039 0.000000
vt 0.102941 1.000000
vt 0.102941 0.000000
vt 0.107843 1.000000
vt 0.107843 0.000000
vt 0.112745 1.000000
vt 0.112745 0.000000
vt 0.117647 1.000000
vt 0.122549 1.000000
vt 0.122549 0.000000
vt 0.127451 1.000000
vt 0.127451 0.000000
vt 0.132353 1.000000
vt 0.132353 0.000000
vt 0.137255 1.000000
vt 0.137255 0.000000
vt 0.142157 1.000000
vt 0.142157 0.000000
vt 0.147059 1.000000
vt 0.147059 0.000000
vt 0.151961 1.000000
vt 0.151961 0.000000
vt 0.156863 1.000000
vt 0.156863 0.000000
vt 0.161765 1.000000
vt 0.161765 0.000000
vt 0.171569 1.000000
vt 0.171569 0.000000
vt 0.176471 1.000000
vt 0.181373 1.000000
vt 0.181373 0.000000
vt 0.186275 1.000000
vt 0.186275 0.000000
vt 0.191176 1.000000
vt 0.191176 0.000000
vt 0.196078 1.000000
vt 0.196078 0.000000
vt 0.200980 1.000000
vt 0.200980 0.000000
vt 0.205882 1.000000
vt 0.205882 0.000000
vt 0.210784 1.000000
vt 0.210784 0.000000
vt 0.215686 1.000000
vt 0.215686 0.000000
vt 0.220588 1.000000
vt 0.220588 0.000000
vt 0.225490 1.000000
vt 0.225490 0.000000
vt 0.230392 1.000000
vt 0.230392 0.000000
vt 0.235294 1.000000
vt 0.240196 1.000000
vt 0.240196 0.000000
vt 0.245098 1.000000
vt 0.245098 0.000000
vt 0.254902 1.000000
vt 0.254902 0.000000
vt 0.259804 1.000000
vt 0.259804 0.000000
vt 0.264706 1.000000
vt 0.264706 0.000000
vt 0.269608 1.000000
vt 0.269608 0.000000
vt 0.274510 1.000000
vt 0.274510 0.000000
vt 0.279412 1.000000
vt 0.279412 0.000000
vt 0.284314 1.000000
vt 0.284314 0.000000
vt 0.289216 1.000000
vt 0.289216 0.000000
vt 0.294118 1.000000
vt 0.299020 1.000000
vt 0.299020 0.000000
vt 0.303922 1.000000
vt 0.303922 0.000000
vt 0.308824 1.000000
vt 0.308824 0.000000
vt 0.313726 1.000000
vt 0.313726 0.000000
vt 0.318627 1.000000
vt 0.318627 0.000000
vt 0.323529 1.000000
vt 0.323529 0.000000
vt 0.328431 1.000000
vt 0.328431 0.000000
vt 0.338235 1.000000
vt 0.338235 0.000000
vt 0.343137 1.000000
vt 0.343137 0.000000
vt 0.348039 1.000000
vt 0.348039 0.000000
vt 0.352941 1.000000
vt 0.357843 1.000000
vt 0.357843 0.000000
vt 0.362745 1.000000
vt 0.362745 0.000000
vt 0.367647 1.000000
vt 0.367647 0.000000
vt 0.372549 1.000000
vt 0.372549 0.000000
vt 0.377451 1.000000
vt 0.377451 0.000000
vt 0.382353 1.000000
vt 0.382353 0.000000
vt 0.387255 1.000000
vt 0.387255 0.000000
vt 0.392157 1.000000
vt 0.392157 0.000000
vt 0.397059 1.000000
vt 0.397059 0.000000
vt 0.401961 1.000000
vt 0.401961 0.000000
vt 0.406863 1.000000
vt 0.406863 0.000000
vt 0.411765 1.000000
vt 0.421569 1.000000
vt 0.421569 0.000000
vt 0.426471 1.000000
vt 0.426471 0.000000
vt 0.431373 1.000000
vt 0.431373 0.000000
vt 0.436274 1.000000
vt 0.436274 0.000000
vt 0.441176 1.000000
vt 0.441176 0.000000
vt 0.446078 1.000000
vt 0.446078 0.000000
vt 0.450980 1.000000
vt 0.450980 0.000000
vt 0.455882 1.000000
vt 0.455882 0.000000
vt 0.460784 1.000000
vt 0.460784 0.000000
vt 0.465686 1.000000
vt 0.465686 0.000000
vt 0.470588 1.000000
vt 0.475490 1.000000
vt 0.475490 0.000000
vt 0.480392 1.000000
vt 0.480392 0.000000
vt 0.485294 1.000000
vt 0.485294 0.000000
vt 0.490196 1.000000
vt 0.490196 0.000000
vt 0.495098 1.000000
vt 0.495098 0.000000
vt 0.504902 1.000000
vt 0.504902 0.000000
vt 0.509804 1.000000
vt 0.509804 0.000000
vt 0.514706 1.000000
vt 0.514706 0.000000
vt 0.519608 1.000000
vt 0.519608 0.000000
vt 0.524510 1.000000
vt 0.524510 0.000000
vt 0.529412 1.000000
vt 0.534314 1.000000
vt 0.534314 0.000000
vt 0.539216 1.000000
vt 0.539216 0.000000
vt 0.544118 1.000000
vt 0.544118 0.000000
vt 0.549020 1.000000
vt 0.549020 0.000000
vt 0.553922 1.000000
vt 0.553922 0.000000
vt 0.558824 1.000000
vt 0.558824 0.000000
vt 0.563725 1.000000
vt 0.563725 0.000000
vt 0.568627 1.000000
vt 0.568627 0.000000
vt 0.573529 1.000000
vt 0.573529 0.000000
vt 0.578431 1.000000
vt 0.578431 0.000000
vt 0.588235 1.000000
vt 0.593137 1.000000
vt 0.593137 0.000000
vt 0.598039 1.000000
vt 0.598039 0.000000
vt 0.602941 1.000000
vt 0.602941 0.000000
vt 0.607843 1.000000
vt 0.607843 0.000000
vt 0.612745 1.000000
vt 0.612745 0.000000
vt 0.617647 1.000000
vt 0.617647 0.000000
vt 0.622549 1.000000
vt 0.622549 0.000000
vt 0.627451 1.000000
vt 0.627451 0.000000
vt 0.632353 1.000000
vt 0.632353 0.000000
vt 0.637255 1.000000
vt 0.637255 0.000000
vt 0.642157 1.000000
vt 0.642157 0.000000
vt 0.647059 1.000000
vt 0.651961 1.000000
vt 0.651961 0.000000
vt 0.656863 1.000000
vt 0.656863 0.000000
vt 0.661765 1.000000
vt 0.661765 0.000000
vt 0.671569 1.000000
vt 0.671569 0.000000
vt 0.676471 1.000000
vt 0.676471 0.000000
vt 0.681373 1.000000
vt 0.681373 0.000000
vt 0.686275 1.000000
vt 0.686275 0.000000
vt 0.691176 1.000000
vt 0.691176 0.000000
vt 0.696078 1.000000
vt 0.696078 0.000000
vt 0.700980 1.000000
vt 0.700980 0.000000
vt 0.705882 1.000000
vt 0.710784 1.000000
vt 0.710784 0.000000
vt 0.715686 1.000000
vt 0.715686 0.000000
vt 0.720588 1.000000
vt 0.720588 0.000000
vt 0.725490 1.000000
vt 0.725490 0.000000
vt 0.730392 1.000000
vt 0.730392 0.000000
vt 0.735294 1.000000
vt 0.735294 0.000000
vt 0.740196 1.000000
vt 0.740196 0.000000
vt 0.745098 1.000000
vt 0.745098 0.000000
vt 0.754902 1.000000
vt 0.754902 0.000000
vt 0.759804 1.000000
vt 0.759804 0.000000
vt 0.764706 1.000000
vt 0.769608 1.000000
vt 0.769608 0.000000
vt 0.774510 1.000000
vt 0.774510 0.000000
vt 0.779412 1.000000
vt 0.779412 0.000000
vt 0.784314 1.000000
vt 0.784314 0.000000
vt 0.789216 1.000000
vt 0.789216 0.000000
vt 0.794118 1.000000
vt 0.794118 0.000000
vt 0.799020 1.000000
vt 0.799020 0.000000
vt 0.803922 1.000000
vt 0.803922 0.000000
vt 0.808824 1.000000
vt 0.808824 0.000000
vt 0.813725 1.000000
vt 0.813725 0.000000
vt 0.818627 1.000000
vt 0.818627 0.000000
vt 0.823529 1.000000
vt 0.828431 1.000000
vt 0.828431 0.000000
vt 0.838235 1.000000
vt 0.838235 0.000000
vt 0.843137 1.000000
vt 0.843137 0.000000
vt 0.848039 1.000000
vt 0.848039 0.000000
vt 0.852941 1.000000
vt 0.852941 0.000000
vt 0.857843 1.000000
vt 0.857843 0.000000
vt 0.862745 1.000000
vt 0.862745 0.000000
vt 0.867647 1.000000
vt 0.867647 0.000000
vt 0.872549 1.000000
vt 0.872549 0.000000
vt 0.877451 1.000000
vt 0.877451 0.000000
vt 0.882353 1.000000
vt 0.887255 1.000000
vt 0.887255 0.000000
vt 0.892157 1.000000
vt 0.892157 0.000000
vt 0.897059 1.000000
vt 0.897059 0.000000
vt 0.901961 1.000000
vt 0.901961 0.000000
vt 0.906863 1.000000
vt 0.906863 0.000000
vt 0.911765 1.000000
vt 0.911765 0.000000
vt 0.921569 1.000000
vt 0.921569 0.000000
vt 0.926471 1.000000
vt 0.926471 0.000000
vt 0.931373 1.000000
vt 0.931373 0.000000
vt 0.936275 1.000000
vt 0.936275 0.000000
vt 0.941176 1.000000
vt 0.946078 1.000000
vt 0.946078 0.000000
vt 0.950980 1.000000
vt 0.950980 0.000000
vt 0.955882 1.000000
vt 0.955882 0.000000
vt 0.960784 1.000000
vt 0.960784 0.000000
vt 0.965686 1.000000
vt 0.965686 0.000000
vt 0.970588 1.000000
vt 0.970588 0.000000
vt 0.975490 1.000000
vt 0.975490 0.000000
vt 0.980392 1.000000
vt 0.980392 0.000000
vt 0.985294 1.000000
vt 0.985294 0.000000
vt 0.990196 1.000000
vt 0.990196 0.000000
vt 0.995098 1.000000
vt 0.995098 0.000000
vt 0.007576 1.000000
vt 0.007576 0.000000
vt 0.015152 1.000000
vt 0.015152 0.000000
vt 0.022727 1.000000
vt 0.022727 0.000000
vt 0.030303 1.000000
vt 0.030303 0.000000
vt 0.037879 1.000000
vt 0.037879 0.000000
vt 0.045455 1.000000
vt 0.045455 0.000000
vt 0.053030 1.000000
vt 0.053030 0.000000
vt 0.060606 1.000000
vt 0.060606 0.000000
vt 0.068182 1.000000
vt 0.068182 0.000000
vt 0.075758 1.000000
vt 0.075758 0.000000
vt 0.090909 1.000000
vt 0.090909 0.000000
vt 0.098485 1.000000
vt 0.098485 0.000000
vt 0.106061 1.000000
vt 0.106061 0.000000
vt 0.113636 1.000000
vt 0.113636 0.000000
vt 0.121212 1.000000
vt 0.121212 0.000000
vt 0.128788 1.000000
vt 0.128788 0.000000
vt 0.136364 1.000000
vt 0.136364 0.000000
vt 0.143939 1.000000
vt 0.143939 0.000000
vt 0.151515 1.000000
vt 0.151515 0.000000
vt 0.159091 1.000000
vt 0.159091 0.000000
vt 0.174242 1.000000
vt 0.174242 0.000000
vt 0.181818 1.000000
vt 0.181818 0.000000
vt 0.189394 1.000000
vt 0.189394 0.000000
vt 0.196970 1.000000
vt 0.196970 0.000000
vt 0.204545 1.000000
vt 0.204545 0.000000
vt 0.212121 1.000000
vt 0.212121 0.000000
vt 0.219697 1.000000
vt 0.219697 0.000000
vt 0.227273 1.000000
vt 0.227273 0.000000
vt 0.234848 1.000000
vt 0.234848 0.000000
vt 0.242424 1.000000
vt 0.242424 0.000000
vt 0.257576 1.000000
vt 0.257576 0.000000
vt 0.265152 1.000000
vt 0.265152 0.000000
vt 0.272727 1.000000
vt 0.272727 0.000000
vt 0.280303 1.000000
vt 0.280303 0.000000
vt 0.287879 1.000000
vt 0.287879 0.000000
vt 0.295455 1.000000
vt 0.295455 0.000000
vt 0.303030 1.000000
vt 0.303030 0.000000
vt 0.310606 1.000000
vt 0.310606 0.000000
vt 0.318182 1.000000
vt 0.318182 0.000000
vt 0.325758 1.000000
vt 0.325758 0.000000
vt 0.340909 1.000000
vt 0.340909 0.000000
vt 0.348485 1.000000
vt 0.348485 0.000000
vt 0.356061 1.000000
vt 0.356061 0.000000
vt 0.363636 1.000000
vt 0.363636 0.000000
vt 0.371212 1.000000
vt 0.371212 0.000000
vt 0.378788 1.000000
vt 0.378788 0.000000
vt 0.386364 1.000000
vt 0.386364 0.000000
vt 0.393939 1.000000
vt 0.393939 0.000000
vt 0.401515 1.000000
vt 0.401515 0.000000
vt 0.409091 1.000000
vt 0.409091 0.000000
vt 0.424242 1.000000
vt 0.424242 0.000000
vt 0.431818 1.000000
vt 0.431818 0.000000
vt 0.439394 1.000000
vt 0.439394 0.000000
vt 0.446970 1.000000
vt 0.446970 0.000000
vt 0.454545 1.000000
vt 0.454545 0.000000
vt 0.462121 1.000000
vt 0.462121 0.000000
vt 0.469697 1.000000
vt 0.469697 0.000000
vt 0.477273 1.000000
vt 0.477273 0.000000
vt 0.484848 1.000000
vt 0.484848 0.000000
vt 0.492424 1.000000
vt 0.492424 0.000000
vt 0.507576 1.000000
vt 0.507576 0.000000
vt 0.515152 1.000000
vt 0.515152 0.000000
vt 0.522727 1.000000
vt 0.522727 0.000000
vt 0.530303 1.000000
vt 0.530303 0.000000
vt 0.537879 1.000000
vt 0.537879 0.000000
vt 0.545455 1.000000
vt 0.545455 0.000000
vt 0.553030 1.000000
vt 0.553030 0.000000
vt 0.560606 1.000000
vt 0.560606 0.000000
vt 0.568182 1.000000
vt 0.568182 0.000000
vt 0.575758 1.000000
vt 0.575758 0.000000
vt 0.590909 1.000000
vt 0.590909 0.000000
vt 0.598485 1.000000
vt 0.598485 0.000000
vt 0.606061 1.000000
vt 0.606061 0.000000
vt 0.613636 1.000000
vt 0.613636 0.000000
vt 0.621212 1.000000
vt 0.621212 0.000000
vt 0.628788 1.000000
vt 0.628788 0.000000
vt 0.636364 1.000000
vt 0.636364 0.000000
vt 0.643939 1.000000
vt 0.643939 0.000000
vt 0.651515 1.000000
vt 0.651515 0.000000
vt 0.659091 1.000000
vt 0.659091 0.000000
vt 0.674242 1.000000
vt 0.674242 0.000000
vt 0.681818 1.000000
vt 0.681818 0.000000
vt 0.689394 1.000000
vt 0.689394 0.000000
vt 0.696970 1.000000
vt 0.696970 0.000000
vt 0.704545 1.000000
vt 0.704545 0.000000
vt 0.712121 1.000000
vt 0.712121 0.000000
vt 0.719697 1.000000
vt 0.719697 0.000000
vt 0.727273 1.000000
vt 0.727273 0.000000
vt 0.734848 1.000000
vt 0.734848 0.000000
vt 0.742424 1.000000
vt 0.742424 0.000000
vt 0.757576 1.000000
vt 0.757576 0.000000
vt 0.765152 1.000000
vt 0.765152 0.000000
vt 0.772727 1.000000
vt 0.772727 0.000000
vt 0.780303 1.000000
vt 0.780303 0.000000
vt 0.787879 1.000000
vt 0.787879 0.000000
vt 0.795455 1.000000
vt 0.795455 0.000000
vt 0.803030 1.000000
vt 0.803030 0.000000
vt 0.810606 1.000000
vt 0.810606 0.000000
vt 0.818182 1.000000
vt 0.818182 0.000000
vt 0.825758 1.000000
vt 0.825758 0.000000
vt 0.840909 1.000000
vt 0.840909 0.000000
vt 0.848485 1.000000
vt 0.848485 0.000000
vt 0.856061 1.000000
vt 0.856061 0.000000
vt 0.863636 1.000000
vt 0.863636 0.000000
vt 0.871212 1.000000
vt 0.871212 0.000000
vt 0.878788 1.000000
vt 0.878788 0.000000
vt 0.886364 1.000000
vt 0.886364 0.000000
vt 0.893939 1.000000
vt 0.893939 0.000000
vt 0.901515 1.000000
vt 0.901515 0.000000
vt 0.909091 1.000000
vt 0.909091 0.000000
vt 0.924242 1.000000
vt 0.924242 0.000000
vt 0.931818 1.000000
vt 0.931818 0.000000
vt 0.939394 1.000000
vt 0.939394 0.000000
vt 0.946970 1.000000
vt 0.946970 0.000000
vt 0.954545 1.000000
vt 0.954545 0.000000
vt 0.962121 1.000000
vt 0.962121 0.000000
vt 0.969697 1.000000
vt 0.969697 0.000000
vt 0.977273 1.000000
vt 0.977273 0.000000
vt 0.984848 1.000000
vt 0.984848 0.000000
vt 0.992424 1.000000
vt 0.992424 0.000000
vt 0.002079 1.000000
vt 0.002079 0.000000
vt 0.004158 1.000000
vt 0.004158 0.000000
vt 0.006237 1.000000
vt 0.006237 0.000000
vt 0.008316 1.000000
vt 0.008316 0.000000
vt 0.010395 1.000000
vt 0.010395 0.000000
vt 0.012474 1.000000
vt 0.012474 0.000000
vt 0.014553 1.000000
vt 0.014553 0.000000
vt 0.016632 1.000000
vt 0.016632 0.000000
vt 0.018711 1.000000
vt 0.018711 0.000000
vt 0.020790 1.000000
vt 0.020790 0.000000
vt 0.022869 1.000000
vt 0.022869 0.000000
vt 0.024948 1.000000
vt 0.024948 0.000000
vt 0.027027 1.000000
vt 0.027027 0.000000
vt 0.029106 1.000000
vt 0.029106 0.000000
vt 0.031185 1.000000
vt 0.031185 0.000000
vt 0.033264 1.000000
vt 0.033264 0.000000
vt 0.035343 1.000000
vt 0.035343 0.000000
vt 0.037422 1.000000
vt 0.037422 0.000000
vt 0.039501 1.000000
vt 0.039501 0.000000
vt 0.041580 1.000000
vt 0.041580 0.000000
vt 0.043659 1.000000
vt 0.043659 0.000000
vt 0.045738 1.000000
vt 0.045738 0.000000
vt 0.047817 1.000000
vt 0.047817 0.000000
vt 0.049896 1.000000
vt 0.049896 0.000000
vt 0.051975 1.000000
vt 0.051975 0.000000
vt 0.054054 1.000000
vt 0.054054 0.000000
vt 0.056133 1.000000
vt 0.056133 0.000000
vt 0.058212 1.000000
vt 0.058212 0.000000
vt 0.060291 1.000000
vt 0.060291 0.000000
vt 0.062370 1.000000
vt 0.062370 0.000000
vt 0.064449 1.000000
vt 0.064449 0.000000
vt 0.066528 1.000000
vt 0.066528 0.000000
vt 0.068607 1.000000
vt 0.068607 0.000000
vt 0.070686 1.000000
vt 0.070686 0.000000
vt 0.072765 1.000000
vt 0.072765 0.000000
vt 0.074844 1.000000
vt 0.074844 0.000000
vt 0.076923 1.000000
vt 0.079002 1.000000
vt 0.079002 0.000000
vt 0.081081 1.000000
vt 0.081081 0.000000
vt 0.083160 1.000000
vt 0.083160 0.000000
vt 0.085239 1.000000
vt 0.085239 0.000000
vt 0.087318 1.000000
vt 0.087318 0.000000
vt 0.089397 1.000000
vt 0.089397 0.000000
vt 0.091476 1.000000
vt 0.091476 0.000000
vt 0.093555 1.000000
vt 0.093555 0.000000
vt 0.095634 1.000000
vt 0.095634 0.000000
vt 0.097713 1.000000
vt 0.097713 0.000000
vt 0.099792 1.000000
vt 0.099792 0.000000
vt 0.101871 1.000000
vt 0.101871 0.000000
vt 0.103950 1.000000
vt 0.103950 0.000000
vt 0.106029 1.000000
vt 0.106029 0.000000
vt 0.108108 1.000000
vt 0.108108 0.000000
vt 0.110187 1.000000
vt 0.110187 0.000000
vt 0.112266 1.000000
vt 0.112266 0.000000
vt 0.114345 1.000000
vt 0.114345 0.000000
vt 0.116424 1.000000
vt 0.116424 0.000000
vt 0.118503 1.000000
vt 0.118503 0.000000
vt 0.120582 1.000000
vt 0.120582 0.000000
vt 0.122661 1.000000
vt 0.122661 0.000000
vt 0.124740 1.000000
vt 0.124740 0.000000
vt 0.126819 1.000000
vt 0.126819 0.000000
vt 0.128898 1.000000
vt 0.128898 0.000000
vt 0.130977 1.000000
vt 0.130977 0.000000
vt 0.133056 1.000000
vt 0.133056 0.000000
vt 0.135135 1.000000
vt 0.135135 0.000000
vt 0.137214 1.000000
vt 0.137214 0.000000
vt 0.139293 1.000000
vt 0.139293 0.000000
vt 0.141372 1.000000
vt 0.141372 0.000000
vt 0.143451 1.000000
vt 0.143451 0.000000
vt 0.145530 1.000000
vt 0.145530 0.000000
vt 0.147609 1.000000
vt 0.147609 0.000000
vt 0.149688 1.000000
vt 0.149688 0.000000
vt 0.151767 1.000000
vt 0.151767 0.000000
vt 0.153846 1.000000
vt 0.155925 1.000000
vt 0.155925 0.000000
vt 0.158004 1.000000
vt 0.158004 0.000000
vt 0.160083 1.000000
vt 0.160083 0.000000
vt 0.162162 1.000000
vt 0.162162 0.000000
vt 0.164241 1.000000
vt 0.164241 0.000000
vt 0.166320 1.000000
vt 0.166320 0.000000
vt 0.168399 1.000000
vt 0.168399 0.000000
vt 0.170478 1.000000
vt 0.170478 0.000000
vt 0.172557 1.000000
vt 0.172557 0.000000
vt 0.174636 1.000000
vt 0.174636 0.000000
vt 0.176715 1.000000
vt 0.176715 0.000000
vt 0.178794 1.000000
vt 0.178794 0.000000
vt 0.180873 1.000000
vt 0.180873 0.000000
vt 0.182952 1.000000
vt 0.182952 0.000000
vt 0.185031 1.000000
vt 0.185031 0.000000
vt 0.187110 1.000000
vt 0.187110 0.000000
vt 0.189189 1.000000
vt 0.189189 0.000000
vt 0.191268 1.000000
vt 0.191268 0.000000
vt 0.193347 1.000000
vt 0.193347 0.000000
vt 0.195426 1.000000
vt 0.195426 0.000000
vt 0.197505 1.000000
vt 0.197505 0.000000
vt 0.199584 1.000000
vt 0.199584 0.000000
vt 0.201663 1.000000
vt 0.201663 0.000000
vt 0.203742 1.000000
vt 0.203742 0.000000
vt 0.205821 1.000000
vt 0.205821 0.000000
vt 0.207900 1.000000
vt 0.207900 0.000000
vt 0.209979 1.000000
vt 0.209979 0.000000
vt 0.212058 1.000000
vt 0.212058 0.000000
vt 0.214137 1.000000
vt 0.214137 0.000000
vt 0.216216 1.000000
vt 0.216216 0.000000
vt 0.218295 1.000000
vt 0.218295 0.000000
vt 0.220374 1.000000
vt 0.220374 0.000000
vt 0.222453 1.000000
vt 0.222453 0.000000
vt 0.224532 1.000000
vt 0.224532 0.000000
vt 0.226611 1.000000
vt 0.226611 0.000000
vt 0.228690 1.000000
vt 0.228690 0.000000
vt 0.230769 1.000000
vt 0.232848 1.000000
vt 0.232848 0.000000
vt 0.234927 1.000000
vt 0.234927 0.000000
vt 0.237006 1.000000
vt 0.237006 0.000000
vt 0.239085 1.000000
vt 0.239085 0.000000
vt 0.241164 1.000000
vt 0.241164 0.000000
vt 0.243243 1.000000
vt 0.243243 0.000000
vt 0.245322 1.000000
vt 0.245322 0.000000
vt 0.247401 1.000000
vt 0.247401 0.000000
vt 0.249480 1.000000
vt 0.249480 0.000000
vt 0.251559 1.000000
vt 0.251559 0.000000
vt 0.253638 1.000000
vt 0.253638 0.000000
vt 0.255717 1.000000
vt 0.255717 0.000000
vt 0.257796 1.000000
vt 0.257796 0.000000
vt 0.259875 1.000000
vt 0.259875 0.000000
vt 0.261954 1.000000
vt 0.261954 0.000000
vt 0.264033 1.000000
vt 0.264033 0.000000
vt 0.266112 1.000000
vt 0.266112 0.000000
vt 0.268191 1.000000
vt 0.268191 0.000000
vt 0.270270 1.000000
vt 0.270270 0.000000
vt 0.272349 1.000000
vt 0.272349 0.000000
vt 0.274428 1.000000
vt 0.274428 0.000000
vt 0.276507 1.000000
vt 0.276507 0.000000
vt 0.278586 1.000000
vt 0.278586 0.000000
vt 0.280665 1.000000
vt 0.280665 0.000000
vt 0.282744 1.000000
vt 0.282744 0.000000
vt 0.284823 1.000000
vt 0.284823 0.000000
vt 0.286902 1.000000
vt 0.286902 0.000000
vt 0.288981 1.000000
vt 0.288981 0.000000
vt 0.291060 1.000000
vt 0.291060 0.000000
vt 0.293139 1.000000
vt 0.293139 0.000000
vt 0.295218 1.000000
vt 0.295218 0.000000
vt 0.297297 1.000000
vt 0.297297 0.000000
vt 0.299376 1.000000
vt 0.299376 0.000000
vt 0.301455 1.000000
vt 0.301455 0.000000
vt 0.303534 1.000000
vt 0.303534 0.000000
vt 0.305613 1.000000
vt 0.305613 0.000000
vt 0.307692 1.000000
vt 0.309771 1.000000
vt 0.309771 0.000000
vt 0.311850 1.000000
vt 0.311850 0.000000
vt 0.313929 1.000000
vt 0.313929 0.000000
vt 0.316008 1.000000
vt 0.316008 0.000000
vt 0.318087 1.000000
vt 0.318087 0.000000
vt 0.320166 1.000000
vt 0.320166 0.000000
vt 0.322245 1.000000
vt 0.322245 0.000000
vt 0.324324 1.000000
vt 0.324324 0.000000
vt 0.326403 1.000000
vt 0.326403 0.000000
vt 0.328482 1.000000
vt 0.328482 0.000000
vt 0.330561 1.000000
vt 0.330561 0.000000
vt 0.332640 1.000000
vt 0.332640 0.000000
vt 0.334719 1.000000
vt 0.334719 0.000000
vt 0.336798 1.000000
vt 0.336798 0.000000
vt 0.338877 1.000000
vt 0.338877 0.000000
vt 0.340956 1.000000
vt 0.340956 0.000000
vt 0.343035 1.000000
vt 0.343035 0.000000
vt 0.345114 1.000000
vt 0.345114 0.000000
vt 0.347193 1.000000
vt 0.347193 0.000000
vt 0.349272 1.000000
vt 0.349272 0.000000
vt 0.351351 1.000000
vt 0.351351 0.000000
vt 0.353430 1.000000
vt 0.353430 0.000000
vt 0.355509 1.000000
vt 0.355509 0.000000
vt 0.357588 1.000000
vt 0.357588 0.000000
vt 0.359667 1.000000
vt 0.359667 0.000000
vt 0.361746 1.000000
vt 0.361746 0.000000
vt 0.363825 1.000000
vt 0.363825 0.000000
vt 0.365904 1.000000
vt 0.365904 0.000000
vt 0.367983 1.000000
vt 0.367983 0.000000
vt 0.370062 1.000000
vt 0.370062 0.000000
vt 0.372141 1.000000
vt 0.372141 0.000000
vt 0.374220 1.000000
vt 0.374220 0.000000
vt 0.376299 1.000000
vt 0.376299 0.000000
vt 0.378378 1.000000
vt 0.378378 0.000000
vt 0.380457 1.000000
vt 0.380457 0.000000
vt 0.382536 1.000000
vt 0.382536 0.000000
vt 0.384615 1.000000
vt 0.386694 1.000000
vt 0.386694 0.000000
vt 0.388773 1.000000
vt 0.388773 0.000000
vt 0.390852 1.000000
vt 0.390852 0.000000
vt 0.392931 1.000000
vt 0.392931 0.000000
vt 0.395010 1.000000
vt 0.395010 0.000000
vt 0.397089 1.000000
vt 0.397089 0.000000
vt 0.399168 1.000000
vt 0.399168 0.000000
vt 0.401247 1.000000
vt 0.401247 0.000000
vt 0.403326 1.000000
vt 0.403326 0.000000
vt 0.405405 1.000000
vt 0.405405 0.000000
vt 0.407484 1.000000
vt 0.407484 0.000000
vt 0.409563 1.000000
vt 0.409563 0.000000
vt 0.411642 1.000000
vt 0.411642 0.000000
vt 0.413721 1.000000
vt 0.413721 0.000000
vt 0.415800 1.000000
vt 0.415800 0.000000
vt 0.417879 1.000000
vt 0.417879 0.000000
vt 0.419958 1.000000
vt 0.419958 0.000000
vt 0.422037 1.000000
vt 0.422037 0.000000
vt 0.424116 1.000000
vt 0.424116 0.000000
vt 0.426195 1.000000
vt 0.426195 0.000000
vt 0.428274 1.000000
vt 0.428274 0.000000
vt 0.430353 1.000000
vt 0.430353 0.000000
vt 0.432432 1.000000
vt 0.432432 0.000000
vt 0.434511 1.000000
vt 0.434511 0.000000
vt 0.436590 1.000000
vt 0.436590 0.000000
vt 0.438669 1.000000
vt 0.438669 0.000000
vt 0.440748 1.000000
vt 0.440748 0.000000
vt 0.442827 1.000000
vt 0.442827 0.000000
vt 0.444906 1.000000
vt 0.444906 0.000000
vt 0.446985 1.000000
vt 0.446985 0.000000
vt 0.449064 1.000000
vt 0.449064 0.000000
vt 0.451143 1.000000
vt 0.451143 0.000000
vt 0.453222 1.000000
vt 0.453222 0.000000
vt 0.455301 1.000000
vt 0.455301 0.000000
vt 0.457380 1.000000
vt 0.457380 0.000000
vt 0.459459 1.000000
vt 0.459459 0.000000
vt 0.461538 1.000000
vt 0.463617 1.000000
vt 0.463617 0.000000
vt 0.465696 1.000000
vt 0.465696 0.000000
vt 0.467775 1.000000
vt 0.467775 0.000000
vt 0.469854 1.000000
vt 0.469854 0.000000
vt 0.471933 1.000000
vt 0.471933 0.000000
vt 0.474012 1.000000
vt 0.474012 0.000000
vt 0.476091 1.000000
vt 0.476091 0.000000
vt 0.478170 1.000000
vt 0.478170 0.000000
vt 0.480249 1.000000
vt 0.480249 0.000000
vt 0.482328 1.000000
vt 0.482328 0.000000
vt 0.484407 1.000000
vt 0.484407 0.000000
vt 0.486486 1.000000
vt 0.486486 0.000000
vt 0.488565 1.000000
vt 0.488565 0.000000
vt 0.490644 1.000000
vt 0.490644 0.000000
vt 0.492723 1.000000
vt 0.492723 0.000000
vt 0.494803 1.000000
vt 0.494803 0.000000
vt 0.496881 1.000000
vt 0.496881 0.000000
vt 0.498960 1.000000
vt 0.498960 0.000000
vt 0.501040 1.000000
vt 0.501040 0.000000
vt 0.503119 1.000000
vt 0.503119 0.000000
vt 0.505198 1.000000
vt 0.505198 0.000000
vt 0.507277 1.000000
vt 0.507277 0.000000
vt 0.509355 1.000000
vt 0.509355 0.000000
vt 0.511434 1.000000
vt 0.511434 0.000000
vt 0.513514 1.000000
vt 0.513514 0.000000
vt 0.515593 1.000000
vt 0.515593 0.000000
vt 0.517672 1.000000
vt 0.517672 0.000000
vt 0.519751 1.000000
vt 0.519751 0.000000
vt 0.521830 1.000000
vt 0.521830 0.000000
vt 0.523908 1.000000
vt 0.523908 0.000000
vt 0.525988 1.000000
vt 0.525988 0.000000
vt 0.528067 1.000000
vt 0.528067 0.000000
vt 0.530146 1.000000
vt 0.530146 0.000000
vt 0.532225 1.000000
vt 0.532225 0.000000
vt 0.534304 1.000000
vt 0.534304 0.000000
vt 0.536383 1.000000
vt 0.536383 0.000000
vt 0.538462 1.000000
vt 0.540541 1.000000
vt 0.540541 0.000000
vt 0.542620 1.000000
vt 0.542620 0.000000
vt 0.544699 1.000000
vt 0.544699 0.000000
vt 0.546778 1.000000
vt 0.546778 0.000000
vt 0.548857 1.000000
vt 0.548857 0.000000
vt 0.550936 1.000000
vt 0.550936 0.000000
vt 0.553015 1.000000
vt 0.553015 0.000000
vt 0.555094 1.000000
vt 0.555094 0.000000
vt 0.557173 1.000000
vt 0.557173 0.000000
vt 0.559252 1.000000
vt 0.559252 0.000000
vt 0.561331 1.000000
vt 0.561331 0.000000
vt 0.563410 1.000000
vt 0.563410 0.000000
vt 0.565489 1.000000
vt 0.565489 0.000000
vt 0.567568 1.000000
vt 0.567568 0.000000
vt 0.569647 1.000000
vt 0.569647 0.000000
vt 0.571726 1.000000
vt 0.571726 0.000000
vt 0.573805 1.000000
vt 0.573805 0.000000
vt 0.575884 1.000000
vt 0.575884 0.000000
vt 0.577963 1.000000
vt 0.577963 0.000000
vt 0.580042 1.000000
vt 0.580042 0.000000
vt 0.582121 1.000000
vt 0.582121 0.000000
vt 0.584200 1.000000
vt 0.584200 0.000000
vt 0.586279 1.000000
vt 0.586279 0.000000
vt 0.588358 1.000000
vt 0.588358 0.000000
vt 0.590437 1.000000
vt 0.590437 0.000000
vt 0.592516 1.000000
vt 0.592516 0.000000
vt 0.594595 1.000000
vt 0.594595 0.000000
vt 0.596674 1.000000
vt 0.596674 0.000000
vt 0.598753 1.000000
vt 0.598753 0.000000
vt 0.600832 1.000000
vt 0.600832 0.000000
vt 0.602911 1.000000
vt 0.602911 0.000000
vt 0.604990 1.000000
vt 0.604990 0.000000
vt 0.607069 1.000000
vt 0.607069 0.000000
vt 0.609148 1.000000
vt 0.609148 0.000000
vt 0.611227 1.000000
vt 0.611227 0.000000
vt 0.613306 1.000000
vt 0.613306 0.000000
vt 0.615385 1.000000
vt 0.617464 1.000000
vt 0.617464 0.000000
vt 0.619543 1.000000
vt 0.619543 0.000000
vt 0.621622 1.000000
vt 0.621622 0.000000
vt 0.623701 1.000000
vt 0.623701 0.000000
vt 0.625780 1.000000
vt 0.625780 0.000000
vt 0.627859 1.000000
vt 0.627859 0.000000
vt 0.629938 1.000000
vt 0.629938 0.000000
vt 0.632017 1.000000
vt 0.632017 0.000000
vt 0.634096 1.000000
vt 0.634096 0.000000
vt 0.636175 1.000000
vt 0.636175 0.000000
vt 0.638254 1.000000
vt 0.638254 0.000000
vt 0.640333 1.000000
vt 0.640333 0.000000
vt 0.642412 1.000000
vt 0.642412 0.000000
vt 0.644491 1.000000
vt 0.644491 0.000000
vt 0.646570 1.000000
vt 0.646570 0.000000
vt 0.648649 1.000000
vt 0.648649 0.000000
vt 0.650728 1.000000
vt 0.650728 0.000000
vt 0.652807 1.000000
vt 0.652807 0.000000
vt 0.654886 1.000000
vt 0.654886 0.000000
vt 0.656965 1.000000
vt 0.656965 0.000000
vt 0.659044 1.000000
vt 0.659044 0.000000
vt 0.661123 1.000000
vt 0.661123 0.000000
vt 0.663202 1.000000
vt 0.663202 0.000000
vt 0.665281 1.000000
vt 0.665281 0.000000
vt 0.667360 1.000000
vt 0.667360 0.000000
vt 0.669439 1.000000
vt 0.669439 0.000000
vt 0.671518 1.000000
vt 0.671518 0.000000
vt 0.673597 1.000000
vt 0.673597 0.000000
vt 0.675676 1.000000
vt 0.675676 0.000000
vt 0.677755 1.000000
vt 0.677755 0.000000
vt 0.679834 1.000000
vt 0.679834 0.000000
vt 0.681913 1.000000
vt 0.681913 0.000000
vt 0.683992 1.000000
vt 0.683992 0.000000
vt 0.686071 1.000000
vt 0.686071 0.000000
vt 0.688150 1.000000
vt 0.688150 0.000000
vt 0.690229 1.000000
vt 0.690229 0.000000
vt 0.692308 1.000000
vt 0.694387 1.000000
vt 0.694387 0.000000
vt 0.696466 1.000000
vt 0.696466 0.000000
vt 0.698545 1.000000
vt 0.698545 0.000000
vt 0.700624 1.000000
vt 0.700624 0.000000
vt 0.702703 1.000000
vt 0.702703 0.000000
vt 0.704782 1.000000
vt 0.704782 0.000000
vt 0.706861 1.000000
vt 0.706861 0.000000
vt 0.708940 1.000000
vt 0.708940 0.000000
vt 0.711019 1.000000
vt 0.711019 0.000000
vt 0.713098 1.000000
vt 0.713098 0.000000
vt 0.715177 1.000000
vt 0.715177 0.000000
vt 0.717256 1.000000
vt 0.717256 0.000000
vt 0.719335 1.000000
vt 0.719335 0.000000
vt 0.721414 1.000000
vt 0.721414 0.000000
vt 0.723493 1.000000
vt 0.723493 0.000000
vt 0.725572 1.000000
vt 0.725572 0.000000
vt 0.727651 1.000000
vt 0.727651 0.000000
vt 0.729730 1.000000
vt 0.729730 0.000000
vt 0.731809 1.000000
vt 0.731809 0.000000
vt 0.733888 1.000000
vt 0.733888 0.000000
vt 0.735967 1.000000
vt 0.735967 0.000000
vt 0.738046 1.000000
vt 0.738046 0.000000
vt 0.740125 1.000000
vt 0.740125 0.000000
vt 0.742204 1.000000
vt 0.742204 0.000000
vt 0.744283 1.000000
vt 0.744283 0.000000
vt 0.746362 1.000000
vt 0.746362 0.000000
vt 0.748441 1.000000
vt 0.748441 0.000000
vt 0.750520 1.000000
vt 0.750520 0.000000
vt 0.752599 1.000000
vt 0.752599 0.000000
vt 0.754678 1.000000
vt 0.754678 0.000000
vt 0.756757 1.000000
vt 0.756757 0.000000
vt 0.758836 1.000000
vt 0.758836 0.000000
vt 0.760915 1.000000
vt 0.760915 0.000000
vt 0.762994 1.000000
vt 0.762994 0.000000
vt 0.765073 1.000000
vt 0.765073 0.000000
vt 0.767152 1.000000
vt 0.767152 0.000000
vt 0.769231 1.000000
vt 0.771310 1.000000
vt 0.771310 0.000000
vt 0.773389 1.000000
vt 0.773389 0.000000
vt 0.775468 1.000000
vt 0.775468 0.000000
vt 0.777547 1.000000
vt 0.777547 0.000000
vt 0.779626 1.000000
vt 0.779626 0.000000
vt 0.781705 1.000000
vt 0.781705 0.000000
vt 0.783784 1.000000
vt 0.783784 0.000000
vt 0.785863 1.000000
vt 0.785863 0.000000
vt 0.787942 1.000000
vt 0.787942 0.000000
vt 0.790021 1.000000
vt 0.790021 0.000000
vt 0.792100 1.000000
vt 0.792100 0.000000
vt 0.794179 1.000000
vt 0.794179 0.000000
vt 0.796258 1.000000
vt 0.796258 0.000000
vt 0.798337 1.000000
vt 0.798337 0.000000
vt 0.800416 1.000000
vt 0.800416 0.000000
vt 0.802495 1.000000
vt 0.802495 0.000000
vt 0.804574 1.000000
vt 0.804574 0.000000
vt 0.806653 1.000000
vt 0.806653 0.000000
vt 0.808732 1.000000
vt 0.808732 0.000000
vt 0.810811 1.000000
vt 0.810811 0.000000
vt 0.812890 1.000000
vt 0.812890 0.000000
vt 0.814969 1.000000
vt 0.814969 0.000000
vt 0.817048 1.000000
vt 0.817048 0.000000
vt 0.819127 1.000000
vt 0.819127 0.000000
vt 0.821206 1.000000
vt 0.821206 0.000000
vt 0.823285 1.000000
vt 0.823285 0.000000
vt 0.825364 1.000000
vt 0.825364 0.000000
vt 0.827443 1.000000
vt 0.827443 0.000000
vt 0.829522 1.000000
vt 0.829522 0.000000
vt 0.831601 1.000000
vt 0.831601 0.000000
vt 0.833680 1.000000
vt 0.833680 0.000000
vt 0.835759 1.000000
vt 0.835759 0.000000
vt 0.837838 1.000000
vt 0.837838 0.000000
vt 0.839917 1.000000
vt 0.839917 0.000000
vt 0.841996 1.000000
vt 0.841996 0.000000
vt 0.844075 1.000000
vt 0.844075 0.000000
vt 0.846154 1.000000
vt 0.848233 1.000000
vt 0.848233 0.000000
vt 0.850312 1.000000
vt 0.850312 0.000000
vt 0.852391 1.000000
vt 0.852391 0.000000
vt 0.854470 1.000000
vt 0.854470 0.000000
vt 0.856549 1.000000
vt 0.856549 0.000000
vt 0.858628 1.000000
vt 0.858628 0.000000
vt 0.860707 1.000000
vt 0.860707 0.000000
vt 0.862786 1.000000
vt 0.862786 0.000000
vt 0.864865 1.000000
vt 0.864865 0.000000
vt 0.866944 1.000000
vt 0.866944 0.000000
vt 0.869023 1.000000
vt 0.869023 0.000000
vt 0.871102 1.000000
vt 0.871102 0.000000
vt 0.873181 1.000000
vt 0.873181 0.000000
vt 0.875260 1.000000
vt 0.875260 0.000000
vt 0.877339 1.000000
vt 0.877339 0.000000
vt 0.879418 1.000000
vt 0.879418 0.000000
vt 0.881497 1.000000
vt 0.881497 0.000000
vt 0.883576 1.000000
vt 0.883576 0.000000
vt 0.885655 1.000000
vt 0.885655 0.000000
vt 0.887734 1.000000
vt 0.887734 0.000000
vt 0.889813 1.000000
vt 0.889813 0.000000
vt 0.891892 1.000000
vt 0.891892 0.000000
vt 0.893971 1.000000
vt 0.893971 0.000000
vt 0.896050 1.000000
vt 0.896050 0.000000
vt 0.898129 1.000000
vt 0.898129 0.000000
vt 0.900208 1.000000
vt 0.900208 0.000000
vt 0.902287 1.000000
vt 0.902287 0.000000
vt 0.904366 1.000000
vt 0.904366 0.000000
vt 0.906445 1.000000
vt 0.906445 0.000000
vt 0.908524 1.000000
vt 0.908524 0.000000
vt 0.910603 1.000000
vt 0.910603 0.000000
vt 0.912682 1.000000
vt 0.912682 0.000000
vt 0.914761 1.000000
vt 0.914761 0.000000
vt 0.916840 1.000000
vt 0.916840 0.000000
vt 0.918919 1.000000
vt 0.918919 0.000000
vt 0.920998 1.000000
vt 0.920998 0.000000
vt 0.923077 1.000000
vt 0.925156 1.000000
vt 0.925156 0.000000
vt 0.927235 1.000000
vt 0.927235 0.000000
vt 0.929314 1.000000
vt 0.929314 0.000000
vt 0.931393 1.000000
vt 0.931393 0.000000
vt 0.933472 1.000000
vt 0.933472 0.000000
vt 0.935551 1.000000
vt 0.935551 0.000000
vt 0.937630 1.000000
vt 0.937630 0.000000
vt 0.939709 1.000000
vt 0.939709 0.000000
vt 0.941788 1.000000
vt 0.941788 0.000000
vt 0.943867 1.000000
vt 0.943867 0.000000
vt 0.945946 1.000000
vt 0.945946 0.000000
vt 0.948025 1.000000
vt 0.948025 0.000000
vt 0.950104 1.000000
vt 0.950104 0.000000
vt 0.952183 1.000000
vt 0.952183 0.000000
vt 0.954262 1.000000
vt 0.954262 0.000000
vt 0.956341 1.000000
vt 0.956341 0.000000
vt 0.958420 1.000000
vt 0.958420 0.000000
vt 0.960499 1.000000
vt 0.960499 0.000000
vt 0.962578 1.000000
vt 0.962578 0.000000
vt 0.964657 1.000000
vt 0.964657 0.000000
vt 0.966736 1.000000
vt 0.966736 0.000000
vt 0.968815 1.000000
vt 0.968815 0.000000
vt 0.970894 1.000000
vt 0.970894 0.000000
vt 0.972973 1.000000
vt 0.972973 0.000000
vt 0.975052 1.000000
vt 0.975052 0.000000
vt 0.977131 1.000000
vt 0.977131 0.000000
vt 0.979210 1.000000
vt 0.979210 0.000000
vt 0.981289 1.000000
vt 0.981289 0.000000
vt 0.983368 1.000000
vt 0.983368 0.000000
vt 0.985447 1.000000
vt 0.985447 0.000000
vt 0.987526 1.000000
vt 0.987526 0.000000
vt 0.989605 1.000000
vt 0.989605 0.000000
vt 0.991684 1.000000
vt 0.991684 0.000000
vt 0.993763 1.000000
vt 0.993763 0.000000
vt 0.995842 1.000000
vt 0.995842 0.000000
vt 0.997921 1.000000
vt 0.997921 0.000000
vt 0.005525 1.000000
vt 0.005525 0.000000
vt 0.011050 1.000000
vt 0.011050 0.000000
vt 0.016575 1.000000
vt 0.016575 0.000000
vt 0.022099 1.000000
vt 0.022099 0.000000
vt 0.027624 1.000000
vt 0.027624 0.000000
vt 0.033149 1.000000
vt 0.033149 0.000000
vt 0.038674 1.000000
vt 0.038674 0.000000
vt 0.044199 1.000000
vt 0.044199 0.000000
vt 0.049724 1.000000
vt 0.049724 0.000000
vt 0.055249 1.000000
vt 0.055249 0.000000
vt 0.060773 1.000000
vt 0.060773 0.000000
vt 0.066298 1.000000
vt 0.066298 0.000000
vt 0.071823 1.000000
vt 0.071823 0.000000
vt 0.077348 1.000000
vt 0.077348 0.000000
vt 0.082873 1.000000
vt 0.082873 0.000000
vt 0.088398 1.000000
vt 0.088398 0.000000
vt 0.093923 1.000000
vt 0.093923 0.000000
vt 0.099448 1.000000
vt 0.099448 0.000000
vt 0.104972 1.000000
vt 0.104972 0.000000
vt 0.110497 1.000000
vt 0.110497 0.000000
vt 0.116022 1.000000
vt 0.116022 0.000000
vt 0.121547 1.000000
vt 0.121547 0.000000
vt 0.127072 1.000000
vt 0.127072 0.000000
vt 0.132597 1.000000
vt 0.132597 0.000000
vt 0.138122 1.000000
vt 0.138122 0.000000
vt 0.143646 1.000000
vt 0.143646 0.000000
vt 0.149171 1.000000
vt 0.149171 0.000000
vt 0.154696 1.000000
vt 0.154696 0.000000
vt 0.160221 1.000000
vt 0.160221 0.000000
vt 0.165746 1.000000
vt 0.165746 0.000000
vt 0.171271 1.000000
vt 0.171271 0.000000
vt 0.176796 1.000000
vt 0.176796 0.000000
vt 0.182320 1.000000
vt 0.182320 0.000000
vt 0.187845 1.000000
vt 0.187845 0.000000
vt 0.193370 1.000000
vt 0.193370 0.000000
vt 0.198895 1.000000
vt 0.198895 0.000000
vt 0.204420 1.000000
vt 0.204420 0.000000
vt 0.209945 1.000000
vt 0.209945 0.000000
vt 0.215470 1.000000
vt 0.215470 0.000000
vt 0.220994 1.000000
vt 0.220994 0.000000
vt 0.226519 1.000000
vt 0.226519 0.000000
vt 0.232044 1.000000
vt 0.232044 0.000000
vt 0.237569 1.000000
vt 0.237569 0.000000
vt 0.243094 1.000000
vt 0.243094 0.000000
vt 0.248619 1.000000
vt 0.248619 0.000000
vt 0.254144 1.000000
vt 0.254144 0.000000
vt 0.259668 1.000000
vt 0.259668 0.000000
vt 0.265193 1.000000
vt 0.265193 0.000000
vt 0.270718 1.000000
vt 0.270718 0.000000
vt 0.276243 1.000000
vt 0.276243 0.000000
vt 0.281768 1.000000
vt 0.281768 0.000000
vt 0.287293 1.000000
vt 0.287293 0.000000
vt 0.292818 1.000000
vt 0.292818 0.000000
vt 0.298343 1.000000
vt 0.298343 0.000000
vt 0.303867 1.000000
vt 0.303867 0.000000
vt 0.309392 1.000000
vt 0.309392 0.000000
vt 0.314917 1.000000
vt 0.314917 0.000000
vt 0.320442 1.000000
vt 0.320442 0.000000
vt 0.325967 1.000000
vt 0.325967 0.000000
vt 0.331492 1.000000
vt 0.331492 0.000000
vt 0.337017 1.000000
vt 0.337017 0.000000
vt 0.342541 1.000000
vt 0.342541 0.000000
vt 0.348066 1.000000
vt 0.348066 0.000000
vt 0.353591 1.000000
vt 0.353591 0.000000
vt 0.359116 1.000000
vt 0.359116 0.000000
vt 0.364641 1.000000
vt 0.364641 0.000000
vt 0.370166 1.000000
vt 0.370166 0.000000
vt 0.375691 1.000000
vt 0.375691 0.000000
vt 0.381215 1.000000
vt 0.381215 0.000000
vt 0.386740 1.000000
vt 0.386740 0.000000
vt 0.392265 1.000000
vt 0.392265 0.000000
vt 0.397790 1.000000
vt 0.397790 0.000000
vt 0.403315 1.000000
vt 0.403315 0.000000
vt 0.408840 1.000000
vt 0.408840 0.000000
vt 0.414365 1.000000
vt 0.414365 0.000000
vt 0.419890 1.000000
vt 0.419890 0.000000
vt 0.425414 1.000000
vt 0.425414 0.000000
vt 0.430939 1.000000
vt 0.430939 0.000000
vt 0.436464 1.000000
vt 0.436464 0.000000
vt 0.441989 1.000000
vt 0.441989 0.000000
vt 0.447514 1.000000
vt 0.447514 0.000000
vt 0.453039 1.000000
vt 0.453039 0.000000
vt 0.458564 1.000000
vt 0.458564 0.000000
vt 0.464088 1.000000
vt 0.464088 0.000000
vt 0.469613 1.000000
vt 0.469613 0.000000
vt 0.475138 1.000000
vt 0.475138 0.000000
vt 0.480663 1.000000
vt 0.480663 0.000000
vt 0.486188 1.000000
vt 0.486188 0.000000
vt 0.491713 1.000000
vt 0.491713 0.000000
vt 0.497238 1.000000
vt 0.497238 0.000000
vt 0.502762 1.000000
vt 0.502762 0.000000
vt 0.508287 1.000000
vt 0.508287 0.000000
vt 0.513812 1.000000
vt 0.513812 0.000000
vt 0.519337 1.000000
vt 0.519337 0.000000
vt 0.524862 1.000000
vt 0.524862 0.000000
vt 0.530387 1.000000
vt 0.530387 0.000000
vt 0.535912 1.000000
vt 0.535912 0.000000
vt 0.541436 1.000000
vt 0.541436 0.000000
vt 0.546961 1.000000
vt 0.546961 0.000000
vt 0.552486 1.000000
vt 0.552486 0.000000
vt 0.558011 1.000000
vt 0.558011 0.000000
vt 0.563536 1.000000
vt 0.563536 0.000000
vt 0.569061 1.000000
vt 0.569061 0.000000
vt 0.574586 1.000000
vt 0.574586 0.000000
vt 0.580110 1.000000
vt 0.580110 0.000000
vt 0.585635 1.000000
vt 0.585635 0.000000
vt 0.591160 1.000000
vt 0.591160 0.000000
vt 0.596685 1.000000
vt 0.596685 0.000000
vt 0.602210 1.000000
vt 0.602210 0.000000
vt 0.607735 1.000000
vt 0.607735 0.000000
vt 0.613260 1.000000
vt 0.613260 0.000000
vt 0.618785 1.000000
vt 0.618785 0.000000
vt 0.624309 1.000000
vt 0.624309 0.000000
vt 0.629834 1.000000
vt 0.629834 0.000000
vt 0.635359 1.000000
vt 0.635359 0.000000
vt 0.640884 1.000000
vt 0.640884 0.000000
vt 0.646409 1.000000
vt 0.646409 0.000000
vt 0.651934 1.000000
vt 0.651934 0.000000
vt 0.657459 1.000000
vt 0.657459 0.000000
vt 0.662983 1.000000
vt 0.662983 0.000000
vt 0.668508 1.000000
vt 0.668508 0.000000
vt 0.674033 1.000000
vt 0.674033 0.000000
vt 0.679558 1.000000
vt 0.679558 0.000000
vt 0.685083 1.000000
vt 0.685083 0.000000
vt 0.690608 1.000000
vt 0.690608 0.000000
vt 0.696133 1.000000
vt 0.696133 0.000000
vt 0.701657 1.000000
vt 0.701657 0.000000
vt 0.707182 1.000000
vt 0.707182 0.000000
vt 0.712707 1.000000
vt 0.712707 0.000000
vt 0.718232 1.000000
vt 0.718232 0.000000
vt 0.723757 1.000000
vt 0.723757 0.000000
vt 0.729282 1.000000
vt 0.729282 0.000000
vt 0.734807 1.000000
vt 0.734807 0.000000
vt 0.740331 1.000000
vt 0.740331 0.000000
vt 0.745856 1.000000
vt 0.745856 0.000000
vt 0.751381 1.000000
vt 0.751381 0.000000
vt 0.756906 1.000000
vt 0.756906 0.000000
vt 0.762431 1.000000
vt 0.762431 0.000000
vt 0.767956 1.000000
vt 0.767956 0.000000
vt 0.773481 1.000000
vt 0.773481 0.000000
vt 0.779006 1.000000
vt 0.779006 0.000000
vt 0.784530 1.000000
vt 0.784530 0.000000
vt 0.790055 1.000000
vt 0.790055 0.000000
vt 0.795580 1.000000
vt 0.795580 0.000000
vt 0.801105 1.000000
vt 0.801105 0.000000
vt 0.806630 1.000000
vt 0.806630 0.000000
vt 0.812155 1.000000
vt 0.812155 0.000000
vt 0.817680 1.000000
vt 0.817680 0.000000
vt 0.823204 1.000000
vt 0.823204 0.000000
vt 0.828729 1.000000
vt 0.828729 0.000000
vt 0.834254 1.000000
vt 0.834254 0.000000
vt 0.839779 1.000000
vt 0.839779 0.000000
vt 0.845304 1.000000
vt 0.845304 0.000000
vt 0.850829 1.000000
vt 0.850829 0.000000
vt 0.856354 1.000000
vt 0.856354 0.000000
vt 0.861878 1.000000
vt 0.861878 0.000000
vt 0.867403 1.000000
vt 0.867403 0.000000
vt 0.872928 1.000000
vt 0.872928 0.000000
vt 0.878453 1.000000
vt 0.878453 0.000000
vt 0.883978 1.000000
vt 0.883978 0.000000
vt 0.889503 1.000000
vt 0.889503 0.000000
vt 0.895028 1.000000
vt 0.895028 0.000000
vt 0.900553 1.000000
vt 0.900553 0.000000
vt 0.906077 1.000000
vt 0.906077 0.000000
vt 0.911602 1.000000
vt 0.911602 0.000000
vt 0.917127 1.000000
vt 0.917127 0.000000
vt 0.922652 1.000000
vt 0.922652 0.000000
vt 0.928177 1.000000
vt 0.928177 0.000000
vt 0.933702 1.000000
vt 0.933702 0.000000
vt 0.939227 1.000000
vt 0.939227 0.000000
vt 0.944751 1.000000
vt 0.944751 0.000000
vt 0.950276 1.000000
vt 0.950276 0.000000
vt 0.955801 1.000000
vt 0.955801 0.000000
vt 0.961326 1.000000
vt 0.961326 0.000000
vt 0.966851 1.000000
vt 0.966851 0.000000
vt 0.972376 1.000000
vt 0.972376 0.000000
vt 0.977901 1.000000
vt 0.977901 0.000000
vt 0.983425 1.000000
vt 0.983425 0.000000
vt 0.988950 1.000000
vt 0.988950 0.000000
vt 0.994475 1.000000
vt 0.994475 0.000000
vt 0.016667 1.000000
vt 0.033333 1.000000
vt 0.050000 1.000000
vt 0.066667 1.000000
vt 0.100000 1.000000
vt 0.116667 1.000000
vt 0.133333 1.000000
vt 0.150000 1.000000
vt 0.183333 1.000000
vt 0.200000 1.000000
vt 0.216667 1.000000
vt 0.233333 1.000000
vt 0.266667 1.000000
vt 0.283333 1.000000
vt 0.300000 1.000000
vt 0.316667 1.000000
vt 0.350000 1.000000
vt 0.366667 1.000000
vt 0.383333 1.000000
vt 0.400000 1.000000
vt 0.433333 1.000000
vt 0.450000 1.000000
vt 0.466667 1.000000
vt 0.483333 1.000000
vt 0.516667 1.000000
vt 0.533333 1.000000
vt 0.550000 1.000000
vt 0.566667 1.000000
vt 0.600000 1.000000
vt 0.616667 1.000000
vt 0.633333 1.000000
vt 0.650000 1.000000
vt 0.683333 1.000000
vt 0.700000 1.000000
vt 0.716667 1.000000
vt 0.733333 1.000000
vt 0.766667 1.000000
vt 0.783333 1.000000
vt 0.800000 1.000000
vt 0.816667 1.000000
vt 0.850000 1.000000
vt 0.866667 1.000000
vt 0.883333 1.000000
vt 0.900000 1.000000
vt 0.933333 1.000000
vt 0.950000 1.000000
vt 0.966667 1.000000
vt 0.983333 1.000000
vt 0.003333 1.000000
vt 0.003333 0.000000
vt 0.006667 1.000000
vt 0.006667 0.000000
vt 0.010000 1.000000
vt 0.010000 0.000000
vt 0.013333 1.000000
vt 0.013333 0.000000
vt 0.020000 1.000000
vt 0.020000 0.000000
vt 0.023333 1.000000
vt 0.023333 0.000000
vt 0.026667 1.000000
vt 0.026667 0.000000
vt 0.030000 1.000000
vt 0.030000 0.000000
vt 0.036667 1.000000
vt 0.036667 0.000000
vt 0.040000 1.000000
vt 0.040000 0.000000
vt 0.043333 1.000000
vt 0.043333 0.000000
vt 0.046667 1.000000
vt 0.046667 0.000000
vt 0.053333 1.000000
vt 0.053333 0.000000
vt 0.056667 1.000000
vt 0.056667 0.000000
vt 0.060000 1.000000
vt 0.060000 0.000000
vt 0.063333 1.000000
vt 0.063333 0.000000
vt 0.070000 1.000000
vt 0.070000 0.000000
vt 0.073333 1.000000
vt 0.073333 0.000000
vt 0.076667 1.000000
vt 0.076667 0.000000
vt 0.080000 1.000000
vt 0.080000 0.000000
vt 0.086667 1.000000
vt 0.086667 0.000000
vt 0.090000 1.000000
vt 0.090000 0.000000
vt 0.093333 1.000000
vt 0.093333 0.000000
vt 0.096667 1.000000
vt 0.096667 0.000000
vt 0.103333 1.000000
vt 0.103333 0.000000
vt 0.106667 1.000000
vt 0.106667 0.000000
vt 0.110000 1.000000
vt 0.110000 0.000000
vt 0.113333 1.000000
vt 0.113333 0.000000
vt 0.120000 1.000000
vt 0.120000 0.000000
vt 0.123333 1.000000
vt 0.123333 0.000000
vt 0.126667 1.000000
vt 0.126667 0.000000
vt 0.130000 1.000000
vt 0.130000 0.000000
vt 0.136667 1.000000
vt 0.136667 0.000000
vt 0.140000 1.000000
vt 0.140000 0.000000
vt 0.143333 1.000000
vt 0.143333 0.000000
vt 0.146667 1.000000
vt 0.146667 0.000000
vt 0.153333 1.000000
vt 0.153333 0.000000
vt 0.156667 1.000000
vt 0.156667 0.000000
vt 0.160000 1.000000
vt 0.160000 0.000000
vt 0.163333 1.000000
vt 0.163333 0.000000
vt 0.170000 1.000000
vt 0.170000 0.000000
vt 0.173333 1.000000
vt 0.173333 0.000000
vt 0.176667 1.000000
vt 0.176667 0.000000
vt 0.180000 1.000000
vt 0.180000 0.000000
vt 0.186667 1.000000
vt 0.186667 0.000000
vt 0.190000 1.000000
vt 0.190000 0.000000
vt 0.193333 1.000000
vt 0.193333 0.000000
vt 0.196667 1.000000
vt 0.196667 0.000000
vt 0.203333 1.000000
vt 0.203333 0.000000
vt 0.206667 1.000000
vt 0.206667 0.000000
vt 0.210000 1.000000
vt 0.210000 0.000000
vt 0.213333 1.000000
vt 0.213333 0.000000
vt 0.220000 1.000000
vt 0.220000 0.000000
vt 0.223333 1.000000
vt 0.223333 0.000000
vt 0.226667 1.000000
vt 0.226667 0.000000
vt 0.230000 1.000000
vt 0.230000 0.000000
vt 0.236667 1.000000
vt 0.236667 0.000000
vt 0.240000 1.000000
vt 0.240000 0.000000
vt 0.243333 1.000000
vt 0.243333 0.000000
vt 0.246667 1.000000
vt 0.246667 0.000000
vt 0.253333 1.000000
vt 0.253333 0.000000
vt 0.256667 1.000000
vt 0.256667 0.000000
vt 0.260000 1.000000
vt 0.260000 0.000000
vt 0.263333 1.000000
vt 0.263333 0.000000
vt 0.270000 1.000000
vt 0.270000 0.000000
vt 0.273333 1.000000
vt 0.273333 0.000000
vt 0.276667 1.000000
vt 0.276667 0.000000
vt 0.280000 1.000000
vt 0.280000 0.000000
vt 0.286667 1.000000
vt 0.286667 0.000000
vt 0.290000 1.000000
vt 0.290000 0.000000
vt 0.293333 1.000000
vt 0.293333 0.000000
vt 0.296667 1.000000
vt 0.296667 0.000000
vt 0.303333 1.000000
vt 0.303333 0.000000
vt 0.306667 1.000000
vt 0.306667 0.000000
vt 0.310000 1.000000
vt 0.310000 0.000000
vt 0.313333 1.000000
vt 0.313333 0.000000
vt 0.320000 1.000000
vt 0.320000 0.000000
vt 0.323333 1.000000
vt 0.323333 0.000000
vt 0.326667 1.000000
vt 0.326667 0.000000
vt 0.330000 1.000000
vt 0.330000 0.000000
vt 0.336667 1.000000
vt 0.336667 0.000000
vt 0.340000 1.000000
vt 0.340000 0.000000
vt 0.343333 1.000000
vt 0.343333 0.000000
vt 0.346667 1.000000
vt 0.346667 0.000000
vt 0.353333 1.000000
vt 0.353333 0.000000
vt 0.356667 1.000000
vt 0.356667 0.000000
vt 0.360000 1.000000
vt 0.360000 0.000000
vt 0.363333 1.000000
vt 0.363333 0.000000
vt 0.370000 1.000000
vt 0.370000 0.000000
vt 0.373333 1.000000
vt 0.373333 0.000000
vt 0.376667 1.000000
vt 0.376667 0.000000
vt 0.380000 1.000000
vt 0.380000 0.000000
vt 0.386667 1.000000
vt 0.386667 0.000000
vt 0.390000 1.000000
vt 0.390000 0.000000
vt 0.393333 1.000000
vt 0.393333 0.000000
vt 0.396667 1.000000
vt 0.396667 0.000000
vt 0.403333 1.000000
vt 0.403333 0.000000
vt 0.406667 1.000000
vt 0.406667 0.000000
vt 0.410000 1.000000
vt 0.410000 0.000000
vt 0.413333 1.000000
vt 0.413333 0.000000
vt 0.420000 1.000000
vt 0.420000 0.000000
vt 0.423333 1.000000
vt 0.423333 0.000000
vt 0.426667 1.000000
vt 0.426667 0.000000
vt 0.430000 1.000000
vt 0.430000 0.000000
vt 0.436667 1.000000
vt 0.436667 0.000000
vt 0.440000 1.000000
vt 0.440000 0.000000
vt 0.443333 1.000000
vt 0.443333 0.000000
vt 0.446667 1.000000
vt 0.446667 0.000000
vt 0.453333 1.000000
vt 0.453333 0.000000
vt 0.456667 1.000000
vt 0.456667 0.000000
vt 0.460000 1.000000
vt 0.460000 0.000000
vt 0.463333 1.000000
vt 0.463333 0.000000
vt 0.470000 1.000000
vt 0.470000 0.000000
vt 0.473333 1.000000
vt 0.473333 0.000000
vt 0.476667 1.000000
vt 0.476667 0.000000
vt 0.480000 1.000000
vt 0.480000 0.000000
vt 0.486667 1.000000
vt 0.486667 0.000000
vt 0.490000 1.000000
vt 0.490000 0.000000
vt 0.493333 1.000000
vt 0.493333 0.000000
vt 0.496667 1.000000
vt 0.496667 0.000000
vt 0.503333 1.000000
vt 0.503333 0.000000
vt 0.506667 1.000000
vt 0.506667 0.000000
vt 0.510000 1.000000
vt 0.510000 0.000000
vt 0.513333 1.000000
vt 0.513333 0.000000
vt 0.520000 1.000000
vt 0.520000 0.000000
vt 0.523333 1.000000
vt 0.523333 0.000000
vt 0.526667 1.000000
vt 0.526667 0.000000
vt 0.530000 1.000000
vt 0.530000 0.000000
vt 0.536667 1.000000
vt 0.536667 0.000000
vt 0.540000 1.000000
vt 0.540000 0.000000
vt 0.543333 1.000000
vt 0.543333 0.000000
vt 0.546667 1.000000
vt 0.546667 0.000000
vt 0.553333 1.000000
vt 0.553333 0.000000
vt 0.556667 1.000000
vt 0.556667 0.000000
vt 0.560000 1.000000
vt 0.560000 0.000000
vt 0.563333 1.000000
vt 0.563333 0.000000
vt 0.570000 1.000000
vt 0.570000 0.000000
vt 0.573333 1.000000
vt 0.573333 0.000000
vt 0.576667 1.000000
vt 0.576667 0.000000
vt 0.580000 1.000000
vt 0.580000 0.000000
vt 0.586667 1.000000
vt 0.586667 0.000000
vt 0.590000 1.000000
vt 0.590000 0.000000
vt 0.593333 1.000000
vt 0.593333 0.000000
vt 0.596667 1.000000
vt 0.596667 0.000000
vt 0.603333 1.000000
vt 0.603333 0.000000
vt 0.606667 1.000000
vt 0.606667 0.000000
vt 0.610000 1.000000
vt 0.610000 0.000000
vt 0.613333 1.000000
vt 0.613333 0.000000
vt 0.620000 1.000000
vt 0.620000 0.000000
vt 0.623333 1.000000
vt 0.623333 0.000000
vt 0.626667 1.000000
vt 0.626667 0.000000
vt 0.630000 1.000000
vt 0.630000 0.000000
vt 0.636667 1.000000
vt 0.636667 0.000000
vt 0.640000 1.000000
vt 0.640000 0.000000
vt 0.643333 1.000000
vt 0.643333 0.000000
vt 0.646667 1.000000
vt 0.646667 0.000000
vt 0.653333 1.000000
vt 0.653333 0.000000
vt 0.656667 1.000000
vt 0.656667 0.000000
vt 0.660000 1.000000
vt 0.660000 0.000000
vt 0.663333 1.000000
vt 0.663333 0.000000
vt 0.670000 1.000000
vt 0.670000 0.000000
vt 0.673333 1.000000
vt 0.673333 0.000000
vt 0.676667 1.000000
vt 0.676667 0.000000
vt 0.680000 1.000000
vt 0.680000 0.000000
vt 0.686667 1.000000
vt 0.686667 0.000000
vt 0.690000 1.000000
vt 0.690000 0.000000
vt 0.693333 1.000000
vt 0.693333 0.000000
vt 0.696667 1.000000
vt 0.696667 0.000000
vt 0.703333 1.000000
vt 0.703333 0.000000
vt 0.706667 1.000000
vt 0.706667 0.000000
vt 0.710000 1.000000
vt 0.710000 0.000000
vt 0.713333 1.000000
vt 0.713333 0.000000
vt 0.720000 1.000000
vt 0.720000 0.000000
vt 0.723333 1.000000
vt 0.723333 0.000000
vt 0.726667 1.000000
vt 0.726667 0.000000
vt 0.730000 1.000000
vt 0.730000 0.000000
vt 0.736667 1.000000
vt 0.736667 0.000000
vt 0.740000 1.000000
vt 0.740000 0.000000
vt 0.743333 1.000000
vt 0.743333 0.000000
vt 0.746667 1.000000
vt 0.746667 0.000000
vt 0.753333 1.000000
vt 0.753333 0.000000
vt 0.756667 1.000000
vt 0.756667 0.000000
vt 0.760000 1.000000
vt 0.760000 0.000000
vt 0.763333 1.000000
vt 0.763333 0.000000
vt 0.770000 1.000000
vt 0.770000 0.000000
vt 0.773333 1.000000
vt 0.773333 0.000000
vt 0.776667 1.000000
vt 0.776667 0.000000
vt 0.780000 1.000000
vt 0.780000 0.000000
vt 0.786667 1.000000
vt 0.786667 0.000000
vt 0.790000 1.000000
vt 0.790000 0.000000
vt 0.793333 1.000000
vt 0.793333 0.000000
vt 0.796667 1.000000
vt 0.796667 0.000000
vt 0.803333 1.000000
vt 0.803333 0.000000
vt 0.806667 1.000000
vt 0.806667 0.000000
vt 0.810000 1.000000
vt 0.810000 0.000000
vt 0.813333 1.000000
vt 0.813333 0.000000
vt 0.820000 1.000000
vt 0.820000 0.000000
vt 0.823333 1.000000
vt 0.823333 0.000000
vt 0.826667 1.000000
vt 0.826667 0.000000
vt 0.830000 1.000000
vt 0.830000 0.000000
vt 0.836667 1.000000
vt 0.836667 0.000000
vt 0.840000 1.000000
vt 0.840000 0.000000
vt 0.843333 1.000000
vt 0.843333 0.000000
vt 0.846667 1.000000
vt 0.846667 0.000000
vt 0.853333 1.000000
vt 0.853333 0.000000
vt 0.856667 1.000000
vt 0.856667 0.000000
vt 0.860000 1.000000
vt 0.860000 0.000000
vt 0.863333 1.000000
vt 0.863333 0.000000
vt 0.870000 1.000000
vt 0.870000 0.000000
vt 0.873333 1.000000
vt 0.873333 0.000000
vt 0.876667 1.000000
vt 0.876667 0.000000
vt 0.880000 1.000000
vt 0.880000 0.000000
vt 0.886667 1.000000
vt 0.886667 0.000000
vt 0.890000 1.000000
vt 0.890000 0.000000
vt 0.893333 1.000000
vt 0.893333 0.000000
vt 0.896667 1.000000
vt 0.896667 0.000000
vt 0.903333 1.000000
vt 0.903333 0.000000
vt 0.906667 1.000000
vt 0.906667 0.000000
vt 0.910000 1.000000
vt 0.910000 0.000000
vt 0.913333 1.000000
vt 0.913333 0.000000
vt 0.920000 1.000000
vt 0.920000 0.000000
vt 0.923333 1.000000
vt 0.923333 0.000000
vt 0.926667 1.000000
vt 0.926667 0.000000
vt 0.930000 1.000000
vt 0.930000 0.000000
vt 0.936667 1.000000
vt 0.936667 0.000000
vt 0.940000 1.000000
vt 0.940000 0.000000
vt 0.943333 1.000000
vt 0.943333 0.000000
vt 0.946667 1.000000
vt 0.946667 0.000000
vt 0.953333 1.000000
vt 0.953333 0.000000
vt 0.956667 1.000000
vt 0.956667 0.000000
vt 0.960000 1.000000
vt 0.960000 0.000000
vt 0.963333 1.000000
vt 0.963333 0.000000
vt 0.970000 1.000000
vt 0.970000 0.000000
vt 0.973333 1.000000
vt 0.973333 0.000000
vt 0.976667 1.000000
vt 0.976667 0.000000
vt 0.980000 1.000000
vt 0.980000 0.000000
vt 0.986667 1.000000
vt 0.986667 0.000000
vt 0.990000 1.000000
vt 0.990000 0.000000
vt 0.993333 1.000000
vt 0.993333 0.000000
vt 0.996667 1.000000
vt 0.996667 0.000000
vt 0.011628 1.000000
vt 0.011628 0.000000
vt 0.023256 1.000000
vt 0.023256 0.000000
vt 0.034884 1.000000
vt 0.034884 0.000000
vt 0.046512 1.000000
vt 0.046512 0.000000
vt 0.058140 1.000000
vt 0.058140 0.000000
vt 0.069767 1.000000
vt 0.069767 0.000000
vt 0.081395 1.000000
vt 0.081395 0.000000
vt 0.093023 1.000000
vt 0.093023 0.000000
vt 0.104651 1.000000
vt 0.104651 0.000000
vt 0.116279 1.000000
vt 0.116279 0.000000
vt 0.127907 1.000000
vt 0.127907 0.000000
vt 0.139535 1.000000
vt 0.139535 0.000000
vt 0.151163 1.000000
vt 0.151163 0.000000
vt 0.162791 1.000000
vt 0.162791 0.000000
vt 0.174419 1.000000
vt 0.174419 0.000000
vt 0.186047 1.000000
vt 0.186047 0.000000
vt 0.197674 1.000000
vt 0.197674 0.000000
vt 0.209302 1.000000
vt 0.209302 0.000000
vt 0.220930 1.000000
vt 0.220930 0.000000
vt 0.232558 1.000000
vt 0.232558 0.000000
vt 0.244186 1.000000
vt 0.244186 0.000000
vt 0.255814 1.000000
vt 0.255814 0.000000
vt 0.267442 1.000000
vt 0.267442 0.000000
vt 0.279070 1.000000
vt 0.279070 0.000000
vt 0.290698 1.000000
vt 0.290698 0.000000
vt 0.302326 1.000000
vt 0.302326 0.000000
vt 0.313953 1.000000
vt 0.313953 0.000000
vt 0.325581 1.000000
vt 0.325581 0.000000
vt 0.337209 1.000000
vt 0.337209 0.000000
vt 0.348837 1.000000
vt 0.348837 0.000000
vt 0.360465 1.000000
vt 0.360465 0.000000
vt 0.372093 1.000000
vt 0.372093 0.000000
vt 0.383721 1.000000
vt 0.383721 0.000000
vt 0.395349 1.000000
vt 0.395349 0.000000
vt 0.406977 1.000000
vt 0.406977 0.000000
vt 0.418605 1.000000
vt 0.418605 0.000000
vt 0.430233 1.000000
vt 0.430233 0.000000
vt 0.441860 1.000000
vt 0.441860 0.000000
vt 0.453488 1.000000
vt 0.453488 0.000000
vt 0.465116 1.000000
vt 0.465116 0.000000
vt 0.476744 1.000000
vt 0.476744 0.000000
vt 0.488372 1.000000
vt 0.488372 0.000000
vt 0.511628 1.000000
vt 0.511628 0.000000
vt 0.523256 1.000000
vt 0.523256 0.000000
vt 0.534884 1.000000
vt 0.534884 0.000000
vt 0.546512 1.000000
vt 0.546512 0.000000
vt 0.558140 1.000000
vt 0.558140 0.000000
vt 0.569767 1.000000
vt 0.569767 0.000000
vt 0.581395 1.000000
vt 0.581395 0.000000
vt 0.593023 1.000000
vt 0.593023 0.000000
vt 0.604651 1.000000
vt 0.604651 0.000000
vt 0.616279 1.000000
vt 0.616279 0.000000
vt 0.627907 1.000000
vt 0.627907 0.000000
vt 0.639535 1.000000
vt 0.639535 0.000000
vt 0.651163 1.000000
vt 0.651163 0.000000
vt 0.662791 1.000000
vt 0.662791 0.000000
vt 0.674419 1.000000
vt 0.674419 0.000000
vt 0.686047 1.000000
vt 0.686047 0.000000
vt 0.697674 1.000000
vt 0.697674 0.000000
vt 0.709302 1.000000
vt 0.709302 0.000000
vt 0.720930 1.000000
vt 0.720930 0.000000
vt 0.732558 1.000000
vt 0.732558 0.000000
vt 0.744186 1.000000
vt 0.744186 0.000000
vt 0.755814 1.000000
vt 0.755814 0.000000
vt 0.767442 1.000000
vt 0.767442 0.000000
vt 0.779070 1.000000
vt 0.779070 0.000000
vt 0.790698 1.000000
vt 0.790698 0.000000
vt 0.802326 1.000000
vt 0.802326 0.000000
vt 0.813953 1.000000
vt 0.813953 0.000000
vt 0.825581 1.000000
vt 0.825581 0.000000
vt 0.837209 1.000000
vt 0.837209 0.000000
vt 0.848837 1.000000
vt 0.848837 0.000000
vt 0.860465 1.000000
vt 0.860465 0.000000
vt 0.872093 1.000000
vt 0.872093 0.000000
vt 0.883721 1.000000
vt 0.883721 0.000000
vt 0.895349 1.000000
vt 0.895349 0.000000
vt 0.906977 1.000000
vt 0.906977 0.000000
vt 0.918605 1.000000
vt 0.918605 0.000000
vt 0.930233 1.000000
vt 0.930233 0.000000
vt 0.941860 1.000000
vt 0.941860 0.000000
vt 0.953488 1.000000
vt 0.953488 0.000000
vt 0.965116 1.000000
vt 0.965116 0.000000
vt 0.976744 1.000000
vt 0.976744 0.000000
vt 0.988372 1.000000
vt 0.988372 0.000000
vt 0.005464 1.000000
vt 0.005464 0.000000
vt 0.010929 1.000000
vt 0.010929 0.000000
vt 0.016393 1.000000
vt 0.016393 0.000000
vt 0.021858 1.000000
vt 0.021858 0.000000
vt 0.027322 1.000000
vt 0.027322 0.000000
vt 0.032787 1.000000
vt 0.032787 0.000000
vt 0.038251 1.000000
vt 0.038251 0.000000
vt 0.043716 1.000000
vt 0.043716 0.000000
vt 0.049180 1.000000
vt 0.049180 0.000000
vt 0.054645 1.000000
vt 0.054645 0.000000
vt 0.060109 1.000000
vt 0.060109 0.000000
vt 0.065574 1.000000
vt 0.065574 0.000000
vt 0.071038 1.000000
vt 0.071038 0.000000
vt 0.076503 1.000000
vt 0.076503 0.000000
vt 0.081967 1.000000
vt 0.081967 0.000000
vt 0.087432 1.000000
vt 0.087432 0.000000
vt 0.092896 1.000000
vt 0.092896 0.000000
vt 0.098361 1.000000
vt 0.098361 0.000000
vt 0.103825 1.000000
vt 0.103825 0.000000
vt 0.109290 1.000000
vt 0.109290 0.000000
vt 0.114754 1.000000
vt 0.114754 0.000000
vt 0.120219 1.000000
vt 0.120219 0.000000
vt 0.125683 1.000000
vt 0.125683 0.000000
vt 0.131148 1.000000
vt 0.131148 0.000000
vt 0.136612 1.000000
vt 0.136612 0.000000
vt 0.142077 1.000000
vt 0.142077 0.000000
vt 0.147541 1.000000
vt 0.147541 0.000000
vt 0.153005 1.000000
vt 0.153005 0.000000
vt 0.158470 1.000000
vt 0.158470 0.000000
vt 0.163934 1.000000
vt 0.163934 0.000000
vt 0.169399 1.000000
vt 0.169399 0.000000
vt 0.174863 1.000000
vt 0.174863 0.000000
vt 0.180328 1.000000
vt 0.180328 0.000000
vt 0.185792 1.000000
vt 0.185792 0.000000
vt 0.191257 1.000000
vt 0.191257 0.000000
vt 0.196721 1.000000
vt 0.196721 0.000000
vt 0.202186 1.000000
vt 0.202186 0.000000
vt 0.207650 1.000000
vt 0.207650 0.000000
vt 0.213115 1.000000
vt 0.213115 0.000000
vt 0.218579 1.000000
vt 0.218579 0.000000
vt 0.224044 1.000000
vt 0.224044 0.000000
vt 0.229508 1.000000
vt 0.229508 0.000000
vt 0.234973 1.000000
vt 0.234973 0.000000
vt 0.240437 1.000000
vt 0.240437 0.000000
vt 0.245902 1.000000
vt 0.245902 0.000000
vt 0.251366 1.000000
vt 0.251366 0.000000
vt 0.256831 1.000000
vt 0.256831 0.000000
vt 0.262295 1.000000
vt 0.262295 0.000000
vt 0.267760 1.000000
vt 0.267760 0.000000
vt 0.273224 1.000000
vt 0.273224 0.000000
vt 0.278689 1.000000
vt 0.278689 0.000000
vt 0.284153 1.000000
vt 0.284153 0.000000
vt 0.289617 1.000000
vt 0.289617 0.000000
vt 0.295082 1.000000
vt 0.295082 0.000000
vt 0.300546 1.000000
vt 0.300546 0.000000
vt 0.306011 1.000000
vt 0.306011 0.000000
vt 0.311475 1.000000
vt 0.311475 0.000000
vt 0.316940 1.000000
vt 0.316940 0.000000
vt 0.322404 1.000000
vt 0.322404 0.000000
vt 0.327869 1.000000
vt 0.327869 0.000000
vt 0.338798 1.000000
vt 0.338798 0.000000
vt 0.344262 1.000000
vt 0.344262 0.000000
vt 0.349727 1.000000
vt 0.349727 0.000000
vt 0.355191 1.000000
vt 0.355191 0.000000
vt 0.360656 1.000000
vt 0.360656 0.000000
vt 0.366120 1.000000
vt 0.366120 0.000000
vt 0.371585 1.000000
vt 0.371585 0.000000
vt 0.377049 1.000000
vt 0.377049 0.000000
vt 0.382514 1.000000
vt 0.382514 0.000000
vt 0.387978 1.000000
vt 0.387978 0.000000
vt 0.393443 1.000000
vt 0.393443 0.000000
vt 0.398907 1.000000
vt 0.398907 0.000000
vt 0.404372 1.000000
vt 0.404372 0.000000
vt 0.409836 1.000000
vt 0.409836 0.000000
vt 0.415301 1.000000
vt 0.415301 0.000000
vt 0.420765 1.000000
vt 0.420765 0.000000
vt 0.426230 1.000000
vt 0.426230 0.000000
vt 0.431694 1.000000
vt 0.431694 0.000000
vt 0.437158 1.000000
vt 0.437158 0.000000
vt 0.442623 1.000000
vt 0.442623 0.000000
vt 0.448087 1.000000
vt 0.448087 0.000000
vt 0.453552 1.000000
vt 0.453552 0.000000
vt 0.459016 1.000000
vt 0.459016 0.000000
vt 0.464481 1.000000
vt 0.464481 0.000000
vt 0.469945 1.000000
vt 0.469945 0.000000
vt 0.475410 1.000000
vt 0.475410 0.000000
vt 0.480874 1.000000
vt 0.480874 0.000000
vt 0.486339 1.000000
vt 0.486339 0.000000
vt 0.491803 1.000000
vt 0.491803 0.000000
vt 0.497268 1.000000
vt 0.497268 0.000000
vt 0.502732 1.000000
vt 0.502732 0.000000
vt 0.508197 1.000000
vt 0.508197 0.000000
vt 0.513661 1.000000
vt 0.513661 0.000000
vt 0.519126 1.000000
vt 0.519126 0.000000
vt 0.524590 1.000000
vt 0.524590 0.000000
vt 0.530055 1.000000
vt 0.530055 0.000000
vt 0.535519 1.000000
vt 0.535519 0.000000
vt 0.540984 1.000000
vt 0.540984 0.000000
vt 0.546448 1.000000
vt 0.546448 0.000000
vt 0.551913 1.000000
vt 0.551913 0.000000
vt 0.557377 1.000000
vt 0.557377 0.000000
vt 0.562842 1.000000
vt 0.562842 0.000000
vt 0.568306 1.000000
vt 0.568306 0.000000
vt 0.573770 1.000000
vt 0.573770 0.000000
vt 0.579235 1.000000
vt 0.579235 0.000000
vt 0.584699 1.000000
vt 0.584699 0.000000
vt 0.590164 1.000000
vt 0.590164 0.000000
vt 0.595628 1.000000
vt 0.595628 0.000000
vt 0.601093 1.000000
vt 0.601093 0.000000
vt 0.606557 1.000000
vt 0.606557 0.000000
vt 0.612022 1.000000
vt 0.612022 0.000000
vt 0.617486 1.000000
vt 0.617486 0.000000
vt 0.622951 1.000000
vt 0.622951 0.000000
vt 0.628415 1.000000
vt 0.628415 0.000000
vt 0.633880 1.000000
vt 0.633880 0.000000
vt 0.639344 1.000000
vt 0.639344 0.000000
vt 0.644809 1.000000
vt 0.644809 0.000000
vt 0.650273 1.000000
vt 0.650273 0.000000
vt 0.655738 1.000000
vt 0.655738 0.000000
vt 0.661202 1.000000
vt 0.661202 0.000000
vt 0.672131 1.000000
vt 0.672131 0.000000
vt 0.677596 1.000000
vt 0.677596 0.000000
vt 0.683060 1.000000
vt 0.683060 0.000000
vt 0.688525 1.000000
vt 0.688525 0.000000
vt 0.693989 1.000000
vt 0.693989 0.000000
vt 0.699454 1.000000
vt 0.699454 0.000000
vt 0.704918 1.000000
vt 0.704918 0.000000
vt 0.710383 1.000000
vt 0.710383 0.000000
vt 0.715847 1.000000
vt 0.715847 0.000000
vt 0.721311 1.000000
vt 0.721311 0.000000
vt 0.726776 1.000000
vt 0.726776 0.000000
vt 0.732240 1.000000
vt 0.732240 0.000000
vt 0.737705 1.000000
vt 0.737705 0.000000
vt 0.743169 1.000000
vt 0.743169 0.000000
vt 0.748634 1.000000
vt 0.748634 0.000000
vt 0.754098 1.000000
vt 0.754098 0.000000
vt 0.759563 1.000000
vt 0.759563 0.000000
vt 0.765027 1.000000
vt 0.765027 0.000000
vt 0.770492 1.000000
vt 0.770492 0.000000
vt 0.775956 1.000000
vt 0.775956 0.000000
vt 0.781421 1.000000
vt 0.781421 0.000000
vt 0.786885 1.000000
vt 0.786885 0.000000
vt 0.792350 1.000000
vt 0.792350 0.000000
vt 0.797814 1.000000
vt 0.797814 0.000000
vt 0.803279 1.000000
vt 0.803279 0.000000
vt 0.808743 1.000000
vt 0.808743 0.000000
vt 0.814208 1.000000
vt 0.814208 0.000000
vt 0.819672 1.000000
vt 0.819672 0.000000
vt 0.825137 1.000000
vt 0.825137 0.000000
vt 0.830601 1.000000
vt 0.830601 0.000000
vt 0.836066 1.000000
vt 0.836066 0.000000
vt 0.841530 1.000000
vt 0.841530 0.000000
vt 0.846995 1.000000
vt 0.846995 0.000000
vt 0.852459 1.000000
vt 0.852459 0.000000
vt 0.857924 1.000000
vt 0.857924 0.000000
vt 0.863388 1.000000
vt 0.863388 0.000000
vt 0.868852 1.000000
vt 0.868852 0.000000
vt 0.874317 1.000000
vt 0.874317 0.000000
vt 0.879781 1.000000
vt 0.879781 0.000000
vt 0.885246 1.000000
vt 0.885246 0.000000
vt 0.890710 1.000000
vt 0.890710 0.000000
vt 0.896175 1.000000
vt 0.896175 0.000000
vt 0.901639 1.000000
vt 0.901639 0.000000
vt 0.907104 1.000000
vt 0.907104 0.000000
vt 0.912568 1.000000
vt 0.912568 0.000000
vt 0.918033 1.000000
vt 0.918033 0.000000
vt 0.923497 1.000000
vt 0.923497 0.000000
vt 0.928962 1.000000
vt 0.928962 0.000000
vt 0.934426 1.000000
vt 0.934426 0.000000
vt 0.939891 1.000000
vt 0.939891 0.000000
vt 0.945355 1.000000
vt 0.945355 0.000000
vt 0.950820 1.000000
vt 0.950820 0.000000
vt 0.956284 1.000000
vt 0.956284 0.000000
vt 0.961749 1.000000
vt 0.961749 0.000000
vt 0.967213 1.000000
vt 0.967213 0.000000
vt 0.972678 1.000000
vt 0.972678 0.000000
vt 0.978142 1.000000
vt 0.978142 0.000000
vt 0.983607 1.000000
vt 0.983607 0.000000
vt 0.989071 1.000000
vt 0.989071 0.000000
vt 0.994536 1.000000
vt 0.994536 0.000000
s 0
usemtl 
f 171/1/1 173/2/1 172/3/1
f 170/4/1 173/2/1 171/1/1
f 170/4/1 174/5/1 173/2/1
f 169/6/1 174/5/1 170/4/1
f 169/6/1 175/7/1 174/5/1
f 168/8/1 175/7/1 169/6/1
f 167/9/1 175/7/1 168/8/1
f 167/9/1 176/10/1 175/7/1
f 147/11/1 149/12/1 148/13/1
f 146/14/1 149/12/1 147/11/1
f 146/14/1 150/15/1 149/12/1
f 145/16/1 150/15/1 146/14/1
f 144/17/1 150/15/1 145/16/1
f 144/17/1 151/18/1 150/15/1
f 143/19/1 151/18/1 144/17/1
f 166/20/1 176/10/1 167/9/1
f 142/21/1 151/18/1 143/19/1
f 142/21/1 152/22/1 151/18/1
f 141/23/1 152/22/1 142/21/1
f 166/20/1 177/24/1 176/10/1
f 141/23/1 153/25/1 152/22/1
f 140/26/1 153/25/1 141/23/1
f 165/27/1 177/24/1 166/20/1
f 139/28/1 153/25/1 140/26/1
f 139/28/1 154/29/1 153/25/1
f 138/30/1 154/29/1 139/28/1
f 137/31/1 154/29/1 138/30/1
f 164/32/1 177/24/1 165/27/1
f 164/32/1 178/33/1 177/24/1
f 137/31/1 155/34/1 154/29/1
f 136/35/1 155/34/1 137/31/1
f 135/36/1 155/34/1 136/35/1
f 135/36/1 156/37/1 155/34/1
f 163/38/1 178/33/1 164/32/1
f 134/39/1 156/37/1 135/36/1
f 163/38/1 179/40/1 178/33/1
f 133/41/1 156/37/1 134/39/1
f 133/41/1 157/42/1 156/37/1
f 162/43/1 179/40/1 163/38/1
f 132/44/1 157/42/1 133/41/1
f 132/44/1 158/45/1 157/42/1
f 131/46/1 158/45/1 132/44/1
f 130/47/1 158/45/1 131/46/1
f 162/43/1 180/48/1 179/40/1
f 161/49/1 180/48/1 162/43/1
f 130/47/1 159/50/1 158/45/1
f 129/51/1 159/50/1 130/47/1
f 128/52/1 159/50/1 129/51/1
f 160/53/1 180/48/1 161/49/1
f 127/54/1 159/50/1 128/52/1
f 127/54/1 160/53/1 159/50/1
f 160/53/1 181/55/1 180/48/1
f 126/56/1 160/53/1 127/54/1
f 125/57/1 160/53/1 126/56/1
f 125/57/1 181/55/1 160/53/1
f 124/58/1 181/55/1 125/57/1
f 123/59/1 181/55/1 124/58/1
f 123/59/1 182/60/1 181/55/1
f 122/61/1 182/60/1 123/59/1
f 121/62/1 182/60/1 122/61/1
f 120/63/1 182/60/1 121/62/1
f 119/64/1 182/60/1 120/63/1
f 118/65/1 182/60/1 119/64/1
f 118/65/1 183/66/1 182/60/1
f 117/67/1 183/66/1 118/65/1
f 116/68/1 183/66/1 117/67/1
f 115/69/1 183/66/1 116/68/1
f 114/70/1 183/66/1 115/69/1
f 113/71/1 183/66/1 114/70/1
f 113/71/1 38/72/1 183/66/1
f 38/72/1 1/73/1 183/66/1
f 112/74/1 38/72/1 113/71/1
f 111/75/1 38/72/1 112/74/1
f 110/76/1 38/72/1 111/75/1
f 110/76/1 39/77/1 38/72/1
f 37/78/1 1/73/1 38/72/1
f 109/79/1 39/77/1 110/76/1
f 109/79/1 40/80/1 39/77/1
f 37/78/1 2/81/1 1/73/1
f 108/82/1 40/80/1 109/79/1
f 108/82/1 41/83/1 40/80/1
f 37/78/1 3/84/1 2/81/1
f 107/85/1 41/83/1 108/82/1
f 37/78/1 4/86/1 3/84/1
f 107/85/1 42/87/1 41/83/1
f 106/88/1 42/87/1 107/85/1
f 37/78/1 5/89/1 4/86/1
f 105/90/1 42/87/1 106/88/1
f 37/78/1 6/91/1 5/89/1
f 105/90/1 43/92/1 42/87/1
f 37/78/1 7/93/1 6/91/1
f 104/94/1 43/92/1 105/90/1
f 37/78/1 8/95/1 7/93/1
f 103/96/1 43/92/1 104/94/1
f 103/96/1 44/97/1 43/92/1
f 37/78/1 9/98/1 8/95/1
f 102/99/1 44/97/1 103/96/1
f 37/78/1 10/100/1 9/98/1
f 37/78/1 11/101/1 10/100/1
f 101/102/1 44/97/1 102/99/1
f 37/78/1 12/103/1 11/101/1
f 100/104/1 44/97/1 101/102/1
f 37/78/1 13/105/1 12/103/1
f 100/104/1 45/106/1 44/97/1
f 37/78/1 14/107/1 13/105/1
f 99/108/1 50/109/1 100/104/1
f 50/109/1 49/110/1 100/104/1
f 49/110/1 48/111/1 100/104/1
f 48/111/1 47/112/1 100/104/1
f 47/112/1 46/113/1 100/104/1
f 46/113/1 45/106/1 100/104/1
f 36/114/1 14/107/1 37/78/1
f 36/114/1 15/115/1 14/107/1
f 35/116/1 15/115/1 36/114/1
f 35/116/1 16/117/1 15/115/1
f 34/118/1 16/117/1 35/116/1
f 34/118/1 17/119/1 16/117/1
f 33/120/1 17/119/1 34/118/1
f 33/120/1 18/121/1 17/119/1
f 32/122/1 18/121/1 33/120/1
f 32/122/1 19/123/1 18/121/1
f 31/124/1 19/123/1 32/122/1
f 31/124/1 20/125/1 19/123/1
f 30/126/1 20/125/1 31/124/1
f 30/126/1 21/127/1 20/125/1
f 29/128/1 21/127/1 30/126/1
f 29/128/1 22/129/1 21/127/1
f 28/130/1 22/129/1 29/128/1
f 28/130/1 23/131/1 22/129/1
f 27/132/1 23/131/1 28/130/1
f 27/132/1 24/133/1 23/131/1
f 26/134/1 24/133/1 27/132/1
f 26/134/1 25/135/1 24/133/1
f 99/108/1 51/136/1 50/109/1
f 98/137/1 51/136/1 99/108/1
f 98/137/1 52/138/1 51/136/1
f 97/139/1 52/138/1 98/137/1
f 97/139/1 53/140/1 52/138/1
f 96/141/1 53/140/1 97/139/1
f 96/141/1 54/142/1 53/140/1
f 95/143/1 54/142/1 96/141/1
f 95/143/1 55/144/1 54/142/1
f 94/145/1 55/144/1 95/143/1
f 94/145/1 56/146/1 55/144/1
f 93/147/1 56/146/1 94/145/1
f 93/147/1 57/148/1 56/146/1
f 92/149/1 57/148/1 93/147/1
f 92/149/1 58/150/1 57/148/1
f 91/151/1 58/150/1 92/149/1
f 91/151/1 59/152/1 58/150/1
f 90/153/1 59/152/1 91/151/1
f 90/153/1 60/154/1 59/152/1
f 89/155/1 60/154/1 90/153/1
f 89/155/1 61/156/1 60/154/1
f 88/157/1 61/156/1 89/155/1
f 88/157/1 62/158/1 61/156/1
f 87/159/1 62/158/1 88/157/1
f 87/159/1 63/160/1 62/158/1
f 86/161/1 63/160/1 87/159/1
f 86/161/1 64/162/1 63/160/1
f 85/163/1 64/162/1 86/161/1
f 85/163/1 65/164/1 64/162/1
f 84/165/1 65/164/1 85/163/1
f 84/165/1 66/166/1 65/164/1
f 83/167/1 66/166/1 84/165/1
f 83/167/1 67/168/1 66/166/1
f 82/169/1 67/168/1 83/167/1
f 82/169/1 68/170/1 67/168/1
f 81/171/1 68/170/1 82/169/1
f 81/171/1 69/172/1 68/170/1
f 80/173/1 69/172/1 81/171/1
f 80/173/1 70/174/1 69/172/1
f 79/175/1 70/174/1 80/173/1
f 79/175/1 71/176/1 70/174/1
f 78/177/1 71/176/1 79/175/1
f 78/177/1 72/178/1 71/176/1
f 77/179/1 72/178/1 78/177/1
f 77/179/1 73/180/1 72/178/1
f 76/181/1 73/180/1 77/179/1
f 76/181/1 74/182/1 73/180/1
f 75/183/1 74/182/1 76/181/1
f 279/184/1 281/185/1 280/186/1
f 279/184/1 282/187/1 281/185/1
f 278/188/1 282/187/1 279/184/1
f 278/188/1 283/189/1 282/187/1
f 278/188/1 284/190/1 283/189/1
f 277/191/1 284/190/1 278/188/1
f 277/191/1 285/192/1 284/190/1
f 277/191/1 286/193/1 285/192/1
f 276/194/1 286/193/1 277/191/1
f 276/194/1 287/195/1 286/193/1
f 276/194/1 288/196/1 287/195/1
f 275/197/1 288/196/1 276/194/1
f 275/197/1 289/198/1 288/196/1
f 274/199/1 289/198/1 275/197/1
f 274/199/1 290/200/1 289/198/1
f 274/199/1 291/201/1 290/200/1
f 273/202/1 291/201/1 274/199/1
f 273/202/1 292/203/1 291/201/1
f 273/202/1 293/204/1 292/203/1
f 272/205/1 293/204/1 273/202/1
f 272/205/1 294/206/1 293/204/1
f 271/207/1 294/206/1 272/205/1
f 271/207/1 295/208/1 294/206/1
f 271/207/1 296/209/1 295/208/1
f 270/210/1 296/209/1 271/207/1
f 270/210/1 297/211/1 296/209/1
f 270/210/1 298/212/1 297/211/1
f 269/213/1 298/212/1 270/210/1
f 269/213/1 299/214/1 298/212/1
f 269/213/1 300/215/1 299/214/1
f 268/216/1 300/215/1 269/213/1
f 268/216/1 301/217/1 300/215/1
f 268/216/1 302/218/1 301/217/1
f 267/219/1 302/218/1 268/216/1
f 267/219/1 303/220/1 302/218/1
f 267/219/1 304/221/1 303/220/1
f 266/222/1 304/221/1 267/219/1
f 266/222/1 305/223/1 304/221/1
f 266/222/1 306/224/1 305/223/1
f 266/222/1 307/225/1 306/224/1
f 266/222/1 308/226/1 307/225/1
f 266/222/1 309/227/1 308/226/1
f 265/228/1 449/229/1 266/222/1
f 449/229/1 448/230/1 266/222/1
f 448/230/1 309/227/1 266/222/1
f 448/230/1 310/231/1 309/227/1
f 448/230/1 311/232/1 310/231/1
f 447/233/2 311/232/2 448/230/2
f 446/234/1 311/232/1 447/233/1
f 445/235/1 311/232/1 446/234/1
f 444/236/1 311/232/1 445/235/1
f 443/237/1 311/232/1 444/236/1
f 265/228/1 450/238/1 449/229/1
f 442/239/1 311/232/1 443/237/1
f 441/240/1 311/232/1 442/239/1
f 440/241/1 311/232/1 441/240/1
f 439/242/1 311/232/1 440/241/1
f 438/243/1 311/232/1 439/242/1
f 265/228/1 451/244/1 450/238/1
f 437/245/1 311/232/1 438/243/1
f 436/246/1 311/232/1 437/245/1
f 435/247/1 311/232/1 436/246/1
f 435/247/1 312/248/1 311/232/1
f 434/249/1 312/248/1 435/247/1
f 433/250/1 312/248/1 434/249/1
f 265/228/1 452/251/1 451/244/1
f 432/252/1 312/248/1 433/250/1
f 431/253/1 312/248/1 432/252/1
f 430/254/1 312/248/1 431/253/1
f 430/254/1 313/255/1 312/248/1
f 429/256/1 313/255/1 430/254/1
f 428/257/1 313/255/1 429/256/1
f 265/228/1 453/258/1 452/251/1
f 427/259/1 313/255/1 428/257/1
f 426/260/1 313/255/1 427/259/1
f 426/260/1 314/261/1 313/255/1
f 425/262/1 314/261/1 426/260/1
f 424/263/1 314/261/1 425/262/1
f 265/228/1 454/264/1 453/258/1
f 423/265/1 314/261/1 424/263/1
f 423/265/1 315/266/1 314/261/1
f 264/267/1 454/264/1 265/228/1
f 423/265/1 316/268/1 315/266/1
f 264/267/1 455/269/1 454/264/1
f 422/270/1 316/268/1 423/265/1
f 422/270/1 317/271/1 316/268/1
f 421/272/1 317/271/1 422/270/1
f 421/272/1 318/273/1 317/271/1
f 264/267/1 456/274/1 455/269/1
f 421/272/1 319/275/1 318/273/1
f 420/276/1 319/275/1 421/272/1
f 264/267/1 457/277/1 456/274/1
f 420/276/1 320/278/1 319/275/1
f 419/279/1 320/278/1 420/276/1
f 263/280/1 457/277/1 264/267/1
f 419/279/1 321/281/1 320/278/1
f 418/282/1 321/281/1 419/279/1
f 263/280/1 458/283/1 457/277/1
f 418/282/1 322/284/1 321/281/1
f 417/285/1 322/284/1 418/282/1
f 263/280/1 459/286/1 458/283/1
f 417/285/1 323/287/1 322/284/1
f 416/288/1 323/287/1 417/285/1
f 416/288/1 324/289/1 323/287/1
f 415/290/1 324/289/1 416/288/1
f 262/291/1 459/286/1 263/280/1
f 262/291/1 460/292/1 459/286/1
f 414/293/1 324/289/1 415/290/1
f 414/293/1 325/294/1 324/289/1
f 413/295/1 325/294/1 414/293/1
f 413/295/1 326/296/1 325/294/1
f 412/297/1 326/296/1 413/295/1
f 262/291/1 461/298/1 460/292/1
f 412/297/1 327/299/1 326/296/1
f 411/300/1 327/299/1 412/297/1
f 410/301/1 327/299/1 411/300/1
f 410/301/1 328/302/1 327/299/1
f 261/303/1 461/298/1 262/291/1
f 261/303/1 462/304/1 461/298/1
f 409/305/1 328/302/1 410/301/1
f 409/305/1 329/306/1 328/302/1
f 408/307/1 329/306/1 409/305/1
f 407/308/1 329/306/1 408/307/1
f 407/308/1 330/309/1 329/306/1
f 261/303/1 463/310/1 462/304/1
f 406/311/1 330/309/1 407/308/1
f 406/311/1 331/312/1 330/309/1
f 405/313/1 331/312/1 406/311/1
f 260/314/1 463/310/1 261/303/1
f 404/315/1 331/312/1 405/313/1
f 404/315/1 332/316/1 331/312/1
f 260/314/1 464/317/1 463/310/1
f 403/318/1 332/316/1 404/315/1
f 402/319/1 332/316/1 403/318/1
f 402/319/1 333/320/1 332/316/1
f 401/321/1 333/320/1 402/319/1
f 400/322/1 333/320/1 401/321/1
f 260/314/1 465/323/1 464/317/1
f 400/322/1 334/324/1 333/320/1
f 399/325/1 334/324/1 400/322/1
f 259/326/1 465/323/1 260/314/1
f 399/325/1 335/327/1 334/324/1
f 259/326/1 466/328/1 465/323/1
f 398/329/1 335/327/1 399/325/1
f 398/329/1 336/330/1 335/327/1
f 398/329/1 337/331/1 336/330/1
f 259/326/1 467/332/1 466/328/1
f 397/333/1 337/331/1 398/329/1
f 258/334/1 467/332/1 259/326/1
f 397/333/1 338/335/1 337/331/1
f 258/334/1 468/336/1 467/332/1
f 397/333/1 339/337/1 338/335/1
f 396/338/1 339/337/1 397/333/1
f 396/338/1 340/339/1 339/337/1
f 258/334/1 469/340/1 468/336/1
f 257/341/1 469/340/1 258/334/1
f 396/338/1 341/342/1 340/339/1
f 395/343/1 341/342/1 396/338/1
f 257/341/1 470/344/1 469/340/1
f 395/343/1 342/345/1 341/342/1
f 394/346/1 342/345/1 395/343/1
f 256/347/1 470/344/1 257/341/1
f 256/347/1 471/348/1 470/344/1
f 256/347/1 472/349/1 471/348/1
f 394/346/1 343/350/1 342/345/1
f 393/351/1 343/350/1 394/346/1
f 255/352/1 472/349/1 256/347/1
f 255/352/1 473/353/1 472/349/1
f 393/351/1 344/354/1 343/350/1
f 392/355/1 344/354/1 393/351/1
f 255/352/1 474/356/1 473/353/1
f 392/355/1 345/357/1 344/354/1
f 254/358/1 474/356/1 255/352/1
f 391/359/1 345/357/1 392/355/1
f 254/358/1 475/360/1 474/356/1
f 391/359/1 346/361/1 345/357/1
f 254/358/1 476/362/1 475/360/1
f 253/363/1 476/362/1 254/358/1
f 390/364/1 346/361/1 391/359/1
f 253/363/1 477/365/1 476/362/1
f 390/364/1 347/366/1 346/361/1
f 253/363/1 478/367/1 477/365/1
f 390/364/1 348/368/1 347/366/1
f 389/369/1 348/368/1 390/364/1
f 252/370/1 478/367/1 253/363/1
f 252/370/1 479/371/1 478/367/1
f 389/369/1 349/372/1 348/368/1
f 252/370/1 480/373/1 479/371/1
f 389/369/1 350/374/1 349/372/1
f 251/375/1 480/373/1 252/370/1
f 251/375/1 481/376/1 480/373/1
f 388/377/1 350/374/1 389/369/1
f 388/377/1 351/378/1 350/374/1
f 251/375/1 482/379/1 481/376/1
f 251/375/1 483/380/1 482/379/1
f 388/377/1 352/381/1 351/378/1
f 250/382/1 483/380/1 251/375/1
f 519/66/1 352/381/1 388/377/1
f 250/382/1 484/383/1 483/380/1
f 519/66/1 353/384/1 352/381/1
f 518/385/1 353/384/1 519/66/1
f 518/385/1 354/386/1 353/384/1
f 518/385/1 355/387/1 354/386/1
f 517/388/1 355/387/1 518/385/1
f 250/382/1 485/389/1 484/383/1
f 517/388/1 356/390/1 355/387/1
f 516/391/1 356/390/1 517/388/1
f 516/391/1 357/392/1 356/390/1
f 250/382/1 486/393/1 485/389/1
f 515/394/1 357/392/1 516/391/1
f 515/394/1 358/395/1 357/392/1
f 249/396/1 486/393/1 250/382/1
f 514/397/1 358/395/1 515/394/1
f 249/396/1 487/398/1 486/393/1
f 513/399/1 358/395/1 514/397/1
f 513/399/1 359/400/1 358/395/1
f 512/401/1 359/400/1 513/399/1
f 249/396/1 488/402/1 487/398/1
f 511/403/1 359/400/1 512/401/1
f 511/403/1 360/404/1 359/400/1
f 510/405/1 360/404/1 511/403/1
f 249/396/1 489/406/1 488/402/1
f 509/407/1 360/404/1 510/405/1
f 509/407/1 361/408/1 360/404/1
f 508/409/1 361/408/1 509/407/1
f 249/396/1 490/410/1 489/406/1
f 248/411/1 490/410/1 249/396/1
f 507/412/1 361/408/1 508/409/1
f 506/413/1 361/408/1 507/412/1
f 248/411/1 491/414/1 490/410/1
f 505/415/1 361/408/1 506/413/1
f 505/415/1 362/416/1 361/408/1
f 248/411/1 492/417/1 491/414/1
f 504/418/1 362/416/1 505/415/1
f 503/419/1 362/416/1 504/418/1
f 248/411/1 493/420/1 492/417/1
f 502/421/1 362/416/1 503/419/1
f 501/422/1 362/416/1 502/421/1
f 248/411/1 494/423/1 493/420/1
f 500/424/1 362/416/1 501/422/1
f 499/425/1 362/416/1 500/424/1
f 248/411/1 495/426/1 494/423/1
f 498/427/1 362/416/1 499/425/1
f 498/427/1 363/428/1 362/416/1
f 497/429/1 363/428/1 498/427/1
f 248/411/1 496/430/1 495/426/1
f 496/430/1 363/428/1 497/429/1
f 248/411/1 363/428/1 496/430/1
f 247/431/1 363/428/1 248/411/1
f 247/431/1 364/432/1 363/428/1
f 247/431/1 365/433/1 364/432/1
f 246/434/1 365/433/1 247/431/1
f 246/434/1 366/435/1 365/433/1
f 246/434/1 367/436/1 366/435/1
f 245/437/1 367/436/1 246/434/1
f 245/437/1 368/438/1 367/436/1
f 245/437/1 369/439/1 368/438/1
f 244/440/1 369/439/1 245/437/1
f 244/440/1 370/441/1 369/439/1
f 244/440/1 371/442/1 370/441/1
f 244/440/1 372/443/1 371/442/1
f 243/444/1 372/443/1 244/440/1
f 243/444/1 373/445/1 372/443/1
f 243/444/1 374/446/1 373/445/1
f 243/444/1 375/447/1 374/446/1
f 243/444/1 376/448/1 375/447/1
f 243/444/1 377/449/1 376/448/1
f 242/450/1 377/449/1 243/444/1
f 242/450/1 378/451/1 377/449/1
f 242/450/1 208/452/1 378/451/1
f 208/452/1 379/453/1 378/451/1
f 241/454/1 208/452/1 242/450/1
f 241/454/1 209/455/1 208/452/1
f 207/456/1 379/453/1 208/452/1
f 207/456/1 380/457/1 379/453/1
f 241/454/1 210/458/1 209/455/1
f 207/456/1 381/459/1 380/457/1
f 241/454/1 211/460/1 210/458/1
f 206/461/1 381/459/1 207/456/1
f 240/462/1 211/460/1 241/454/1
f 206/461/1 382/463/1 381/459/1
f 240/462/1 212/464/1 211/460/1
f 206/461/1 383/465/1 382/463/1
f 240/462/1 213/466/1 212/464/1
f 205/467/1 383/465/1 206/461/1
f 239/468/1 213/466/1 240/462/1
f 205/467/1 384/469/1 383/465/1
f 239/468/1 214/470/1 213/466/1
f 239/468/1 215/471/1 214/470/1
f 205/467/1 385/472/1 384/469/1
f 204/473/1 385/472/1 205/467/1
f 239/468/1 216/474/1 215/471/1
f 238/475/1 216/474/1 239/468/1
f 204/473/1 386/476/1 385/472/1
f 238/475/1 217/477/1 216/474/1
f 204/473/1 387/478/1 386/476/1
f 238/475/1 218/479/1 217/477/1
f 203/480/1 387/478/1 204/473/1
f 237/481/1 218/479/1 238/475/1
f 237/481/1 219/482/1 218/479/1
f 203/480/1 184/73/1 387/478/1
f 237/481/1 220/483/1 219/482/1
f 203/480/1 185/484/1 184/73/1
f 202/485/1 185/484/1 203/480/1
f 237/481/1 221/486/1 220/483/1
f 236/487/1 221/486/1 237/481/1
f 236/487/1 222/488/1 221/486/1
f 202/485/1 186/489/1 185/484/1
f 236/487/1 223/490/1 222/488/1
f 235/491/1 223/490/1 236/487/1
f 201/492/1 186/489/1 202/485/1
f 201/492/1 187/493/1 186/489/1
f 235/491/1 224/494/1 223/490/1
f 235/491/1 225/495/1 224/494/1
f 201/492/1 188/496/1 187/493/1
f 234/497/1 225/495/1 235/491/1
f 234/497/1 226/498/1 225/495/1
f 200/499/1 188/496/1 201/492/1
f 234/497/1 227/500/1 226/498/1
f 200/499/1 189/501/1 188/496/1
f 234/497/1 228/502/1 227/500/1
f 233/503/1 228/502/1 234/497/1
f 233/503/1 229/504/1 228/502/1
f 233/503/1 230/505/1 229/504/1
f 200/499/1 190/506/1 189/501/1
f 232/507/1 230/505/1 233/503/1
f 232/507/1 231/508/1 230/505/1
f 199/509/1 190/506/1 200/499/1
f 199/509/1 191/510/1 190/506/1
f 198/511/1 191/510/1 199/509/1
f 198/511/1 192/512/1 191/510/1
f 198/511/1 193/513/1 192/512/1
f 197/514/1 193/513/1 198/511/1
f 197/514/1 194/515/1 193/513/1
f 197/514/1 195/516/1 194/515/1
f 196/517/1 195/516/1 197/514/1
f 579/518/1 581/519/1 580/520/1
f 579/518/1 582/521/1 581/519/1
f 578/522/1 582/521/1 579/518/1
f 578/522/1 583/523/1 582/521/1
f 578/522/1 584/524/1 583/523/1
f 577/525/1 584/524/1 578/522/1
f 577/525/1 585/526/1 584/524/1
f 577/525/1 586/527/1 585/526/1
f 576/528/1 586/527/1 577/525/1
f 576/528/1 587/529/1 586/527/1
f 576/528/1 588/530/1 587/529/1
f 575/531/1 588/530/1 576/528/1
f 575/531/1 589/532/1 588/530/1
f 575/531/1 590/533/1 589/532/1
f 574/534/1 590/533/1 575/531/1
f 574/534/1 591/535/1 590/533/1
f 574/534/1 592/536/1 591/535/1
f 573/537/1 592/536/1 574/534/1
f 573/537/1 593/538/1 592/536/1
f 572/539/1 593/538/1 573/537/1
f 572/539/1 594/540/1 593/538/1
f 572/539/1 595/541/1 594/540/1
f 571/542/1 595/541/1 572/539/1
f 571/542/1 596/543/1 595/541/1
f 570/544/1 596/543/1 571/542/1
f 570/544/1 597/545/1 596/543/1
f 570/544/1 598/546/1 597/545/1
f 569/547/1 598/546/1 570/544/1
f 569/547/1 599/548/1 598/546/1
f 568/375/1 599/548/1 569/547/1
f 568/375/1 600/549/1 599/548/1
f 568/375/1 601/550/1 600/549/1
f 567/551/1 601/550/1 568/375/1
f 567/551/1 602/552/1 601/550/1
f 566/553/1 714/554/1 567/551/1
f 714/554/1 713/555/1 567/551/1
f 713/555/1 602/552/1 567/551/1
f 713/555/1 712/251/1 602/552/1
f 712/251/1 603/556/1 602/552/1
f 711/557/1 603/556/1 712/251/1
f 566/553/1 715/558/1 714/554/1
f 710/559/1 603/556/1 711/557/1
f 566/553/1 716/560/1 715/558/1
f 709/561/1 603/556/1 710/559/1
f 566/553/1 717/562/1 716/560/1
f 708/563/1 603/556/1 709/561/1
f 707/564/1 603/556/1 708/563/1
f 566/553/1 718/565/1 717/562/1
f 706/566/1 603/556/1 707/564/1
f 566/553/1 719/567/1 718/565/1
f 565/568/1 719/567/1 566/553/1
f 705/569/1 603/556/1 706/566/1
f 565/568/1 720/570/1 719/567/1
f 704/571/1 603/556/1 705/569/1
f 704/571/1 604/572/1 603/556/1
f 565/568/1 721/573/1 720/570/1
f 703/574/1 604/572/1 704/571/1
f 702/575/1 604/572/1 703/574/1
f 565/568/1 722/576/1 721/573/1
f 701/577/1 604/572/1 702/575/1
f 565/568/1 723/578/1 722/576/1
f 760/66/1 604/572/1 701/577/1
f 565/568/1 724/579/1 723/578/1
f 760/66/1 605/580/1 604/572/1
f 564/581/1 724/579/1 565/568/1
f 759/582/1 605/580/1 760/66/1
f 564/581/1 725/583/1 724/579/1
f 758/584/1 605/580/1 759/582/1
f 564/581/1 726/585/1 725/583/1
f 758/584/1 606/586/1 605/580/1
f 757/587/1 606/586/1 758/584/1
f 564/581/1 727/588/1 726/585/1
f 756/589/1 606/586/1 757/587/1
f 563/590/1 727/588/1 564/581/1
f 756/589/1 607/591/1 606/586/1
f 755/592/1 607/591/1 756/589/1
f 563/590/1 728/593/1 727/588/1
f 754/594/1 607/591/1 755/592/1
f 563/590/1 729/595/1 728/593/1
f 754/594/1 608/596/1 607/591/1
f 753/597/1 608/596/1 754/594/1
f 563/590/1 730/598/1 729/595/1
f 752/599/1 608/596/1 753/597/1
f 562/600/1 730/598/1 563/590/1
f 752/599/1 609/601/1 608/596/1
f 751/602/1 609/601/1 752/599/1
f 562/600/1 731/603/1 730/598/1
f 750/604/1 609/601/1 751/602/1
f 750/604/1 610/605/1 609/601/1
f 562/600/1 732/606/1 731/603/1
f 749/607/1 610/605/1 750/604/1
f 561/608/1 732/606/1 562/600/1
f 749/607/1 611/609/1 610/605/1
f 748/610/1 611/609/1 749/607/1
f 561/608/1 733/611/1 732/606/1
f 747/612/1 611/609/1 748/610/1
f 747/612/1 612/613/1 611/609/1
f 746/614/1 612/613/1 747/612/1
f 561/608/1 734/615/1 733/611/1
f 745/616/1 612/613/1 746/614/1
f 745/616/1 613/617/1 612/613/1
f 560/618/1 734/615/1 561/608/1
f 744/619/1 613/617/1 745/616/1
f 560/618/1 735/620/1 734/615/1
f 743/621/1 613/617/1 744/619/1
f 743/621/1 614/622/1 613/617/1
f 742/623/1 614/622/1 743/621/1
f 741/624/1 614/622/1 742/623/1
f 560/618/1 736/625/1 735/620/1
f 741/624/1 615/626/1 614/622/1
f 740/627/1 615/626/1 741/624/1
f 559/628/1 736/625/1 560/618/1
f 739/629/1 615/626/1 740/627/1
f 739/629/1 616/273/1 615/626/1
f 559/628/1 737/630/1 736/625/1
f 738/631/1 616/273/1 739/629/1
f 738/631/1 617/632/1 616/273/1
f 737/630/1 617/632/1 738/631/1
f 737/630/1 618/633/1 617/632/1
f 559/628/1 618/633/1 737/630/1
f 559/628/1 619/634/1 618/633/1
f 558/635/1 619/634/1 559/628/1
f 558/635/1 620/636/1 619/634/1
f 558/635/1 621/637/1 620/636/1
f 558/635/1 622/638/1 621/637/1
f 558/635/1 623/639/1 622/638/1
f 558/635/1 624/640/1 623/639/1
f 557/641/1 624/640/1 558/635/1
f 557/641/1 625/642/1 624/640/1
f 557/641/1 626/643/1 625/642/1
f 557/641/1 627/644/1 626/643/1
f 556/645/1 627/644/1 557/641/1
f 556/645/1 628/646/1 627/644/1
f 556/645/1 629/647/1 628/646/1
f 555/648/1 629/647/1 556/645/1
f 554/649/1 629/647/1 555/648/1
f 553/650/1 629/647/1 554/649/1
f 552/651/1 629/647/1 553/650/1
f 552/651/1 630/652/1 629/647/1
f 676/653/1 678/654/1 677/655/1
f 675/656/1 678/654/1 676/653/1
f 675/656/1 679/657/1 678/654/1
f 674/658/1 679/657/1 675/656/1
f 674/658/1 680/659/1 679/657/1
f 673/660/1 680/659/1 674/658/1
f 672/661/1 680/659/1 673/660/1
f 672/661/1 681/662/1 680/659/1
f 552/651/1 631/663/1 630/652/1
f 671/664/1 681/662/1 672/661/1
f 671/664/1 682/665/1 681/662/1
f 670/666/1 682/665/1 671/664/1
f 552/651/1 632/667/1 631/663/1
f 669/668/1 682/665/1 670/666/1
f 669/668/1 683/669/1 682/665/1
f 551/670/1 632/667/1 552/651/1
f 668/671/1 683/669/1 669/668/1
f 551/670/1 633/672/1 632/667/1
f 668/671/1 684/673/1 683/669/1
f 667/674/1 684/673/1 668/671/1
f 551/670/1 634/675/1 633/672/1
f 666/676/1 684/673/1 667/674/1
f 666/676/1 685/677/1 684/673/1
f 551/670/1 635/678/1 634/675/1
f 665/679/1 685/677/1 666/676/1
f 665/679/1 686/680/1 685/677/1
f 551/670/1 636/681/1 635/678/1
f 664/472/1 686/680/1 665/679/1
f 550/682/1 636/681/1 551/670/1
f 550/682/1 637/683/1 636/681/1
f 664/472/1 687/684/1 686/680/1
f 550/682/1 638/685/1 637/683/1
f 663/686/1 687/684/1 664/472/1
f 550/682/1 639/687/1 638/685/1
f 662/688/1 687/684/1 663/686/1
f 550/682/1 640/149/1 639/687/1
f 662/688/1 688/689/1 687/684/1
f 661/690/1 688/689/1 662/688/1
f 550/682/1 641/691/1 640/149/1
f 550/682/1 642/692/1 641/691/1
f 660/693/1 688/689/1 661/690/1
f 549/694/1 642/692/1 550/682/1
f 549/694/1 643/695/1 642/692/1
f 660/693/1 689/696/1 688/689/1
f 659/697/1 689/696/1 660/693/1
f 549/694/1 644/698/1 643/695/1
f 549/694/1 645/699/1 644/698/1
f 658/700/1 689/696/1 659/697/1
f 549/694/1 646/701/1 645/699/1
f 657/702/1 689/696/1 658/700/1
f 549/694/1 647/703/1 646/701/1
f 549/694/1 648/704/1 647/703/1
f 656/705/1 689/696/1 657/702/1
f 549/694/1 649/706/1 648/704/1
f 655/707/1 689/696/1 656/705/1
f 655/707/1 690/708/1 689/696/1
f 549/694/1 650/709/1 649/706/1
f 549/694/1 651/710/1 650/709/1
f 654/711/1 690/708/1 655/707/1
f 549/694/1 652/712/1 651/710/1
f 653/713/1 690/708/1 654/711/1
f 549/694/1 653/713/1 652/712/1
f 549/694/1 690/708/1 653/713/1
f 548/714/1 690/708/1 549/694/1
f 548/714/1 691/715/1 690/708/1
f 547/716/1 691/715/1 548/714/1
f 547/716/1 692/717/1 691/715/1
f 547/716/1 693/718/1 692/717/1
f 546/719/1 693/718/1 547/716/1
f 546/719/1 694/720/1 693/718/1
f 545/721/1 694/720/1 546/719/1
f 545/721/1 695/722/1 694/720/1
f 545/721/1 696/723/1 695/722/1
f 544/724/1 696/723/1 545/721/1
f 544/724/1 697/725/1 696/723/1
f 543/726/1 697/725/1 544/724/1
f 543/726/1 698/727/1 697/725/1
f 543/726/1 699/728/1 698/727/1
f 542/729/1 699/728/1 543/726/1
f 542/729/1 700/730/1 699/728/1
f 541/731/1 700/730/1 542/729/1
f 541/731/1 520/73/1 700/730/1
f 540/732/1 520/73/1 541/731/1
f 540/732/1 521/733/1 520/73/1
f 539/734/1 521/733/1 540/732/1
f 539/734/1 522/735/1 521/733/1
f 539/734/1 523/736/1 522/735/1
f 538/737/1 523/736/1 539/734/1
f 538/737/1 524/738/1 523/736/1
f 537/739/1 524/738/1 538/737/1
f 537/739/1 525/740/1 524/738/1
f 537/739/1 526/741/1 525/740/1
f 536/742/1 526/741/1 537/739/1
f 536/742/1 527/743/1 526/741/1
f 535/744/1 527/743/1 536/742/1
f 535/744/1 528/745/1 527/743/1
f 534/746/1 528/745/1 535/744/1
f 534/746/1 529/747/1 528/745/1
f 534/746/1 530/748/1 529/747/1
f 533/749/1 530/748/1 534/746/1
f 533/749/1 531/750/1 530/748/1
f 532/751/1 531/750/1 533/749/1
f 822/752/1 824/753/1 823/754/1
f 821/755/1 824/753/1 822/752/1
f 821/755/1 825/756/1 824/753/1
f 820/757/1 825/756/1 821/755/1
f 820/757/1 826/758/1 825/756/1
f 819/759/1 826/758/1 820/757/1
f 819/759/1 827/760/1 826/758/1
f 818/761/1 827/760/1 819/759/1
f 818/761/1 828/762/1 827/760/1
f 817/763/1 828/762/1 818/761/1
f 817/763/1 829/251/1 828/762/1
f 816/764/1 829/251/1 817/763/1
f 816/764/1 830/765/1 829/251/1
f 815/766/1 830/765/1 816/764/1
f 815/766/1 831/767/1 830/765/1
f 814/768/1 831/767/1 815/766/1
f 814/768/1 832/769/1 831/767/1
f 813/770/1 832/769/1 814/768/1
f 813/770/1 833/771/1 832/769/1
f 812/472/1 833/771/1 813/770/1
f 812/472/1 834/772/1 833/771/1
f 811/773/1 834/772/1 812/472/1
f 811/773/1 835/774/1 834/772/1
f 810/775/1 835/774/1 811/773/1
f 810/775/1 836/776/1 835/774/1
f 809/777/1 836/776/1 810/775/1
f 809/777/1 837/778/1 836/776/1
f 808/779/1 837/778/1 809/777/1
f 808/779/1 838/780/1 837/778/1
f 807/781/1 838/780/1 808/779/1
f 807/781/1 839/782/1 838/780/1
f 806/783/1 839/782/1 807/781/1
f 806/783/1 840/784/1 839/782/1
f 805/785/1 840/784/1 806/783/1
f 805/785/1 841/786/1 840/784/1
f 804/787/1 841/786/1 805/785/1
f 804/787/1 842/788/1 841/786/1
f 803/789/1 842/788/1 804/787/1
f 803/789/1 843/790/1 842/788/1
f 802/791/1 843/790/1 803/789/1
f 802/791/1 844/792/1 843/790/1
f 801/793/1 844/792/1 802/791/1
f 801/793/1 845/794/1 844/792/1
f 800/795/1 845/794/1 801/793/1
f 800/795/1 846/66/1 845/794/1
f 799/796/1 846/66/1 800/795/1
f 799/796/1 761/73/1 846/66/1
f 798/797/1 761/73/1 799/796/1
f 798/797/1 762/798/1 761/73/1
f 798/797/1 763/799/1 762/798/1
f 798/797/1 764/800/1 763/799/1
f 797/801/1 764/800/1 798/797/1
f 797/801/1 765/802/1 764/800/1
f 796/803/1 765/802/1 797/801/1
f 795/273/1 765/802/1 796/803/1
f 794/804/1 765/802/1 795/273/1
f 794/804/1 766/805/1 765/802/1
f 793/806/1 766/805/1 794/804/1
f 792/807/1 766/805/1 793/806/1
f 792/807/1 767/808/1 766/805/1
f 791/809/1 767/808/1 792/807/1
f 790/810/1 767/808/1 791/809/1
f 789/811/1 767/808/1 790/810/1
f 789/811/1 768/812/1 767/808/1
f 788/813/1 768/812/1 789/811/1
f 787/814/1 768/812/1 788/813/1
f 787/814/1 769/815/1 768/812/1
f 786/816/1 769/815/1 787/814/1
f 785/817/1 769/815/1 786/816/1
f 785/817/1 770/818/1 769/815/1
f 784/819/1 770/818/1 785/817/1
f 783/820/1 770/818/1 784/819/1
f 782/821/1 770/818/1 783/820/1
f 782/821/1 771/822/1 770/818/1
f 781/823/1 771/822/1 782/821/1
f 780/824/1 771/822/1 781/823/1
f 780/824/1 772/825/1 771/822/1
f 779/826/1 772/825/1 780/824/1
f 778/375/1 772/825/1 779/826/1
f 778/375/1 773/827/1 772/825/1
f 777/828/1 773/827/1 778/375/1
f 776/829/1 773/827/1 777/828/1
f 776/829/1 774/830/1 773/827/1
f 775/831/1 774/830/1 776/829/1
f 1110/832/1 1112/833/1 1111/834/1
f 1109/835/1 1112/833/1 1110/832/1
f 1109/835/1 1113/836/1 1112/833/1
f 1108/837/1 1113/836/1 1109/835/1
f 1107/838/1 1113/836/1 1108/837/1
f 1107/838/1 1114/839/1 1113/836/1
f 1106/840/1 1114/839/1 1107/838/1
f 1106/840/1 1115/841/1 1114/839/1
f 1105/842/1 1115/841/1 1106/840/1
f 1104/843/1 1115/841/1 1105/842/1
f 1104/843/1 1116/844/1 1115/841/1
f 1103/845/1 1116/844/1 1104/843/1
f 1102/846/1 1116/844/1 1103/845/1
f 1102/846/1 1117/847/1 1116/844/1
f 1101/848/1 1117/847/1 1102/846/1
f 1101/848/1 1118/849/1 1117/847/1
f 1100/34/1 1118/849/1 1101/848/1
f 1074/850/1 1076/851/1 1075/852/1
f 1074/850/1 1077/23/1 1076/851/1
f 1074/850/1 1078/853/1 1077/23/1
f 1074/850/1 1079/854/1 1078/853/1
f 1074/850/1 1080/855/1 1079/854/1
f 1074/850/1 1081/856/1 1080/855/1
f 1074/850/1 1082/857/1 1081/856/1
f 1074/850/1 1083/858/1 1082/857/1
f 1074/850/1 1084/859/1 1083/858/1
f 1074/850/1 1085/860/1 1084/859/1
f 1073/861/1 1085/860/1 1074/850/1
f 1073/861/1 1086/862/1 1085/860/1
f 1073/861/1 1087/863/1 1086/862/1
f 1073/861/1 1088/864/1 1087/863/1
f 1073/861/1 1089/865/1 1088/864/1
f 1073/861/1 1090/866/1 1089/865/1
f 1073/861/1 1091/867/1 1090/866/1
f 1099/868/1 1118/849/1 1100/34/1
f 1073/861/1 1092/869/1 1091/867/1
f 1073/861/1 1093/870/1 1092/869/1
f 1073/861/1 1094/871/1 1093/870/1
f 1073/861/1 1095/872/1 1094/871/1
f 1072/873/1 1095/872/1 1073/861/1
f 1072/873/1 1096/874/1 1095/872/1
f 1099/868/1 1119/875/1 1118/849/1
f 1072/873/1 1097/876/1 1096/874/1
f 1072/873/1 1098/877/1 1097/876/1
f 1072/873/1 1099/868/1 1098/877/1
f 1072/873/1 1119/875/1 1099/868/1
f 1071/878/1 1119/875/1 1072/873/1
f 1071/878/1 1120/879/1 1119/875/1
f 1070/880/1 1120/879/1 1071/878/1
f 1070/880/1 1121/881/1 1120/879/1
f 1070/880/1 1122/882/1 1121/881/1
f 1069/883/1 1122/882/1 1070/880/1
f 1069/883/1 1123/6/1 1122/882/1
f 1068/884/1 1123/6/1 1069/883/1
f 1068/884/1 1124/885/1 1123/6/1
f 1068/884/1 1125/886/1 1124/885/1
f 1067/887/1 1125/886/1 1068/884/1
f 1067/887/1 1126/888/1 1125/886/1
f 1067/887/1 1127/889/1 1126/888/1
f 1066/890/1 1127/889/1 1067/887/1
f 1066/890/1 1128/891/1 1127/889/1
f 1066/890/1 1129/892/1 1128/891/1
f 1065/893/1 1129/892/1 1066/890/1
f 1065/893/1 1130/894/1 1129/892/1
f 1065/893/1 1131/895/1 1130/894/1
f 1064/896/1 1131/895/1 1065/893/1
f 1064/896/1 1132/897/1 1131/895/1
f 1064/896/1 1133/898/1 1132/897/1
f 1064/896/1 1134/899/1 1133/898/1
f 1063/900/1 895/901/1 1064/896/1
f 895/901/1 1134/899/1 1064/896/1
f 895/901/1 894/902/1 1134/899/1
f 894/902/1 893/128/1 1134/899/1
f 893/128/1 892/903/1 1134/899/1
f 892/903/1 1135/904/1 1134/899/1
f 1063/900/1 896/905/1 895/901/1
f 891/906/1 1135/904/1 892/903/1
f 890/907/1 1135/904/1 891/906/1
f 889/908/1 1135/904/1 890/907/1
f 1063/900/1 897/909/1 896/905/1
f 888/910/1 1135/904/1 889/908/1
f 887/911/1 1135/904/1 888/910/1
f 886/912/1 1135/904/1 887/911/1
f 885/913/1 1135/904/1 886/912/1
f 884/914/1 1135/904/1 885/913/1
f 1063/900/1 898/915/1 897/909/1
f 883/916/1 1135/904/1 884/914/1
f 882/917/1 1135/904/1 883/916/1
f 881/918/1 1135/904/1 882/917/1
f 880/919/1 1135/904/1 881/918/1
f 880/919/1 1136/920/1 1135/904/1
f 1063/900/1 899/921/1 898/915/1
f 879/922/1 1136/920/1 880/919/1
f 878/923/1 1136/920/1 879/922/1
f 878/923/1 1137/924/1 1136/920/1
f 877/925/1 1137/924/1 878/923/1
f 1063/900/1 900/926/1 899/921/1
f 1062/927/1 900/926/1 1063/900/1
f 876/928/1 1137/924/1 877/925/1
f 876/928/1 1138/929/1 1137/924/1
f 875/930/1 1138/929/1 876/928/1
f 1062/927/1 901/931/1 900/926/1
f 874/932/1 1138/929/1 875/930/1
f 874/932/1 1139/933/1 1138/929/1
f 873/934/1 1139/933/1 874/932/1
f 873/934/1 1140/935/1 1139/933/1
f 872/936/1 1140/935/1 873/934/1
f 1062/927/1 902/937/1 901/931/1
f 872/936/1 1141/938/1 1140/935/1
f 871/939/1 1141/938/1 872/936/1
f 871/939/1 1142/940/1 1141/938/1
f 870/115/1 1142/940/1 871/939/1
f 870/115/1 1143/941/1 1142/940/1
f 1062/927/1 903/942/1 902/937/1
f 870/115/1 1144/943/1 1143/941/1
f 869/944/1 1144/943/1 870/115/1
f 869/944/1 1145/945/1 1144/943/1
f 1061/946/1 903/942/1 1062/927/1
f 1061/946/1 904/947/1 903/942/1
f 869/944/1 1146/66/1 1145/945/1
f 868/948/1 1146/66/1 869/944/1
f 868/948/1 847/73/1 1146/66/1
f 868/948/1 848/949/1 847/73/1
f 867/950/1 848/949/1 868/948/1
f 1061/946/1 905/951/1 904/947/1
f 867/950/1 849/952/1 848/949/1
f 866/953/1 849/952/1 867/950/1
f 866/953/1 850/954/1 849/952/1
f 865/955/1 850/954/1 866/953/1
f 865/955/1 851/956/1 850/954/1
f 865/955/1 852/957/1 851/956/1
f 864/958/1 852/957/1 865/955/1
f 1061/946/1 906/959/1 905/951/1
f 864/958/1 853/960/1 852/957/1
f 863/961/1 853/960/1 864/958/1
f 1060/962/1 906/959/1 1061/946/1
f 863/961/1 854/963/1 853/960/1
f 862/964/1 854/963/1 863/961/1
f 862/964/1 855/965/1 854/963/1
f 862/964/1 856/966/1 855/965/1
f 861/967/1 856/966/1 862/964/1
f 861/967/1 857/968/1 856/966/1
f 860/969/1 857/968/1 861/967/1
f 860/969/1 858/970/1 857/968/1
f 859/971/1 858/970/1 860/969/1
f 1060/962/1 907/972/1 906/959/1
f 1060/962/1 908/973/1 907/972/1
f 1059/974/1 908/973/1 1060/962/1
f 1059/974/1 909/975/1 908/973/1
f 1058/976/1 909/975/1 1059/974/1
f 1058/976/1 910/977/1 909/975/1
f 1057/978/1 910/977/1 1058/976/1
f 1057/978/1 911/979/1 910/977/1
f 1056/980/1 911/979/1 1057/978/1
f 1056/980/1 912/981/1 911/979/1
f 1056/980/1 913/982/1 912/981/1
f 1055/983/1 913/982/1 1056/980/1
f 1055/983/1 914/984/1 913/982/1
f 1054/54/1 914/984/1 1055/983/1
f 1054/54/1 915/985/1 914/984/1
f 1053/986/1 915/985/1 1054/54/1
f 1053/986/1 916/92/1 915/985/1
f 1053/986/1 917/987/1 916/92/1
f 1052/988/1 917/987/1 1053/986/1
f 1052/988/1 918/989/1 917/987/1
f 1051/990/1 918/989/1 1052/988/1
f 1051/990/1 919/991/1 918/989/1
f 1050/992/1 919/991/1 1051/990/1
f 1050/992/1 920/993/1 919/991/1
f 1050/992/1 921/994/1 920/993/1
f 1049/995/1 921/994/1 1050/992/1
f 1049/995/1 922/996/1 921/994/1
f 1049/995/1 923/997/1 922/996/1
f 978/998/1 980/999/1 979/1000/1
f 978/998/1 981/1001/1 980/999/1
f 977/1002/1 981/1001/1 978/998/1
f 977/1002/1 982/1003/1 981/1001/1
f 976/1004/1 982/1003/1 977/1002/1
f 976/1004/1 983/1005/1 982/1003/1
f 975/1006/1 983/1005/1 976/1004/1
f 975/1006/1 984/1007/1 983/1005/1
f 974/1008/1 984/1007/1 975/1006/1
f 1049/995/1 924/1009/1 923/997/1
f 1048/1010/1 924/1009/1 1049/995/1
f 974/1008/1 985/163/1 984/1007/1
f 973/1011/1 985/163/1 974/1008/1
f 973/1011/1 986/1012/1 985/163/1
f 972/1013/1 986/1012/1 973/1011/1
f 972/1013/1 987/1014/1 986/1012/1
f 971/1015/1 987/1014/1 972/1013/1
f 971/1015/1 988/1016/1 987/1014/1
f 1048/1010/1 925/1017/1 924/1009/1
f 970/1018/1 988/1016/1 971/1015/1
f 970/1018/1 989/1019/1 988/1016/1
f 969/1020/1 989/1019/1 970/1018/1
f 969/1020/1 990/1021/1 989/1019/1
f 968/1022/1 990/1021/1 969/1020/1
f 968/1022/1 991/1023/1 990/1021/1
f 1048/1010/1 926/1024/1 925/1017/1
f 1047/1025/1 926/1024/1 1048/1010/1
f 967/1026/1 991/1023/1 968/1022/1
f 967/1026/1 992/1027/1 991/1023/1
f 967/1026/1 993/1028/1 992/1027/1
f 966/1029/1 993/1028/1 967/1026/1
f 1047/1025/1 927/1030/1 926/1024/1
f 966/1029/1 994/1031/1 993/1028/1
f 965/1032/1 994/1031/1 966/1029/1
f 965/1032/1 995/1033/1 994/1031/1
f 1047/1025/1 928/1034/1 927/1030/1
f 965/1032/1 996/1035/1 995/1033/1
f 1046/1036/1 928/1034/1 1047/1025/1
f 964/1037/1 996/1035/1 965/1032/1
f 964/1037/1 997/1038/1 996/1035/1
f 1046/1036/1 929/1039/1 928/1034/1
f 963/1040/1 997/1038/1 964/1037/1
f 963/1040/1 998/1041/1 997/1038/1
f 963/1040/1 999/1042/1 998/1041/1
f 1046/1036/1 930/1043/1 929/1039/1
f 962/176/1 999/1042/1 963/1040/1
f 962/176/1 1000/1044/1 999/1042/1
f 1045/1045/1 930/1043/1 1046/1036/1
f 961/1046/1 1000/1044/1 962/176/1
f 1045/1045/1 931/1047/1 930/1043/1
f 961/1046/1 1001/1048/1 1000/1044/1
f 960/1049/1 1001/1048/1 961/1046/1
f 960/1049/1 1002/1050/1 1001/1048/1
f 959/1051/1 1002/1050/1 960/1049/1
f 1045/1045/1 932/1052/1 931/1047/1
f 959/1051/1 1003/1053/1 1002/1050/1
f 958/1054/1 1003/1053/1 959/1051/1
f 1045/1045/1 933/1055/1 932/1052/1
f 957/1056/1 1003/1053/1 958/1054/1
f 1044/1057/1 933/1055/1 1045/1045/1
f 957/1056/1 1004/1058/1 1003/1053/1
f 956/1059/1 1004/1058/1 957/1056/1
f 955/1060/1 1004/1058/1 956/1059/1
f 955/1060/1 1005/1061/1 1004/1058/1
f 1044/1057/1 934/1062/1 933/1055/1
f 954/1063/1 1005/1061/1 955/1060/1
f 954/1063/1 1006/1064/1 1005/1061/1
f 1044/1057/1 935/1065/1 934/1062/1
f 953/1066/1 1006/1064/1 954/1063/1
f 952/1067/1 1006/1064/1 953/1066/1
f 952/1067/1 1007/1068/1 1006/1064/1
f 1044/1057/1 936/1069/1 935/1065/1
f 1043/1070/1 936/1069/1 1044/1057/1
f 951/1071/1 1007/1068/1 952/1067/1
f 1043/1070/1 937/1072/1 936/1069/1
f 951/1071/1 1008/108/1 1007/1068/1
f 950/1073/1 1008/108/1 951/1071/1
f 1043/1070/1 938/1074/1 937/1072/1
f 949/1075/1 1008/108/1 950/1073/1
f 949/1075/1 1009/1076/1 1008/108/1
f 1043/1070/1 939/148/1 938/1074/1
f 948/1077/1 1009/1076/1 949/1075/1
f 947/1078/1 1009/1076/1 948/1077/1
f 947/1078/1 1010/1079/1 1009/1076/1
f 1043/1070/1 940/1080/1 939/148/1
f 946/1081/1 1010/1079/1 947/1078/1
f 1043/1070/1 941/1082/1 940/1080/1
f 1042/1083/1 941/1082/1 1043/1070/1
f 945/1084/1 1010/1079/1 946/1081/1
f 1042/1083/1 942/1085/1 941/1082/1
f 944/1086/1 1010/1079/1 945/1084/1
f 1042/1083/1 943/1087/1 942/1085/1
f 943/1087/1 1010/1079/1 944/1086/1
f 943/1087/1 1011/1088/1 1010/1079/1
f 1042/1083/1 1011/1088/1 943/1087/1
f 1042/1083/1 1012/1089/1 1011/1088/1
f 1042/1083/1 1013/1090/1 1012/1089/1
f 1042/1083/1 1014/1091/1 1013/1090/1
f 1041/1092/1 1014/1091/1 1042/1083/1
f 1041/1092/1 1015/1093/1 1014/1091/1
f 1041/1092/1 1016/1094/1 1015/1093/1
f 1040/1095/1 1016/1094/1 1041/1092/1
f 1040/1095/1 1017/1096/1 1016/1094/1
f 1039/1097/1 1017/1096/1 1040/1095/1
f 1038/1098/1 1017/1096/1 1039/1097/1
f 1038/1098/1 1018/1099/1 1017/1096/1
f 1037/1100/1 1018/1099/1 1038/1098/1
f 1037/1100/1 1019/1101/1 1018/1099/1
f 1036/1102/1 1019/1101/1 1037/1100/1
f 1036/1102/1 1020/1103/1 1019/1101/1
f 1035/1104/1 1020/1103/1 1036/1102/1
f 1035/1104/1 1021/1105/1 1020/1103/1
f 1034/1106/1 1021/1105/1 1035/1104/1
f 1034/1106/1 1022/1107/1 1021/1105/1
f 1033/1108/1 1022/1107/1 1034/1106/1
f 1032/1109/1 1022/1107/1 1033/1108/1
f 1032/1109/1 1023/1110/1 1022/1107/1
f 1031/71/1 1023/1110/1 1032/1109/1
f 1031/71/1 1024/1111/1 1023/1110/1
f 1030/1112/1 1024/1111/1 1031/71/1
f 1030/1112/1 1025/1113/1 1024/1111/1
f 1029/1114/1 1025/1113/1 1030/1112/1
f 1029/1114/1 1026/1115/1 1025/1113/1
f 1028/1116/1 1026/1115/1 1029/1114/1
f 1028/1116/1 1027/1117/1 1026/1115/1
f 1206/518/1 1208/519/1 1207/520/1
f 1206/518/1 1209/521/1 1208/519/1
f 1205/522/1 1209/521/1 1206/518/1
f 1205/522/1 1210/523/1 1209/521/1
f 1205/522/1 1211/524/1 1210/523/1
f 1204/525/1 1211/524/1 1205/522/1
f 1204/525/1 1212/526/1 1211/524/1
f 1204/525/1 1213/527/1 1212/526/1
f 1203/528/1 1213/527/1 1204/525/1
f 1203/528/1 1214/529/1 1213/527/1
f 1203/528/1 1215/530/1 1214/529/1
f 1202/531/1 1215/530/1 1203/528/1
f 1202/531/1 1216/532/1 1215/530/1
f 1202/531/1 1217/533/1 1216/532/1
f 1201/534/1 1217/533/1 1202/531/1
f 1201/534/1 1218/535/1 1217/533/1
f 1201/534/1 1219/536/1 1218/535/1
f 1200/537/1 1219/536/1 1201/534/1
f 1200/537/1 1220/538/1 1219/536/1
f 1199/539/1 1220/538/1 1200/537/1
f 1199/539/1 1221/540/1 1220/538/1
f 1199/539/1 1222/541/1 1221/540/1
f 1198/542/1 1222/541/1 1199/539/1
f 1198/542/1 1223/543/1 1222/541/1
f 1197/544/1 1223/543/1 1198/542/1
f 1197/544/1 1224/545/1 1223/543/1
f 1197/544/1 1225/546/1 1224/545/1
f 1196/547/1 1225/546/1 1197/544/1
f 1196/547/1 1226/548/1 1225/546/1
f 1195/375/1 1226/548/1 1196/547/1
f 1195/375/1 1227/549/1 1226/548/1
f 1195/375/1 1228/550/1 1227/549/1
f 1194/551/1 1228/550/1 1195/375/1
f 1194/551/1 1229/552/1 1228/550/1
f 1193/553/1 1341/554/1 1194/551/1
f 1341/554/1 1340/555/1 1194/551/1
f 1340/555/1 1229/552/1 1194/551/1
f 1340/555/1 1339/251/1 1229/552/1
f 1339/251/1 1230/556/1 1229/552/1
f 1338/557/1 1230/556/1 1339/251/1
f 1193/553/1 1342/558/1 1341/554/1
f 1337/559/1 1230/556/1 1338/557/1
f 1193/553/1 1343/560/1 1342/558/1
f 1336/561/1 1230/556/1 1337/559/1
f 1193/553/1 1344/562/1 1343/560/1
f 1335/563/1 1230/556/1 1336/561/1
f 1334/564/1 1230/556/1 1335/563/1
f 1193/553/1 1345/565/1 1344/562/1
f 1333/566/1 1230/556/1 1334/564/1
f 1193/553/1 1346/567/1 1345/565/1
f 1192/568/1 1346/567/1 1193/553/1
f 1332/569/1 1230/556/1 1333/566/1
f 1192/568/1 1347/570/1 1346/567/1
f 1331/571/1 1230/556/1 1332/569/1
f 1331/571/1 1231/572/1 1230/556/1
f 1192/568/1 1348/573/1 1347/570/1
f 1330/574/1 1231/572/1 1331/571/1
f 1329/575/1 1231/572/1 1330/574/1
f 1192/568/1 1349/576/1 1348/573/1
f 1328/577/1 1231/572/1 1329/575/1
f 1192/568/1 1350/578/1 1349/576/1
f 1387/66/1 1231/572/1 1328/577/1
f 1192/568/1 1351/579/1 1350/578/1
f 1387/66/1 1232/580/1 1231/572/1
f 1191/581/1 1351/579/1 1192/568/1
f 1386/582/1 1232/580/1 1387/66/1
f 1191/581/1 1352/583/1 1351/579/1
f 1385/584/1 1232/580/1 1386/582/1
f 1191/581/1 1353/585/1 1352/583/1
f 1385/584/1 1233/586/1 1232/580/1
f 1384/587/1 1233/586/1 1385/584/1
f 1191/581/1 1354/588/1 1353/585/1
f 1383/589/1 1233/586/1 1384/587/1
f 1190/590/1 1354/588/1 1191/581/1
f 1383/589/1 1234/591/1 1233/586/1
f 1382/592/1 1234/591/1 1383/589/1
f 1190/590/1 1355/593/1 1354/588/1
f 1381/594/1 1234/591/1 1382/592/1
f 1190/590/1 1356/595/1 1355/593/1
f 1381/594/1 1235/596/1 1234/591/1
f 1380/597/1 1235/596/1 1381/594/1
f 1190/590/1 1357/598/1 1356/595/1
f 1379/599/1 1235/596/1 1380/597/1
f 1189/600/1 1357/598/1 1190/590/1
f 1379/599/1 1236/601/1 1235/596/1
f 1378/602/1 1236/601/1 1379/599/1
f 1189/600/1 1358/603/1 1357/598/1
f 1377/604/1 1236/601/1 1378/602/1
f 1377/604/1 1237/605/1 1236/601/1
f 1189/600/1 1359/606/1 1358/603/1
f 1376/607/1 1237/605/1 1377/604/1
f 1188/608/1 1359/606/1 1189/600/1
f 1376/607/1 1238/609/1 1237/605/1
f 1375/610/1 1238/609/1 1376/607/1
f 1188/608/1 1360/611/1 1359/606/1
f 1374/612/1 1238/609/1 1375/610/1
f 1374/612/1 1239/613/1 1238/609/1
f 1373/614/1 1239/613/1 1374/612/1
f 1188/608/1 1361/615/1 1360/611/1
f 1372/616/1 1239/613/1 1373/614/1
f 1372/616/1 1240/617/1 1239/613/1
f 1187/618/1 1361/615/1 1188/608/1
f 1371/619/1 1240/617/1 1372/616/1
f 1187/618/1 1362/620/1 1361/615/1
f 1370/621/1 1240/617/1 1371/619/1
f 1370/621/1 1241/622/1 1240/617/1
f 1369/623/1 1241/622/1 1370/621/1
f 1368/624/1 1241/622/1 1369/623/1
f 1187/618/1 1363/625/1 1362/620/1
f 1368/624/1 1242/626/1 1241/622/1
f 1367/627/1 1242/626/1 1368/624/1
f 1186/628/1 1363/625/1 1187/618/1
f 1366/629/1 1242/626/1 1367/627/1
f 1366/629/1 1243/273/1 1242/626/1
f 1186/628/1 1364/630/1 1363/625/1
f 1365/631/1 1243/273/1 1366/629/1
f 1365/631/1 1244/632/1 1243/273/1
f 1364/630/1 1244/632/1 1365/631/1
f 1364/630/1 1245/633/1 1244/632/1
f 1186/628/1 1245/633/1 1364/630/1
f 1186/628/1 1246/634/1 1245/633/1
f 1185/635/1 1246/634/1 1186/628/1
f 1185/635/1 1247/636/1 1246/634/1
f 1185/635/1 1248/637/1 1247/636/1
f 1185/635/1 1249/638/1 1248/637/1
f 1185/635/1 1250/639/1 1249/638/1
f 1185/635/1 1251/640/1 1250/639/1
f 1184/641/1 1251/640/1 1185/635/1
f 1184/641/1 1252/642/1 1251/640/1
f 1184/641/1 1253/643/1 1252/642/1
f 1184/641/1 1254/644/1 1253/643/1
f 1183/645/1 1254/644/1 1184/641/1
f 1183/645/1 1255/646/1 1254/644/1
f 1183/645/1 1256/647/1 1255/646/1
f 1182/648/1 1256/647/1 1183/645/1
f 1181/649/1 1256/647/1 1182/648/1
f 1180/650/1 1256/647/1 1181/649/1
f 1179/651/1 1256/647/1 1180/650/1
f 1179/651/1 1257/652/1 1256/647/1
f 1303/653/1 1305/654/1 1304/655/1
f 1302/656/1 1305/654/1 1303/653/1
f 1302/656/1 1306/657/1 1305/654/1
f 1301/658/1 1306/657/1 1302/656/1
f 1301/658/1 1307/659/1 1306/657/1
f 1300/660/1 1307/659/1 1301/658/1
f 1299/661/1 1307/659/1 1300/660/1
f 1299/661/1 1308/662/1 1307/659/1
f 1179/651/1 1258/663/1 1257/652/1
f 1298/664/1 1308/662/1 1299/661/1
f 1298/664/1 1309/665/1 1308/662/1
f 1297/666/1 1309/665/1 1298/664/1
f 1179/651/1 1259/667/1 1258/663/1
f 1296/668/1 1309/665/1 1297/666/1
f 1296/668/1 1310/669/1 1309/665/1
f 1178/670/1 1259/667/1 1179/651/1
f 1295/671/1 1310/669/1 1296/668/1
f 1178/670/1 1260/672/1 1259/667/1
f 1295/671/1 1311/673/1 1310/669/1
f 1294/674/1 1311/673/1 1295/671/1
f 1178/670/1 1261/675/1 1260/672/1
f 1293/676/1 1311/673/1 1294/674/1
f 1293/676/1 1312/677/1 1311/673/1
f 1178/670/1 1262/678/1 1261/675/1
f 1292/679/1 1312/677/1 1293/676/1
f 1292/679/1 1313/680/1 1312/677/1
f 1178/670/1 1263/681/1 1262/678/1
f 1291/472/1 1313/680/1 1292/679/1
f 1177/682/1 1263/681/1 1178/670/1
f 1177/682/1 1264/683/1 1263/681/1
f 1291/472/1 1314/684/1 1313/680/1
f 1177/682/1 1265/685/1 1264/683/1
f 1290/686/1 1314/684/1 1291/472/1
f 1177/682/1 1266/687/1 1265/685/1
f 1289/688/1 1314/684/1 1290/686/1
f 1177/682/1 1267/149/1 1266/687/1
f 1289/688/1 1315/689/1 1314/684/1
f 1288/690/1 1315/689/1 1289/688/1
f 1177/682/1 1268/691/1 1267/149/1
f 1177/682/1 1269/692/1 1268/691/1
f 1287/693/1 1315/689/1 1288/690/1
f 1176/694/1 1269/692/1 1177/682/1
f 1176/694/1 1270/695/1 1269/692/1
f 1287/693/1 1316/696/1 1315/689/1
f 1286/697/1 1316/696/1 1287/693/1
f 1176/694/1 1271/698/1 1270/695/1
f 1176/694/1 1272/699/1 1271/698/1
f 1285/700/1 1316/696/1 1286/697/1
f 1176/694/1 1273/701/1 1272/699/1
f 1284/702/1 1316/696/1 1285/700/1
f 1176/694/1 1274/703/1 1273/701/1
f 1176/694/1 1275/704/1 1274/703/1
f 1283/705/1 1316/696/1 1284/702/1
f 1176/694/1 1276/706/1 1275/704/1
f 1282/707/1 1316/696/1 1283/705/1
f 1282/707/1 1317/708/1 1316/696/1
f 1176/694/1 1277/709/1 1276/706/1
f 1176/694/1 1278/710/1 1277/709/1
f 1281/711/1 1317/708/1 1282/707/1
f 1176/694/1 1279/712/1 1278/710/1
f 1280/713/1 1317/708/1 1281/711/1
f 1176/694/1 1280/713/1 1279/712/1
f 1176/694/1 1317/708/1 1280/713/1
f 1175/714/1 1317/708/1 1176/694/1
f 1175/714/1 1318/715/1 1317/708/1
f 1174/716/1 1318/715/1 1175/714/1
f 1174/716/1 1319/717/1 1318/715/1
f 1174/716/1 1320/718/1 1319/717/1
f 1173/719/1 1320/718/1 1174/716/1
f 1173/719/1 1321/720/1 1320/718/1
f 1172/721/1 1321/720/1 1173/719/1
f 1172/721/1 1322/722/1 1321/720/1
f 1172/721/1 1323/723/1 1322/722/1
f 1171/724/1 1323/723/1 1172/721/1
f 1171/724/1 1324/725/1 1323/723/1
f 1170/726/1 1324/725/1 1171/724/1
f 1170/726/1 1325/727/1 1324/725/1
f 1170/726/1 1326/728/1 1325/727/1
f 1169/729/1 1326/728/1 1170/726/1
f 1169/729/1 1327/730/1 1326/728/1
f 1168/731/1 1327/730/1 1169/729/1
f 1168/731/1 1147/73/1 1327/730/1
f 1167/732/1 1147/73/1 1168/731/1
f 1167/732/1 1148/733/1 1147/73/1
f 1166/734/1 1148/733/1 1167/732/1
f 1166/734/1 1149/735/1 1148/733/1
f 1166/734/1 1150/736/1 1149/735/1
f 1165/737/1 1150/736/1 1166/734/1
f 1165/737/1 1151/738/1 1150/736/1
f 1164/739/1 1151/738/1 1165/737/1
f 1164/739/1 1152/740/1 1151/738/1
f 1164/739/1 1153/741/1 1152/740/1
f 1163/742/1 1153/741/1 1164/739/1
f 1163/742/1 1154/743/1 1153/741/1
f 1162/744/1 1154/743/1 1163/742/1
f 1162/744/1 1155/745/1 1154/743/1
f 1161/746/1 1155/745/1 1162/744/1
f 1161/746/1 1156/747/1 1155/745/1
f 1161/746/1 1157/748/1 1156/747/1
f 1160/749/1 1157/748/1 1161/746/1
f 1160/749/1 1158/750/1 1157/748/1
f 1159/751/1 1158/750/1 1160/749/1
f 1844/610/1 1846/607/1 1845/1118/1
f 1844/610/1 1847/1119/1 1846/607/1
f 1843/1120/1 1847/1119/1 1844/610/1
f 1843/1120/1 1848/604/1 1847/1119/1
f 1842/612/1 1848/604/1 1843/1120/1
f 1842/612/1 1849/1121/1 1848/604/1
f 1842/612/1 1850/602/1 1849/1121/1
f 1841/1122/1 1850/602/1 1842/612/1
f 1841/1122/1 1851/1123/1 1850/602/1
f 1840/614/1 1851/1123/1 1841/1122/1
f 1840/614/1 1852/599/1 1851/1123/1
f 1840/614/1 1853/1124/1 1852/599/1
f 1839/1125/1 1853/1124/1 1840/614/1
f 1839/1125/1 1854/597/1 1853/1124/1
f 1838/616/1 1854/597/1 1839/1125/1
f 1838/616/1 1855/1126/1 1854/597/1
f 1838/616/1 1856/594/1 1855/1126/1
f 1837/1127/1 1856/594/1 1838/616/1
f 1837/1127/1 1857/1128/1 1856/594/1
f 1836/619/1 1857/1128/1 1837/1127/1
f 1836/619/1 1858/592/1 1857/1128/1
f 1411/1129/1 1413/1130/1 1412/751/1
f 1835/1131/1 1858/592/1 1836/619/1
f 1835/1131/1 1859/1132/1 1858/592/1
f 1411/1129/1 1414/749/1 1413/1130/1
f 1410/750/1 1414/749/1 1411/1129/1
f 1410/750/1 1415/1133/1 1414/749/1
f 1409/1134/1 1415/1133/1 1410/750/1
f 1409/1134/1 1416/746/1 1415/1133/1
f 1835/1131/1 1860/589/1 1859/1132/1
f 1447/1135/1 1449/1136/1 1448/682/1
f 1446/694/1 1449/1136/1 1447/1135/1
f 1445/1137/1 1449/1136/1 1446/694/1
f 1445/1137/1 1450/670/1 1449/1136/1
f 1444/714/1 1450/670/1 1445/1137/1
f 1408/748/1 1416/746/1 1409/1134/1
f 1443/1138/1 1450/670/1 1444/714/1
f 1834/621/1 1860/589/1 1835/1131/1
f 1408/748/1 1417/1139/1 1416/746/1
f 1442/716/1 1450/670/1 1443/1138/1
f 1442/716/1 1451/1140/1 1450/670/1
f 1441/1141/1 1451/1140/1 1442/716/1
f 1834/621/1 1861/1142/1 1860/589/1
f 1440/719/1 1451/1140/1 1441/1141/1
f 1407/1143/1 1417/1139/1 1408/748/1
f 1407/1143/1 1418/744/1 1417/1139/1
f 1439/1144/1 1451/1140/1 1440/719/1
f 1439/1144/1 1452/651/1 1451/1140/1
f 1834/621/1 1862/587/1 1861/1142/1
f 1438/721/1 1452/651/1 1439/1144/1
f 1833/1145/1 1862/587/1 1834/621/1
f 1437/1146/1 1452/651/1 1438/721/1
f 1407/1143/1 1419/1147/1 1418/744/1
f 1406/747/1 1419/1147/1 1407/1143/1
f 1437/1146/1 1453/1148/1 1452/651/1
f 1833/1145/1 1863/1149/1 1862/587/1
f 1436/724/1 1453/1148/1 1437/1146/1
f 1435/1150/1 1453/1148/1 1436/724/1
f 1833/1145/1 1864/584/1 1863/1149/1
f 1406/747/1 1420/742/1 1419/1147/1
f 1832/623/1 1864/584/1 1833/1145/1
f 1434/726/1 1453/1148/1 1435/1150/1
f 1434/726/1 1454/650/1 1453/1148/1
f 1405/1151/1 1420/742/1 1406/747/1
f 1433/1152/1 1454/650/1 1434/726/1
f 1832/623/1 1865/1153/1 1864/584/1
f 1432/729/1 1454/650/1 1433/1152/1
f 1405/1151/1 1421/1154/1 1420/742/1
f 1831/1155/1 1865/1153/1 1832/623/1
f 1831/1155/1 1866/582/1 1865/1153/1
f 1431/1156/1 1454/650/1 1432/729/1
f 1431/1156/1 1455/1157/1 1454/650/1
f 1404/745/1 1421/1154/1 1405/1151/1
f 1430/731/1 1455/1157/1 1431/1156/1
f 1831/1155/1 1867/1158/1 1866/582/1
f 1830/624/1 1867/1158/1 1831/1155/1
f 1404/745/1 1422/739/1 1421/1154/1
f 1429/1159/1 1455/1157/1 1430/731/1
f 1830/624/1 1868/66/1 1867/1158/1
f 1429/1159/1 1456/649/1 1455/1157/1
f 1428/732/1 1456/649/1 1429/1159/1
f 1829/1160/1 1868/66/1 1830/624/1
f 1403/1161/1 1422/739/1 1404/745/1
f 1829/1160/1 1390/733/1 1868/66/1
f 1390/733/3 1388/73/3 1868/66/3
f 1403/1161/1 1423/1162/1 1422/739/1
f 1427/1163/1 1456/649/1 1428/732/1
f 1829/1160/1 1391/1164/1 1390/733/1
f 1388/73/2 1389/1165/2 1390/733/2
f 1829/1160/1 1392/735/1 1391/1164/1
f 1829/1160/1 1393/1166/1 1392/735/1
f 1828/627/1 1393/1166/1 1829/1160/1
f 1426/734/1 1456/649/1 1427/1163/1
f 1828/627/1 1394/736/1 1393/1166/1
f 1426/734/1 1457/1167/1 1456/649/1
f 1403/1161/1 1424/737/1 1423/1162/1
f 1402/743/1 1424/737/1 1403/1161/1
f 1425/1168/1 1457/1167/1 1426/734/1
f 1828/627/1 1395/1169/1 1394/736/1
f 1827/1170/1 1395/1169/1 1828/627/1
f 1827/1170/1 1396/738/1 1395/1169/1
f 1424/737/1 1457/1167/1 1425/1168/1
f 1826/629/1 1396/738/1 1827/1170/1
f 1402/743/1 1457/1167/1 1424/737/1
f 1826/629/1 1397/1171/1 1396/738/1
f 1402/743/1 1458/648/1 1457/1167/1
f 1401/1172/1 1458/648/1 1402/743/1
f 1826/629/1 1398/740/1 1397/1171/1
f 1825/1173/1 1398/740/1 1826/629/1
f 1825/1173/1 1399/1174/1 1398/740/1
f 1824/631/1 1399/1174/1 1825/1173/1
f 1401/1172/1 1459/1175/1 1458/648/1
f 1400/741/1 1459/1175/1 1401/1172/1
f 1823/1176/1 1399/1174/1 1824/631/1
f 1823/1176/1 1400/741/1 1399/1174/1
f 1822/630/1 1400/741/1 1823/1176/1
f 1400/741/1 1460/645/1 1459/1175/1
f 1822/630/1 1460/645/1 1400/741/1
f 1821/1177/1 1460/645/1 1822/630/1
f 1820/625/1 1460/645/1 1821/1177/1
f 1820/625/1 1461/1178/1 1460/645/1
f 1819/1179/1 1461/1178/1 1820/625/1
f 1819/1179/1 1462/641/1 1461/1178/1
f 1818/620/1 1462/641/1 1819/1179/1
f 1818/620/1 1463/1180/1 1462/641/1
f 1817/1181/1 1463/1180/1 1818/620/1
f 1817/1181/1 1464/635/1 1463/1180/1
f 1816/615/1 1464/635/1 1817/1181/1
f 1815/1182/1 1464/635/1 1816/615/1
f 1815/1182/1 1465/1183/1 1464/635/1
f 1814/611/1 1556/572/1 1815/1182/1
f 1556/572/1 1465/1183/1 1815/1182/1
f 1814/611/1 1557/1184/1 1556/572/1
f 1555/1185/1 1465/1183/1 1556/572/1
f 1814/611/1 1558/580/1 1557/1184/1
f 1555/1185/1 1466/628/1 1465/1183/1
f 1554/556/1 1466/628/1 1555/1185/1
f 1814/611/1 1559/1186/1 1558/580/1
f 1814/611/1 1560/586/1 1559/1186/1
f 1553/1187/1 1466/628/1 1554/556/1
f 1814/611/1 1561/1188/1 1560/586/1
f 1813/1189/1 1688/666/1 1814/611/1
f 1688/666/1 1561/1188/1 1814/611/1
f 1688/666/1 1562/591/1 1561/1188/1
f 1813/1189/1 1689/1190/1 1688/666/1
f 1687/1191/1 1562/591/1 1688/666/1
f 1552/552/1 1466/628/1 1553/1187/1
f 1687/1191/1 1563/1192/1 1562/591/1
f 1686/668/1 1563/1192/1 1687/1191/1
f 1686/668/1 1564/596/1 1563/1192/1
f 1812/606/1 1689/1190/1 1813/1189/1
f 1812/606/1 1690/664/1 1689/1190/1
f 1551/1193/1 1466/628/1 1552/552/1
f 1686/668/1 1565/1194/1 1564/596/1
f 1685/1195/1 1565/1194/1 1686/668/1
f 1551/1193/1 1467/1196/1 1466/628/1
f 1685/1195/1 1566/601/1 1565/1194/1
f 1684/671/1 1566/601/1 1685/1195/1
f 1550/550/1 1467/1196/1 1551/1193/1
f 1684/671/1 1567/1197/1 1566/601/1
f 1811/1198/1 1690/664/1 1812/606/1
f 1811/1198/1 1691/1199/1 1690/664/1
f 1683/1200/1 1567/1197/1 1684/671/1
f 1683/1200/1 1568/605/1 1567/1197/1
f 1682/674/1 1568/605/1 1683/1200/1
f 1549/1201/1 1467/1196/1 1550/550/1
f 1549/1201/1 1468/618/1 1467/1196/1
f 1682/674/1 1569/1202/1 1568/605/1
f 1810/603/1 1691/1199/1 1811/1198/1
f 1810/603/1 1692/661/1 1691/1199/1
f 1681/1203/1 1569/1202/1 1682/674/1
f 1681/1203/1 1570/609/1 1569/1202/1
f 1548/549/1 1468/618/1 1549/1201/1
f 1681/1203/1 1571/1204/1 1570/609/1
f 1680/676/1 1571/1204/1 1681/1203/1
f 1809/1205/1 1692/661/1 1810/603/1
f 1809/1205/1 1693/1206/1 1692/661/1
f 1680/676/1 1572/613/1 1571/1204/1
f 1679/1207/1 1572/613/1 1680/676/1
f 1548/549/1 1469/1208/1 1468/618/1
f 1679/1207/1 1573/1209/1 1572/613/1
f 1808/598/1 1693/1206/1 1809/1205/1
f 1808/598/1 1694/660/1 1693/1206/1
f 1547/1210/1 1469/1208/1 1548/549/1
f 1678/679/1 1573/1209/1 1679/1207/1
f 1678/679/1 1574/617/1 1573/1209/1
f 1678/679/1 1575/1211/1 1574/617/1
f 1677/1212/1 1575/1211/1 1678/679/1
f 1807/1213/1 1694/660/1 1808/598/1
f 1677/1212/1 1576/622/1 1575/1211/1
f 1807/1213/1 1695/1214/1 1694/660/1
f 1676/472/1 1576/622/1 1677/1212/1
f 1546/548/1 1469/1208/1 1547/1210/1
f 1546/548/1 1470/608/1 1469/1208/1
f 1676/472/1 1577/1215/1 1576/622/1
f 1676/472/1 1578/626/1 1577/1215/1
f 1806/595/1 1695/1214/1 1807/1213/1
f 1675/1216/1 1578/626/1 1676/472/1
f 1675/1216/1 1579/1217/1 1578/626/1
f 1806/595/1 1696/658/1 1695/1214/1
f 1675/1216/1 1580/273/1 1579/1217/1
f 1805/1218/1 1696/658/1 1806/595/1
f 1545/1219/1 1470/608/1 1546/548/1
f 1675/1216/1 1581/1220/1 1580/273/1
f 1674/686/1 1581/1220/1 1675/1216/1
f 1545/1219/1 1471/1221/1 1470/608/1
f 1804/593/1 1696/658/1 1805/1218/1
f 1804/593/1 1697/1222/1 1696/658/1
f 1674/686/1 1582/632/1 1581/1220/1
f 1803/1223/1 1697/1222/1 1804/593/1
f 1544/546/1 1471/1221/1 1545/1219/1
f 1673/1224/1 1582/632/1 1674/686/1
f 1803/1223/1 1698/656/1 1697/1222/1
f 1802/588/1 1698/656/1 1803/1223/1
f 1673/1224/1 1583/1225/1 1582/632/1
f 1544/546/1 1472/600/1 1471/1221/1
f 1672/688/1 1583/1225/1 1673/1224/1
f 1801/1226/1 1698/656/1 1802/588/1
f 1543/1227/1 1472/600/1 1544/546/1
f 1801/1226/1 1699/1228/1 1698/656/1
f 1800/585/1 1699/1228/1 1801/1226/1
f 1672/688/1 1584/633/1 1583/1225/1
f 1542/545/1 1472/600/1 1543/1227/1
f 1799/1229/1 1699/1228/1 1800/585/1
f 1671/1230/1 1584/633/1 1672/688/1
f 1542/545/1 1473/1231/1 1472/600/1
f 1799/1229/1 1700/653/1 1699/1228/1
f 1798/583/1 1700/653/1 1799/1229/1
f 1541/1232/1 1473/1231/1 1542/545/1
f 1671/1230/1 1585/1233/1 1584/633/1
f 1797/1234/1 1700/653/1 1798/583/1
f 1670/690/1 1585/1233/1 1671/1230/1
f 1796/579/1 1700/653/1 1797/1234/1
f 1540/543/1 1473/1231/1 1541/1232/1
f 1796/579/1 1701/1235/1 1700/653/1
f 1796/579/4 1702/655/4 1701/1235/4
f 1540/543/1 1474/590/1 1473/1231/1
f 1796/579/2 1703/1236/2 1702/655/2
f 1796/579/5 1704/654/5 1703/1236/5
f 1796/579/6 1705/1237/6 1704/654/6
f 1670/690/1 1586/634/1 1585/1233/1
f 1796/579/7 1712/665/7 1705/1237/7
f 1712/665/4 1706/657/4 1705/1237/4
f 1712/665/8 1707/1238/8 1706/657/8
f 1712/665/6 1708/659/6 1707/1238/6
f 1712/665/4 1709/1239/4 1708/659/4
f 1712/665/1 1710/662/1 1709/1239/1
f 1712/665/9 1711/1240/9 1710/662/9
f 1539/1241/1 1474/590/1 1540/543/1
f 1669/1242/1 1586/634/1 1670/690/1
f 1796/579/1 1713/1243/1 1712/665/1
f 1669/1242/1 1587/1244/1 1586/634/1
f 1539/1241/1 1475/1245/1 1474/590/1
f 1538/541/1 1475/1245/1 1539/1241/1
f 1668/693/1 1587/1244/1 1669/1242/1
f 1796/579/1 1714/669/1 1713/1243/1
f 1668/693/1 1588/636/1 1587/1244/1
f 1537/1246/1 1475/1245/1 1538/541/1
f 1537/1246/1 1476/581/1 1475/1245/1
f 1667/1247/1 1588/636/1 1668/693/1
f 1796/579/1 1715/1248/1 1714/669/1
f 1536/540/1 1476/581/1 1537/1246/1
f 1667/1247/1 1589/1249/1 1588/636/1
f 1536/540/1 1477/1250/1 1476/581/1
f 1666/697/1 1589/1249/1 1667/1247/1
f 1535/1251/1 1477/1250/1 1536/540/1
f 1796/579/1 1716/673/1 1715/1248/1
f 1666/697/1 1590/637/1 1589/1249/1
f 1665/1252/1 1590/637/1 1666/697/1
f 1534/538/1 1477/1250/1 1535/1251/1
f 1796/579/1 1717/1253/1 1716/673/1
f 1534/538/1 1478/568/1 1477/1250/1
f 1665/1252/1 1591/1254/1 1590/637/1
f 1796/579/1 1718/677/1 1717/1253/1
f 1533/1255/1 1478/568/1 1534/538/1
f 1664/700/1 1591/1254/1 1665/1252/1
f 1664/700/1 1592/638/1 1591/1254/1
f 1533/1255/1 1479/1256/1 1478/568/1
f 1796/579/1 1719/1257/1 1718/677/1
f 1532/536/1 1479/1256/1 1533/1255/1
f 1663/1258/1 1592/638/1 1664/700/1
f 1663/1258/1 1593/1259/1 1592/638/1
f 1796/579/1 1720/680/1 1719/1257/1
f 1532/536/1 1480/553/1 1479/1256/1
f 1531/1260/1 1480/553/1 1532/536/1
f 1662/702/1 1593/1259/1 1663/1258/1
f 1796/579/1 1721/1261/1 1720/680/1
f 1662/702/1 1594/639/1 1593/1259/1
f 1530/535/1 1480/553/1 1531/1260/1
f 1796/579/1 1722/684/1 1721/1261/1
f 1661/1262/1 1594/639/1 1662/702/1
f 1530/535/1 1481/1263/1 1480/553/1
f 1661/1262/1 1595/1264/1 1594/639/1
f 1796/579/1 1723/1265/1 1722/684/1
f 1529/1266/1 1481/1263/1 1530/535/1
f 1796/579/1 1724/689/1 1723/1265/1
f 1660/705/1 1595/1264/1 1661/1262/1
f 1660/705/1 1596/640/1 1595/1264/1
f 1528/533/1 1481/1263/1 1529/1266/1
f 1796/579/1 1725/1267/1 1724/689/1
f 1528/533/1 1482/551/1 1481/1263/1
f 1796/579/1 1726/696/1 1725/1267/1
f 1796/579/1 1727/1268/1 1726/696/1
f 1659/1269/1 1596/640/1 1660/705/1
f 1796/579/1 1728/708/1 1727/1268/1
f 1659/1269/1 1597/1270/1 1596/640/1
f 1527/1271/1 1482/551/1 1528/533/1
f 1796/579/1 1729/1272/1 1728/708/1
f 1796/579/1 1730/715/1 1729/1272/1
f 1795/1273/1 1730/715/1 1796/579/1
f 1795/1273/1 1731/1274/1 1730/715/1
f 1795/1273/1 1732/717/1 1731/1274/1
f 1658/707/1 1597/1270/1 1659/1269/1
f 1526/532/1 1482/551/1 1527/1271/1
f 1794/578/1 1732/717/1 1795/1273/1
f 1794/578/1 1733/1275/1 1732/717/1
f 1658/707/1 1598/642/1 1597/1270/1
f 1794/578/1 1734/718/1 1733/1275/1
f 1526/532/1 1483/1276/1 1482/551/1
f 1794/578/1 1735/1277/1 1734/718/1
f 1793/1278/1 1735/1277/1 1794/578/1
f 1793/1278/1 1736/720/1 1735/1277/1
f 1525/1279/1 1483/1276/1 1526/532/1
f 1657/1280/1 1598/642/1 1658/707/1
f 1793/1278/1 1737/1281/1 1736/720/1
f 1657/1280/1 1599/1282/1 1598/642/1
f 1792/576/1 1737/1281/1 1793/1278/1
f 1792/576/1 1738/722/1 1737/1281/1
f 1792/576/1 1739/1283/1 1738/722/1
f 1524/530/1 1483/1276/1 1525/1279/1
f 1791/1284/1 1739/1283/1 1792/576/1
f 1791/1284/1 1740/723/1 1739/1283/1
f 1656/711/1 1599/1282/1 1657/1280/1
f 1656/711/1 1600/643/1 1599/1282/1
f 1791/1284/1 1741/1285/1 1740/723/1
f 1790/573/1 1741/1285/1 1791/1284/1
f 1790/573/1 1742/725/1 1741/1285/1
f 1524/530/1 1484/375/1 1483/1276/1
f 1523/1286/1 1484/375/1 1524/530/1
f 1790/573/1 1743/1287/1 1742/725/1
f 1789/1288/1 1743/1287/1 1790/573/1
f 1789/1288/1 1744/727/1 1743/1287/1
f 1655/1289/1 1600/643/1 1656/711/1
f 1655/1289/1 1601/1290/1 1600/643/1
f 1789/1288/1 1745/1291/1 1744/727/1
f 1789/1288/1 1746/728/1 1745/1291/1
f 1788/570/1 1746/728/1 1789/1288/1
f 1522/529/1 1484/375/1 1523/1286/1
f 1788/570/1 1747/1292/1 1746/728/1
f 1788/570/1 1748/730/1 1747/1292/1
f 1788/570/1 1749/1293/1 1748/730/1
f 1787/1294/1 1749/1293/1 1788/570/1
f 1654/713/1 1601/1290/1 1655/1289/1
f 1654/713/1 1602/644/1 1601/1290/1
f 1787/1294/1 1750/577/1 1749/1293/1
f 1521/1295/1 1484/375/1 1522/529/1
f 1786/567/1 1750/577/1 1787/1294/1
f 1786/567/1 1751/1296/1 1750/577/1
f 1785/1297/1 1751/1296/1 1786/567/1
f 1653/1298/1 1602/644/1 1654/713/1
f 1785/1297/1 1752/575/1 1751/1296/1
f 1653/1298/1 1603/1299/1 1602/644/1
f 1520/527/1 1484/375/1 1521/1295/1
f 1520/527/1 1485/1300/1 1484/375/1
f 1784/565/1 1752/575/1 1785/1297/1
f 1784/565/1 1753/1301/1 1752/575/1
f 1520/527/1 1486/547/1 1485/1300/1
f 1783/1302/1 1753/1301/1 1784/565/1
f 1783/1302/1 1754/574/1 1753/1301/1
f 1652/712/1 1603/1299/1 1653/1298/1
f 1519/1303/1 1486/547/1 1520/527/1
f 1652/712/1 1604/646/1 1603/1299/1
f 1783/1302/1 1755/1304/1 1754/574/1
f 1519/1303/1 1487/1305/1 1486/547/1
f 1782/562/1 1755/1304/1 1783/1302/1
f 1782/562/1 1756/571/1 1755/1304/1
f 1519/1303/1 1488/544/1 1487/1305/1
f 1782/562/1 1757/1306/1 1756/571/1
f 1781/1307/1 1757/1306/1 1782/562/1
f 1518/526/1 1488/544/1 1519/1303/1
f 1518/526/1 1489/1308/1 1488/544/1
f 1651/1309/1 1604/646/1 1652/712/1
f 1651/1309/1 1605/1310/1 1604/646/1
f 1781/1307/1 1758/569/1 1757/1306/1
f 1780/560/1 1758/569/1 1781/1307/1
f 1780/560/1 1759/1311/1 1758/569/1
f 1518/526/1 1490/542/1 1489/1308/1
f 1651/1309/1 1606/647/1 1605/1310/1
f 1650/710/1 1606/647/1 1651/1309/1
f 1780/560/1 1760/566/1 1759/1311/1
f 1779/1312/1 1760/566/1 1780/560/1
f 1517/1313/1 1490/542/1 1518/526/1
f 1517/1313/1 1491/1314/1 1490/542/1
f 1649/1315/1 1606/647/1 1650/710/1
f 1649/1315/1 1607/1316/1 1606/647/1
f 1779/1312/1 1761/1317/1 1760/566/1
f 1778/558/1 1761/1317/1 1779/1312/1
f 1778/558/1 1762/564/1 1761/1317/1
f 1517/1313/1 1492/539/1 1491/1314/1
f 1648/709/1 1607/1316/1 1649/1315/1
f 1648/709/1 1608/652/1 1607/1316/1
f 1778/558/1 1763/1318/1 1762/564/1
f 1777/1319/1 1763/1318/1 1778/558/1
f 1516/524/1 1492/539/1 1517/1313/1
f 1516/524/1 1493/1320/1 1492/539/1
f 1777/1319/1 1764/563/1 1763/1318/1
f 1777/1319/1 1765/1321/1 1764/563/1
f 1776/554/1 1765/1321/1 1777/1319/1
f 1647/1322/1 1608/652/1 1648/709/1
f 1647/1322/1 1609/1323/1 1608/652/1
f 1776/554/1 1766/561/1 1765/1321/1
f 1516/524/1 1494/537/1 1493/1320/1
f 1775/1324/1 1766/561/1 1776/554/1
f 1775/1324/1 1767/1325/1 1766/561/1
f 1775/1324/1 1768/559/1 1767/1325/1
f 1774/555/1 1768/559/1 1775/1324/1
f 1646/706/1 1609/1323/1 1647/1322/1
f 1646/706/1 1610/663/1 1609/1323/1
f 1515/1326/1 1494/537/1 1516/524/1
f 1774/555/1 1769/1327/1 1768/559/1
f 1515/1326/1 1495/1328/1 1494/537/1
f 1773/1329/1 1769/1327/1 1774/555/1
f 1773/1329/1 1770/557/1 1769/1327/1
f 1773/1329/1 1771/1330/1 1770/557/1
f 1772/251/1 1771/1330/1 1773/1329/1
f 1515/1326/1 1496/534/1 1495/1328/1
f 1645/1331/1 1610/663/1 1646/706/1
f 1645/1331/1 1611/1332/1 1610/663/1
f 1514/523/1 1496/534/1 1515/1326/1
f 1514/523/1 1497/1333/1 1496/534/1
f 1644/704/1 1611/1332/1 1645/1331/1
f 1644/704/1 1612/667/1 1611/1332/1
f 1514/523/1 1498/531/1 1497/1333/1
f 1513/1334/1 1498/531/1 1514/523/1
f 1643/1335/1 1612/667/1 1644/704/1
f 1643/1335/1 1613/1336/1 1612/667/1
f 1513/1334/1 1499/1337/1 1498/531/1
f 1513/1334/1 1500/528/1 1499/1337/1
f 1642/703/1 1613/1336/1 1643/1335/1
f 1642/703/1 1614/672/1 1613/1336/1
f 1512/521/1 1500/528/1 1513/1334/1
f 1512/521/1 1501/1338/1 1500/528/1
f 1641/1339/1 1614/672/1 1642/703/1
f 1641/1339/1 1615/1340/1 1614/672/1
f 1511/1341/1 1501/1338/1 1512/521/1
f 1511/1341/1 1502/525/1 1501/1338/1
f 1511/1341/1 1503/1342/1 1502/525/1
f 1510/519/1 1503/1342/1 1511/1341/1
f 1640/701/1 1615/1340/1 1641/1339/1
f 1640/701/1 1616/675/1 1615/1340/1
f 1510/519/1 1504/522/1 1503/1342/1
f 1510/519/1 1505/1343/1 1504/522/1
f 1509/1344/1 1505/1343/1 1510/519/1
f 1509/1344/1 1506/518/1 1505/1343/1
f 1509/1344/1 1507/1345/1 1506/518/1
f 1508/520/1 1507/1345/1 1509/1344/1
f 1639/1346/1 1616/675/1 1640/701/1
f 1639/1346/1 1617/1347/1 1616/675/1
f 1638/699/1 1617/1347/1 1639/1346/1
f 1638/699/1 1618/678/1 1617/1347/1
f 1637/1348/1 1618/678/1 1638/699/1
f 1637/1348/1 1619/1349/1 1618/678/1
f 1636/698/1 1619/1349/1 1637/1348/1
f 1636/698/1 1620/681/1 1619/1349/1
f 1635/1350/1 1620/681/1 1636/698/1
f 1635/1350/1 1621/1351/1 1620/681/1
f 1634/695/1 1621/1351/1 1635/1350/1
f 1634/695/1 1622/683/1 1621/1351/1
f 1633/1352/1 1622/683/1 1634/695/1
f 1633/1352/1 1623/1353/1 1622/683/1
f 1632/692/1 1623/1353/1 1633/1352/1
f 1632/692/1 1624/685/1 1623/1353/1
f 1631/1354/1 1624/685/1 1632/692/1
f 1631/1354/1 1625/1355/1 1624/685/1
f 1630/691/1 1625/1355/1 1631/1354/1
f 1630/691/1 1626/687/1 1625/1355/1
f 1629/1356/1 1626/687/1 1630/691/1
f 1629/1356/1 1627/1357/1 1626/687/1
f 1628/149/1 1627/1357/1 1629/1356/1
f 1964/184/1 1966/185/1 1965/186/1
f 1964/184/1 1967/187/1 1966/185/1
f 1963/188/1 1967/187/1 1964/184/1
f 1963/188/1 1968/189/1 1967/187/1
f 1963/188/1 1969/190/1 1968/189/1
f 1962/191/1 1969/190/1 1963/188/1
f 1962/191/1 1970/192/1 1969/190/1
f 1962/191/1 1971/193/1 1970/192/1
f 1961/194/1 1971/193/1 1962/191/1
f 1961/194/1 1972/195/1 1971/193/1
f 1961/194/1 1973/196/1 1972/195/1
f 1960/197/1 1973/196/1 1961/194/1
f 1960/197/1 1974/198/1 1973/196/1
f 1959/199/1 1974/198/1 1960/197/1
f 1959/199/1 1975/200/1 1974/198/1
f 1959/199/1 1976/201/1 1975/200/1
f 1958/202/1 1976/201/1 1959/199/1
f 1958/202/1 1977/203/1 1976/201/1
f 1958/202/1 1978/204/1 1977/203/1
f 1957/205/1 1978/204/1 1958/202/1
f 1957/205/1 1979/206/1 1978/204/1
f 1956/207/1 1979/206/1 1957/205/1
f 1956/207/1 1980/208/1 1979/206/1
f 1956/207/1 1981/209/1 1980/208/1
f 1955/210/1 1981/209/1 1956/207/1
f 1955/210/1 1982/211/1 1981/209/1
f 1955/210/1 1983/212/1 1982/211/1
f 1954/213/1 1983/212/1 1955/210/1
f 1954/213/1 1984/214/1 1983/212/1
f 1954/213/1 1985/215/1 1984/214/1
f 1953/216/1 1985/215/1 1954/213/1
f 1953/216/1 1986/217/1 1985/215/1
f 1953/216/1 1987/218/1 1986/217/1
f 1952/219/1 1987/218/1 1953/216/1
f 1952/219/1 1988/220/1 1987/218/1
f 1952/219/1 1989/221/1 1988/220/1
f 1951/222/1 1989/221/1 1952/219/1
f 1951/222/1 1990/223/1 1989/221/1
f 1951/222/1 1991/224/1 1990/223/1
f 1951/222/1 1992/225/1 1991/224/1
f 1951/222/1 1993/226/1 1992/225/1
f 1951/222/1 1994/227/1 1993/226/1
f 1950/228/1 2134/229/1 1951/222/1
f 2134/229/1 2133/230/1 1951/222/1
f 2133/230/1 1994/227/1 1951/222/1
f 2133/230/1 1995/231/1 1994/227/1
f 2133/230/1 1996/232/1 1995/231/1
f 2132/233/2 1996/232/2 2133/230/2
f 2131/234/1 1996/232/1 2132/233/1
f 2130/235/1 1996/232/1 2131/234/1
f 2129/236/1 1996/232/1 2130/235/1
f 2128/237/1 1996/232/1 2129/236/1
f 1950/228/1 2135/238/1 2134/229/1
f 2127/239/1 1996/232/1 2128/237/1
f 2126/240/1 1996/232/1 2127/239/1
f 2125/241/1 1996/232/1 2126/240/1
f 2124/242/1 1996/232/1 2125/241/1
f 2123/243/1 1996/232/1 2124/242/1
f 1950/228/1 2136/244/1 2135/238/1
f 2122/245/1 1996/232/1 2123/243/1
f 2121/246/1 1996/232/1 2122/245/1
f 2120/247/1 1996/232/1 2121/246/1
f 2120/247/1 1997/248/1 1996/232/1
f 2119/249/1 1997/248/1 2120/247/1
f 2118/250/1 1997/248/1 2119/249/1
f 1950/228/1 2137/251/1 2136/244/1
f 2117/252/1 1997/248/1 2118/250/1
f 2116/253/1 1997/248/1 2117/252/1
f 2115/254/1 1997/248/1 2116/253/1
f 2115/254/1 1998/255/1 1997/248/1
f 2114/256/1 1998/255/1 2115/254/1
f 2113/257/1 1998/255/1 2114/256/1
f 1950/228/1 2138/258/1 2137/251/1
f 2112/259/1 1998/255/1 2113/257/1
f 2111/260/1 1998/255/1 2112/259/1
f 2111/260/1 1999/261/1 1998/255/1
f 2110/262/1 1999/261/1 2111/260/1
f 2109/263/1 1999/261/1 2110/262/1
f 1950/228/1 2139/264/1 2138/258/1
f 2108/265/1 1999/261/1 2109/263/1
f 2108/265/1 2000/266/1 1999/261/1
f 1949/267/1 2139/264/1 1950/228/1
f 2108/265/1 2001/268/1 2000/266/1
f 1949/267/1 2140/269/1 2139/264/1
f 2107/270/1 2001/268/1 2108/265/1
f 2107/270/1 2002/271/1 2001/268/1
f 2106/272/1 2002/271/1 2107/270/1
f 2106/272/1 2003/273/1 2002/271/1
f 1949/267/1 2141/274/1 2140/269/1
f 2106/272/1 2004/275/1 2003/273/1
f 2105/276/1 2004/275/1 2106/272/1
f 1949/267/1 2142/277/1 2141/274/1
f 2105/276/1 2005/278/1 2004/275/1
f 2104/279/1 2005/278/1 2105/276/1
f 1948/280/1 2142/277/1 1949/267/1
f 2104/279/1 2006/281/1 2005/278/1
f 2103/282/1 2006/281/1 2104/279/1
f 1948/280/1 2143/283/1 2142/277/1
f 2103/282/1 2007/284/1 2006/281/1
f 2102/285/1 2007/284/1 2103/282/1
f 1948/280/1 2144/286/1 2143/283/1
f 2102/285/1 2008/287/1 2007/284/1
f 2101/288/1 2008/287/1 2102/285/1
f 2101/288/1 2009/289/1 2008/287/1
f 2100/290/1 2009/289/1 2101/288/1
f 1947/291/1 2144/286/1 1948/280/1
f 1947/291/1 2145/292/1 2144/286/1
f 2099/293/1 2009/289/1 2100/290/1
f 2099/293/1 2010/294/1 2009/289/1
f 2098/295/1 2010/294/1 2099/293/1
f 2098/295/1 2011/296/1 2010/294/1
f 2097/297/1 2011/296/1 2098/295/1
f 1947/291/1 2146/298/1 2145/292/1
f 2097/297/1 2012/299/1 2011/296/1
f 2096/300/1 2012/299/1 2097/297/1
f 2095/301/1 2012/299/1 2096/300/1
f 2095/301/1 2013/302/1 2012/299/1
f 1946/303/1 2146/298/1 1947/291/1
f 1946/303/1 2147/304/1 2146/298/1
f 2094/305/1 2013/302/1 2095/301/1
f 2094/305/1 2014/306/1 2013/302/1
f 2093/307/1 2014/306/1 2094/305/1
f 2092/308/1 2014/306/1 2093/307/1
f 2092/308/1 2015/309/1 2014/306/1
f 1946/303/1 2148/310/1 2147/304/1
f 2091/311/1 2015/309/1 2092/308/1
f 2091/311/1 2016/312/1 2015/309/1
f 2090/313/1 2016/312/1 2091/311/1
f 1945/314/1 2148/310/1 1946/303/1
f 2089/315/1 2016/312/1 2090/313/1
f 2089/315/1 2017/316/1 2016/312/1
f 1945/314/1 2149/317/1 2148/310/1
f 2088/318/1 2017/316/1 2089/315/1
f 2087/319/1 2017/316/1 2088/318/1
f 2087/319/1 2018/320/1 2017/316/1
f 2086/321/1 2018/320/1 2087/319/1
f 2085/322/1 2018/320/1 2086/321/1
f 1945/314/1 2150/323/1 2149/317/1
f 2085/322/1 2019/324/1 2018/320/1
f 2084/325/1 2019/324/1 2085/322/1
f 1944/326/1 2150/323/1 1945/314/1
f 2084/325/1 2020/327/1 2019/324/1
f 1944/326/1 2151/328/1 2150/323/1
f 2083/329/1 2020/327/1 2084/325/1
f 2083/329/1 2021/330/1 2020/327/1
f 2083/329/1 2022/331/1 2021/330/1
f 1944/326/1 2152/332/1 2151/328/1
f 2082/333/1 2022/331/1 2083/329/1
f 1943/334/1 2152/332/1 1944/326/1
f 2082/333/1 2023/335/1 2022/331/1
f 1943/334/1 2153/336/1 2152/332/1
f 2082/333/1 2024/337/1 2023/335/1
f 2081/338/1 2024/337/1 2082/333/1
f 2081/338/1 2025/339/1 2024/337/1
f 1943/334/1 2154/340/1 2153/336/1
f 1942/341/1 2154/340/1 1943/334/1
f 2081/338/1 2026/342/1 2025/339/1
f 2080/343/1 2026/342/1 2081/338/1
f 1942/341/1 2155/344/1 2154/340/1
f 2080/343/1 2027/345/1 2026/342/1
f 2079/346/1 2027/345/1 2080/343/1
f 1941/347/1 2155/344/1 1942/341/1
f 1941/347/1 2156/348/1 2155/344/1
f 1941/347/1 2157/349/1 2156/348/1
f 2079/346/1 2028/350/1 2027/345/1
f 2078/351/1 2028/350/1 2079/346/1
f 1940/352/1 2157/349/1 1941/347/1
f 1940/352/1 2158/353/1 2157/349/1
f 2078/351/1 2029/354/1 2028/350/1
f 2077/355/1 2029/354/1 2078/351/1
f 1940/352/1 2159/356/1 2158/353/1
f 2077/355/1 2030/357/1 2029/354/1
f 1939/358/1 2159/356/1 1940/352/1
f 2076/359/1 2030/357/1 2077/355/1
f 1939/358/1 2160/360/1 2159/356/1
f 2076/359/1 2031/361/1 2030/357/1
f 1939/358/1 2161/362/1 2160/360/1
f 1938/363/1 2161/362/1 1939/358/1
f 2075/364/1 2031/361/1 2076/359/1
f 1938/363/1 2162/365/1 2161/362/1
f 2075/364/1 2032/366/1 2031/361/1
f 1938/363/1 2163/367/1 2162/365/1
f 2075/364/1 2033/368/1 2032/366/1
f 2074/369/1 2033/368/1 2075/364/1
f 1937/370/1 2163/367/1 1938/363/1
f 1937/370/1 2164/371/1 2163/367/1
f 2074/369/1 2034/372/1 2033/368/1
f 1937/370/1 2165/373/1 2164/371/1
f 2074/369/1 2035/374/1 2034/372/1
f 1936/375/1 2165/373/1 1937/370/1
f 1936/375/1 2166/376/1 2165/373/1
f 2073/377/1 2035/374/1 2074/369/1
f 2073/377/1 2036/378/1 2035/374/1
f 1936/375/1 2167/379/1 2166/376/1
f 1936/375/1 2168/380/1 2167/379/1
f 2073/377/1 2037/381/1 2036/378/1
f 1935/382/1 2168/380/1 1936/375/1
f 2204/66/1 2037/381/1 2073/377/1
f 1935/382/1 2169/383/1 2168/380/1
f 2204/66/1 2038/384/1 2037/381/1
f 2203/385/1 2038/384/1 2204/66/1
f 2203/385/1 2039/386/1 2038/384/1
f 2203/385/1 2040/387/1 2039/386/1
f 2202/388/1 2040/387/1 2203/385/1
f 1935/382/1 2170/389/1 2169/383/1
f 2202/388/1 2041/390/1 2040/387/1
f 2201/391/1 2041/390/1 2202/388/1
f 2201/391/1 2042/392/1 2041/390/1
f 1935/382/1 2171/393/1 2170/389/1
f 2200/394/1 2042/392/1 2201/391/1
f 2200/394/1 2043/395/1 2042/392/1
f 1934/396/1 2171/393/1 1935/382/1
f 2199/397/1 2043/395/1 2200/394/1
f 1934/396/1 2172/398/1 2171/393/1
f 2198/399/1 2043/395/1 2199/397/1
f 2198/399/1 2044/400/1 2043/395/1
f 2197/401/1 2044/400/1 2198/399/1
f 1934/396/1 2173/402/1 2172/398/1
f 2196/403/1 2044/400/1 2197/401/1
f 2196/403/1 2045/404/1 2044/400/1
f 2195/405/1 2045/404/1 2196/403/1
f 1934/396/1 2174/406/1 2173/402/1
f 2194/407/1 2045/404/1 2195/405/1
f 2194/407/1 2046/408/1 2045/404/1
f 2193/409/1 2046/408/1 2194/407/1
f 1934/396/1 2175/410/1 2174/406/1
f 1933/411/1 2175/410/1 1934/396/1
f 2192/412/1 2046/408/1 2193/409/1
f 2191/413/1 2046/408/1 2192/412/1
f 1933/411/1 2176/414/1 2175/410/1
f 2190/415/1 2046/408/1 2191/413/1
f 2190/415/1 2047/416/1 2046/408/1
f 1933/411/1 2177/417/1 2176/414/1
f 2189/418/1 2047/416/1 2190/415/1
f 2188/419/1 2047/416/1 2189/418/1
f 1933/411/1 2178/420/1 2177/417/1
f 2187/421/1 2047/416/1 2188/419/1
f 2186/422/1 2047/416/1 2187/421/1
f 1933/411/1 2179/423/1 2178/420/1
f 2185/424/1 2047/416/1 2186/422/1
f 2184/425/1 2047/416/1 2185/424/1
f 1933/411/1 2180/426/1 2179/423/1
f 2183/427/1 2047/416/1 2184/425/1
f 2183/427/1 2048/428/1 2047/416/1
f 2182/429/1 2048/428/1 2183/427/1
f 1933/411/1 2181/430/1 2180/426/1
f 2181/430/1 2048/428/1 2182/429/1
f 1933/411/1 2048/428/1 2181/430/1
f 1932/431/1 2048/428/1 1933/411/1
f 1932/431/1 2049/432/1 2048/428/1
f 1932/431/1 2050/433/1 2049/432/1
f 1931/434/1 2050/433/1 1932/431/1
f 1931/434/1 2051/435/1 2050/433/1
f 1931/434/1 2052/436/1 2051/435/1
f 1930/437/1 2052/436/1 1931/434/1
f 1930/437/1 2053/438/1 2052/436/1
f 1930/437/1 2054/439/1 2053/438/1
f 1929/440/1 2054/439/1 1930/437/1
f 1929/440/1 2055/441/1 2054/439/1
f 1929/440/1 2056/442/1 2055/441/1
f 1929/440/1 2057/443/1 2056/442/1
f 1928/444/1 2057/443/1 1929/440/1
f 1928/444/1 2058/445/1 2057/443/1
f 1928/444/1 2059/446/1 2058/445/1
f 1928/444/1 2060/447/1 2059/446/1
f 1928/444/1 2061/448/1 2060/447/1
f 1928/444/1 2062/449/1 2061/448/1
f 1927/450/1 2062/449/1 1928/444/1
f 1927/450/1 2063/451/1 2062/449/1
f 1927/450/1 1893/452/1 2063/451/1
f 1893/452/1 2064/453/1 2063/451/1
f 1926/454/1 1893/452/1 1927/450/1
f 1926/454/1 1894/455/1 1893/452/1
f 1892/456/1 2064/453/1 1893/452/1
f 1892/456/1 2065/457/1 2064/453/1
f 1926/454/1 1895/458/1 1894/455/1
f 1892/456/1 2066/459/1 2065/457/1
f 1926/454/1 1896/460/1 1895/458/1
f 1891/461/1 2066/459/1 1892/456/1
f 1925/462/1 1896/460/1 1926/454/1
f 1891/461/1 2067/463/1 2066/459/1
f 1925/462/1 1897/464/1 1896/460/1
f 1891/461/1 2068/465/1 2067/463/1
f 1925/462/1 1898/466/1 1897/464/1
f 1890/467/1 2068/465/1 1891/461/1
f 1924/468/1 1898/466/1 1925/462/1
f 1890/467/1 2069/469/1 2068/465/1
f 1924/468/1 1899/470/1 1898/466/1
f 1924/468/1 1900/471/1 1899/470/1
f 1890/467/1 2070/472/1 2069/469/1
f 1889/473/1 2070/472/1 1890/467/1
f 1924/468/1 1901/474/1 1900/471/1
f 1923/475/1 1901/474/1 1924/468/1
f 1889/473/1 2071/476/1 2070/472/1
f 1923/475/1 1902/477/1 1901/474/1
f 1889/473/1 2072/478/1 2071/476/1
f 1923/475/1 1903/479/1 1902/477/1
f 1888/480/1 2072/478/1 1889/473/1
f 1922/481/1 1903/479/1 1923/475/1
f 1922/481/1 1904/482/1 1903/479/1
f 1888/480/1 1869/73/1 2072/478/1
f 1922/481/1 1905/483/1 1904/482/1
f 1888/480/1 1870/484/1 1869/73/1
f 1887/485/1 1870/484/1 1888/480/1
f 1922/481/1 1906/486/1 1905/483/1
f 1921/487/1 1906/486/1 1922/481/1
f 1921/487/1 1907/488/1 1906/486/1
f 1887/485/1 1871/489/1 1870/484/1
f 1921/487/1 1908/490/1 1907/488/1
f 1920/491/1 1908/490/1 1921/487/1
f 1886/492/1 1871/489/1 1887/485/1
f 1886/492/1 1872/493/1 1871/489/1
f 1920/491/1 1909/494/1 1908/490/1
f 1920/491/1 1910/495/1 1909/494/1
f 1886/492/1 1873/496/1 1872/493/1
f 1919/497/1 1910/495/1 1920/491/1
f 1919/497/1 1911/498/1 1910/495/1
f 1885/499/1 1873/496/1 1886/492/1
f 1919/497/1 1912/500/1 1911/498/1
f 1885/499/1 1874/501/1 1873/496/1
f 1919/497/1 1913/502/1 1912/500/1
f 1918/503/1 1913/502/1 1919/497/1
f 1918/503/1 1914/504/1 1913/502/1
f 1918/503/1 1915/505/1 1914/504/1
f 1885/499/1 1875/506/1 1874/501/1
f 1917/507/1 1915/505/1 1918/503/1
f 1917/507/1 1916/508/1 1915/505/1
f 1884/509/1 1875/506/1 1885/499/1
f 1884/509/1 1876/510/1 1875/506/1
f 1883/511/1 1876/510/1 1884/509/1
f 1883/511/1 1877/512/1 1876/510/1
f 1883/511/1 1878/513/1 1877/512/1
f 1882/514/1 1878/513/1 1883/511/1
f 1882/514/1 1879/515/1 1878/513/1
f 1882/514/1 1880/516/1 1879/515/1
f 1881/517/1 1880/516/1 1882/514/1
f 2300/184/1 2302/185/1 2301/186/1
f 2300/184/1 2303/187/1 2302/185/1
f 2299/188/1 2303/187/1 2300/184/1
f 2299/188/1 2304/189/1 2303/187/1
f 2298/191/1 2304/189/1 2299/188/1
f 2298/191/1 2305/190/1 2304/189/1
f 2297/194/1 2305/190/1 2298/191/1
f 2297/194/1 2306/192/1 2305/190/1
f 2297/194/1 2307/193/1 2306/192/1
f 2296/197/1 2307/193/1 2297/194/1
f 2296/197/1 2308/195/1 2307/193/1
f 2295/199/1 2308/195/1 2296/197/1
f 2295/199/1 2309/196/1 2308/195/1
f 2294/202/1 2309/196/1 2295/199/1
f 2294/202/1 2310/198/1 2309/196/1
f 2294/202/1 2311/200/1 2310/198/1
f 2293/205/1 2311/200/1 2294/202/1
f 2293/205/1 2312/201/1 2311/200/1
f 2292/207/1 2312/201/1 2293/205/1
f 2292/207/1 2313/203/1 2312/201/1
f 2291/210/1 2313/203/1 2292/207/1
f 2291/210/1 2314/204/1 2313/203/1
f 2290/213/1 2314/204/1 2291/210/1
f 2290/213/1 2315/206/1 2314/204/1
f 2290/213/1 2316/208/1 2315/206/1
f 2289/216/1 2316/208/1 2290/213/1
f 2289/216/1 2317/209/1 2316/208/1
f 2288/219/1 2317/209/1 2289/216/1
f 2288/219/1 2318/211/1 2317/209/1
f 2288/219/1 2319/212/1 2318/211/1
f 2287/222/1 2319/212/1 2288/219/1
f 2287/222/1 2320/214/1 2319/212/1
f 2287/222/1 2321/215/1 2320/214/1
f 2286/228/1 2321/215/1 2287/222/1
f 2286/228/1 2322/217/1 2321/215/1
f 2286/228/1 2323/218/1 2322/217/1
f 2285/267/1 2323/218/1 2286/228/1
f 2285/267/1 2324/220/1 2323/218/1
f 2285/267/1 2325/221/1 2324/220/1
f 2284/280/1 2325/221/1 2285/267/1
f 2284/280/1 2326/223/1 2325/221/1
f 2284/280/1 2327/224/1 2326/223/1
f 2284/280/1 2373/381/1 2327/224/1
f 2373/381/1 2328/225/1 2327/224/1
f 2284/280/1 2374/384/1 2373/381/1
f 2372/378/1 2328/225/1 2373/381/1
f 2372/378/1 2329/226/1 2328/225/1
f 2371/374/1 2329/226/1 2372/378/1
f 2283/291/1 2374/384/1 2284/280/1
f 2283/291/1 2375/386/1 2374/384/1
f 2370/372/1 2329/226/1 2371/374/1
f 2369/368/1 2329/226/1 2370/372/1
f 2283/291/1 2376/387/1 2375/386/1
f 2368/366/1 2329/226/1 2369/368/1
f 2368/366/1 2330/227/1 2329/226/1
f 2367/361/1 2330/227/1 2368/366/1
f 2283/291/1 2377/390/1 2376/387/1
f 2366/357/1 2330/227/1 2367/361/1
f 2366/357/1 2331/231/1 2330/227/1
f 2365/354/1 2331/231/1 2366/357/1
f 2283/291/1 2378/392/1 2377/390/1
f 2364/350/1 2331/231/1 2365/354/1
f 2364/350/1 2332/232/1 2331/231/1
f 2363/345/1 2332/232/1 2364/350/1
f 2363/345/1 2333/248/1 2332/232/1
f 2283/291/1 2379/395/1 2378/392/1
f 2282/303/1 2379/395/1 2283/291/1
f 2362/342/1 2333/248/1 2363/345/1
f 2362/342/1 2334/255/1 2333/248/1
f 2361/339/1 2334/255/1 2362/342/1
f 2282/303/1 2380/400/1 2379/395/1
f 2361/339/1 2335/261/1 2334/255/1
f 2361/339/1 2336/266/1 2335/261/1
f 2360/337/1 2336/266/1 2361/339/1
f 2360/337/1 2337/268/1 2336/266/1
f 2359/335/1 2337/268/1 2360/337/1
f 2282/303/1 2381/404/1 2380/400/1
f 2359/335/1 2338/271/1 2337/268/1
f 2281/314/1 2381/404/1 2282/303/1
f 2358/331/1 2338/271/1 2359/335/1
f 2358/331/1 2339/273/1 2338/271/1
f 2357/330/1 2339/273/1 2358/331/1
f 2357/330/1 2340/275/1 2339/273/1
f 2281/314/1 2382/408/1 2381/404/1
f 2356/327/1 2340/275/1 2357/330/1
f 2356/327/1 2341/278/1 2340/275/1
f 2355/324/1 2341/278/1 2356/327/1
f 2355/324/1 2342/281/1 2341/278/1
f 2355/324/1 2343/284/1 2342/281/1
f 2354/320/1 2343/284/1 2355/324/1
f 2354/320/1 2344/287/1 2343/284/1
f 2353/316/1 2344/287/1 2354/320/1
f 2353/316/1 2345/289/1 2344/287/1
f 2352/312/1 2345/289/1 2353/316/1
f 2352/312/1 2346/294/1 2345/289/1
f 2281/314/1 2383/416/1 2382/408/1
f 2351/309/1 2346/294/1 2352/312/1
f 2351/309/1 2347/296/1 2346/294/1
f 2350/306/1 2347/296/1 2351/309/1
f 2350/306/1 2348/299/1 2347/296/1
f 2280/326/1 2383/416/1 2281/314/1
f 2349/302/1 2348/299/1 2350/306/1
f 2280/326/1 2384/428/1 2383/416/1
f 2279/334/1 2384/428/1 2280/326/1
f 2279/334/1 2385/432/1 2384/428/1
f 2278/341/1 2385/432/1 2279/334/1
f 2278/341/1 2386/433/1 2385/432/1
f 2277/347/1 2386/433/1 2278/341/1
f 2277/347/1 2387/435/1 2386/433/1
f 2276/352/1 2387/435/1 2277/347/1
f 2276/352/1 2388/436/1 2387/435/1
f 2275/358/1 2388/436/1 2276/352/1
f 2275/358/1 2389/438/1 2388/436/1
f 2274/363/1 2389/438/1 2275/358/1
f 2274/363/1 2390/439/1 2389/438/1
f 2273/370/1 2390/439/1 2274/363/1
f 2273/370/1 2391/441/1 2390/439/1
f 2272/375/1 2391/441/1 2273/370/1
f 2516/426/1 2518/429/1 2517/430/1
f 2515/423/1 2518/429/1 2516/426/1
f 2515/423/1 2519/427/1 2518/429/1
f 2514/420/1 2519/427/1 2515/423/1
f 2514/420/1 2520/425/1 2519/427/1
f 2513/417/1 2520/425/1 2514/420/1
f 2513/417/1 2521/424/1 2520/425/1
f 2512/414/1 2521/424/1 2513/417/1
f 2512/414/1 2522/422/1 2521/424/1
f 2511/410/1 2522/422/1 2512/414/1
f 2511/410/1 2523/421/1 2522/422/1
f 2510/406/1 2523/421/1 2511/410/1
f 2510/406/1 2524/419/1 2523/421/1
f 2509/402/1 2524/419/1 2510/406/1
f 2509/402/1 2525/418/1 2524/419/1
f 2508/398/1 2525/418/1 2509/402/1
f 2508/398/1 2526/415/1 2525/418/1
f 2507/393/1 2526/415/1 2508/398/1
f 2507/393/1 2527/413/1 2526/415/1
f 2506/389/1 2527/413/1 2507/393/1
f 2272/375/1 2392/442/1 2391/441/1
f 2506/389/1 2528/412/1 2527/413/1
f 2505/383/1 2528/412/1 2506/389/1
f 2505/383/1 2529/409/1 2528/412/1
f 2504/380/1 2529/409/1 2505/383/1
f 2504/380/1 2530/407/1 2529/409/1
f 2271/382/1 2392/442/1 2272/375/1
f 2503/379/1 2530/407/1 2504/380/1
f 2503/379/1 2531/405/1 2530/407/1
f 2503/379/1 2532/403/1 2531/405/1
f 2502/376/1 2532/403/1 2503/379/1
f 2502/376/1 2533/401/1 2532/403/1
f 2502/376/1 2534/399/1 2533/401/1
f 2501/373/1 2534/399/1 2502/376/1
f 2501/373/1 2535/397/1 2534/399/1
f 2271/382/1 2393/443/1 2392/442/1
f 2501/373/1 2536/394/1 2535/397/1
f 2270/396/1 2393/443/1 2271/382/1
f 2500/371/1 2536/394/1 2501/373/1
f 2500/371/1 2537/391/1 2536/394/1
f 2500/371/1 2538/388/1 2537/391/1
f 2499/367/1 2538/388/1 2500/371/1
f 2499/367/1 2539/385/1 2538/388/1
f 2499/367/1 2540/66/1 2539/385/1
f 2498/365/1 2540/66/1 2499/367/1
f 2498/365/1 2205/73/1 2540/66/1
f 2269/411/1 2393/443/1 2270/396/1
f 2269/411/1 2394/445/1 2393/443/1
f 2498/365/1 2206/484/1 2205/73/1
f 2497/362/1 2206/484/1 2498/365/1
f 2497/362/1 2207/489/1 2206/484/1
f 2496/360/1 2207/489/1 2497/362/1
f 2496/360/1 2208/493/1 2207/489/1
f 2496/360/1 2209/496/1 2208/493/1
f 2268/431/1 2394/445/1 2269/411/1
f 2495/356/1 2209/496/1 2496/360/1
f 2495/356/1 2210/501/1 2209/496/1
f 2268/431/1 2395/446/1 2394/445/1
f 2495/356/1 2211/506/1 2210/501/1
f 2494/353/1 2211/506/1 2495/356/1
f 2494/353/1 2212/510/1 2211/506/1
f 2494/353/1 2213/512/1 2212/510/1
f 2267/434/1 2395/446/1 2268/431/1
f 2494/353/1 2214/513/1 2213/512/1
f 2493/349/1 2214/513/1 2494/353/1
f 2493/349/1 2215/515/1 2214/513/1
f 2493/349/1 2216/516/1 2215/515/1
f 2267/434/1 2396/447/1 2395/446/1
f 2493/349/1 2217/517/1 2216/516/1
f 2492/348/1 2217/517/1 2493/349/1
f 2492/348/1 2445/263/1 2217/517/1
f 2445/263/1 2218/514/1 2217/517/1
f 2491/344/1 2445/263/1 2492/348/1
f 2266/437/1 2396/447/1 2267/434/1
f 2490/340/1 2445/263/1 2491/344/1
f 2489/336/1 2445/263/1 2490/340/1
f 2489/336/1 2446/262/1 2445/263/1
f 2444/265/1 2218/514/1 2445/263/1
f 2489/336/1 2447/260/1 2446/262/1
f 2488/332/1 2447/260/1 2489/336/1
f 2488/332/1 2448/259/1 2447/260/1
f 2266/437/1 2397/448/1 2396/447/1
f 2487/328/1 2448/259/1 2488/332/1
f 2487/328/1 2449/257/1 2448/259/1
f 2487/328/1 2450/256/1 2449/257/1
f 2444/265/1 2219/511/1 2218/514/1
f 2486/323/1 2450/256/1 2487/328/1
f 2265/440/1 2397/448/1 2266/437/1
f 2486/323/1 2451/254/1 2450/256/1
f 2485/317/1 2451/254/1 2486/323/1
f 2443/270/1 2219/511/1 2444/265/1
f 2485/317/1 2452/253/1 2451/254/1
f 2484/310/1 2452/253/1 2485/317/1
f 2484/310/1 2453/252/1 2452/253/1
f 2483/304/1 2453/252/1 2484/310/1
f 2482/298/1 2453/252/1 2483/304/1
f 2482/298/1 2454/250/1 2453/252/1
f 2481/292/1 2454/250/1 2482/298/1
f 2442/272/1 2219/511/1 2443/270/1
f 2481/292/1 2455/249/1 2454/250/1
f 2480/286/1 2455/249/1 2481/292/1
f 2264/444/1 2397/448/1 2265/440/1
f 2264/444/1 2398/449/1 2397/448/1
f 2442/272/1 2220/509/1 2219/511/1
f 2479/283/1 2455/249/1 2480/286/1
f 2479/283/1 2456/247/1 2455/249/1
f 2478/277/1 2456/247/1 2479/283/1
f 2478/277/1 2457/246/1 2456/247/1
f 2441/276/1 2220/509/1 2442/272/1
f 2477/274/1 2457/246/1 2478/277/1
f 2476/269/1 2457/246/1 2477/274/1
f 2264/444/1 2399/451/1 2398/449/1
f 2475/264/1 2457/246/1 2476/269/1
f 2475/264/1 2458/245/1 2457/246/1
f 2475/264/1 2459/243/1 2458/245/1
f 2474/258/1 2459/243/1 2475/264/1
f 2474/258/1 2460/242/1 2459/243/1
f 2473/251/1 2460/242/1 2474/258/1
f 2473/251/1 2461/241/1 2460/242/1
f 2473/251/1 2462/240/1 2461/241/1
f 2472/244/1 2462/240/1 2473/251/1
f 2472/244/1 2463/239/1 2462/240/1
f 2472/244/1 2464/237/1 2463/239/1
f 2471/238/1 2464/237/1 2472/244/1
f 2471/238/1 2465/236/1 2464/237/1
f 2471/238/1 2466/235/1 2465/236/1
f 2470/229/1 2466/235/1 2471/238/1
f 2440/279/1 2220/509/1 2441/276/1
f 2470/229/1 2467/234/1 2466/235/1
f 2470/229/1 2468/233/1 2467/234/1
f 2469/230/1 2468/233/1 2470/229/1
f 2263/450/1 2399/451/1 2264/444/1
f 2440/279/1 2221/499/1 2220/509/1
f 2263/450/1 2400/453/1 2399/451/1
f 2439/282/1 2221/499/1 2440/279/1
f 2263/450/1 2401/457/1 2400/453/1
f 2262/454/1 2401/457/1 2263/450/1
f 2438/285/1 2221/499/1 2439/282/1
f 2438/285/1 2222/492/1 2221/499/1
f 2262/454/1 2402/459/1 2401/457/1
f 2437/288/1 2222/492/1 2438/285/1
f 2262/454/1 2403/463/1 2402/459/1
f 2261/462/1 2403/463/1 2262/454/1
f 2436/290/1 2222/492/1 2437/288/1
f 2436/290/1 2223/485/1 2222/492/1
f 2261/462/1 2404/465/1 2403/463/1
f 2435/293/1 2223/485/1 2436/290/1
f 2261/462/1 2405/469/1 2404/465/1
f 2434/295/1 2223/485/1 2435/293/1
f 2260/468/1 2405/469/1 2261/462/1
f 2434/295/1 2224/480/1 2223/485/1
f 2260/468/1 2406/472/1 2405/469/1
f 2433/297/1 2224/480/1 2434/295/1
f 2260/468/1 2407/476/1 2406/472/1
f 2432/300/1 2224/480/1 2433/297/1
f 2260/468/1 2408/478/1 2407/476/1
f 2259/475/1 2408/478/1 2260/468/1
f 2432/300/1 2225/473/1 2224/480/1
f 2259/475/1 2409/377/1 2408/478/1
f 2431/301/1 2225/473/1 2432/300/1
f 2259/475/1 2410/369/1 2409/377/1
f 2430/305/1 2225/473/1 2431/301/1
f 2259/475/1 2411/364/1 2410/369/1
f 2429/307/1 2225/473/1 2430/305/1
f 2258/481/1 2411/364/1 2259/475/1
f 2258/481/1 2412/359/1 2411/364/1
f 2429/307/1 2226/467/1 2225/473/1
f 2428/308/1 2226/467/1 2429/307/1
f 2258/481/1 2413/355/1 2412/359/1
f 2427/311/1 2226/467/1 2428/308/1
f 2258/481/1 2414/351/1 2413/355/1
f 2426/313/1 2226/467/1 2427/311/1
f 2258/481/1 2415/346/1 2414/351/1
f 2258/481/1 2416/343/1 2415/346/1
f 2425/315/1 2226/467/1 2426/313/1
f 2258/481/1 2417/338/1 2416/343/1
f 2257/487/1 2417/338/1 2258/481/1
f 2424/318/1 2226/467/1 2425/315/1
f 2257/487/1 2418/333/1 2417/338/1
f 2423/319/1 2226/467/1 2424/318/1
f 2423/319/1 2227/461/1 2226/467/1
f 2257/487/1 2419/329/1 2418/333/1
f 2422/321/1 2227/461/1 2423/319/1
f 2257/487/1 2420/325/1 2419/329/1
f 2421/322/1 2227/461/1 2422/321/1
f 2257/487/1 2421/322/1 2420/325/1
f 2257/487/1 2227/461/1 2421/322/1
f 2256/491/1 2227/461/1 2257/487/1
f 2256/491/1 2228/456/1 2227/461/1
f 2255/497/1 2228/456/1 2256/491/1
f 2255/497/1 2229/452/1 2228/456/1
f 2254/503/1 2229/452/1 2255/497/1
f 2254/503/1 2230/455/1 2229/452/1
f 2253/507/1 2230/455/1 2254/503/1
f 2253/507/1 2231/458/1 2230/455/1
f 2252/508/1 2231/458/1 2253/507/1
f 2252/508/1 2232/460/1 2231/458/1
f 2251/505/1 2232/460/1 2252/508/1
f 2251/505/1 2233/464/1 2232/460/1
f 2250/504/1 2233/464/1 2251/505/1
f 2250/504/1 2234/466/1 2233/464/1
f 2249/502/1 2234/466/1 2250/504/1
f 2248/500/1 2234/466/1 2249/502/1
f 2248/500/1 2235/470/1 2234/466/1
f 2247/498/1 2235/470/1 2248/500/1
f 2247/498/1 2236/471/1 2235/470/1
f 2246/495/1 2236/471/1 2247/498/1
f 2246/495/1 2237/474/1 2236/471/1
f 2245/494/1 2237/474/1 2246/495/1
f 2245/494/1 2238/477/1 2237/474/1
f 2244/490/1 2238/477/1 2245/494/1
f 2244/490/1 2239/479/1 2238/477/1
f 2243/488/1 2239/479/1 2244/490/1
f 2243/488/1 2240/482/1 2239/479/1
f 2242/486/1 2240/482/1 2243/488/1
f 2242/486/1 2241/483/1 2240/482/1
f 2711/1/10 2712/3/10 2713/2/10
f 2710/4/10 2711/1/10 2713/2/10
f 2710/4/10 2713/2/10 2714/5/10
f 2709/6/10 2710/4/10 2714/5/10
f 2709/6/10 2714/5/10 2715/7/10
f 2708/8/10 2709/6/10 2715/7/10
f 2707/9/10 2708/8/10 2715/7/10
f 2707/9/10 2715/7/10 2716/10/10
f 2687/11/10 2688/13/10 2689/12/10
f 2686/14/10 2687/11/10 2689/12/10
f 2686/14/10 2689/12/10 2690/15/10
f 2685/16/10 2686/14/10 2690/15/10
f 2684/17/10 2685/16/10 2690/15/10
f 2684/17/10 2690/15/10 2691/18/10
f 2683/19/10 2684/17/10 2691/18/10
f 2706/20/10 2707/9/10 2716/10/10
f 2682/21/10 2683/19/10 2691/18/10
f 2682/21/10 2691/18/10 2692/22/10
f 2681/23/10 2682/21/10 2692/22/10
f 2706/20/10 2716/10/10 2717/24/10
f 2681/23/10 2692/22/10 2693/25/10
f 2680/26/10 2681/23/10 2693/25/10
f 2705/27/10 2706/20/10 2717/24/10
f 2679/28/10 2680/26/10 2693/25/10
f 2679/28/10 2693/25/10 2694/29/10
f 2678/30/10 2679/28/10 2694/29/10
f 2677/31/10 2678/30/10 2694/29/10
f 2704/32/10 2705/27/10 2717/24/10
f 2704/32/10 2717/24/10 2718/33/10
f 2677/31/10 2694/29/10 2695/34/10
f 2676/35/10 2677/31/10 2695/34/10
f 2675/36/10 2676/35/10 2695/34/10
f 2675/36/10 2695/34/10 2696/37/10
f 2703/38/10 2704/32/10 2718/33/10
f 2674/39/10 2675/36/10 2696/37/10
f 2703/38/10 2718/33/10 2719/40/10
f 2673/41/10 2674/39/10 2696/37/10
f 2673/41/10 2696/37/10 2697/42/10
f 2702/43/10 2703/38/10 2719/40/10
f 2672/44/10 2673/41/10 2697/42/10
f 2672/44/10 2697/42/10 2698/45/10
f 2671/46/10 2672/44/10 2698/45/10
f 2670/47/10 2671/46/10 2698/45/10
f 2702/43/10 2719/40/10 2720/48/10
f 2701/49/10 2702/43/10 2720/48/10
f 2670/47/10 2698/45/10 2699/50/10
f 2669/51/10 2670/47/10 2699/50/10
f 2668/52/10 2669/51/10 2699/50/10
f 2700/53/10 2701/49/10 2720/48/10
f 2667/54/10 2668/52/10 2699/50/10
f 2667/54/10 2699/50/10 2700/53/10
f 2700/53/10 2720/48/10 2721/55/10
f 2666/56/10 2667/54/10 2700/53/10
f 2665/57/10 2666/56/10 2700/53/10
f 2665/57/10 2700/53/10 2721/55/10
f 2664/58/10 2665/57/10 2721/55/10
f 2663/59/10 2664/58/10 2721/55/10
f 2663/59/10 2721/55/10 2722/60/10
f 2662/61/10 2663/59/10 2722/60/10
f 2661/62/10 2662/61/10 2722/60/10
f 2660/63/10 2661/62/10 2722/60/10
f 2659/64/10 2660/63/10 2722/60/10
f 2658/65/10 2659/64/10 2722/60/10
f 2658/65/10 2722/60/10 2723/66/10
f 2657/67/10 2658/65/10 2723/66/10
f 2656/68/10 2657/67/10 2723/66/10
f 2655/69/10 2656/68/10 2723/66/10
f 2654/70/10 2655/69/10 2723/66/10
f 2653/71/10 2654/70/10 2723/66/10
f 2653/71/10 2723/66/10 2578/72/10
f 2578/72/10 2723/66/10 2541/73/10
f 2652/74/10 2653/71/10 2578/72/10
f 2651/75/10 2652/74/10 2578/72/10
f 2650/76/10 2651/75/10 2578/72/10
f 2650/76/10 2578/72/10 2579/77/10
f 2577/78/10 2578/72/10 2541/73/10
f 2649/79/10 2650/76/10 2579/77/10
f 2649/79/10 2579/77/10 2580/80/10
f 2577/78/10 2541/73/10 2542/81/10
f 2648/82/10 2649/79/10 2580/80/10
f 2648/82/10 2580/80/10 2581/83/10
f 2577/78/10 2542/81/10 2543/84/10
f 2647/85/10 2648/82/10 2581/83/10
f 2577/78/10 2543/84/10 2544/86/10
f 2647/85/10 2581/83/10 2582/87/10
f 2646/88/10 2647/85/10 2582/87/10
f 2577/78/10 2544/86/10 2545/89/10
f 2645/90/10 2646/88/10 2582/87/10
f 2577/78/10 2545/89/10 2546/91/10
f 2645/90/10 2582/87/10 2583/92/10
f 2577/78/10 2546/91/10 2547/93/10
f 2644/94/10 2645/90/10 2583/92/10
f 2577/78/10 2547/93/10 2548/95/10
f 2643/96/10 2644/94/10 2583/92/10
f 2643/96/10 2583/92/10 2584/97/10
f 2577/78/10 2548/95/10 2549/98/10
f 2642/99/10 2643/96/10 2584/97/10
f 2577/78/10 2549/98/10 2550/100/10
f 2577/78/10 2550/100/10 2551/101/10
f 2641/102/10 2642/99/10 2584/97/10
f 2577/78/10 2551/101/10 2552/103/10
f 2640/104/10 2641/102/10 2584/97/10
f 2577/78/10 2552/103/10 2553/105/10
f 2640/104/10 2584/97/10 2585/106/10
f 2577/78/10 2553/105/10 2554/107/10
f 2639/108/10 2640/104/10 2590/109/10
f 2590/109/10 2640/104/10 2589/110/10
f 2589/110/10 2640/104/10 2588/111/10
f 2588/111/10 2640/104/10 2587/112/10
f 2587/112/10 2640/104/10 2586/113/10
f 2586/113/10 2640/104/10 2585/106/10
f 2576/114/10 2577/78/10 2554/107/10
f 2576/114/10 2554/107/10 2555/115/10
f 2575/116/10 2576/114/10 2555/115/10
f 2575/116/10 2555/115/10 2556/117/10
f 2574/118/10 2575/116/10 2556/117/10
f 2574/118/10 2556/117/10 2557/119/10
f 2573/120/10 2574/118/10 2557/119/10
f 2573/120/10 2557/119/10 2558/121/10
f 2572/122/10 2573/120/10 2558/121/10
f 2572/122/10 2558/121/10 2559/123/10
f 2571/124/10 2572/122/10 2559/123/10
f 2571/124/10 2559/123/10 2560/125/10
f 2570/126/10 2571/124/10 2560/125/10
f 2570/126/10 2560/125/10 2561/127/10
f 2569/128/10 2570/126/10 2561/127/10
f 2569/128/10 2561/127/10 2562/129/10
f 2568/130/10 2569/128/10 2562/129/10
f 2568/130/10 2562/129/10 2563/131/10
f 2567/132/10 2568/130/10 2563/131/10
f 2567/132/10 2563/131/10 2564/133/10
f 2566/134/10 2567/132/10 2564/133/10
f 2566/134/10 2564/133/10 2565/135/10
f 2639/108/10 2590/109/10 2591/136/10
f 2638/137/10 2639/108/10 2591/136/10
f 2638/137/10 2591/136/10 2592/138/10
f 2637/139/10 2638/137/10 2592/138/10
f 2637/139/10 2592/138/10 2593/140/10
f 2636/141/10 2637/139/10 2593/140/10
f 2636/141/10 2593/140/10 2594/142/10
f 2635/143/10 2636/141/10 2594/142/10
f 2635/143/10 2594/142/10 2595/144/10
f 2634/145/10 2635/143/10 2595/144/10
f 2634/145/10 2595/144/10 2596/146/10
f 2633/147/10 2634/145/10 2596/146/10
f 2633/147/10 2596/146/10 2597/148/10
f 2632/149/10 2633/147/10 2597/148/10
f 2632/149/10 2597/148/10 2598/150/10
f 2631/151/10 2632/149/10 2598/150/10
f 2631/151/10 2598/150/10 2599/152/10
f 2630/153/10 2631/151/10 2599/152/10
f 2630/153/10 2599/152/10 2600/154/10
f 2629/155/10 2630/153/10 2600/154/10
f 2629/155/10 2600/154/10 2601/156/10
f 2628/157/10 2629/155/10 2601/156/10
f 2628/157/10 2601/156/10 2602/158/10
f 2627/159/10 2628/157/10 2602/158/10
f 2627/159/10 2602/158/10 2603/160/10
f 2626/161/10 2627/159/10 2603/160/10
f 2626/161/10 2603/160/10 2604/162/10
f 2625/163/10 2626/161/10 2604/162/10
f 2625/163/10 2604/162/10 2605/164/10
f 2624/165/10 2625/163/10 2605/164/10
f 2624/165/10 2605/164/10 2606/166/10
f 2623/167/10 2624/165/10 2606/166/10
f 2623/167/10 2606/166/10 2607/168/10
f 2622/169/10 2623/167/10 2607/168/10
f 2622/169/10 2607/168/10 2608/170/10
f 2621/171/10 2622/169/10 2608/170/10
f 2621/171/10 2608/170/10 2609/172/10
f 2620/173/10 2621/171/10 2609/172/10
f 2620/173/10 2609/172/10 2610/174/10
f 2619/175/10 2620/173/10 2610/174/10
f 2619/175/10 2610/174/10 2611/176/10
f 2618/177/10 2619/175/10 2611/176/10
f 2618/177/10 2611/176/10 2612/178/10
f 2617/179/10 2618/177/10 2612/178/10
f 2617/179/10 2612/178/10 2613/180/10
f 2616/181/10 2617/179/10 2613/180/10
f 2616/181/10 2613/180/10 2614/182/10
f 2615/183/10 2616/181/10 2614/182/10
f 2819/184/10 2820/186/10 2821/185/10
f 2819/184/10 2821/185/10 2822/187/10
f 2818/188/10 2819/184/10 2822/187/10
f 2818/188/10 2822/187/10 2823/189/10
f 2818/188/10 2823/189/10 2824/190/10
f 2817/191/10 2818/188/10 2824/190/10
f 2817/191/10 2824/190/10 2825/192/10
f 2817/191/10 2825/192/10 2826/193/10
f 2816/194/10 2817/191/10 2826/193/10
f 2816/194/10 2826/193/10 2827/195/10
f 2816/194/10 2827/195/10 2828/196/10
f 2815/197/10 2816/194/10 2828/196/10
f 2815/197/10 2828/196/10 2829/198/10
f 2814/199/10 2815/197/10 2829/198/10
f 2814/199/10 2829/198/10 2830/200/10
f 2814/199/10 2830/200/10 2831/201/10
f 2813/202/10 2814/199/10 2831/201/10
f 2813/202/10 2831/201/10 2832/203/10
f 2813/202/10 2832/203/10 2833/204/10
f 2812/205/10 2813/202/10 2833/204/10
f 2812/205/10 2833/204/10 2834/206/10
f 2811/207/10 2812/205/10 2834/206/10
f 2811/207/10 2834/206/10 2835/208/10
f 2811/207/10 2835/208/10 2836/209/10
f 2810/210/10 2811/207/10 2836/209/10
f 2810/210/10 2836/209/10 2837/211/10
f 2810/210/10 2837/211/10 2838/212/10
f 2809/213/10 2810/210/10 2838/212/10
f 2809/213/10 2838/212/10 2839/214/10
f 2809/213/10 2839/214/10 2840/215/10
f 2808/216/10 2809/213/10 2840/215/10
f 2808/216/10 2840/215/10 2841/217/10
f 2808/216/10 2841/217/10 2842/218/10
f 2807/219/10 2808/216/10 2842/218/10
f 2807/219/10 2842/218/10 2843/220/10
f 2807/219/10 2843/220/10 2844/221/10
f 2806/222/10 2807/219/10 2844/221/10
f 2806/222/10 2844/221/10 2845/223/10
f 2806/222/10 2845/223/10 2846/224/10
f 2806/222/10 2846/224/10 2847/225/10
f 2806/222/10 2847/225/10 2848/226/10
f 2806/222/10 2848/226/10 2849/227/10
f 2805/228/10 2806/222/10 2989/229/10
f 2989/229/10 2806/222/10 2988/230/10
f 2988/230/10 2806/222/10 2849/227/10
f 2988/230/10 2849/227/10 2850/231/10
f 2988/230/10 2850/231/10 2851/232/10
f 2987/233/11 2988/230/11 2851/232/11
f 2986/234/10 2987/233/10 2851/232/10
f 2985/235/10 2986/234/10 2851/232/10
f 2984/236/10 2985/235/10 2851/232/10
f 2983/237/10 2984/236/10 2851/232/10
f 2805/228/10 2989/229/10 2990/238/10
f 2982/239/10 2983/237/10 2851/232/10
f 2981/240/10 2982/239/10 2851/232/10
f 2980/241/10 2981/240/10 2851/232/10
f 2979/242/10 2980/241/10 2851/232/10
f 2978/243/10 2979/242/10 2851/232/10
f 2805/228/10 2990/238/10 2991/244/10
f 2977/245/10 2978/243/10 2851/232/10
f 2976/246/10 2977/245/10 2851/232/10
f 2975/247/10 2976/246/10 2851/232/10
f 2975/247/10 2851/232/10 2852/248/10
f 2974/249/10 2975/247/10 2852/248/10
f 2973/250/10 2974/249/10 2852/248/10
f 2805/228/10 2991/244/10 2992/251/10
f 2972/252/10 2973/250/10 2852/248/10
f 2971/253/10 2972/252/10 2852/248/10
f 2970/254/10 2971/253/10 2852/248/10
f 2970/254/10 2852/248/10 2853/255/10
f 2969/256/10 2970/254/10 2853/255/10
f 2968/257/10 2969/256/10 2853/255/10
f 2805/228/10 2992/251/10 2993/258/10
f 2967/259/10 2968/257/10 2853/255/10
f 2966/260/10 2967/259/10 2853/255/10
f 2966/260/10 2853/255/10 2854/261/10
f 2965/262/10 2966/260/10 2854/261/10
f 2964/263/10 2965/262/10 2854/261/10
f 2805/228/10 2993/258/10 2994/264/10
f 2963/265/10 2964/263/10 2854/261/10
f 2963/265/10 2854/261/10 2855/266/10
f 2804/267/10 2805/228/10 2994/264/10
f 2963/265/10 2855/266/10 2856/268/10
f 2804/267/10 2994/264/10 2995/269/10
f 2962/270/10 2963/265/10 2856/268/10
f 2962/270/10 2856/268/10 2857/271/10
f 2961/272/10 2962/270/10 2857/271/10
f 2961/272/10 2857/271/10 2858/273/10
f 2804/267/10 2995/269/10 2996/274/10
f 2961/272/10 2858/273/10 2859/275/10
f 2960/276/10 2961/272/10 2859/275/10
f 2804/267/10 2996/274/10 2997/277/10
f 2960/276/10 2859/275/10 2860/278/10
f 2959/279/10 2960/276/10 2860/278/10
f 2803/280/10 2804/267/10 2997/277/10
f 2959/279/10 2860/278/10 2861/281/10
f 2958/282/10 2959/279/10 2861/281/10
f 2803/280/10 2997/277/10 2998/283/10
f 2958/282/10 2861/281/10 2862/284/10
f 2957/285/10 2958/282/10 2862/284/10
f 2803/280/10 2998/283/10 2999/286/10
f 2957/285/10 2862/284/10 2863/287/10
f 2956/288/10 2957/285/10 2863/287/10
f 2956/288/10 2863/287/10 2864/289/10
f 2955/290/10 2956/288/10 2864/289/10
f 2802/291/10 2803/280/10 2999/286/10
f 2802/291/10 2999/286/10 3000/292/10
f 2954/293/10 2955/290/10 2864/289/10
f 2954/293/10 2864/289/10 2865/294/10
f 2953/295/10 2954/293/10 2865/294/10
f 2953/295/10 2865/294/10 2866/296/10
f 2952/297/10 2953/295/10 2866/296/10
f 2802/291/10 3000/292/10 3001/298/10
f 2952/297/10 2866/296/10 2867/299/10
f 2951/300/10 2952/297/10 2867/299/10
f 2950/301/10 2951/300/10 2867/299/10
f 2950/301/10 2867/299/10 2868/302/10
f 2801/303/10 2802/291/10 3001/298/10
f 2801/303/10 3001/298/10 3002/304/10
f 2949/305/10 2950/301/10 2868/302/10
f 2949/305/10 2868/302/10 2869/306/10
f 2948/307/10 2949/305/10 2869/306/10
f 2947/308/10 2948/307/10 2869/306/10
f 2947/308/10 2869/306/10 2870/309/10
f 2801/303/10 3002/304/10 3003/310/10
f 2946/311/10 2947/308/10 2870/309/10
f 2946/311/10 2870/309/10 2871/312/10
f 2945/313/10 2946/311/10 2871/312/10
f 2800/314/10 2801/303/10 3003/310/10
f 2944/315/10 2945/313/10 2871/312/10
f 2944/315/10 2871/312/10 2872/316/10
f 2800/314/10 3003/310/10 3004/317/10
f 2943/318/10 2944/315/10 2872/316/10
f 2942/319/10 2943/318/10 2872/316/10
f 2942/319/10 2872/316/10 2873/320/10
f 2941/321/10 2942/319/10 2873/320/10
f 2940/322/10 2941/321/10 2873/320/10
f 2800/314/10 3004/317/10 3005/323/10
f 2940/322/10 2873/320/10 2874/324/10
f 2939/325/10 2940/322/10 2874/324/10
f 2799/326/10 2800/314/10 3005/323/10
f 2939/325/10 2874/324/10 2875/327/10
f 2799/326/10 3005/323/10 3006/328/10
f 2938/329/10 2939/325/10 2875/327/10
f 2938/329/10 2875/327/10 2876/330/10
f 2938/329/10 2876/330/10 2877/331/10
f 2799/326/10 3006/328/10 3007/332/10
f 2937/333/10 2938/329/10 2877/331/10
f 2798/334/10 2799/326/10 3007/332/10
f 2937/333/10 2877/331/10 2878/335/10
f 2798/334/10 3007/332/10 3008/336/10
f 2937/333/10 2878/335/10 2879/337/10
f 2936/338/10 2937/333/10 2879/337/10
f 2936/338/10 2879/337/10 2880/339/10
f 2798/334/10 3008/336/10 3009/340/10
f 2797/341/10 2798/334/10 3009/340/10
f 2936/338/10 2880/339/10 2881/342/10
f 2935/343/10 2936/338/10 2881/342/10
f 2797/341/10 3009/340/10 3010/344/10
f 2935/343/10 2881/342/10 2882/345/10
f 2934/346/10 2935/343/10 2882/345/10
f 2796/347/10 2797/341/10 3010/344/10
f 2796/347/10 3010/344/10 3011/348/10
f 2796/347/10 3011/348/10 3012/349/10
f 2934/346/10 2882/345/10 2883/350/10
f 2933/351/10 2934/346/10 2883/350/10
f 2795/352/10 2796/347/10 3012/349/10
f 2795/352/10 3012/349/10 3013/353/10
f 2933/351/10 2883/350/10 2884/354/10
f 2932/355/10 2933/351/10 2884/354/10
f 2795/352/10 3013/353/10 3014/356/10
f 2932/355/10 2884/354/10 2885/357/10
f 2794/358/10 2795/352/10 3014/356/10
f 2931/359/10 2932/355/10 2885/357/10
f 2794/358/10 3014/356/10 3015/360/10
f 2931/359/10 2885/357/10 2886/361/10
f 2794/358/10 3015/360/10 3016/362/10
f 2793/363/10 2794/358/10 3016/362/10
f 2930/364/10 2931/359/10 2886/361/10
f 2793/363/10 3016/362/10 3017/365/10
f 2930/364/10 2886/361/10 2887/366/10
f 2793/363/10 3017/365/10 3018/367/10
f 2930/364/10 2887/366/10 2888/368/10
f 2929/369/10 2930/364/10 2888/368/10
f 2792/370/10 2793/363/10 3018/367/10
f 2792/370/10 3018/367/10 3019/371/10
f 2929/369/10 2888/368/10 2889/372/10
f 2792/370/10 3019/371/10 3020/373/10
f 2929/369/10 2889/372/10 2890/374/10
f 2791/375/10 2792/370/10 3020/373/10
f 2791/375/10 3020/373/10 3021/376/10
f 2928/377/10 2929/369/10 2890/374/10
f 2928/377/10 2890/374/10 2891/378/10
f 2791/375/10 3021/376/10 3022/379/10
f 2791/375/10 3022/379/10 3023/380/10
f 2928/377/10 2891/378/10 2892/381/10
f 2790/382/10 2791/375/10 3023/380/10
f 3059/66/10 2928/377/10 2892/381/10
f 2790/382/10 3023/380/10 3024/383/10
f 3059/66/10 2892/381/10 2893/384/10
f 3058/385/10 3059/66/10 2893/384/10
f 3058/385/10 2893/384/10 2894/386/10
f 3058/385/10 2894/386/10 2895/387/10
f 3057/388/10 3058/385/10 2895/387/10
f 2790/382/10 3024/383/10 3025/389/10
f 3057/388/10 2895/387/10 2896/390/10
f 3056/391/10 3057/388/10 2896/390/10
f 3056/391/10 2896/390/10 2897/392/10
f 2790/382/10 3025/389/10 3026/393/10
f 3055/394/10 3056/391/10 2897/392/10
f 3055/394/10 2897/392/10 2898/395/10
f 2789/396/10 2790/382/10 3026/393/10
f 3054/397/10 3055/394/10 2898/395/10
f 2789/396/10 3026/393/10 3027/398/10
f 3053/399/10 3054/397/10 2898/395/10
f 3053/399/10 2898/395/10 2899/400/10
f 3052/401/10 3053/399/10 2899/400/10
f 2789/396/10 3027/398/10 3028/402/10
f 3051/403/10 3052/401/10 2899/400/10
f 3051/403/10 2899/400/10 2900/404/10
f 3050/405/10 3051/403/10 2900/404/10
f 2789/396/10 3028/402/10 3029/406/10
f 3049/407/10 3050/405/10 2900/404/10
f 3049/407/10 2900/404/10 2901/408/10
f 3048/409/10 3049/407/10 2901/408/10
f 2789/396/10 3029/406/10 3030/410/10
f 2788/411/10 2789/396/10 3030/410/10
f 3047/412/10 3048/409/10 2901/408/10
f 3046/413/10 3047/412/10 2901/408/10
f 2788/411/10 3030/410/10 3031/414/10
f 3045/415/10 3046/413/10 2901/408/10
f 3045/415/10 2901/408/10 2902/416/10
f 2788/411/10 3031/414/10 3032/417/10
f 3044/418/10 3045/415/10 2902/416/10
f 3043/419/10 3044/418/10 2902/416/10
f 2788/411/10 3032/417/10 3033/420/10
f 3042/421/10 3043/419/10 2902/416/10
f 3041/422/10 3042/421/10 2902/416/10
f 2788/411/10 3033/420/10 3034/423/10
f 3040/424/10 3041/422/10 2902/416/10
f 3039/425/10 3040/424/10 2902/416/10
f 2788/411/10 3034/423/10 3035/426/10
f 3038/427/10 3039/425/10 2902/416/10
f 3038/427/10 2902/416/10 2903/428/10
f 3037/429/10 3038/427/10 2903/428/10
f 2788/411/10 3035/426/10 3036/430/10
f 3036/430/10 3037/429/10 2903/428/10
f 2788/411/10 3036/430/10 2903/428/10
f 2787/431/10 2788/411/10 2903/428/10
f 2787/431/10 2903/428/10 2904/432/10
f 2787/431/10 2904/432/10 2905/433/10
f 2786/434/10 2787/431/10 2905/433/10
f 2786/434/10 2905/433/10 2906/435/10
f 2786/434/10 2906/435/10 2907/436/10
f 2785/437/10 2786/434/10 2907/436/10
f 2785/437/10 2907/436/10 2908/438/10
f 2785/437/10 2908/438/10 2909/439/10
f 2784/440/10 2785/437/10 2909/439/10
f 2784/440/10 2909/439/10 2910/441/10
f 2784/440/10 2910/441/10 2911/442/10
f 2784/440/10 2911/442/10 2912/443/10
f 2783/444/10 2784/440/10 2912/443/10
f 2783/444/10 2912/443/10 2913/445/10
f 2783/444/10 2913/445/10 2914/446/10
f 2783/444/10 2914/446/10 2915/447/10
f 2783/444/10 2915/447/10 2916/448/10
f 2783/444/10 2916/448/10 2917/449/10
f 2782/450/10 2783/444/10 2917/449/10
f 2782/450/10 2917/449/10 2918/451/10
f 2782/450/10 2918/451/10 2748/452/10
f 2748/452/10 2918/451/10 2919/453/10
f 2781/454/10 2782/450/10 2748/452/10
f 2781/454/10 2748/452/10 2749/455/10
f 2747/456/10 2748/452/10 2919/453/10
f 2747/456/10 2919/453/10 2920/457/10
f 2781/454/10 2749/455/10 2750/458/10
f 2747/456/10 2920/457/10 2921/459/10
f 2781/454/10 2750/458/10 2751/460/10
f 2746/461/10 2747/456/10 2921/459/10
f 2780/462/10 2781/454/10 2751/460/10
f 2746/461/10 2921/459/10 2922/463/10
f 2780/462/10 2751/460/10 2752/464/10
f 2746/461/10 2922/463/10 2923/465/10
f 2780/462/10 2752/464/10 2753/466/10
f 2745/467/10 2746/461/10 2923/465/10
f 2779/468/10 2780/462/10 2753/466/10
f 2745/467/10 2923/465/10 2924/469/10
f 2779/468/10 2753/466/10 2754/470/10
f 2779/468/10 2754/470/10 2755/471/10
f 2745/467/10 2924/469/10 2925/472/10
f 2744/473/10 2745/467/10 2925/472/10
f 2779/468/10 2755/471/10 2756/474/10
f 2778/475/10 2779/468/10 2756/474/10
f 2744/473/10 2925/472/10 2926/476/10
f 2778/475/10 2756/474/10 2757/477/10
f 2744/473/10 2926/476/10 2927/478/10
f 2778/475/10 2757/477/10 2758/479/10
f 2743/480/10 2744/473/10 2927/478/10
f 2777/481/10 2778/475/10 2758/479/10
f 2777/481/10 2758/479/10 2759/482/10
f 2743/480/10 2927/478/10 2724/73/10
f 2777/481/10 2759/482/10 2760/483/10
f 2743/480/10 2724/73/10 2725/484/10
f 2742/485/10 2743/480/10 2725/484/10
f 2777/481/10 2760/483/10 2761/486/10
f 2776/487/10 2777/481/10 2761/486/10
f 2776/487/10 2761/486/10 2762/488/10
f 2742/485/10 2725/484/10 2726/489/10
f 2776/487/10 2762/488/10 2763/490/10
f 2775/491/10 2776/487/10 2763/490/10
f 2741/492/10 2742/485/10 2726/489/10
f 2741/492/10 2726/489/10 2727/493/10
f 2775/491/10 2763/490/10 2764/494/10
f 2775/491/10 2764/494/10 2765/495/10
f 2741/492/10 2727/493/10 2728/496/10
f 2774/497/10 2775/491/10 2765/495/10
f 2774/497/10 2765/495/10 2766/498/10
f 2740/499/10 2741/492/10 2728/496/10
f 2774/497/10 2766/498/10 2767/500/10
f 2740/499/10 2728/496/10 2729/501/10
f 2774/497/10 2767/500/10 2768/502/10
f 2773/503/10 2774/497/10 2768/502/10
f 2773/503/10 2768/502/10 2769/504/10
f 2773/503/10 2769/504/10 2770/505/10
f 2740/499/10 2729/501/10 2730/506/10
f 2772/507/10 2773/503/10 2770/505/10
f 2772/507/10 2770/505/10 2771/508/10
f 2739/509/10 2740/499/10 2730/506/10
f 2739/509/10 2730/506/10 2731/510/10
f 2738/511/10 2739/509/10 2731/510/10
f 2738/511/10 2731/510/10 2732/512/10
f 2738/511/10 2732/512/10 2733/513/10
f 2737/514/10 2738/511/10 2733/513/10
f 2737/514/10 2733/513/10 2734/515/10
f 2737/514/10 2734/515/10 2735/516/10
f 2736/517/10 2737/514/10 2735/516/10
f 3119/518/10 3120/520/10 3121/519/10
f 3119/518/10 3121/519/10 3122/521/10
f 3118/522/10 3119/518/10 3122/521/10
f 3118/522/10 3122/521/10 3123/523/10
f 3118/522/10 3123/523/10 3124/524/10
f 3117/525/10 3118/522/10 3124/524/10
f 3117/525/10 3124/524/10 3125/526/10
f 3117/525/10 3125/526/10 3126/527/10
f 3116/528/10 3117/525/10 3126/527/10
f 3116/528/10 3126/527/10 3127/529/10
f 3116/528/10 3127/529/10 3128/530/10
f 3115/531/10 3116/528/10 3128/530/10
f 3115/531/10 3128/530/10 3129/532/10
f 3115/531/10 3129/532/10 3130/533/10
f 3114/534/10 3115/531/10 3130/533/10
f 3114/534/10 3130/533/10 3131/535/10
f 3114/534/10 3131/535/10 3132/536/10
f 3113/537/10 3114/534/10 3132/536/10
f 3113/537/10 3132/536/10 3133/538/10
f 3112/539/10 3113/537/10 3133/538/10
f 3112/539/10 3133/538/10 3134/540/10
f 3112/539/10 3134/540/10 3135/541/10
f 3111/542/10 3112/539/10 3135/541/10
f 3111/542/10 3135/541/10 3136/543/10
f 3110/544/10 3111/542/10 3136/543/10
f 3110/544/10 3136/543/10 3137/545/10
f 3110/544/10 3137/545/10 3138/546/10
f 3109/547/10 3110/544/10 3138/546/10
f 3109/547/10 3138/546/10 3139/548/10
f 3108/375/10 3109/547/10 3139/548/10
f 3108/375/10 3139/548/10 3140/549/10
f 3108/375/10 3140/549/10 3141/550/10
f 3107/551/10 3108/375/10 3141/550/10
f 3107/551/10 3141/550/10 3142/552/10
f 3106/553/10 3107/551/10 3254/554/10
f 3254/554/10 3107/551/10 3253/555/10
f 3253/555/10 3107/551/10 3142/552/10
f 3253/555/10 3142/552/10 3252/251/10
f 3252/251/10 3142/552/10 3143/556/10
f 3251/557/10 3252/251/10 3143/556/10
f 3106/553/10 3254/554/10 3255/558/10
f 3250/559/10 3251/557/10 3143/556/10
f 3106/553/10 3255/558/10 3256/560/10
f 3249/561/10 3250/559/10 3143/556/10
f 3106/553/10 3256/560/10 3257/562/10
f 3248/563/10 3249/561/10 3143/556/10
f 3247/564/10 3248/563/10 3143/556/10
f 3106/553/10 3257/562/10 3258/565/10
f 3246/566/10 3247/564/10 3143/556/10
f 3106/553/10 3258/565/10 3259/567/10
f 3105/568/10 3106/553/10 3259/567/10
f 3245/569/10 3246/566/10 3143/556/10
f 3105/568/10 3259/567/10 3260/570/10
f 3244/571/10 3245/569/10 3143/556/10
f 3244/571/10 3143/556/10 3144/572/10
f 3105/568/10 3260/570/10 3261/573/10
f 3243/574/10 3244/571/10 3144/572/10
f 3242/575/10 3243/574/10 3144/572/10
f 3105/568/10 3261/573/10 3262/576/10
f 3241/577/10 3242/575/10 3144/572/10
f 3105/568/10 3262/576/10 3263/578/10
f 3300/66/10 3241/577/10 3144/572/10
f 3105/568/10 3263/578/10 3264/579/10
f 3300/66/10 3144/572/10 3145/580/10
f 3104/581/10 3105/568/10 3264/579/10
f 3299/582/10 3300/66/10 3145/580/10
f 3104/581/10 3264/579/10 3265/583/10
f 3298/584/10 3299/582/10 3145/580/10
f 3104/581/10 3265/583/10 3266/585/10
f 3298/584/10 3145/580/10 3146/586/10
f 3297/587/10 3298/584/10 3146/586/10
f 3104/581/10 3266/585/10 3267/588/10
f 3296/589/10 3297/587/10 3146/586/10
f 3103/590/10 3104/581/10 3267/588/10
f 3296/589/10 3146/586/10 3147/591/10
f 3295/592/10 3296/589/10 3147/591/10
f 3103/590/10 3267/588/10 3268/593/10
f 3294/594/10 3295/592/10 3147/591/10
f 3103/590/10 3268/593/10 3269/595/10
f 3294/594/10 3147/591/10 3148/596/10
f 3293/597/10 3294/594/10 3148/596/10
f 3103/590/10 3269/595/10 3270/598/10
f 3292/599/10 3293/597/10 3148/596/10
f 3102/600/10 3103/590/10 3270/598/10
f 3292/599/10 3148/596/10 3149/601/10
f 3291/602/10 3292/599/10 3149/601/10
f 3102/600/10 3270/598/10 3271/603/10
f 3290/604/10 3291/602/10 3149/601/10
f 3290/604/10 3149/601/10 3150/605/10
f 3102/600/10 3271/603/10 3272/606/10
f 3289/607/10 3290/604/10 3150/605/10
f 3101/608/10 3102/600/10 3272/606/10
f 3289/607/10 3150/605/10 3151/609/10
f 3288/610/10 3289/607/10 3151/609/10
f 3101/608/10 3272/606/10 3273/611/10
f 3287/612/10 3288/610/10 3151/609/10
f 3287/612/10 3151/609/10 3152/613/10
f 3286/614/10 3287/612/10 3152/613/10
f 3101/608/10 3273/611/10 3274/615/10
f 3285/616/10 3286/614/10 3152/613/10
f 3285/616/10 3152/613/10 3153/617/10
f 3100/618/10 3101/608/10 3274/615/10
f 3284/619/10 3285/616/10 3153/617/10
f 3100/618/10 3274/615/10 3275/620/10
f 3283/621/10 3284/619/10 3153/617/10
f 3283/621/10 3153/617/10 3154/622/10
f 3282/623/10 3283/621/10 3154/622/10
f 3281/624/10 3282/623/10 3154/622/10
f 3100/618/10 3275/620/10 3276/625/10
f 3281/624/10 3154/622/10 3155/626/10
f 3280/627/10 3281/624/10 3155/626/10
f 3099/628/10 3100/618/10 3276/625/10
f 3279/629/10 3280/627/10 3155/626/10
f 3279/629/10 3155/626/10 3156/273/10
f 3099/628/10 3276/625/10 3277/630/10
f 3278/631/10 3279/629/10 3156/273/10
f 3278/631/10 3156/273/10 3157/632/10
f 3277/630/10 3278/631/10 3157/632/10
f 3277/630/10 3157/632/10 3158/633/10
f 3099/628/10 3277/630/10 3158/633/10
f 3099/628/10 3158/633/10 3159/634/10
f 3098/635/10 3099/628/10 3159/634/10
f 3098/635/10 3159/634/10 3160/636/10
f 3098/635/10 3160/636/10 3161/637/10
f 3098/635/10 3161/637/10 3162/638/10
f 3098/635/10 3162/638/10 3163/639/10
f 3098/635/10 3163/639/10 3164/640/10
f 3097/641/10 3098/635/10 3164/640/10
f 3097/641/10 3164/640/10 3165/642/10
f 3097/641/10 3165/642/10 3166/643/10
f 3097/641/10 3166/643/10 3167/644/10
f 3096/645/10 3097/641/10 3167/644/10
f 3096/645/10 3167/644/10 3168/646/10
f 3096/645/10 3168/646/10 3169/647/10
f 3095/648/10 3096/645/10 3169/647/10
f 3094/649/10 3095/648/10 3169/647/10
f 3093/650/10 3094/649/10 3169/647/10
f 3092/651/10 3093/650/10 3169/647/10
f 3092/651/10 3169/647/10 3170/652/10
f 3216/653/10 3217/655/10 3218/654/10
f 3215/656/10 3216/653/10 3218/654/10
f 3215/656/10 3218/654/10 3219/657/10
f 3214/658/10 3215/656/10 3219/657/10
f 3214/658/10 3219/657/10 3220/659/10
f 3213/660/10 3214/658/10 3220/659/10
f 3212/661/10 3213/660/10 3220/659/10
f 3212/661/10 3220/659/10 3221/662/10
f 3092/651/10 3170/652/10 3171/663/10
f 3211/664/10 3212/661/10 3221/662/10
f 3211/664/10 3221/662/10 3222/665/10
f 3210/666/10 3211/664/10 3222/665/10
f 3092/651/10 3171/663/10 3172/667/10
f 3209/668/10 3210/666/10 3222/665/10
f 3209/668/10 3222/665/10 3223/669/10
f 3091/670/10 3092/651/10 3172/667/10
f 3208/671/10 3209/668/10 3223/669/10
f 3091/670/10 3172/667/10 3173/672/10
f 3208/671/10 3223/669/10 3224/673/10
f 3207/674/10 3208/671/10 3224/673/10
f 3091/670/10 3173/672/10 3174/675/10
f 3206/676/10 3207/674/10 3224/673/10
f 3206/676/10 3224/673/10 3225/677/10
f 3091/670/10 3174/675/10 3175/678/10
f 3205/679/10 3206/676/10 3225/677/10
f 3205/679/10 3225/677/10 3226/680/10
f 3091/670/10 3175/678/10 3176/681/10
f 3204/472/10 3205/679/10 3226/680/10
f 3090/682/10 3091/670/10 3176/681/10
f 3090/682/10 3176/681/10 3177/683/10
f 3204/472/10 3226/680/10 3227/684/10
f 3090/682/10 3177/683/10 3178/685/10
f 3203/686/10 3204/472/10 3227/684/10
f 3090/682/10 3178/685/10 3179/687/10
f 3202/688/10 3203/686/10 3227/684/10
f 3090/682/10 3179/687/10 3180/149/10
f 3202/688/10 3227/684/10 3228/689/10
f 3201/690/10 3202/688/10 3228/689/10
f 3090/682/10 3180/149/10 3181/691/10
f 3090/682/10 3181/691/10 3182/692/10
f 3200/693/10 3201/690/10 3228/689/10
f 3089/694/10 3090/682/10 3182/692/10
f 3089/694/10 3182/692/10 3183/695/10
f 3200/693/10 3228/689/10 3229/696/10
f 3199/697/10 3200/693/10 3229/696/10
f 3089/694/10 3183/695/10 3184/698/10
f 3089/694/10 3184/698/10 3185/699/10
f 3198/700/10 3199/697/10 3229/696/10
f 3089/694/10 3185/699/10 3186/701/10
f 3197/702/10 3198/700/10 3229/696/10
f 3089/694/10 3186/701/10 3187/703/10
f 3089/694/10 3187/703/10 3188/704/10
f 3196/705/10 3197/702/10 3229/696/10
f 3089/694/10 3188/704/10 3189/706/10
f 3195/707/10 3196/705/10 3229/696/10
f 3195/707/10 3229/696/10 3230/708/10
f 3089/694/10 3189/706/10 3190/709/10
f 3089/694/10 3190/709/10 3191/710/10
f 3194/711/10 3195/707/10 3230/708/10
f 3089/694/10 3191/710/10 3192/712/10
f 3193/713/10 3194/711/10 3230/708/10
f 3089/694/10 3192/712/10 3193/713/10
f 3089/694/10 3193/713/10 3230/708/10
f 3088/714/10 3089/694/10 3230/708/10
f 3088/714/10 3230/708/10 3231/715/10
f 3087/716/10 3088/714/10 3231/715/10
f 3087/716/10 3231/715/10 3232/717/10
f 3087/716/10 3232/717/10 3233/718/10
f 3086/719/10 3087/716/10 3233/718/10
f 3086/719/10 3233/718/10 3234/720/10
f 3085/721/10 3086/719/10 3234/720/10
f 3085/721/10 3234/720/10 3235/722/10
f 3085/721/10 3235/722/10 3236/723/10
f 3084/724/10 3085/721/10 3236/723/10
f 3084/724/10 3236/723/10 3237/725/10
f 3083/726/10 3084/724/10 3237/725/10
f 3083/726/10 3237/725/10 3238/727/10
f 3083/726/10 3238/727/10 3239/728/10
f 3082/729/10 3083/726/10 3239/728/10
f 3082/729/10 3239/728/10 3240/730/10
f 3081/731/10 3082/729/10 3240/730/10
f 3081/731/10 3240/730/10 3060/73/10
f 3080/732/10 3081/731/10 3060/73/10
f 3080/732/10 3060/73/10 3061/733/10
f 3079/734/10 3080/732/10 3061/733/10
f 3079/734/10 3061/733/10 3062/735/10
f 3079/734/10 3062/735/10 3063/736/10
f 3078/737/10 3079/734/10 3063/736/10
f 3078/737/10 3063/736/10 3064/738/10
f 3077/739/10 3078/737/10 3064/738/10
f 3077/739/10 3064/738/10 3065/740/10
f 3077/739/10 3065/740/10 3066/741/10
f 3076/742/10 3077/739/10 3066/741/10
f 3076/742/10 3066/741/10 3067/743/10
f 3075/744/10 3076/742/10 3067/743/10
f 3075/744/10 3067/743/10 3068/745/10
f 3074/746/10 3075/744/10 3068/745/10
f 3074/746/10 3068/745/10 3069/747/10
f 3074/746/10 3069/747/10 3070/748/10
f 3073/749/10 3074/746/10 3070/748/10
f 3073/749/10 3070/748/10 3071/750/10
f 3072/751/10 3073/749/10 3071/750/10
f 3362/752/10 3363/754/10 3364/753/10
f 3361/755/10 3362/752/10 3364/753/10
f 3361/755/10 3364/753/10 3365/756/10
f 3360/757/10 3361/755/10 3365/756/10
f 3360/757/10 3365/756/10 3366/758/10
f 3359/759/10 3360/757/10 3366/758/10
f 3359/759/10 3366/758/10 3367/760/10
f 3358/761/10 3359/759/10 3367/760/10
f 3358/761/10 3367/760/10 3368/762/10
f 3357/763/10 3358/761/10 3368/762/10
f 3357/763/10 3368/762/10 3369/251/10
f 3356/764/10 3357/763/10 3369/251/10
f 3356/764/10 3369/251/10 3370/765/10
f 3355/766/10 3356/764/10 3370/765/10
f 3355/766/10 3370/765/10 3371/767/10
f 3354/768/10 3355/766/10 3371/767/10
f 3354/768/10 3371/767/10 3372/769/10
f 3353/770/10 3354/768/10 3372/769/10
f 3353/770/10 3372/769/10 3373/771/10
f 3352/472/10 3353/770/10 3373/771/10
f 3352/472/10 3373/771/10 3374/772/10
f 3351/773/10 3352/472/10 3374/772/10
f 3351/773/10 3374/772/10 3375/774/10
f 3350/775/10 3351/773/10 3375/774/10
f 3350/775/10 3375/774/10 3376/776/10
f 3349/777/10 3350/775/10 3376/776/10
f 3349/777/10 3376/776/10 3377/778/10
f 3348/779/10 3349/777/10 3377/778/10
f 3348/779/10 3377/778/10 3378/780/10
f 3347/781/10 3348/779/10 3378/780/10
f 3347/781/10 3378/780/10 3379/782/10
f 3346/783/10 3347/781/10 3379/782/10
f 3346/783/10 3379/782/10 3380/784/10
f 3345/785/10 3346/783/10 3380/784/10
f 3345/785/10 3380/784/10 3381/786/10
f 3344/787/10 3345/785/10 3381/786/10
f 3344/787/10 3381/786/10 3382/788/10
f 3343/789/10 3344/787/10 3382/788/10
f 3343/789/10 3382/788/10 3383/790/10
f 3342/791/10 3343/789/10 3383/790/10
f 3342/791/10 3383/790/10 3384/792/10
f 3341/793/10 3342/791/10 3384/792/10
f 3341/793/10 3384/792/10 3385/794/10
f 3340/795/10 3341/793/10 3385/794/10
f 3340/795/10 3385/794/10 3386/66/10
f 3339/796/10 3340/795/10 3386/66/10
f 3339/796/10 3386/66/10 3301/73/10
f 3338/797/10 3339/796/10 3301/73/10
f 3338/797/10 3301/73/10 3302/798/10
f 3338/797/10 3302/798/10 3303/799/10
f 3338/797/10 3303/799/10 3304/800/10
f 3337/801/10 3338/797/10 3304/800/10
f 3337/801/10 3304/800/10 3305/802/10
f 3336/803/10 3337/801/10 3305/802/10
f 3335/273/10 3336/803/10 3305/802/10
f 3334/804/10 3335/273/10 3305/802/10
f 3334/804/10 3305/802/10 3306/805/10
f 3333/806/10 3334/804/10 3306/805/10
f 3332/807/10 3333/806/10 3306/805/10
f 3332/807/10 3306/805/10 3307/808/10
f 3331/809/10 3332/807/10 3307/808/10
f 3330/810/10 3331/809/10 3307/808/10
f 3329/811/10 3330/810/10 3307/808/10
f 3329/811/10 3307/808/10 3308/812/10
f 3328/813/10 3329/811/10 3308/812/10
f 3327/814/10 3328/813/10 3308/812/10
f 3327/814/10 3308/812/10 3309/815/10
f 3326/816/10 3327/814/10 3309/815/10
f 3325/817/10 3326/816/10 3309/815/10
f 3325/817/10 3309/815/10 3310/818/10
f 3324/819/10 3325/817/10 3310/818/10
f 3323/820/10 3324/819/10 3310/818/10
f 3322/821/10 3323/820/10 3310/818/10
f 3322/821/10 3310/818/10 3311/822/10
f 3321/823/10 3322/821/10 3311/822/10
f 3320/824/10 3321/823/10 3311/822/10
f 3320/824/10 3311/822/10 3312/825/10
f 3319/826/10 3320/824/10 3312/825/10
f 3318/375/10 3319/826/10 3312/825/10
f 3318/375/10 3312/825/10 3313/827/10
f 3317/828/10 3318/375/10 3313/827/10
f 3316/829/10 3317/828/10 3313/827/10
f 3316/829/10 3313/827/10 3314/830/10
f 3315/831/10 3316/829/10 3314/830/10
f 3650/832/10 3651/834/10 3652/833/10
f 3649/835/10 3650/832/10 3652/833/10
f 3649/835/10 3652/833/10 3653/836/10
f 3648/837/10 3649/835/10 3653/836/10
f 3647/838/10 3648/837/10 3653/836/10
f 3647/838/10 3653/836/10 3654/839/10
f 3646/840/10 3647/838/10 3654/839/10
f 3646/840/10 3654/839/10 3655/841/10
f 3645/842/10 3646/840/10 3655/841/10
f 3644/843/10 3645/842/10 3655/841/10
f 3644/843/10 3655/841/10 3656/844/10
f 3643/845/10 3644/843/10 3656/844/10
f 3642/846/10 3643/845/10 3656/844/10
f 3642/846/10 3656/844/10 3657/847/10
f 3641/848/10 3642/846/10 3657/847/10
f 3641/848/10 3657/847/10 3658/849/10
f 3640/34/10 3641/848/10 3658/849/10
f 3614/850/10 3615/852/10 3616/851/10
f 3614/850/10 3616/851/10 3617/23/10
f 3614/850/10 3617/23/10 3618/853/10
f 3614/850/10 3618/853/10 3619/854/10
f 3614/850/10 3619/854/10 3620/855/10
f 3614/850/10 3620/855/10 3621/856/10
f 3614/850/10 3621/856/10 3622/857/10
f 3614/850/10 3622/857/10 3623/858/10
f 3614/850/10 3623/858/10 3624/859/10
f 3614/850/10 3624/859/10 3625/860/10
f 3613/861/10 3614/850/10 3625/860/10
f 3613/861/10 3625/860/10 3626/862/10
f 3613/861/10 3626/862/10 3627/863/10
f 3613/861/10 3627/863/10 3628/864/10
f 3613/861/10 3628/864/10 3629/865/10
f 3613/861/10 3629/865/10 3630/866/10
f 3613/861/10 3630/866/10 3631/867/10
f 3639/868/10 3640/34/10 3658/849/10
f 3613/861/10 3631/867/10 3632/869/10
f 3613/861/10 3632/869/10 3633/870/10
f 3613/861/10 3633/870/10 3634/871/10
f 3613/861/10 3634/871/10 3635/872/10
f 3612/873/10 3613/861/10 3635/872/10
f 3612/873/10 3635/872/10 3636/874/10
f 3639/868/10 3658/849/10 3659/875/10
f 3612/873/10 3636/874/10 3637/876/10
f 3612/873/10 3637/876/10 3638/877/10
f 3612/873/10 3638/877/10 3639/868/10
f 3612/873/10 3639/868/10 3659/875/10
f 3611/878/10 3612/873/10 3659/875/10
f 3611/878/10 3659/875/10 3660/879/10
f 3610/880/10 3611/878/10 3660/879/10
f 3610/880/10 3660/879/10 3661/881/10
f 3610/880/10 3661/881/10 3662/882/10
f 3609/883/10 3610/880/10 3662/882/10
f 3609/883/10 3662/882/10 3663/6/10
f 3608/884/10 3609/883/10 3663/6/10
f 3608/884/10 3663/6/10 3664/885/10
f 3608/884/10 3664/885/10 3665/886/10
f 3607/887/10 3608/884/10 3665/886/10
f 3607/887/10 3665/886/10 3666/888/10
f 3607/887/10 3666/888/10 3667/889/10
f 3606/890/10 3607/887/10 3667/889/10
f 3606/890/10 3667/889/10 3668/891/10
f 3606/890/10 3668/891/10 3669/892/10
f 3605/893/10 3606/890/10 3669/892/10
f 3605/893/10 3669/892/10 3670/894/10
f 3605/893/10 3670/894/10 3671/895/10
f 3604/896/10 3605/893/10 3671/895/10
f 3604/896/10 3671/895/10 3672/897/10
f 3604/896/10 3672/897/10 3673/898/10
f 3604/896/10 3673/898/10 3674/899/10
f 3603/900/10 3604/896/10 3435/901/10
f 3435/901/10 3604/896/10 3674/899/10
f 3435/901/10 3674/899/10 3434/902/10
f 3434/902/10 3674/899/10 3433/128/10
f 3433/128/10 3674/899/10 3432/903/10
f 3432/903/10 3674/899/10 3675/904/10
f 3603/900/10 3435/901/10 3436/905/10
f 3431/906/10 3432/903/10 3675/904/10
f 3430/907/10 3431/906/10 3675/904/10
f 3429/908/10 3430/907/10 3675/904/10
f 3603/900/10 3436/905/10 3437/909/10
f 3428/910/10 3429/908/10 3675/904/10
f 3427/911/10 3428/910/10 3675/904/10
f 3426/912/10 3427/911/10 3675/904/10
f 3425/913/10 3426/912/10 3675/904/10
f 3424/914/10 3425/913/10 3675/904/10
f 3603/900/10 3437/909/10 3438/915/10
f 3423/916/10 3424/914/10 3675/904/10
f 3422/917/10 3423/916/10 3675/904/10
f 3421/918/10 3422/917/10 3675/904/10
f 3420/919/10 3421/918/10 3675/904/10
f 3420/919/10 3675/904/10 3676/920/10
f 3603/900/10 3438/915/10 3439/921/10
f 3419/922/10 3420/919/10 3676/920/10
f 3418/923/10 3419/922/10 3676/920/10
f 3418/923/10 3676/920/10 3677/924/10
f 3417/925/10 3418/923/10 3677/924/10
f 3603/900/10 3439/921/10 3440/926/10
f 3602/927/10 3603/900/10 3440/926/10
f 3416/928/10 3417/925/10 3677/924/10
f 3416/928/10 3677/924/10 3678/929/10
f 3415/930/10 3416/928/10 3678/929/10
f 3602/927/10 3440/926/10 3441/931/10
f 3414/932/10 3415/930/10 3678/929/10
f 3414/932/10 3678/929/10 3679/933/10
f 3413/934/10 3414/932/10 3679/933/10
f 3413/934/10 3679/933/10 3680/935/10
f 3412/936/10 3413/934/10 3680/935/10
f 3602/927/10 3441/931/10 3442/937/10
f 3412/936/10 3680/935/10 3681/938/10
f 3411/939/10 3412/936/10 3681/938/10
f 3411/939/10 3681/938/10 3682/940/10
f 3410/115/10 3411/939/10 3682/940/10
f 3410/115/10 3682/940/10 3683/941/10
f 3602/927/10 3442/937/10 3443/942/10
f 3410/115/10 3683/941/10 3684/943/10
f 3409/944/10 3410/115/10 3684/943/10
f 3409/944/10 3684/943/10 3685/945/10
f 3601/946/10 3602/927/10 3443/942/10
f 3601/946/10 3443/942/10 3444/947/10
f 3409/944/10 3685/945/10 3686/66/10
f 3408/948/10 3409/944/10 3686/66/10
f 3408/948/10 3686/66/10 3387/73/10
f 3408/948/10 3387/73/10 3388/949/10
f 3407/950/10 3408/948/10 3388/949/10
f 3601/946/10 3444/947/10 3445/951/10
f 3407/950/10 3388/949/10 3389/952/10
f 3406/953/10 3407/950/10 3389/952/10
f 3406/953/10 3389/952/10 3390/954/10
f 3405/955/10 3406/953/10 3390/954/10
f 3405/955/10 3390/954/10 3391/956/10
f 3405/955/10 3391/956/10 3392/957/10
f 3404/958/10 3405/955/10 3392/957/10
f 3601/946/10 3445/951/10 3446/959/10
f 3404/958/10 3392/957/10 3393/960/10
f 3403/961/10 3404/958/10 3393/960/10
f 3600/962/10 3601/946/10 3446/959/10
f 3403/961/10 3393/960/10 3394/963/10
f 3402/964/10 3403/961/10 3394/963/10
f 3402/964/10 3394/963/10 3395/965/10
f 3402/964/10 3395/965/10 3396/966/10
f 3401/967/10 3402/964/10 3396/966/10
f 3401/967/10 3396/966/10 3397/968/10
f 3400/969/10 3401/967/10 3397/968/10
f 3400/969/10 3397/968/10 3398/970/10
f 3399/971/10 3400/969/10 3398/970/10
f 3600/962/10 3446/959/10 3447/972/10
f 3600/962/10 3447/972/10 3448/973/10
f 3599/974/10 3600/962/10 3448/973/10
f 3599/974/10 3448/973/10 3449/975/10
f 3598/976/10 3599/974/10 3449/975/10
f 3598/976/10 3449/975/10 3450/977/10
f 3597/978/10 3598/976/10 3450/977/10
f 3597/978/10 3450/977/10 3451/979/10
f 3596/980/10 3597/978/10 3451/979/10
f 3596/980/10 3451/979/10 3452/981/10
f 3596/980/10 3452/981/10 3453/982/10
f 3595/983/10 3596/980/10 3453/982/10
f 3595/983/10 3453/982/10 3454/984/10
f 3594/54/10 3595/983/10 3454/984/10
f 3594/54/10 3454/984/10 3455/985/10
f 3593/986/10 3594/54/10 3455/985/10
f 3593/986/10 3455/985/10 3456/92/10
f 3593/986/10 3456/92/10 3457/987/10
f 3592/988/10 3593/986/10 3457/987/10
f 3592/988/10 3457/987/10 3458/989/10
f 3591/990/10 3592/988/10 3458/989/10
f 3591/990/10 3458/989/10 3459/991/10
f 3590/992/10 3591/990/10 3459/991/10
f 3590/992/10 3459/991/10 3460/993/10
f 3590/992/10 3460/993/10 3461/994/10
f 3589/995/10 3590/992/10 3461/994/10
f 3589/995/10 3461/994/10 3462/996/10
f 3589/995/10 3462/996/10 3463/997/10
f 3518/998/10 3519/1000/10 3520/999/10
f 3518/998/10 3520/999/10 3521/1001/10
f 3517/1002/10 3518/998/10 3521/1001/10
f 3517/1002/10 3521/1001/10 3522/1003/10
f 3516/1004/10 3517/1002/10 3522/1003/10
f 3516/1004/10 3522/1003/10 3523/1005/10
f 3515/1006/10 3516/1004/10 3523/1005/10
f 3515/1006/10 3523/1005/10 3524/1007/10
f 3514/1008/10 3515/1006/10 3524/1007/10
f 3589/995/10 3463/997/10 3464/1009/10
f 3588/1010/10 3589/995/10 3464/1009/10
f 3514/1008/10 3524/1007/10 3525/163/10
f 3513/1011/10 3514/1008/10 3525/163/10
f 3513/1011/10 3525/163/10 3526/1012/10
f 3512/1013/10 3513/1011/10 3526/1012/10
f 3512/1013/10 3526/1012/10 3527/1014/10
f 3511/1015/10 3512/1013/10 3527/1014/10
f 3511/1015/10 3527/1014/10 3528/1016/10
f 3588/1010/10 3464/1009/10 3465/1017/10
f 3510/1018/10 3511/1015/10 3528/1016/10
f 3510/1018/10 3528/1016/10 3529/1019/10
f 3509/1020/10 3510/1018/10 3529/1019/10
f 3509/1020/10 3529/1019/10 3530/1021/10
f 3508/1022/10 3509/1020/10 3530/1021/10
f 3508/1022/10 3530/1021/10 3531/1023/10
f 3588/1010/10 3465/1017/10 3466/1024/10
f 3587/1025/10 3588/1010/10 3466/1024/10
f 3507/1026/10 3508/1022/10 3531/1023/10
f 3507/1026/10 3531/1023/10 3532/1027/10
f 3507/1026/10 3532/1027/10 3533/1028/10
f 3506/1029/10 3507/1026/10 3533/1028/10
f 3587/1025/10 3466/1024/10 3467/1030/10
f 3506/1029/10 3533/1028/10 3534/1031/10
f 3505/1032/10 3506/1029/10 3534/1031/10
f 3505/1032/10 3534/1031/10 3535/1033/10
f 3587/1025/10 3467/1030/10 3468/1034/10
f 3505/1032/10 3535/1033/10 3536/1035/10
f 3586/1036/10 3587/1025/10 3468/1034/10
f 3504/1037/10 3505/1032/10 3536/1035/10
f 3504/1037/10 3536/1035/10 3537/1038/10
f 3586/1036/10 3468/1034/10 3469/1039/10
f 3503/1040/10 3504/1037/10 3537/1038/10
f 3503/1040/10 3537/1038/10 3538/1041/10
f 3503/1040/10 3538/1041/10 3539/1042/10
f 3586/1036/10 3469/1039/10 3470/1043/10
f 3502/176/10 3503/1040/10 3539/1042/10
f 3502/176/10 3539/1042/10 3540/1044/10
f 3585/1045/10 3586/1036/10 3470/1043/10
f 3501/1046/10 3502/176/10 3540/1044/10
f 3585/1045/10 3470/1043/10 3471/1047/10
f 3501/1046/10 3540/1044/10 3541/1048/10
f 3500/1049/10 3501/1046/10 3541/1048/10
f 3500/1049/10 3541/1048/10 3542/1050/10
f 3499/1051/10 3500/1049/10 3542/1050/10
f 3585/1045/10 3471/1047/10 3472/1052/10
f 3499/1051/10 3542/1050/10 3543/1053/10
f 3498/1054/10 3499/1051/10 3543/1053/10
f 3585/1045/10 3472/1052/10 3473/1055/10
f 3497/1056/10 3498/1054/10 3543/1053/10
f 3584/1057/10 3585/1045/10 3473/1055/10
f 3497/1056/10 3543/1053/10 3544/1058/10
f 3496/1059/10 3497/1056/10 3544/1058/10
f 3495/1060/10 3496/1059/10 3544/1058/10
f 3495/1060/10 3544/1058/10 3545/1061/10
f 3584/1057/10 3473/1055/10 3474/1062/10
f 3494/1063/10 3495/1060/10 3545/1061/10
f 3494/1063/10 3545/1061/10 3546/1064/10
f 3584/1057/10 3474/1062/10 3475/1065/10
f 3493/1066/10 3494/1063/10 3546/1064/10
f 3492/1067/10 3493/1066/10 3546/1064/10
f 3492/1067/10 3546/1064/10 3547/1068/10
f 3584/1057/10 3475/1065/10 3476/1069/10
f 3583/1070/10 3584/1057/10 3476/1069/10
f 3491/1071/10 3492/1067/10 3547/1068/10
f 3583/1070/10 3476/1069/10 3477/1072/10
f 3491/1071/10 3547/1068/10 3548/108/10
f 3490/1073/10 3491/1071/10 3548/108/10
f 3583/1070/10 3477/1072/10 3478/1074/10
f 3489/1075/10 3490/1073/10 3548/108/10
f 3489/1075/10 3548/108/10 3549/1076/10
f 3583/1070/10 3478/1074/10 3479/148/10
f 3488/1077/10 3489/1075/10 3549/1076/10
f 3487/1078/10 3488/1077/10 3549/1076/10
f 3487/1078/10 3549/1076/10 3550/1079/10
f 3583/1070/10 3479/148/10 3480/1080/10
f 3486/1081/10 3487/1078/10 3550/1079/10
f 3583/1070/10 3480/1080/10 3481/1082/10
f 3582/1083/10 3583/1070/10 3481/1082/10
f 3485/1084/10 3486/1081/10 3550/1079/10
f 3582/1083/10 3481/1082/10 3482/1085/10
f 3484/1086/10 3485/1084/10 3550/1079/10
f 3582/1083/10 3482/1085/10 3483/1087/10
f 3483/1087/10 3484/1086/10 3550/1079/10
f 3483/1087/10 3550/1079/10 3551/1088/10
f 3582/1083/10 3483/1087/10 3551/1088/10
f 3582/1083/10 3551/1088/10 3552/1089/10
f 3582/1083/10 3552/1089/10 3553/1090/10
f 3582/1083/10 3553/1090/10 3554/1091/10
f 3581/1092/10 3582/1083/10 3554/1091/10
f 3581/1092/10 3554/1091/10 3555/1093/10
f 3581/1092/10 3555/1093/10 3556/1094/10
f 3580/1095/10 3581/1092/10 3556/1094/10
f 3580/1095/10 3556/1094/10 3557/1096/10
f 3579/1097/10 3580/1095/10 3557/1096/10
f 3578/1098/10 3579/1097/10 3557/1096/10
f 3578/1098/10 3557/1096/10 3558/1099/10
f 3577/1100/10 3578/1098/10 3558/1099/10
f 3577/1100/10 3558/1099/10 3559/1101/10
f 3576/1102/10 3577/1100/10 3559/1101/10
f 3576/1102/10 3559/1101/10 3560/1103/10
f 3575/1104/10 3576/1102/10 3560/1103/10
f 3575/1104/10 3560/1103/10 3561/1105/10
f 3574/1106/10 3575/1104/10 3561/1105/10
f 3574/1106/10 3561/1105/10 3562/1107/10
f 3573/1108/10 3574/1106/10 3562/1107/10
f 3572/1109/10 3573/1108/10 3562/1107/10
f 3572/1109/10 3562/1107/10 3563/1110/10
f 3571/71/10 3572/1109/10 3563/1110/10
f 3571/71/10 3563/1110/10 3564/1111/10
f 3570/1112/10 3571/71/10 3564/1111/10
f 3570/1112/10 3564/1111/10 3565/1113/10
f 3569/1114/10 3570/1112/10 3565/1113/10
f 3569/1114/10 3565/1113/10 3566/1115/10
f 3568/1116/10 3569/1114/10 3566/1115/10
f 3568/1116/10 3566/1115/10 3567/1117/10
f 3746/518/10 3747/520/10 3748/519/10
f 3746/518/10 3748/519/10 3749/521/10
f 3745/522/10 3746/518/10 3749/521/10
f 3745/522/10 3749/521/10 3750/523/10
f 3745/522/10 3750/523/10 3751/524/10
f 3744/525/10 3745/522/10 3751/524/10
f 3744/525/10 3751/524/10 3752/526/10
f 3744/525/10 3752/526/10 3753/527/10
f 3743/528/10 3744/525/10 3753/527/10
f 3743/528/10 3753/527/10 3754/529/10
f 3743/528/10 3754/529/10 3755/530/10
f 3742/531/10 3743/528/10 3755/530/10
f 3742/531/10 3755/530/10 3756/532/10
f 3742/531/10 3756/532/10 3757/533/10
f 3741/534/10 3742/531/10 3757/533/10
f 3741/534/10 3757/533/10 3758/535/10
f 3741/534/10 3758/535/10 3759/536/10
f 3740/537/10 3741/534/10 3759/536/10
f 3740/537/10 3759/536/10 3760/538/10
f 3739/539/10 3740/537/10 3760/538/10
f 3739/539/10 3760/538/10 3761/540/10
f 3739/539/10 3761/540/10 3762/541/10
f 3738/542/10 3739/539/10 3762/541/10
f 3738/542/10 3762/541/10 3763/543/10
f 3737/544/10 3738/542/10 3763/543/10
f 3737/544/10 3763/543/10 3764/545/10
f 3737/544/10 3764/545/10 3765/546/10
f 3736/547/10 3737/544/10 3765/546/10
f 3736/547/10 3765/546/10 3766/548/10
f 3735/375/10 3736/547/10 3766/548/10
f 3735/375/10 3766/548/10 3767/549/10
f 3735/375/10 3767/549/10 3768/550/10
f 3734/551/10 3735/375/10 3768/550/10
f 3734/551/10 3768/550/10 3769/552/10
f 3733/553/10 3734/551/10 3881/554/10
f 3881/554/10 3734/551/10 3880/555/10
f 3880/555/10 3734/551/10 3769/552/10
f 3880/555/10 3769/552/10 3879/251/10
f 3879/251/10 3769/552/10 3770/556/10
f 3878/557/10 3879/251/10 3770/556/10
f 3733/553/10 3881/554/10 3882/558/10
f 3877/559/10 3878/557/10 3770/556/10
f 3733/553/10 3882/558/10 3883/560/10
f 3876/561/10 3877/559/10 3770/556/10
f 3733/553/10 3883/560/10 3884/562/10
f 3875/563/10 3876/561/10 3770/556/10
f 3874/564/10 3875/563/10 3770/556/10
f 3733/553/10 3884/562/10 3885/565/10
f 3873/566/10 3874/564/10 3770/556/10
f 3733/553/10 3885/565/10 3886/567/10
f 3732/568/10 3733/553/10 3886/567/10
f 3872/569/10 3873/566/10 3770/556/10
f 3732/568/10 3886/567/10 3887/570/10
f 3871/571/10 3872/569/10 3770/556/10
f 3871/571/10 3770/556/10 3771/572/10
f 3732/568/10 3887/570/10 3888/573/10
f 3870/574/10 3871/571/10 3771/572/10
f 3869/575/10 3870/574/10 3771/572/10
f 3732/568/10 3888/573/10 3889/576/10
f 3868/577/10 3869/575/10 3771/572/10
f 3732/568/10 3889/576/10 3890/578/10
f 3927/66/10 3868/577/10 3771/572/10
f 3732/568/10 3890/578/10 3891/579/10
f 3927/66/10 3771/572/10 3772/580/10
f 3731/581/10 3732/568/10 3891/579/10
f 3926/582/10 3927/66/10 3772/580/10
f 3731/581/10 3891/579/10 3892/583/10
f 3925/584/10 3926/582/10 3772/580/10
f 3731/581/10 3892/583/10 3893/585/10
f 3925/584/10 3772/580/10 3773/586/10
f 3924/587/10 3925/584/10 3773/586/10
f 3731/581/10 3893/585/10 3894/588/10
f 3923/589/10 3924/587/10 3773/586/10
f 3730/590/10 3731/581/10 3894/588/10
f 3923/589/10 3773/586/10 3774/591/10
f 3922/592/10 3923/589/10 3774/591/10
f 3730/590/10 3894/588/10 3895/593/10
f 3921/594/10 3922/592/10 3774/591/10
f 3730/590/10 3895/593/10 3896/595/10
f 3921/594/10 3774/591/10 3775/596/10
f 3920/597/10 3921/594/10 3775/596/10
f 3730/590/10 3896/595/10 3897/598/10
f 3919/599/10 3920/597/10 3775/596/10
f 3729/600/10 3730/590/10 3897/598/10
f 3919/599/10 3775/596/10 3776/601/10
f 3918/602/10 3919/599/10 3776/601/10
f 3729/600/10 3897/598/10 3898/603/10
f 3917/604/10 3918/602/10 3776/601/10
f 3917/604/10 3776/601/10 3777/605/10
f 3729/600/10 3898/603/10 3899/606/10
f 3916/607/10 3917/604/10 3777/605/10
f 3728/608/10 3729/600/10 3899/606/10
f 3916/607/10 3777/605/10 3778/609/10
f 3915/610/10 3916/607/10 3778/609/10
f 3728/608/10 3899/606/10 3900/611/10
f 3914/612/10 3915/610/10 3778/609/10
f 3914/612/10 3778/609/10 3779/613/10
f 3913/614/10 3914/612/10 3779/613/10
f 3728/608/10 3900/611/10 3901/615/10
f 3912/616/10 3913/614/10 3779/613/10
f 3912/616/10 3779/613/10 3780/617/10
f 3727/618/10 3728/608/10 3901/615/10
f 3911/619/10 3912/616/10 3780/617/10
f 3727/618/10 3901/615/10 3902/620/10
f 3910/621/10 3911/619/10 3780/617/10
f 3910/621/10 3780/617/10 3781/622/10
f 3909/623/10 3910/621/10 3781/622/10
f 3908/624/10 3909/623/10 3781/622/10
f 3727/618/10 3902/620/10 3903/625/10
f 3908/624/10 3781/622/10 3782/626/10
f 3907/627/10 3908/624/10 3782/626/10
f 3726/628/10 3727/618/10 3903/625/10
f 3906/629/10 3907/627/10 3782/626/10
f 3906/629/10 3782/626/10 3783/273/10
f 3726/628/10 3903/625/10 3904/630/10
f 3905/631/10 3906/629/10 3783/273/10
f 3905/631/10 3783/273/10 3784/632/10
f 3904/630/10 3905/631/10 3784/632/10
f 3904/630/10 3784/632/10 3785/633/10
f 3726/628/10 3904/630/10 3785/633/10
f 3726/628/10 3785/633/10 3786/634/10
f 3725/635/10 3726/628/10 3786/634/10
f 3725/635/10 3786/634/10 3787/636/10
f 3725/635/10 3787/636/10 3788/637/10
f 3725/635/10 3788/637/10 3789/638/10
f 3725/635/10 3789/638/10 3790/639/10
f 3725/635/10 3790/639/10 3791/640/10
f 3724/641/10 3725/635/10 3791/640/10
f 3724/641/10 3791/640/10 3792/642/10
f 3724/641/10 3792/642/10 3793/643/10
f 3724/641/10 3793/643/10 3794/644/10
f 3723/645/10 3724/641/10 3794/644/10
f 3723/645/10 3794/644/10 3795/646/10
f 3723/645/10 3795/646/10 3796/647/10
f 3722/648/10 3723/645/10 3796/647/10
f 3721/649/10 3722/648/10 3796/647/10
f 3720/650/10 3721/649/10 3796/647/10
f 3719/651/10 3720/650/10 3796/647/10
f 3719/651/10 3796/647/10 3797/652/10
f 3843/653/10 3844/655/10 3845/654/10
f 3842/656/10 3843/653/10 3845/654/10
f 3842/656/10 3845/654/10 3846/657/10
f 3841/658/10 3842/656/10 3846/657/10
f 3841/658/10 3846/657/10 3847/659/10
f 3840/660/10 3841/658/10 3847/659/10
f 3839/661/10 3840/660/10 3847/659/10
f 3839/661/10 3847/659/10 3848/662/10
f 3719/651/10 3797/652/10 3798/663/10
f 3838/664/10 3839/661/10 3848/662/10
f 3838/664/10 3848/662/10 3849/665/10
f 3837/666/10 3838/664/10 3849/665/10
f 3719/651/10 3798/663/10 3799/667/10
f 3836/668/10 3837/666/10 3849/665/10
f 3836/668/10 3849/665/10 3850/669/10
f 3718/670/10 3719/651/10 3799/667/10
f 3835/671/10 3836/668/10 3850/669/10
f 3718/670/10 3799/667/10 3800/672/10
f 3835/671/10 3850/669/10 3851/673/10
f 3834/674/10 3835/671/10 3851/673/10
f 3718/670/10 3800/672/10 3801/675/10
f 3833/676/10 3834/674/10 3851/673/10
f 3833/676/10 3851/673/10 3852/677/10
f 3718/670/10 3801/675/10 3802/678/10
f 3832/679/10 3833/676/10 3852/677/10
f 3832/679/10 3852/677/10 3853/680/10
f 3718/670/10 3802/678/10 3803/681/10
f 3831/472/10 3832/679/10 3853/680/10
f 3717/682/10 3718/670/10 3803/681/10
f 3717/682/10 3803/681/10 3804/683/10
f 3831/472/10 3853/680/10 3854/684/10
f 3717/682/10 3804/683/10 3805/685/10
f 3830/686/10 3831/472/10 3854/684/10
f 3717/682/10 3805/685/10 3806/687/10
f 3829/688/10 3830/686/10 3854/684/10
f 3717/682/10 3806/687/10 3807/149/10
f 3829/688/10 3854/684/10 3855/689/10
f 3828/690/10 3829/688/10 3855/689/10
f 3717/682/10 3807/149/10 3808/691/10
f 3717/682/10 3808/691/10 3809/692/10
f 3827/693/10 3828/690/10 3855/689/10
f 3716/694/10 3717/682/10 3809/692/10
f 3716/694/10 3809/692/10 3810/695/10
f 3827/693/10 3855/689/10 3856/696/10
f 3826/697/10 3827/693/10 3856/696/10
f 3716/694/10 3810/695/10 3811/698/10
f 3716/694/10 3811/698/10 3812/699/10
f 3825/700/10 3826/697/10 3856/696/10
f 3716/694/10 3812/699/10 3813/701/10
f 3824/702/10 3825/700/10 3856/696/10
f 3716/694/10 3813/701/10 3814/703/10
f 3716/694/10 3814/703/10 3815/704/10
f 3823/705/10 3824/702/10 3856/696/10
f 3716/694/10 3815/704/10 3816/706/10
f 3822/707/10 3823/705/10 3856/696/10
f 3822/707/10 3856/696/10 3857/708/10
f 3716/694/10 3816/706/10 3817/709/10
f 3716/694/10 3817/709/10 3818/710/10
f 3821/711/10 3822/707/10 3857/708/10
f 3716/694/10 3818/710/10 3819/712/10
f 3820/713/10 3821/711/10 3857/708/10
f 3716/694/10 3819/712/10 3820/713/10
f 3716/694/10 3820/713/10 3857/708/10
f 3715/714/10 3716/694/10 3857/708/10
f 3715/714/10 3857/708/10 3858/715/10
f 3714/716/10 3715/714/10 3858/715/10
f 3714/716/10 3858/715/10 3859/717/10
f 3714/716/10 3859/717/10 3860/718/10
f 3713/719/10 3714/716/10 3860/718/10
f 3713/719/10 3860/718/10 3861/720/10
f 3712/721/10 3713/719/10 3861/720/10
f 3712/721/10 3861/720/10 3862/722/10
f 3712/721/10 3862/722/10 3863/723/10
f 3711/724/10 3712/721/10 3863/723/10
f 3711/724/10 3863/723/10 3864/725/10
f 3710/726/10 3711/724/10 3864/725/10
f 3710/726/10 3864/725/10 3865/727/10
f 3710/726/10 3865/727/10 3866/728/10
f 3709/729/10 3710/726/10 3866/728/10
f 3709/729/10 3866/728/10 3867/730/10
f 3708/731/10 3709/729/10 3867/730/10
f 3708/731/10 3867/730/10 3687/73/10
f 3707/732/10 3708/731/10 3687/73/10
f 3707/732/10 3687/73/10 3688/733/10
f 3706/734/10 3707/732/10 3688/733/10
f 3706/734/10 3688/733/10 3689/735/10
f 3706/734/10 3689/735/10 3690/736/10
f 3705/737/10 3706/734/10 3690/736/10
f 3705/737/10 3690/736/10 3691/738/10
f 3704/739/10 3705/737/10 3691/738/10
f 3704/739/10 3691/738/10 3692/740/10
f 3704/739/10 3692/740/10 3693/741/10
f 3703/742/10 3704/739/10 3693/741/10
f 3703/742/10 3693/741/10 3694/743/10
f 3702/744/10 3703/742/10 3694/743/10
f 3702/744/10 3694/743/10 3695/745/10
f 3701/746/10 3702/744/10 3695/745/10
f 3701/746/10 3695/745/10 3696/747/10
f 3701/746/10 3696/747/10 3697/748/10
f 3700/749/10 3701/746/10 3697/748/10
f 3700/749/10 3697/748/10 3698/750/10
f 3699/751/10 3700/749/10 3698/750/10
f 4384/610/10 4385/1118/10 4386/607/10
f 4384/610/10 4386/607/10 4387/1119/10
f 4383/1120/10 4384/610/10 4387/1119/10
f 4383/1120/10 4387/1119/10 4388/604/10
f 4382/612/10 4383/1120/10 4388/604/10
f 4382/612/10 4388/604/10 4389/1121/10
f 4382/612/10 4389/1121/10 4390/602/10
f 4381/1122/10 4382/612/10 4390/602/10
f 4381/1122/10 4390/602/10 4391/1123/10
f 4380/614/10 4381/1122/10 4391/1123/10
f 4380/614/10 4391/1123/10 4392/599/10
f 4380/614/10 4392/599/10 4393/1124/10
f 4379/1125/10 4380/614/10 4393/1124/10
f 4379/1125/10 4393/1124/10 4394/597/10
f 4378/616/10 4379/1125/10 4394/597/10
f 4378/616/10 4394/597/10 4395/1126/10
f 4378/616/10 4395/1126/10 4396/594/10
f 4377/1127/10 4378/616/10 4396/594/10
f 4377/1127/10 4396/594/10 4397/1128/10
f 4376/619/10 4377/1127/10 4397/1128/10
f 4376/619/10 4397/1128/10 4398/592/10
f 3951/1129/10 3952/751/10 3953/1130/10
f 4375/1131/10 4376/619/10 4398/592/10
f 4375/1131/10 4398/592/10 4399/1132/10
f 3951/1129/10 3953/1130/10 3954/749/10
f 3950/750/10 3951/1129/10 3954/749/10
f 3950/750/10 3954/749/10 3955/1133/10
f 3949/1134/10 3950/750/10 3955/1133/10
f 3949/1134/10 3955/1133/10 3956/746/10
f 4375/1131/10 4399/1132/10 4400/589/10
f 3987/1135/10 3988/682/10 3989/1136/10
f 3986/694/10 3987/1135/10 3989/1136/10
f 3985/1137/10 3986/694/10 3989/1136/10
f 3985/1137/10 3989/1136/10 3990/670/10
f 3984/714/10 3985/1137/10 3990/670/10
f 3948/748/10 3949/1134/10 3956/746/10
f 3983/1138/10 3984/714/10 3990/670/10
f 4374/621/10 4375/1131/10 4400/589/10
f 3948/748/10 3956/746/10 3957/1139/10
f 3982/716/10 3983/1138/10 3990/670/10
f 3982/716/10 3990/670/10 3991/1140/10
f 3981/1141/10 3982/716/10 3991/1140/10
f 4374/621/10 4400/589/10 4401/1142/10
f 3980/719/10 3981/1141/10 3991/1140/10
f 3947/1143/10 3948/748/10 3957/1139/10
f 3947/1143/10 3957/1139/10 3958/744/10
f 3979/1144/10 3980/719/10 3991/1140/10
f 3979/1144/10 3991/1140/10 3992/651/10
f 4374/621/10 4401/1142/10 4402/587/10
f 3978/721/10 3979/1144/10 3992/651/10
f 4373/1145/10 4374/621/10 4402/587/10
f 3977/1146/10 3978/721/10 3992/651/10
f 3947/1143/10 3958/744/10 3959/1147/10
f 3946/747/10 3947/1143/10 3959/1147/10
f 3977/1146/10 3992/651/10 3993/1148/10
f 4373/1145/10 4402/587/10 4403/1149/10
f 3976/724/10 3977/1146/10 3993/1148/10
f 3975/1150/10 3976/724/10 3993/1148/10
f 4373/1145/10 4403/1149/10 4404/584/10
f 3946/747/10 3959/1147/10 3960/742/10
f 4372/623/10 4373/1145/10 4404/584/10
f 3974/726/10 3975/1150/10 3993/1148/10
f 3974/726/10 3993/1148/10 3994/650/10
f 3945/1151/10 3946/747/10 3960/742/10
f 3973/1152/10 3974/726/10 3994/650/10
f 4372/623/10 4404/584/10 4405/1153/10
f 3972/729/10 3973/1152/10 3994/650/10
f 3945/1151/10 3960/742/10 3961/1154/10
f 4371/1155/10 4372/623/10 4405/1153/10
f 4371/1155/10 4405/1153/10 4406/582/10
f 3971/1156/10 3972/729/10 3994/650/10
f 3971/1156/10 3994/650/10 3995/1157/10
f 3944/745/10 3945/1151/10 3961/1154/10
f 3970/731/10 3971/1156/10 3995/1157/10
f 4371/1155/10 4406/582/10 4407/1158/10
f 4370/624/10 4371/1155/10 4407/1158/10
f 3944/745/10 3961/1154/10 3962/739/10
f 3969/1159/10 3970/731/10 3995/1157/10
f 4370/624/10 4407/1158/10 4408/66/10
f 3969/1159/10 3995/1157/10 3996/649/10
f 3968/732/10 3969/1159/10 3996/649/10
f 4369/1160/10 4370/624/10 4408/66/10
f 3943/1161/10 3944/745/10 3962/739/10
f 4369/1160/10 4408/66/10 3930/733/10
f 3930/733/12 4408/66/12 3928/73/12
f 3943/1161/10 3962/739/10 3963/1162/10
f 3967/1163/10 3968/732/10 3996/649/10
f 4369/1160/10 3930/733/10 3931/1164/10
f 3928/73/11 3930/733/11 3929/1165/11
f 4369/1160/10 3931/1164/10 3932/735/10
f 4369/1160/10 3932/735/10 3933/1166/10
f 4368/627/10 4369/1160/10 3933/1166/10
f 3966/734/10 3967/1163/10 3996/649/10
f 4368/627/10 3933/1166/10 3934/736/10
f 3966/734/10 3996/649/10 3997/1167/10
f 3943/1161/10 3963/1162/10 3964/737/10
f 3942/743/10 3943/1161/10 3964/737/10
f 3965/1168/10 3966/734/10 3997/1167/10
f 4368/627/10 3934/736/10 3935/1169/10
f 4367/1170/10 4368/627/10 3935/1169/10
f 4367/1170/10 3935/1169/10 3936/738/10
f 3964/737/10 3965/1168/10 3997/1167/10
f 4366/629/10 4367/1170/10 3936/738/10
f 3942/743/10 3964/737/10 3997/1167/10
f 4366/629/10 3936/738/10 3937/1171/10
f 3942/743/10 3997/1167/10 3998/648/10
f 3941/1172/10 3942/743/10 3998/648/10
f 4366/629/10 3937/1171/10 3938/740/10
f 4365/1173/10 4366/629/10 3938/740/10
f 4365/1173/10 3938/740/10 3939/1174/10
f 4364/631/10 4365/1173/10 3939/1174/10
f 3941/1172/10 3998/648/10 3999/1175/10
f 3940/741/10 3941/1172/10 3999/1175/10
f 4363/1176/10 4364/631/10 3939/1174/10
f 4363/1176/10 3939/1174/10 3940/741/10
f 4362/630/10 4363/1176/10 3940/741/10
f 3940/741/10 3999/1175/10 4000/645/10
f 4362/630/10 3940/741/10 4000/645/10
f 4361/1177/10 4362/630/10 4000/645/10
f 4360/625/10 4361/1177/10 4000/645/10
f 4360/625/10 4000/645/10 4001/1178/10
f 4359/1179/10 4360/625/10 4001/1178/10
f 4359/1179/10 4001/1178/10 4002/641/10
f 4358/620/10 4359/1179/10 4002/641/10
f 4358/620/10 4002/641/10 4003/1180/10
f 4357/1181/10 4358/620/10 4003/1180/10
f 4357/1181/10 4003/1180/10 4004/635/10
f 4356/615/10 4357/1181/10 4004/635/10
f 4355/1182/10 4356/615/10 4004/635/10
f 4355/1182/10 4004/635/10 4005/1183/10
f 4354/611/10 4355/1182/10 4096/572/10
f 4096/572/10 4355/1182/10 4005/1183/10
f 4354/611/10 4096/572/10 4097/1184/10
f 4095/1185/10 4096/572/10 4005/1183/10
f 4354/611/10 4097/1184/10 4098/580/10
f 4095/1185/10 4005/1183/10 4006/628/10
f 4094/556/10 4095/1185/10 4006/628/10
f 4354/611/10 4098/580/10 4099/1186/10
f 4354/611/10 4099/1186/10 4100/586/10
f 4093/1187/10 4094/556/10 4006/628/10
f 4354/611/10 4100/586/10 4101/1188/10
f 4353/1189/10 4354/611/10 4228/666/10
f 4228/666/10 4354/611/10 4101/1188/10
f 4228/666/10 4101/1188/10 4102/591/10
f 4353/1189/10 4228/666/10 4229/1190/10
f 4227/1191/10 4228/666/10 4102/591/10
f 4092/552/10 4093/1187/10 4006/628/10
f 4227/1191/10 4102/591/10 4103/1192/10
f 4226/668/10 4227/1191/10 4103/1192/10
f 4226/668/10 4103/1192/10 4104/596/10
f 4352/606/10 4353/1189/10 4229/1190/10
f 4352/606/10 4229/1190/10 4230/664/10
f 4091/1193/10 4092/552/10 4006/628/10
f 4226/668/10 4104/596/10 4105/1194/10
f 4225/1195/10 4226/668/10 4105/1194/10
f 4091/1193/10 4006/628/10 4007/1196/10
f 4225/1195/10 4105/1194/10 4106/601/10
f 4224/671/10 4225/1195/10 4106/601/10
f 4090/550/10 4091/1193/10 4007/1196/10
f 4224/671/10 4106/601/10 4107/1197/10
f 4351/1198/10 4352/606/10 4230/664/10
f 4351/1198/10 4230/664/10 4231/1199/10
f 4223/1200/10 4224/671/10 4107/1197/10
f 4223/1200/10 4107/1197/10 4108/605/10
f 4222/674/10 4223/1200/10 4108/605/10
f 4089/1201/10 4090/550/10 4007/1196/10
f 4089/1201/10 4007/1196/10 4008/618/10
f 4222/674/10 4108/605/10 4109/1202/10
f 4350/603/10 4351/1198/10 4231/1199/10
f 4350/603/10 4231/1199/10 4232/661/10
f 4221/1203/10 4222/674/10 4109/1202/10
f 4221/1203/10 4109/1202/10 4110/609/10
f 4088/549/10 4089/1201/10 4008/618/10
f 4221/1203/10 4110/609/10 4111/1204/10
f 4220/676/10 4221/1203/10 4111/1204/10
f 4349/1205/10 4350/603/10 4232/661/10
f 4349/1205/10 4232/661/10 4233/1206/10
f 4220/676/10 4111/1204/10 4112/613/10
f 4219/1207/10 4220/676/10 4112/613/10
f 4088/549/10 4008/618/10 4009/1208/10
f 4219/1207/10 4112/613/10 4113/1209/10
f 4348/598/10 4349/1205/10 4233/1206/10
f 4348/598/10 4233/1206/10 4234/660/10
f 4087/1210/10 4088/549/10 4009/1208/10
f 4218/679/10 4219/1207/10 4113/1209/10
f 4218/679/10 4113/1209/10 4114/617/10
f 4218/679/10 4114/617/10 4115/1211/10
f 4217/1212/10 4218/679/10 4115/1211/10
f 4347/1213/10 4348/598/10 4234/660/10
f 4217/1212/10 4115/1211/10 4116/622/10
f 4347/1213/10 4234/660/10 4235/1214/10
f 4216/472/10 4217/1212/10 4116/622/10
f 4086/548/10 4087/1210/10 4009/1208/10
f 4086/548/10 4009/1208/10 4010/608/10
f 4216/472/10 4116/622/10 4117/1215/10
f 4216/472/10 4117/1215/10 4118/626/10
f 4346/595/10 4347/1213/10 4235/1214/10
f 4215/1216/10 4216/472/10 4118/626/10
f 4215/1216/10 4118/626/10 4119/1217/10
f 4346/595/10 4235/1214/10 4236/658/10
f 4215/1216/10 4119/1217/10 4120/273/10
f 4345/1218/10 4346/595/10 4236/658/10
f 4085/1219/10 4086/548/10 4010/608/10
f 4215/1216/10 4120/273/10 4121/1220/10
f 4214/686/10 4215/1216/10 4121/1220/10
f 4085/1219/10 4010/608/10 4011/1221/10
f 4344/593/10 4345/1218/10 4236/658/10
f 4344/593/10 4236/658/10 4237/1222/10
f 4214/686/10 4121/1220/10 4122/632/10
f 4343/1223/10 4344/593/10 4237/1222/10
f 4084/546/10 4085/1219/10 4011/1221/10
f 4213/1224/10 4214/686/10 4122/632/10
f 4343/1223/10 4237/1222/10 4238/656/10
f 4342/588/10 4343/1223/10 4238/656/10
f 4213/1224/10 4122/632/10 4123/1225/10
f 4084/546/10 4011/1221/10 4012/600/10
f 4212/688/10 4213/1224/10 4123/1225/10
f 4341/1226/10 4342/588/10 4238/656/10
f 4083/1227/10 4084/546/10 4012/600/10
f 4341/1226/10 4238/656/10 4239/1228/10
f 4340/585/10 4341/1226/10 4239/1228/10
f 4212/688/10 4123/1225/10 4124/633/10
f 4082/545/10 4083/1227/10 4012/600/10
f 4339/1229/10 4340/585/10 4239/1228/10
f 4211/1230/10 4212/688/10 4124/633/10
f 4082/545/10 4012/600/10 4013/1231/10
f 4339/1229/10 4239/1228/10 4240/653/10
f 4338/583/10 4339/1229/10 4240/653/10
f 4081/1232/10 4082/545/10 4013/1231/10
f 4211/1230/10 4124/633/10 4125/1233/10
f 4337/1234/10 4338/583/10 4240/653/10
f 4210/690/10 4211/1230/10 4125/1233/10
f 4336/579/10 4337/1234/10 4240/653/10
f 4080/543/10 4081/1232/10 4013/1231/10
f 4336/579/10 4240/653/10 4241/1235/10
f 4336/579/13 4241/1235/13 4242/655/13
f 4080/543/10 4013/1231/10 4014/590/10
f 4336/579/11 4242/655/11 4243/1236/11
f 4336/579/14 4243/1236/14 4244/654/14
f 4336/579/15 4244/654/15 4245/1237/15
f 4210/690/10 4125/1233/10 4126/634/10
f 4336/579/16 4245/1237/16 4252/665/16
f 4252/665/13 4245/1237/13 4246/657/13
f 4252/665/17 4246/657/17 4247/1238/17
f 4252/665/15 4247/1238/15 4248/659/15
f 4252/665/13 4248/659/13 4249/1239/13
f 4252/665/10 4249/1239/10 4250/662/10
f 4252/665/18 4250/662/18 4251/1240/18
f 4079/1241/10 4080/543/10 4014/590/10
f 4209/1242/10 4210/690/10 4126/634/10
f 4336/579/10 4252/665/10 4253/1243/10
f 4209/1242/10 4126/634/10 4127/1244/10
f 4079/1241/10 4014/590/10 4015/1245/10
f 4078/541/10 4079/1241/10 4015/1245/10
f 4208/693/10 4209/1242/10 4127/1244/10
f 4336/579/10 4253/1243/10 4254/669/10
f 4208/693/10 4127/1244/10 4128/636/10
f 4077/1246/10 4078/541/10 4015/1245/10
f 4077/1246/10 4015/1245/10 4016/581/10
f 4207/1247/10 4208/693/10 4128/636/10
f 4336/579/10 4254/669/10 4255/1248/10
f 4076/540/10 4077/1246/10 4016/581/10
f 4207/1247/10 4128/636/10 4129/1249/10
f 4076/540/10 4016/581/10 4017/1250/10
f 4206/697/10 4207/1247/10 4129/1249/10
f 4075/1251/10 4076/540/10 4017/1250/10
f 4336/579/10 4255/1248/10 4256/673/10
f 4206/697/10 4129/1249/10 4130/637/10
f 4205/1252/10 4206/697/10 4130/637/10
f 4074/538/10 4075/1251/10 4017/1250/10
f 4336/579/10 4256/673/10 4257/1253/10
f 4074/538/10 4017/1250/10 4018/568/10
f 4205/1252/10 4130/637/10 4131/1254/10
f 4336/579/10 4257/1253/10 4258/677/10
f 4073/1255/10 4074/538/10 4018/568/10
f 4204/700/10 4205/1252/10 4131/1254/10
f 4204/700/10 4131/1254/10 4132/638/10
f 4073/1255/10 4018/568/10 4019/1256/10
f 4336/579/10 4258/677/10 4259/1257/10
f 4072/536/10 4073/1255/10 4019/1256/10
f 4203/1258/10 4204/700/10 4132/638/10
f 4203/1258/10 4132/638/10 4133/1259/10
f 4336/579/10 4259/1257/10 4260/680/10
f 4072/536/10 4019/1256/10 4020/553/10
f 4071/1260/10 4072/536/10 4020/553/10
f 4202/702/10 4203/1258/10 4133/1259/10
f 4336/579/10 4260/680/10 4261/1261/10
f 4202/702/10 4133/1259/10 4134/639/10
f 4070/535/10 4071/1260/10 4020/553/10
f 4336/579/10 4261/1261/10 4262/684/10
f 4201/1262/10 4202/702/10 4134/639/10
f 4070/535/10 4020/553/10 4021/1263/10
f 4201/1262/10 4134/639/10 4135/1264/10
f 4336/579/10 4262/684/10 4263/1265/10
f 4069/1266/10 4070/535/10 4021/1263/10
f 4336/579/10 4263/1265/10 4264/689/10
f 4200/705/10 4201/1262/10 4135/1264/10
f 4200/705/10 4135/1264/10 4136/640/10
f 4068/533/10 4069/1266/10 4021/1263/10
f 4336/579/10 4264/689/10 4265/1267/10
f 4068/533/10 4021/1263/10 4022/551/10
f 4336/579/10 4265/1267/10 4266/696/10
f 4336/579/10 4266/696/10 4267/1268/10
f 4199/1269/10 4200/705/10 4136/640/10
f 4336/579/10 4267/1268/10 4268/708/10
f 4199/1269/10 4136/640/10 4137/1270/10
f 4067/1271/10 4068/533/10 4022/551/10
f 4336/579/10 4268/708/10 4269/1272/10
f 4336/579/10 4269/1272/10 4270/715/10
f 4335/1273/10 4336/579/10 4270/715/10
f 4335/1273/10 4270/715/10 4271/1274/10
f 4335/1273/10 4271/1274/10 4272/717/10
f 4198/707/10 4199/1269/10 4137/1270/10
f 4066/532/10 4067/1271/10 4022/551/10
f 4334/578/10 4335/1273/10 4272/717/10
f 4334/578/10 4272/717/10 4273/1275/10
f 4198/707/10 4137/1270/10 4138/642/10
f 4334/578/10 4273/1275/10 4274/718/10
f 4066/532/10 4022/551/10 4023/1276/10
f 4334/578/10 4274/718/10 4275/1277/10
f 4333/1278/10 4334/578/10 4275/1277/10
f 4333/1278/10 4275/1277/10 4276/720/10
f 4065/1279/10 4066/532/10 4023/1276/10
f 4197/1280/10 4198/707/10 4138/642/10
f 4333/1278/10 4276/720/10 4277/1281/10
f 4197/1280/10 4138/642/10 4139/1282/10
f 4332/576/10 4333/1278/10 4277/1281/10
f 4332/576/10 4277/1281/10 4278/722/10
f 4332/576/10 4278/722/10 4279/1283/10
f 4064/530/10 4065/1279/10 4023/1276/10
f 4331/1284/10 4332/576/10 4279/1283/10
f 4331/1284/10 4279/1283/10 4280/723/10
f 4196/711/10 4197/1280/10 4139/1282/10
f 4196/711/10 4139/1282/10 4140/643/10
f 4331/1284/10 4280/723/10 4281/1285/10
f 4330/573/10 4331/1284/10 4281/1285/10
f 4330/573/10 4281/1285/10 4282/725/10
f 4064/530/10 4023/1276/10 4024/375/10
f 4063/1286/10 4064/530/10 4024/375/10
f 4330/573/10 4282/725/10 4283/1287/10
f 4329/1288/10 4330/573/10 4283/1287/10
f 4329/1288/10 4283/1287/10 4284/727/10
f 4195/1289/10 4196/711/10 4140/643/10
f 4195/1289/10 4140/643/10 4141/1290/10
f 4329/1288/10 4284/727/10 4285/1291/10
f 4329/1288/10 4285/1291/10 4286/728/10
f 4328/570/10 4329/1288/10 4286/728/10
f 4062/529/10 4063/1286/10 4024/375/10
f 4328/570/10 4286/728/10 4287/1292/10
f 4328/570/10 4287/1292/10 4288/730/10
f 4328/570/10 4288/730/10 4289/1293/10
f 4327/1294/10 4328/570/10 4289/1293/10
f 4194/713/10 4195/1289/10 4141/1290/10
f 4194/713/10 4141/1290/10 4142/644/10
f 4327/1294/10 4289/1293/10 4290/577/10
f 4061/1295/10 4062/529/10 4024/375/10
f 4326/567/10 4327/1294/10 4290/577/10
f 4326/567/10 4290/577/10 4291/1296/10
f 4325/1297/10 4326/567/10 4291/1296/10
f 4193/1298/10 4194/713/10 4142/644/10
f 4325/1297/10 4291/1296/10 4292/575/10
f 4193/1298/10 4142/644/10 4143/1299/10
f 4060/527/10 4061/1295/10 4024/375/10
f 4060/527/10 4024/375/10 4025/1300/10
f 4324/565/10 4325/1297/10 4292/575/10
f 4324/565/10 4292/575/10 4293/1301/10
f 4060/527/10 4025/1300/10 4026/547/10
f 4323/1302/10 4324/565/10 4293/1301/10
f 4323/1302/10 4293/1301/10 4294/574/10
f 4192/712/10 4193/1298/10 4143/1299/10
f 4059/1303/10 4060/527/10 4026/547/10
f 4192/712/10 4143/1299/10 4144/646/10
f 4323/1302/10 4294/574/10 4295/1304/10
f 4059/1303/10 4026/547/10 4027/1305/10
f 4322/562/10 4323/1302/10 4295/1304/10
f 4322/562/10 4295/1304/10 4296/571/10
f 4059/1303/10 4027/1305/10 4028/544/10
f 4322/562/10 4296/571/10 4297/1306/10
f 4321/1307/10 4322/562/10 4297/1306/10
f 4058/526/10 4059/1303/10 4028/544/10
f 4058/526/10 4028/544/10 4029/1308/10
f 4191/1309/10 4192/712/10 4144/646/10
f 4191/1309/10 4144/646/10 4145/1310/10
f 4321/1307/10 4297/1306/10 4298/569/10
f 4320/560/10 4321/1307/10 4298/569/10
f 4320/560/10 4298/569/10 4299/1311/10
f 4058/526/10 4029/1308/10 4030/542/10
f 4191/1309/10 4145/1310/10 4146/647/10
f 4190/710/10 4191/1309/10 4146/647/10
f 4320/560/10 4299/1311/10 4300/566/10
f 4319/1312/10 4320/560/10 4300/566/10
f 4057/1313/10 4058/526/10 4030/542/10
f 4057/1313/10 4030/542/10 4031/1314/10
f 4189/1315/10 4190/710/10 4146/647/10
f 4189/1315/10 4146/647/10 4147/1316/10
f 4319/1312/10 4300/566/10 4301/1317/10
f 4318/558/10 4319/1312/10 4301/1317/10
f 4318/558/10 4301/1317/10 4302/564/10
f 4057/1313/10 4031/1314/10 4032/539/10
f 4188/709/10 4189/1315/10 4147/1316/10
f 4188/709/10 4147/1316/10 4148/652/10
f 4318/558/10 4302/564/10 4303/1318/10
f 4317/1319/10 4318/558/10 4303/1318/10
f 4056/524/10 4057/1313/10 4032/539/10
f 4056/524/10 4032/539/10 4033/1320/10
f 4317/1319/10 4303/1318/10 4304/563/10
f 4317/1319/10 4304/563/10 4305/1321/10
f 4316/554/10 4317/1319/10 4305/1321/10
f 4187/1322/10 4188/709/10 4148/652/10
f 4187/1322/10 4148/652/10 4149/1323/10
f 4316/554/10 4305/1321/10 4306/561/10
f 4056/524/10 4033/1320/10 4034/537/10
f 4315/1324/10 4316/554/10 4306/561/10
f 4315/1324/10 4306/561/10 4307/1325/10
f 4315/1324/10 4307/1325/10 4308/559/10
f 4314/555/10 4315/1324/10 4308/559/10
f 4186/706/10 4187/1322/10 4149/1323/10
f 4186/706/10 4149/1323/10 4150/663/10
f 4055/1326/10 4056/524/10 4034/537/10
f 4314/555/10 4308/559/10 4309/1327/10
f 4055/1326/10 4034/537/10 4035/1328/10
f 4313/1329/10 4314/555/10 4309/1327/10
f 4313/1329/10 4309/1327/10 4310/557/10
f 4313/1329/10 4310/557/10 4311/1330/10
f 4312/251/10 4313/1329/10 4311/1330/10
f 4055/1326/10 4035/1328/10 4036/534/10
f 4185/1331/10 4186/706/10 4150/663/10
f 4185/1331/10 4150/663/10 4151/1332/10
f 4054/523/10 4055/1326/10 4036/534/10
f 4054/523/10 4036/534/10 4037/1333/10
f 4184/704/10 4185/1331/10 4151/1332/10
f 4184/704/10 4151/1332/10 4152/667/10
f 4054/523/10 4037/1333/10 4038/531/10
f 4053/1334/10 4054/523/10 4038/531/10
f 4183/1335/10 4184/704/10 4152/667/10
f 4183/1335/10 4152/667/10 4153/1336/10
f 4053/1334/10 4038/531/10 4039/1337/10
f 4053/1334/10 4039/1337/10 4040/528/10
f 4182/703/10 4183/1335/10 4153/1336/10
f 4182/703/10 4153/1336/10 4154/672/10
f 4052/521/10 4053/1334/10 4040/528/10
f 4052/521/10 4040/528/10 4041/1338/10
f 4181/1339/10 4182/703/10 4154/672/10
f 4181/1339/10 4154/672/10 4155/1340/10
f 4051/1341/10 4052/521/10 4041/1338/10
f 4051/1341/10 4041/1338/10 4042/525/10
f 4051/1341/10 4042/525/10 4043/1342/10
f 4050/519/10 4051/1341/10 4043/1342/10
f 4180/701/10 4181/1339/10 4155/1340/10
f 4180/701/10 4155/1340/10 4156/675/10
f 4050/519/10 4043/1342/10 4044/522/10
f 4050/519/10 4044/522/10 4045/1343/10
f 4049/1344/10 4050/519/10 4045/1343/10
f 4049/1344/10 4045/1343/10 4046/518/10
f 4049/1344/10 4046/518/10 4047/1345/10
f 4048/520/10 4049/1344/10 4047/1345/10
f 4179/1346/10 4180/701/10 4156/675/10
f 4179/1346/10 4156/675/10 4157/1347/10
f 4178/699/10 4179/1346/10 4157/1347/10
f 4178/699/10 4157/1347/10 4158/678/10
f 4177/1348/10 4178/699/10 4158/678/10
f 4177/1348/10 4158/678/10 4159/1349/10
f 4176/698/10 4177/1348/10 4159/1349/10
f 4176/698/10 4159/1349/10 4160/681/10
f 4175/1350/10 4176/698/10 4160/681/10
f 4175/1350/10 4160/681/10 4161/1351/10
f 4174/695/10 4175/1350/10 4161/1351/10
f 4174/695/10 4161/1351/10 4162/683/10
f 4173/1352/10 4174/695/10 4162/683/10
f 4173/1352/10 4162/683/10 4163/1353/10
f 4172/692/10 4173/1352/10 4163/1353/10
f 4172/692/10 4163/1353/10 4164/685/10
f 4171/1354/10 4172/692/10 4164/685/10
f 4171/1354/10 4164/685/10 4165/1355/10
f 4170/691/10 4171/1354/10 4165/1355/10
f 4170/691/10 4165/1355/10 4166/687/10
f 4169/1356/10 4170/691/10 4166/687/10
f 4169/1356/10 4166/687/10 4167/1357/10
f 4168/149/10 4169/1356/10 4167/1357/10
f 4504/184/10 4505/186/10 4506/185/10
f 4504/184/10 4506/185/10 4507/187/10
f 4503/188/10 4504/184/10 4507/187/10
f 4503/188/10 4507/187/10 4508/189/10
f 4503/188/10 4508/189/10 4509/190/10
f 4502/191/10 4503/188/10 4509/190/10
f 4502/191/10 4509/190/10 4510/192/10
f 4502/191/10 4510/192/10 4511/193/10
f 4501/194/10 4502/191/10 4511/193/10
f 4501/194/10 4511/193/10 4512/195/10
f 4501/194/10 4512/195/10 4513/196/10
f 4500/197/10 4501/194/10 4513/196/10
f 4500/197/10 4513/196/10 4514/198/10
f 4499/199/10 4500/197/10 4514/198/10
f 4499/199/10 4514/198/10 4515/200/10
f 4499/199/10 4515/200/10 4516/201/10
f 4498/202/10 4499/199/10 4516/201/10
f 4498/202/10 4516/201/10 4517/203/10
f 4498/202/10 4517/203/10 4518/204/10
f 4497/205/10 4498/202/10 4518/204/10
f 4497/205/10 4518/204/10 4519/206/10
f 4496/207/10 4497/205/10 4519/206/10
f 4496/207/10 4519/206/10 4520/208/10
f 4496/207/10 4520/208/10 4521/209/10
f 4495/210/10 4496/207/10 4521/209/10
f 4495/210/10 4521/209/10 4522/211/10
f 4495/210/10 4522/211/10 4523/212/10
f 4494/213/10 4495/210/10 4523/212/10
f 4494/213/10 4523/212/10 4524/214/10
f 4494/213/10 4524/214/10 4525/215/10
f 4493/216/10 4494/213/10 4525/215/10
f 4493/216/10 4525/215/10 4526/217/10
f 4493/216/10 4526/217/10 4527/218/10
f 4492/219/10 4493/216/10 4527/218/10
f 4492/219/10 4527/218/10 4528/220/10
f 4492/219/10 4528/220/10 4529/221/10
f 4491/222/10 4492/219/10 4529/221/10
f 4491/222/10 4529/221/10 4530/223/10
f 4491/222/10 4530/223/10 4531/224/10
f 4491/222/10 4531/224/10 4532/225/10
f 4491/222/10 4532/225/10 4533/226/10
f 4491/222/10 4533/226/10 4534/227/10
f 4490/228/10 4491/222/10 4674/229/10
f 4674/229/10 4491/222/10 4673/230/10
f 4673/230/10 4491/222/10 4534/227/10
f 4673/230/10 4534/227/10 4535/231/10
f 4673/230/10 4535/231/10 4536/232/10
f 4672/233/11 4673/230/11 4536/232/11
f 4671/234/10 4672/233/10 4536/232/10
f 4670/235/10 4671/234/10 4536/232/10
f 4669/236/10 4670/235/10 4536/232/10
f 4668/237/10 4669/236/10 4536/232/10
f 4490/228/10 4674/229/10 4675/238/10
f 4667/239/10 4668/237/10 4536/232/10
f 4666/240/10 4667/239/10 4536/232/10
f 4665/241/10 4666/240/10 4536/232/10
f 4664/242/10 4665/241/10 4536/232/10
f 4663/243/10 4664/242/10 4536/232/10
f 4490/228/10 4675/238/10 4676/244/10
f 4662/245/10 4663/243/10 4536/232/10
f 4661/246/10 4662/245/10 4536/232/10
f 4660/247/10 4661/246/10 4536/232/10
f 4660/247/10 4536/232/10 4537/248/10
f 4659/249/10 4660/247/10 4537/248/10
f 4658/250/10 4659/249/10 4537/248/10
f 4490/228/10 4676/244/10 4677/251/10
f 4657/252/10 4658/250/10 4537/248/10
f 4656/253/10 4657/252/10 4537/248/10
f 4655/254/10 4656/253/10 4537/248/10
f 4655/254/10 4537/248/10 4538/255/10
f 4654/256/10 4655/254/10 4538/255/10
f 4653/257/10 4654/256/10 4538/255/10
f 4490/228/10 4677/251/10 4678/258/10
f 4652/259/10 4653/257/10 4538/255/10
f 4651/260/10 4652/259/10 4538/255/10
f 4651/260/10 4538/255/10 4539/261/10
f 4650/262/10 4651/260/10 4539/261/10
f 4649/263/10 4650/262/10 4539/261/10
f 4490/228/10 4678/258/10 4679/264/10
f 4648/265/10 4649/263/10 4539/261/10
f 4648/265/10 4539/261/10 4540/266/10
f 4489/267/10 4490/228/10 4679/264/10
f 4648/265/10 4540/266/10 4541/268/10
f 4489/267/10 4679/264/10 4680/269/10
f 4647/270/10 4648/265/10 4541/268/10
f 4647/270/10 4541/268/10 4542/271/10
f 4646/272/10 4647/270/10 4542/271/10
f 4646/272/10 4542/271/10 4543/273/10
f 4489/267/10 4680/269/10 4681/274/10
f 4646/272/10 4543/273/10 4544/275/10
f 4645/276/10 4646/272/10 4544/275/10
f 4489/267/10 4681/274/10 4682/277/10
f 4645/276/10 4544/275/10 4545/278/10
f 4644/279/10 4645/276/10 4545/278/10
f 4488/280/10 4489/267/10 4682/277/10
f 4644/279/10 4545/278/10 4546/281/10
f 4643/282/10 4644/279/10 4546/281/10
f 4488/280/10 4682/277/10 4683/283/10
f 4643/282/10 4546/281/10 4547/284/10
f 4642/285/10 4643/282/10 4547/284/10
f 4488/280/10 4683/283/10 4684/286/10
f 4642/285/10 4547/284/10 4548/287/10
f 4641/288/10 4642/285/10 4548/287/10
f 4641/288/10 4548/287/10 4549/289/10
f 4640/290/10 4641/288/10 4549/289/10
f 4487/291/10 4488/280/10 4684/286/10
f 4487/291/10 4684/286/10 4685/292/10
f 4639/293/10 4640/290/10 4549/289/10
f 4639/293/10 4549/289/10 4550/294/10
f 4638/295/10 4639/293/10 4550/294/10
f 4638/295/10 4550/294/10 4551/296/10
f 4637/297/10 4638/295/10 4551/296/10
f 4487/291/10 4685/292/10 4686/298/10
f 4637/297/10 4551/296/10 4552/299/10
f 4636/300/10 4637/297/10 4552/299/10
f 4635/301/10 4636/300/10 4552/299/10
f 4635/301/10 4552/299/10 4553/302/10
f 4486/303/10 4487/291/10 4686/298/10
f 4486/303/10 4686/298/10 4687/304/10
f 4634/305/10 4635/301/10 4553/302/10
f 4634/305/10 4553/302/10 4554/306/10
f 4633/307/10 4634/305/10 4554/306/10
f 4632/308/10 4633/307/10 4554/306/10
f 4632/308/10 4554/306/10 4555/309/10
f 4486/303/10 4687/304/10 4688/310/10
f 4631/311/10 4632/308/10 4555/309/10
f 4631/311/10 4555/309/10 4556/312/10
f 4630/313/10 4631/311/10 4556/312/10
f 4485/314/10 4486/303/10 4688/310/10
f 4629/315/10 4630/313/10 4556/312/10
f 4629/315/10 4556/312/10 4557/316/10
f 4485/314/10 4688/310/10 4689/317/10
f 4628/318/10 4629/315/10 4557/316/10
f 4627/319/10 4628/318/10 4557/316/10
f 4627/319/10 4557/316/10 4558/320/10
f 4626/321/10 4627/319/10 4558/320/10
f 4625/322/10 4626/321/10 4558/320/10
f 4485/314/10 4689/317/10 4690/323/10
f 4625/322/10 4558/320/10 4559/324/10
f 4624/325/10 4625/322/10 4559/324/10
f 4484/326/10 4485/314/10 4690/323/10
f 4624/325/10 4559/324/10 4560/327/10
f 4484/326/10 4690/323/10 4691/328/10
f 4623/329/10 4624/325/10 4560/327/10
f 4623/329/10 4560/327/10 4561/330/10
f 4623/329/10 4561/330/10 4562/331/10
f 4484/326/10 4691/328/10 4692/332/10
f 4622/333/10 4623/329/10 4562/331/10
f 4483/334/10 4484/326/10 4692/332/10
f 4622/333/10 4562/331/10 4563/335/10
f 4483/334/10 4692/332/10 4693/336/10
f 4622/333/10 4563/335/10 4564/337/10
f 4621/338/10 4622/333/10 4564/337/10
f 4621/338/10 4564/337/10 4565/339/10
f 4483/334/10 4693/336/10 4694/340/10
f 4482/341/10 4483/334/10 4694/340/10
f 4621/338/10 4565/339/10 4566/342/10
f 4620/343/10 4621/338/10 4566/342/10
f 4482/341/10 4694/340/10 4695/344/10
f 4620/343/10 4566/342/10 4567/345/10
f 4619/346/10 4620/343/10 4567/345/10
f 4481/347/10 4482/341/10 4695/344/10
f 4481/347/10 4695/344/10 4696/348/10
f 4481/347/10 4696/348/10 4697/349/10
f 4619/346/10 4567/345/10 4568/350/10
f 4618/351/10 4619/346/10 4568/350/10
f 4480/352/10 4481/347/10 4697/349/10
f 4480/352/10 4697/349/10 4698/353/10
f 4618/351/10 4568/350/10 4569/354/10
f 4617/355/10 4618/351/10 4569/354/10
f 4480/352/10 4698/353/10 4699/356/10
f 4617/355/10 4569/354/10 4570/357/10
f 4479/358/10 4480/352/10 4699/356/10
f 4616/359/10 4617/355/10 4570/357/10
f 4479/358/10 4699/356/10 4700/360/10
f 4616/359/10 4570/357/10 4571/361/10
f 4479/358/10 4700/360/10 4701/362/10
f 4478/363/10 4479/358/10 4701/362/10
f 4615/364/10 4616/359/10 4571/361/10
f 4478/363/10 4701/362/10 4702/365/10
f 4615/364/10 4571/361/10 4572/366/10
f 4478/363/10 4702/365/10 4703/367/10
f 4615/364/10 4572/366/10 4573/368/10
f 4614/369/10 4615/364/10 4573/368/10
f 4477/370/10 4478/363/10 4703/367/10
f 4477/370/10 4703/367/10 4704/371/10
f 4614/369/10 4573/368/10 4574/372/10
f 4477/370/10 4704/371/10 4705/373/10
f 4614/369/10 4574/372/10 4575/374/10
f 4476/375/10 4477/370/10 4705/373/10
f 4476/375/10 4705/373/10 4706/376/10
f 4613/377/10 4614/369/10 4575/374/10
f 4613/377/10 4575/374/10 4576/378/10
f 4476/375/10 4706/376/10 4707/379/10
f 4476/375/10 4707/379/10 4708/380/10
f 4613/377/10 4576/378/10 4577/381/10
f 4475/382/10 4476/375/10 4708/380/10
f 4744/66/10 4613/377/10 4577/381/10
f 4475/382/10 4708/380/10 4709/383/10
f 4744/66/10 4577/381/10 4578/384/10
f 4743/385/10 4744/66/10 4578/384/10
f 4743/385/10 4578/384/10 4579/386/10
f 4743/385/10 4579/386/10 4580/387/10
f 4742/388/10 4743/385/10 4580/387/10
f 4475/382/10 4709/383/10 4710/389/10
f 4742/388/10 4580/387/10 4581/390/10
f 4741/391/10 4742/388/10 4581/390/10
f 4741/391/10 4581/390/10 4582/392/10
f 4475/382/10 4710/389/10 4711/393/10
f 4740/394/10 4741/391/10 4582/392/10
f 4740/394/10 4582/392/10 4583/395/10
f 4474/396/10 4475/382/10 4711/393/10
f 4739/397/10 4740/394/10 4583/395/10
f 4474/396/10 4711/393/10 4712/398/10
f 4738/399/10 4739/397/10 4583/395/10
f 4738/399/10 4583/395/10 4584/400/10
f 4737/401/10 4738/399/10 4584/400/10
f 4474/396/10 4712/398/10 4713/402/10
f 4736/403/10 4737/401/10 4584/400/10
f 4736/403/10 4584/400/10 4585/404/10
f 4735/405/10 4736/403/10 4585/404/10
f 4474/396/10 4713/402/10 4714/406/10
f 4734/407/10 4735/405/10 4585/404/10
f 4734/407/10 4585/404/10 4586/408/10
f 4733/409/10 4734/407/10 4586/408/10
f 4474/396/10 4714/406/10 4715/410/10
f 4473/411/10 4474/396/10 4715/410/10
f 4732/412/10 4733/409/10 4586/408/10
f 4731/413/10 4732/412/10 4586/408/10
f 4473/411/10 4715/410/10 4716/414/10
f 4730/415/10 4731/413/10 4586/408/10
f 4730/415/10 4586/408/10 4587/416/10
f 4473/411/10 4716/414/10 4717/417/10
f 4729/418/10 4730/415/10 4587/416/10
f 4728/419/10 4729/418/10 4587/416/10
f 4473/411/10 4717/417/10 4718/420/10
f 4727/421/10 4728/419/10 4587/416/10
f 4726/422/10 4727/421/10 4587/416/10
f 4473/411/10 4718/420/10 4719/423/10
f 4725/424/10 4726/422/10 4587/416/10
f 4724/425/10 4725/424/10 4587/416/10
f 4473/411/10 4719/423/10 4720/426/10
f 4723/427/10 4724/425/10 4587/416/10
f 4723/427/10 4587/416/10 4588/428/10
f 4722/429/10 4723/427/10 4588/428/10
f 4473/411/10 4720/426/10 4721/430/10
f 4721/430/10 4722/429/10 4588/428/10
f 4473/411/10 4721/430/10 4588/428/10
f 4472/431/10 4473/411/10 4588/428/10
f 4472/431/10 4588/428/10 4589/432/10
f 4472/431/10 4589/432/10 4590/433/10
f 4471/434/10 4472/431/10 4590/433/10
f 4471/434/10 4590/433/10 4591/435/10
f 4471/434/10 4591/435/10 4592/436/10
f 4470/437/10 4471/434/10 4592/436/10
f 4470/437/10 4592/436/10 4593/438/10
f 4470/437/10 4593/438/10 4594/439/10
f 4469/440/10 4470/437/10 4594/439/10
f 4469/440/10 4594/439/10 4595/441/10
f 4469/440/10 4595/441/10 4596/442/10
f 4469/440/10 4596/442/10 4597/443/10
f 4468/444/10 4469/440/10 4597/443/10
f 4468/444/10 4597/443/10 4598/445/10
f 4468/444/10 4598/445/10 4599/446/10
f 4468/444/10 4599/446/10 4600/447/10
f 4468/444/10 4600/447/10 4601/448/10
f 4468/444/10 4601/448/10 4602/449/10
f 4467/450/10 4468/444/10 4602/449/10
f 4467/450/10 4602/449/10 4603/451/10
f 4467/450/10 4603/451/10 4433/452/10
f 4433/452/10 4603/451/10 4604/453/10
f 4466/454/10 4467/450/10 4433/452/10
f 4466/454/10 4433/452/10 4434/455/10
f 4432/456/10 4433/452/10 4604/453/10
f 4432/456/10 4604/453/10 4605/457/10
f 4466/454/10 4434/455/10 4435/458/10
f 4432/456/10 4605/457/10 4606/459/10
f 4466/454/10 4435/458/10 4436/460/10
f 4431/461/10 4432/456/10 4606/459/10
f 4465/462/10 4466/454/10 4436/460/10
f 4431/461/10 4606/459/10 4607/463/10
f 4465/462/10 4436/460/10 4437/464/10
f 4431/461/10 4607/463/10 4608/465/10
f 4465/462/10 4437/464/10 4438/466/10
f 4430/467/10 4431/461/10 4608/465/10
f 4464/468/10 4465/462/10 4438/466/10
f 4430/467/10 4608/465/10 4609/469/10
f 4464/468/10 4438/466/10 4439/470/10
f 4464/468/10 4439/470/10 4440/471/10
f 4430/467/10 4609/469/10 4610/472/10
f 4429/473/10 4430/467/10 4610/472/10
f 4464/468/10 4440/471/10 4441/474/10
f 4463/475/10 4464/468/10 4441/474/10
f 4429/473/10 4610/472/10 4611/476/10
f 4463/475/10 4441/474/10 4442/477/10
f 4429/473/10 4611/476/10 4612/478/10
f 4463/475/10 4442/477/10 4443/479/10
f 4428/480/10 4429/473/10 4612/478/10
f 4462/481/10 4463/475/10 4443/479/10
f 4462/481/10 4443/479/10 4444/482/10
f 4428/480/10 4612/478/10 4409/73/10
f 4462/481/10 4444/482/10 4445/483/10
f 4428/480/10 4409/73/10 4410/484/10
f 4427/485/10 4428/480/10 4410/484/10
f 4462/481/10 4445/483/10 4446/486/10
f 4461/487/10 4462/481/10 4446/486/10
f 4461/487/10 4446/486/10 4447/488/10
f 4427/485/10 4410/484/10 4411/489/10
f 4461/487/10 4447/488/10 4448/490/10
f 4460/491/10 4461/487/10 4448/490/10
f 4426/492/10 4427/485/10 4411/489/10
f 4426/492/10 4411/489/10 4412/493/10
f 4460/491/10 4448/490/10 4449/494/10
f 4460/491/10 4449/494/10 4450/495/10
f 4426/492/10 4412/493/10 4413/496/10
f 4459/497/10 4460/491/10 4450/495/10
f 4459/497/10 4450/495/10 4451/498/10
f 4425/499/10 4426/492/10 4413/496/10
f 4459/497/10 4451/498/10 4452/500/10
f 4425/499/10 4413/496/10 4414/501/10
f 4459/497/10 4452/500/10 4453/502/10
f 4458/503/10 4459/497/10 4453/502/10
f 4458/503/10 4453/502/10 4454/504/10
f 4458/503/10 4454/504/10 4455/505/10
f 4425/499/10 4414/501/10 4415/506/10
f 4457/507/10 4458/503/10 4455/505/10
f 4457/507/10 4455/505/10 4456/508/10
f 4424/509/10 4425/499/10 4415/506/10
f 4424/509/10 4415/506/10 4416/510/10
f 4423/511/10 4424/509/10 4416/510/10
f 4423/511/10 4416/510/10 4417/512/10
f 4423/511/10 4417/512/10 4418/513/10
f 4422/514/10 4423/511/10 4418/513/10
f 4422/514/10 4418/513/10 4419/515/10
f 4422/514/10 4419/515/10 4420/516/10
f 4421/517/10 4422/514/10 4420/516/10
f 4840/184/10 4841/186/10 4842/185/10
f 4840/184/10 4842/185/10 4843/187/10
f 4839/188/10 4840/184/10 4843/187/10
f 4839/188/10 4843/187/10 4844/189/10
f 4838/191/10 4839/188/10 4844/189/10
f 4838/191/10 4844/189/10 4845/190/10
f 4837/194/10 4838/191/10 4845/190/10
f 4837/194/10 4845/190/10 4846/192/10
f 4837/194/10 4846/192/10 4847/193/10
f 4836/197/10 4837/194/10 4847/193/10
f 4836/197/10 4847/193/10 4848/195/10
f 4835/199/10 4836/197/10 4848/195/10
f 4835/199/10 4848/195/10 4849/196/10
f 4834/202/10 4835/199/10 4849/196/10
f 4834/202/10 4849/196/10 4850/198/10
f 4834/202/10 4850/198/10 4851/200/10
f 4833/205/10 4834/202/10 4851/200/10
f 4833/205/10 4851/200/10 4852/201/10
f 4832/207/10 4833/205/10 4852/201/10
f 4832/207/10 4852/201/10 4853/203/10
f 4831/210/10 4832/207/10 4853/203/10
f 4831/210/10 4853/203/10 4854/204/10
f 4830/213/10 4831/210/10 4854/204/10
f 4830/213/10 4854/204/10 4855/206/10
f 4830/213/10 4855/206/10 4856/208/10
f 4829/216/10 4830/213/10 4856/208/10
f 4829/216/10 4856/208/10 4857/209/10
f 4828/219/10 4829/216/10 4857/209/10
f 4828/219/10 4857/209/10 4858/211/10
f 4828/219/10 4858/211/10 4859/212/10
f 4827/222/10 4828/219/10 4859/212/10
f 4827/222/10 4859/212/10 4860/214/10
f 4827/222/10 4860/214/10 4861/215/10
f 4826/228/10 4827/222/10 4861/215/10
f 4826/228/10 4861/215/10 4862/217/10
f 4826/228/10 4862/217/10 4863/218/10
f 4825/267/10 4826/228/10 4863/218/10
f 4825/267/10 4863/218/10 4864/220/10
f 4825/267/10 4864/220/10 4865/221/10
f 4824/280/10 4825/267/10 4865/221/10
f 4824/280/10 4865/221/10 4866/223/10
f 4824/280/10 4866/223/10 4867/224/10
f 4824/280/10 4867/224/10 4913/381/10
f 4913/381/10 4867/224/10 4868/225/10
f 4824/280/10 4913/381/10 4914/384/10
f 4912/378/10 4913/381/10 4868/225/10
f 4912/378/10 4868/225/10 4869/226/10
f 4911/374/10 4912/378/10 4869/226/10
f 4823/291/10 4824/280/10 4914/384/10
f 4823/291/10 4914/384/10 4915/386/10
f 4910/372/10 4911/374/10 4869/226/10
f 4909/368/10 4910/372/10 4869/226/10
f 4823/291/10 4915/386/10 4916/387/10
f 4908/366/10 4909/368/10 4869/226/10
f 4908/366/10 4869/226/10 4870/227/10
f 4907/361/10 4908/366/10 4870/227/10
f 4823/291/10 4916/387/10 4917/390/10
f 4906/357/10 4907/361/10 4870/227/10
f 4906/357/10 4870/227/10 4871/231/10
f 4905/354/10 4906/357/10 4871/231/10
f 4823/291/10 4917/390/10 4918/392/10
f 4904/350/10 4905/354/10 4871/231/10
f 4904/350/10 4871/231/10 4872/232/10
f 4903/345/10 4904/350/10 4872/232/10
f 4903/345/10 4872/232/10 4873/248/10
f 4823/291/10 4918/392/10 4919/395/10
f 4822/303/10 4823/291/10 4919/395/10
f 4902/342/10 4903/345/10 4873/248/10
f 4902/342/10 4873/248/10 4874/255/10
f 4901/339/10 4902/342/10 4874/255/10
f 4822/303/10 4919/395/10 4920/400/10
f 4901/339/10 4874/255/10 4875/261/10
f 4901/339/10 4875/261/10 4876/266/10
f 4900/337/10 4901/339/10 4876/266/10
f 4900/337/10 4876/266/10 4877/268/10
f 4899/335/10 4900/337/10 4877/268/10
f 4822/303/10 4920/400/10 4921/404/10
f 4899/335/10 4877/268/10 4878/271/10
f 4821/314/10 4822/303/10 4921/404/10
f 4898/331/10 4899/335/10 4878/271/10
f 4898/331/10 4878/271/10 4879/273/10
f 4897/330/10 4898/331/10 4879/273/10
f 4897/330/10 4879/273/10 4880/275/10
f 4821/314/10 4921/404/10 4922/408/10
f 4896/327/10 4897/330/10 4880/275/10
f 4896/327/10 4880/275/10 4881/278/10
f 4895/324/10 4896/327/10 4881/278/10
f 4895/324/10 4881/278/10 4882/281/10
f 4895/324/10 4882/281/10 4883/284/10
f 4894/320/10 4895/324/10 4883/284/10
f 4894/320/10 4883/284/10 4884/287/10
f 4893/316/10 4894/320/10 4884/287/10
f 4893/316/10 4884/287/10 4885/289/10
f 4892/312/10 4893/316/10 4885/289/10
f 4892/312/10 4885/289/10 4886/294/10
f 4821/314/10 4922/408/10 4923/416/10
f 4891/309/10 4892/312/10 4886/294/10
f 4891/309/10 4886/294/10 4887/296/10
f 4890/306/10 4891/309/10 4887/296/10
f 4890/306/10 4887/296/10 4888/299/10
f 4820/326/10 4821/314/10 4923/416/10
f 4889/302/10 4890/306/10 4888/299/10
f 4820/326/10 4923/416/10 4924/428/10
f 4819/334/10 4820/326/10 4924/428/10
f 4819/334/10 4924/428/10 4925/432/10
f 4818/341/10 4819/334/10 4925/432/10
f 4818/341/10 4925/432/10 4926/433/10
f 4817/347/10 4818/341/10 4926/433/10
f 4817/347/10 4926/433/10 4927/435/10
f 4816/352/10 4817/347/10 4927/435/10
f 4816/352/10 4927/435/10 4928/436/10
f 4815/358/10 4816/352/10 4928/436/10
f 4815/358/10 4928/436/10 4929/438/10
f 4814/363/10 4815/358/10 4929/438/10
f 4814/363/10 4929/438/10 4930/439/10
f 4813/370/10 4814/363/10 4930/439/10
f 4813/370/10 4930/439/10 4931/441/10
f 4812/375/10 4813/370/10 4931/441/10
f 5056/426/10 5057/430/10 5058/429/10
f 5055/423/10 5056/426/10 5058/429/10
f 5055/423/10 5058/429/10 5059/427/10
f 5054/420/10 5055/423/10 5059/427/10
f 5054/420/10 5059/427/10 5060/425/10
f 5053/417/10 5054/420/10 5060/425/10
f 5053/417/10 5060/425/10 5061/424/10
f 5052/414/10 5053/417/10 5061/424/10
f 5052/414/10 5061/424/10 5062/422/10
f 5051/410/10 5052/414/10 5062/422/10
f 5051/410/10 5062/422/10 5063/421/10
f 5050/406/10 5051/410/10 5063/421/10
f 5050/406/10 5063/421/10 5064/419/10
f 5049/402/10 5050/406/10 5064/419/10
f 5049/402/10 5064/419/10 5065/418/10
f 5048/398/10 5049/402/10 5065/418/10
f 5048/398/10 5065/418/10 5066/415/10
f 5047/393/10 5048/398/10 5066/415/10
f 5047/393/10 5066/415/10 5067/413/10
f 5046/389/10 5047/393/10 5067/413/10
f 4812/375/10 4931/441/10 4932/442/10
f 5046/389/10 5067/413/10 5068/412/10
f 5045/383/10 5046/389/10 5068/412/10
f 5045/383/10 5068/412/10 5069/409/10
f 5044/380/10 5045/383/10 5069/409/10
f 5044/380/10 5069/409/10 5070/407/10
f 4811/382/10 4812/375/10 4932/442/10
f 5043/379/10 5044/380/10 5070/407/10
f 5043/379/10 5070/407/10 5071/405/10
f 5043/379/10 5071/405/10 5072/403/10
f 5042/376/10 5043/379/10 5072/403/10
f 5042/376/10 5072/403/10 5073/401/10
f 5042/376/10 5073/401/10 5074/399/10
f 5041/373/10 5042/376/10 5074/399/10
f 5041/373/10 5074/399/10 5075/397/10
f 4811/382/10 4932/442/10 4933/443/10
f 5041/373/10 5075/397/10 5076/394/10
f 4810/396/10 4811/382/10 4933/443/10
f 5040/371/10 5041/373/10 5076/394/10
f 5040/371/10 5076/394/10 5077/391/10
f 5040/371/10 5077/391/10 5078/388/10
f 5039/367/10 5040/371/10 5078/388/10
f 5039/367/10 5078/388/10 5079/385/10
f 5039/367/10 5079/385/10 5080/66/10
f 5038/365/10 5039/367/10 5080/66/10
f 5038/365/10 5080/66/10 4745/73/10
f 4809/411/10 4810/396/10 4933/443/10
f 4809/411/10 4933/443/10 4934/445/10
f 5038/365/10 4745/73/10 4746/484/10
f 5037/362/10 5038/365/10 4746/484/10
f 5037/362/10 4746/484/10 4747/489/10
f 5036/360/10 5037/362/10 4747/489/10
f 5036/360/10 4747/489/10 4748/493/10
f 5036/360/10 4748/493/10 4749/496/10
f 4808/431/10 4809/411/10 4934/445/10
f 5035/356/10 5036/360/10 4749/496/10
f 5035/356/10 4749/496/10 4750/501/10
f 4808/431/10 4934/445/10 4935/446/10
f 5035/356/10 4750/501/10 4751/506/10
f 5034/353/10 5035/356/10 4751/506/10
f 5034/353/10 4751/506/10 4752/510/10
f 5034/353/10 4752/510/10 4753/512/10
f 4807/434/10 4808/431/10 4935/446/10
f 5034/353/10 4753/512/10 4754/513/10
f 5033/349/10 5034/353/10 4754/513/10
f 5033/349/10 4754/513/10 4755/515/10
f 5033/349/10 4755/515/10 4756/516/10
f 4807/434/10 4935/446/10 4936/447/10
f 5033/349/10 4756/516/10 4757/517/10
f 5032/348/10 5033/349/10 4757/517/10
f 5032/348/10 4757/517/10 4985/263/10
f 4985/263/10 4757/517/10 4758/514/10
f 5031/344/10 5032/348/10 4985/263/10
f 4806/437/10 4807/434/10 4936/447/10
f 5030/340/10 5031/344/10 4985/263/10
f 5029/336/10 5030/340/10 4985/263/10
f 5029/336/10 4985/263/10 4986/262/10
f 4984/265/10 4985/263/10 4758/514/10
f 5029/336/10 4986/262/10 4987/260/10
f 5028/332/10 5029/336/10 4987/260/10
f 5028/332/10 4987/260/10 4988/259/10
f 4806/437/10 4936/447/10 4937/448/10
f 5027/328/10 5028/332/10 4988/259/10
f 5027/328/10 4988/259/10 4989/257/10
f 5027/328/10 4989/257/10 4990/256/10
f 4984/265/10 4758/514/10 4759/511/10
f 5026/323/10 5027/328/10 4990/256/10
f 4805/440/10 4806/437/10 4937/448/10
f 5026/323/10 4990/256/10 4991/254/10
f 5025/317/10 5026/323/10 4991/254/10
f 4983/270/10 4984/265/10 4759/511/10
f 5025/317/10 4991/254/10 4992/253/10
f 5024/310/10 5025/317/10 4992/253/10
f 5024/310/10 4992/253/10 4993/252/10
f 5023/304/10 5024/310/10 4993/252/10
f 5022/298/10 5023/304/10 4993/252/10
f 5022/298/10 4993/252/10 4994/250/10
f 5021/292/10 5022/298/10 4994/250/10
f 4982/272/10 4983/270/10 4759/511/10
f 5021/292/10 4994/250/10 4995/249/10
f 5020/286/10 5021/292/10 4995/249/10
f 4804/444/10 4805/440/10 4937/448/10
f 4804/444/10 4937/448/10 4938/449/10
f 4982/272/10 4759/511/10 4760/509/10
f 5019/283/10 5020/286/10 4995/249/10
f 5019/283/10 4995/249/10 4996/247/10
f 5018/277/10 5019/283/10 4996/247/10
f 5018/277/10 4996/247/10 4997/246/10
f 4981/276/10 4982/272/10 4760/509/10
f 5017/274/10 5018/277/10 4997/246/10
f 5016/269/10 5017/274/10 4997/246/10
f 4804/444/10 4938/449/10 4939/451/10
f 5015/264/10 5016/269/10 4997/246/10
f 5015/264/10 4997/246/10 4998/245/10
f 5015/264/10 4998/245/10 4999/243/10
f 5014/258/10 5015/264/10 4999/243/10
f 5014/258/10 4999/243/10 5000/242/10
f 5013/251/10 5014/258/10 5000/242/10
f 5013/251/10 5000/242/10 5001/241/10
f 5013/251/10 5001/241/10 5002/240/10
f 5012/244/10 5013/251/10 5002/240/10
f 5012/244/10 5002/240/10 5003/239/10
f 5012/244/10 5003/239/10 5004/237/10
f 5011/238/10 5012/244/10 5004/237/10
f 5011/238/10 5004/237/10 5005/236/10
f 5011/238/10 5005/236/10 5006/235/10
f 5010/229/10 5011/238/10 5006/235/10
f 4980/279/10 4981/276/10 4760/509/10
f 5010/229/10 5006/235/10 5007/234/10
f 5010/229/10 5007/234/10 5008/233/10
f 5009/230/10 5010/229/10 5008/233/10
f 4803/450/10 4804/444/10 4939/451/10
f 4980/279/10 4760/509/10 4761/499/10
f 4803/450/10 4939/451/10 4940/453/10
f 4979/282/10 4980/279/10 4761/499/10
f 4803/450/10 4940/453/10 4941/457/10
f 4802/454/10 4803/450/10 4941/457/10
f 4978/285/10 4979/282/10 4761/499/10
f 4978/285/10 4761/499/10 4762/492/10
f 4802/454/10 4941/457/10 4942/459/10
f 4977/288/10 4978/285/10 4762/492/10
f 4802/454/10 4942/459/10 4943/463/10
f 4801/462/10 4802/454/10 4943/463/10
f 4976/290/10 4977/288/10 4762/492/10
f 4976/290/10 4762/492/10 4763/485/10
f 4801/462/10 4943/463/10 4944/465/10
f 4975/293/10 4976/290/10 4763/485/10
f 4801/462/10 4944/465/10 4945/469/10
f 4974/295/10 4975/293/10 4763/485/10
f 4800/468/10 4801/462/10 4945/469/10
f 4974/295/10 4763/485/10 4764/480/10
f 4800/468/10 4945/469/10 4946/472/10
f 4973/297/10 4974/295/10 4764/480/10
f 4800/468/10 4946/472/10 4947/476/10
f 4972/300/10 4973/297/10 4764/480/10
f 4800/468/10 4947/476/10 4948/478/10
f 4799/475/10 4800/468/10 4948/478/10
f 4972/300/10 4764/480/10 4765/473/10
f 4799/475/10 4948/478/10 4949/377/10
f 4971/301/10 4972/300/10 4765/473/10
f 4799/475/10 4949/377/10 4950/369/10
f 4970/305/10 4971/301/10 4765/473/10
f 4799/475/10 4950/369/10 4951/364/10
f 4969/307/10 4970/305/10 4765/473/10
f 4798/481/10 4799/475/10 4951/364/10
f 4798/481/10 4951/364/10 4952/359/10
f 4969/307/10 4765/473/10 4766/467/10
f 4968/308/10 4969/307/10 4766/467/10
f 4798/481/10 4952/359/10 4953/355/10
f 4967/311/10 4968/308/10 4766/467/10
f 4798/481/10 4953/355/10 4954/351/10
f 4966/313/10 4967/311/10 4766/467/10
f 4798/481/10 4954/351/10 4955/346/10
f 4798/481/10 4955/346/10 4956/343/10
f 4965/315/10 4966/313/10 4766/467/10
f 4798/481/10 4956/343/10 4957/338/10
f 4797/487/10 4798/481/10 4957/338/10
f 4964/318/10 4965/315/10 4766/467/10
f 4797/487/10 4957/338/10 4958/333/10
f 4963/319/10 4964/318/10 4766/467/10
f 4963/319/10 4766/467/10 4767/461/10
f 4797/487/10 4958/333/10 4959/329/10
f 4962/321/10 4963/319/10 4767/461/10
f 4797/487/10 4959/329/10 4960/325/10
f 4961/322/10 4962/321/10 4767/461/10
f 4797/487/10 4960/325/10 4961/322/10
f 4797/487/10 4961/322/10 4767/461/10
f 4796/491/10 4797/487/10 4767/461/10
f 4796/491/10 4767/461/10 4768/456/10
f 4795/497/10 4796/491/10 4768/456/10
f 4795/497/10 4768/456/10 4769/452/10
f 4794/503/10 4795/497/10 4769/452/10
f 4794/503/10 4769/452/10 4770/455/10
f 4793/507/10 4794/503/10 4770/455/10
f 4793/507/10 4770/455/10 4771/458/10
f 4792/508/10 4793/507/10 4771/458/10
f 4792/508/10 4771/458/10 4772/460/10
f 4791/505/10 4792/508/10 4772/460/10
f 4791/505/10 4772/460/10 4773/464/10
f 4790/504/10 4791/505/10 4773/464/10
f 4790/504/10 4773/464/10 4774/466/10
f 4789/502/10 4790/504/10 4774/466/10
f 4788/500/10 4789/502/10 4774/466/10
f 4788/500/10 4774/466/10 4775/470/10
f 4787/498/10 4788/500/10 4775/470/10
f 4787/498/10 4775/470/10 4776/471/10
f 4786/495/10 4787/498/10 4776/471/10
f 4786/495/10 4776/471/10 4777/474/10
f 4785/494/10 4786/495/10 4777/474/10
f 4785/494/10 4777/474/10 4778/477/10
f 4784/490/10 4785/494/10 4778/477/10
f 4784/490/10 4778/477/10 4779/479/10
f 4783/488/10 4784/490/10 4779/479/10
f 4783/488/10 4779/479/10 4780/482/10
f 4782/486/10 4783/488/10 4780/482/10
f 4782/486/10 4780/482/10 4781/483/10
s 1
f 5082/1358/19 5084/1359/20 5083/1360/20 5081/73/19
f 5084/1359/20 5086/1361/21 5085/1362/21 5083/1360/20
f 5086/1361/21 5088/1363/22 5087/1364/22 5085/1362/21
f 5088/1363/22 5090/1365/23 5089/1366/23 5087/1364/22
f 5090/1365/23 5092/1367/24 5091/1368/24 5089/1366/23
f 5092/1367/24 5094/1369/25 5093/1370/25 5091/1368/24
f 5094/1369/25 5096/1371/26 5095/740/26 5093/1370/25
f 5096/1371/26 5098/1372/27 5097/1373/27 5095/740/26
f 5098/1372/27 5100/1374/28 5099/1375/28 5097/1373/27
f 5100/1374/28 5102/1376/29 5101/1377/29 5099/1375/28
f 5102/1376/29 5104/1378/30 5103/1379/30 5101/1377/29
f 5104/1378/30 5106/1380/31 5105/1381/31 5103/1379/30
f 5106/1380/31 5108/1382/32 5107/1383/32 5105/1381/31
f 5108/1382/32 5110/1384/33 5109/748/33 5107/1383/32
f 5110/1384/33 5112/1385/34 5111/1386/34 5109/748/33
f 5112/1385/34 5114/1387/35 5113/1388/35 5111/1386/34
f 5114/1387/35 5116/1389/36 5115/1390/36 5113/1388/35
f 5116/1389/36 5118/1391/37 5117/1392/37 5115/1390/36
f 5118/1391/37 5120/1393/38 5119/1394/38 5117/1392/37
f 5120/1393/38 5122/1395/39 5121/1396/39 5119/1394/38
f 5122/1395/39 5124/1397/40 5123/744/40 5121/1396/39
f 5124/1397/40 5126/1398/41 5125/1399/41 5123/744/40
f 5126/1398/41 5128/1400/42 5127/1401/42 5125/1399/41
f 5128/1400/42 5130/1402/43 5129/107/43 5127/1401/42
f 5130/1402/43 5132/1403/44 5131/1404/44 5129/107/43
f 5132/1403/44 5134/1405/45 5133/1406/45 5131/1404/44
f 5134/1405/45 5136/1407/46 5135/1408/46 5133/1406/45
f 5136/1407/46 5138/1409/47 5137/732/47 5135/1408/46
f 5138/1409/47 5140/1410/48 5139/1411/48 5137/732/47
f 5140/1410/48 5142/1412/49 5141/1413/49 5139/1411/48
f 5142/1412/49 5144/1414/50 5143/1415/50 5141/1413/49
f 5144/1414/50 5146/1416/51 5145/1417/51 5143/1415/50
f 5146/1416/51 5148/1418/52 5147/1419/52 5145/1417/51
f 5148/1418/52 5150/1420/53 5149/1421/53 5147/1419/52
f 5150/1420/53 5152/1422/54 5151/721/54 5149/1421/53
f 5152/1422/54 5154/1423/55 5153/1424/55 5151/721/54
f 5154/1423/55 5156/1425/56 5155/1426/56 5153/1424/55
f 5156/1425/56 5158/1427/57 5157/1428/57 5155/1426/56
f 5158/1427/57 5160/1429/58 5159/1430/58 5157/1428/57
f 5160/1429/58 5162/1431/59 5161/1432/59 5159/1430/58
f 5162/1431/59 5164/1433/60 5163/1434/60 5161/1432/59
f 5164/1433/60 5166/1435/61 5165/682/61 5163/1434/60
f 5166/1435/61 5168/1436/62 5167/1437/62 5165/682/61
f 5168/1436/62 5170/1438/63 5169/1439/63 5167/1437/62
f 5170/1438/63 5172/1440/64 5171/1441/64 5169/1439/63
f 5172/1440/64 5174/1442/65 5173/1443/65 5171/1441/64
f 5174/1442/65 5176/1444/66 5175/1445/66 5173/1443/65
f 5176/1444/66 5178/1446/67 5177/132/67 5175/1445/66
f 5178/1446/67 5180/1447/68 5179/648/68 5177/132/67
f 5180/1447/68 5182/1448/69 5181/1449/69 5179/648/68
f 5182/1448/69 5184/1450/70 5183/1451/70 5181/1449/69
f 5184/1450/70 5186/1452/71 5185/1453/71 5183/1451/70
f 5186/1452/71 5188/1454/72 5187/1455/72 5185/1453/71
f 5188/1454/72 5190/1456/73 5189/1457/73 5187/1455/72
f 5190/1456/73 5192/1458/74 5191/1459/74 5189/1457/73
f 5192/1458/74 5194/1460/75 5193/618/75 5191/1459/74
f 5194/1460/75 5196/1461/76 5195/1462/76 5193/618/75
f 5196/1461/76 5198/1463/77 5197/1464/77 5195/1462/76
f 5198/1463/77 5200/1465/78 5199/1466/78 5197/1464/77
f 5200/1465/78 5202/1467/79 5201/1468/79 5199/1466/78
f 5202/1467/79 5204/1469/80 5203/1470/80 5201/1468/79
f 5204/1469/80 5206/1471/81 5205/1472/81 5203/1470/80
f 5206/1471/81 5208/1473/82 5207/568/82 5205/1472/81
f 5208/1473/82 5210/1474/83 5209/1475/83 5207/568/82
f 5210/1474/83 5212/1476/84 5211/1477/84 5209/1475/83
f 5212/1476/84 5214/1478/85 5213/1479/85 5211/1477/84
f 5214/1478/85 5216/1480/86 5215/1481/86 5213/1479/85
f 5216/1480/86 5218/1482/87 5217/1483/87 5215/1481/86
f 5218/1482/87 5220/1484/88 5219/1485/88 5217/1483/87
f 5220/1484/88 5222/1486/89 5221/544/89 5219/1485/88
f 5222/1486/89 5224/1487/90 5223/1488/90 5221/544/89
f 5224/1487/90 5226/1489/91 5225/80/91 5223/1488/90
f 5226/1489/91 5228/1490/92 5227/1491/92 5225/80/91
f 5228/1490/92 5230/1492/93 5229/1493/93 5227/1491/92
f 5230/1492/93 5232/1494/94 5231/1495/94 5229/1493/93
f 5232/1494/94 5234/1496/95 5233/1497/95 5231/1495/94
f 5234/1496/95 5236/1498/96 5235/531/96 5233/1497/95
f 5236/1498/96 5238/1499/97 5237/1500/97 5235/531/96
f 5238/1499/97 5240/1501/98 5239/1502/98 5237/1500/97
f 5240/1501/98 5242/1503/99 5241/1504/99 5239/1502/98
f 5242/1503/99 5244/1505/100 5243/1506/100 5241/1504/99
f 5244/1505/100 5246/1507/101 5245/1508/101 5243/1506/100
f 5246/1507/101 5248/1509/102 5247/1510/102 5245/1508/101
f 5248/1509/102 5250/1511/103 5249/520/103 5247/1510/102
f 5250/1511/103 5252/1512/104 5251/1513/104 5249/520/103
f 5252/1512/104 5254/1514/105 5253/1515/105 5251/1513/104
f 5254/1514/105 5256/1516/106 5255/1517/106 5253/1515/105
f 5256/1516/106 5258/1518/107 5257/1519/107 5255/1517/106
f 5258/1518/107 5260/1520/108 5259/1521/108 5257/1519/107
f 5260/1520/108 5262/1522/109 5261/1523/109 5259/1521/108
f 5262/1522/109 5264/1524/110 5263/526/110 5261/1523/109
f 5264/1524/110 5266/1525/111 5265/1526/111 5263/526/110
f 5266/1525/111 5268/1527/112 5267/1528/112 5265/1526/111
f 5268/1527/112 5270/1529/113 5269/1530/113 5267/1528/112
f 5270/1529/113 5272/1531/114 5271/1532/114 5269/1530/113
f 5272/1531/114 5274/1533/115 5273/140/115 5271/1532/114
f 5274/1533/115 5276/1534/116 5275/1535/116 5273/140/115
f 5276/1534/116 5278/1536/117 5277/533/117 5275/1535/116
f 5278/1536/117 5280/1537/118 5279/1538/118 5277/533/117
f 5280/1537/118 5282/1539/119 5281/1540/119 5279/1538/118
f 5282/1539/119 5284/1541/120 5283/1542/120 5281/1540/119
f 5284/1541/120 5286/1543/121 5285/1544/121 5283/1542/120
f 5286/1543/121 5288/1545/122 5287/1546/122 5285/1544/121
f 5288/1545/122 5290/1547/123 5289/1548/123 5287/1546/122
f 5290/1547/123 5292/1549/124 5291/541/124 5289/1548/123
f 5292/1549/124 5294/1550/125 5293/1551/125 5291/541/124
f 5294/1550/125 5296/1552/126 5295/1553/126 5293/1551/125
f 5296/1552/126 5298/1554/127 5297/1555/127 5295/1553/126
f 5298/1554/127 5300/1556/128 5299/1557/128 5297/1555/127
f 5300/1556/128 5302/1558/129 5301/1559/129 5299/1557/128
f 5302/1558/129 5304/1560/130 5303/1561/130 5301/1559/129
f 5304/1560/130 5306/1562/131 5305/549/131 5303/1561/130
f 5306/1562/131 5308/1563/132 5307/1564/132 5305/549/131
f 5308/1563/132 5310/1565/133 5309/1566/133 5307/1564/132
f 5310/1565/133 5312/1567/134 5311/1568/134 5309/1566/133
f 5312/1567/134 5314/1569/135 5313/1570/135 5311/1568/134
f 5314/1569/135 5316/1571/136 5315/1572/136 5313/1570/135
f 5316/1571/136 5318/1573/137 5317/1574/137 5315/1572/136
f 5318/1573/137 5320/1575/138 5319/580/138 5317/1574/137
f 5320/1575/138 5322/1576/139 5321/166/139 5319/580/138
f 5322/1576/139 5324/1577/140 5323/1578/140 5321/166/139
f 5324/1577/140 5326/1579/141 5325/1580/141 5323/1578/140
f 5326/1579/141 5328/1581/142 5327/1582/142 5325/1580/141
f 5328/1581/142 5330/1583/143 5329/1584/143 5327/1582/142
f 5330/1583/143 5332/1585/144 5331/1586/144 5329/1584/143
f 5332/1585/144 5334/1587/145 5333/605/145 5331/1586/144
f 5334/1587/145 5336/1588/36 5335/1589/36 5333/605/145
f 5336/1588/36 5338/1590/146 5337/1591/146 5335/1589/36
f 5338/1590/146 5340/1592/147 5339/1593/147 5337/1591/146
f 5340/1592/147 5342/1594/148 5341/1595/148 5339/1593/147
f 5342/1594/148 5344/1596/149 5343/1597/149 5341/1595/148
f 5344/1596/149 5346/1598/150 5345/1599/150 5343/1597/149
f 5346/1598/150 5348/1600/151 5347/626/151 5345/1599/150
f 5348/1600/151 5350/1601/152 5349/1602/152 5347/626/151
f 5350/1601/152 5352/1603/153 5351/1604/153 5349/1602/152
f 5352/1603/153 5354/1605/154 5353/1606/154 5351/1604/153
f 5354/1605/154 5356/1607/155 5355/1608/155 5353/1606/154
f 5356/1607/155 5358/1609/156 5357/1610/156 5355/1608/155
f 5358/1609/156 5360/1611/157 5359/1612/157 5357/1610/156
f 5360/1611/157 5362/1613/158 5361/636/158 5359/1612/157
f 5362/1613/158 5364/1614/159 5363/1615/159 5361/636/158
f 5364/1614/159 5366/1616/160 5365/1617/160 5363/1615/159
f 5366/1616/160 5368/1618/161 5367/1619/161 5365/1617/160
f 5368/1618/161 5370/1620/162 5369/175/162 5367/1619/161
f 5370/1620/162 5372/1621/163 5371/1622/163 5369/175/162
f 5372/1621/163 5374/1623/164 5373/1624/164 5371/1622/163
f 5374/1623/164 5376/1625/165 5375/642/165 5373/1624/164
f 5376/1625/165 5378/1626/166 5377/1627/166 5375/642/165
f 5378/1626/166 5380/1628/167 5379/1629/167 5377/1627/166
f 5380/1628/167 5382/1630/168 5381/1631/168 5379/1629/167
f 5382/1630/168 5384/1632/169 5383/1633/169 5381/1631/168
f 5384/1632/169 5386/1634/170 5385/1635/170 5383/1633/169
f 5386/1634/170 5388/1636/171 5387/1637/171 5385/1635/170
f 5388/1636/171 5390/1638/172 5389/652/172 5387/1637/171
f 5390/1638/172 5392/1639/173 5391/1640/173 5389/652/172
f 5392/1639/173 5394/1641/174 5393/1642/174 5391/1640/173
f 5394/1641/174 5396/1643/175 5395/1644/175 5393/1642/174
f 5396/1643/175 5398/1645/176 5397/1646/176 5395/1644/175
f 5398/1645/176 5400/1647/177 5399/1648/177 5397/1646/176
f 5400/1647/177 5402/1649/178 5401/1650/178 5399/1648/177
f 5402/1649/178 5404/1651/179 5403/678/179 5401/1650/178
f 5404/1651/179 5406/1652/180 5405/1653/180 5403/678/179
f 5406/1652/180 5408/1654/181 5407/1655/181 5405/1653/180
f 5408/1654/181 5410/1656/182 5409/1657/182 5407/1655/181
f 5410/1656/182 5412/1658/183 5411/1659/183 5409/1657/182
f 5412/1658/183 5414/1660/184 5413/1661/184 5411/1659/183
f 5414/1660/184 5416/1662/185 5415/1663/185 5413/1661/184
f 5416/1662/185 5418/1664/186 5417/149/186 5415/1663/185
f 5418/1664/186 5420/1665/187 5419/1666/187 5417/149/186
f 5420/1665/187 5422/1667/188 5421/1668/188 5419/1666/187
f 5422/1667/188 5424/1669/189 5423/1670/189 5421/1668/188
f 5424/1669/189 5426/1671/190 5425/1672/190 5423/1670/189
f 5426/1671/190 5428/1673/191 5427/1674/191 5425/1672/190
f 5428/1673/191 5430/1675/192 5429/1676/192 5427/1674/191
f 5430/1675/192 5432/1677/193 5431/699/193 5429/1676/192
f 5432/1677/193 5434/1678/194 5433/1679/194 5431/699/193
f 5434/1678/194 5436/1680/195 5435/1681/195 5433/1679/194
f 5436/1680/195 5438/1682/196 5437/1683/196 5435/1681/195
f 5438/1682/196 5440/1684/197 5439/1685/197 5437/1683/196
f 5440/1684/197 5442/1686/198 5441/1687/198 5439/1685/197
f 5442/1686/198 5444/1688/199 5443/1689/199 5441/1687/198
f 5444/1688/199 5446/1690/200 5445/709/200 5443/1689/199
f 5446/1690/200 5448/1691/201 5447/1692/201 5445/709/200
f 5448/1691/201 5450/1693/202 5449/1694/202 5447/1692/201
f 5450/1693/202 5452/1695/203 5451/1696/203 5449/1694/202
f 5452/1695/203 5454/1697/204 5453/1698/204 5451/1696/203
f 5454/1697/204 5456/1699/205 5455/1700/205 5453/1698/204
f 5456/1699/205 5458/1701/206 5457/1702/206 5455/1700/205
f 5458/1701/206 5460/1703/207 5459/707/207 5457/1702/206
f 5460/1703/207 5462/1704/208 5461/1705/208 5459/707/207
f 5462/1704/208 5464/1706/209 5463/1707/209 5461/1705/208
f 5464/1706/209 5466/1708/210 5465/90/210 5463/1707/209
f 5466/1708/210 5468/1709/211 5467/1710/211 5465/90/210
f 5468/1709/211 5470/1711/212 5469/1712/212 5467/1710/211
f 5470/1711/212 5472/1713/213 5471/1714/213 5469/1712/212
f 5472/1713/213 5474/1715/214 5473/693/214 5471/1714/213
f 5474/1715/214 5476/1716/215 5475/1717/215 5473/693/214
f 5476/1716/215 5478/1718/216 5477/1719/216 5475/1717/215
f 5478/1718/216 5480/1720/217 5479/1721/217 5477/1719/216
f 5480/1720/217 5482/1722/218 5481/1723/218 5479/1721/217
f 5482/1722/218 5484/1724/219 5483/1725/219 5481/1723/218
f 5484/1724/219 5486/1726/220 5485/1727/220 5483/1725/219
f 5486/1726/220 5488/1728/221 5487/679/221 5485/1727/220
f 5488/1728/221 5490/1729/222 5489/1730/222 5487/679/221
f 5490/1729/222 5492/1731/223 5491/1732/223 5489/1730/222
f 5492/1731/223 5494/1733/224 5493/1734/224 5491/1732/223
f 5494/1733/224 5496/1735/225 5495/1736/225 5493/1734/224
f 5496/1735/225 5498/1737/226 5497/1738/226 5495/1736/225
f 5498/1737/226 5500/1739/227 5499/1740/227 5497/1738/226
f 5500/1739/227 5502/1741/228 5501/666/228 5499/1740/227
f 5502/1741/228 5504/1742/229 5503/1743/229 5501/666/228
f 5504/1742/229 5506/1744/230 5505/1745/230 5503/1743/229
f 5506/1744/230 5508/1746/231 5507/1747/231 5505/1745/230
f 5508/1746/231 5510/1748/232 5509/1749/232 5507/1747/231
f 5510/1748/232 5512/1750/233 5511/1751/233 5509/1749/232
f 5512/1750/233 5514/1752/234 5513/65/234 5511/1751/233
f 5514/1752/234 5516/1753/235 5515/656/235 5513/65/234
f 5516/1753/235 5518/1754/236 5517/1755/236 5515/656/235
f 5518/1754/236 5520/1756/237 5519/1757/237 5517/1755/236
f 5520/1756/237 5522/1758/238 5521/1759/238 5519/1757/237
f 5522/1758/238 5524/1760/239 5523/1761/239 5521/1759/238
f 5524/1760/239 5526/1762/240 5525/1763/240 5523/1761/239
f 5526/1762/240 5528/1764/241 5527/1765/241 5525/1763/240
f 5528/1764/241 5530/1766/242 5529/659/242 5527/1765/241
f 5530/1766/242 5532/1767/243 5531/1768/243 5529/659/242
f 5532/1767/243 5534/1769/244 5533/1770/244 5531/1768/243
f 5534/1769/244 5536/1771/245 5535/1772/245 5533/1770/244
f 5536/1771/245 5538/1773/246 5537/1774/246 5535/1772/245
f 5538/1773/246 5540/1775/247 5539/1776/247 5537/1774/246
f 5540/1775/247 5542/1777/248 5541/1778/248 5539/1776/247
f 5542/1777/248 5544/1779/249 5543/677/249 5541/1778/248
f 5544/1779/249 5546/1780/250 5545/1781/250 5543/677/249
f 5546/1780/250 5548/1782/251 5547/1783/251 5545/1781/250
f 5548/1782/251 5550/1784/252 5549/1785/252 5547/1783/251
f 5550/1784/252 5552/1786/253 5551/1787/253 5549/1785/252
f 5552/1786/253 5554/1788/254 5553/1789/254 5551/1787/253
f 5554/1788/254 5556/1790/255 5555/1791/255 5553/1789/254
f 5556/1790/255 5558/1792/256 5557/708/256 5555/1791/255
f 5558/1792/256 5560/1793/257 5559/1794/257 5557/708/256
f 5560/1793/257 5562/1795/258 5561/46/258 5559/1794/257
f 5562/1795/258 5564/1796/259 5563/1797/259 5561/46/258
f 5564/1796/259 5566/1798/260 5565/1799/260 5563/1797/259
f 5566/1798/260 5568/1800/261 5567/1801/261 5565/1799/260
f 5568/1800/261 5570/1802/262 5569/1803/262 5567/1801/261
f 5570/1802/262 5572/1804/263 5571/722/263 5569/1803/262
f 5572/1804/263 5574/1805/264 5573/1806/264 5571/722/263
f 5574/1805/264 5576/1807/265 5575/1808/265 5573/1806/264
f 5576/1807/265 5578/1809/266 5577/1810/266 5575/1808/265
f 5578/1809/266 5580/1811/267 5579/1812/267 5577/1810/266
f 5580/1811/267 5582/1813/268 5581/1814/268 5579/1812/267
f 5582/1813/268 5584/1815/269 5583/1816/269 5581/1814/268
f 5584/1815/269 5586/1817/270 5585/730/270 5583/1816/269
f 5586/1817/270 5588/1818/271 5587/1819/271 5585/730/270
f 5588/1818/271 5590/1820/272 5589/1821/272 5587/1819/271
f 5590/1820/272 5592/1822/273 5591/1823/273 5589/1821/272
f 5592/1822/273 5594/1824/274 5593/1825/274 5591/1823/273
f 5594/1824/274 5596/1826/275 5595/1827/275 5593/1825/274
f 5596/1826/275 5598/1828/276 5597/1829/276 5595/1827/275
f 5598/1828/276 5600/1830/277 5599/569/277 5597/1829/276
f 5600/1830/277 5602/1831/278 5601/1832/278 5599/569/277
f 5602/1831/278 5604/1833/279 5603/1834/279 5601/1832/278
f 5604/1833/279 5606/1835/280 5605/1836/280 5603/1834/279
f 5606/1835/280 5608/1837/281 5607/1838/281 5605/1836/280
f 5608/1837/281 5610/1839/282 5609/17/282 5607/1838/281
f 5610/1839/282 5612/1840/283 5611/1841/283 5609/17/282
f 5612/1840/283 5614/1842/284 5613/559/284 5611/1841/283
f 5614/1842/284 5616/1843/285 5615/1844/285 5613/559/284
f 5616/1843/285 5618/1845/286 5617/1846/286 5615/1844/285
f 5618/1845/286 5620/1847/287 5619/1848/287 5617/1846/286
f 5620/1847/287 5622/1849/288 5621/1850/288 5619/1848/287
f 5622/1849/288 5624/1851/289 5623/1852/289 5621/1850/288
f 5624/1851/289 5626/1853/290 5625/1854/290 5623/1852/289
f 5626/1853/290 5628/1855/291 5627/558/291 5625/1854/290
f 5628/1855/291 5630/1856/292 5629/1857/292 5627/558/291
f 5630/1856/292 5632/1858/293 5631/1859/293 5629/1857/292
f 5632/1858/293 5634/1860/294 5633/1861/294 5631/1859/293
f 5634/1860/294 5636/1862/295 5635/1863/295 5633/1861/294
f 5636/1862/295 5638/1864/296 5637/1865/296 5635/1863/295
f 5638/1864/296 5640/1866/297 5639/1867/297 5637/1865/296
f 5640/1866/297 5642/1868/298 5641/570/298 5639/1867/297
f 5642/1868/298 5644/1869/299 5643/1870/299 5641/570/298
f 5644/1869/299 5646/1871/300 5645/1872/300 5643/1870/299
f 5646/1871/300 5648/1873/301 5647/1874/301 5645/1872/300
f 5648/1873/301 5650/1875/302 5649/1876/302 5647/1874/301
f 5650/1875/302 5652/1877/303 5651/1878/303 5649/1876/302
f 5652/1877/303 5654/1879/304 5653/1880/304 5651/1878/303
f 5654/1879/304 5656/1881/305 5655/583/305 5653/1880/304
f 5656/1881/305 5658/1882/306 5657/42/306 5655/583/305
f 5658/1882/306 5660/1883/307 5659/1884/307 5657/42/306
f 5660/1883/307 5662/1885/308 5661/1886/308 5659/1884/307
f 5662/1885/308 5664/1887/309 5663/1888/309 5661/1886/308
f 5664/1887/309 5666/1889/310 5665/1890/310 5663/1888/309
f 5666/1889/310 5668/1891/311 5667/1892/311 5665/1890/310
f 5668/1891/311 5670/1893/312 5669/598/312 5667/1892/311
f 5670/1893/312 5672/1894/313 5671/1895/313 5669/598/312
f 5672/1894/313 5674/1896/314 5673/1897/314 5671/1895/313
f 5674/1896/314 5676/1898/315 5675/1899/315 5673/1897/314
f 5676/1898/315 5678/1900/316 5677/1901/316 5675/1899/315
f 5678/1900/316 5680/1902/317 5679/1903/317 5677/1901/316
f 5680/1902/317 5682/1904/318 5681/1905/318 5679/1903/317
f 5682/1904/318 5684/1906/319 5683/620/319 5681/1905/318
f 5684/1906/319 5686/1907/320 5685/1908/320 5683/620/319
f 5686/1907/320 5688/1909/321 5687/1910/321 5685/1908/320
f 5688/1909/321 5690/1911/322 5689/1912/322 5687/1910/321
f 5690/1911/322 5692/1913/323 5691/1914/323 5689/1912/322
f 5692/1913/323 5694/1915/324 5693/1916/324 5691/1914/323
f 5694/1915/324 5696/1917/325 5695/1918/325 5693/1916/324
f 5696/1917/325 5698/1919/326 5697/627/326 5695/1918/325
f 5698/1919/326 5700/1920/327 5699/1921/327 5697/627/326
f 5700/1920/327 5702/1922/328 5701/1923/328 5699/1921/327
f 5702/1922/328 5704/1924/329 5703/1925/329 5701/1923/328
f 5704/1924/329 5706/1926/330 5705/4/330 5703/1925/329
f 5706/1926/330 5708/1927/331 5707/1928/331 5705/4/330
f 5708/1927/331 5710/1929/332 5709/1930/332 5707/1928/331
f 5710/1929/332 5712/1931/333 5711/616/333 5709/1930/332
f 5712/1931/333 5714/1932/334 5713/1933/334 5711/616/333
f 5714/1932/334 5716/1934/335 5715/1935/335 5713/1933/334
f 5716/1934/335 5718/1936/336 5717/1937/336 5715/1935/335
f 5718/1936/336 5720/1938/337 5719/1939/337 5717/1937/336
f 5720/1938/337 5722/1940/338 5721/1941/338 5719/1939/337
f 5722/1940/338 5724/1942/339 5723/1943/339 5721/1941/338
f 5724/1942/339 5726/1944/340 5725/604/340 5723/1943/339
f 5726/1944/340 5728/1945/341 5727/1946/341 5725/604/340
f 5728/1945/341 5730/1947/223 5729/1948/223 5727/1946/341
f 5730/1947/223 5732/1949/342 5731/1950/342 5729/1948/223
f 5732/1949/342 5734/1951/343 5733/1952/343 5731/1950/342
f 5734/1951/343 5736/1953/344 5735/1954/344 5733/1952/343
f 5736/1953/344 5738/1955/345 5737/1956/345 5735/1954/344
f 5738/1955/345 5740/1957/346 5739/592/346 5737/1956/345
f 5740/1957/346 5742/1958/347 5741/1959/347 5739/592/346
f 5742/1958/347 5744/1960/348 5743/1961/348 5741/1959/347
f 5744/1960/348 5746/1962/349 5745/1963/349 5743/1961/348
f 5746/1962/349 5748/1964/350 5747/1965/350 5745/1963/349
f 5748/1964/350 5750/1966/351 5749/1967/351 5747/1965/350
f 5750/1966/351 5752/1968/352 5751/1969/352 5749/1967/351
f 5752/1968/352 5082/1970/19 5081/66/19 5751/1969/352
f 5754/1358/353 5756/1971/354 5755/1972/354 5753/73/353
f 5756/1971/354 5758/1973/355 5757/1974/355 5755/1972/354
f 5758/1973/355 5760/1975/356 5759/1976/356 5757/1974/355
f 5760/1975/356 5762/1977/357 5761/1978/357 5759/1976/356
f 5762/1977/357 5764/1979/358 5763/1980/358 5761/1978/357
f 5764/1979/358 5766/1981/359 5765/1982/359 5763/1980/358
f 5766/1981/359 5768/1983/360 5767/1984/360 5765/1982/359
f 5768/1983/360 5770/1985/361 5769/1986/361 5767/1984/360
f 5770/1985/361 5772/1987/362 5771/1988/362 5769/1986/361
f 5772/1987/362 5774/1989/363 5773/1990/363 5771/1988/362
f 5774/1989/363 5776/1991/364 5775/1992/364 5773/1990/363
f 5776/1991/364 5778/1993/365 5777/805/365 5775/1992/364
f 5778/1993/365 5780/1994/366 5779/1995/366 5777/805/365
f 5780/1994/366 5782/1996/367 5781/1997/367 5779/1995/366
f 5782/1996/367 5784/1998/368 5783/1999/368 5781/1997/367
f 5784/1998/368 5786/2000/369 5785/2001/369 5783/1999/368
f 5786/2000/369 5788/1409/370 5787/732/370 5785/2001/369
f 5788/1409/370 5790/2002/371 5789/2003/371 5787/732/370
f 5790/2002/371 5792/2004/372 5791/2005/372 5789/2003/371
f 5792/2004/372 5794/2006/373 5793/2007/373 5791/2005/372
f 5794/2006/373 5796/2008/374 5795/2009/374 5793/2007/373
f 5796/2008/374 5798/2010/375 5797/2011/375 5795/2009/374
f 5798/2010/375 5800/2012/376 5799/2013/376 5797/2011/375
f 5800/2012/376 5802/2014/377 5801/822/377 5799/2013/376
f 5802/2014/377 5804/2015/378 5803/2016/378 5801/822/377
f 5804/2015/378 5806/2017/379 5805/2018/379 5803/2016/378
f 5806/2017/379 5808/2019/380 5807/2020/380 5805/2018/379
f 5808/2019/380 5810/2021/381 5809/2022/381 5807/2020/380
f 5810/2021/381 5812/2023/382 5811/2024/382 5809/2022/381
f 5812/2023/382 5814/2025/383 5813/2026/383 5811/2024/382
f 5814/2025/383 5816/2027/384 5815/2028/384 5813/2026/383
f 5816/2027/384 5818/2029/385 5817/2030/385 5815/2028/384
f 5818/2029/385 5820/2031/386 5819/2032/386 5817/2030/385
f 5820/2031/386 5822/1460/387 5821/618/387 5819/2032/386
f 5822/1460/387 5824/2033/388 5823/2034/388 5821/618/387
f 5824/2033/388 5826/2035/389 5825/829/389 5823/2034/388
f 5826/2035/389 5828/2036/390 5827/2037/390 5825/829/389
f 5828/2036/390 5830/2038/391 5829/2039/391 5827/2037/390
f 5830/2038/391 5832/2040/392 5831/2041/392 5829/2039/391
f 5832/2040/392 5834/2042/393 5833/2043/393 5831/2041/392
f 5834/2042/393 5836/2044/394 5835/2045/394 5833/2043/393
f 5836/2044/394 5838/2046/395 5837/2047/395 5835/2045/394
f 5838/2046/395 5840/2048/396 5839/2049/396 5837/2047/395
f 5840/2048/396 5842/2050/397 5841/2051/397 5839/2049/396
f 5842/2050/397 5844/2052/398 5843/2053/398 5841/2051/397
f 5844/2052/398 5846/2054/399 5845/2055/399 5843/2053/398
f 5846/2054/399 5848/2056/400 5847/2057/400 5845/2055/399
f 5848/2056/400 5850/2058/401 5849/823/401 5847/2057/400
f 5850/2058/401 5852/2059/402 5851/2060/402 5849/823/401
f 5852/2059/402 5854/2061/403 5853/2062/403 5851/2060/402
f 5854/2061/403 5856/1511/404 5855/520/404 5853/2062/403
f 5856/1511/404 5858/2063/405 5857/2064/405 5855/520/404
f 5858/2063/405 5860/2065/406 5859/2066/406 5857/2064/405
f 5860/2065/406 5862/2067/407 5861/2068/407 5859/2066/406
f 5862/2067/407 5864/2069/408 5863/2070/408 5861/2068/407
f 5864/2069/408 5866/2071/409 5865/2072/409 5863/2070/408
f 5866/2071/409 5868/2073/410 5867/2074/410 5865/2072/409
f 5868/2073/410 5870/2075/411 5869/2076/411 5867/2074/410
f 5870/2075/411 5872/2077/412 5871/2078/412 5869/2076/411
f 5872/2077/412 5874/2079/413 5873/816/413 5871/2078/412
f 5874/2079/413 5876/2080/414 5875/2081/414 5873/816/413
f 5876/2080/414 5878/2082/415 5877/2083/415 5875/2081/414
f 5878/2082/415 5880/2084/416 5879/2085/416 5877/2083/415
f 5880/2084/416 5882/2086/417 5881/2087/417 5879/2085/416
f 5882/2086/417 5884/2088/418 5883/2089/418 5881/2087/417
f 5884/2088/418 5886/2090/419 5885/2091/419 5883/2089/418
f 5886/2090/419 5888/2092/420 5887/2093/420 5885/2091/419
f 5888/2092/420 5890/1562/303 5889/549/303 5887/2093/420
f 5890/1562/303 5892/2094/421 5891/2095/421 5889/549/303
f 5892/2094/421 5894/2096/422 5893/2097/422 5891/2095/421
f 5894/2096/422 5896/2098/423 5895/2099/423 5893/2097/422
f 5896/2098/423 5898/2100/424 5897/809/424 5895/2099/423
f 5898/2100/424 5900/2101/425 5899/2102/425 5897/809/424
f 5900/2101/425 5902/2103/426 5901/2104/426 5899/2102/425
f 5902/2103/426 5904/2105/427 5903/2106/427 5901/2104/426
f 5904/2105/427 5906/2107/428 5905/2108/428 5903/2106/427
f 5906/2107/428 5908/2109/429 5907/2110/429 5905/2108/428
f 5908/2109/429 5910/2111/430 5909/2112/430 5907/2110/429
f 5910/2111/430 5912/2113/431 5911/2114/431 5909/2112/430
f 5912/2113/431 5914/2115/432 5913/2116/432 5911/2114/431
f 5914/2115/432 5916/2117/433 5915/2118/433 5913/2116/432
f 5916/2117/433 5918/2119/434 5917/2120/434 5915/2118/433
f 5918/2119/434 5920/2121/435 5919/2122/435 5917/2120/434
f 5920/2121/435 5922/2123/436 5921/803/436 5919/2122/435
f 5922/2123/436 5924/1613/437 5923/636/437 5921/803/436
f 5924/1613/437 5926/2124/438 5925/2125/438 5923/636/437
f 5926/2124/438 5928/2126/439 5927/2127/439 5925/2125/438
f 5928/2126/439 5930/2128/440 5929/2129/440 5927/2127/439
f 5930/2128/440 5932/2130/441 5931/2131/441 5929/2129/440
f 5932/2130/441 5934/2132/442 5933/2133/442 5931/2131/441
f 5934/2132/442 5936/2134/443 5935/2135/443 5933/2133/442
f 5936/2134/443 5938/2136/444 5937/2137/444 5935/2135/443
f 5938/2136/444 5940/2138/445 5939/2139/445 5937/2137/444
f 5940/2138/445 5942/2140/446 5941/2141/446 5939/2139/445
f 5942/2140/446 5944/2142/447 5943/2143/447 5941/2141/446
f 5944/2142/447 5946/2144/234 5945/793/234 5943/2143/447
f 5946/2144/234 5948/2145/448 5947/2146/448 5945/793/234
f 5948/2145/448 5950/2147/449 5949/2148/449 5947/2146/448
f 5950/2147/449 5952/2149/450 5951/2150/450 5949/2148/449
f 5952/2149/450 5954/2151/451 5953/2152/451 5951/2150/450
f 5954/2151/451 5956/2153/452 5955/2154/452 5953/2152/451
f 5956/2153/452 5958/1664/453 5957/149/453 5955/2154/452
f 5958/1664/453 5960/2155/454 5959/2156/454 5957/149/453
f 5960/2155/454 5962/2157/455 5961/2158/455 5959/2156/454
f 5962/2157/455 5964/2159/456 5963/2160/456 5961/2158/455
f 5964/2159/456 5966/2161/457 5965/2162/457 5963/2160/456
f 5966/2161/457 5968/2163/458 5967/2164/458 5965/2162/457
f 5968/2163/458 5970/2165/459 5969/783/459 5967/2164/458
f 5970/2165/459 5972/2166/460 5971/2167/460 5969/783/459
f 5972/2166/460 5974/2168/461 5973/2169/461 5971/2167/460
f 5974/2168/461 5976/2170/462 5975/2171/462 5973/2169/461
f 5976/2170/462 5978/2172/463 5977/2173/463 5975/2171/462
f 5978/2172/463 5980/2174/464 5979/2175/464 5977/2173/463
f 5980/2174/464 5982/2176/465 5981/2177/465 5979/2175/464
f 5982/2176/465 5984/2178/466 5983/2179/466 5981/2177/465
f 5984/2178/466 5986/2180/467 5985/2181/467 5983/2179/466
f 5986/2180/467 5988/2182/468 5987/2183/468 5985/2181/467
f 5988/2182/468 5990/2184/469 5989/2185/469 5987/2183/468
f 5990/2184/469 5992/1715/470 5991/693/470 5989/2185/469
f 5992/1715/470 5994/2186/471 5993/773/471 5991/693/470
f 5994/2186/471 5996/2187/472 5995/2188/472 5993/773/471
f 5996/2187/472 5998/2189/473 5997/2190/473 5995/2188/472
f 5998/2189/473 6000/2191/474 5999/2192/474 5997/2190/473
f 6000/2191/474 6002/2193/475 6001/2194/475 5999/2192/474
f 6002/2193/475 6004/2195/476 6003/2196/476 6001/2194/475
f 6004/2195/476 6006/2197/477 6005/2198/477 6003/2196/476
f 6006/2197/477 6008/2199/478 6007/2200/478 6005/2198/477
f 6008/2199/478 6010/2201/479 6009/2202/479 6007/2200/478
f 6010/2201/479 6012/2203/480 6011/2204/480 6009/2202/479
f 6012/2203/480 6014/2205/481 6013/2206/481 6011/2204/480
f 6014/2205/481 6016/2207/482 6015/2208/482 6013/2206/481
f 6016/2207/482 6018/2209/483 6017/764/483 6015/2208/482
f 6018/2209/483 6020/2210/484 6019/2211/484 6017/764/483
f 6020/2210/484 6022/2212/485 6021/2213/485 6019/2211/484
f 6022/2212/485 6024/2214/486 6023/2215/486 6021/2213/485
f 6024/2214/486 6026/1766/487 6025/659/487 6023/2215/486
f 6026/1766/487 6028/2216/488 6027/2217/488 6025/659/487
f 6028/2216/488 6030/2218/489 6029/2219/489 6027/2217/488
f 6030/2218/489 6032/2220/490 6031/2221/490 6029/2219/489
f 6032/2220/490 6034/2222/491 6033/2223/491 6031/2221/490
f 6034/2222/491 6036/2224/492 6035/2225/492 6033/2223/491
f 6036/2224/492 6038/2226/493 6037/2227/493 6035/2225/492
f 6038/2226/493 6040/2228/494 6039/2229/494 6037/2227/493
f 6040/2228/494 6042/2230/495 6041/755/495 6039/2229/494
f 6042/2230/495 6044/2231/496 6043/2232/496 6041/755/495
f 6044/2231/496 6046/2233/497 6045/2234/497 6043/2232/496
f 6046/2233/497 6048/2235/498 6047/2236/498 6045/2234/497
f 6048/2235/498 6050/2237/499 6049/2238/499 6047/2236/498
f 6050/2237/499 6052/2239/500 6051/2240/500 6049/2238/499
f 6052/2239/500 6054/2241/501 6053/2242/501 6051/2240/500
f 6054/2241/501 6056/2243/502 6055/2244/502 6053/2242/501
f 6056/2243/502 6058/2245/503 6057/2246/503 6055/2244/502
f 6058/2245/503 6060/1817/504 6059/730/504 6057/2246/503
f 6060/1817/504 6062/2247/505 6061/2248/505 6059/730/504
f 6062/2247/505 6064/2249/506 6063/2250/506 6061/2248/505
f 6064/2249/506 6066/2251/507 6065/758/507 6063/2250/506
f 6066/2251/507 6068/2252/508 6067/2253/508 6065/758/507
f 6068/2252/508 6070/2254/211 6069/2255/211 6067/2253/508
f 6070/2254/211 6072/2256/509 6071/2257/509 6069/2255/211
f 6072/2256/509 6074/2258/510 6073/2259/510 6071/2257/509
f 6074/2258/510 6076/2260/511 6075/2261/511 6073/2259/510
f 6076/2260/511 6078/2262/512 6077/2263/512 6075/2261/511
f 6078/2262/512 6080/2264/513 6079/2265/513 6077/2263/512
f 6080/2264/513 6082/2266/514 6081/2267/514 6079/2265/513
f 6082/2266/514 6084/2268/515 6083/2269/515 6081/2267/514
f 6084/2268/515 6086/2270/516 6085/2271/516 6083/2269/515
f 6086/2270/516 6088/2272/517 6087/2273/517 6085/2271/516
f 6088/2272/517 6090/2274/518 6089/767/518 6087/2273/517
f 6090/2274/518 6092/2275/519 6091/2276/519 6089/767/518
f 6092/2275/519 6094/1868/520 6093/570/520 6091/2276/519
f 6094/1868/520 6096/2277/521 6095/2278/521 6093/570/520
f 6096/2277/521 6098/2279/522 6097/2280/522 6095/2278/521
f 6098/2279/522 6100/2281/523 6099/2282/523 6097/2280/522
f 6100/2281/523 6102/2283/524 6101/2284/524 6099/2282/523
f 6102/2283/524 6104/2285/525 6103/2286/525 6101/2284/524
f 6104/2285/525 6106/2287/526 6105/2288/526 6103/2286/525
f 6106/2287/526 6108/2289/527 6107/2290/527 6105/2288/526
f 6108/2289/527 6110/2291/528 6109/2292/528 6107/2290/527
f 6110/2291/528 6112/2293/529 6111/2294/529 6109/2292/528
f 6112/2293/529 6114/2295/530 6113/776/530 6111/2294/529
f 6114/2295/530 6116/2296/531 6115/2297/531 6113/776/530
f 6116/2296/531 6118/2298/532 6117/2299/532 6115/2297/531
f 6118/2298/532 6120/2300/533 6119/2301/533 6117/2299/532
f 6120/2300/533 6122/2302/534 6121/2303/534 6119/2301/533
f 6122/2302/534 6124/2304/535 6123/2305/535 6121/2303/534
f 6124/2304/535 6126/2306/536 6125/2307/536 6123/2305/535
f 6126/2306/536 6128/1919/537 6127/627/537 6125/2307/536
f 6128/1919/537 6130/2308/538 6129/2309/538 6127/627/537
f 6130/2308/538 6132/2310/539 6131/2311/539 6129/2309/538
f 6132/2310/539 6134/2312/540 6133/2313/540 6131/2311/539
f 6134/2312/540 6136/2314/541 6135/2315/541 6133/2313/540
f 6136/2314/541 6138/2316/542 6137/786/542 6135/2315/541
f 6138/2316/542 6140/2317/543 6139/2318/543 6137/786/542
f 6140/2317/543 6142/2319/544 6141/2320/544 6139/2318/543
f 6142/2319/544 6144/2321/545 6143/2322/545 6141/2320/544
f 6144/2321/545 6146/2323/546 6145/2324/546 6143/2322/545
f 6146/2323/546 6148/2325/547 6147/2326/547 6145/2324/546
f 6148/2325/547 6150/2327/548 6149/2328/548 6147/2326/547
f 6150/2327/548 6152/2329/549 6151/2330/549 6149/2328/548
f 6152/2329/549 6154/2331/550 6153/2332/550 6151/2330/549
f 6154/2331/550 6156/2333/551 6155/2334/551 6153/2332/550
f 6156/2333/551 6158/2335/552 6157/2336/552 6155/2334/551
f 6158/2335/552 6160/2337/553 6159/2338/553 6157/2336/552
f 6160/2337/553 5754/1970/353 5753/66/353 6159/2338/553
f 6162/1358/554 6164/2339/555 6163/2340/555 6161/73/554
f 6164/2339/555 6166/2341/556 6165/2342/556 6163/2340/555
f 6166/2341/556 6168/2343/557 6167/2344/557 6165/2342/556
f 6168/2343/557 6170/2345/558 6169/2346/558 6167/2344/557
f 6170/2345/558 6172/2347/559 6171/2348/559 6169/2346/558
f 6172/2347/559 6174/2349/560 6173/2350/560 6171/2348/559
f 6174/2349/560 6176/2351/561 6175/2352/561 6173/2350/560
f 6176/2351/561 6178/2353/562 6177/2354/562 6175/2352/561
f 6178/2353/562 6180/2355/563 6179/2356/563 6177/2354/562
f 6180/2355/563 6182/2357/564 6181/2358/564 6179/2356/563
f 6182/2357/564 6184/1409/565 6183/732/565 6181/2358/564
f 6184/1409/565 6186/2359/566 6185/2360/566 6183/732/565
f 6186/2359/566 6188/2361/567 6187/2362/567 6185/2360/566
f 6188/2361/567 6190/2363/568 6189/2364/568 6187/2362/567
f 6190/2363/568 6192/2365/569 6191/2366/569 6189/2364/568
f 6192/2365/569 6194/2367/570 6193/2368/570 6191/2366/569
f 6194/2367/570 6196/2369/571 6195/2370/571 6193/2368/570
f 6196/2369/571 6198/2371/572 6197/2372/572 6195/2370/571
f 6198/2371/572 6200/2373/573 6199/2374/573 6197/2372/572
f 6200/2373/573 6202/2375/574 6201/2376/574 6199/2374/573
f 6202/2375/574 6204/2377/575 6203/2378/575 6201/2376/574
f 6204/2377/575 6206/1460/576 6205/618/576 6203/2378/575
f 6206/1460/576 6208/2379/577 6207/2380/577 6205/618/576
f 6208/2379/577 6210/2381/578 6209/2382/578 6207/2380/577
f 6210/2381/578 6212/2383/579 6211/2384/579 6209/2382/578
f 6212/2383/579 6214/2385/580 6213/2386/580 6211/2384/579
f 6214/2385/580 6216/2387/581 6215/2388/581 6213/2386/580
f 6216/2387/581 6218/2389/582 6217/2390/582 6215/2388/581
f 6218/2389/582 6220/2391/583 6219/2392/583 6217/2390/582
f 6220/2391/583 6222/2393/584 6221/2394/584 6219/2392/583
f 6222/2393/584 6224/2395/585 6223/2396/585 6221/2394/584
f 6224/2395/585 6226/2397/586 6225/2398/586 6223/2396/585
f 6226/2397/586 6228/1511/587 6227/520/587 6225/2398/586
f 6228/1511/587 6230/2399/588 6229/2400/588 6227/520/587
f 6230/2399/588 6232/2401/589 6231/2402/589 6229/2400/588
f 6232/2401/589 6234/2403/590 6233/2404/590 6231/2402/589
f 6234/2403/590 6236/2405/591 6235/2406/591 6233/2404/590
f 6236/2405/591 6238/2407/592 6237/2408/592 6235/2406/591
f 6238/2407/592 6240/2409/593 6239/2410/593 6237/2408/592
f 6240/2409/593 6242/2411/408 6241/2412/408 6239/2410/593
f 6242/2411/408 6244/2413/594 6243/2414/594 6241/2412/408
f 6244/2413/594 6246/2415/595 6245/2416/595 6243/2414/594
f 6246/2415/595 6248/2417/596 6247/2418/596 6245/2416/595
f 6248/2417/596 6250/1562/597 6249/549/597 6247/2418/596
f 6250/1562/597 6252/2419/598 6251/2420/598 6249/549/597
f 6252/2419/598 6254/2421/599 6253/2422/599 6251/2420/598
f 6254/2421/599 6256/2423/600 6255/2424/600 6253/2422/599
f 6256/2423/600 6258/2425/601 6257/2426/601 6255/2424/600
f 6258/2425/601 6260/2427/602 6259/2428/602 6257/2426/601
f 6260/2427/602 6262/2429/603 6261/2430/603 6259/2428/602
f 6262/2429/603 6264/2431/604 6263/2432/604 6261/2430/603
f 6264/2431/604 6266/2433/605 6265/2434/605 6263/2432/604
f 6266/2433/605 6268/2435/606 6267/2436/606 6265/2434/605
f 6268/2435/606 6270/2437/607 6269/2438/607 6267/2436/606
f 6270/2437/607 6272/1613/608 6271/636/608 6269/2438/607
f 6272/1613/608 6274/2439/609 6273/2440/609 6271/636/608
f 6274/2439/609 6276/2441/610 6275/2442/610 6273/2440/609
f 6276/2441/610 6278/2443/611 6277/2444/611 6275/2442/610
f 6278/2443/611 6280/2445/612 6279/2446/612 6277/2444/611
f 6280/2445/612 6282/2447/613 6281/2448/613 6279/2446/612
f 6282/2447/613 6284/2449/614 6283/2450/614 6281/2448/613
f 6284/2449/614 6286/2451/615 6285/2452/615 6283/2450/614
f 6286/2451/615 6288/2453/616 6287/2454/616 6285/2452/615
f 6288/2453/616 6290/2455/617 6289/2456/617 6287/2454/616
f 6290/2455/617 6292/2457/618 6291/2458/618 6289/2456/617
f 6292/2457/618 6294/1664/619 6293/149/619 6291/2458/618
f 6294/1664/619 6296/2459/620 6295/2460/620 6293/149/619
f 6296/2459/620 6298/2461/621 6297/2462/621 6295/2460/620
f 6298/2461/621 6300/2463/622 6299/2464/622 6297/2462/621
f 6300/2463/622 6302/2465/623 6301/2466/623 6299/2464/622
f 6302/2465/623 6304/2467/624 6303/2468/624 6301/2466/623
f 6304/2467/624 6306/2469/625 6305/2470/625 6303/2468/624
f 6306/2469/625 6308/2471/626 6307/2472/626 6305/2470/625
f 6308/2471/626 6310/2473/627 6309/2474/627 6307/2472/626
f 6310/2473/627 6312/2475/628 6311/2476/628 6309/2474/627
f 6312/2475/628 6314/2477/629 6313/2478/629 6311/2476/628
f 6314/2477/629 6316/1715/630 6315/693/630 6313/2478/629
f 6316/1715/630 6318/2479/631 6317/2480/631 6315/693/630
f 6318/2479/631 6320/2481/632 6319/2482/632 6317/2480/631
f 6320/2481/632 6322/2483/633 6321/2484/633 6319/2482/632
f 6322/2483/633 6324/2485/634 6323/2486/634 6321/2484/633
f 6324/2485/634 6326/2487/635 6325/2488/635 6323/2486/634
f 6326/2487/635 6328/2489/636 6327/2490/636 6325/2488/635
f 6328/2489/636 6330/2491/637 6329/2492/637 6327/2490/636
f 6330/2491/637 6332/2493/638 6331/2494/638 6329/2492/637
f 6332/2493/638 6334/2495/639 6333/2496/639 6331/2494/638
f 6334/2495/639 6336/2497/640 6335/2498/640 6333/2496/639
f 6336/2497/640 6338/1766/641 6337/659/641 6335/2498/640
f 6338/1766/641 6340/2499/642 6339/2500/642 6337/659/641
f 6340/2499/642 6342/2501/643 6341/2502/643 6339/2500/642
f 6342/2501/643 6344/2503/644 6343/2504/644 6341/2502/643
f 6344/2503/644 6346/2505/645 6345/2506/645 6343/2504/644
f 6346/2505/645 6348/2507/646 6347/2508/646 6345/2506/645
f 6348/2507/646 6350/2509/647 6349/2510/647 6347/2508/646
f 6350/2509/647 6352/2511/648 6351/2512/648 6349/2510/647
f 6352/2511/648 6354/2513/649 6353/2514/649 6351/2512/648
f 6354/2513/649 6356/2515/650 6355/2516/650 6353/2514/649
f 6356/2515/650 6358/2517/651 6357/2518/651 6355/2516/650
f 6358/2517/651 6360/1817/652 6359/730/652 6357/2518/651
f 6360/1817/652 6362/2519/653 6361/2520/653 6359/730/652
f 6362/2519/653 6364/2521/654 6363/2522/654 6361/2520/653
f 6364/2521/654 6366/2523/655 6365/2524/655 6363/2522/654
f 6366/2523/655 6368/2525/656 6367/2526/656 6365/2524/655
f 6368/2525/656 6370/2527/657 6369/2528/657 6367/2526/656
f 6370/2527/657 6372/2529/658 6371/2530/658 6369/2528/657
f 6372/2529/658 6374/2531/659 6373/2532/659 6371/2530/658
f 6374/2531/659 6376/2533/660 6375/2534/660 6373/2532/659
f 6376/2533/660 6378/2535/661 6377/2536/661 6375/2534/660
f 6378/2535/661 6380/2537/662 6379/2538/662 6377/2536/661
f 6380/2537/662 6382/1868/663 6381/570/663 6379/2538/662
f 6382/1868/663 6384/2539/664 6383/2540/664 6381/570/663
f 6384/2539/664 6386/2541/665 6385/2542/665 6383/2540/664
f 6386/2541/665 6388/2543/666 6387/2544/666 6385/2542/665
f 6388/2543/666 6390/2545/667 6389/2546/667 6387/2544/666
f 6390/2545/667 6392/2547/668 6391/2548/668 6389/2546/667
f 6392/2547/668 6394/2549/669 6393/2550/669 6391/2548/668
f 6394/2549/669 6396/2551/670 6395/2552/670 6393/2550/669
f 6396/2551/670 6398/2553/671 6397/2554/671 6395/2552/670
f 6398/2553/671 6400/2555/672 6399/2556/672 6397/2554/671
f 6400/2555/672 6402/2557/673 6401/2558/673 6399/2556/672
f 6402/2557/673 6404/1919/442 6403/627/442 6401/2558/673
f 6404/1919/442 6406/2559/674 6405/2560/674 6403/627/442
f 6406/2559/674 6408/2561/675 6407/2562/675 6405/2560/674
f 6408/2561/675 6410/2563/676 6409/2564/676 6407/2562/675
f 6410/2563/676 6412/2565/677 6411/2566/677 6409/2564/676
f 6412/2565/677 6414/2567/678 6413/2568/678 6411/2566/677
f 6414/2567/678 6416/2569/679 6415/2570/679 6413/2568/678
f 6416/2569/679 6418/2571/680 6417/2572/680 6415/2570/679
f 6418/2571/680 6420/2573/681 6419/2574/681 6417/2572/680
f 6420/2573/681 6422/2575/682 6421/2576/682 6419/2574/681
f 6422/2575/682 6424/2577/683 6423/2578/683 6421/2576/682
f 6424/2577/683 6162/1970/554 6161/66/554 6423/2578/683
f 6426/1358/684 6428/2579/304 6427/2580/304 6425/73/684
f 6428/2579/304 6430/2581/685 6429/2582/685 6427/2580/304
f 6430/2581/685 6432/2583/686 6431/2584/686 6429/2582/685
f 6432/2583/686 6434/2585/687 6433/2586/687 6431/2584/686
f 6434/2585/687 6436/2587/688 6435/2588/688 6433/2586/687
f 6436/2587/688 6438/2589/689 6437/2590/689 6435/2588/688
f 6438/2589/689 6440/2591/690 6439/2592/690 6437/2590/689
f 6440/2591/690 6442/2593/691 6441/2594/691 6439/2592/690
f 6442/2593/691 6444/2595/692 6443/2596/692 6441/2594/691
f 6444/2595/692 6446/2597/693 6445/2598/693 6443/2596/692
f 6446/2597/693 6448/2599/694 6447/2600/694 6445/2598/693
f 6448/2599/694 6450/2601/695 6449/2602/695 6447/2600/694
f 6450/2601/695 6452/2603/696 6451/2604/696 6449/2602/695
f 6452/2603/696 6454/2605/697 6453/2606/697 6451/2604/696
f 6454/2605/697 6456/2607/698 6455/2608/698 6453/2606/697
f 6456/2607/698 6458/2609/699 6457/2610/699 6455/2608/698
f 6458/2609/699 6460/2611/700 6459/2612/700 6457/2610/699
f 6460/2611/700 6462/2613/701 6461/2614/701 6459/2612/700
f 6462/2613/701 6464/2615/702 6463/2616/702 6461/2614/701
f 6464/2615/702 6466/2617/703 6465/2618/703 6463/2616/702
f 6466/2617/703 6468/2619/704 6467/2620/704 6465/2618/703
f 6468/2619/704 6470/2621/705 6469/2622/705 6467/2620/704
f 6470/2621/705 6472/2623/706 6471/2624/706 6469/2622/705
f 6472/2623/706 6474/2625/329 6473/2626/329 6471/2624/706
f 6474/2625/329 6476/2627/707 6475/2628/707 6473/2626/329
f 6476/2627/707 6478/2629/708 6477/2630/708 6475/2628/707
f 6478/2629/708 6480/2631/709 6479/2632/709 6477/2630/708
f 6480/2631/709 6482/2633/710 6481/2634/710 6479/2632/709
f 6482/2633/710 6484/2635/711 6483/2636/711 6481/2634/710
f 6484/2635/711 6486/2637/712 6485/2638/712 6483/2636/711
f 6486/2637/712 6488/2639/713 6487/2640/713 6485/2638/712
f 6488/2639/713 6490/2641/714 6489/2642/714 6487/2640/713
f 6490/2641/714 6492/2643/715 6491/2644/715 6489/2642/714
f 6492/2643/715 6494/2645/716 6493/2646/716 6491/2644/715
f 6494/2645/716 6496/2647/717 6495/2648/717 6493/2646/716
f 6496/2647/717 6498/2649/718 6497/2650/718 6495/2648/717
f 6498/2649/718 6500/2651/719 6499/115/719 6497/2650/718
f 6500/2651/719 6502/2652/720 6501/2653/720 6499/115/719
f 6502/2652/720 6504/2654/721 6503/2655/721 6501/2653/720
f 6504/2654/721 6506/2656/722 6505/2657/722 6503/2655/721
f 6506/2656/722 6508/2658/723 6507/2659/723 6505/2657/722
f 6508/2658/723 6510/2660/724 6509/2661/724 6507/2659/723
f 6510/2660/724 6512/2662/725 6511/2663/725 6509/2661/724
f 6512/2662/725 6514/2664/726 6513/2665/726 6511/2663/725
f 6514/2664/726 6516/2666/727 6515/2667/727 6513/2665/726
f 6516/2666/727 6518/2668/728 6517/2669/728 6515/2667/727
f 6518/2668/728 6520/2670/729 6519/2671/729 6517/2669/728
f 6520/2670/729 6522/2672/730 6521/2673/730 6519/2671/729
f 6522/2672/730 6524/2674/731 6523/2675/731 6521/2673/730
f 6524/2674/731 6526/2676/732 6525/2677/732 6523/2675/731
f 6526/2676/732 6528/2678/733 6527/2679/733 6525/2677/732
f 6528/2678/733 6530/2680/734 6529/2681/734 6527/2679/733
f 6530/2680/734 6532/2682/735 6531/2683/735 6529/2681/734
f 6532/2682/735 6534/2684/736 6533/2685/736 6531/2683/735
f 6534/2684/736 6536/2686/737 6535/2687/737 6533/2685/736
f 6536/2686/737 6538/2688/738 6537/2689/738 6535/2687/737
f 6538/2688/738 6540/2690/739 6539/2691/739 6537/2689/738
f 6540/2690/739 6542/2692/740 6541/2693/740 6539/2691/739
f 6542/2692/740 6544/2694/741 6543/2695/741 6541/2693/740
f 6544/2694/741 6546/2696/742 6545/2697/742 6543/2695/741
f 6546/2696/742 6548/2698/743 6547/2699/743 6545/2697/742
f 6548/2698/743 6550/2700/744 6549/2701/744 6547/2699/743
f 6550/2700/744 6552/2702/745 6551/2703/745 6549/2701/744
f 6552/2702/745 6554/2704/746 6553/2705/746 6551/2703/745
f 6554/2704/746 6556/2706/747 6555/2707/747 6553/2705/746
f 6556/2706/747 6558/2708/748 6557/2709/748 6555/2707/747
f 6558/2708/748 6560/2710/749 6559/2711/749 6557/2709/748
f 6560/2710/749 6562/2712/750 6561/2713/750 6559/2711/749
f 6562/2712/750 6564/2714/751 6563/2715/751 6561/2713/750
f 6564/2714/751 6566/2716/752 6565/2717/752 6563/2715/751
f 6566/2716/752 6568/2718/753 6567/2719/753 6565/2717/752
f 6568/2718/753 6570/2720/754 6569/2721/754 6567/2719/753
f 6570/2720/754 6572/2722/755 6571/2723/755 6569/2721/754
f 6572/2722/755 6574/2724/756 6573/128/756 6571/2723/755
f 6574/2724/756 6576/2725/757 6575/2726/757 6573/128/756
f 6576/2725/757 6578/2727/758 6577/2728/758 6575/2726/757
f 6578/2727/758 6580/2729/759 6579/2730/759 6577/2728/758
f 6580/2729/759 6582/2731/760 6581/2732/760 6579/2730/759
f 6582/2731/760 6584/2733/761 6583/2734/761 6581/2732/760
f 6584/2733/761 6586/2735/762 6585/2736/762 6583/2734/761
f 6586/2735/762 6588/2737/763 6587/2738/763 6585/2736/762
f 6588/2737/763 6590/2739/764 6589/2740/764 6587/2738/763
f 6590/2739/764 6592/2741/765 6591/2742/765 6589/2740/764
f 6592/2741/765 6594/2743/766 6593/2744/766 6591/2742/765
f 6594/2743/766 6596/2745/767 6595/2746/767 6593/2744/766
f 6596/2745/767 6598/2747/768 6597/2748/768 6595/2746/767
f 6598/2747/768 6600/2749/769 6599/2750/769 6597/2748/768
f 6600/2749/769 6602/2751/770 6601/2752/770 6599/2750/769
f 6602/2751/770 6604/2753/771 6603/2754/771 6601/2752/770
f 6604/2753/771 6606/2755/772 6605/2756/772 6603/2754/771
f 6606/2755/772 6608/2757/773 6607/2758/773 6605/2756/772
f 6608/2757/773 6610/2759/774 6609/2760/774 6607/2758/773
f 6610/2759/774 6612/2761/775 6611/2762/775 6609/2760/774
f 6612/2761/775 6614/2763/776 6613/2764/776 6611/2762/775
f 6614/2763/776 6616/2765/777 6615/2766/777 6613/2764/776
f 6616/2765/777 6618/2767/778 6617/2768/778 6615/2766/777
f 6618/2767/778 6620/2769/779 6619/2770/779 6617/2768/778
f 6620/2769/779 6622/2771/780 6621/2772/780 6619/2770/779
f 6622/2771/780 6624/2773/781 6623/2774/781 6621/2772/780
f 6624/2773/781 6626/2775/782 6625/2776/782 6623/2774/781
f 6626/2775/782 6628/2777/783 6627/2778/783 6625/2776/782
f 6628/2777/783 6630/2779/784 6629/2780/784 6627/2778/783
f 6630/2779/784 6632/2781/785 6631/2782/785 6629/2780/784
f 6632/2781/785 6634/2783/786 6633/2784/786 6631/2782/785
f 6634/2783/786 6636/2785/787 6635/2786/787 6633/2784/786
f 6636/2785/787 6638/2787/788 6637/2788/788 6635/2786/787
f 6638/2787/788 6640/2789/789 6639/2790/789 6637/2788/788
f 6640/2789/789 6642/2791/790 6641/2792/790 6639/2790/789
f 6642/2791/790 6644/2793/791 6643/2794/791 6641/2792/790
f 6644/2793/791 6646/2795/792 6645/2796/792 6643/2794/791
f 6646/2795/792 6648/2797/793 6647/92/793 6645/2796/792
f 6648/2797/793 6650/2798/794 6649/2799/794 6647/92/793
f 6650/2798/794 6652/2800/795 6651/2801/795 6649/2799/794
f 6652/2800/795 6654/2802/796 6653/2803/796 6651/2801/795
f 6654/2802/796 6656/2804/797 6655/2805/797 6653/2803/796
f 6656/2804/797 6658/2806/798 6657/2807/798 6655/2805/797
f 6658/2806/798 6660/2808/799 6659/2809/799 6657/2807/798
f 6660/2808/799 6662/2810/800 6661/2811/800 6659/2809/799
f 6662/2810/800 6664/2812/801 6663/2813/801 6661/2811/800
f 6664/2812/801 6666/2814/802 6665/2815/802 6663/2813/801
f 6666/2814/802 6668/2816/803 6667/2817/803 6665/2815/802
f 6668/2816/803 6670/2818/804 6669/2819/804 6667/2817/803
f 6670/2818/804 6672/2820/805 6671/2821/805 6669/2819/804
f 6672/2820/805 6674/2822/806 6673/2823/806 6671/2821/805
f 6674/2822/806 6676/2824/807 6675/2825/807 6673/2823/806
f 6676/2824/807 6678/2826/808 6677/2827/808 6675/2825/807
f 6678/2826/808 6680/2828/809 6679/2829/809 6677/2827/808
f 6680/2828/809 6682/2830/810 6681/2831/810 6679/2829/809
f 6682/2830/810 6684/2832/811 6683/2833/811 6681/2831/810
f 6684/2832/811 6686/2834/812 6685/2835/812 6683/2833/811
f 6686/2834/812 6688/2836/813 6687/2837/813 6685/2835/812
f 6688/2836/813 6690/2838/814 6689/2839/814 6687/2837/813
f 6690/2838/814 6692/2840/815 6691/2841/815 6689/2839/814
f 6692/2840/815 6694/2842/816 6693/2843/816 6691/2841/815
f 6694/2842/816 6696/2844/817 6695/2845/817 6693/2843/816
f 6696/2844/817 6698/2846/818 6697/2847/818 6695/2845/817
f 6698/2846/818 6700/2848/819 6699/2849/819 6697/2847/818
f 6700/2848/819 6702/2850/820 6701/2851/820 6699/2849/819
f 6702/2850/820 6704/2852/821 6703/2853/821 6701/2851/820
f 6704/2852/821 6706/2854/822 6705/2855/822 6703/2853/821
f 6706/2854/822 6708/2856/823 6707/2857/823 6705/2855/822
f 6708/2856/823 6710/2858/824 6709/2859/824 6707/2857/823
f 6710/2858/824 6712/2860/825 6711/2861/825 6709/2859/824
f 6712/2860/825 6714/2862/826 6713/2863/826 6711/2861/825
f 6714/2862/826 6716/2864/827 6715/2865/827 6713/2863/826
f 6716/2864/827 6718/2866/828 6717/2867/828 6715/2865/827
f 6718/2866/828 6720/2868/829 6719/2869/829 6717/2867/828
f 6720/2868/829 6722/2870/830 6721/148/830 6719/2869/829
f 6722/2870/830 6724/2871/831 6723/2872/831 6721/148/830
f 6724/2871/831 6726/2873/832 6725/2874/832 6723/2872/831
f 6726/2873/832 6728/2875/833 6727/2876/833 6725/2874/832
f 6728/2875/833 6730/2877/821 6729/2878/821 6727/2876/833
f 6730/2877/821 6732/2879/834 6731/2880/834 6729/2878/821
f 6732/2879/834 6734/2881/835 6733/2882/835 6731/2880/834
f 6734/2881/835 6736/2883/836 6735/2884/836 6733/2882/835
f 6736/2883/836 6738/2885/837 6737/2886/837 6735/2884/836
f 6738/2885/837 6740/2887/838 6739/2888/838 6737/2886/837
f 6740/2887/838 6742/2889/839 6741/2890/839 6739/2888/838
f 6742/2889/839 6744/2891/840 6743/2892/840 6741/2890/839
f 6744/2891/840 6746/2893/841 6745/2894/841 6743/2892/840
f 6746/2893/841 6748/2895/842 6747/2896/842 6745/2894/841
f 6748/2895/842 6750/2897/843 6749/2898/843 6747/2896/842
f 6750/2897/843 6752/2899/844 6751/2900/844 6749/2898/843
f 6752/2899/844 6754/2901/845 6753/2902/845 6751/2900/844
f 6754/2901/845 6756/2903/846 6755/2904/846 6753/2902/845
f 6756/2903/846 6758/2905/847 6757/2906/847 6755/2904/846
f 6758/2905/847 6760/2907/848 6759/2908/848 6757/2906/847
f 6760/2907/848 6762/2909/849 6761/2910/849 6759/2908/848
f 6762/2909/849 6764/2911/850 6763/2912/850 6761/2910/849
f 6764/2911/850 6766/2913/851 6765/2914/851 6763/2912/850
f 6766/2913/851 6768/2915/852 6767/2916/852 6765/2914/851
f 6768/2915/852 6770/2917/853 6769/2918/853 6767/2916/852
f 6770/2917/853 6772/2919/854 6771/2920/854 6769/2918/853
f 6772/2919/854 6774/2921/855 6773/2922/855 6771/2920/854
f 6774/2921/855 6776/2923/856 6775/2924/856 6773/2922/855
f 6776/2923/856 6778/2925/857 6777/2926/857 6775/2924/856
f 6778/2925/857 6780/2927/858 6779/2928/858 6777/2926/857
f 6780/2927/858 6782/2929/859 6781/2930/859 6779/2928/858
f 6782/2929/859 6784/2931/860 6783/2932/860 6781/2930/859
f 6784/2931/860 6786/2933/861 6785/2934/861 6783/2932/860
f 6786/2933/861 6788/2935/862 6787/2936/862 6785/2934/861
f 6788/2935/862 6790/2937/863 6789/2938/863 6787/2936/862
f 6790/2937/863 6792/2939/864 6791/2940/864 6789/2938/863
f 6792/2939/864 6794/2941/865 6793/2942/865 6791/2940/864
f 6794/2941/865 6796/2943/866 6795/176/866 6793/2942/865
f 6796/2943/866 6798/2944/867 6797/2945/867 6795/176/866
f 6798/2944/867 6800/2946/868 6799/2947/868 6797/2945/867
f 6800/2946/868 6802/2948/869 6801/2949/869 6799/2947/868
f 6802/2948/869 6804/2950/870 6803/2951/870 6801/2949/869
f 6804/2950/870 6806/2952/871 6805/2953/871 6803/2951/870
f 6806/2952/871 6808/2954/872 6807/2955/872 6805/2953/871
f 6808/2954/872 6810/2956/873 6809/2957/873 6807/2955/872
f 6810/2956/873 6812/2958/874 6811/2959/874 6809/2957/873
f 6812/2958/874 6814/2960/875 6813/2961/875 6811/2959/874
f 6814/2960/875 6816/2962/876 6815/2963/876 6813/2961/875
f 6816/2962/876 6818/2964/877 6817/2965/877 6815/2963/876
f 6818/2964/877 6820/2966/878 6819/2967/878 6817/2965/877
f 6820/2966/878 6822/2968/879 6821/2969/879 6819/2967/878
f 6822/2968/879 6824/2970/880 6823/2971/880 6821/2969/879
f 6824/2970/880 6826/2972/881 6825/2973/881 6823/2971/880
f 6826/2972/881 6828/2974/882 6827/2975/882 6825/2973/881
f 6828/2974/882 6830/2976/883 6829/2977/883 6827/2975/882
f 6830/2976/883 6832/2978/884 6831/2979/884 6829/2977/883
f 6832/2978/884 6834/2980/885 6833/2981/885 6831/2979/884
f 6834/2980/885 6836/2982/886 6835/2983/886 6833/2981/885
f 6836/2982/886 6838/2984/887 6837/2985/887 6835/2983/886
f 6838/2984/887 6840/2986/888 6839/2987/888 6837/2985/887
f 6840/2986/888 6842/2988/889 6841/2989/889 6839/2987/888
f 6842/2988/889 6844/2990/890 6843/2991/890 6841/2989/889
f 6844/2990/890 6846/2992/891 6845/2993/891 6843/2991/890
f 6846/2992/891 6848/2994/892 6847/2995/892 6845/2993/891
f 6848/2994/892 6850/2996/893 6849/2997/893 6847/2995/892
f 6850/2996/893 6852/2998/894 6851/2999/894 6849/2997/893
f 6852/2998/894 6854/3000/895 6853/3001/895 6851/2999/894
f 6854/3000/895 6856/3002/896 6855/3003/896 6853/3001/895
f 6856/3002/896 6858/3004/897 6857/3005/897 6855/3003/896
f 6858/3004/897 6860/3006/898 6859/3007/898 6857/3005/897
f 6860/3006/898 6862/3008/899 6861/3009/899 6859/3007/898
f 6862/3008/899 6864/3010/900 6863/3011/900 6861/3009/899
f 6864/3010/900 6866/3012/901 6865/3013/901 6863/3011/900
f 6866/3012/901 6868/3014/902 6867/3015/902 6865/3013/901
f 6868/3014/902 6870/3016/903 6869/163/903 6867/3015/902
f 6870/3016/903 6872/3017/904 6871/3018/904 6869/163/903
f 6872/3017/904 6874/3019/905 6873/3020/905 6871/3018/904
f 6874/3019/905 6876/3021/906 6875/3022/906 6873/3020/905
f 6876/3021/906 6878/3023/907 6877/3024/907 6875/3022/906
f 6878/3023/907 6880/3025/908 6879/3026/908 6877/3024/907
f 6880/3025/908 6882/3027/909 6881/3028/909 6879/3026/908
f 6882/3027/909 6884/3029/910 6883/3030/910 6881/3028/909
f 6884/3029/910 6886/3031/911 6885/3032/911 6883/3030/910
f 6886/3031/911 6888/3033/912 6887/3034/912 6885/3032/911
f 6888/3033/912 6890/3035/913 6889/3036/913 6887/3034/912
f 6890/3035/913 6892/3037/914 6891/3038/914 6889/3036/913
f 6892/3037/914 6894/3039/915 6893/3040/915 6891/3038/914
f 6894/3039/915 6896/3041/916 6895/3042/916 6893/3040/915
f 6896/3041/916 6898/3043/917 6897/3044/917 6895/3042/916
f 6898/3043/917 6900/3045/918 6899/3046/918 6897/3044/917
f 6900/3045/918 6902/3047/919 6901/3048/919 6899/3046/918
f 6902/3047/919 6904/3049/54 6903/3050/54 6901/3048/919
f 6904/3049/54 6906/3051/920 6905/3052/920 6903/3050/54
f 6906/3051/920 6908/3053/921 6907/3054/921 6905/3052/920
f 6908/3053/921 6910/3055/922 6909/3056/922 6907/3054/921
f 6910/3055/922 6912/3057/923 6911/3058/923 6909/3056/922
f 6912/3057/923 6914/3059/924 6913/3060/924 6911/3058/923
f 6914/3059/924 6916/3061/925 6915/3062/925 6913/3060/924
f 6916/3061/925 6918/3063/926 6917/3064/926 6915/3062/925
f 6918/3063/926 6920/3065/927 6919/3066/927 6917/3064/926
f 6920/3065/927 6922/3067/928 6921/3068/928 6919/3066/927
f 6922/3067/928 6924/3069/929 6923/3070/929 6921/3068/928
f 6924/3069/929 6926/3071/930 6925/3072/930 6923/3070/929
f 6926/3071/930 6928/3073/931 6927/3074/931 6925/3072/930
f 6928/3073/931 6930/3075/932 6929/3076/932 6927/3074/931
f 6930/3075/932 6932/3077/933 6931/3078/933 6929/3076/932
f 6932/3077/933 6934/3079/934 6933/3080/934 6931/3078/933
f 6934/3079/934 6936/3081/935 6935/3082/935 6933/3080/934
f 6936/3081/935 6938/3083/936 6937/3084/936 6935/3082/935
f 6938/3083/936 6940/3085/937 6939/3086/937 6937/3084/936
f 6940/3085/937 6942/3087/938 6941/3088/938 6939/3086/937
f 6942/3087/938 6944/3089/939 6943/108/939 6941/3088/938
f 6944/3089/939 6946/3090/940 6945/3091/940 6943/108/939
f 6946/3090/940 6948/3092/941 6947/3093/941 6945/3091/940
f 6948/3092/941 6950/3094/942 6949/3095/942 6947/3093/941
f 6950/3094/942 6952/3096/943 6951/3097/943 6949/3095/942
f 6952/3096/943 6954/3098/944 6953/3099/944 6951/3097/943
f 6954/3098/944 6956/3100/945 6955/3101/945 6953/3099/944
f 6956/3100/945 6958/3102/946 6957/3103/946 6955/3101/945
f 6958/3102/946 6960/3104/947 6959/3105/947 6957/3103/946
f 6960/3104/947 6962/3106/948 6961/3107/948 6959/3105/947
f 6962/3106/948 6964/3108/949 6963/3109/949 6961/3107/948
f 6964/3108/949 6966/3110/950 6965/3111/950 6963/3109/949
f 6966/3110/950 6968/3112/951 6967/3113/951 6965/3111/950
f 6968/3112/951 6970/3114/952 6969/3115/952 6967/3113/951
f 6970/3114/952 6972/3116/953 6971/3117/953 6969/3115/952
f 6972/3116/953 6974/3118/954 6973/3119/954 6971/3117/953
f 6974/3118/954 6976/3120/955 6975/3121/955 6973/3119/954
f 6976/3120/955 6978/3122/956 6977/3123/956 6975/3121/955
f 6978/3122/956 6980/3124/955 6979/3125/955 6977/3123/956
f 6980/3124/955 6982/3126/954 6981/3127/954 6979/3125/955
f 6982/3126/954 6984/3128/953 6983/3129/953 6981/3127/954
f 6984/3128/953 6986/3130/952 6985/3131/952 6983/3129/953
f 6986/3130/952 6988/3132/951 6987/3133/951 6985/3131/952
f 6988/3132/951 6990/3134/950 6989/3135/950 6987/3133/951
f 6990/3134/950 6992/3136/949 6991/3137/949 6989/3135/950
f 6992/3136/949 6994/3138/948 6993/3139/948 6991/3137/949
f 6994/3138/948 6996/3140/947 6995/3141/947 6993/3139/948
f 6996/3140/947 6998/3142/946 6997/3143/946 6995/3141/947
f 6998/3142/946 7000/3144/945 6999/3145/945 6997/3143/946
f 7000/3144/945 7002/3146/957 7001/3147/957 6999/3145/945
f 7002/3146/957 7004/3148/958 7003/3149/958 7001/3147/957
f 7004/3148/958 7006/3150/959 7005/3151/959 7003/3149/958
f 7006/3150/959 7008/3152/960 7007/3153/960 7005/3151/959
f 7008/3152/960 7010/3154/961 7009/3155/961 7007/3153/960
f 7010/3154/961 7012/3156/962 7011/3157/962 7009/3155/961
f 7012/3156/962 7014/3158/557 7013/3159/557 7011/3157/962
f 7014/3158/557 7016/3160/963 7015/3161/963 7013/3159/557
f 7016/3160/963 7018/3162/964 7017/71/964 7015/3161/963
f 7018/3162/964 7020/3163/965 7019/3164/965 7017/71/964
f 7020/3163/965 7022/3165/966 7021/3166/966 7019/3164/965
f 7022/3165/966 7024/3167/967 7023/3168/967 7021/3166/966
f 7024/3167/967 7026/3169/968 7025/3170/968 7023/3168/967
f 7026/3169/968 7028/3171/969 7027/3172/969 7025/3170/968
f 7028/3171/969 7030/3173/970 7029/3174/970 7027/3172/969
f 7030/3173/970 7032/3175/971 7031/3176/971 7029/3174/970
f 7032/3175/971 7034/3177/972 7033/3178/972 7031/3176/971
f 7034/3177/972 7036/3179/973 7035/3180/973 7033/3178/972
f 7036/3179/973 7038/3181/974 7037/3182/974 7035/3180/973
f 7038/3181/974 7040/3183/975 7039/3184/975 7037/3182/974
f 7040/3183/975 7042/3185/976 7041/3186/976 7039/3184/975
f 7042/3185/976 7044/3187/977 7043/3188/977 7041/3186/976
f 7044/3187/977 7046/3189/978 7045/3190/978 7043/3188/977
f 7046/3189/978 7048/3191/979 7047/3192/979 7045/3190/978
f 7048/3191/979 7050/3193/980 7049/3194/980 7047/3192/979
f 7050/3193/980 7052/3195/981 7051/3196/981 7049/3194/980
f 7052/3195/981 7054/3197/982 7053/3198/982 7051/3196/981
f 7054/3197/982 7056/3199/983 7055/3200/983 7053/3198/982
f 7056/3199/983 7058/3201/984 7057/3202/984 7055/3200/983
f 7058/3201/984 7060/3203/985 7059/3204/985 7057/3202/984
f 7060/3203/985 7062/3205/986 7061/3206/986 7059/3204/985
f 7062/3205/986 7064/3207/987 7063/3208/987 7061/3206/986
f 7064/3207/987 7066/3209/988 7065/3210/988 7063/3208/987
f 7066/3209/988 7068/3211/989 7067/3212/989 7065/3210/988
f 7068/3211/989 7070/3213/990 7069/3214/990 7067/3212/989
f 7070/3213/990 7072/3215/991 7071/3216/991 7069/3214/990
f 7072/3215/991 7074/3217/992 7073/3218/992 7071/3216/991
f 7074/3217/992 7076/3219/993 7075/3220/993 7073/3218/992
f 7076/3219/993 7078/3221/994 7077/3222/994 7075/3220/993
f 7078/3221/994 7080/3223/995 7079/3224/995 7077/3222/994
f 7080/3223/995 7082/3225/996 7081/3226/996 7079/3224/995
f 7082/3225/996 7084/3227/997 7083/3228/997 7081/3226/996
f 7084/3227/997 7086/3229/998 7085/3230/998 7083/3228/997
f 7086/3229/998 7088/3231/999 7087/3232/999 7085/3230/998
f 7088/3231/999 7090/3233/897 7089/3234/897 7087/3232/999
f 7090/3233/897 7092/3235/1000 7091/54/1000 7089/3234/897
f 7092/3235/1000 7094/3236/1001 7093/3237/1001 7091/54/1000
f 7094/3236/1001 7096/3238/1002 7095/3239/1002 7093/3237/1001
f 7096/3238/1002 7098/3240/1003 7097/3241/1003 7095/3239/1002
f 7098/3240/1003 7100/3242/1004 7099/3243/1004 7097/3241/1003
f 7100/3242/1004 7102/3244/1005 7101/3245/1005 7099/3243/1004
f 7102/3244/1005 7104/3246/1006 7103/3247/1006 7101/3245/1005
f 7104/3246/1006 7106/3248/1007 7105/3249/1007 7103/3247/1006
f 7106/3248/1007 7108/3250/1008 7107/3251/1008 7105/3249/1007
f 7108/3250/1008 7110/3252/1009 7109/3253/1009 7107/3251/1008
f 7110/3252/1009 7112/3254/1010 7111/3255/1010 7109/3253/1009
f 7112/3254/1010 7114/3256/1011 7113/3257/1011 7111/3255/1010
f 7114/3256/1011 7116/3258/1012 7115/3259/1012 7113/3257/1011
f 7116/3258/1012 7118/3260/1013 7117/3261/1013 7115/3259/1012
f 7118/3260/1013 7120/3262/1014 7119/3263/1014 7117/3261/1013
f 7120/3262/1014 7122/3264/1015 7121/3265/1015 7119/3263/1014
f 7122/3264/1015 7124/3266/1016 7123/3267/1016 7121/3265/1015
f 7124/3266/1016 7126/3268/1017 7125/3269/1017 7123/3267/1016
f 7126/3268/1017 7128/3270/1018 7127/3271/1018 7125/3269/1017
f 7128/3270/1018 7130/3272/1019 7129/3273/1019 7127/3271/1018
f 7130/3272/1019 7132/3274/1020 7131/3275/1020 7129/3273/1019
f 7132/3274/1020 7134/3276/1021 7133/3277/1021 7131/3275/1020
f 7134/3276/1021 7136/3278/1022 7135/3279/1022 7133/3277/1021
f 7136/3278/1022 7138/3280/1023 7137/3281/1023 7135/3279/1022
f 7138/3280/1023 7140/3282/1024 7139/3283/1024 7137/3281/1023
f 7140/3282/1024 7142/3284/1025 7141/3285/1025 7139/3283/1024
f 7142/3284/1025 7144/3286/1026 7143/3287/1026 7141/3285/1025
f 7144/3286/1026 7146/3288/1027 7145/3289/1027 7143/3287/1026
f 7146/3288/1027 7148/3290/1028 7147/3291/1028 7145/3289/1027
f 7148/3290/1028 7150/3292/1029 7149/3293/1029 7147/3291/1028
f 7150/3292/1029 7152/3294/1030 7151/3295/1030 7149/3293/1029
f 7152/3294/1030 7154/3296/1031 7153/3297/1031 7151/3295/1030
f 7154/3296/1031 7156/3298/1032 7155/3299/1032 7153/3297/1031
f 7156/3298/1032 7158/3300/1033 7157/3301/1033 7155/3299/1032
f 7158/3300/1033 7160/3302/1034 7159/3303/1034 7157/3301/1033
f 7160/3302/1034 7162/3304/1035 7161/3305/1035 7159/3303/1034
f 7162/3304/1035 7164/3306/1036 7163/3307/1036 7161/3305/1035
f 7164/3306/1036 7166/3308/1037 7165/23/1037 7163/3307/1036
f 7166/3308/1037 7168/3309/1038 7167/3310/1038 7165/23/1037
f 7168/3309/1038 7170/3311/1039 7169/3312/1039 7167/3310/1038
f 7170/3311/1039 7172/3313/1040 7171/3314/1040 7169/3312/1039
f 7172/3313/1040 7174/3315/1041 7173/3316/1041 7171/3314/1040
f 7174/3315/1041 7176/3317/1042 7175/3318/1042 7173/3316/1041
f 7176/3317/1042 7178/3319/1043 7177/3320/1043 7175/3318/1042
f 7178/3319/1043 7180/3321/1044 7179/3322/1044 7177/3320/1043
f 7180/3321/1044 7182/3323/1045 7181/3324/1045 7179/3322/1044
f 7182/3323/1045 7184/3325/1046 7183/3326/1046 7181/3324/1045
f 7184/3325/1046 7186/3327/1047 7185/3328/1047 7183/3326/1046
f 7186/3327/1047 7188/3329/1048 7187/3330/1048 7185/3328/1047
f 7188/3329/1048 7190/3331/1049 7189/3332/1049 7187/3330/1048
f 7190/3331/1049 7192/3333/1050 7191/3334/1050 7189/3332/1049
f 7192/3333/1050 7194/3335/1051 7193/3336/1051 7191/3334/1050
f 7194/3335/1051 7196/3337/1052 7195/3338/1052 7193/3336/1051
f 7196/3337/1052 7198/3339/1053 7197/3340/1053 7195/3338/1052
f 7198/3339/1053 7200/3341/1054 7199/3342/1054 7197/3340/1053
f 7200/3341/1054 7202/3343/1055 7201/3344/1055 7199/3342/1054
f 7202/3343/1055 7204/3345/1056 7203/3346/1056 7201/3344/1055
f 7204/3345/1056 7206/3347/1057 7205/3348/1057 7203/3346/1056
f 7206/3347/1057 7208/3349/1058 7207/3350/1058 7205/3348/1057
f 7208/3349/1058 7210/3351/1059 7209/3352/1059 7207/3350/1058
f 7210/3351/1059 7212/3353/1060 7211/3354/1060 7209/3352/1059
f 7212/3353/1060 7214/3355/1061 7213/3356/1061 7211/3354/1060
f 7214/3355/1061 7216/3357/1062 7215/3358/1062 7213/3356/1061
f 7216/3357/1062 7218/3359/1063 7217/3360/1063 7215/3358/1062
f 7218/3359/1063 7220/3361/1064 7219/3362/1064 7217/3360/1063
f 7220/3361/1064 7222/3363/1065 7221/3364/1065 7219/3362/1064
f 7222/3363/1065 7224/3365/1066 7223/3366/1066 7221/3364/1065
f 7224/3365/1066 7226/3367/1067 7225/3368/1067 7223/3366/1066
f 7226/3367/1067 7228/3369/1068 7227/3370/1068 7225/3368/1067
f 7228/3369/1068 7230/3371/1069 7229/3372/1069 7227/3370/1068
f 7230/3371/1069 7232/3373/1070 7231/3374/1070 7229/3372/1069
f 7232/3373/1070 7234/3375/1071 7233/3376/1071 7231/3374/1070
f 7234/3375/1071 7236/3377/1072 7235/3378/1072 7233/3376/1071
f 7236/3377/1072 7238/3379/1073 7237/3380/1073 7235/3378/1072
f 7238/3379/1073 7240/3381/1074 7239/34/1074 7237/3380/1073
f 7240/3381/1074 7242/3382/1075 7241/3383/1075 7239/34/1074
f 7242/3382/1075 7244/3384/1076 7243/3385/1076 7241/3383/1075
f 7244/3384/1076 7246/3386/1077 7245/3387/1077 7243/3385/1076
f 7246/3386/1077 7248/3388/1078 7247/3389/1078 7245/3387/1077
f 7248/3388/1078 7250/3390/1079 7249/3391/1079 7247/3389/1078
f 7250/3390/1079 7252/3392/1080 7251/3393/1080 7249/3391/1079
f 7252/3392/1080 7254/3394/1081 7253/3395/1081 7251/3393/1080
f 7254/3394/1081 7256/3396/1082 7255/3397/1082 7253/3395/1081
f 7256/3396/1082 7258/3398/1083 7257/3399/1083 7255/3397/1082
f 7258/3398/1083 7260/3400/1084 7259/3401/1084 7257/3399/1083
f 7260/3400/1084 7262/3402/1085 7261/3403/1085 7259/3401/1084
f 7262/3402/1085 7264/3404/1086 7263/3405/1086 7261/3403/1085
f 7264/3404/1086 7266/3406/1087 7265/3407/1087 7263/3405/1086
f 7266/3406/1087 7268/3408/1088 7267/3409/1088 7265/3407/1087
f 7268/3408/1088 7270/3410/1087 7269/3411/1087 7267/3409/1088
f 7270/3410/1087 7272/3412/1086 7271/3413/1086 7269/3411/1087
f 7272/3412/1086 7274/3414/1085 7273/3415/1085 7271/3413/1086
f 7274/3414/1085 7276/3416/1084 7275/3417/1084 7273/3415/1085
f 7276/3416/1084 7278/3418/1083 7277/3419/1083 7275/3417/1084
f 7278/3418/1083 7280/3420/1082 7279/3421/1082 7277/3419/1083
f 7280/3420/1082 7282/3422/1081 7281/3423/1081 7279/3421/1082
f 7282/3422/1081 7284/3424/1080 7283/3425/1080 7281/3423/1081
f 7284/3424/1080 7286/3426/1089 7285/3427/1089 7283/3425/1080
f 7286/3426/1089 7288/3428/1078 7287/3429/1078 7285/3427/1089
f 7288/3428/1078 7290/3430/1077 7289/3431/1077 7287/3429/1078
f 7290/3430/1077 7292/3432/1090 7291/3433/1090 7289/3431/1077
f 7292/3432/1090 7294/3434/1091 7293/3435/1091 7291/3433/1090
f 7294/3434/1091 7296/3436/1092 7295/3437/1092 7293/3435/1091
f 7296/3436/1092 7298/3438/1093 7297/3439/1093 7295/3437/1092
f 7298/3438/1093 7300/3440/581 7299/3441/581 7297/3439/1093
f 7300/3440/581 7302/3442/1094 7301/3443/1094 7299/3441/581
f 7302/3442/1094 7304/3444/1095 7303/3445/1095 7301/3443/1094
f 7304/3444/1095 7306/3446/1096 7305/3447/1096 7303/3445/1095
f 7306/3446/1096 7308/3448/1097 7307/3449/1097 7305/3447/1096
f 7308/3448/1097 7310/3450/1098 7309/3451/1098 7307/3449/1097
f 7310/3450/1098 7312/3452/1099 7311/3453/1099 7309/3451/1098
f 7312/3452/1099 7314/3454/1100 7313/6/1100 7311/3453/1099
f 7314/3454/1100 7316/3455/1101 7315/3456/1101 7313/6/1100
f 7316/3455/1101 7318/3457/1102 7317/3458/1102 7315/3456/1101
f 7318/3457/1102 7320/3459/1103 7319/3460/1103 7317/3458/1102
f 7320/3459/1103 7322/3461/1104 7321/3462/1104 7319/3460/1103
f 7322/3461/1104 7324/3463/1105 7323/3464/1105 7321/3462/1104
f 7324/3463/1105 7326/3465/1106 7325/3466/1106 7323/3464/1105
f 7326/3465/1106 7328/3467/1107 7327/3468/1107 7325/3466/1106
f 7328/3467/1107 7330/3469/1108 7329/3470/1108 7327/3468/1107
f 7330/3469/1108 7332/3471/1109 7331/3472/1109 7329/3470/1108
f 7332/3471/1109 7334/3473/1110 7333/3474/1110 7331/3472/1109
f 7334/3473/1110 7336/3475/1111 7335/3476/1111 7333/3474/1110
f 7336/3475/1111 7338/3477/1112 7337/3478/1112 7335/3476/1111
f 7338/3477/1112 7340/3479/1113 7339/3480/1113 7337/3478/1112
f 7340/3479/1113 7342/3481/1114 7341/3482/1114 7339/3480/1113
f 7342/3481/1114 7344/3483/1115 7343/3484/1115 7341/3482/1114
f 7344/3483/1115 7346/3485/1116 7345/3486/1116 7343/3484/1115
f 7346/3485/1116 7348/3487/1117 7347/3488/1117 7345/3486/1116
f 7348/3487/1117 7350/3489/1118 7349/3490/1118 7347/3488/1117
f 7350/3489/1118 7352/3491/1119 7351/3492/1119 7349/3490/1118
f 7352/3491/1119 7354/3493/1120 7353/3494/1120 7351/3492/1119
f 7354/3493/1120 7356/3495/1121 7355/3496/1121 7353/3494/1120
f 7356/3495/1121 7358/3497/1122 7357/3498/1122 7355/3496/1121
f 7358/3497/1122 7360/3499/1123 7359/3500/1123 7357/3498/1122
f 7360/3499/1123 7362/3501/1124 7361/3502/1124 7359/3500/1123
f 7362/3501/1124 7364/3503/1125 7363/3504/1125 7361/3502/1124
f 7364/3503/1125 7366/3505/1126 7365/3506/1126 7363/3504/1125
f 7366/3505/1126 7368/3507/1127 7367/3508/1127 7365/3506/1126
f 7368/3507/1127 7370/3509/1128 7369/3510/1128 7367/3508/1127
f 7370/3509/1128 7372/3511/1129 7371/3512/1129 7369/3510/1128
f 7372/3511/1129 7374/3513/1130 7373/3514/1130 7371/3512/1129
f 7374/3513/1130 7376/3515/1131 7375/3516/1131 7373/3514/1130
f 7376/3515/1131 7378/3517/1132 7377/3518/1132 7375/3516/1131
f 7378/3517/1132 7380/3519/1133 7379/3520/1133 7377/3518/1132
f 7380/3519/1133 7382/3521/1134 7381/3522/1134 7379/3520/1133
f 7382/3521/1134 7384/3523/1135 7383/3524/1135 7381/3522/1134
f 7384/3523/1135 7386/3525/1136 7385/3526/1136 7383/3524/1135
f 7386/3525/1136 6426/1970/684 6425/66/684 7385/3526/1136
f 7388/1358/1137 7390/3527/1138 7389/3528/1138 7387/73/1137
f 7390/3527/1138 7392/3529/1139 7391/3530/1139 7389/3528/1138
f 7392/3529/1139 7394/3531/1140 7393/3532/1140 7391/3530/1139
f 7394/3531/1140 7396/3533/1141 7395/3534/1141 7393/3532/1140
f 7396/3533/1141 7398/3535/1142 7397/3536/1142 7395/3534/1141
f 7398/3535/1142 7400/3537/1143 7399/3538/1143 7397/3536/1142
f 7400/3537/1143 7402/3539/1144 7401/3540/1144 7399/3538/1143
f 7402/3539/1144 7404/3541/1145 7403/3542/1145 7401/3540/1144
f 7404/3541/1145 7406/3543/1146 7405/3544/1146 7403/3542/1145
f 7406/3543/1146 7408/3545/1147 7407/3546/1147 7405/3544/1146
f 7408/3545/1147 7410/3547/1148 7409/3548/1148 7407/3546/1147
f 7410/3547/1148 7412/3549/1149 7411/3550/1149 7409/3548/1148
f 7412/3549/1149 7414/3551/1150 7413/3552/1150 7411/3550/1149
f 7414/3551/1150 7416/3553/1151 7415/3554/1151 7413/3552/1150
f 7416/3553/1151 7418/3555/1152 7417/3556/1152 7415/3554/1151
f 7418/3555/1152 7420/3557/1153 7419/3558/1153 7417/3556/1152
f 7420/3557/1153 7422/3559/1154 7421/3560/1154 7419/3558/1153
f 7422/3559/1154 7424/3561/1155 7423/3562/1155 7421/3560/1154
f 7424/3561/1155 7426/3563/1156 7425/3564/1156 7423/3562/1155
f 7426/3563/1156 7428/3565/1157 7427/3566/1157 7425/3564/1156
f 7428/3565/1157 7430/3567/1158 7429/3568/1158 7427/3566/1157
f 7430/3567/1158 7432/3569/1159 7431/3570/1159 7429/3568/1158
f 7432/3569/1159 7434/3571/1160 7433/3572/1160 7431/3570/1159
f 7434/3571/1160 7436/3573/1161 7435/3574/1161 7433/3572/1160
f 7436/3573/1161 7438/3575/1162 7437/3576/1162 7435/3574/1161
f 7438/3575/1162 7440/3577/1163 7439/3578/1163 7437/3576/1162
f 7440/3577/1163 7442/3579/1164 7441/3580/1164 7439/3578/1163
f 7442/3579/1164 7444/3581/1165 7443/3582/1165 7441/3580/1164
f 7444/3581/1165 7446/3583/1166 7445/3584/1166 7443/3582/1165
f 7446/3583/1166 7448/3585/1167 7447/3586/1167 7445/3584/1166
f 7448/3585/1167 7450/3587/1168 7449/3588/1168 7447/3586/1167
f 7450/3587/1168 7452/3589/1169 7451/3590/1169 7449/3588/1168
f 7452/3589/1169 7454/3591/1170 7453/3592/1170 7451/3590/1169
f 7454/3591/1170 7456/3593/1171 7455/3594/1171 7453/3592/1170
f 7456/3593/1171 7458/3595/1172 7457/3596/1172 7455/3594/1171
f 7458/3595/1172 7460/3597/1173 7459/3598/1173 7457/3596/1172
f 7460/3597/1173 7462/3599/1174 7461/3600/1174 7459/3598/1173
f 7462/3599/1174 7464/3601/1175 7463/3602/1175 7461/3600/1174
f 7464/3601/1175 7466/3603/1176 7465/3604/1176 7463/3602/1175
f 7466/3603/1176 7468/3605/1177 7467/3606/1177 7465/3604/1176
f 7468/3605/1177 7470/3607/1178 7469/3608/1178 7467/3606/1177
f 7470/3607/1178 7472/3609/1179 7471/3610/1179 7469/3608/1178
f 7472/3609/1179 7474/3611/1180 7473/3612/1180 7471/3610/1179
f 7474/3611/1180 7476/3613/1181 7475/3614/1181 7473/3612/1180
f 7476/3613/1181 7478/3615/1182 7477/3616/1182 7475/3614/1181
f 7478/3615/1182 7480/3617/1183 7479/3618/1183 7477/3616/1182
f 7480/3617/1183 7482/3619/1184 7481/3620/1184 7479/3618/1183
f 7482/3619/1184 7484/3621/1185 7483/3622/1185 7481/3620/1184
f 7484/3621/1185 7486/3623/1186 7485/3624/1186 7483/3622/1185
f 7486/3623/1186 7488/3625/1187 7487/3626/1187 7485/3624/1186
f 7488/3625/1187 7490/3627/1188 7489/3628/1188 7487/3626/1187
f 7490/3627/1188 7492/3629/1189 7491/3630/1189 7489/3628/1188
f 7492/3629/1189 7494/3631/1190 7493/3632/1190 7491/3630/1189
f 7494/3631/1190 7496/3633/1191 7495/3634/1191 7493/3632/1190
f 7496/3633/1191 7498/3635/1192 7497/3636/1192 7495/3634/1191
f 7498/3635/1192 7500/3637/1193 7499/3638/1193 7497/3636/1192
f 7500/3637/1193 7502/3639/1194 7501/3640/1194 7499/3638/1193
f 7502/3639/1194 7504/3641/1195 7503/3642/1195 7501/3640/1194
f 7504/3641/1195 7506/3643/1196 7505/3644/1196 7503/3642/1195
f 7506/3643/1196 7508/3645/1197 7507/3646/1197 7505/3644/1196
f 7508/3645/1197 7510/3647/1198 7509/3648/1198 7507/3646/1197
f 7510/3647/1198 7512/3649/1199 7511/3650/1199 7509/3648/1198
f 7512/3649/1199 7514/3651/1200 7513/3652/1200 7511/3650/1199
f 7514/3651/1200 7516/3653/1201 7515/3654/1201 7513/3652/1200
f 7516/3653/1201 7518/3655/1202 7517/3656/1202 7515/3654/1201
f 7518/3655/1202 7520/3657/1203 7519/3658/1203 7517/3656/1202
f 7520/3657/1203 7522/3659/1204 7521/3660/1204 7519/3658/1203
f 7522/3659/1204 7524/3661/1205 7523/3662/1205 7521/3660/1204
f 7524/3661/1205 7526/3663/1206 7525/3664/1206 7523/3662/1205
f 7526/3663/1206 7528/3665/1207 7527/3666/1207 7525/3664/1206
f 7528/3665/1207 7530/3667/1208 7529/3668/1208 7527/3666/1207
f 7530/3667/1208 7532/3669/1209 7531/3670/1209 7529/3668/1208
f 7532/3669/1209 7534/3671/1210 7533/3672/1210 7531/3670/1209
f 7534/3671/1210 7536/3673/1211 7535/3674/1211 7533/3672/1210
f 7536/3673/1211 7538/3675/1212 7537/3676/1212 7535/3674/1211
f 7538/3675/1212 7540/3677/1213 7539/3678/1213 7537/3676/1212
f 7540/3677/1213 7542/3679/1214 7541/3680/1214 7539/3678/1213
f 7542/3679/1214 7544/3681/1215 7543/3682/1215 7541/3680/1214
f 7544/3681/1215 7546/3683/1216 7545/3684/1216 7543/3682/1215
f 7546/3683/1216 7548/3685/1217 7547/3686/1217 7545/3684/1216
f 7548/3685/1217 7550/3687/1218 7549/3688/1218 7547/3686/1217
f 7550/3687/1218 7552/3689/1219 7551/3690/1219 7549/3688/1218
f 7552/3689/1219 7554/3691/891 7553/3692/891 7551/3690/1219
f 7554/3691/891 7556/3693/1220 7555/3694/1220 7553/3692/891
f 7556/3693/1220 7558/3695/1221 7557/3696/1221 7555/3694/1220
f 7558/3695/1221 7560/3697/1222 7559/3698/1222 7557/3696/1221
f 7560/3697/1222 7562/3699/1223 7561/3700/1223 7559/3698/1222
f 7562/3699/1223 7564/3701/1224 7563/3702/1224 7561/3700/1223
f 7564/3701/1224 7566/3703/1225 7565/3704/1225 7563/3702/1224
f 7566/3703/1225 7568/3705/1226 7567/3706/1226 7565/3704/1225
f 7568/3705/1226 7570/3707/1227 7569/3708/1227 7567/3706/1226
f 7570/3707/1227 7572/3709/1228 7571/3710/1228 7569/3708/1227
f 7572/3709/1228 7574/3711/1229 7573/3712/1229 7571/3710/1228
f 7574/3711/1229 7576/3713/1230 7575/3714/1230 7573/3712/1229
f 7576/3713/1230 7578/3715/1231 7577/3716/1231 7575/3714/1230
f 7578/3715/1231 7580/3717/1232 7579/3718/1232 7577/3716/1231
f 7580/3717/1232 7582/3719/1233 7581/3720/1233 7579/3718/1232
f 7582/3719/1233 7584/3721/864 7583/3722/864 7581/3720/1233
f 7584/3721/864 7586/3723/1234 7585/3724/1234 7583/3722/864
f 7586/3723/1234 7588/3725/1235 7587/3726/1235 7585/3724/1234
f 7588/3725/1235 7590/3727/1236 7589/3728/1236 7587/3726/1235
f 7590/3727/1236 7592/3729/1237 7591/3730/1237 7589/3728/1236
f 7592/3729/1237 7594/3731/1238 7593/3732/1238 7591/3730/1237
f 7594/3731/1238 7596/3733/1239 7595/3734/1239 7593/3732/1238
f 7596/3733/1239 7598/3735/1240 7597/3736/1240 7595/3734/1239
f 7598/3735/1240 7600/3737/1241 7599/3738/1241 7597/3736/1240
f 7600/3737/1241 7602/3739/1242 7601/3740/1242 7599/3738/1241
f 7602/3739/1242 7604/3741/1243 7603/3742/1243 7601/3740/1242
f 7604/3741/1243 7606/3743/1244 7605/3744/1244 7603/3742/1243
f 7606/3743/1244 7608/3745/1245 7607/3746/1245 7605/3744/1244
f 7608/3745/1245 7610/3747/1246 7609/3748/1246 7607/3746/1245
f 7610/3747/1246 7612/3749/1247 7611/3750/1247 7609/3748/1246
f 7612/3749/1247 7614/3751/1248 7613/3752/1248 7611/3750/1247
f 7614/3751/1248 7616/3753/1249 7615/3754/1249 7613/3752/1248
f 7616/3753/1249 7618/3755/1250 7617/3756/1250 7615/3754/1249
f 7618/3755/1250 7620/3757/1251 7619/3758/1251 7617/3756/1250
f 7620/3757/1251 7622/3759/1252 7621/3760/1252 7619/3758/1251
f 7622/3759/1252 7624/3761/1253 7623/3762/1253 7621/3760/1252
f 7624/3761/1253 7626/3763/655 7625/3764/655 7623/3762/1253
f 7626/3763/655 7628/3765/1254 7627/3766/1254 7625/3764/655
f 7628/3765/1254 7630/3767/1255 7629/3768/1255 7627/3766/1254
f 7630/3767/1255 7632/3769/1256 7631/3770/1256 7629/3768/1255
f 7632/3769/1256 7634/3771/1257 7633/3772/1257 7631/3770/1256
f 7634/3771/1257 7636/3773/1258 7635/3774/1258 7633/3772/1257
f 7636/3773/1258 7638/3775/1259 7637/3776/1259 7635/3774/1258
f 7638/3775/1259 7640/3777/1260 7639/3778/1260 7637/3776/1259
f 7640/3777/1260 7642/3779/1261 7641/3780/1261 7639/3778/1260
f 7642/3779/1261 7644/3781/1262 7643/3782/1262 7641/3780/1261
f 7644/3781/1262 7646/3783/117 7645/3784/117 7643/3782/1262
f 7646/3783/117 7648/3785/1263 7647/3786/1263 7645/3784/117
f 7648/3785/1263 7650/3787/1264 7649/3788/1264 7647/3786/1263
f 7650/3787/1264 7652/3789/1265 7651/3790/1265 7649/3788/1264
f 7652/3789/1265 7654/3791/1266 7653/3792/1266 7651/3790/1265
f 7654/3791/1266 7656/3793/1267 7655/3794/1267 7653/3792/1266
f 7656/3793/1267 7658/3795/1268 7657/3796/1268 7655/3794/1267
f 7658/3795/1268 7660/3797/1269 7659/3798/1269 7657/3796/1268
f 7660/3797/1269 7662/3799/1270 7661/3800/1270 7659/3798/1269
f 7662/3799/1270 7664/3801/1271 7663/3802/1271 7661/3800/1270
f 7664/3801/1271 7666/3803/1272 7665/3804/1272 7663/3802/1271
f 7666/3803/1272 7668/3805/1273 7667/3806/1273 7665/3804/1272
f 7668/3805/1273 7670/3807/1274 7669/3808/1274 7667/3806/1273
f 7670/3807/1274 7672/3809/1275 7671/3810/1275 7669/3808/1274
f 7672/3809/1275 7674/3811/1276 7673/3812/1276 7671/3810/1275
f 7674/3811/1276 7676/3813/1277 7675/3814/1277 7673/3812/1276
f 7676/3813/1277 7678/3815/1278 7677/3816/1278 7675/3814/1277
f 7678/3815/1278 7680/3817/1279 7679/3818/1279 7677/3816/1278
f 7680/3817/1279 7682/3819/1280 7681/3820/1280 7679/3818/1279
f 7682/3819/1280 7684/3821/1281 7683/3822/1281 7681/3820/1280
f 7684/3821/1281 7686/3823/1282 7685/3824/1282 7683/3822/1281
f 7686/3823/1282 7688/3825/1283 7687/3826/1283 7685/3824/1282
f 7688/3825/1283 7690/3827/1284 7689/3828/1284 7687/3826/1283
f 7690/3827/1284 7692/3829/1285 7691/3830/1285 7689/3828/1284
f 7692/3829/1285 7694/3831/1286 7693/3832/1286 7691/3830/1285
f 7694/3831/1286 7696/3833/1287 7695/3834/1287 7693/3832/1286
f 7696/3833/1287 7698/3835/1288 7697/3836/1288 7695/3834/1287
f 7698/3835/1288 7700/3837/1289 7699/3838/1289 7697/3836/1288
f 7700/3837/1289 7702/3839/1290 7701/3840/1290 7699/3838/1289
f 7702/3839/1290 7704/3841/1291 7703/3842/1291 7701/3840/1290
f 7704/3841/1291 7706/3843/1292 7705/3844/1292 7703/3842/1291
f 7706/3843/1292 7708/3845/1293 7707/3846/1293 7705/3844/1292
f 7708/3845/1293 7710/3847/1294 7709/3848/1294 7707/3846/1293
f 7710/3847/1294 7712/3849/1295 7711/3850/1295 7709/3848/1294
f 7712/3849/1295 7714/3851/1296 7713/3852/1296 7711/3850/1295
f 7714/3851/1296 7716/3853/1297 7715/3854/1297 7713/3852/1296
f 7716/3853/1297 7718/3855/1298 7717/3856/1298 7715/3854/1297
f 7718/3855/1298 7720/3857/1299 7719/3858/1299 7717/3856/1298
f 7720/3857/1299 7722/3859/1300 7721/3860/1300 7719/3858/1299
f 7722/3859/1300 7724/3861/1301 7723/3862/1301 7721/3860/1300
f 7724/3861/1301 7726/3863/1302 7725/3864/1302 7723/3862/1301
f 7726/3863/1302 7728/3865/1303 7727/3866/1303 7725/3864/1302
f 7728/3865/1303 7730/3867/1304 7729/3868/1304 7727/3866/1303
f 7730/3867/1304 7732/3869/1305 7731/3870/1305 7729/3868/1304
f 7732/3869/1305 7734/3871/1306 7733/3872/1306 7731/3870/1305
f 7734/3871/1306 7736/3873/1307 7735/3874/1307 7733/3872/1306
f 7736/3873/1307 7738/3875/1308 7737/3876/1308 7735/3874/1307
f 7738/3875/1308 7740/3877/1309 7739/3878/1309 7737/3876/1308
f 7740/3877/1309 7742/3879/1310 7741/3880/1310 7739/3878/1309
f 7742/3879/1310 7744/3881/1311 7743/3882/1311 7741/3880/1310
f 7744/3881/1311 7746/3883/1312 7745/3884/1312 7743/3882/1311
f 7746/3883/1312 7748/3885/1313 7747/3886/1313 7745/3884/1312
f 7748/3885/1313 7388/1970/1137 7387/66/1137 7747/3886/1313
f 7750/1358/1314 7752/3887/1315 7751/738/1315 7749/73/1314
f 7752/3887/1315 7754/3888/1316 7753/745/1316 7751/738/1315
f 7754/3888/1316 7756/3889/1317 7755/751/1317 7753/745/1316
f 7756/3889/1317 7758/3890/1318 7757/742/1318 7755/751/1317
f 7758/3890/1318 7760/1409/1319 7759/732/1319 7757/742/1318
f 7760/1409/1319 7762/3891/1320 7761/724/1320 7759/732/1319
f 7762/3891/1320 7764/3892/1321 7763/714/1321 7761/724/1320
f 7764/3892/1321 7766/3893/1322 7765/651/1322 7763/714/1321
f 7766/3893/1322 7768/3894/1323 7767/645/1323 7765/651/1322
f 7768/3894/1323 7770/1460/1324 7769/618/1324 7767/645/1323
f 7770/1460/1324 7772/3895/1325 7771/581/1325 7769/618/1324
f 7772/3895/1325 7774/3896/1326 7773/375/1326 7771/581/1325
f 7774/3896/1326 7776/3897/1327 7775/539/1327 7773/375/1326
f 7776/3897/1327 7778/3898/1328 7777/528/1328 7775/539/1327
f 7778/3898/1328 7780/1511/1329 7779/520/1329 7777/528/1328
f 7780/1511/1329 7782/3899/1330 7781/524/1330 7779/520/1329
f 7782/3899/1330 7784/3900/1331 7783/530/1331 7781/524/1330
f 7784/3900/1331 7786/3901/1332 7785/536/1332 7783/530/1331
f 7786/3901/1332 7788/3902/1333 7787/543/1333 7785/536/1332
f 7788/3902/1333 7790/1562/1334 7789/549/1334 7787/543/1333
f 7790/1562/1334 7792/3903/1335 7791/572/1335 7789/549/1334
f 7792/3903/1335 7794/3904/1336 7793/596/1336 7791/572/1335
f 7794/3904/1336 7796/3905/1337 7795/613/1337 7793/596/1336
f 7796/3905/1337 7798/3906/1338 7797/273/1338 7795/613/1337
f 7798/3906/1338 7800/1613/1339 7799/636/1339 7797/273/1338
f 7800/1613/1339 7802/3907/1340 7801/640/1340 7799/636/1339
f 7802/3907/1340 7804/3908/1341 7803/646/1341 7801/640/1340
f 7804/3908/1341 7806/3909/1342 7805/667/1342 7803/646/1341
f 7806/3909/1342 7808/3910/1343 7807/681/1343 7805/667/1342
f 7808/3910/1343 7810/1664/1344 7809/149/1344 7807/681/1343
f 7810/1664/1344 7812/3911/1345 7811/698/1345 7809/149/1344
f 7812/3911/1345 7814/3912/1346 7813/704/1346 7811/698/1345
f 7814/3912/1346 7816/3913/1347 7815/712/1347 7813/704/1346
f 7816/3913/1347 7818/3914/1348 7817/705/1348 7815/712/1347
f 7818/3914/1348 7820/1715/1349 7819/693/1349 7817/705/1348
f 7820/1715/1349 7822/3915/1350 7821/472/1350 7819/693/1349
f 7822/3915/1350 7824/3916/1351 7823/671/1351 7821/472/1350
f 7824/3916/1351 7826/3917/1352 7825/661/1352 7823/671/1351
f 7826/3917/1352 7828/3918/1353 7827/653/1353 7825/661/1352
f 7828/3918/1353 7830/1766/1354 7829/659/1354 7827/653/1353
f 7830/1766/1354 7832/3919/1355 7831/673/1355 7829/659/1354
f 7832/3919/1355 7834/3920/1356 7833/689/1356 7831/673/1355
f 7834/3920/1356 7836/3921/1357 7835/717/1357 7833/689/1356
f 7836/3921/1357 7838/3922/1358 7837/723/1358 7835/717/1357
f 7838/3922/1358 7840/1817/1359 7839/730/1359 7837/723/1358
f 7840/1817/1359 7842/3923/1360 7841/571/1360 7839/730/1359
f 7842/3923/1360 7844/3924/1361 7843/563/1361 7841/571/1360
f 7844/3924/1361 7846/3925/1362 7845/251/1362 7843/563/1361
f 7846/3925/1362 7848/3926/1363 7847/560/1363 7845/251/1362
f 7848/3926/1363 7850/1868/1364 7849/570/1364 7847/560/1363
f 7850/1868/1364 7852/3927/1365 7851/579/1365 7849/570/1364
f 7852/3927/1365 7854/3928/1366 7853/593/1366 7851/579/1365
f 7854/3928/1366 7856/3929/1367 7855/606/1367 7853/593/1366
f 7856/3929/1367 7858/3930/1368 7857/625/1368 7855/606/1367
f 7858/3930/1368 7860/1919/1369 7859/627/1369 7857/625/1368
f 7860/1919/1369 7862/3931/1370 7861/619/1370 7859/627/1369
f 7862/3931/1370 7864/3932/678 7863/610/678 7861/619/1370
f 7864/3932/678 7866/3933/1371 7865/599/1371 7863/610/678
f 7866/3933/1371 7868/3934/1372 7867/589/1372 7865/599/1371
f 7868/3934/1372 7750/1970/1314 7749/66/1314 7867/589/1372
f 7870/1358/1373 7872/3935/1374 7871/3936/1374 7869/73/1373
f 7872/3935/1374 7874/3937/1375 7873/3938/1375 7871/3936/1374
f 7874/3937/1375 7876/3939/1376 7875/3940/1376 7873/3938/1375
f 7876/3939/1376 7878/3941/1377 7877/3942/1377 7875/3940/1376
f 7878/3941/1377 7880/3887/1378 7879/738/1378 7877/3942/1377
f 7880/3887/1378 7882/3943/1379 7881/3944/1379 7879/738/1378
f 7882/3943/1379 7884/3945/1380 7883/3946/1380 7881/3944/1379
f 7884/3945/1380 7886/3947/1381 7885/3948/1381 7883/3946/1380
f 7886/3947/1381 7888/3949/1382 7887/3950/1382 7885/3948/1381
f 7888/3949/1382 7890/3888/1383 7889/745/1383 7887/3950/1382
f 7890/3888/1383 7892/3951/1384 7891/3952/1384 7889/745/1383
f 7892/3951/1384 7894/3953/1385 7893/3954/1385 7891/3952/1384
f 7894/3953/1385 7896/3955/1386 7895/3956/1386 7893/3954/1385
f 7896/3955/1386 7898/3957/1387 7897/3958/1387 7895/3956/1386
f 7898/3957/1387 7900/3889/1388 7899/751/1388 7897/3958/1387
f 7900/3889/1388 7902/3959/1389 7901/3960/1389 7899/751/1388
f 7902/3959/1389 7904/3961/1390 7903/3962/1390 7901/3960/1389
f 7904/3961/1390 7906/3963/1391 7905/3964/1391 7903/3962/1390
f 7906/3963/1391 7908/3965/1392 7907/3966/1392 7905/3964/1391
f 7908/3965/1392 7910/3890/1393 7909/742/1393 7907/3966/1392
f 7910/3890/1393 7912/3967/1394 7911/3968/1394 7909/742/1393
f 7912/3967/1394 7914/3969/1395 7913/3970/1395 7911/3968/1394
f 7914/3969/1395 7916/3971/1396 7915/3972/1396 7913/3970/1395
f 7916/3971/1396 7918/3973/1397 7917/3974/1397 7915/3972/1396
f 7918/3973/1397 7920/1409/1398 7919/732/1398 7917/3974/1397
f 7920/1409/1398 7922/3975/1399 7921/3976/1399 7919/732/1398
f 7922/3975/1399 7924/3977/1400 7923/3978/1400 7921/3976/1399
f 7924/3977/1400 7926/3979/1401 7925/3980/1401 7923/3978/1400
f 7926/3979/1401 7928/3981/1402 7927/3982/1402 7925/3980/1401
f 7928/3981/1402 7930/3891/1403 7929/724/1403 7927/3982/1402
f 7930/3891/1403 7932/3983/1404 7931/3984/1404 7929/724/1403
f 7932/3983/1404 7934/3985/1405 7933/3986/1405 7931/3984/1404
f 7934/3985/1405 7936/3987/1406 7935/3988/1406 7933/3986/1405
f 7936/3987/1406 7938/3989/1407 7937/3990/1407 7935/3988/1406
f 7938/3989/1407 7940/3892/1408 7939/714/1408 7937/3990/1407
f 7940/3892/1408 7942/3991/1409 7941/3992/1409 7939/714/1408
f 7942/3991/1409 7944/3993/1410 7943/3994/1410 7941/3992/1409
f 7944/3993/1410 7946/3995/1411 7945/3996/1411 7943/3994/1410
f 7946/3995/1411 7948/3997/1412 7947/3998/1412 7945/3996/1411
f 7948/3997/1412 7950/3893/1413 7949/651/1413 7947/3998/1412
f 7950/3893/1413 7952/3999/1414 7951/4000/1414 7949/651/1413
f 7952/3999/1414 7954/4001/1415 7953/4002/1415 7951/4000/1414
f 7954/4001/1415 7956/4003/1416 7955/4004/1416 7953/4002/1415
f 7956/4003/1416 7958/4005/1417 7957/4006/1417 7955/4004/1416
f 7958/4005/1417 7960/3894/1418 7959/645/1418 7957/4006/1417
f 7960/3894/1418 7962/4007/1419 7961/4008/1419 7959/645/1418
f 7962/4007/1419 7964/4009/1420 7963/4010/1420 7961/4008/1419
f 7964/4009/1420 7966/4011/1421 7965/4012/1421 7963/4010/1420
f 7966/4011/1421 7968/4013/1422 7967/4014/1422 7965/4012/1421
f 7968/4013/1422 7970/1460/1423 7969/618/1423 7967/4014/1422
f 7970/1460/1423 7972/4015/1424 7971/4016/1424 7969/618/1423
f 7972/4015/1424 7974/4017/1425 7973/4018/1425 7971/4016/1424
f 7974/4017/1425 7976/4019/1426 7975/4020/1426 7973/4018/1425
f 7976/4019/1426 7978/4021/1427 7977/4022/1427 7975/4020/1426
f 7978/4021/1427 7980/3895/971 7979/581/971 7977/4022/1427
f 7980/3895/971 7982/4023/1428 7981/4024/1428 7979/581/971
f 7982/4023/1428 7984/4025/1429 7983/4026/1429 7981/4024/1428
f 7984/4025/1429 7986/4027/1430 7985/4028/1430 7983/4026/1429
f 7986/4027/1430 7988/4029/1431 7987/4030/1431 7985/4028/1430
f 7988/4029/1431 7990/3896/1432 7989/375/1432 7987/4030/1431
f 7990/3896/1432 7992/4031/1433 7991/4032/1433 7989/375/1432
f 7992/4031/1433 7994/4033/1434 7993/4034/1434 7991/4032/1433
f 7994/4033/1434 7996/4035/1435 7995/4036/1435 7993/4034/1434
f 7996/4035/1435 7998/4037/905 7997/4038/905 7995/4036/1435
f 7998/4037/905 8000/3897/1436 7999/539/1436 7997/4038/905
f 8000/3897/1436 8002/4039/1437 8001/4040/1437 7999/539/1436
f 8002/4039/1437 8004/4041/1438 8003/4042/1438 8001/4040/1437
f 8004/4041/1438 8006/4043/1439 8005/4044/1439 8003/4042/1438
f 8006/4043/1439 8008/4045/1440 8007/4046/1440 8005/4044/1439
f 8008/4045/1440 8010/3898/1441 8009/528/1441 8007/4046/1440
f 8010/3898/1441 8012/4047/1442 8011/4048/1442 8009/528/1441
f 8012/4047/1442 8014/4049/1443 8013/4050/1443 8011/4048/1442
f 8014/4049/1443 8016/4051/1444 8015/4052/1444 8013/4050/1443
f 8016/4051/1444 8018/4053/1445 8017/4054/1445 8015/4052/1444
f 8018/4053/1445 8020/1511/1446 8019/520/1446 8017/4054/1445
f 8020/1511/1446 8022/4055/1447 8021/4056/1447 8019/520/1446
f 8022/4055/1447 8024/4057/1448 8023/4058/1448 8021/4056/1447
f 8024/4057/1448 8026/4059/1449 8025/4060/1449 8023/4058/1448
f 8026/4059/1449 8028/4061/1450 8027/4062/1450 8025/4060/1449
f 8028/4061/1450 8030/3899/1451 8029/524/1451 8027/4062/1450
f 8030/3899/1451 8032/4063/1452 8031/4064/1452 8029/524/1451
f 8032/4063/1452 8034/4065/1453 8033/4066/1453 8031/4064/1452
f 8034/4065/1453 8036/4067/1454 8035/4068/1454 8033/4066/1453
f 8036/4067/1454 8038/4069/1455 8037/4070/1455 8035/4068/1454
f 8038/4069/1455 8040/3900/1456 8039/530/1456 8037/4070/1455
f 8040/3900/1456 8042/4071/1457 8041/4072/1457 8039/530/1456
f 8042/4071/1457 8044/4073/1458 8043/4074/1458 8041/4072/1457
f 8044/4073/1458 8046/4075/1459 8045/4076/1459 8043/4074/1458
f 8046/4075/1459 8048/4077/1460 8047/4078/1460 8045/4076/1459
f 8048/4077/1460 8050/3901/1461 8049/536/1461 8047/4078/1460
f 8050/3901/1461 8052/4079/1462 8051/4080/1462 8049/536/1461
f 8052/4079/1462 8054/4081/1463 8053/4082/1463 8051/4080/1462
f 8054/4081/1463 8056/4083/1464 8055/4084/1464 8053/4082/1463
f 8056/4083/1464 8058/4085/1465 8057/4086/1465 8055/4084/1464
f 8058/4085/1465 8060/3902/1466 8059/543/1466 8057/4086/1465
f 8060/3902/1466 8062/4087/1467 8061/4088/1467 8059/543/1466
f 8062/4087/1467 8064/4089/1468 8063/4090/1468 8061/4088/1467
f 8064/4089/1468 8066/4091/1469 8065/4092/1469 8063/4090/1468
f 8066/4091/1469 8068/4093/1470 8067/4094/1470 8065/4092/1469
f 8068/4093/1470 8070/1562/1471 8069/549/1471 8067/4094/1470
f 8070/1562/1471 8072/4095/1472 8071/4096/1472 8069/549/1471
f 8072/4095/1472 8074/4097/1473 8073/4098/1473 8071/4096/1472
f 8074/4097/1473 8076/4099/1474 8075/4100/1474 8073/4098/1473
f 8076/4099/1474 8078/4101/1475 8077/4102/1475 8075/4100/1474
f 8078/4101/1475 8080/3903/1476 8079/572/1476 8077/4102/1475
f 8080/3903/1476 8082/4103/1477 8081/4104/1477 8079/572/1476
f 8082/4103/1477 8084/4105/1478 8083/4106/1478 8081/4104/1477
f 8084/4105/1478 8086/4107/1479 8085/4108/1479 8083/4106/1478
f 8086/4107/1479 8088/4109/1480 8087/4110/1480 8085/4108/1479
f 8088/4109/1480 8090/3904/1481 8089/596/1481 8087/4110/1480
f 8090/3904/1481 8092/4111/1482 8091/4112/1482 8089/596/1481
f 8092/4111/1482 8094/4113/1483 8093/4114/1483 8091/4112/1482
f 8094/4113/1483 8096/4115/1484 8095/4116/1484 8093/4114/1483
f 8096/4115/1484 8098/4117/1485 8097/4118/1485 8095/4116/1484
f 8098/4117/1485 8100/3905/1486 8099/613/1486 8097/4118/1485
f 8100/3905/1486 8102/4119/1487 8101/4120/1487 8099/613/1486
f 8102/4119/1487 8104/4121/1488 8103/4122/1488 8101/4120/1487
f 8104/4121/1488 8106/4123/1489 8105/4124/1489 8103/4122/1488
f 8106/4123/1489 8108/4125/1490 8107/4126/1490 8105/4124/1489
f 8108/4125/1490 8110/3906/1491 8109/273/1491 8107/4126/1490
f 8110/3906/1491 8112/4127/1492 8111/4128/1492 8109/273/1491
f 8112/4127/1492 8114/4129/1493 8113/4130/1493 8111/4128/1492
f 8114/4129/1493 8116/4131/1494 8115/4132/1494 8113/4130/1493
f 8116/4131/1494 8118/4133/1495 8117/4134/1495 8115/4132/1494
f 8118/4133/1495 8120/1613/1496 8119/636/1496 8117/4134/1495
f 8120/1613/1496 8122/4135/1497 8121/4136/1497 8119/636/1496
f 8122/4135/1497 8124/4137/1498 8123/4138/1498 8121/4136/1497
f 8124/4137/1498 8126/4139/1499 8125/4140/1499 8123/4138/1498
f 8126/4139/1499 8128/4141/1500 8127/4142/1500 8125/4140/1499
f 8128/4141/1500 8130/3907/1501 8129/640/1501 8127/4142/1500
f 8130/3907/1501 8132/4143/1502 8131/4144/1502 8129/640/1501
f 8132/4143/1502 8134/4145/1113 8133/4146/1113 8131/4144/1502
f 8134/4145/1113 8136/4147/1503 8135/4148/1503 8133/4146/1113
f 8136/4147/1503 8138/4149/1504 8137/4150/1504 8135/4148/1503
f 8138/4149/1504 8140/3908/1505 8139/646/1505 8137/4150/1504
f 8140/3908/1505 8142/4151/1506 8141/4152/1506 8139/646/1505
f 8142/4151/1506 8144/4153/1507 8143/4154/1507 8141/4152/1506
f 8144/4153/1507 8146/4155/1508 8145/4156/1508 8143/4154/1507
f 8146/4155/1508 8148/4157/1509 8147/4158/1509 8145/4156/1508
f 8148/4157/1509 8150/3909/1510 8149/667/1510 8147/4158/1509
f 8150/3909/1510 8152/4159/1511 8151/4160/1511 8149/667/1510
f 8152/4159/1511 8154/4161/1512 8153/4162/1512 8151/4160/1511
f 8154/4161/1512 8156/4163/1513 8155/4164/1513 8153/4162/1512
f 8156/4163/1513 8158/4165/1514 8157/4166/1514 8155/4164/1513
f 8158/4165/1514 8160/3910/1515 8159/681/1515 8157/4166/1514
f 8160/3910/1515 8162/4167/1516 8161/4168/1516 8159/681/1515
f 8162/4167/1516 8164/4169/1517 8163/4170/1517 8161/4168/1516
f 8164/4169/1517 8166/4171/1518 8165/4172/1518 8163/4170/1517
f 8166/4171/1518 8168/4173/1519 8167/4174/1519 8165/4172/1518
f 8168/4173/1519 8170/1664/1520 8169/149/1520 8167/4174/1519
f 8170/1664/1520 8172/4175/1521 8171/4176/1521 8169/149/1520
f 8172/4175/1521 8174/4177/1522 8173/4178/1522 8171/4176/1521
f 8174/4177/1522 8176/4179/1523 8175/4180/1523 8173/4178/1522
f 8176/4179/1523 8178/4181/1524 8177/4182/1524 8175/4180/1523
f 8178/4181/1524 8180/3911/1525 8179/698/1525 8177/4182/1524
f 8180/3911/1525 8182/4183/1526 8181/4184/1526 8179/698/1525
f 8182/4183/1526 8184/4185/1527 8183/4186/1527 8181/4184/1526
f 8184/4185/1527 8186/4187/1528 8185/4188/1528 8183/4186/1527
f 8186/4187/1528 8188/4189/1529 8187/4190/1529 8185/4188/1528
f 8188/4189/1529 8190/3912/1530 8189/704/1530 8187/4190/1529
f 8190/3912/1530 8192/4191/1531 8191/4192/1531 8189/704/1530
f 8192/4191/1531 8194/4193/1532 8193/4194/1532 8191/4192/1531
f 8194/4193/1532 8196/4195/1533 8195/4196/1533 8193/4194/1532
f 8196/4195/1533 8198/4197/1534 8197/4198/1534 8195/4196/1533
f 8198/4197/1534 8200/3913/1535 8199/712/1535 8197/4198/1534
f 8200/3913/1535 8202/4199/1536 8201/4200/1536 8199/712/1535
f 8202/4199/1536 8204/4201/1537 8203/4202/1537 8201/4200/1536
f 8204/4201/1537 8206/4203/1538 8205/4204/1538 8203/4202/1537
f 8206/4203/1538 8208/4205/1539 8207/4206/1539 8205/4204/1538
f 8208/4205/1539 8210/3914/1540 8209/705/1540 8207/4206/1539
f 8210/3914/1540 8212/4207/1541 8211/4208/1541 8209/705/1540
f 8212/4207/1541 8214/4209/1542 8213/4210/1542 8211/4208/1541
f 8214/4209/1542 8216/4211/1543 8215/4212/1543 8213/4210/1542
f 8216/4211/1543 8218/4213/1544 8217/4214/1544 8215/4212/1543
f 8218/4213/1544 8220/1715/1545 8219/693/1545 8217/4214/1544
f 8220/1715/1545 8222/4215/1546 8221/4216/1546 8219/693/1545
f 8222/4215/1546 8224/4217/1547 8223/4218/1547 8221/4216/1546
f 8224/4217/1547 8226/4219/615 8225/4220/615 8223/4218/1547
f 8226/4219/615 8228/4221/1548 8227/4222/1548 8225/4220/615
f 8228/4221/1548 8230/3915/1549 8229/472/1549 8227/4222/1548
f 8230/3915/1549 8232/4223/1550 8231/4224/1550 8229/472/1549
f 8232/4223/1550 8234/4225/1551 8233/4226/1551 8231/4224/1550
f 8234/4225/1551 8236/4227/1552 8235/4228/1552 8233/4226/1551
f 8236/4227/1552 8238/4229/1553 8237/4230/1553 8235/4228/1552
f 8238/4229/1553 8240/3916/1554 8239/671/1554 8237/4230/1553
f 8240/3916/1554 8242/4231/1555 8241/4232/1555 8239/671/1554
f 8242/4231/1555 8244/4233/1556 8243/4234/1556 8241/4232/1555
f 8244/4233/1556 8246/4235/1557 8245/4236/1557 8243/4234/1556
f 8246/4235/1557 8248/4237/1558 8247/4238/1558 8245/4236/1557
f 8248/4237/1558 8250/3917/1559 8249/661/1559 8247/4238/1558
f 8250/3917/1559 8252/4239/1560 8251/4240/1560 8249/661/1559
f 8252/4239/1560 8254/4241/1561 8253/4242/1561 8251/4240/1560
f 8254/4241/1561 8256/4243/1562 8255/4244/1562 8253/4242/1561
f 8256/4243/1562 8258/4245/1563 8257/4246/1563 8255/4244/1562
f 8258/4245/1563 8260/3918/1564 8259/653/1564 8257/4246/1563
f 8260/3918/1564 8262/4247/1565 8261/4248/1565 8259/653/1564
f 8262/4247/1565 8264/4249/1566 8263/4250/1566 8261/4248/1565
f 8264/4249/1566 8266/4251/1567 8265/4252/1567 8263/4250/1566
f 8266/4251/1567 8268/4253/1568 8267/4254/1568 8265/4252/1567
f 8268/4253/1568 8270/1766/1569 8269/659/1569 8267/4254/1568
f 8270/1766/1569 8272/4255/1570 8271/4256/1570 8269/659/1569
f 8272/4255/1570 8274/4257/1571 8273/4258/1571 8271/4256/1570
f 8274/4257/1571 8276/4259/1572 8275/4260/1572 8273/4258/1571
f 8276/4259/1572 8278/4261/1573 8277/4262/1573 8275/4260/1572
f 8278/4261/1573 8280/3919/1574 8279/673/1574 8277/4262/1573
f 8280/3919/1574 8282/4263/1575 8281/4264/1575 8279/673/1574
f 8282/4263/1575 8284/4265/1576 8283/4266/1576 8281/4264/1575
f 8284/4265/1576 8286/4267/1577 8285/4268/1577 8283/4266/1576
f 8286/4267/1577 8288/4269/1578 8287/4270/1578 8285/4268/1577
f 8288/4269/1578 8290/3920/1579 8289/689/1579 8287/4270/1578
f 8290/3920/1579 8292/4271/1580 8291/4272/1580 8289/689/1579
f 8292/4271/1580 8294/4273/1581 8293/4274/1581 8291/4272/1580
f 8294/4273/1581 8296/4275/1582 8295/4276/1582 8293/4274/1581
f 8296/4275/1582 8298/4277/1583 8297/4278/1583 8295/4276/1582
f 8298/4277/1583 8300/3921/1584 8299/717/1584 8297/4278/1583
f 8300/3921/1584 8302/4279/1585 8301/4280/1585 8299/717/1584
f 8302/4279/1585 8304/4281/1586 8303/4282/1586 8301/4280/1585
f 8304/4281/1586 8306/4283/1587 8305/4284/1587 8303/4282/1586
f 8306/4283/1587 8308/4285/1588 8307/4286/1588 8305/4284/1587
f 8308/4285/1588 8310/3922/1589 8309/723/1589 8307/4286/1588
f 8310/3922/1589 8312/4287/1590 8311/4288/1590 8309/723/1589
f 8312/4287/1590 8314/4289/1591 8313/4290/1591 8311/4288/1590
f 8314/4289/1591 8316/4291/1592 8315/4292/1592 8313/4290/1591
f 8316/4291/1592 8318/4293/1593 8317/4294/1593 8315/4292/1592
f 8318/4293/1593 8320/1817/1594 8319/730/1594 8317/4294/1593
f 8320/1817/1594 8322/4295/1595 8321/4296/1595 8319/730/1594
f 8322/4295/1595 8324/4297/1596 8323/4298/1596 8321/4296/1595
f 8324/4297/1596 8326/4299/1597 8325/4300/1597 8323/4298/1596
f 8326/4299/1597 8328/4301/1598 8327/4302/1598 8325/4300/1597
f 8328/4301/1598 8330/3923/1599 8329/571/1599 8327/4302/1598
f 8330/3923/1599 8332/4303/1600 8331/4304/1600 8329/571/1599
f 8332/4303/1600 8334/4305/1601 8333/4306/1601 8331/4304/1600
f 8334/4305/1601 8336/4307/1602 8335/4308/1602 8333/4306/1601
f 8336/4307/1602 8338/4309/233 8337/4310/233 8335/4308/1602
f 8338/4309/233 8340/3924/1603 8339/563/1603 8337/4310/233
f 8340/3924/1603 8342/4311/1604 8341/4312/1604 8339/563/1603
f 8342/4311/1604 8344/4313/1605 8343/4314/1605 8341/4312/1604
f 8344/4313/1605 8346/4315/1606 8345/4316/1606 8343/4314/1605
f 8346/4315/1606 8348/4317/1607 8347/4318/1607 8345/4316/1606
f 8348/4317/1607 8350/3925/1608 8349/251/1608 8347/4318/1607
f 8350/3925/1608 8352/4319/1609 8351/4320/1609 8349/251/1608
f 8352/4319/1609 8354/4321/1610 8353/4322/1610 8351/4320/1609
f 8354/4321/1610 8356/4323/1611 8355/4324/1611 8353/4322/1610
f 8356/4323/1611 8358/4325/1612 8357/4326/1612 8355/4324/1611
f 8358/4325/1612 8360/3926/1613 8359/560/1613 8357/4326/1612
f 8360/3926/1613 8362/4327/1614 8361/4328/1614 8359/560/1613
f 8362/4327/1614 8364/4329/1615 8363/4330/1615 8361/4328/1614
f 8364/4329/1615 8366/4331/1616 8365/4332/1616 8363/4330/1615
f 8366/4331/1616 8368/4333/1617 8367/4334/1617 8365/4332/1616
f 8368/4333/1617 8370/1868/1618 8369/570/1618 8367/4334/1617
f 8370/1868/1618 8372/4335/1619 8371/4336/1619 8369/570/1618
f 8372/4335/1619 8374/4337/1620 8373/4338/1620 8371/4336/1619
f 8374/4337/1620 8376/4339/1621 8375/4340/1621 8373/4338/1620
f 8376/4339/1621 8378/4341/1622 8377/4342/1622 8375/4340/1621
f 8378/4341/1622 8380/3927/1623 8379/579/1623 8377/4342/1622
f 8380/3927/1623 8382/4343/1624 8381/4344/1624 8379/579/1623
f 8382/4343/1624 8384/4345/1625 8383/4346/1625 8381/4344/1624
f 8384/4345/1625 8386/4347/1626 8385/4348/1626 8383/4346/1625
f 8386/4347/1626 8388/4349/1627 8387/4350/1627 8385/4348/1626
f 8388/4349/1627 8390/3928/1628 8389/593/1628 8387/4350/1627
f 8390/3928/1628 8392/4351/1629 8391/4352/1629 8389/593/1628
f 8392/4351/1629 8394/4353/1630 8393/4354/1630 8391/4352/1629
f 8394/4353/1630 8396/4355/1631 8395/4356/1631 8393/4354/1630
f 8396/4355/1631 8398/4357/1632 8397/4358/1632 8395/4356/1631
f 8398/4357/1632 8400/3929/1633 8399/606/1633 8397/4358/1632
f 8400/3929/1633 8402/4359/1634 8401/4360/1634 8399/606/1633
f 8402/4359/1634 8404/4361/1635 8403/4362/1635 8401/4360/1634
f 8404/4361/1635 8406/4363/1636 8405/4364/1636 8403/4362/1635
f 8406/4363/1636 8408/4365/1637 8407/4366/1637 8405/4364/1636
f 8408/4365/1637 8410/3930/1638 8409/625/1638 8407/4366/1637
f 8410/3930/1638 8412/4367/1454 8411/4368/1454 8409/625/1638
f 8412/4367/1454 8414/4369/1639 8413/4370/1639 8411/4368/1454
f 8414/4369/1639 8416/4371/1640 8415/4372/1640 8413/4370/1639
f 8416/4371/1640 8418/4373/1641 8417/4374/1641 8415/4372/1640
f 8418/4373/1641 8420/1919/1642 8419/627/1642 8417/4374/1641
f 8420/1919/1642 8422/4375/1643 8421/4376/1643 8419/627/1642
f 8422/4375/1643 8424/4377/1644 8423/4378/1644 8421/4376/1643
f 8424/4377/1644 8426/4379/1645 8425/4380/1645 8423/4378/1644
f 8426/4379/1645 8428/4381/1646 8427/4382/1646 8425/4380/1645
f 8428/4381/1646 8430/3931/1647 8429/619/1647 8427/4382/1646
f 8430/3931/1647 8432/4383/1648 8431/4384/1648 8429/619/1647
f 8432/4383/1648 8434/4385/1649 8433/4386/1649 8431/4384/1648
f 8434/4385/1649 8436/4387/1650 8435/4388/1650 8433/4386/1649
f 8436/4387/1650 8438/4389/212 8437/4390/212 8435/4388/1650
f 8438/4389/212 8440/3932/1651 8439/610/1651 8437/4390/212
f 8440/3932/1651 8442/4391/1652 8441/4392/1652 8439/610/1651
f 8442/4391/1652 8444/4393/1653 8443/4394/1653 8441/4392/1652
f 8444/4393/1653 8446/4395/1654 8445/4396/1654 8443/4394/1653
f 8446/4395/1654 8448/4397/1655 8447/4398/1655 8445/4396/1654
f 8448/4397/1655 8450/3933/1656 8449/599/1656 8447/4398/1655
f 8450/3933/1656 8452/4399/1657 8451/4400/1657 8449/599/1656
f 8452/4399/1657 8454/4401/1658 8453/4402/1658 8451/4400/1657
f 8454/4401/1658 8456/4403/1659 8455/4404/1659 8453/4402/1658
f 8456/4403/1659 8458/4405/1660 8457/4406/1660 8455/4404/1659
f 8458/4405/1660 8460/3934/1661 8459/589/1661 8457/4406/1660
f 8460/3934/1661 8462/4407/1662 8461/4408/1662 8459/589/1661
f 8462/4407/1662 8464/4409/1663 8463/4410/1663 8461/4408/1662
f 8464/4409/1663 8466/4411/1664 8465/4412/1664 8463/4410/1663
f 8466/4411/1664 8468/4413/1665 8467/4414/1665 8465/4412/1664
f 8468/4413/1665 7870/1970/1373 7869/66/1373 8467/4414/1665
f 8470/1358/1666 8472/4415/1667 8471/4416/1667 8469/73/1666
f 8472/4415/1667 8474/4417/1668 8473/4418/1668 8471/4416/1667
f 8474/4417/1668 8476/4419/1669 8475/4420/1669 8473/4418/1668
f 8476/4419/1669 8478/4421/1670 8477/4422/1670 8475/4420/1669
f 8478/4421/1670 8480/4423/1671 8479/4424/1671 8477/4422/1670
f 8480/4423/1671 8482/4425/1672 8481/4426/1672 8479/4424/1671
f 8482/4425/1672 8484/4427/1673 8483/4428/1673 8481/4426/1672
f 8484/4427/1673 8486/4429/1674 8485/4430/1674 8483/4428/1673
f 8486/4429/1674 8488/4431/1675 8487/4432/1675 8485/4430/1674
f 8488/4431/1675 8490/4433/1676 8489/4434/1676 8487/4432/1675
f 8490/4433/1676 8492/4435/1677 8491/4436/1677 8489/4434/1676
f 8492/4435/1677 8494/4437/1678 8493/4438/1678 8491/4436/1677
f 8494/4437/1678 8496/4439/1679 8495/4440/1679 8493/4438/1678
f 8496/4439/1679 8498/4441/921 8497/4442/921 8495/4440/1679
f 8498/4441/921 8500/4443/922 8499/4444/922 8497/4442/921
f 8500/4443/922 8502/4445/923 8501/4446/923 8499/4444/922
f 8502/4445/923 8504/4447/924 8503/4448/924 8501/4446/923
f 8504/4447/924 8506/4449/925 8505/4450/925 8503/4448/924
f 8506/4449/925 8508/4451/926 8507/4452/926 8505/4450/925
f 8508/4451/926 8510/4453/927 8509/4454/927 8507/4452/926
f 8510/4453/927 8512/4455/928 8511/4456/928 8509/4454/927
f 8512/4455/928 8514/4457/929 8513/4458/929 8511/4456/928
f 8514/4457/929 8516/4459/930 8515/4460/930 8513/4458/929
f 8516/4459/930 8518/4461/931 8517/4462/931 8515/4460/930
f 8518/4461/931 8520/4463/1680 8519/4464/1680 8517/4462/931
f 8520/4463/1680 8522/4465/1681 8521/4466/1681 8519/4464/1680
f 8522/4465/1681 8524/4467/1682 8523/4468/1682 8521/4466/1681
f 8524/4467/1682 8526/4469/1683 8525/4470/1683 8523/4468/1682
f 8526/4469/1683 8528/4471/1684 8527/4472/1684 8525/4470/1683
f 8528/4471/1684 8530/4473/1685 8529/4474/1685 8527/4472/1684
f 8530/4473/1685 8532/4475/1686 8531/4476/1686 8529/4474/1685
f 8532/4475/1686 8534/4477/1687 8533/4478/1687 8531/4476/1686
f 8534/4477/1687 8536/4479/420 8535/4480/420 8533/4478/1687
f 8536/4479/420 8538/4481/1688 8537/4482/1688 8535/4480/420
f 8538/4481/1688 8540/4483/1689 8539/4484/1689 8537/4482/1688
f 8540/4483/1689 8542/4485/1690 8541/4486/1690 8539/4484/1689
f 8542/4485/1690 8544/4487/1691 8543/4488/1691 8541/4486/1690
f 8544/4487/1691 8546/4489/1692 8545/4490/1692 8543/4488/1691
f 8546/4489/1692 8548/4491/1693 8547/4492/1693 8545/4490/1692
f 8548/4491/1693 8550/4493/1694 8549/4494/1694 8547/4492/1693
f 8550/4493/1694 8552/4495/1695 8551/4496/1695 8549/4494/1694
f 8552/4495/1695 8554/4497/1097 8553/4498/1097 8551/4496/1695
f 8554/4497/1097 8556/1664/1696 8555/149/1696 8553/4498/1097
f 8556/1664/1696 8558/4499/1697 8557/4500/1697 8555/149/1696
f 8558/4499/1697 8560/4501/1698 8559/4502/1698 8557/4500/1697
f 8560/4501/1698 8562/4503/1699 8561/4504/1699 8559/4502/1698
f 8562/4503/1699 8564/4505/1700 8563/4506/1700 8561/4504/1699
f 8564/4505/1700 8566/4507/1701 8565/4508/1701 8563/4506/1700
f 8566/4507/1701 8568/4509/1702 8567/4510/1702 8565/4508/1701
f 8568/4509/1702 8570/4511/1703 8569/4512/1703 8567/4510/1702
f 8570/4511/1703 8572/4513/1704 8571/4514/1704 8569/4512/1703
f 8572/4513/1704 8574/4515/1705 8573/4516/1705 8571/4514/1704
f 8574/4515/1705 8576/4517/1706 8575/4518/1706 8573/4516/1705
f 8576/4517/1706 8578/4519/1707 8577/4520/1707 8575/4518/1706
f 8578/4519/1707 8580/4521/1708 8579/4522/1708 8577/4520/1707
f 8580/4521/1708 8582/4523/1709 8581/4524/1709 8579/4522/1708
f 8582/4523/1709 8584/4525/1710 8583/4526/1710 8581/4524/1709
f 8584/4525/1710 8586/4527/1711 8585/4528/1711 8583/4526/1710
f 8586/4527/1711 8588/4529/1712 8587/4530/1712 8585/4528/1711
f 8588/4529/1712 8590/4531/1713 8589/4532/1713 8587/4530/1712
f 8590/4531/1713 8592/4533/1714 8591/4534/1714 8589/4532/1713
f 8592/4533/1714 8594/4535/1715 8593/4536/1715 8591/4534/1714
f 8594/4535/1715 8596/4537/1716 8595/4538/1716 8593/4536/1715
f 8596/4537/1716 8598/4539/1717 8597/4540/1717 8595/4538/1716
f 8598/4539/1717 8600/4541/1718 8599/4542/1718 8597/4540/1717
f 8600/4541/1718 8602/4543/1719 8601/4544/1719 8599/4542/1718
f 8602/4543/1719 8604/4545/1720 8603/4546/1720 8601/4544/1719
f 8604/4545/1720 8606/4547/1721 8605/4548/1721 8603/4546/1720
f 8606/4547/1721 8608/4549/1722 8607/4550/1722 8605/4548/1721
f 8608/4549/1722 8610/4551/1723 8609/4552/1723 8607/4550/1722
f 8610/4551/1723 8612/4553/1724 8611/4554/1724 8609/4552/1723
f 8612/4553/1724 8614/4555/1725 8613/4556/1725 8611/4554/1724
f 8614/4555/1725 8616/4557/1726 8615/4558/1726 8613/4556/1725
f 8616/4557/1726 8618/4559/1727 8617/4560/1727 8615/4558/1726
f 8618/4559/1727 8620/4561/1728 8619/4562/1728 8617/4560/1727
f 8620/4561/1728 8622/4563/1729 8621/4564/1729 8619/4562/1728
f 8622/4563/1729 8624/4565/1730 8623/4566/1730 8621/4564/1729
f 8624/4565/1730 8626/4567/1731 8625/4568/1731 8623/4566/1730
f 8626/4567/1731 8628/4569/1732 8627/4570/1732 8625/4568/1731
f 8628/4569/1732 8630/4571/1733 8629/4572/1733 8627/4570/1732
f 8630/4571/1733 8632/4573/1734 8631/4574/1734 8629/4572/1733
f 8632/4573/1734 8634/4575/1735 8633/4576/1735 8631/4574/1734
f 8634/4575/1735 8636/4577/1736 8635/4578/1736 8633/4576/1735
f 8636/4577/1736 8638/4579/1737 8637/4580/1737 8635/4578/1736
f 8638/4579/1737 8640/4581/1738 8639/4582/1738 8637/4580/1737
f 8640/4581/1738 8470/1970/1666 8469/66/1666 8639/4582/1738
f 8642/1358/1137 8644/3527/1138 8643/3528/1138 8641/73/1137
f 8644/3527/1138 8646/3529/1139 8645/3530/1139 8643/3528/1138
f 8646/3529/1139 8648/3531/1140 8647/3532/1140 8645/3530/1139
f 8648/3531/1140 8650/3533/1141 8649/3534/1141 8647/3532/1140
f 8650/3533/1141 8652/3535/1142 8651/3536/1142 8649/3534/1141
f 8652/3535/1142 8654/3537/1143 8653/3538/1143 8651/3536/1142
f 8654/3537/1143 8656/3539/1144 8655/3540/1144 8653/3538/1143
f 8656/3539/1144 8658/3541/1145 8657/3542/1145 8655/3540/1144
f 8658/3541/1145 8660/3543/1146 8659/3544/1146 8657/3542/1145
f 8660/3543/1146 8662/3545/1147 8661/3546/1147 8659/3544/1146
f 8662/3545/1147 8664/3547/1148 8663/3548/1148 8661/3546/1147
f 8664/3547/1148 8666/3549/1149 8665/3550/1149 8663/3548/1148
f 8666/3549/1149 8668/3551/1150 8667/3552/1150 8665/3550/1149
f 8668/3551/1150 8670/3553/1151 8669/3554/1151 8667/3552/1150
f 8670/3553/1151 8672/3555/1152 8671/3556/1152 8669/3554/1151
f 8672/3555/1152 8674/3557/1153 8673/3558/1153 8671/3556/1152
f 8674/3557/1153 8676/3559/1154 8675/3560/1154 8673/3558/1153
f 8676/3559/1154 8678/3561/1155 8677/3562/1155 8675/3560/1154
f 8678/3561/1155 8680/3563/1156 8679/3564/1156 8677/3562/1155
f 8680/3563/1156 8682/3565/1157 8681/3566/1157 8679/3564/1156
f 8682/3565/1157 8684/3567/1158 8683/3568/1158 8681/3566/1157
f 8684/3567/1158 8686/3569/1159 8685/3570/1159 8683/3568/1158
f 8686/3569/1159 8688/3571/1160 8687/3572/1160 8685/3570/1159
f 8688/3571/1160 8690/3573/1161 8689/3574/1161 8687/3572/1160
f 8690/3573/1161 8692/3575/1162 8691/3576/1162 8689/3574/1161
f 8692/3575/1162 8694/3577/1163 8693/3578/1163 8691/3576/1162
f 8694/3577/1163 8696/3579/1164 8695/3580/1164 8693/3578/1163
f 8696/3579/1164 8698/3581/1165 8697/3582/1165 8695/3580/1164
f 8698/3581/1165 8700/3583/1166 8699/3584/1166 8697/3582/1165
f 8700/3583/1166 8702/3585/1167 8701/3586/1167 8699/3584/1166
f 8702/3585/1167 8704/3587/1168 8703/3588/1168 8701/3586/1167
f 8704/3587/1168 8706/3589/1169 8705/3590/1169 8703/3588/1168
f 8706/3589/1169 8708/3591/1170 8707/3592/1170 8705/3590/1169
f 8708/3591/1170 8710/3593/1171 8709/3594/1171 8707/3592/1170
f 8710/3593/1171 8712/3595/949 8711/3596/949 8709/3594/1171
f 8712/3595/949 8714/3597/1739 8713/3598/1739 8711/3596/949
f 8714/3597/1739 8716/3599/1740 8715/3600/1740 8713/3598/1739
f 8716/3599/1740 8718/3601/1175 8717/3602/1175 8715/3600/1740
f 8718/3601/1175 8720/3603/1176 8719/3604/1176 8717/3602/1175
f 8720/3603/1176 8722/3605/1177 8721/3606/1177 8719/3604/1176
f 8722/3605/1177 8724/3607/1178 8723/3608/1178 8721/3606/1177
f 8724/3607/1178 8726/3609/1179 8725/3610/1179 8723/3608/1178
f 8726/3609/1179 8728/3611/1180 8727/3612/1180 8725/3610/1179
f 8728/3611/1180 8730/3613/1181 8729/3614/1181 8727/3612/1180
f 8730/3613/1181 8732/3615/1182 8731/3616/1182 8729/3614/1181
f 8732/3615/1182 8734/3617/1183 8733/3618/1183 8731/3616/1182
f 8734/3617/1183 8736/3619/1184 8735/3620/1184 8733/3618/1183
f 8736/3619/1184 8738/3621/1185 8737/3622/1185 8735/3620/1184
f 8738/3621/1185 8740/3623/1186 8739/3624/1186 8737/3622/1185
f 8740/3623/1186 8742/3625/1187 8741/3626/1187 8739/3624/1186
f 8742/3625/1187 8744/3627/1188 8743/3628/1188 8741/3626/1187
f 8744/3627/1188 8746/3629/1189 8745/3630/1189 8743/3628/1188
f 8746/3629/1189 8748/3631/1190 8747/3632/1190 8745/3630/1189
f 8748/3631/1190 8750/3633/1191 8749/3634/1191 8747/3632/1190
f 8750/3633/1191 8752/3635/1192 8751/3636/1192 8749/3634/1191
f 8752/3635/1192 8754/3637/1193 8753/3638/1193 8751/3636/1192
f 8754/3637/1193 8756/3639/1194 8755/3640/1194 8753/3638/1193
f 8756/3639/1194 8758/3641/1195 8757/3642/1195 8755/3640/1194
f 8758/3641/1195 8760/3643/1196 8759/3644/1196 8757/3642/1195
f 8760/3643/1196 8762/3645/1197 8761/3646/1197 8759/3644/1196
f 8762/3645/1197 8764/3647/1198 8763/3648/1198 8761/3646/1197
f 8764/3647/1198 8766/3649/1199 8765/3650/1199 8763/3648/1198
f 8766/3649/1199 8768/3651/1200 8767/3652/1200 8765/3650/1199
f 8768/3651/1200 8770/3653/1201 8769/3654/1201 8767/3652/1200
f 8770/3653/1201 8772/3655/1202 8771/3656/1202 8769/3654/1201
f 8772/3655/1202 8774/3657/1203 8773/3658/1203 8771/3656/1202
f 8774/3657/1203 8776/3659/1741 8775/3660/1741 8773/3658/1203
f 8776/3659/1741 8778/3661/1205 8777/3662/1205 8775/3660/1741
f 8778/3661/1205 8780/3663/1206 8779/3664/1206 8777/3662/1205
f 8780/3663/1206 8782/3665/1207 8781/3666/1207 8779/3664/1206
f 8782/3665/1207 8784/3667/1742 8783/3668/1742 8781/3666/1207
f 8784/3667/1742 8786/3669/1209 8785/3670/1209 8783/3668/1742
f 8786/3669/1209 8788/3671/1210 8787/3672/1210 8785/3670/1209
f 8788/3671/1210 8790/3673/1211 8789/3674/1211 8787/3672/1210
f 8790/3673/1211 8792/3675/1212 8791/3676/1212 8789/3674/1211
f 8792/3675/1212 8794/3677/1213 8793/3678/1213 8791/3676/1212
f 8794/3677/1213 8796/3679/1214 8795/3680/1214 8793/3678/1213
f 8796/3679/1214 8798/3681/1215 8797/3682/1215 8795/3680/1214
f 8798/3681/1215 8800/3683/1216 8799/3684/1216 8797/3682/1215
f 8800/3683/1216 8802/3685/1217 8801/3686/1217 8799/3684/1216
f 8802/3685/1217 8804/3687/1218 8803/3688/1218 8801/3686/1217
f 8804/3687/1218 8806/3689/1219 8805/3690/1219 8803/3688/1218
f 8806/3689/1219 8808/3691/891 8807/3692/891 8805/3690/1219
f 8808/3691/891 8810/3693/1220 8809/3694/1220 8807/3692/891
f 8810/3693/1220 8812/3695/1221 8811/3696/1221 8809/3694/1220
f 8812/3695/1221 8814/3697/1222 8813/3698/1222 8811/3696/1221
f 8814/3697/1222 8816/3699/1743 8815/3700/1743 8813/3698/1222
f 8816/3699/1743 8818/3701/1224 8817/3702/1224 8815/3700/1743
f 8818/3701/1224 8820/3703/1225 8819/3704/1225 8817/3702/1224
f 8820/3703/1225 8822/3705/1226 8821/3706/1226 8819/3704/1225
f 8822/3705/1226 8824/3707/1227 8823/3708/1227 8821/3706/1226
f 8824/3707/1227 8826/3709/1228 8825/3710/1228 8823/3708/1227
f 8826/3709/1228 8828/3711/1229 8827/3712/1229 8825/3710/1228
f 8828/3711/1229 8830/3713/1230 8829/3714/1230 8827/3712/1229
f 8830/3713/1230 8832/3715/1231 8831/3716/1231 8829/3714/1230
f 8832/3715/1231 8834/3717/1232 8833/3718/1232 8831/3716/1231
f 8834/3717/1232 8836/3719/1744 8835/3720/1744 8833/3718/1232
f 8836/3719/1744 8838/3721/864 8837/3722/864 8835/3720/1744
f 8838/3721/864 8840/3723/1234 8839/3724/1234 8837/3722/864
f 8840/3723/1234 8842/3725/1235 8841/3726/1235 8839/3724/1234
f 8842/3725/1235 8844/3727/1236 8843/3728/1236 8841/3726/1235
f 8844/3727/1236 8846/3729/1237 8845/3730/1237 8843/3728/1236
f 8846/3729/1237 8848/3731/1238 8847/3732/1238 8845/3730/1237
f 8848/3731/1238 8850/3733/1239 8849/3734/1239 8847/3732/1238
f 8850/3733/1239 8852/3735/1240 8851/3736/1240 8849/3734/1239
f 8852/3735/1240 8854/3737/1241 8853/3738/1241 8851/3736/1240
f 8854/3737/1241 8856/3739/1242 8855/3740/1242 8853/3738/1241
f 8856/3739/1242 8858/3741/1243 8857/3742/1243 8855/3740/1242
f 8858/3741/1243 8860/3743/1244 8859/3744/1244 8857/3742/1243
f 8860/3743/1244 8862/3745/1745 8861/3746/1745 8859/3744/1244
f 8862/3745/1745 8864/3747/1246 8863/3748/1246 8861/3746/1745
f 8864/3747/1246 8866/3749/1746 8865/3750/1746 8863/3748/1246
f 8866/3749/1746 8868/3751/1248 8867/3752/1248 8865/3750/1746
f 8868/3751/1248 8870/3753/1747 8869/3754/1747 8867/3752/1248
f 8870/3753/1747 8872/3755/1250 8871/3756/1250 8869/3754/1747
f 8872/3755/1250 8874/3757/1251 8873/3758/1251 8871/3756/1250
f 8874/3757/1251 8876/3759/1252 8875/3760/1252 8873/3758/1251
f 8876/3759/1252 8878/3761/1253 8877/3762/1253 8875/3760/1252
f 8878/3761/1253 8880/3763/655 8879/3764/655 8877/3762/1253
f 8880/3763/655 8882/3765/1254 8881/3766/1254 8879/3764/655
f 8882/3765/1254 8884/3767/1255 8883/3768/1255 8881/3766/1254
f 8884/3767/1255 8886/3769/1256 8885/3770/1256 8883/3768/1255
f 8886/3769/1256 8888/3771/1257 8887/3772/1257 8885/3770/1256
f 8888/3771/1257 8890/3773/1258 8889/3774/1258 8887/3772/1257
f 8890/3773/1258 8892/3775/1259 8891/3776/1259 8889/3774/1258
f 8892/3775/1259 8894/3777/1260 8893/3778/1260 8891/3776/1259
f 8894/3777/1260 8896/3779/1748 8895/3780/1748 8893/3778/1260
f 8896/3779/1748 8898/3781/1262 8897/3782/1262 8895/3780/1748
f 8898/3781/1262 8900/3783/117 8899/3784/117 8897/3782/1262
f 8900/3783/117 8902/3785/1263 8901/3786/1263 8899/3784/117
f 8902/3785/1263 8904/3787/1264 8903/3788/1264 8901/3786/1263
f 8904/3787/1264 8906/3789/1265 8905/3790/1265 8903/3788/1264
f 8906/3789/1265 8908/3791/1266 8907/3792/1266 8905/3790/1265
f 8908/3791/1266 8910/3793/1267 8909/3794/1267 8907/3792/1266
f 8910/3793/1267 8912/3795/1268 8911/3796/1268 8909/3794/1267
f 8912/3795/1268 8914/3797/1269 8913/3798/1269 8911/3796/1268
f 8914/3797/1269 8916/3799/1270 8915/3800/1270 8913/3798/1269
f 8916/3799/1270 8918/3801/1271 8917/3802/1271 8915/3800/1270
f 8918/3801/1271 8920/3803/1272 8919/3804/1272 8917/3802/1271
f 8920/3803/1272 8922/3805/1749 8921/3806/1749 8919/3804/1272
f 8922/3805/1749 8924/3807/1274 8923/3808/1274 8921/3806/1749
f 8924/3807/1274 8926/3809/1275 8925/3810/1275 8923/3808/1274
f 8926/3809/1275 8928/3811/1276 8927/3812/1276 8925/3810/1275
f 8928/3811/1276 8930/3813/1277 8929/3814/1277 8927/3812/1276
f 8930/3813/1277 8932/3815/1278 8931/3816/1278 8929/3814/1277
f 8932/3815/1278 8934/3817/1279 8933/3818/1279 8931/3816/1278
f 8934/3817/1279 8936/3819/1280 8935/3820/1280 8933/3818/1279
f 8936/3819/1280 8938/3821/1281 8937/3822/1281 8935/3820/1280
f 8938/3821/1281 8940/3823/1282 8939/3824/1282 8937/3822/1281
f 8940/3823/1282 8942/3825/1283 8941/3826/1283 8939/3824/1282
f 8942/3825/1283 8944/3827/1284 8943/3828/1284 8941/3826/1283
f 8944/3827/1284 8946/3829/1285 8945/3830/1285 8943/3828/1284
f 8946/3829/1285 8948/3831/1286 8947/3832/1286 8945/3830/1285
f 8948/3831/1286 8950/3833/1287 8949/3834/1287 8947/3832/1286
f 8950/3833/1287 8952/3835/1288 8951/3836/1288 8949/3834/1287
f 8952/3835/1288 8954/3837/1289 8953/3838/1289 8951/3836/1288
f 8954/3837/1289 8956/3839/1290 8955/3840/1290 8953/3838/1289
f 8956/3839/1290 8958/3841/1291 8957/3842/1291 8955/3840/1290
f 8958/3841/1291 8960/3843/1750 8959/3844/1750 8957/3842/1291
f 8960/3843/1750 8962/3845/1293 8961/3846/1293 8959/3844/1750
f 8962/3845/1293 8964/3847/1294 8963/3848/1294 8961/3846/1293
f 8964/3847/1294 8966/3849/1751 8965/3850/1751 8963/3848/1294
f 8966/3849/1751 8968/3851/1296 8967/3852/1296 8965/3850/1751
f 8968/3851/1296 8970/3853/1297 8969/3854/1297 8967/3852/1296
f 8970/3853/1297 8972/3855/1298 8971/3856/1298 8969/3854/1297
f 8972/3855/1298 8974/3857/1299 8973/3858/1299 8971/3856/1298
f 8974/3857/1299 8976/3859/1300 8975/3860/1300 8973/3858/1299
f 8976/3859/1300 8978/3861/1752 8977/3862/1752 8975/3860/1300
f 8978/3861/1752 8980/3863/1302 8979/3864/1302 8977/3862/1752
f 8980/3863/1302 8982/3865/1303 8981/3866/1303 8979/3864/1302
f 8982/3865/1303 8984/3867/1304 8983/3868/1304 8981/3866/1303
f 8984/3867/1304 8986/3869/1305 8985/3870/1305 8983/3868/1304
f 8986/3869/1305 8988/3871/1306 8987/3872/1306 8985/3870/1305
f 8988/3871/1306 8990/3873/1307 8989/3874/1307 8987/3872/1306
f 8990/3873/1307 8992/3875/1308 8991/3876/1308 8989/3874/1307
f 8992/3875/1308 8994/3877/1309 8993/3878/1309 8991/3876/1308
f 8994/3877/1309 8996/3879/1310 8995/3880/1310 8993/3878/1309
f 8996/3879/1310 8998/3881/1311 8997/3882/1311 8995/3880/1310
f 8998/3881/1311 9000/3883/1312 8999/3884/1312 8997/3882/1311
f 9000/3883/1312 9002/3885/1313 9001/3886/1313 8999/3884/1312
f 9002/3885/1313 8642/1970/1137 8641/66/1137 9001/3886/1313
f 9004/1358/1314 9006/3887/1315 9005/738/1315 9003/73/1314
f 9006/3887/1315 9008/3888/1316 9007/745/1316 9005/738/1315
f 9008/3888/1316 9010/3889/1317 9009/751/1317 9007/745/1316
f 9010/3889/1317 9012/3890/1318 9011/742/1318 9009/751/1317
f 9012/3890/1318 9014/1409/1319 9013/732/1319 9011/742/1318
f 9014/1409/1319 9016/3891/1753 9015/724/1753 9013/732/1319
f 9016/3891/1753 9018/3892/1321 9017/714/1321 9015/724/1753
f 9018/3892/1321 9020/3893/1322 9019/651/1322 9017/714/1321
f 9020/3893/1322 9022/3894/1323 9021/645/1323 9019/651/1322
f 9022/3894/1323 9024/1460/1324 9023/618/1324 9021/645/1323
f 9024/1460/1324 9026/3895/1325 9025/581/1325 9023/618/1324
f 9026/3895/1325 9028/3896/1326 9027/375/1326 9025/581/1325
f 9028/3896/1326 9030/3897/1327 9029/539/1327 9027/375/1326
f 9030/3897/1327 9032/3898/1328 9031/528/1328 9029/539/1327
f 9032/3898/1328 9034/1511/1329 9033/520/1329 9031/528/1328
f 9034/1511/1329 9036/3899/1330 9035/524/1330 9033/520/1329
f 9036/3899/1330 9038/3900/1331 9037/530/1331 9035/524/1330
f 9038/3900/1331 9040/3901/1332 9039/536/1332 9037/530/1331
f 9040/3901/1332 9042/3902/1333 9041/543/1333 9039/536/1332
f 9042/3902/1333 9044/1562/1334 9043/549/1334 9041/543/1333
f 9044/1562/1334 9046/3903/1335 9045/572/1335 9043/549/1334
f 9046/3903/1335 9048/3904/1336 9047/596/1336 9045/572/1335
f 9048/3904/1336 9050/3905/1754 9049/613/1754 9047/596/1336
f 9050/3905/1754 9052/3906/1755 9051/273/1755 9049/613/1754
f 9052/3906/1755 9054/1613/1339 9053/636/1339 9051/273/1755
f 9054/1613/1339 9056/3907/1340 9055/640/1340 9053/636/1339
f 9056/3907/1340 9058/3908/1341 9057/646/1341 9055/640/1340
f 9058/3908/1341 9060/3909/1342 9059/667/1342 9057/646/1341
f 9060/3909/1342 9062/3910/1343 9061/681/1343 9059/667/1342
f 9062/3910/1343 9064/1664/1344 9063/149/1344 9061/681/1343
f 9064/1664/1344 9066/3911/1345 9065/698/1345 9063/149/1344
f 9066/3911/1345 9068/3912/1346 9067/704/1346 9065/698/1345
f 9068/3912/1346 9070/3913/1347 9069/712/1347 9067/704/1346
f 9070/3913/1347 9072/3914/1756 9071/705/1756 9069/712/1347
f 9072/3914/1756 9074/1715/1757 9073/693/1757 9071/705/1756
f 9074/1715/1757 9076/3915/1350 9075/472/1350 9073/693/1757
f 9076/3915/1350 9078/3916/1351 9077/671/1351 9075/472/1350
f 9078/3916/1351 9080/3917/1758 9079/661/1758 9077/671/1351
f 9080/3917/1758 9082/3918/1353 9081/653/1353 9079/661/1758
f 9082/3918/1353 9084/1766/1354 9083/659/1354 9081/653/1353
f 9084/1766/1354 9086/3919/1355 9085/673/1355 9083/659/1354
f 9086/3919/1355 9088/3920/1356 9087/689/1356 9085/673/1355
f 9088/3920/1356 9090/3921/1357 9089/717/1357 9087/689/1356
f 9090/3921/1357 9092/3922/1358 9091/723/1358 9089/717/1357
f 9092/3922/1358 9094/1817/1359 9093/730/1359 9091/723/1358
f 9094/1817/1359 9096/3923/1360 9095/571/1360 9093/730/1359
f 9096/3923/1360 9098/3924/1361 9097/563/1361 9095/571/1360
f 9098/3924/1361 9100/3925/1362 9099/251/1362 9097/563/1361
f 9100/3925/1362 9102/3926/1363 9101/560/1363 9099/251/1362
f 9102/3926/1363 9104/1868/1364 9103/570/1364 9101/560/1363
f 9104/1868/1364 9106/3927/1365 9105/579/1365 9103/570/1364
f 9106/3927/1365 9108/3928/1366 9107/593/1366 9105/579/1365
f 9108/3928/1366 9110/3929/1367 9109/606/1367 9107/593/1366
f 9110/3929/1367 9112/3930/1368 9111/625/1368 9109/606/1367
f 9112/3930/1368 9114/1919/1369 9113/627/1369 9111/625/1368
f 9114/1919/1369 9116/3931/1370 9115/619/1370 9113/627/1369
f 9116/3931/1370 9118/3932/678 9117/610/678 9115/619/1370
f 9118/3932/678 9120/3933/1371 9119/599/1371 9117/610/678
f 9120/3933/1371 9122/3934/1372 9121/589/1372 9119/599/1371
f 9122/3934/1372 9004/1970/1314 9003/66/1314 9121/589/1372
f 9124/1358/353 9126/1971/354 9125/1972/354 9123/73/353
f 9126/1971/354 9128/1973/355 9127/1974/355 9125/1972/354
f 9128/1973/355 9130/1975/356 9129/1976/356 9127/1974/355
f 9130/1975/356 9132/1977/357 9131/1978/357 9129/1976/356
f 9132/1977/357 9134/1979/358 9133/1980/358 9131/1978/357
f 9134/1979/358 9136/1981/359 9135/1982/359 9133/1980/358
f 9136/1981/359 9138/1983/360 9137/1984/360 9135/1982/359
f 9138/1983/360 9140/1985/361 9139/1986/361 9137/1984/360
f 9140/1985/361 9142/1987/362 9141/1988/362 9139/1986/361
f 9142/1987/362 9144/1989/363 9143/1990/363 9141/1988/362
f 9144/1989/363 9146/1991/364 9145/1992/364 9143/1990/363
f 9146/1991/364 9148/1993/365 9147/805/365 9145/1992/364
f 9148/1993/365 9150/1994/366 9149/1995/366 9147/805/365
f 9150/1994/366 9152/1996/367 9151/1997/367 9149/1995/366
f 9152/1996/367 9154/1998/368 9153/1999/368 9151/1997/367
f 9154/1998/368 9156/2000/369 9155/2001/369 9153/1999/368
f 9156/2000/369 9158/1409/370 9157/732/370 9155/2001/369
f 9158/1409/370 9160/2002/371 9159/2003/371 9157/732/370
f 9160/2002/371 9162/2004/372 9161/2005/372 9159/2003/371
f 9162/2004/372 9164/2006/373 9163/2007/373 9161/2005/372
f 9164/2006/373 9166/2008/374 9165/2009/374 9163/2007/373
f 9166/2008/374 9168/2010/375 9167/2011/375 9165/2009/374
f 9168/2010/375 9170/2012/376 9169/2013/376 9167/2011/375
f 9170/2012/376 9172/2014/1759 9171/822/1759 9169/2013/376
f 9172/2014/1759 9174/2015/378 9173/2016/378 9171/822/1759
f 9174/2015/378 9176/2017/379 9175/2018/379 9173/2016/378
f 9176/2017/379 9178/2019/380 9177/2020/380 9175/2018/379
f 9178/2019/380 9180/2021/381 9179/2022/381 9177/2020/380
f 9180/2021/381 9182/2023/382 9181/2024/382 9179/2022/381
f 9182/2023/382 9184/2025/383 9183/2026/383 9181/2024/382
f 9184/2025/383 9186/2027/384 9185/2028/384 9183/2026/383
f 9186/2027/384 9188/2029/385 9187/2030/385 9185/2028/384
f 9188/2029/385 9190/2031/386 9189/2032/386 9187/2030/385
f 9190/2031/386 9192/1460/387 9191/618/387 9189/2032/386
f 9192/1460/387 9194/2033/388 9193/2034/388 9191/618/387
f 9194/2033/388 9196/2035/389 9195/829/389 9193/2034/388
f 9196/2035/389 9198/2036/390 9197/2037/390 9195/829/389
f 9198/2036/390 9200/2038/391 9199/2039/391 9197/2037/390
f 9200/2038/391 9202/2040/392 9201/2041/392 9199/2039/391
f 9202/2040/392 9204/2042/1142 9203/2043/1142 9201/2041/392
f 9204/2042/1142 9206/2044/394 9205/2045/394 9203/2043/1142
f 9206/2044/394 9208/2046/395 9207/2047/395 9205/2045/394
f 9208/2046/395 9210/2048/396 9209/2049/396 9207/2047/395
f 9210/2048/396 9212/2050/397 9211/2051/397 9209/2049/396
f 9212/2050/397 9214/2052/398 9213/2053/398 9211/2051/397
f 9214/2052/398 9216/2054/399 9215/2055/399 9213/2053/398
f 9216/2054/399 9218/2056/400 9217/2057/400 9215/2055/399
f 9218/2056/400 9220/2058/401 9219/823/401 9217/2057/400
f 9220/2058/401 9222/2059/402 9221/2060/402 9219/823/401
f 9222/2059/402 9224/2061/403 9223/2062/403 9221/2060/402
f 9224/2061/403 9226/1511/404 9225/520/404 9223/2062/403
f 9226/1511/404 9228/2063/405 9227/2064/405 9225/520/404
f 9228/2063/405 9230/2065/406 9229/2066/406 9227/2064/405
f 9230/2065/406 9232/2067/407 9231/2068/407 9229/2066/406
f 9232/2067/407 9234/2069/408 9233/2070/408 9231/2068/407
f 9234/2069/408 9236/2071/409 9235/2072/409 9233/2070/408
f 9236/2071/409 9238/2073/410 9237/2074/410 9235/2072/409
f 9238/2073/410 9240/2075/411 9239/2076/411 9237/2074/410
f 9240/2075/411 9242/2077/412 9241/2078/412 9239/2076/411
f 9242/2077/412 9244/2079/413 9243/816/413 9241/2078/412
f 9244/2079/413 9246/2080/1760 9245/2081/1760 9243/816/413
f 9246/2080/1760 9248/2082/415 9247/2083/415 9245/2081/1760
f 9248/2082/415 9250/2084/416 9249/2085/416 9247/2083/415
f 9250/2084/416 9252/2086/417 9251/2087/417 9249/2085/416
f 9252/2086/417 9254/2088/418 9253/2089/418 9251/2087/417
f 9254/2088/418 9256/2090/419 9255/2091/419 9253/2089/418
f 9256/2090/419 9258/2092/420 9257/2093/420 9255/2091/419
f 9258/2092/420 9260/1562/303 9259/549/303 9257/2093/420
f 9260/1562/303 9262/2094/421 9261/2095/421 9259/549/303
f 9262/2094/421 9264/2096/422 9263/2097/422 9261/2095/421
f 9264/2096/422 9266/2098/423 9265/2099/423 9263/2097/422
f 9266/2098/423 9268/2100/424 9267/809/424 9265/2099/423
f 9268/2100/424 9270/2101/425 9269/2102/425 9267/809/424
f 9270/2101/425 9272/2103/426 9271/2104/426 9269/2102/425
f 9272/2103/426 9274/2105/427 9273/2106/427 9271/2104/426
f 9274/2105/427 9276/2107/428 9275/2108/428 9273/2106/427
f 9276/2107/428 9278/2109/429 9277/2110/429 9275/2108/428
f 9278/2109/429 9280/2111/430 9279/2112/430 9277/2110/429
f 9280/2111/430 9282/2113/431 9281/2114/431 9279/2112/430
f 9282/2113/431 9284/2115/432 9283/2116/432 9281/2114/431
f 9284/2115/432 9286/2117/433 9285/2118/433 9283/2116/432
f 9286/2117/433 9288/2119/434 9287/2120/434 9285/2118/433
f 9288/2119/434 9290/2121/435 9289/2122/435 9287/2120/434
f 9290/2121/435 9292/2123/436 9291/803/436 9289/2122/435
f 9292/2123/436 9294/1613/437 9293/636/437 9291/803/436
f 9294/1613/437 9296/2124/438 9295/2125/438 9293/636/437
f 9296/2124/438 9298/2126/439 9297/2127/439 9295/2125/438
f 9298/2126/439 9300/2128/440 9299/2129/440 9297/2127/439
f 9300/2128/440 9302/2130/441 9301/2131/441 9299/2129/440
f 9302/2130/441 9304/2132/442 9303/2133/442 9301/2131/441
f 9304/2132/442 9306/2134/443 9305/2135/443 9303/2133/442
f 9306/2134/443 9308/2136/444 9307/2137/444 9305/2135/443
f 9308/2136/444 9310/2138/445 9309/2139/445 9307/2137/444
f 9310/2138/445 9312/2140/446 9311/2141/446 9309/2139/445
f 9312/2140/446 9314/2142/447 9313/2143/447 9311/2141/446
f 9314/2142/447 9316/2144/234 9315/793/234 9313/2143/447
f 9316/2144/234 9318/2145/448 9317/2146/448 9315/793/234
f 9318/2145/448 9320/2147/449 9319/2148/449 9317/2146/448
f 9320/2147/449 9322/2149/450 9321/2150/450 9319/2148/449
f 9322/2149/450 9324/2151/451 9323/2152/451 9321/2150/450
f 9324/2151/451 9326/2153/452 9325/2154/452 9323/2152/451
f 9326/2153/452 9328/1664/453 9327/149/453 9325/2154/452
f 9328/1664/453 9330/2155/454 9329/2156/454 9327/149/453
f 9330/2155/454 9332/2157/455 9331/2158/455 9329/2156/454
f 9332/2157/455 9334/2159/456 9333/2160/456 9331/2158/455
f 9334/2159/456 9336/2161/457 9335/2162/457 9333/2160/456
f 9336/2161/457 9338/2163/458 9337/2164/458 9335/2162/457
f 9338/2163/458 9340/2165/459 9339/783/459 9337/2164/458
f 9340/2165/459 9342/2166/460 9341/2167/460 9339/783/459
f 9342/2166/460 9344/2168/461 9343/2169/461 9341/2167/460
f 9344/2168/461 9346/2170/462 9345/2171/462 9343/2169/461
f 9346/2170/462 9348/2172/463 9347/2173/463 9345/2171/462
f 9348/2172/463 9350/2174/464 9349/2175/464 9347/2173/463
f 9350/2174/464 9352/2176/465 9351/2177/465 9349/2175/464
f 9352/2176/465 9354/2178/466 9353/2179/466 9351/2177/465
f 9354/2178/466 9356/2180/467 9355/2181/467 9353/2179/466
f 9356/2180/467 9358/2182/468 9357/2183/468 9355/2181/467
f 9358/2182/468 9360/2184/469 9359/2185/469 9357/2183/468
f 9360/2184/469 9362/1715/1761 9361/693/1761 9359/2185/469
f 9362/1715/1761 9364/2186/471 9363/773/471 9361/693/1761
f 9364/2186/471 9366/2187/499 9365/2188/499 9363/773/471
f 9366/2187/499 9368/2189/473 9367/2190/473 9365/2188/499
f 9368/2189/473 9370/2191/474 9369/2192/474 9367/2190/473
f 9370/2191/474 9372/2193/475 9371/2194/475 9369/2192/474
f 9372/2193/475 9374/2195/1762 9373/2196/1762 9371/2194/475
f 9374/2195/1762 9376/2197/1763 9375/2198/1763 9373/2196/1762
f 9376/2197/1763 9378/2199/478 9377/2200/478 9375/2198/1763
f 9378/2199/478 9380/2201/1764 9379/2202/1764 9377/2200/478
f 9380/2201/1764 9382/2203/1765 9381/2204/1765 9379/2202/1764
f 9382/2203/1765 9384/2205/481 9383/2206/481 9381/2204/1765
f 9384/2205/481 9386/2207/482 9385/2208/482 9383/2206/481
f 9386/2207/482 9388/2209/483 9387/764/483 9385/2208/482
f 9388/2209/483 9390/2210/484 9389/2211/484 9387/764/483
f 9390/2210/484 9392/2212/1766 9391/2213/1766 9389/2211/484
f 9392/2212/1766 9394/2214/486 9393/2215/486 9391/2213/1766
f 9394/2214/486 9396/1766/487 9395/659/487 9393/2215/486
f 9396/1766/487 9398/2216/488 9397/2217/488 9395/659/487
f 9398/2216/488 9400/2218/1767 9399/2219/1767 9397/2217/488
f 9400/2218/1767 9402/2220/490 9401/2221/490 9399/2219/1767
f 9402/2220/490 9404/2222/491 9403/2223/491 9401/2221/490
f 9404/2222/491 9406/2224/1768 9405/2225/1768 9403/2223/491
f 9406/2224/1768 9408/2226/1769 9407/2227/1769 9405/2225/1768
f 9408/2226/1769 9410/2228/494 9409/2229/494 9407/2227/1769
f 9410/2228/494 9412/2230/495 9411/755/495 9409/2229/494
f 9412/2230/495 9414/2231/496 9413/2232/496 9411/755/495
f 9414/2231/496 9416/2233/497 9415/2234/497 9413/2232/496
f 9416/2233/497 9418/2235/1770 9417/2236/1770 9415/2234/497
f 9418/2235/1770 9420/2237/499 9419/2238/499 9417/2236/1770
f 9420/2237/499 9422/2239/500 9421/2240/500 9419/2238/499
f 9422/2239/500 9424/2241/501 9423/2242/501 9421/2240/500
f 9424/2241/501 9426/2243/502 9425/2244/502 9423/2242/501
f 9426/2243/502 9428/2245/503 9427/2246/503 9425/2244/502
f 9428/2245/503 9430/1817/504 9429/730/504 9427/2246/503
f 9430/1817/504 9432/2247/505 9431/2248/505 9429/730/504
f 9432/2247/505 9434/2249/506 9433/2250/506 9431/2248/505
f 9434/2249/506 9436/2251/507 9435/758/507 9433/2250/506
f 9436/2251/507 9438/2252/508 9437/2253/508 9435/758/507
f 9438/2252/508 9440/2254/211 9439/2255/211 9437/2253/508
f 9440/2254/211 9442/2256/509 9441/2257/509 9439/2255/211
f 9442/2256/509 9444/2258/510 9443/2259/510 9441/2257/509
f 9444/2258/510 9446/2260/511 9445/2261/511 9443/2259/510
f 9446/2260/511 9448/2262/512 9447/2263/512 9445/2261/511
f 9448/2262/512 9450/2264/513 9449/2265/513 9447/2263/512
f 9450/2264/513 9452/2266/514 9451/2267/514 9449/2265/513
f 9452/2266/514 9454/2268/515 9453/2269/515 9451/2267/514
f 9454/2268/515 9456/2270/516 9455/2271/516 9453/2269/515
f 9456/2270/516 9458/2272/517 9457/2273/517 9455/2271/516
f 9458/2272/517 9460/2274/1771 9459/767/1771 9457/2273/517
f 9460/2274/1771 9462/2275/1772 9461/2276/1772 9459/767/1771
f 9462/2275/1772 9464/1868/1773 9463/570/1773 9461/2276/1772
f 9464/1868/1773 9466/2277/1774 9465/2278/1774 9463/570/1773
f 9466/2277/1774 9468/2279/522 9467/2280/522 9465/2278/1774
f 9468/2279/522 9470/2281/1775 9469/2282/1775 9467/2280/522
f 9470/2281/1775 9472/2283/524 9471/2284/524 9469/2282/1775
f 9472/2283/524 9474/2285/525 9473/2286/525 9471/2284/524
f 9474/2285/525 9476/2287/526 9475/2288/526 9473/2286/525
f 9476/2287/526 9478/2289/527 9477/2290/527 9475/2288/526
f 9478/2289/527 9480/2291/528 9479/2292/528 9477/2290/527
f 9480/2291/528 9482/2293/529 9481/2294/529 9479/2292/528
f 9482/2293/529 9484/2295/530 9483/776/530 9481/2294/529
f 9484/2295/530 9486/2296/531 9485/2297/531 9483/776/530
f 9486/2296/531 9488/2298/532 9487/2299/532 9485/2297/531
f 9488/2298/532 9490/2300/533 9489/2301/533 9487/2299/532
f 9490/2300/533 9492/2302/534 9491/2303/534 9489/2301/533
f 9492/2302/534 9494/2304/535 9493/2305/535 9491/2303/534
f 9494/2304/535 9496/2306/536 9495/2307/536 9493/2305/535
f 9496/2306/536 9498/1919/537 9497/627/537 9495/2307/536
f 9498/1919/537 9500/2308/538 9499/2309/538 9497/627/537
f 9500/2308/538 9502/2310/539 9501/2311/539 9499/2309/538
f 9502/2310/539 9504/2312/1776 9503/2313/1776 9501/2311/539
f 9504/2312/1776 9506/2314/1777 9505/2315/1777 9503/2313/1776
f 9506/2314/1777 9508/2316/1778 9507/786/1778 9505/2315/1777
f 9508/2316/1778 9510/2317/543 9509/2318/543 9507/786/1778
f 9510/2317/543 9512/2319/544 9511/2320/544 9509/2318/543
f 9512/2319/544 9514/2321/1779 9513/2322/1779 9511/2320/544
f 9514/2321/1779 9516/2323/546 9515/2324/546 9513/2322/1779
f 9516/2323/546 9518/2325/547 9517/2326/547 9515/2324/546
f 9518/2325/547 9520/2327/548 9519/2328/548 9517/2326/547
f 9520/2327/548 9522/2329/549 9521/2330/549 9519/2328/548
f 9522/2329/549 9524/2331/550 9523/2332/550 9521/2330/549
f 9524/2331/550 9526/2333/551 9525/2334/551 9523/2332/550
f 9526/2333/551 9528/2335/1780 9527/2336/1780 9525/2334/551
f 9528/2335/1780 9530/2337/553 9529/2338/553 9527/2336/1780
f 9530/2337/553 9124/1970/353 9123/66/353 9529/2338/553
f 9532/1358/554 9534/2339/555 9533/2340/555 9531/73/554
f 9534/2339/555 9536/2341/556 9535/2342/556 9533/2340/555
f 9536/2341/556 9538/2343/557 9537/2344/557 9535/2342/556
f 9538/2343/557 9540/2345/558 9539/2346/558 9537/2344/557
f 9540/2345/558 9542/2347/1781 9541/2348/1781 9539/2346/558
f 9542/2347/1781 9544/2349/1782 9543/2350/1782 9541/2348/1781
f 9544/2349/1782 9546/2351/561 9545/2352/561 9543/2350/1782
f 9546/2351/561 9548/2353/562 9547/2354/562 9545/2352/561
f 9548/2353/562 9550/2355/563 9549/2356/563 9547/2354/562
f 9550/2355/563 9552/2357/564 9551/2358/564 9549/2356/563
f 9552/2357/564 9554/1409/565 9553/732/565 9551/2358/564
f 9554/1409/565 9556/2359/1783 9555/2360/1783 9553/732/565
f 9556/2359/1783 9558/2361/1784 9557/2362/1784 9555/2360/1783
f 9558/2361/1784 9560/2363/568 9559/2364/568 9557/2362/1784
f 9560/2363/568 9562/2365/569 9561/2366/569 9559/2364/568
f 9562/2365/569 9564/2367/570 9563/2368/570 9561/2366/569
f 9564/2367/570 9566/2369/571 9565/2370/571 9563/2368/570
f 9566/2369/571 9568/2371/1785 9567/2372/1785 9565/2370/571
f 9568/2371/1785 9570/2373/1786 9569/2374/1786 9567/2372/1785
f 9570/2373/1786 9572/2375/574 9571/2376/574 9569/2374/1786
f 9572/2375/574 9574/2377/575 9573/2378/575 9571/2376/574
f 9574/2377/575 9576/1460/576 9575/618/576 9573/2378/575
f 9576/1460/576 9578/2379/577 9577/2380/577 9575/618/576
f 9578/2379/577 9580/2381/578 9579/2382/578 9577/2380/577
f 9580/2381/578 9582/2383/579 9581/2384/579 9579/2382/578
f 9582/2383/579 9584/2385/1787 9583/2386/1787 9581/2384/579
f 9584/2385/1787 9586/2387/1788 9585/2388/1788 9583/2386/1787
f 9586/2387/1788 9588/2389/582 9587/2390/582 9585/2388/1788
f 9588/2389/582 9590/2391/583 9589/2392/583 9587/2390/582
f 9590/2391/583 9592/2393/584 9591/2394/584 9589/2392/583
f 9592/2393/584 9594/2395/1789 9593/2396/1789 9591/2394/584
f 9594/2395/1789 9596/2397/586 9595/2398/586 9593/2396/1789
f 9596/2397/586 9598/1511/1790 9597/520/1790 9595/2398/586
f 9598/1511/1790 9600/2399/588 9599/2400/588 9597/520/1790
f 9600/2399/588 9602/2401/589 9601/2402/589 9599/2400/588
f 9602/2401/589 9604/2403/590 9603/2404/590 9601/2402/589
f 9604/2403/590 9606/2405/591 9605/2406/591 9603/2404/590
f 9606/2405/591 9608/2407/1791 9607/2408/1791 9605/2406/591
f 9608/2407/1791 9610/2409/1792 9609/2410/1792 9607/2408/1791
f 9610/2409/1792 9612/2411/408 9611/2412/408 9609/2410/1792
f 9612/2411/408 9614/2413/1793 9613/2414/1793 9611/2412/408
f 9614/2413/1793 9616/2415/1794 9615/2416/1794 9613/2414/1793
f 9616/2415/1794 9618/2417/596 9617/2418/596 9615/2416/1794
f 9618/2417/596 9620/1562/597 9619/549/597 9617/2418/596
f 9620/1562/597 9622/2419/598 9621/2420/598 9619/549/597
f 9622/2419/598 9624/2421/599 9623/2422/599 9621/2420/598
f 9624/2421/599 9626/2423/600 9625/2424/600 9623/2422/599
f 9626/2423/600 9628/2425/601 9627/2426/601 9625/2424/600
f 9628/2425/601 9630/2427/602 9629/2428/602 9627/2426/601
f 9630/2427/602 9632/2429/1795 9631/2430/1795 9629/2428/602
f 9632/2429/1795 9634/2431/1154 9633/2432/1154 9631/2430/1795
f 9634/2431/1154 9636/2433/605 9635/2434/605 9633/2432/1154
f 9636/2433/605 9638/2435/606 9637/2436/606 9635/2434/605
f 9638/2435/606 9640/2437/607 9639/2438/607 9637/2436/606
f 9640/2437/607 9642/1613/608 9641/636/608 9639/2438/607
f 9642/1613/608 9644/2439/609 9643/2440/609 9641/636/608
f 9644/2439/609 9646/2441/610 9645/2442/610 9643/2440/609
f 9646/2441/610 9648/2443/611 9647/2444/611 9645/2442/610
f 9648/2443/611 9650/2445/1796 9649/2446/1796 9647/2444/611
f 9650/2445/1796 9652/2447/613 9651/2448/613 9649/2446/1796
f 9652/2447/613 9654/2449/1797 9653/2450/1797 9651/2448/613
f 9654/2449/1797 9656/2451/615 9655/2452/615 9653/2450/1797
f 9656/2451/615 9658/2453/616 9657/2454/616 9655/2452/615
f 9658/2453/616 9660/2455/617 9659/2456/617 9657/2454/616
f 9660/2455/617 9662/2457/618 9661/2458/618 9659/2456/617
f 9662/2457/618 9664/1664/619 9663/149/619 9661/2458/618
f 9664/1664/619 9666/2459/620 9665/2460/620 9663/149/619
f 9666/2459/620 9668/2461/621 9667/2462/621 9665/2460/620
f 9668/2461/621 9670/2463/622 9669/2464/622 9667/2462/621
f 9670/2463/622 9672/2465/623 9671/2466/623 9669/2464/622
f 9672/2465/623 9674/2467/624 9673/2468/624 9671/2466/623
f 9674/2467/624 9676/2469/625 9675/2470/625 9673/2468/624
f 9676/2469/625 9678/2471/626 9677/2472/626 9675/2470/625
f 9678/2471/626 9680/2473/627 9679/2474/627 9677/2472/626
f 9680/2473/627 9682/2475/628 9681/2476/628 9679/2474/627
f 9682/2475/628 9684/2477/629 9683/2478/629 9681/2476/628
f 9684/2477/629 9686/1715/1798 9685/693/1798 9683/2478/629
f 9686/1715/1798 9688/2479/631 9687/2480/631 9685/693/1798
f 9688/2479/631 9690/2481/632 9689/2482/632 9687/2480/631
f 9690/2481/632 9692/2483/633 9691/2484/633 9689/2482/632
f 9692/2483/633 9694/2485/634 9693/2486/634 9691/2484/633
f 9694/2485/634 9696/2487/635 9695/2488/635 9693/2486/634
f 9696/2487/635 9698/2489/636 9697/2490/636 9695/2488/635
f 9698/2489/636 9700/2491/637 9699/2492/637 9697/2490/636
f 9700/2491/637 9702/2493/638 9701/2494/638 9699/2492/637
f 9702/2493/638 9704/2495/639 9703/2496/639 9701/2494/638
f 9704/2495/639 9706/2497/640 9705/2498/640 9703/2496/639
f 9706/2497/640 9708/1766/762 9707/659/762 9705/2498/640
f 9708/1766/762 9710/2499/642 9709/2500/642 9707/659/762
f 9710/2499/642 9712/2501/643 9711/2502/643 9709/2500/642
f 9712/2501/643 9714/2503/644 9713/2504/644 9711/2502/643
f 9714/2503/644 9716/2505/645 9715/2506/645 9713/2504/644
f 9716/2505/645 9718/2507/646 9717/2508/646 9715/2506/645
f 9718/2507/646 9720/2509/647 9719/2510/647 9717/2508/646
f 9720/2509/647 9722/2511/648 9721/2512/648 9719/2510/647
f 9722/2511/648 9724/2513/649 9723/2514/649 9721/2512/648
f 9724/2513/649 9726/2515/650 9725/2516/650 9723/2514/649
f 9726/2515/650 9728/2517/651 9727/2518/651 9725/2516/650
f 9728/2517/651 9730/1817/652 9729/730/652 9727/2518/651
f 9730/1817/652 9732/2519/653 9731/2520/653 9729/730/652
f 9732/2519/653 9734/2521/654 9733/2522/654 9731/2520/653
f 9734/2521/654 9736/2523/655 9735/2524/655 9733/2522/654
f 9736/2523/655 9738/2525/656 9737/2526/656 9735/2524/655
f 9738/2525/656 9740/2527/657 9739/2528/657 9737/2526/656
f 9740/2527/657 9742/2529/658 9741/2530/658 9739/2528/657
f 9742/2529/658 9744/2531/659 9743/2532/659 9741/2530/658
f 9744/2531/659 9746/2533/660 9745/2534/660 9743/2532/659
f 9746/2533/660 9748/2535/661 9747/2536/661 9745/2534/660
f 9748/2535/661 9750/2537/662 9749/2538/662 9747/2536/661
f 9750/2537/662 9752/1868/663 9751/570/663 9749/2538/662
f 9752/1868/663 9754/2539/664 9753/2540/664 9751/570/663
f 9754/2539/664 9756/2541/665 9755/2542/665 9753/2540/664
f 9756/2541/665 9758/2543/666 9757/2544/666 9755/2542/665
f 9758/2543/666 9760/2545/667 9759/2546/667 9757/2544/666
f 9760/2545/667 9762/2547/668 9761/2548/668 9759/2546/667
f 9762/2547/668 9764/2549/669 9763/2550/669 9761/2548/668
f 9764/2549/669 9766/2551/670 9765/2552/670 9763/2550/669
f 9766/2551/670 9768/2553/671 9767/2554/671 9765/2552/670
f 9768/2553/671 9770/2555/672 9769/2556/672 9767/2554/671
f 9770/2555/672 9772/2557/673 9771/2558/673 9769/2556/672
f 9772/2557/673 9774/1919/442 9773/627/442 9771/2558/673
f 9774/1919/442 9776/2559/674 9775/2560/674 9773/627/442
f 9776/2559/674 9778/2561/675 9777/2562/675 9775/2560/674
f 9778/2561/675 9780/2563/676 9779/2564/676 9777/2562/675
f 9780/2563/676 9782/2565/677 9781/2566/677 9779/2564/676
f 9782/2565/677 9784/2567/678 9783/2568/678 9781/2566/677
f 9784/2567/678 9786/2569/679 9785/2570/679 9783/2568/678
f 9786/2569/679 9788/2571/680 9787/2572/680 9785/2570/679
f 9788/2571/680 9790/2573/681 9789/2574/681 9787/2572/680
f 9790/2573/681 9792/2575/682 9791/2576/682 9789/2574/681
f 9792/2575/682 9794/2577/683 9793/2578/683 9791/2576/682
f 9794/2577/683 9532/1970/554 9531/66/554 9793/2578/683
f 9796/1358/1799 9798/4583/1800 9797/4584/1800 9795/73/1799
f 9798/4583/1800 9800/4585/1801 9799/4586/1801 9797/4584/1800
f 9800/4585/1801 9802/4587/1802 9801/4588/1802 9799/4586/1801
f 9802/4587/1802 9804/4589/1302 9803/4590/1302 9801/4588/1802
f 9804/4589/1302 9806/4591/1803 9805/4592/1803 9803/4590/1302
f 9806/4591/1803 9808/4593/1804 9807/4594/1804 9805/4592/1803
f 9808/4593/1804 9810/4595/1007 9809/4596/1007 9807/4594/1804
f 9810/4595/1007 9812/4597/1805 9811/4598/1805 9809/4596/1007
f 9812/4597/1805 9814/4599/1806 9813/4600/1806 9811/4598/1805
f 9814/4599/1806 9816/4601/1017 9815/4602/1017 9813/4600/1806
f 9816/4601/1017 9818/4603/1807 9817/4604/1807 9815/4602/1017
f 9818/4603/1807 9820/4605/1808 9819/4606/1808 9817/4604/1807
f 9820/4605/1808 9822/4607/1809 9821/4608/1809 9819/4606/1808
f 9822/4607/1809 9824/4609/1810 9823/4610/1810 9821/4608/1809
f 9824/4609/1810 9826/4611/1811 9825/4612/1811 9823/4610/1810
f 9826/4611/1811 9828/4613/1812 9827/4614/1812 9825/4612/1811
f 9828/4613/1812 9830/4615/1813 9829/4616/1813 9827/4614/1812
f 9830/4615/1813 9832/4617/1814 9831/4618/1814 9829/4616/1813
f 9832/4617/1814 9834/4619/1815 9833/4620/1815 9831/4618/1814
f 9834/4619/1815 9836/4621/1816 9835/4622/1816 9833/4620/1815
f 9836/4621/1816 9838/4623/1817 9837/4624/1817 9835/4622/1816
f 9838/4623/1817 9840/4625/1818 9839/4626/1818 9837/4624/1817
f 9840/4625/1818 9842/4627/1819 9841/4628/1819 9839/4626/1818
f 9842/4627/1819 9844/4629/1820 9843/4630/1820 9841/4628/1819
f 9844/4629/1820 9846/4631/1821 9845/4632/1821 9843/4630/1820
f 9846/4631/1821 9848/4633/1822 9847/4634/1822 9845/4632/1821
f 9848/4633/1822 9850/4635/1823 9849/4636/1823 9847/4634/1822
f 9850/4635/1823 9852/4637/1824 9851/4638/1824 9849/4636/1823
f 9852/4637/1824 9854/4639/1825 9853/4640/1825 9851/4638/1824
f 9854/4639/1825 9856/4641/1826 9855/4642/1826 9853/4640/1825
f 9856/4641/1826 9858/4643/1827 9857/4644/1827 9855/4642/1826
f 9858/4643/1827 9860/4645/1828 9859/4646/1828 9857/4644/1827
f 9860/4645/1828 9862/4647/1829 9861/4648/1829 9859/4646/1828
f 9862/4647/1829 9864/4649/1830 9863/4650/1830 9861/4648/1829
f 9864/4649/1830 9866/4651/1831 9865/4652/1831 9863/4650/1830
f 9866/4651/1831 9868/4653/1832 9867/4654/1832 9865/4652/1831
f 9868/4653/1832 9870/4655/1833 9869/4656/1833 9867/4654/1832
f 9870/4655/1833 9872/4657/1834 9871/4658/1834 9869/4656/1833
f 9872/4657/1834 9874/4659/1835 9873/4660/1835 9871/4658/1834
f 9874/4659/1835 9876/4661/1836 9875/4662/1836 9873/4660/1835
f 9876/4661/1836 9878/4663/1837 9877/4664/1837 9875/4662/1836
f 9878/4663/1837 9880/4665/1838 9879/4666/1838 9877/4664/1837
f 9880/4665/1838 9882/4667/1839 9881/4668/1839 9879/4666/1838
f 9882/4667/1839 9884/4669/1840 9883/4670/1840 9881/4668/1839
f 9884/4669/1840 9886/4671/1841 9885/4672/1841 9883/4670/1840
f 9886/4671/1841 9888/4673/1842 9887/4674/1842 9885/4672/1841
f 9888/4673/1842 9890/4675/1843 9889/4676/1843 9887/4674/1842
f 9890/4675/1843 9892/4677/1844 9891/4678/1844 9889/4676/1843
f 9892/4677/1844 9894/4679/1845 9893/4680/1845 9891/4678/1844
f 9894/4679/1845 9896/4681/1846 9895/4682/1846 9893/4680/1845
f 9896/4681/1846 9898/4683/898 9897/4684/898 9895/4682/1846
f 9898/4683/898 9900/4685/1847 9899/4686/1847 9897/4684/898
f 9900/4685/1847 9902/4687/1848 9901/4688/1848 9899/4686/1847
f 9902/4687/1848 9904/4689/1849 9903/4690/1849 9901/4688/1848
f 9904/4689/1849 9906/4691/1850 9905/4692/1850 9903/4690/1849
f 9906/4691/1850 9908/4693/1851 9907/4694/1851 9905/4692/1850
f 9908/4693/1851 9910/4695/1852 9909/4696/1852 9907/4694/1851
f 9910/4695/1852 9912/4697/1853 9911/4698/1853 9909/4696/1852
f 9912/4697/1853 9914/4699/1854 9913/4700/1854 9911/4698/1853
f 9914/4699/1854 9916/4701/1855 9915/4702/1855 9913/4700/1854
f 9916/4701/1855 9918/1562/1856 9917/549/1856 9915/4702/1855
f 9918/1562/1856 9920/4703/1857 9919/4704/1857 9917/549/1856
f 9920/4703/1857 9922/4705/1858 9921/4706/1858 9919/4704/1857
f 9922/4705/1858 9924/4707/1859 9923/4708/1859 9921/4706/1858
f 9924/4707/1859 9926/4709/1860 9925/4710/1860 9923/4708/1859
f 9926/4709/1860 9928/4711/1861 9927/4712/1861 9925/4710/1860
f 9928/4711/1861 9930/4713/1862 9929/4714/1862 9927/4712/1861
f 9930/4713/1862 9932/4715/1863 9931/4716/1863 9929/4714/1862
f 9932/4715/1863 9934/4717/1864 9933/4718/1864 9931/4716/1863
f 9934/4717/1864 9936/4719/1865 9935/4720/1865 9933/4718/1864
f 9936/4719/1865 9938/4721/1866 9937/4722/1866 9935/4720/1865
f 9938/4721/1866 9940/4723/1867 9939/4724/1867 9937/4722/1866
f 9940/4723/1867 9942/4725/1868 9941/4726/1868 9939/4724/1867
f 9942/4725/1868 9944/4727/1869 9943/4728/1869 9941/4726/1868
f 9944/4727/1869 9946/4729/1870 9945/4730/1870 9943/4728/1869
f 9946/4729/1870 9948/4731/1871 9947/4732/1871 9945/4730/1870
f 9948/4731/1871 9950/4733/1872 9949/4734/1872 9947/4732/1871
f 9950/4733/1872 9952/4735/1873 9951/4736/1873 9949/4734/1872
f 9952/4735/1873 9954/4737/1874 9953/4738/1874 9951/4736/1873
f 9954/4737/1874 9956/4739/368 9955/4740/368 9953/4738/1874
f 9956/4739/368 9958/4741/1875 9957/4742/1875 9955/4740/368
f 9958/4741/1875 9960/4743/1876 9959/4744/1876 9957/4742/1875
f 9960/4743/1876 9962/4745/1877 9961/4746/1877 9959/4744/1876
f 9962/4745/1877 9964/4747/1878 9963/4748/1878 9961/4746/1877
f 9964/4747/1878 9966/4749/1879 9965/4750/1879 9963/4748/1878
f 9966/4749/1879 9968/4751/1880 9967/4752/1880 9965/4750/1879
f 9968/4751/1880 9970/4753/1881 9969/4754/1881 9967/4752/1880
f 9970/4753/1881 9972/4755/1882 9971/4756/1882 9969/4754/1881
f 9972/4755/1882 9974/4757/1883 9973/4758/1883 9971/4756/1882
f 9974/4757/1883 9976/4759/1884 9975/4760/1884 9973/4758/1883
f 9976/4759/1884 9978/4761/1885 9977/4762/1885 9975/4760/1884
f 9978/4761/1885 9980/4763/1886 9979/4764/1886 9977/4762/1885
f 9980/4763/1886 9982/4765/1887 9981/4766/1887 9979/4764/1886
f 9982/4765/1887 9984/4767/1888 9983/4768/1888 9981/4766/1887
f 9984/4767/1888 9986/4769/1889 9985/4770/1889 9983/4768/1888
f 9986/4769/1889 9988/4771/1890 9987/4772/1890 9985/4770/1889
f 9988/4771/1890 9990/4773/1891 9989/4774/1891 9987/4772/1890
f 9990/4773/1891 9992/4775/1892 9991/4776/1892 9989/4774/1891
f 9992/4775/1892 9994/4777/1893 9993/4778/1893 9991/4776/1892
f 9994/4777/1893 9996/4779/1894 9995/4780/1894 9993/4778/1893
f 9996/4779/1894 9998/4781/1895 9997/4782/1895 9995/4780/1894
f 9998/4781/1895 10000/4783/1896 9999/4784/1896 9997/4782/1895
f 10000/4783/1896 10002/4785/1897 10001/4786/1897 9999/4784/1896
f 10002/4785/1897 10004/4787/1898 10003/4788/1898 10001/4786/1897
f 10004/4787/1898 10006/4789/1899 10005/4790/1899 10003/4788/1898
f 10006/4789/1899 10008/4791/1900 10007/4792/1900 10005/4790/1899
f 10008/4791/1900 10010/4793/1901 10009/4794/1901 10007/4792/1900
f 10010/4793/1901 10012/4795/1902 10011/4796/1902 10009/4794/1901
f 10012/4795/1902 10014/4797/1903 10013/4798/1903 10011/4796/1902
f 10014/4797/1903 10016/4799/1904 10015/4800/1904 10013/4798/1903
f 10016/4799/1904 10018/4801/1905 10017/4802/1905 10015/4800/1904
f 10018/4801/1905 10020/4803/1904 10019/4804/1904 10017/4802/1905
f 10020/4803/1904 10022/4805/1903 10021/4806/1903 10019/4804/1904
f 10022/4805/1903 10024/4807/1902 10023/4808/1902 10021/4806/1903
f 10024/4807/1902 10026/4809/1901 10025/4810/1901 10023/4808/1902
f 10026/4809/1901 10028/4811/1900 10027/4812/1900 10025/4810/1901
f 10028/4811/1900 10030/4813/1906 10029/4814/1906 10027/4812/1900
f 10030/4813/1906 10032/4815/1898 10031/4816/1898 10029/4814/1906
f 10032/4815/1898 10034/4817/1897 10033/4818/1897 10031/4816/1898
f 10034/4817/1897 10036/4819/1896 10035/4820/1896 10033/4818/1897
f 10036/4819/1896 10038/4821/1895 10037/4822/1895 10035/4820/1896
f 10038/4821/1895 10040/1766/1894 10039/659/1894 10037/4822/1895
f 10040/1766/1894 10042/4823/1907 10041/4824/1907 10039/659/1894
f 10042/4823/1907 10044/4825/1908 10043/4826/1908 10041/4824/1907
f 10044/4825/1908 10046/4827/1909 10045/4828/1909 10043/4826/1908
f 10046/4827/1909 10048/4829/1910 10047/4830/1910 10045/4828/1909
f 10048/4829/1910 10050/4831/1911 10049/4832/1911 10047/4830/1910
f 10050/4831/1911 10052/4833/1912 10051/4834/1912 10049/4832/1911
f 10052/4833/1912 10054/4835/1913 10053/4836/1913 10051/4834/1912
f 10054/4835/1913 10056/4837/1914 10055/4838/1914 10053/4836/1913
f 10056/4837/1914 10058/4839/1915 10057/4840/1915 10055/4838/1914
f 10058/4839/1915 10060/4841/1916 10059/4842/1916 10057/4840/1915
f 10060/4841/1916 10062/4843/1917 10061/4844/1917 10059/4842/1916
f 10062/4843/1917 10064/4845/1918 10063/4846/1918 10061/4844/1917
f 10064/4845/1918 10066/4847/1919 10065/4848/1919 10063/4846/1918
f 10066/4847/1919 10068/4849/1920 10067/4850/1920 10065/4848/1919
f 10068/4849/1920 10070/4851/1921 10069/4852/1921 10067/4850/1920
f 10070/4851/1921 10072/4853/1922 10071/4854/1922 10069/4852/1921
f 10072/4853/1922 10074/4855/1923 10073/4856/1923 10071/4854/1922
f 10074/4855/1923 10076/4857/1924 10075/4858/1924 10073/4856/1923
f 10076/4857/1924 10078/4859/1925 10077/4860/1925 10075/4858/1924
f 10078/4859/1925 10080/4861/1926 10079/4862/1926 10077/4860/1925
f 10080/4861/1926 10082/4863/1927 10081/4864/1927 10079/4862/1926
f 10082/4863/1927 10084/4865/1928 10083/4866/1928 10081/4864/1927
f 10084/4865/1928 10086/4867/1929 10085/4868/1929 10083/4866/1928
f 10086/4867/1929 10088/4869/1930 10087/4870/1930 10085/4868/1929
f 10088/4869/1930 10090/4871/1931 10089/4872/1931 10087/4870/1930
f 10090/4871/1931 10092/4873/1932 10091/4874/1932 10089/4872/1931
f 10092/4873/1932 10094/4875/1933 10093/4876/1933 10091/4874/1932
f 10094/4875/1933 10096/4877/1934 10095/4878/1934 10093/4876/1933
f 10096/4877/1934 10098/4879/1935 10097/4880/1935 10095/4878/1934
f 10098/4879/1935 10100/4881/1936 10099/4882/1936 10097/4880/1935
f 10100/4881/1936 10102/4883/1937 10101/4884/1937 10099/4882/1936
f 10102/4883/1937 10104/4885/1938 10103/4886/1938 10101/4884/1937
f 10104/4885/1938 10106/4887/1939 10105/4888/1939 10103/4886/1938
f 10106/4887/1939 10108/4889/1940 10107/4890/1940 10105/4888/1939
f 10108/4889/1940 10110/4891/1941 10109/4892/1941 10107/4890/1940
f 10110/4891/1941 10112/4893/1942 10111/4894/1942 10109/4892/1941
f 10112/4893/1942 10114/4895/1943 10113/4896/1943 10111/4894/1942
f 10114/4895/1943 10116/4897/1944 10115/4898/1944 10113/4896/1943
f 10116/4897/1944 10118/4899/1945 10117/4900/1945 10115/4898/1944
f 10118/4899/1945 10120/4901/1495 10119/4902/1495 10117/4900/1945
f 10120/4901/1495 10122/4903/108 10121/4904/108 10119/4902/1495
f 10122/4903/108 10124/4905/1946 10123/4906/1946 10121/4904/108
f 10124/4905/1946 10126/4907/1947 10125/4908/1947 10123/4906/1946
f 10126/4907/1947 10128/4909/1948 10127/4910/1948 10125/4908/1947
f 10128/4909/1948 10130/4911/1949 10129/4912/1949 10127/4910/1948
f 10130/4911/1949 10132/4913/1950 10131/4914/1950 10129/4912/1949
f 10132/4913/1950 10134/4915/1951 10133/4916/1951 10131/4914/1950
f 10134/4915/1951 10136/4917/1952 10135/4918/1952 10133/4916/1951
f 10136/4917/1952 10138/4919/1953 10137/4920/1953 10135/4918/1952
f 10138/4919/1953 10140/4921/1954 10139/4922/1954 10137/4920/1953
f 10140/4921/1954 10142/4923/1955 10141/4924/1955 10139/4922/1954
f 10142/4923/1955 10144/4925/1956 10143/4926/1956 10141/4924/1955
f 10144/4925/1956 10146/4927/1957 10145/4928/1957 10143/4926/1956
f 10146/4927/1957 10148/4929/1958 10147/4930/1958 10145/4928/1957
f 10148/4929/1958 10150/4931/1959 10149/4932/1959 10147/4930/1958
f 10150/4931/1959 10152/4933/1960 10151/4934/1960 10149/4932/1959
f 10152/4933/1960 10154/4935/1961 10153/4936/1961 10151/4934/1960
f 10154/4935/1961 10156/4937/1962 10155/4938/1962 10153/4936/1961
f 10156/4937/1962 10158/4939/1963 10157/4940/1963 10155/4938/1962
f 10158/4939/1963 10160/4941/1964 10159/4942/1964 10157/4940/1963
f 10160/4941/1964 9796/1970/1799 9795/66/1799 10159/4942/1964
