# Blender 4.4.1
# www.blender.org
mtllib titleFont.mtl
o テキスト.001
v -13.867270 0.493923 -0.469800
v -13.859014 0.328908 -0.469800
v -13.851476 0.179386 -0.469800
v -13.844655 0.045356 -0.469800
v -13.838552 -0.073182 -0.469800
v -13.833167 -0.176226 -0.469800
v -13.828500 -0.263778 -0.469800
v -13.824552 -0.335838 -0.469800
v -13.821321 -0.392405 -0.469800
v -13.818809 -0.433479 -0.469800
v -13.817014 -0.459061 -0.469800
v -13.815936 -0.469150 -0.469800
v -13.815578 -0.463746 -0.469800
v -13.815597 -0.495412 -0.469800
v -13.815654 -0.529647 -0.469800
v -13.815747 -0.566451 -0.469800
v -13.815881 -0.605825 -0.469800
v -13.816051 -0.647768 -0.469800
v -13.816258 -0.692281 -0.469800
v -13.816504 -0.739363 -0.469800
v -13.816789 -0.789015 -0.469800
v -13.817109 -0.841237 -0.469800
v -13.817468 -0.896027 -0.469800
v -13.817864 -0.953388 -0.469800
v -13.818297 -1.013318 -0.469800
v -13.818734 -1.073248 -0.469800
v -13.819131 -1.130608 -0.469800
v -13.819489 -1.185399 -0.469800
v -13.819810 -1.237620 -0.469800
v -13.820094 -1.287272 -0.469800
v -13.820340 -1.334355 -0.469800
v -13.820548 -1.378868 -0.469800
v -13.820718 -1.420811 -0.469800
v -13.820849 -1.460185 -0.469800
v -13.820945 -1.496989 -0.469800
v -13.821002 -1.531224 -0.469800
v -13.821017 -1.562889 -0.469800
v -13.821084 -1.572799 -0.469800
v -13.821282 -1.583483 -0.469800
v -13.821612 -1.594942 -0.469800
v -13.822074 -1.607175 -0.469800
v -13.822671 -1.620183 -0.469800
v -13.823398 -1.633966 -0.469800
v -13.824260 -1.648524 -0.469800
v -13.825250 -1.663856 -0.469800
v -13.826375 -1.679962 -0.469800
v -13.827630 -1.696844 -0.469800
v -13.829019 -1.714499 -0.469800
v -13.830541 -1.732930 -0.469800
v -13.832063 -1.751361 -0.469800
v -13.833451 -1.769016 -0.469800
v -13.834708 -1.785898 -0.469800
v -13.835832 -1.802004 -0.469800
v -13.836823 -1.817336 -0.469800
v -13.837682 -1.831894 -0.469800
v -13.838410 -1.845676 -0.469800
v -13.839005 -1.858685 -0.469800
v -13.839469 -1.870918 -0.469800
v -13.839799 -1.882377 -0.469800
v -13.839997 -1.893061 -0.469800
v -13.840064 -1.902971 -0.469800
v -13.839297 -1.927995 -0.469800
v -13.837003 -1.952282 -0.469800
v -13.833177 -1.975833 -0.469800
v -13.827821 -1.998647 -0.469800
v -13.820933 -2.020724 -0.469800
v -13.812516 -2.042064 -0.469800
v -13.802567 -2.062667 -0.469800
v -13.791091 -2.082534 -0.469800
v -13.778083 -2.101663 -0.469800
v -13.763545 -2.120056 -0.469800
v -13.747474 -2.137712 -0.469800
v -13.729877 -2.154631 -0.469800
v -13.711164 -2.170492 -0.469800
v -13.691751 -2.184974 -0.469800
v -13.671639 -2.198076 -0.469800
v -13.650826 -2.209800 -0.469800
v -13.629317 -2.220144 -0.469800
v -13.607108 -2.229109 -0.469800
v -13.584201 -2.236694 -0.469800
v -13.560592 -2.242901 -0.469800
v -13.536286 -2.247728 -0.469800
v -13.511281 -2.251176 -0.469800
v -13.485576 -2.253245 -0.469800
v -13.459172 -2.253935 -0.469800
v -13.422385 -2.252518 -0.469800
v -13.387301 -2.248267 -0.469800
v -13.353915 -2.241182 -0.469800
v -13.322232 -2.231262 -0.469800
v -13.292249 -2.218509 -0.469800
v -13.263967 -2.202922 -0.469800
v -13.237384 -2.184501 -0.469800
v -13.212501 -2.163246 -0.469800
v -13.189319 -2.139157 -0.469800
v -13.167836 -2.112234 -0.469800
v -13.148055 -2.082477 -0.469800
v -13.129973 -2.049886 -0.469800
v -13.071763 -2.070310 -0.469800
v -13.013211 -2.088957 -0.469800
v -12.954320 -2.105829 -0.469800
v -12.895089 -2.120925 -0.469800
v -12.835519 -2.134245 -0.469800
v -12.775609 -2.145789 -0.469800
v -12.715358 -2.155557 -0.469800
v -12.654765 -2.163548 -0.469800
v -12.593835 -2.169765 -0.469800
v -12.532563 -2.174204 -0.469800
v -12.470952 -2.176868 -0.469800
v -12.408999 -2.177756 -0.469800
v -12.345460 -2.176623 -0.469800
v -12.283622 -2.173222 -0.469800
v -12.223485 -2.167554 -0.469800
v -12.165048 -2.159619 -0.469800
v -12.108310 -2.149416 -0.469800
v -12.053275 -2.136947 -0.469800
v -11.999940 -2.122210 -0.469800
v -11.948302 -2.105206 -0.469800
v -11.898368 -2.085934 -0.469800
v -11.850133 -2.064396 -0.469800
v -11.803597 -2.040590 -0.469800
v -11.758765 -2.014517 -0.469800
v -11.711003 -1.982040 -0.469800
v -11.666566 -1.947181 -0.469800
v -11.625455 -1.909942 -0.469800
v -11.587668 -1.870323 -0.469800
v -11.553206 -1.828323 -0.469800
v -11.522069 -1.783942 -0.469800
v -11.494258 -1.737181 -0.469800
v -11.469771 -1.688039 -0.469800
v -11.448611 -1.636517 -0.469800
v -11.430776 -1.582614 -0.469800
v -11.416265 -1.526330 -0.469800
v -11.405082 -1.467667 -0.469800
v -11.388133 -1.355307 -0.469800
v -11.372661 -1.244951 -0.469800
v -11.358661 -1.136597 -0.469800
v -11.346133 -1.030246 -0.469800
v -11.335080 -0.925898 -0.469800
v -11.325501 -0.823552 -0.469800
v -11.317397 -0.723209 -0.469800
v -11.310765 -0.624869 -0.469800
v -11.305608 -0.528532 -0.469800
v -11.301923 -0.434197 -0.469800
v -11.299712 -0.341865 -0.469800
v -11.298974 -0.251536 -0.469800
v -11.299542 -0.191889 -0.469800
v -11.301242 -0.130844 -0.469800
v -11.304076 -0.068402 -0.469800
v -11.308043 -0.004561 -0.469800
v -11.313146 0.060678 -0.469800
v -11.319381 0.127315 -0.469800
v -11.326749 0.195350 -0.469800
v -11.335250 0.264784 -0.469800
v -11.344888 0.335615 -0.469800
v -11.355657 0.407845 -0.469800
v -11.367560 0.481472 -0.469800
v -11.380595 0.556498 -0.469800
v -11.391459 0.605602 -0.469800
v -11.405911 0.650436 -0.469800
v -11.423955 0.691000 -0.469800
v -11.445588 0.727295 -0.469800
v -11.470811 0.759319 -0.469800
v -11.499623 0.787073 -0.469800
v -11.532025 0.810558 -0.469800
v -11.568017 0.829772 -0.469800
v -11.607600 0.844717 -0.469800
v -11.650771 0.855392 -0.469800
v -11.697532 0.861796 -0.469800
v -11.747882 0.863932 -0.469800
v -11.773862 0.863242 -0.469800
v -11.799197 0.861173 -0.469800
v -11.823892 0.857725 -0.469800
v -11.847945 0.852898 -0.469800
v -11.871352 0.846691 -0.469800
v -11.894118 0.839106 -0.469800
v -11.916242 0.830141 -0.469800
v -11.937724 0.819797 -0.469800
v -11.958564 0.808073 -0.469800
v -11.978761 0.794971 -0.469800
v -11.998315 0.780489 -0.469800
v -12.017228 0.764628 -0.469800
v -12.035045 0.747709 -0.469800
v -12.051312 0.730053 -0.469800
v -12.066031 0.711660 -0.469800
v -12.079200 0.692530 -0.469800
v -12.090817 0.672664 -0.469800
v -12.100888 0.652061 -0.469800
v -12.109408 0.630720 -0.469800
v -12.116382 0.608644 -0.469800
v -12.121804 0.585830 -0.469800
v -12.125678 0.562279 -0.469800
v -12.128001 0.537992 -0.469800
v -12.128774 0.512967 -0.469800
v -12.128501 0.492071 -0.469800
v -12.127679 0.469286 -0.469800
v -12.126309 0.444611 -0.469800
v -12.124391 0.418047 -0.469800
v -12.121924 0.389593 -0.469800
v -12.118913 0.359251 -0.469800
v -12.115350 0.327018 -0.469800
v -12.111241 0.292897 -0.469800
v -12.106584 0.256886 -0.469800
v -12.101378 0.218986 -0.469800
v -12.095626 0.179196 -0.469800
v -12.089324 0.137518 -0.469800
v -12.083024 0.095744 -0.469800
v -12.077271 0.055671 -0.469800
v -12.072066 0.017299 -0.469800
v -12.067409 -0.019373 -0.469800
v -12.063300 -0.054345 -0.469800
v -12.059737 -0.087616 -0.469800
v -12.056724 -0.119187 -0.469800
v -12.054259 -0.149058 -0.469800
v -12.052341 -0.177228 -0.469800
v -12.050971 -0.203698 -0.469800
v -12.050149 -0.228467 -0.469800
v -12.049874 -0.251536 -0.469800
v -12.050054 -0.314800 -0.469800
v -12.050591 -0.376723 -0.469800
v -12.051490 -0.437305 -0.469800
v -12.052747 -0.496545 -0.469800
v -12.054360 -0.554444 -0.469800
v -12.056336 -0.611002 -0.469800
v -12.058669 -0.666218 -0.469800
v -12.061362 -0.720092 -0.469800
v -12.064412 -0.772625 -0.469800
v -12.067822 -0.823817 -0.469800
v -12.071591 -0.873668 -0.469800
v -12.075721 -0.922176 -0.469800
v -12.080209 -0.969324 -0.469800
v -12.085055 -1.015094 -0.469800
v -12.090261 -1.059484 -0.469800
v -12.095824 -1.102495 -0.469800
v -12.101748 -1.144126 -0.469800
v -12.108031 -1.184379 -0.469800
v -12.114671 -1.223252 -0.469800
v -12.121671 -1.260746 -0.469800
v -12.129031 -1.296861 -0.469800
v -12.136748 -1.331596 -0.469800
v -12.144826 -1.364953 -0.469800
v -12.153260 -1.396930 -0.469800
v -12.164567 -1.401823 -0.469800
v -12.175818 -1.406527 -0.469800
v -12.187013 -1.411043 -0.469800
v -12.198150 -1.415370 -0.469800
v -12.209231 -1.419507 -0.469800
v -12.220254 -1.423456 -0.469800
v -12.231223 -1.427216 -0.469800
v -12.242133 -1.430787 -0.469800
v -12.252988 -1.434168 -0.469800
v -12.263785 -1.437361 -0.469800
v -12.274528 -1.440366 -0.469800
v -12.285211 -1.443181 -0.469800
v -12.295838 -1.445788 -0.469800
v -12.306409 -1.448169 -0.469800
v -12.316922 -1.450322 -0.469800
v -12.327380 -1.452250 -0.469800
v -12.337781 -1.453950 -0.469800
v -12.348125 -1.455424 -0.469800
v -12.358413 -1.456671 -0.469800
v -12.368644 -1.457691 -0.469800
v -12.378818 -1.458484 -0.469800
v -12.388936 -1.459051 -0.469800
v -12.398995 -1.459391 -0.469800
v -12.408999 -1.459505 -0.469800
v -12.459748 -1.458900 -0.469800
v -12.511327 -1.457086 -0.469800
v -12.563737 -1.454063 -0.469800
v -12.616979 -1.449831 -0.469800
v -12.671052 -1.444390 -0.469800
v -12.725955 -1.437739 -0.469800
v -12.781692 -1.429879 -0.469800
v -12.838258 -1.420811 -0.469800
v -12.895656 -1.410533 -0.469800
v -12.953885 -1.399045 -0.469800
v -13.012946 -1.386349 -0.469800
v -13.072839 -1.372444 -0.469800
v -13.072822 -1.337132 -0.469800
v -13.072764 -1.301027 -0.469800
v -13.072669 -1.264128 -0.469800
v -13.072537 -1.226435 -0.469800
v -13.072368 -1.187950 -0.469800
v -13.072160 -1.148670 -0.469800
v -13.071914 -1.108597 -0.469800
v -13.071630 -1.067731 -0.469800
v -13.071309 -1.026071 -0.469800
v -13.070951 -0.983617 -0.469800
v -13.070554 -0.940370 -0.469800
v -13.070119 -0.896330 -0.469800
v -13.069249 -0.844524 -0.469800
v -13.068456 -0.795212 -0.469800
v -13.067737 -0.748394 -0.469800
v -13.067096 -0.704070 -0.469800
v -13.066527 -0.662241 -0.469800
v -13.066037 -0.622904 -0.469800
v -13.065619 -0.586062 -0.469800
v -13.065280 -0.551714 -0.469800
v -13.065015 -0.519860 -0.469800
v -13.064828 -0.490499 -0.469800
v -13.064713 -0.463633 -0.469800
v -13.064677 -0.439260 -0.469800
v -13.065036 -0.347363 -0.469800
v -13.066113 -0.257581 -0.469800
v -13.067906 -0.169916 -0.469800
v -13.070420 -0.084367 -0.469800
v -13.073651 -0.000933 -0.469800
v -13.077600 0.080384 -0.469800
v -13.082267 0.159585 -0.469800
v -13.087651 0.236670 -0.469800
v -13.093753 0.311639 -0.469800
v -13.100575 0.384492 -0.469800
v -13.108113 0.455229 -0.469800
v -13.116370 0.523850 -0.469800
v -13.125175 0.575561 -0.469800
v -13.137984 0.622776 -0.469800
v -13.154799 0.665494 -0.469800
v -13.175620 0.703716 -0.469800
v -13.200444 0.737440 -0.469800
v -13.229276 0.766668 -0.469800
v -13.262113 0.791400 -0.469800
v -13.298955 0.811635 -0.469800
v -13.339803 0.827373 -0.469800
v -13.384656 0.838614 -0.469800
v -13.433515 0.845359 -0.469800
v -13.486379 0.847608 -0.469800
v -13.512811 0.846908 -0.469800
v -13.538602 0.844811 -0.469800
v -13.563748 0.841316 -0.469800
v -13.588254 0.836422 -0.469800
v -13.612115 0.830131 -0.469800
v -13.635335 0.822441 -0.469800
v -13.657912 0.813354 -0.469800
v -13.679847 0.802868 -0.469800
v -13.701140 0.790984 -0.469800
v -13.721791 0.777702 -0.469800
v -13.741799 0.763022 -0.469800
v -13.761165 0.746943 -0.469800
v -13.779359 0.729807 -0.469800
v -13.795852 0.711953 -0.469800
v -13.810645 0.693381 -0.469800
v -13.823739 0.674091 -0.469800
v -13.835132 0.654082 -0.469800
v -13.844825 0.633356 -0.469800
v -13.852817 0.611912 -0.469800
v -13.859107 0.589751 -0.469800
v -13.863698 0.566871 -0.469800
v -13.866590 0.543273 -0.469800
v -13.867780 0.518957 -0.469800
v -11.037793 0.107590 -0.469800
v -11.037774 0.085126 -0.469800
v -11.037717 0.063984 -0.469800
v -11.037623 0.044165 -0.469800
v -11.037490 0.025669 -0.469800
v -11.037320 0.008495 -0.469800
v -11.037112 -0.007357 -0.469800
v -11.036866 -0.021886 -0.469800
v -11.036582 -0.035093 -0.469800
v -11.036262 -0.046977 -0.469800
v -11.035903 -0.057538 -0.469800
v -11.035508 -0.066777 -0.469800
v -11.035073 -0.074693 -0.469800
v -11.028705 -0.141179 -0.469800
v -11.017766 -0.201884 -0.469800
v -11.002254 -0.256807 -0.469800
v -10.982171 -0.305948 -0.469800
v -10.957515 -0.349309 -0.469800
v -10.928287 -0.386888 -0.469800
v -10.894486 -0.418685 -0.469800
v -10.856112 -0.444702 -0.469800
v -10.813169 -0.464936 -0.469800
v -10.765653 -0.479390 -0.469800
v -10.713565 -0.488062 -0.469800
v -10.656901 -0.490953 -0.469800
v -10.602149 -0.488497 -0.469800
v -10.552157 -0.481128 -0.469800
v -10.506925 -0.468848 -0.469800
v -10.466456 -0.451655 -0.469800
v -10.430747 -0.429549 -0.469800
v -10.399798 -0.402532 -0.469800
v -10.373612 -0.370602 -0.469800
v -10.352187 -0.333760 -0.469800
v -10.335525 -0.292005 -0.469800
v -10.323621 -0.245338 -0.469800
v -10.316480 -0.193759 -0.469800
v -10.314099 -0.137268 -0.469800
v -10.300496 0.137518 -0.469800
v -10.200889 0.118190 -0.469800
v -10.106120 0.092854 -0.469800
v -10.016187 0.061509 -0.469800
v -9.931092 0.024157 -0.469800
v -9.850833 -0.019203 -0.469800
v -9.775411 -0.068572 -0.469800
v -9.704825 -0.123948 -0.469800
v -9.639075 -0.185333 -0.469800
v -9.578162 -0.252726 -0.469800
v -9.522086 -0.326127 -0.469800
v -9.470849 -0.405536 -0.469800
v -9.424447 -0.490953 -0.469800
v -9.427167 -1.859440 -0.469800
v -9.426429 -1.884918 -0.469800
v -9.424218 -1.909659 -0.469800
v -9.420535 -1.933663 -0.469800
v -9.415378 -1.956930 -0.469800
v -9.408746 -1.979461 -0.469800
v -9.400641 -2.001254 -0.469800
v -9.391063 -2.022311 -0.469800
v -9.380008 -2.042631 -0.469800
v -9.367482 -2.062214 -0.469800
v -9.353482 -2.081060 -0.469800
v -9.338008 -2.099169 -0.469800
v -9.321061 -2.116542 -0.469800
v -9.302979 -2.132837 -0.469800
v -9.284104 -2.147716 -0.469800
v -9.264436 -2.161177 -0.469800
v -9.243974 -2.173222 -0.469800
v -9.222718 -2.183850 -0.469800
v -9.200667 -2.193060 -0.469800
v -9.177825 -2.200854 -0.469800
v -9.154189 -2.207230 -0.469800
v -9.129760 -2.212190 -0.469800
v -9.104537 -2.215732 -0.469800
v -9.078523 -2.217858 -0.469800
v -9.051719 -2.218566 -0.469800
v -9.024135 -2.217810 -0.469800
v -8.997607 -2.215543 -0.469800
v -8.972138 -2.211765 -0.469800
v -8.947728 -2.206474 -0.469800
v -8.924376 -2.199673 -0.469800
v -8.902083 -2.191360 -0.469800
v -8.880845 -2.181535 -0.469800
v -8.860667 -2.170199 -0.469800
v -8.841548 -2.157351 -0.469800
v -8.823485 -2.142992 -0.469800
v -8.806481 -2.127122 -0.469800
v -8.790534 -2.109740 -0.469800
v -8.776628 -2.093038 -0.469800
v -8.763932 -2.075581 -0.469800
v -8.752446 -2.057368 -0.469800
v -8.742167 -2.038399 -0.469800
v -8.733098 -2.018674 -0.469800
v -8.725238 -1.998194 -0.469800
v -8.718589 -1.976957 -0.469800
v -8.713147 -1.954965 -0.469800
v -8.708915 -1.932218 -0.469800
v -8.705892 -1.908714 -0.469800
v -8.704078 -1.884455 -0.469800
v -8.703475 -1.859440 -0.469800
v -8.703475 -0.077414 -0.469800
v -8.703511 -0.062781 -0.469800
v -8.703626 -0.046996 -0.469800
v -8.703815 -0.030057 -0.469800
v -8.704080 -0.011967 -0.469800
v -8.704419 0.007276 -0.469800
v -8.704835 0.027672 -0.469800
v -8.705327 0.049219 -0.469800
v -8.705894 0.071920 -0.469800
v -8.706536 0.095773 -0.469800
v -8.707255 0.120778 -0.469800
v -8.708049 0.146936 -0.469800
v -8.708915 0.174247 -0.469800
v -8.709785 0.201557 -0.469800
v -8.710578 0.227715 -0.469800
v -8.711297 0.252720 -0.469800
v -8.711940 0.276573 -0.469800
v -8.712506 0.299273 -0.469800
v -8.712998 0.320821 -0.469800
v -8.713414 0.341217 -0.469800
v -8.713754 0.360460 -0.469800
v -8.714019 0.378550 -0.469800
v -8.714208 0.395488 -0.469800
v -8.714320 0.411274 -0.469800
v -8.714356 0.425907 -0.469800
v -8.714990 0.450950 -0.469800
v -8.716887 0.475294 -0.469800
v -8.720052 0.498939 -0.469800
v -8.724483 0.521885 -0.469800
v -8.730178 0.544132 -0.469800
v -8.737140 0.565680 -0.469800
v -8.745368 0.586529 -0.469800
v -8.754863 0.606679 -0.469800
v -8.765624 0.626129 -0.469800
v -8.777650 0.644881 -0.469800
v -8.790940 0.662934 -0.469800
v -8.805499 0.680288 -0.469800
v -8.821227 0.696583 -0.469800
v -8.838033 0.711462 -0.469800
v -8.855914 0.724923 -0.469800
v -8.874873 0.736968 -0.469800
v -8.894910 0.747595 -0.469800
v -8.916024 0.756806 -0.469800
v -8.938214 0.764599 -0.469800
v -8.961482 0.770976 -0.469800
v -8.985826 0.775935 -0.469800
v -9.011245 0.779478 -0.469800
v -9.037744 0.781603 -0.469800
v -9.065320 0.782312 -0.469800
v -9.113952 0.780158 -0.469800
v -9.159184 0.773696 -0.469800
v -9.201015 0.762927 -0.469800
v -9.239442 0.747850 -0.469800
v -9.274472 0.728466 -0.469800
v -9.306100 0.704773 -0.469800
v -9.334325 0.676773 -0.469800
v -9.359151 0.644465 -0.469800
v -9.380576 0.607850 -0.469800
v -9.398601 0.566927 -0.469800
v -9.413222 0.521696 -0.469800
v -9.424447 0.472158 -0.469800
v -9.505443 0.529518 -0.469800
v -9.587911 0.581891 -0.469800
v -9.671855 0.629275 -0.469800
v -9.757272 0.671672 -0.469800
v -9.844163 0.709081 -0.469800
v -9.932527 0.741502 -0.469800
v -10.022367 0.768935 -0.469800
v -10.113679 0.791381 -0.469800
v -10.206464 0.808838 -0.469800
v -10.300723 0.821308 -0.469800
v -10.396457 0.828790 -0.469800
v -10.493663 0.831284 -0.469800
v -10.580573 0.826258 -0.469800
v -10.659925 0.811181 -0.469800
v -10.731719 0.786053 -0.469800
v -10.795957 0.750873 -0.469800
v -10.852637 0.705642 -0.469800
v -10.901761 0.650360 -0.469800
v -10.943326 0.585027 -0.469800
v -10.977334 0.509642 -0.469800
v -11.003785 0.424206 -0.469800
v -11.022679 0.328719 -0.469800
v -11.034015 0.223180 -0.469800
v -8.261369 -2.120623 -0.469800
v -8.242768 -2.135832 -0.469800
v -8.223695 -2.149719 -0.469800
v -8.204150 -2.162283 -0.469800
v -8.184131 -2.173524 -0.469800
v -8.163642 -2.183443 -0.469800
v -8.142678 -2.192040 -0.469800
v -8.121243 -2.199314 -0.469800
v -8.099336 -2.205265 -0.469800
v -8.076957 -2.209894 -0.469800
v -8.054105 -2.213201 -0.469800
v -8.030782 -2.215184 -0.469800
v -8.006988 -2.215846 -0.469800
v -7.985108 -2.213956 -0.469800
v -7.961190 -2.208288 -0.469800
v -7.935229 -2.198842 -0.469800
v -7.907229 -2.185616 -0.469800
v -7.877189 -2.168612 -0.469800
v -7.845107 -2.147829 -0.469800
v -7.810985 -2.123268 -0.469800
v -7.774823 -2.094928 -0.469800
v -7.736619 -2.062809 -0.469800
v -7.696376 -2.026911 -0.469800
v -7.654094 -1.987235 -0.469800
v -7.609773 -1.943780 -0.469800
v -7.568471 -1.963326 -0.469800
v -7.528003 -1.982059 -0.469800
v -7.488364 -1.999979 -0.469800
v -7.449555 -2.017087 -0.469800
v -7.411582 -2.033382 -0.469800
v -7.374436 -2.048866 -0.469800
v -7.338124 -2.063536 -0.469800
v -7.302642 -2.077394 -0.469800
v -7.267993 -2.090441 -0.469800
v -7.234174 -2.102674 -0.469800
v -7.201186 -2.114095 -0.469800
v -7.169028 -2.124704 -0.469801
v -7.137685 -2.134481 -0.469801
v -7.107133 -2.143408 -0.469801
v -7.077376 -2.151485 -0.469801
v -7.048413 -2.158712 -0.469801
v -7.020242 -2.165088 -0.469801
v -6.992866 -2.170615 -0.469801
v -6.966281 -2.175291 -0.469801
v -6.940492 -2.179117 -0.469801
v -6.915494 -2.182092 -0.469801
v -6.891294 -2.184218 -0.469801
v -6.867885 -2.185493 -0.469801
v -6.845271 -2.185918 -0.469801
v -6.738267 -2.183481 -0.469801
v -6.635818 -2.176169 -0.469801
v -6.537921 -2.163983 -0.469801
v -6.444579 -2.146922 -0.469801
v -6.355788 -2.124987 -0.469801
v -6.271552 -2.098177 -0.469801
v -6.191869 -2.066493 -0.469801
v -6.116738 -2.029934 -0.469801
v -6.046161 -1.988501 -0.469801
v -5.980136 -1.942193 -0.469801
v -5.918666 -1.891011 -0.469801
v -5.861754 -1.834954 -0.469801
v -5.809392 -1.774042 -0.469801
v -5.761582 -1.708293 -0.469801
v -5.718326 -1.637707 -0.469801
v -5.679624 -1.562285 -0.469801
v -5.645473 -1.482025 -0.469801
v -5.615876 -1.396930 -0.469801
v -5.590833 -1.306997 -0.469801
v -5.570342 -1.212228 -0.469801
v -5.554405 -1.112622 -0.469801
v -5.543021 -1.008179 -0.469801
v -5.536191 -0.898899 -0.469801
v -5.533917 -0.784783 -0.469801
v -5.537279 -0.676817 -0.469801
v -5.547367 -0.571477 -0.469801
v -5.564182 -0.468763 -0.469801
v -5.587723 -0.368675 -0.469801
v -5.617990 -0.271213 -0.469801
v -5.654983 -0.176378 -0.469801
v -5.698701 -0.084168 -0.469801
v -5.749146 0.005415 -0.469801
v -5.806319 0.092372 -0.469801
v -5.870215 0.176702 -0.469801
v -5.940841 0.258407 -0.469801
v -6.018191 0.337485 -0.469801
v -6.100228 0.412010 -0.469801
v -6.184909 0.480055 -0.469801
v -6.272233 0.541619 -0.469801
v -6.362203 0.596703 -0.469801
v -6.454818 0.645306 -0.469801
v -6.550078 0.687429 -0.469801
v -6.647985 0.723071 -0.469801
v -6.748536 0.752233 -0.469801
v -6.851731 0.774915 -0.469801
v -6.957574 0.791116 -0.469801
v -7.066060 0.800836 -0.469801
v -7.177190 0.804077 -0.469801
v -7.220834 0.803057 -0.469801
v -7.265613 0.799996 -0.469801
v -7.311522 0.794895 -0.469801
v -7.358567 0.787753 -0.469801
v -7.406747 0.778571 -0.469801
v -7.456058 0.767348 -0.469801
v -7.506503 0.754085 -0.469801
v -7.558082 0.738781 -0.469801
v -7.610795 0.721437 -0.469801
v -7.664643 0.702053 -0.469801
v -7.719623 0.680628 -0.469801
v -7.775733 0.657162 -0.469801
v -7.841350 0.627291 -0.469801
v -7.901261 0.596627 -0.469801
v -7.955466 0.565170 -0.469801
v -8.003966 0.532919 -0.469801
v -8.046760 0.499874 -0.469801
v -8.083848 0.466036 -0.469801
v -8.115230 0.431404 -0.469801
v -8.140904 0.395979 -0.469801
v -8.160874 0.359761 -0.469801
v -8.175139 0.322748 -0.469801
v -8.183698 0.284943 -0.469801
v -8.186551 0.246344 -0.469801
v -8.186116 0.230190 -0.469801
v -8.184813 0.214376 -0.469801
v -8.182639 0.198902 -0.469801
v -8.179599 0.183769 -0.469801
v -8.175687 0.168975 -0.469801
v -8.170909 0.154521 -0.469801
v -8.165259 0.140408 -0.469801
v -8.158740 0.126635 -0.469801
v -8.151353 0.113202 -0.469801
v -8.143096 0.100108 -0.469801
v -8.133971 0.087356 -0.469801
v -8.123977 0.074943 -0.469801
v -8.119529 0.056418 -0.469801
v -8.115249 0.037118 -0.469801
v -8.111140 0.017044 -0.469801
v -8.107202 -0.003805 -0.469801
v -8.103433 -0.025429 -0.469801
v -8.099833 -0.047827 -0.469801
v -8.096404 -0.070999 -0.469801
v -8.093144 -0.094947 -0.469801
v -8.090055 -0.119669 -0.469801
v -8.087134 -0.145165 -0.469801
v -8.084386 -0.171437 -0.469801
v -8.081805 -0.198483 -0.469801
v -8.079415 -0.226303 -0.469801
v -8.077233 -0.254899 -0.469801
v -8.075257 -0.284268 -0.469801
v -8.073493 -0.314413 -0.469801
v -8.071933 -0.345332 -0.469800
v -8.070582 -0.377026 -0.469800
v -8.069440 -0.409494 -0.469800
v -8.068503 -0.442737 -0.469800
v -8.067777 -0.476754 -0.469800
v -8.067258 -0.511547 -0.469800
v -8.066945 -0.547113 -0.469800
v -8.066842 -0.583455 -0.469800
v -8.067351 -0.668041 -0.469800
v -8.068883 -0.748583 -0.469800
v -8.071433 -0.825083 -0.469800
v -8.075004 -0.897539 -0.469800
v -8.079595 -0.965952 -0.469800
v -8.085206 -1.030322 -0.469800
v -8.091838 -1.090648 -0.469800
v -8.099490 -1.146932 -0.469800
v -8.108161 -1.199172 -0.469800
v -8.117854 -1.247369 -0.469800
v -8.128566 -1.291523 -0.469800
v -8.140300 -1.331634 -0.469800
v -8.142417 -1.337340 -0.469800
v -8.146045 -1.346295 -0.469800
v -8.151183 -1.358500 -0.469800
v -8.157834 -1.373955 -0.469800
v -8.165996 -1.392660 -0.469800
v -8.175670 -1.414614 -0.469800
v -8.186852 -1.439818 -0.469800
v -8.199550 -1.468271 -0.469800
v -8.213758 -1.499974 -0.469800
v -8.229476 -1.534927 -0.469800
v -8.246707 -1.573129 -0.469800
v -8.265450 -1.614582 -0.469800
v -8.282397 -1.652180 -0.469800
v -8.297872 -1.686981 -0.469800
v -8.311872 -1.718987 -0.469800
v -8.324397 -1.748196 -0.469800
v -8.335450 -1.774609 -0.469800
v -8.345029 -1.798226 -0.469800
v -8.353135 -1.819046 -0.469800
v -8.359767 -1.837070 -0.469800
v -8.364924 -1.852299 -0.469800
v -8.368609 -1.864730 -0.469800
v -8.370820 -1.874366 -0.469800
v -8.371554 -1.881205 -0.469800
v -8.370790 -1.904898 -0.469800
v -8.368493 -1.927910 -0.469800
v -8.364669 -1.950242 -0.469800
v -8.359313 -1.971894 -0.469800
v -8.352426 -1.992866 -0.469800
v -8.344008 -2.013157 -0.469800
v -8.334062 -2.032768 -0.469800
v -8.322585 -2.051700 -0.469800
v -8.309577 -2.069951 -0.469800
v -8.295037 -2.087522 -0.469800
v -8.278968 -2.104412 -0.469800
v -7.413886 -1.318031 -0.469801
v -7.400851 -1.212379 -0.469801
v -7.388947 -1.111261 -0.469801
v -7.378179 -1.014678 -0.469801
v -7.368541 -0.922629 -0.469801
v -7.360040 -0.835115 -0.469801
v -7.352672 -0.752135 -0.469801
v -7.346437 -0.673690 -0.469801
v -7.341334 -0.599779 -0.469801
v -7.337367 -0.530402 -0.469801
v -7.334533 -0.465560 -0.469801
v -7.332833 -0.405252 -0.469801
v -7.332267 -0.349479 -0.469801
v -7.332353 -0.334789 -0.469801
v -7.332608 -0.319741 -0.469801
v -7.333034 -0.304333 -0.469801
v -7.333631 -0.288567 -0.469801
v -7.334395 -0.272441 -0.469801
v -7.335330 -0.255957 -0.469801
v -7.336436 -0.239113 -0.469801
v -7.337710 -0.221911 -0.469801
v -7.339156 -0.204349 -0.469801
v -7.340770 -0.186429 -0.469801
v -7.342555 -0.168149 -0.469801
v -7.344510 -0.149511 -0.469801
v -7.346637 -0.130514 -0.469801
v -7.348933 -0.111157 -0.469801
v -7.351398 -0.091442 -0.469801
v -7.354033 -0.071368 -0.469801
v -7.356841 -0.050934 -0.469801
v -7.359817 -0.030142 -0.469801
v -7.362962 -0.008991 -0.469801
v -7.366277 0.012519 -0.469801
v -7.369763 0.034388 -0.469801
v -7.373418 0.056616 -0.469801
v -7.377242 0.079204 -0.469801
v -7.381238 0.102149 -0.469801
v -7.372254 0.106580 -0.469801
v -7.363441 0.110802 -0.469801
v -7.354798 0.114817 -0.469801
v -7.346324 0.118624 -0.469801
v -7.338021 0.122223 -0.469801
v -7.329886 0.125615 -0.469801
v -7.321923 0.128798 -0.469801
v -7.314130 0.131774 -0.469801
v -7.306504 0.134542 -0.469801
v -7.299050 0.137102 -0.469801
v -7.291768 0.139454 -0.469801
v -7.284656 0.141599 -0.469801
v -7.277713 0.143554 -0.469801
v -7.270940 0.145339 -0.469801
v -7.264337 0.146955 -0.469801
v -7.257905 0.148400 -0.469801
v -7.251641 0.149676 -0.469801
v -7.245547 0.150781 -0.469801
v -7.239625 0.151716 -0.469801
v -7.233871 0.152481 -0.469801
v -7.228288 0.153076 -0.469801
v -7.222873 0.153501 -0.469801
v -7.217629 0.153756 -0.469801
v -7.212558 0.153841 -0.469801
v -7.151532 0.151829 -0.469801
v -7.091792 0.145793 -0.469801
v -7.033336 0.135732 -0.469801
v -6.976165 0.121647 -0.469801
v -6.920278 0.103538 -0.469801
v -6.865674 0.081404 -0.469801
v -6.812358 0.055246 -0.469801
v -6.760325 0.025064 -0.469801
v -6.709579 -0.009142 -0.469801
v -6.660115 -0.047373 -0.469801
v -6.611936 -0.089628 -0.469801
v -6.565043 -0.135908 -0.469801
v -6.520719 -0.184832 -0.469801
v -6.480250 -0.235023 -0.469801
v -6.443635 -0.286479 -0.469801
v -6.410872 -0.339201 -0.469801
v -6.381965 -0.393189 -0.469801
v -6.356912 -0.448442 -0.469801
v -6.335715 -0.504962 -0.469801
v -6.318370 -0.562748 -0.469801
v -6.304881 -0.621799 -0.469801
v -6.295243 -0.682116 -0.469801
v -6.289462 -0.743699 -0.469801
v -6.287536 -0.806548 -0.469801
v -6.288444 -0.866053 -0.469801
v -6.291163 -0.923045 -0.469801
v -6.295697 -0.977524 -0.469801
v -6.302047 -1.029490 -0.469801
v -6.310208 -1.078944 -0.469801
v -6.320184 -1.125885 -0.469801
v -6.331973 -1.170313 -0.469801
v -6.345576 -1.212228 -0.469801
v -6.360993 -1.251630 -0.469801
v -6.378224 -1.288519 -0.469801
v -6.397269 -1.322896 -0.469801
v -6.418128 -1.354759 -0.469801
v -6.440801 -1.384091 -0.469801
v -6.465285 -1.410873 -0.469801
v -6.491586 -1.435104 -0.469801
v -6.519698 -1.456784 -0.469801
v -6.549624 -1.475914 -0.469801
v -6.581367 -1.492492 -0.469801
v -6.614921 -1.506521 -0.469801
v -6.650290 -1.517999 -0.469801
v -6.687470 -1.526926 -0.469801
v -6.726468 -1.533302 -0.469801
v -6.767278 -1.537128 -0.469801
v -6.809901 -1.538404 -0.469801
v -6.837893 -1.538016 -0.469801
v -6.865638 -1.536854 -0.469801
v -6.893138 -1.534918 -0.469801
v -6.920392 -1.532206 -0.469801
v -6.947398 -1.528721 -0.469801
v -6.974162 -1.524460 -0.469801
v -7.000678 -1.519425 -0.469801
v -7.026950 -1.513615 -0.469801
v -7.052976 -1.507031 -0.469801
v -7.078755 -1.499672 -0.469801
v -7.104291 -1.491538 -0.469801
v -7.129579 -1.482630 -0.469801
v -7.154622 -1.472966 -0.469801
v -7.179420 -1.462565 -0.469801
v -7.203971 -1.451428 -0.469801
v -7.228278 -1.439553 -0.469801
v -7.252339 -1.426942 -0.469801
v -7.276155 -1.413594 -0.469801
v -7.299724 -1.399508 -0.469801
v -7.323047 -1.384687 -0.469801
v -7.346126 -1.369128 -0.469801
v -7.368958 -1.352832 -0.469801
v -7.391545 -1.335800 -0.469801
v -2.282739 -1.350678 -0.469801
v -2.247672 -1.234106 -0.469801
v -2.213211 -1.116551 -0.469801
v -2.179354 -0.998014 -0.469801
v -2.146101 -0.878495 -0.469801
v -2.113453 -0.757992 -0.469801
v -2.081410 -0.636508 -0.469801
v -2.049972 -0.514041 -0.469801
v -2.019137 -0.390591 -0.469801
v -1.988908 -0.266159 -0.469801
v -1.959283 -0.140745 -0.469801
v -1.930263 -0.014348 -0.469801
v -1.901848 0.113032 -0.469801
v -1.880763 0.036457 -0.469801
v -1.858317 -0.046353 -0.469801
v -1.834511 -0.135398 -0.469801
v -1.809345 -0.230677 -0.469801
v -1.782819 -0.332192 -0.469801
v -1.754932 -0.439941 -0.469801
v -1.725685 -0.553925 -0.469801
v -1.695078 -0.674143 -0.469801
v -1.663111 -0.800597 -0.469801
v -1.629782 -0.933285 -0.469801
v -1.595094 -1.072209 -0.469801
v -1.559045 -1.217367 -0.469801
v -1.550448 -1.268587 -0.469801
v -1.541890 -1.319769 -0.469801
v -1.533369 -1.370913 -0.469801
v -1.524886 -1.422020 -0.469801
v -1.516440 -1.473089 -0.469801
v -1.508034 -1.524120 -0.469801
v -1.499663 -1.575113 -0.469801
v -1.491332 -1.626069 -0.469801
v -1.483037 -1.676987 -0.469801
v -1.474781 -1.727867 -0.469801
v -1.466562 -1.778709 -0.469801
v -1.458382 -1.829513 -0.469801
v -1.438487 -1.891219 -0.469801
v -1.415985 -1.947559 -0.469801
v -1.390875 -1.998533 -0.469801
v -1.363158 -2.044142 -0.469801
v -1.332834 -2.084385 -0.469801
v -1.299904 -2.119262 -0.469801
v -1.264365 -2.148774 -0.469801
v -1.226219 -2.172920 -0.469801
v -1.185467 -2.191700 -0.469801
v -1.142106 -2.205114 -0.469801
v -1.096138 -2.213163 -0.469801
v -1.047564 -2.215846 -0.469801
v -1.016823 -2.214957 -0.469801
v -0.987180 -2.212294 -0.469801
v -0.958632 -2.207854 -0.469801
v -0.931181 -2.201638 -0.469801
v -0.904824 -2.193646 -0.469801
v -0.879564 -2.183878 -0.469801
v -0.855400 -2.172334 -0.469801
v -0.832332 -2.159014 -0.469801
v -0.810360 -2.143918 -0.469801
v -0.789483 -2.127047 -0.469801
v -0.769702 -2.108399 -0.469801
v -0.751012 -2.087975 -0.469801
v -0.736238 -2.069554 -0.469801
v -0.722748 -2.050566 -0.469801
v -0.710543 -2.031011 -0.469801
v -0.699622 -2.010890 -0.469801
v -0.689986 -1.990201 -0.469801
v -0.681636 -1.968946 -0.469801
v -0.674569 -1.947125 -0.469801
v -0.668788 -1.924736 -0.469801
v -0.664291 -1.901780 -0.469801
v -0.661079 -1.878258 -0.469801
v -0.659152 -1.854169 -0.469801
v -0.658510 -1.829513 -0.469801
v -0.659814 -1.754714 -0.469801
v -0.663725 -1.677232 -0.469801
v -0.670243 -1.597067 -0.469801
v -0.679369 -1.514220 -0.469801
v -0.691102 -1.428689 -0.469801
v -0.705442 -1.340476 -0.469801
v -0.722389 -1.249580 -0.469801
v -0.741944 -1.156001 -0.469801
v -0.764106 -1.059739 -0.469801
v -0.788876 -0.960794 -0.469801
v -0.816252 -0.859166 -0.469801
v -0.846235 -0.754856 -0.469801
v -0.891145 -0.602481 -0.469801
v -0.932465 -0.461857 -0.469801
v -0.970196 -0.332985 -0.469801
v -1.004335 -0.215865 -0.469801
v -1.034886 -0.110496 -0.469801
v -1.061847 -0.016879 -0.469801
v -1.085217 0.064986 -0.469801
v -1.104999 0.135099 -0.469801
v -1.121191 0.193461 -0.469801
v -1.133793 0.240071 -0.469801
v -1.142805 0.274929 -0.469801
v -1.148227 0.298036 -0.469801
v -1.161396 0.367866 -0.469801
v -1.174603 0.437696 -0.469801
v -1.187846 0.507526 -0.469801
v -1.201129 0.577356 -0.469801
v -1.214449 0.647186 -0.469801
v -1.227807 0.717016 -0.469801
v -1.241202 0.786846 -0.469801
v -1.254636 0.856676 -0.469801
v -1.268107 0.926506 -0.469801
v -1.281616 0.996336 -0.469801
v -1.295163 1.066166 -0.469801
v -1.308746 1.135997 -0.469801
v -1.329292 1.229453 -0.469801
v -1.350122 1.317562 -0.469801
v -1.371236 1.400325 -0.469801
v -1.392632 1.477741 -0.469801
v -1.414313 1.549809 -0.469801
v -1.436276 1.616531 -0.469801
v -1.458523 1.677907 -0.469801
v -1.481054 1.733935 -0.469801
v -1.503867 1.784616 -0.469801
v -1.526965 1.829951 -0.469801
v -1.550344 1.869939 -0.469801
v -1.574009 1.904580 -0.469801
v -1.598334 1.935216 -0.469801
v -1.623699 1.963187 -0.469801
v -1.650103 1.988495 -0.469801
v -1.677545 2.011139 -0.469801
v -1.706027 2.031118 -0.469801
v -1.735548 2.048434 -0.469801
v -1.766108 2.063086 -0.469801
v -1.797707 2.075074 -0.469801
v -1.830345 2.084398 -0.469801
v -1.864023 2.091057 -0.469801
v -1.898739 2.095054 -0.469801
v -1.934496 2.096386 -0.469801
v -1.974852 2.094648 -0.469801
v -2.013394 2.089434 -0.469801
v -2.050123 2.080743 -0.469801
v -2.085038 2.068575 -0.469801
v -2.118140 2.052931 -0.469801
v -2.149426 2.033811 -0.469801
v -2.178901 2.011215 -0.469801
v -2.206560 1.985142 -0.469801
v -2.232407 1.955592 -0.469801
v -2.256439 1.922567 -0.469801
v -2.278658 1.886065 -0.469801
v -2.299063 1.846086 -0.469801
v -2.317313 1.803198 -0.469801
v -2.335792 1.753433 -0.469801
v -2.354496 1.696791 -0.469801
v -2.373427 1.633271 -0.469801
v -2.392586 1.562874 -0.469801
v -2.411970 1.485600 -0.469801
v -2.431581 1.401449 -0.469801
v -2.451419 1.310421 -0.469801
v -2.471483 1.212515 -0.469801
v -2.491775 1.107732 -0.469801
v -2.512293 0.996072 -0.469801
v -2.533038 0.877535 -0.469801
v -2.553802 0.758431 -0.469801
v -2.576191 0.637815 -0.469801
v -2.600204 0.515688 -0.469801
v -2.625843 0.392050 -0.469801
v -2.653106 0.266900 -0.469801
v -2.681993 0.140238 -0.469801
v -2.712507 0.012065 -0.469801
v -2.744644 -0.117619 -0.469801
v -2.778407 -0.248815 -0.469801
v -2.813794 -0.381522 -0.469801
v -2.850807 -0.515741 -0.469801
v -2.889444 -0.651471 -0.469801
v -2.940834 -0.515703 -0.469801
v -2.991619 -0.377743 -0.469801
v -3.041800 -0.237592 -0.469801
v -3.091376 -0.095249 -0.469801
v -3.140348 0.049285 -0.469801
v -3.188715 0.196012 -0.469801
v -3.236478 0.344929 -0.469801
v -3.283635 0.496039 -0.469801
v -3.330189 0.649340 -0.469801
v -3.376138 0.804833 -0.469801
v -3.421482 0.962517 -0.469801
v -3.466222 1.122393 -0.469801
v -3.618578 1.748143 -0.469801
v -3.644179 1.810283 -0.469801
v -3.672009 1.867020 -0.469801
v -3.702068 1.918354 -0.469801
v -3.734357 1.964284 -0.469801
v -3.768875 2.004810 -0.469801
v -3.805623 2.039933 -0.469801
v -3.844601 2.069653 -0.469801
v -3.885807 2.093968 -0.469801
v -3.929243 2.112881 -0.469801
v -3.974909 2.126390 -0.469801
v -4.022804 2.134495 -0.469801
v -4.072927 2.137196 -0.469801
v -4.121294 2.134060 -0.469801
v -4.167544 2.124651 -0.469801
v -4.211679 2.108970 -0.469801
v -4.253697 2.087015 -0.469801
v -4.293600 2.058788 -0.469801
v -4.331387 2.024289 -0.469801
v -4.367057 1.983517 -0.469801
v -4.400611 1.936473 -0.469801
v -4.432050 1.883156 -0.469801
v -4.461371 1.823566 -0.469801
v -4.488578 1.757704 -0.469801
v -4.513673 1.685568 -0.469801
v -4.523705 1.652996 -0.469801
v -4.533851 1.616040 -0.469801
v -4.544110 1.574702 -0.469801
v -4.554482 1.528980 -0.469801
v -4.564968 1.478874 -0.469801
v -4.575567 1.424386 -0.469801
v -4.586280 1.365514 -0.469801
v -4.597106 1.302259 -0.469801
v -4.608046 1.234620 -0.469801
v -4.619098 1.162599 -0.469801
v -4.630263 1.086194 -0.469801
v -4.641542 1.005405 -0.469801
v -4.668409 0.814544 -0.469801
v -4.696409 0.628293 -0.469801
v -4.725543 0.446651 -0.469801
v -4.755811 0.269620 -0.469801
v -4.787212 0.097199 -0.469801
v -4.819746 -0.070612 -0.469801
v -4.853415 -0.233814 -0.469801
v -4.888216 -0.392405 -0.469801
v -4.924151 -0.546386 -0.469801
v -4.961220 -0.695757 -0.469801
v -4.999422 -0.840518 -0.469801
v -5.038758 -0.980670 -0.469801
v -5.077434 -1.115456 -0.469801
v -5.112745 -1.239585 -0.469801
v -5.144694 -1.353059 -0.469801
v -5.173280 -1.455877 -0.469801
v -5.198503 -1.548039 -0.469801
v -5.220362 -1.629545 -0.469801
v -5.238858 -1.700396 -0.469801
v -5.253992 -1.760590 -0.469801
v -5.265762 -1.810128 -0.469801
v -5.274170 -1.849011 -0.469801
v -5.279214 -1.877238 -0.469801
v -5.280897 -1.894809 -0.469801
v -5.280009 -1.921203 -0.469801
v -5.277345 -1.946879 -0.469801
v -5.272905 -1.971837 -0.469801
v -5.266689 -1.996077 -0.469801
v -5.258698 -2.019600 -0.469801
v -5.248929 -2.042404 -0.469801
v -5.237385 -2.064490 -0.469801
v -5.224065 -2.085859 -0.469801
v -5.208969 -2.106509 -0.469801
v -5.192097 -2.126442 -0.469801
v -5.173449 -2.145657 -0.469801
v -5.153025 -2.164153 -0.469801
v -5.132866 -2.179797 -0.469801
v -5.112290 -2.194080 -0.469801
v -5.091300 -2.207003 -0.469801
v -5.069894 -2.218566 -0.469801
v -5.048072 -2.228769 -0.469801
v -5.025834 -2.237611 -0.469801
v -5.003181 -2.245092 -0.469801
v -4.980112 -2.251214 -0.469801
v -4.956627 -2.255975 -0.469801
v -4.932727 -2.259376 -0.469801
v -4.908411 -2.261416 -0.469801
v -4.883681 -2.262097 -0.469801
v -4.835314 -2.259149 -0.469801
v -4.789062 -2.250307 -0.469801
v -4.744928 -2.235570 -0.469801
v -4.702909 -2.214939 -0.469801
v -4.663008 -2.188412 -0.469801
v -4.625221 -2.155991 -0.469801
v -4.589551 -2.117675 -0.469801
v -4.555996 -2.073465 -0.469801
v -4.524558 -2.023360 -0.469801
v -4.495235 -1.967359 -0.469801
v -4.468030 -1.905465 -0.469801
v -4.442936 -1.837675 -0.469801
v -4.290580 -1.179277 -0.469801
v -4.268663 -1.094692 -0.469801
v -4.246444 -1.004173 -0.469801
v -4.223923 -0.907722 -0.469801
v -4.201099 -0.805339 -0.469801
v -4.177975 -0.697023 -0.469801
v -4.154547 -0.582775 -0.469801
v -4.130816 -0.462594 -0.469801
v -4.106784 -0.336480 -0.469801
v -4.082449 -0.204434 -0.469801
v -4.057812 -0.066456 -0.469801
v -4.032872 0.077455 -0.469801
v -4.007631 0.227299 -0.469801
v -3.986112 0.163647 -0.469801
v -3.962362 0.094214 -0.469801
v -3.936384 0.018999 -0.469801
v -3.908176 -0.061997 -0.469801
v -3.877739 -0.148774 -0.469801
v -3.845072 -0.241333 -0.469801
v -3.810176 -0.339673 -0.469801
v -3.773050 -0.443795 -0.469801
v -3.733696 -0.553698 -0.469801
v -3.692112 -0.669382 -0.469801
v -3.648298 -0.790848 -0.469801
v -3.602255 -0.918095 -0.469801
v -3.439016 -1.418695 -0.469801
v -3.422182 -1.467383 -0.469801
v -3.405234 -1.514598 -0.469801
v -3.388174 -1.560339 -0.469801
v -3.371000 -1.604606 -0.469801
v -3.353712 -1.647400 -0.469801
v -3.336311 -1.688719 -0.469801
v -3.318797 -1.728566 -0.469801
v -3.301169 -1.766938 -0.469801
v -3.283428 -1.803837 -0.469801
v -3.265574 -1.839262 -0.469801
v -3.247606 -1.873214 -0.469801
v -3.229526 -1.905691 -0.469801
v -3.204700 -1.946104 -0.469801
v -3.178287 -1.983003 -0.469801
v -3.150287 -2.016388 -0.469801
v -3.120700 -2.046258 -0.469801
v -3.089525 -2.072615 -0.469801
v -3.056765 -2.095457 -0.469801
v -3.022416 -2.114785 -0.469801
v -2.986481 -2.130599 -0.469801
v -2.948958 -2.142898 -0.469801
v -2.909849 -2.151684 -0.469801
v -2.869152 -2.156955 -0.469801
v -2.826869 -2.158712 -0.469801
v -2.785076 -2.156615 -0.469801
v -2.744947 -2.150323 -0.469801
v -2.706480 -2.139837 -0.469801
v -2.669676 -2.125157 -0.469801
v -2.634534 -2.106283 -0.469801
v -2.601055 -2.083214 -0.469801
v -2.569239 -2.055951 -0.469801
v -2.539084 -2.024493 -0.469801
v -2.510593 -1.988841 -0.469801
v -2.483764 -1.948995 -0.469801
v -2.458598 -1.904954 -0.469801
v -2.435095 -1.856720 -0.469801
v 2.859292 0.605469 -0.469801
v 2.859462 0.612574 -0.469801
v 2.859972 0.614841 -0.469801
v 2.860822 0.612271 -0.469801
v 2.862012 0.604865 -0.469801
v 2.863543 0.592622 -0.469801
v 2.865413 0.575543 -0.469801
v 2.867623 0.553627 -0.469801
v 2.870174 0.526873 -0.469801
v 2.873065 0.495284 -0.469801
v 2.876295 0.458857 -0.469801
v 2.879866 0.417594 -0.469801
v 2.883778 0.371494 -0.469801
v 2.815610 0.447540 -0.469801
v 2.748047 0.516973 -0.469801
v 2.681089 0.579793 -0.469801
v 2.614735 0.636001 -0.469801
v 2.548986 0.685596 -0.469801
v 2.483841 0.728579 -0.469801
v 2.419302 0.764949 -0.469801
v 2.355367 0.794706 -0.469801
v 2.292036 0.817850 -0.469801
v 2.229310 0.834382 -0.469801
v 2.167189 0.844301 -0.469801
v 2.105671 0.847608 -0.469801
v 2.037390 0.845397 -0.469801
v 1.972208 0.838765 -0.469801
v 1.910124 0.827713 -0.469801
v 1.851139 0.812239 -0.469801
v 1.795252 0.792344 -0.469801
v 1.742463 0.768028 -0.469801
v 1.692774 0.739291 -0.469801
v 1.646183 0.706133 -0.469801
v 1.602691 0.668555 -0.469801
v 1.562296 0.626554 -0.469801
v 1.525001 0.580133 -0.469801
v 1.490805 0.529291 -0.469801
v 1.462899 0.553267 -0.469801
v 1.434502 0.576222 -0.469801
v 1.405614 0.598158 -0.469801
v 1.376234 0.619073 -0.469801
v 1.346364 0.638968 -0.469801
v 1.316002 0.657842 -0.469801
v 1.285150 0.675696 -0.469801
v 1.253805 0.692530 -0.469801
v 1.221971 0.708344 -0.469801
v 1.189643 0.723138 -0.469801
v 1.156825 0.736911 -0.469801
v 1.123517 0.749664 -0.469801
v 1.089735 0.761397 -0.469801
v 1.055501 0.772110 -0.469801
v 1.020812 0.781802 -0.469801
v 0.985670 0.790474 -0.469801
v 0.950075 0.798126 -0.469801
v 0.914027 0.804757 -0.469801
v 0.877525 0.810369 -0.469801
v 0.840569 0.814960 -0.469801
v 0.803160 0.818531 -0.469801
v 0.765298 0.821081 -0.469801
v 0.726982 0.822612 -0.469801
v 0.688212 0.823122 -0.469801
v 0.601718 0.819438 -0.469801
v 0.519985 0.808385 -0.469801
v 0.443013 0.789964 -0.469801
v 0.370802 0.764174 -0.469801
v 0.303353 0.731016 -0.469801
v 0.240665 0.690490 -0.469801
v 0.182737 0.642595 -0.469801
v 0.129571 0.587332 -0.469801
v 0.081166 0.524700 -0.469801
v 0.037522 0.454700 -0.469801
v -0.001360 0.377331 -0.469801
v -0.035481 0.292595 -0.469801
v -0.042113 0.270848 -0.469801
v -0.049312 0.241885 -0.469801
v -0.057076 0.205704 -0.469801
v -0.065409 0.162306 -0.469801
v -0.074307 0.111690 -0.469801
v -0.083774 0.053858 -0.469801
v -0.093805 -0.011192 -0.469801
v -0.104404 -0.083460 -0.469801
v -0.115570 -0.162944 -0.469801
v -0.127303 -0.249646 -0.469801
v -0.139603 -0.343565 -0.469801
v -0.152469 -0.444702 -0.469801
v -0.165467 -0.522240 -0.469801
v -0.179071 -0.607941 -0.469801
v -0.193278 -0.701803 -0.469801
v -0.208091 -0.803828 -0.469801
v -0.223508 -0.914014 -0.469801
v -0.239531 -1.032362 -0.469801
v -0.256156 -1.158873 -0.469801
v -0.273387 -1.293545 -0.469801
v -0.291223 -1.436379 -0.469801
v -0.309662 -1.587375 -0.469801
v -0.328707 -1.746533 -0.469801
v -0.348355 -1.913853 -0.469801
v -0.349281 -1.939322 -0.469801
v -0.348432 -1.964034 -0.469801
v -0.345805 -1.987991 -0.469801
v -0.341403 -2.011192 -0.469801
v -0.335224 -2.033638 -0.469801
v -0.327271 -2.055327 -0.469801
v -0.317541 -2.076261 -0.469801
v -0.306035 -2.096439 -0.469801
v -0.292753 -2.115862 -0.469801
v -0.277696 -2.134528 -0.469801
v -0.260861 -2.152439 -0.469801
v -0.242251 -2.169595 -0.469801
v -0.222469 -2.185673 -0.469801
v -0.202121 -2.200353 -0.469801
v -0.181206 -2.213635 -0.469801
v -0.159724 -2.225519 -0.469801
v -0.137675 -2.236005 -0.469801
v -0.115060 -2.245093 -0.469801
v -0.091877 -2.252782 -0.469801
v -0.068129 -2.259074 -0.469801
v -0.043813 -2.263967 -0.469801
v -0.018930 -2.267462 -0.469801
v 0.006519 -2.269559 -0.469801
v 0.032536 -2.270258 -0.469801
v 0.082887 -2.268105 -0.469801
v 0.129647 -2.261643 -0.469801
v 0.172819 -2.250874 -0.469801
v 0.212400 -2.235797 -0.469801
v 0.248393 -2.216412 -0.469801
v 0.280795 -2.192720 -0.469801
v 0.309608 -2.164720 -0.469801
v 0.334830 -2.132412 -0.469801
v 0.356463 -2.095797 -0.469801
v 0.374506 -2.054874 -0.469801
v 0.388960 -2.009643 -0.469801
v 0.399823 -1.960104 -0.469801
v 0.408004 -1.911794 -0.469801
v 0.416223 -1.860272 -0.469801
v 0.424479 -1.805537 -0.469801
v 0.432773 -1.747591 -0.469801
v 0.441104 -1.686433 -0.469801
v 0.449474 -1.622063 -0.469801
v 0.457881 -1.554482 -0.469801
v 0.466327 -1.483688 -0.469801
v 0.474810 -1.409683 -0.469801
v 0.483331 -1.332465 -0.469801
v 0.491889 -1.252036 -0.469801
v 0.500487 -1.168395 -0.469801
v 0.509423 -1.077253 -0.469801
v 0.518096 -0.990646 -0.469801
v 0.526503 -0.908573 -0.469801
v 0.534646 -0.831034 -0.469801
v 0.542525 -0.758030 -0.469801
v 0.550138 -0.689560 -0.469801
v 0.557488 -0.625625 -0.469801
v 0.564573 -0.566224 -0.469801
v 0.571394 -0.511358 -0.469801
v 0.577950 -0.461025 -0.469801
v 0.584241 -0.415228 -0.469801
v 0.590269 -0.373965 -0.469801
v 0.602796 -0.296181 -0.469801
v 0.615889 -0.225160 -0.469801
v 0.629548 -0.160904 -0.469801
v 0.643775 -0.103411 -0.469801
v 0.658568 -0.052682 -0.469801
v 0.673929 -0.008717 -0.469801
v 0.689856 0.028484 -0.469801
v 0.706350 0.058921 -0.469801
v 0.723412 0.082594 -0.469801
v 0.741038 0.099504 -0.469801
v 0.759233 0.109650 -0.469801
v 0.777993 0.113032 -0.469801
v 0.789536 0.112163 -0.469801
v 0.803310 0.109555 -0.469801
v 0.819313 0.105210 -0.469801
v 0.837545 0.099126 -0.469801
v 0.858006 0.091304 -0.469801
v 0.880697 0.081744 -0.469801
v 0.905618 0.070446 -0.469801
v 0.932768 0.057410 -0.469801
v 0.962148 0.042635 -0.469801
v 0.993756 0.026122 -0.469801
v 1.027595 0.007871 -0.469801
v 1.063663 -0.012118 -0.469801
v 1.100014 -0.032731 -0.469801
v 1.134702 -0.052853 -0.469801
v 1.167727 -0.072483 -0.469801
v 1.199090 -0.091622 -0.469801
v 1.228790 -0.110270 -0.469801
v 1.256828 -0.128426 -0.469801
v 1.283204 -0.146091 -0.469801
v 1.307917 -0.163266 -0.469801
v 1.330967 -0.179948 -0.469801
v 1.352354 -0.196140 -0.469801
v 1.372079 -0.211841 -0.469801
v 1.390141 -0.227050 -0.469801
v 1.389629 -0.280631 -0.469801
v 1.388099 -0.337992 -0.469801
v 1.385548 -0.399131 -0.469801
v 1.381977 -0.464049 -0.469801
v 1.377385 -0.532745 -0.469801
v 1.371774 -0.605220 -0.469801
v 1.365142 -0.681474 -0.469801
v 1.357490 -0.761507 -0.469801
v 1.348817 -0.845318 -0.469801
v 1.339125 -0.932907 -0.469801
v 1.328412 -1.024276 -0.469801
v 1.316683 -1.119423 -0.469801
v 1.304516 -1.216649 -0.469801
v 1.293406 -1.309718 -0.469801
v 1.283355 -1.398630 -0.469801
v 1.274362 -1.483386 -0.469801
v 1.266427 -1.563985 -0.469801
v 1.259549 -1.640428 -0.469801
v 1.253731 -1.712714 -0.469801
v 1.248969 -1.780844 -0.469801
v 1.245266 -1.844817 -0.469801
v 1.242621 -1.904633 -0.469801
v 1.241035 -1.960293 -0.469801
v 1.240505 -2.011797 -0.469801
v 1.241241 -2.037284 -0.469801
v 1.243452 -2.062053 -0.469801
v 1.247136 -2.086104 -0.469801
v 1.252294 -2.109438 -0.469801
v 1.258925 -2.132053 -0.469801
v 1.267031 -2.153951 -0.469801
v 1.276609 -2.175130 -0.469801
v 1.287662 -2.195592 -0.469801
v 1.300188 -2.215335 -0.469801
v 1.314189 -2.234361 -0.469801
v 1.329662 -2.252669 -0.469801
v 1.346610 -2.270258 -0.469801
v 1.364691 -2.286771 -0.469801
v 1.383565 -2.301848 -0.469801
v 1.403234 -2.315489 -0.469801
v 1.423695 -2.327694 -0.469801
v 1.444949 -2.338464 -0.469801
v 1.466998 -2.347797 -0.469801
v 1.489841 -2.355695 -0.469801
v 1.513476 -2.362156 -0.469801
v 1.537906 -2.367182 -0.469801
v 1.563128 -2.370771 -0.469801
v 1.589145 -2.372925 -0.469801
v 1.615954 -2.373643 -0.469801
v 1.642764 -2.372925 -0.469801
v 1.668780 -2.370771 -0.469801
v 1.694002 -2.367182 -0.469801
v 1.718431 -2.362156 -0.469801
v 1.742067 -2.355695 -0.469801
v 1.764910 -2.347797 -0.469801
v 1.786960 -2.338464 -0.469801
v 1.808214 -2.327694 -0.469801
v 1.828675 -2.315489 -0.469801
v 1.848343 -2.301848 -0.469801
v 1.867218 -2.286771 -0.469801
v 1.885299 -2.270258 -0.469801
v 1.902246 -2.252669 -0.469801
v 1.917720 -2.234361 -0.469801
v 1.931721 -2.215335 -0.469801
v 1.944247 -2.195592 -0.469801
v 1.955299 -2.175130 -0.469801
v 1.964878 -2.153951 -0.469801
v 1.972982 -2.132053 -0.469801
v 1.979615 -2.109438 -0.469801
v 1.984773 -2.086104 -0.469801
v 1.988457 -2.062053 -0.469801
v 1.990667 -2.037284 -0.469801
v 1.991404 -2.011797 -0.469801
v 1.991867 -1.958073 -0.469801
v 1.993256 -1.900288 -0.469801
v 1.995570 -1.838440 -0.469801
v 1.998811 -1.772531 -0.469801
v 2.002976 -1.702559 -0.469801
v 2.008068 -1.628525 -0.469801
v 2.014086 -1.550429 -0.469801
v 2.021029 -1.468271 -0.469801
v 2.028898 -1.382051 -0.469801
v 2.037693 -1.291769 -0.469801
v 2.047413 -1.197425 -0.469801
v 2.058060 -1.099018 -0.469801
v 2.068707 -1.000612 -0.469801
v 2.078426 -0.906268 -0.469801
v 2.087221 -0.815986 -0.469801
v 2.095090 -0.729766 -0.469801
v 2.102034 -0.647608 -0.469801
v 2.108051 -0.569512 -0.469801
v 2.113143 -0.495478 -0.469801
v 2.117309 -0.425506 -0.469801
v 2.120549 -0.359596 -0.469801
v 2.122864 -0.297749 -0.469801
v 2.124252 -0.239963 -0.469801
v 2.124716 -0.186240 -0.469801
v 2.124924 -0.157711 -0.469801
v 2.125547 -0.130164 -0.469801
v 2.126586 -0.103600 -0.469801
v 2.128041 -0.078018 -0.469801
v 2.129912 -0.053419 -0.469801
v 2.132197 -0.029803 -0.469801
v 2.134900 -0.007168 -0.469801
v 2.138018 0.014484 -0.469801
v 2.141551 0.035153 -0.469801
v 2.145499 0.054840 -0.469801
v 2.149863 0.073545 -0.469801
v 2.154643 0.091266 -0.469801
v 2.207261 0.059205 -0.469801
v 2.259916 0.023779 -0.469801
v 2.312611 -0.015009 -0.469801
v 2.365342 -0.057160 -0.469801
v 2.418111 -0.102674 -0.469801
v 2.470918 -0.151552 -0.469801
v 2.523763 -0.203792 -0.469801
v 2.576645 -0.259395 -0.469801
v 2.629566 -0.318362 -0.469801
v 2.682524 -0.380691 -0.469801
v 2.735520 -0.446383 -0.469801
v 2.788555 -0.515439 -0.469801
v 2.790954 -0.518745 -0.469801
v 2.793618 -0.522316 -0.469801
v 2.796547 -0.526151 -0.469801
v 2.799740 -0.530251 -0.469801
v 2.803197 -0.534616 -0.469801
v 2.806919 -0.539245 -0.469801
v 2.810905 -0.544138 -0.469801
v 2.815156 -0.549296 -0.469801
v 2.819672 -0.554718 -0.469801
v 2.824452 -0.560405 -0.469801
v 2.829496 -0.566357 -0.469801
v 2.834805 -0.572572 -0.469801
v 2.836544 -0.662524 -0.469801
v 2.838131 -0.749188 -0.469801
v 2.839567 -0.832565 -0.469801
v 2.840852 -0.912654 -0.469801
v 2.841986 -0.989455 -0.469801
v 2.842968 -1.062970 -0.469801
v 2.843800 -1.133196 -0.469801
v 2.844480 -1.200136 -0.469801
v 2.845008 -1.263788 -0.469801
v 2.845387 -1.324152 -0.469801
v 2.845613 -1.381229 -0.469801
v 2.845688 -1.435019 -0.469801
v 2.845726 -1.448083 -0.469801
v 2.845840 -1.461885 -0.469801
v 2.846028 -1.476424 -0.469801
v 2.846293 -1.491699 -0.469801
v 2.846633 -1.507711 -0.469801
v 2.847049 -1.524460 -0.469801
v 2.847540 -1.541946 -0.469801
v 2.848108 -1.560169 -0.469801
v 2.848750 -1.579128 -0.469801
v 2.849468 -1.598825 -0.469801
v 2.850262 -1.619258 -0.469801
v 2.851130 -1.640428 -0.469801
v 2.851999 -1.661503 -0.469801
v 2.852792 -1.681653 -0.469801
v 2.853510 -1.700877 -0.469801
v 2.854152 -1.719176 -0.469801
v 2.854719 -1.736548 -0.469801
v 2.855210 -1.752995 -0.469801
v 2.855626 -1.768516 -0.469801
v 2.855966 -1.783111 -0.469801
v 2.856231 -1.796780 -0.469801
v 2.856420 -1.809524 -0.469801
v 2.856533 -1.821342 -0.469801
v 2.856571 -1.832234 -0.469801
v 2.857402 -1.856285 -0.469801
v 2.859896 -1.879467 -0.469801
v 2.864053 -1.901780 -0.469801
v 2.869872 -1.923224 -0.469801
v 2.877354 -1.943799 -0.469801
v 2.886498 -1.963505 -0.469801
v 2.897305 -1.982342 -0.469801
v 2.909775 -2.000309 -0.469801
v 2.923907 -2.017408 -0.469801
v 2.939702 -2.033638 -0.469801
v 2.957160 -2.048998 -0.469801
v 2.976280 -2.063489 -0.469801
v 2.994776 -2.076091 -0.469801
v 3.013991 -2.087597 -0.469801
v 3.033924 -2.098007 -0.469801
v 3.054574 -2.107322 -0.469801
v 3.075943 -2.115541 -0.469801
v 3.098029 -2.122663 -0.469801
v 3.120833 -2.128690 -0.469801
v 3.144356 -2.133621 -0.469801
v 3.168596 -2.137457 -0.469801
v 3.193554 -2.140196 -0.469801
v 3.219230 -2.141840 -0.469801
v 3.245625 -2.142388 -0.469801
v 3.283127 -2.140990 -0.469801
v 3.318552 -2.136796 -0.469801
v 3.351899 -2.129805 -0.469801
v 3.383167 -2.120018 -0.469801
v 3.412357 -2.107435 -0.469801
v 3.439469 -2.092056 -0.469801
v 3.464503 -2.073880 -0.469801
v 3.487459 -2.052909 -0.469801
v 3.508336 -2.029141 -0.469801
v 3.527134 -2.002577 -0.469801
v 3.543855 -1.973216 -0.469801
v 3.558499 -1.941060 -0.469801
v 3.567625 -1.917273 -0.469801
v 3.575957 -1.891257 -0.469801
v 3.583495 -1.863011 -0.469801
v 3.590240 -1.832536 -0.469801
v 3.596191 -1.799832 -0.469801
v 3.601349 -1.764898 -0.469801
v 3.605713 -1.727734 -0.469801
v 3.609284 -1.688342 -0.469801
v 3.612062 -1.646719 -0.469801
v 3.614046 -1.602868 -0.469801
v 3.615236 -1.556787 -0.469801
v 3.615633 -1.508476 -0.469801
v 3.615633 -0.496394 -0.469802
v 3.615708 -0.472843 -0.469802
v 3.615935 -0.447536 -0.469802
v 3.616313 -0.420471 -0.469802
v 3.616842 -0.391649 -0.469802
v 3.617522 -0.361070 -0.469802
v 3.618353 -0.328734 -0.469802
v 3.619336 -0.294641 -0.469802
v 3.620470 -0.258791 -0.469802
v 3.621754 -0.221183 -0.469802
v 3.623190 -0.181819 -0.469802
v 3.624777 -0.140697 -0.469802
v 3.626515 -0.097819 -0.469802
v 3.628253 -0.054940 -0.469802
v 3.629840 -0.013819 -0.469802
v 3.631277 0.025546 -0.469802
v 3.632561 0.063153 -0.469802
v 3.633695 0.099004 -0.469802
v 3.634677 0.133097 -0.469802
v 3.635509 0.165433 -0.469802
v 3.636189 0.196012 -0.469802
v 3.636717 0.224834 -0.469802
v 3.637095 0.251899 -0.469802
v 3.637322 0.277206 -0.469802
v 3.637398 0.300757 -0.469802
v 3.636793 0.340792 -0.469802
v 3.634980 0.380185 -0.469802
v 3.631957 0.418935 -0.469802
v 3.627725 0.457043 -0.469802
v 3.622283 0.494509 -0.469802
v 3.615633 0.531332 -0.469802
v 3.607773 0.567513 -0.469802
v 3.598704 0.603051 -0.469802
v 3.588426 0.637947 -0.469802
v 3.576939 0.672201 -0.469802
v 3.564243 0.705812 -0.469802
v 3.550337 0.738781 -0.469802
v 3.532048 0.777891 -0.469802
v 3.512550 0.813599 -0.469802
v 3.491843 0.845907 -0.469802
v 3.469926 0.874814 -0.469802
v 3.446801 0.900320 -0.469802
v 3.422466 0.922426 -0.469802
v 3.396923 0.941130 -0.469802
v 3.370170 0.956434 -0.469802
v 3.342207 0.968337 -0.469802
v 3.313036 0.976839 -0.469802
v 3.282655 0.981940 -0.469802
v 3.251066 0.983640 -0.469802
v 3.225899 0.982818 -0.469802
v 3.201187 0.980353 -0.469802
v 3.176928 0.976243 -0.469802
v 3.153122 0.970490 -0.469802
v 3.129770 0.963093 -0.469802
v 3.106871 0.954053 -0.469802
v 3.084425 0.943368 -0.469802
v 3.062433 0.931041 -0.469802
v 3.040895 0.917069 -0.469802
v 3.019810 0.901453 -0.469802
v 2.999178 0.884194 -0.469802
v 2.979000 0.865292 -0.469802
v 2.959880 0.845407 -0.469802
v 2.942422 0.825200 -0.469802
v 2.926628 0.804672 -0.469801
v 2.912496 0.783823 -0.469801
v 2.900026 0.762654 -0.469801
v 2.889219 0.741162 -0.469801
v 2.880075 0.719350 -0.469801
v 2.872593 0.697216 -0.469801
v 2.866774 0.674761 -0.469801
v 2.862617 0.651985 -0.469801
v 2.860123 0.628888 -0.469801
v 4.050937 0.493923 -0.469802
v 4.059194 0.328908 -0.469802
v 4.066732 0.179386 -0.469802
v 4.073553 0.045356 -0.469802
v 4.079655 -0.073182 -0.469802
v 4.085040 -0.176226 -0.469802
v 4.089706 -0.263778 -0.469802
v 4.093656 -0.335838 -0.469802
v 4.096887 -0.392405 -0.469802
v 4.099399 -0.433479 -0.469802
v 4.101194 -0.459061 -0.469802
v 4.102271 -0.469150 -0.469802
v 4.102629 -0.463746 -0.469802
v 4.102611 -0.495412 -0.469802
v 4.102554 -0.529647 -0.469802
v 4.102460 -0.566451 -0.469802
v 4.102328 -0.605825 -0.469802
v 4.102158 -0.647768 -0.469802
v 4.101950 -0.692281 -0.469802
v 4.101705 -0.739363 -0.469802
v 4.101421 -0.789015 -0.469802
v 4.101100 -0.841237 -0.469802
v 4.100741 -0.896027 -0.469802
v 4.100345 -0.953388 -0.469802
v 4.099908 -1.013318 -0.469802
v 4.099474 -1.073248 -0.469802
v 4.099077 -1.130608 -0.469802
v 4.098718 -1.185399 -0.469802
v 4.098397 -1.237620 -0.469802
v 4.098114 -1.287272 -0.469802
v 4.097868 -1.334355 -0.469802
v 4.097661 -1.378868 -0.469802
v 4.097491 -1.420811 -0.469802
v 4.097359 -1.460185 -0.469802
v 4.097264 -1.496989 -0.469802
v 4.097208 -1.531224 -0.469801
v 4.097188 -1.562889 -0.469801
v 4.097121 -1.572799 -0.469801
v 4.096923 -1.583483 -0.469801
v 4.096592 -1.594942 -0.469801
v 4.096129 -1.607175 -0.469801
v 4.095534 -1.620183 -0.469801
v 4.094807 -1.633966 -0.469801
v 4.093947 -1.648524 -0.469801
v 4.092956 -1.663856 -0.469801
v 4.091832 -1.679962 -0.469801
v 4.090575 -1.696844 -0.469801
v 4.089187 -1.714499 -0.469801
v 4.087666 -1.732930 -0.469801
v 4.086145 -1.751361 -0.469801
v 4.084756 -1.769016 -0.469801
v 4.083500 -1.785898 -0.469801
v 4.082376 -1.802004 -0.469801
v 4.081384 -1.817336 -0.469801
v 4.080524 -1.831894 -0.469801
v 4.079797 -1.845676 -0.469801
v 4.079202 -1.858685 -0.469801
v 4.078739 -1.870918 -0.469801
v 4.078408 -1.882377 -0.469801
v 4.078209 -1.893061 -0.469801
v 4.078143 -1.902971 -0.469801
v 4.078908 -1.927995 -0.469801
v 4.081204 -1.952282 -0.469801
v 4.085030 -1.975833 -0.469801
v 4.090387 -1.998647 -0.469801
v 4.097273 -2.020724 -0.469801
v 4.105690 -2.042064 -0.469801
v 4.115638 -2.062667 -0.469801
v 4.127116 -2.082534 -0.469801
v 4.140123 -2.101663 -0.469801
v 4.154662 -2.120056 -0.469801
v 4.170731 -2.137712 -0.469801
v 4.188330 -2.154631 -0.469801
v 4.207044 -2.170492 -0.469801
v 4.226457 -2.184974 -0.469801
v 4.246569 -2.198076 -0.469801
v 4.267380 -2.209800 -0.469801
v 4.288890 -2.220144 -0.469801
v 4.311099 -2.229109 -0.469801
v 4.334007 -2.236694 -0.469801
v 4.357615 -2.242901 -0.469801
v 4.381921 -2.247728 -0.469801
v 4.406927 -2.251176 -0.469801
v 4.432631 -2.253245 -0.469801
v 4.459034 -2.253935 -0.469801
v 4.495820 -2.252518 -0.469802
v 4.530905 -2.248267 -0.469802
v 4.564289 -2.241182 -0.469802
v 4.595973 -2.231262 -0.469802
v 4.625957 -2.218509 -0.469802
v 4.654241 -2.202922 -0.469802
v 4.680824 -2.184501 -0.469802
v 4.705706 -2.163246 -0.469802
v 4.728889 -2.139157 -0.469802
v 4.750371 -2.112234 -0.469802
v 4.770152 -2.082477 -0.469802
v 4.788233 -2.049886 -0.469802
v 4.846444 -2.070310 -0.469802
v 4.904994 -2.088957 -0.469802
v 4.963885 -2.105829 -0.469802
v 5.023116 -2.120925 -0.469802
v 5.082686 -2.134245 -0.469802
v 5.142598 -2.145789 -0.469802
v 5.202849 -2.155557 -0.469802
v 5.263440 -2.163548 -0.469802
v 5.324371 -2.169765 -0.469802
v 5.385643 -2.174204 -0.469802
v 5.447254 -2.176868 -0.469802
v 5.509206 -2.177756 -0.469802
v 5.572744 -2.176623 -0.469802
v 5.634582 -2.173222 -0.469802
v 5.694720 -2.167554 -0.469802
v 5.753157 -2.159619 -0.469802
v 5.809894 -2.149416 -0.469802
v 5.864931 -2.136947 -0.469802
v 5.918267 -2.122210 -0.469802
v 5.969903 -2.105206 -0.469802
v 6.019838 -2.085934 -0.469802
v 6.068073 -2.064396 -0.469802
v 6.114607 -2.040590 -0.469802
v 6.159441 -2.014517 -0.469802
v 6.207204 -1.982040 -0.469802
v 6.251642 -1.947181 -0.469802
v 6.292754 -1.909942 -0.469802
v 6.330541 -1.870323 -0.469802
v 6.365003 -1.828323 -0.469802
v 6.396139 -1.783942 -0.469802
v 6.423950 -1.737181 -0.469802
v 6.448435 -1.688039 -0.469802
v 6.469596 -1.636517 -0.469802
v 6.487432 -1.582614 -0.469802
v 6.501942 -1.526330 -0.469802
v 6.513126 -1.467667 -0.469802
v 6.530073 -1.355307 -0.469802
v 6.545547 -1.244951 -0.469802
v 6.559547 -1.136597 -0.469802
v 6.572073 -1.030246 -0.469802
v 6.583126 -0.925898 -0.469802
v 6.592705 -0.823552 -0.469802
v 6.600810 -0.723209 -0.469802
v 6.607442 -0.624869 -0.469802
v 6.612599 -0.528532 -0.469802
v 6.616284 -0.434197 -0.469802
v 6.618494 -0.341865 -0.469802
v 6.619231 -0.251536 -0.469802
v 6.618665 -0.191889 -0.469802
v 6.616964 -0.130844 -0.469802
v 6.614130 -0.068402 -0.469802
v 6.610162 -0.004561 -0.469802
v 6.605061 0.060678 -0.469802
v 6.598826 0.127315 -0.469802
v 6.591458 0.195350 -0.469802
v 6.582956 0.264784 -0.469802
v 6.573320 0.335615 -0.469802
v 6.562551 0.407845 -0.469802
v 6.550648 0.481472 -0.469802
v 6.537612 0.556498 -0.469802
v 6.526748 0.605602 -0.469802
v 6.512295 0.650436 -0.469802
v 6.494251 0.691000 -0.469802
v 6.472619 0.727295 -0.469802
v 6.447396 0.759319 -0.469802
v 6.418583 0.787073 -0.469802
v 6.386181 0.810558 -0.469802
v 6.350189 0.829772 -0.469802
v 6.310608 0.844717 -0.469802
v 6.267437 0.855392 -0.469802
v 6.220675 0.861796 -0.469802
v 6.170324 0.863932 -0.469802
v 6.144345 0.863242 -0.469802
v 6.119009 0.861173 -0.469802
v 6.094316 0.857725 -0.469802
v 6.070265 0.852898 -0.469802
v 6.046855 0.846691 -0.469802
v 6.024089 0.839106 -0.469802
v 6.001965 0.830141 -0.469802
v 5.980484 0.819797 -0.469802
v 5.959644 0.808073 -0.469802
v 5.939447 0.794971 -0.469802
v 5.919892 0.780489 -0.469802
v 5.900980 0.764628 -0.469802
v 5.883163 0.747709 -0.469802
v 5.866896 0.730053 -0.469802
v 5.852178 0.711660 -0.469802
v 5.839009 0.692530 -0.469802
v 5.827390 0.672664 -0.469802
v 5.817319 0.652061 -0.469802
v 5.808798 0.630720 -0.469802
v 5.801827 0.608644 -0.469802
v 5.796405 0.585830 -0.469802
v 5.792531 0.562279 -0.469802
v 5.790208 0.537992 -0.469802
v 5.789433 0.512967 -0.469802
v 5.789707 0.492071 -0.469802
v 5.790529 0.469286 -0.469802
v 5.791899 0.444611 -0.469802
v 5.793816 0.418047 -0.469802
v 5.796282 0.389593 -0.469802
v 5.799295 0.359251 -0.469802
v 5.802857 0.327018 -0.469802
v 5.806966 0.292897 -0.469802
v 5.811624 0.256886 -0.469802
v 5.816829 0.218986 -0.469802
v 5.822582 0.179196 -0.469802
v 5.828882 0.137518 -0.469802
v 5.835183 0.095744 -0.469802
v 5.840936 0.055671 -0.469802
v 5.846141 0.017299 -0.469802
v 5.850799 -0.019373 -0.469802
v 5.854908 -0.054345 -0.469802
v 5.858469 -0.087616 -0.469802
v 5.861483 -0.119187 -0.469802
v 5.863949 -0.149058 -0.469802
v 5.865866 -0.177228 -0.469802
v 5.867236 -0.203698 -0.469802
v 5.868058 -0.228467 -0.469802
v 5.868331 -0.251536 -0.469802
v 5.868152 -0.314800 -0.469802
v 5.867613 -0.376723 -0.469802
v 5.866716 -0.437305 -0.469802
v 5.865459 -0.496545 -0.469802
v 5.863844 -0.554444 -0.469802
v 5.861870 -0.611002 -0.469802
v 5.859537 -0.666218 -0.469802
v 5.856844 -0.720092 -0.469802
v 5.853793 -0.772625 -0.469802
v 5.850382 -0.823817 -0.469802
v 5.846613 -0.873668 -0.469802
v 5.842485 -0.922176 -0.469802
v 5.837998 -0.969324 -0.469802
v 5.833152 -1.015094 -0.469802
v 5.827947 -1.059484 -0.469802
v 5.822382 -1.102495 -0.469802
v 5.816460 -1.144126 -0.469802
v 5.810178 -1.184379 -0.469802
v 5.803536 -1.223252 -0.469802
v 5.796536 -1.260746 -0.469802
v 5.789177 -1.296861 -0.469802
v 5.781459 -1.331596 -0.469802
v 5.773383 -1.364953 -0.469802
v 5.764947 -1.396930 -0.469802
v 5.753639 -1.401823 -0.469802
v 5.742388 -1.406527 -0.469802
v 5.731194 -1.411043 -0.469802
v 5.720056 -1.415370 -0.469802
v 5.708975 -1.419507 -0.469802
v 5.697951 -1.423456 -0.469802
v 5.686984 -1.427216 -0.469802
v 5.676072 -1.430787 -0.469802
v 5.665218 -1.434168 -0.469802
v 5.654420 -1.437361 -0.469802
v 5.643680 -1.440366 -0.469802
v 5.632995 -1.443181 -0.469802
v 5.622367 -1.445788 -0.469802
v 5.611796 -1.448169 -0.469802
v 5.601282 -1.450322 -0.469802
v 5.590825 -1.452250 -0.469802
v 5.580424 -1.453950 -0.469802
v 5.570080 -1.455424 -0.469802
v 5.559792 -1.456671 -0.469802
v 5.549562 -1.457691 -0.469802
v 5.539387 -1.458484 -0.469802
v 5.529270 -1.459051 -0.469802
v 5.519209 -1.459391 -0.469802
v 5.509206 -1.459505 -0.469802
v 5.458458 -1.458900 -0.469802
v 5.406879 -1.457086 -0.469802
v 5.354469 -1.454063 -0.469802
v 5.301227 -1.449831 -0.469802
v 5.247154 -1.444390 -0.469802
v 5.192250 -1.437739 -0.469802
v 5.136515 -1.429879 -0.469802
v 5.079948 -1.420811 -0.469802
v 5.022550 -1.410533 -0.469802
v 4.964320 -1.399045 -0.469802
v 4.905259 -1.386349 -0.469802
v 4.845367 -1.372444 -0.469802
v 4.845386 -1.337132 -0.469802
v 4.845442 -1.301027 -0.469802
v 4.845536 -1.264128 -0.469802
v 4.845668 -1.226435 -0.469802
v 4.845838 -1.187950 -0.469802
v 4.846046 -1.148670 -0.469802
v 4.846292 -1.108597 -0.469802
v 4.846575 -1.067731 -0.469802
v 4.846896 -1.026071 -0.469802
v 4.847255 -0.983617 -0.469802
v 4.847651 -0.940370 -0.469802
v 4.848087 -0.896330 -0.469802
v 4.848956 -0.844524 -0.469802
v 4.849750 -0.795212 -0.469802
v 4.850467 -0.748394 -0.469802
v 4.851110 -0.704070 -0.469802
v 4.851677 -0.662241 -0.469802
v 4.852169 -0.622904 -0.469802
v 4.852584 -0.586062 -0.469802
v 4.852925 -0.551714 -0.469802
v 4.853189 -0.519860 -0.469802
v 4.853378 -0.490499 -0.469802
v 4.853492 -0.463633 -0.469802
v 4.853529 -0.439260 -0.469802
v 4.853170 -0.347363 -0.469802
v 4.852093 -0.257581 -0.469802
v 4.850298 -0.169916 -0.469802
v 4.847785 -0.084367 -0.469802
v 4.844555 -0.000933 -0.469802
v 4.840606 0.080384 -0.469802
v 4.835939 0.159585 -0.469802
v 4.830555 0.236670 -0.469802
v 4.824452 0.311639 -0.469802
v 4.817632 0.384492 -0.469802
v 4.810093 0.455229 -0.469802
v 4.801836 0.523850 -0.469802
v 4.793032 0.575561 -0.469802
v 4.780222 0.622776 -0.469802
v 4.763408 0.665494 -0.469802
v 4.742587 0.703716 -0.469802
v 4.717761 0.737440 -0.469802
v 4.688930 0.766668 -0.469802
v 4.656093 0.791400 -0.469802
v 4.619251 0.811635 -0.469802
v 4.578403 0.827373 -0.469802
v 4.533550 0.838614 -0.469802
v 4.484692 0.845359 -0.469802
v 4.431828 0.847608 -0.469802
v 4.405396 0.846908 -0.469802
v 4.379606 0.844811 -0.469802
v 4.354459 0.841316 -0.469802
v 4.329955 0.836422 -0.469802
v 4.306092 0.830131 -0.469802
v 4.282872 0.822441 -0.469802
v 4.260294 0.813354 -0.469802
v 4.238359 0.802868 -0.469802
v 4.217066 0.790984 -0.469802
v 4.196416 0.777702 -0.469802
v 4.176408 0.763022 -0.469802
v 4.157042 0.746943 -0.469802
v 4.138847 0.729807 -0.469802
v 4.122354 0.711953 -0.469802
v 4.107560 0.693381 -0.469802
v 4.094467 0.674091 -0.469802
v 4.083074 0.654082 -0.469802
v 4.073382 0.633356 -0.469802
v 4.065390 0.611912 -0.469802
v 4.059098 0.589751 -0.469802
v 4.054507 0.566871 -0.469802
v 4.051616 0.543273 -0.469802
v 4.050426 0.518957 -0.469802
v 6.994681 -1.958744 -0.469802
v 7.014028 -1.976343 -0.469802
v 7.033979 -1.992412 -0.469802
v 7.054536 -2.006951 -0.469802
v 7.075696 -2.019959 -0.469802
v 7.097462 -2.031436 -0.469802
v 7.119831 -2.041384 -0.469802
v 7.142806 -2.049801 -0.469802
v 7.166385 -2.056687 -0.469802
v 7.190568 -2.062044 -0.469802
v 7.215356 -2.065870 -0.469802
v 7.240749 -2.068165 -0.469802
v 7.266747 -2.068930 -0.469802
v 7.291062 -2.068137 -0.469802
v 7.315038 -2.065756 -0.469802
v 7.338674 -2.061789 -0.469802
v 7.361969 -2.056234 -0.469802
v 7.384924 -2.049092 -0.469802
v 7.407540 -2.040364 -0.469802
v 7.429815 -2.030048 -0.469802
v 7.451751 -2.018145 -0.469802
v 7.473346 -2.004655 -0.469802
v 7.494601 -1.989578 -0.469802
v 7.515516 -1.972914 -0.469802
v 7.536091 -1.954663 -0.469802
v 7.674617 -1.829173 -0.469802
v 7.815411 -1.710258 -0.469802
v 7.958471 -1.597918 -0.469802
v 8.103800 -1.492152 -0.469802
v 8.251395 -1.392962 -0.469802
v 8.401258 -1.300346 -0.469802
v 8.553388 -1.214306 -0.469802
v 8.707785 -1.134840 -0.469802
v 8.864449 -1.061949 -0.469802
v 9.023380 -0.995634 -0.469802
v 9.184579 -0.935893 -0.469802
v 9.348044 -0.882727 -0.469802
v 9.343264 -1.009785 -0.469802
v 9.338900 -1.127056 -0.469802
v 9.334951 -1.234541 -0.469802
v 9.331418 -1.332239 -0.469802
v 9.328300 -1.420150 -0.469802
v 9.325599 -1.498274 -0.469802
v 9.323313 -1.566611 -0.469802
v 9.321443 -1.625162 -0.469802
v 9.319987 -1.673926 -0.469802
v 9.318949 -1.712903 -0.469802
v 9.318325 -1.742093 -0.469802
v 9.318117 -1.761497 -0.469802
v 9.318872 -1.787012 -0.469802
v 9.321140 -1.811867 -0.469802
v 9.324919 -1.836060 -0.469802
v 9.330209 -1.859591 -0.469802
v 9.337010 -1.882462 -0.469802
v 9.345324 -1.904671 -0.469802
v 9.355148 -1.926219 -0.469802
v 9.366484 -1.947106 -0.469802
v 9.379332 -1.967331 -0.469802
v 9.393691 -1.986895 -0.469802
v 9.409561 -2.005798 -0.469802
v 9.426943 -2.024040 -0.469802
v 9.445458 -2.041204 -0.469802
v 9.464730 -2.056876 -0.469802
v 9.484756 -2.071056 -0.469802
v 9.505540 -2.083743 -0.469802
v 9.527078 -2.094937 -0.469802
v 9.549373 -2.104639 -0.469802
v 9.572422 -2.112848 -0.469802
v 9.596228 -2.119565 -0.469802
v 9.620790 -2.124789 -0.469802
v 9.646107 -2.128520 -0.469802
v 9.672179 -2.130759 -0.469802
v 9.699008 -2.131505 -0.469802
v 9.725837 -2.130759 -0.469802
v 9.751909 -2.128520 -0.469802
v 9.777226 -2.124789 -0.469802
v 9.801788 -2.119565 -0.469802
v 9.825594 -2.112848 -0.469802
v 9.848644 -2.104639 -0.469802
v 9.870938 -2.094937 -0.469802
v 9.892477 -2.083743 -0.469802
v 9.913260 -2.071056 -0.469802
v 9.933287 -2.056876 -0.469802
v 9.952558 -2.041204 -0.469802
v 9.971073 -2.024040 -0.469802
v 9.988455 -2.005798 -0.469802
v 10.004326 -1.986895 -0.469802
v 10.018684 -1.967331 -0.469802
v 10.031532 -1.947106 -0.469802
v 10.042869 -1.926219 -0.469802
v 10.052692 -1.904671 -0.469802
v 10.061006 -1.882462 -0.469802
v 10.067807 -1.859591 -0.469802
v 10.073097 -1.836060 -0.469802
v 10.076877 -1.811867 -0.469802
v 10.079144 -1.787012 -0.469802
v 10.079899 -1.761497 -0.469802
v 10.079862 -1.726081 -0.469802
v 10.079748 -1.687850 -0.469802
v 10.079559 -1.646804 -0.469802
v 10.079295 -1.602943 -0.469802
v 10.078955 -1.556267 -0.469802
v 10.078539 -1.506776 -0.469802
v 10.078048 -1.454469 -0.469802
v 10.077481 -1.399348 -0.469802
v 10.076838 -1.341411 -0.469802
v 10.076120 -1.280659 -0.469802
v 10.075327 -1.217093 -0.469802
v 10.074458 -1.150711 -0.469802
v 10.073589 -1.084329 -0.469802
v 10.072796 -1.020762 -0.469802
v 10.072078 -0.960010 -0.469802
v 10.071435 -0.902073 -0.469802
v 10.070868 -0.846952 -0.469802
v 10.070377 -0.794646 -0.469802
v 10.069962 -0.745154 -0.469802
v 10.069621 -0.698478 -0.469802
v 10.069357 -0.654617 -0.469802
v 10.069168 -0.613571 -0.469802
v 10.069055 -0.575340 -0.469802
v 10.069016 -0.539924 -0.469802
v 10.063576 1.655641 -0.469802
v 10.062839 1.684888 -0.469802
v 10.060628 1.713681 -0.469802
v 10.056944 1.742022 -0.469802
v 10.051786 1.769908 -0.469802
v 10.045155 1.797342 -0.469802
v 10.037049 1.824322 -0.469802
v 10.027471 1.850848 -0.469802
v 10.016418 1.876921 -0.469802
v 10.003891 1.902540 -0.469802
v 9.989891 1.927706 -0.469802
v 9.974418 1.952419 -0.469802
v 9.957470 1.976677 -0.469802
v 9.933608 2.006094 -0.469802
v 9.908272 2.032678 -0.469802
v 9.881462 2.056427 -0.469802
v 9.853178 2.077342 -0.469802
v 9.823421 2.095423 -0.469802
v 9.792191 2.110670 -0.469802
v 9.759486 2.123083 -0.469802
v 9.725307 2.132661 -0.469802
v 9.689656 2.139406 -0.469802
v 9.652531 2.143317 -0.469802
v 9.613931 2.144394 -0.469802
v 9.573858 2.142637 -0.469802
v 9.468149 2.134797 -0.469802
v 9.371396 2.127598 -0.469802
v 9.283599 2.121042 -0.469802
v 9.204757 2.115129 -0.469802
v 9.134870 2.109858 -0.469802
v 9.073938 2.105228 -0.469802
v 9.021963 2.101242 -0.469802
v 8.978943 2.097898 -0.469802
v 8.944878 2.095196 -0.469802
v 8.919768 2.093137 -0.469802
v 8.903614 2.091720 -0.469802
v 8.896416 2.090945 -0.469802
v 8.833728 2.082613 -0.469802
v 8.772627 2.073034 -0.469802
v 8.713112 2.062208 -0.469802
v 8.655185 2.050135 -0.469802
v 8.598845 2.036816 -0.469802
v 8.544092 2.022249 -0.469802
v 8.490926 2.006435 -0.469802
v 8.439347 1.989374 -0.469802
v 8.389355 1.971066 -0.469802
v 8.340950 1.951512 -0.469802
v 8.294132 1.930710 -0.469802
v 8.248901 1.908662 -0.469802
v 8.063349 1.809226 -0.469802
v 7.893932 1.705898 -0.469802
v 7.740650 1.598677 -0.469802
v 7.603502 1.487565 -0.469802
v 7.482490 1.372561 -0.469802
v 7.377613 1.253665 -0.469802
v 7.288870 1.130876 -0.469802
v 7.216263 1.004196 -0.469802
v 7.159791 0.873624 -0.469802
v 7.119453 0.739159 -0.469802
v 7.095251 0.600803 -0.469802
v 7.087183 0.458554 -0.469802
v 7.088874 0.399730 -0.469802
v 7.093947 0.342058 -0.469802
v 7.102402 0.285538 -0.469802
v 7.114239 0.230171 -0.469802
v 7.129457 0.175956 -0.469802
v 7.148058 0.122894 -0.469802
v 7.170040 0.070984 -0.469802
v 7.195405 0.020227 -0.469802
v 7.224151 -0.029377 -0.469802
v 7.256279 -0.077829 -0.469802
v 7.291789 -0.125129 -0.469802
v 7.330682 -0.171276 -0.469802
v 7.372955 -0.216252 -0.469802
v 7.418612 -0.260037 -0.469802
v 7.467649 -0.302633 -0.469802
v 7.520069 -0.344038 -0.469802
v 7.575871 -0.384252 -0.469802
v 7.635055 -0.423277 -0.469802
v 7.697620 -0.461111 -0.469802
v 7.763567 -0.497754 -0.469802
v 7.832897 -0.533208 -0.469802
v 7.905608 -0.567471 -0.469802
v 7.981701 -0.600544 -0.469802
v 8.061176 -0.632427 -0.469802
v 7.943489 -0.699649 -0.469802
v 7.830752 -0.767099 -0.469802
v 7.722965 -0.834775 -0.469802
v 7.620129 -0.902678 -0.469802
v 7.522242 -0.970808 -0.469802
v 7.429305 -1.039164 -0.469802
v 7.341319 -1.107747 -0.469802
v 7.258282 -1.176557 -0.469802
v 7.180196 -1.245593 -0.469802
v 7.107059 -1.314857 -0.469802
v 7.038873 -1.384346 -0.469802
v 6.975636 -1.454063 -0.469802
v 6.960427 -1.472371 -0.469802
v 6.946541 -1.491019 -0.469802
v 6.933976 -1.510007 -0.469802
v 6.922735 -1.529335 -0.469802
v 6.912816 -1.549003 -0.469802
v 6.904220 -1.569011 -0.469802
v 6.896945 -1.589359 -0.469802
v 6.890994 -1.610047 -0.469802
v 6.886365 -1.631076 -0.469802
v 6.883059 -1.652444 -0.469802
v 6.881075 -1.674152 -0.469802
v 6.880414 -1.696201 -0.469802
v 6.881207 -1.721301 -0.469802
v 6.883588 -1.745815 -0.469802
v 6.887556 -1.769744 -0.469802
v 6.893110 -1.793087 -0.469802
v 6.900252 -1.815844 -0.469802
v 6.908981 -1.838015 -0.469802
v 6.919297 -1.859601 -0.469802
v 6.931200 -1.880601 -0.469802
v 6.944690 -1.901015 -0.469802
v 6.959766 -1.920844 -0.469802
v 6.976431 -1.940087 -0.469802
v 8.238018 1.046215 -0.469802
v 8.299498 1.089084 -0.469802
v 8.361506 1.128817 -0.469802
v 8.424044 1.165414 -0.469802
v 8.487109 1.198874 -0.469802
v 8.550705 1.229198 -0.469802
v 8.614829 1.256385 -0.469802
v 8.679482 1.280437 -0.469802
v 8.744664 1.301352 -0.469802
v 8.810376 1.319130 -0.469802
v 8.876616 1.333773 -0.469802
v 8.943385 1.345279 -0.469802
v 9.010683 1.353649 -0.469802
v 9.016219 1.354215 -0.469802
v 9.025572 1.355009 -0.469802
v 9.038740 1.356029 -0.469802
v 9.055725 1.357276 -0.469802
v 9.076527 1.358750 -0.469802
v 9.101145 1.360450 -0.469802
v 9.129580 1.362377 -0.469802
v 9.161831 1.364531 -0.469802
v 9.197898 1.366912 -0.469802
v 9.237782 1.369519 -0.469802
v 9.281483 1.372353 -0.469802
v 9.329000 1.375414 -0.469802
v 9.329000 -0.069252 -0.469802
v 9.317777 -0.069686 -0.469802
v 9.306781 -0.070083 -0.469802
v 9.296012 -0.070442 -0.469802
v 9.285469 -0.070763 -0.469802
v 9.275153 -0.071046 -0.469802
v 9.265064 -0.071292 -0.469802
v 9.255202 -0.071500 -0.469802
v 9.245566 -0.071670 -0.469802
v 9.236157 -0.071802 -0.469802
v 9.226975 -0.071897 -0.469802
v 9.218019 -0.071954 -0.469802
v 9.209291 -0.071972 -0.469802
v 9.100597 -0.070820 -0.469802
v 8.996702 -0.067362 -0.469802
v 8.897606 -0.061600 -0.469802
v 8.803309 -0.053532 -0.469802
v 8.713812 -0.043160 -0.469802
v 8.629112 -0.030483 -0.469802
v 8.549212 -0.015500 -0.469802
v 8.474111 0.001787 -0.469802
v 8.403809 0.021380 -0.469802
v 8.338305 0.043278 -0.469802
v 8.277600 0.067480 -0.469802
v 8.221695 0.093987 -0.469802
v 8.198730 0.106098 -0.469802
v 8.176086 0.118851 -0.469802
v 8.153763 0.132246 -0.469802
v 8.131762 0.146284 -0.469802
v 8.110082 0.160964 -0.469802
v 8.088722 0.176287 -0.469802
v 8.067685 0.192252 -0.469802
v 8.046968 0.208859 -0.469802
v 8.026573 0.226109 -0.469802
v 8.006498 0.244001 -0.469802
v 7.986746 0.262535 -0.469802
v 7.967314 0.281712 -0.469802
v 7.948845 0.300813 -0.469802
v 7.931983 0.319121 -0.469802
v 7.916727 0.336635 -0.469802
v 7.903076 0.353356 -0.469802
v 7.891032 0.369283 -0.469802
v 7.880593 0.384416 -0.469802
v 7.871760 0.398757 -0.469802
v 7.864534 0.412303 -0.469802
v 7.858913 0.425056 -0.469802
v 7.854898 0.437016 -0.469802
v 7.852489 0.448182 -0.469802
v 7.851686 0.458554 -0.469802
v 7.854369 0.509189 -0.469802
v 7.862417 0.559521 -0.469802
v 7.875832 0.609551 -0.469802
v 7.894612 0.659278 -0.469802
v 7.918757 0.708703 -0.469802
v 7.948269 0.757826 -0.469802
v 7.983146 0.806647 -0.469802
v 8.023389 0.855165 -0.469802
v 8.068998 0.903381 -0.469802
v 8.119972 0.951295 -0.469802
v 8.176312 0.998906 -0.469802
v -13.867270 0.493923 0.469804
v -13.859014 0.328908 0.469804
v -13.851476 0.179386 0.469804
v -13.844655 0.045356 0.469804
v -13.838552 -0.073182 0.469804
v -13.833167 -0.176226 0.469804
v -13.828500 -0.263778 0.469804
v -13.824552 -0.335838 0.469804
v -13.821321 -0.392405 0.469804
v -13.818809 -0.433479 0.469804
v -13.817014 -0.459061 0.469804
v -13.815936 -0.469150 0.469804
v -13.815578 -0.463746 0.469804
v -13.815597 -0.495412 0.469804
v -13.815654 -0.529647 0.469804
v -13.815747 -0.566451 0.469804
v -13.815881 -0.605825 0.469804
v -13.816051 -0.647768 0.469804
v -13.816258 -0.692281 0.469804
v -13.816504 -0.739363 0.469804
v -13.816789 -0.789015 0.469804
v -13.817109 -0.841237 0.469804
v -13.817468 -0.896027 0.469804
v -13.817864 -0.953388 0.469804
v -13.818297 -1.013318 0.469804
v -13.818734 -1.073248 0.469804
v -13.819131 -1.130608 0.469804
v -13.819489 -1.185399 0.469804
v -13.819810 -1.237620 0.469804
v -13.820094 -1.287272 0.469804
v -13.820340 -1.334355 0.469804
v -13.820548 -1.378868 0.469804
v -13.820718 -1.420811 0.469804
v -13.820849 -1.460185 0.469804
v -13.820945 -1.496989 0.469804
v -13.821002 -1.531224 0.469804
v -13.821017 -1.562889 0.469804
v -13.821084 -1.572799 0.469804
v -13.821282 -1.583483 0.469804
v -13.821612 -1.594942 0.469804
v -13.822074 -1.607175 0.469804
v -13.822671 -1.620183 0.469804
v -13.823398 -1.633966 0.469804
v -13.824260 -1.648524 0.469804
v -13.825250 -1.663856 0.469804
v -13.826375 -1.679962 0.469804
v -13.827630 -1.696843 0.469804
v -13.829019 -1.714499 0.469804
v -13.830541 -1.732930 0.469804
v -13.832063 -1.751360 0.469804
v -13.833451 -1.769016 0.469804
v -13.834708 -1.785898 0.469804
v -13.835832 -1.802004 0.469804
v -13.836823 -1.817336 0.469804
v -13.837682 -1.831894 0.469804
v -13.838410 -1.845676 0.469804
v -13.839005 -1.858684 0.469804
v -13.839469 -1.870918 0.469804
v -13.839799 -1.882377 0.469804
v -13.839997 -1.893061 0.469804
v -13.840064 -1.902971 0.469804
v -13.839297 -1.927995 0.469804
v -13.837003 -1.952282 0.469804
v -13.833177 -1.975833 0.469804
v -13.827821 -1.998647 0.469804
v -13.820933 -2.020724 0.469804
v -13.812516 -2.042064 0.469804
v -13.802567 -2.062667 0.469804
v -13.791091 -2.082534 0.469804
v -13.778083 -2.101663 0.469804
v -13.763545 -2.120056 0.469804
v -13.747474 -2.137712 0.469804
v -13.729877 -2.154631 0.469804
v -13.711164 -2.170492 0.469804
v -13.691751 -2.184974 0.469804
v -13.671639 -2.198076 0.469804
v -13.650826 -2.209800 0.469804
v -13.629317 -2.220144 0.469804
v -13.607108 -2.229109 0.469804
v -13.584201 -2.236694 0.469804
v -13.560592 -2.242901 0.469804
v -13.536286 -2.247728 0.469804
v -13.511281 -2.251176 0.469804
v -13.485576 -2.253245 0.469804
v -13.459172 -2.253935 0.469804
v -13.422385 -2.252518 0.469804
v -13.387301 -2.248267 0.469804
v -13.353915 -2.241182 0.469804
v -13.322232 -2.231262 0.469804
v -13.292249 -2.218509 0.469804
v -13.263967 -2.202922 0.469804
v -13.237384 -2.184501 0.469804
v -13.212501 -2.163246 0.469804
v -13.189319 -2.139157 0.469804
v -13.167836 -2.112234 0.469804
v -13.148055 -2.082477 0.469804
v -13.129973 -2.049886 0.469804
v -13.071763 -2.070310 0.469804
v -13.013211 -2.088957 0.469804
v -12.954320 -2.105829 0.469804
v -12.895089 -2.120925 0.469804
v -12.835519 -2.134245 0.469804
v -12.775609 -2.145789 0.469804
v -12.715358 -2.155557 0.469804
v -12.654765 -2.163548 0.469804
v -12.593835 -2.169765 0.469804
v -12.532563 -2.174204 0.469804
v -12.470952 -2.176868 0.469804
v -12.408999 -2.177756 0.469804
v -12.345460 -2.176623 0.469804
v -12.283622 -2.173222 0.469804
v -12.223485 -2.167554 0.469804
v -12.165048 -2.159619 0.469804
v -12.108310 -2.149416 0.469804
v -12.053275 -2.136947 0.469804
v -11.999940 -2.122210 0.469804
v -11.948302 -2.105206 0.469804
v -11.898368 -2.085934 0.469804
v -11.850133 -2.064396 0.469804
v -11.803597 -2.040590 0.469804
v -11.758765 -2.014517 0.469804
v -11.711003 -1.982040 0.469804
v -11.666566 -1.947181 0.469804
v -11.625455 -1.909942 0.469804
v -11.587668 -1.870323 0.469804
v -11.553206 -1.828323 0.469804
v -11.522069 -1.783942 0.469804
v -11.494258 -1.737181 0.469804
v -11.469771 -1.688039 0.469804
v -11.448611 -1.636517 0.469804
v -11.430776 -1.582614 0.469804
v -11.416265 -1.526330 0.469804
v -11.405082 -1.467667 0.469804
v -11.388133 -1.355307 0.469804
v -11.372661 -1.244951 0.469804
v -11.358661 -1.136597 0.469804
v -11.346133 -1.030246 0.469804
v -11.335080 -0.925898 0.469804
v -11.325501 -0.823552 0.469804
v -11.317397 -0.723209 0.469804
v -11.310765 -0.624869 0.469804
v -11.305608 -0.528532 0.469804
v -11.301923 -0.434197 0.469804
v -11.299712 -0.341865 0.469804
v -11.298974 -0.251536 0.469804
v -11.299542 -0.191889 0.469804
v -11.301242 -0.130844 0.469804
v -11.304076 -0.068402 0.469804
v -11.308043 -0.004561 0.469804
v -11.313146 0.060678 0.469804
v -11.319381 0.127315 0.469804
v -11.326749 0.195350 0.469804
v -11.335250 0.264784 0.469804
v -11.344888 0.335615 0.469804
v -11.355657 0.407845 0.469804
v -11.367560 0.481472 0.469804
v -11.380595 0.556498 0.469804
v -11.391459 0.605602 0.469804
v -11.405911 0.650436 0.469804
v -11.423955 0.691000 0.469804
v -11.445588 0.727295 0.469804
v -11.470811 0.759319 0.469804
v -11.499623 0.787073 0.469804
v -11.532025 0.810558 0.469804
v -11.568017 0.829772 0.469804
v -11.607600 0.844717 0.469804
v -11.650771 0.855392 0.469804
v -11.697532 0.861796 0.469804
v -11.747882 0.863932 0.469804
v -11.773862 0.863242 0.469804
v -11.799197 0.861173 0.469804
v -11.823892 0.857725 0.469804
v -11.847945 0.852898 0.469804
v -11.871352 0.846691 0.469804
v -11.894118 0.839106 0.469804
v -11.916242 0.830141 0.469804
v -11.937724 0.819797 0.469804
v -11.958564 0.808073 0.469804
v -11.978761 0.794971 0.469804
v -11.998315 0.780489 0.469804
v -12.017228 0.764628 0.469804
v -12.035045 0.747709 0.469804
v -12.051312 0.730053 0.469804
v -12.066031 0.711660 0.469804
v -12.079200 0.692530 0.469804
v -12.090817 0.672664 0.469804
v -12.100888 0.652061 0.469804
v -12.109408 0.630720 0.469804
v -12.116382 0.608644 0.469804
v -12.121804 0.585830 0.469804
v -12.125678 0.562279 0.469804
v -12.128001 0.537992 0.469804
v -12.128774 0.512967 0.469804
v -12.128501 0.492071 0.469804
v -12.127679 0.469286 0.469804
v -12.126309 0.444611 0.469804
v -12.124391 0.418047 0.469804
v -12.121924 0.389593 0.469804
v -12.118913 0.359251 0.469804
v -12.115350 0.327018 0.469804
v -12.111241 0.292897 0.469804
v -12.106584 0.256886 0.469804
v -12.101378 0.218986 0.469804
v -12.095626 0.179196 0.469804
v -12.089324 0.137518 0.469804
v -12.083024 0.095744 0.469804
v -12.077271 0.055671 0.469804
v -12.072066 0.017299 0.469804
v -12.067409 -0.019373 0.469804
v -12.063300 -0.054345 0.469804
v -12.059737 -0.087616 0.469804
v -12.056724 -0.119187 0.469804
v -12.054259 -0.149058 0.469804
v -12.052341 -0.177228 0.469804
v -12.050971 -0.203698 0.469804
v -12.050149 -0.228467 0.469804
v -12.049874 -0.251536 0.469804
v -12.050054 -0.314800 0.469804
v -12.050591 -0.376723 0.469804
v -12.051490 -0.437305 0.469804
v -12.052747 -0.496545 0.469804
v -12.054360 -0.554444 0.469804
v -12.056336 -0.611002 0.469804
v -12.058669 -0.666218 0.469804
v -12.061362 -0.720092 0.469804
v -12.064412 -0.772625 0.469804
v -12.067822 -0.823817 0.469804
v -12.071591 -0.873668 0.469804
v -12.075721 -0.922176 0.469804
v -12.080209 -0.969324 0.469804
v -12.085055 -1.015094 0.469804
v -12.090261 -1.059484 0.469804
v -12.095824 -1.102495 0.469804
v -12.101748 -1.144126 0.469804
v -12.108031 -1.184379 0.469804
v -12.114671 -1.223252 0.469804
v -12.121671 -1.260746 0.469804
v -12.129031 -1.296861 0.469804
v -12.136748 -1.331596 0.469804
v -12.144826 -1.364953 0.469804
v -12.153260 -1.396930 0.469804
v -12.164567 -1.401823 0.469804
v -12.175818 -1.406527 0.469804
v -12.187013 -1.411043 0.469804
v -12.198150 -1.415370 0.469804
v -12.209231 -1.419507 0.469804
v -12.220254 -1.423456 0.469804
v -12.231223 -1.427216 0.469804
v -12.242133 -1.430787 0.469804
v -12.252988 -1.434168 0.469804
v -12.263785 -1.437361 0.469804
v -12.274528 -1.440366 0.469804
v -12.285211 -1.443181 0.469804
v -12.295838 -1.445788 0.469804
v -12.306409 -1.448169 0.469804
v -12.316922 -1.450322 0.469804
v -12.327380 -1.452250 0.469804
v -12.337781 -1.453950 0.469804
v -12.348125 -1.455424 0.469804
v -12.358413 -1.456671 0.469804
v -12.368644 -1.457691 0.469804
v -12.378818 -1.458484 0.469804
v -12.388936 -1.459051 0.469804
v -12.398995 -1.459391 0.469804
v -12.408999 -1.459505 0.469804
v -12.459748 -1.458900 0.469804
v -12.511327 -1.457086 0.469804
v -12.563737 -1.454063 0.469804
v -12.616979 -1.449831 0.469804
v -12.671052 -1.444390 0.469804
v -12.725955 -1.437739 0.469804
v -12.781692 -1.429879 0.469804
v -12.838258 -1.420811 0.469804
v -12.895656 -1.410533 0.469804
v -12.953885 -1.399045 0.469804
v -13.012946 -1.386349 0.469804
v -13.072839 -1.372444 0.469804
v -13.072822 -1.337132 0.469804
v -13.072764 -1.301027 0.469804
v -13.072669 -1.264128 0.469804
v -13.072537 -1.226435 0.469804
v -13.072368 -1.187950 0.469804
v -13.072160 -1.148670 0.469804
v -13.071914 -1.108597 0.469804
v -13.071630 -1.067731 0.469804
v -13.071309 -1.026071 0.469804
v -13.070951 -0.983617 0.469804
v -13.070554 -0.940370 0.469804
v -13.070119 -0.896330 0.469804
v -13.069249 -0.844524 0.469804
v -13.068456 -0.795212 0.469804
v -13.067737 -0.748394 0.469804
v -13.067096 -0.704070 0.469804
v -13.066527 -0.662241 0.469804
v -13.066037 -0.622904 0.469804
v -13.065619 -0.586062 0.469804
v -13.065280 -0.551714 0.469804
v -13.065015 -0.519860 0.469804
v -13.064828 -0.490499 0.469804
v -13.064713 -0.463633 0.469804
v -13.064677 -0.439260 0.469804
v -13.065036 -0.347363 0.469804
v -13.066113 -0.257581 0.469804
v -13.067906 -0.169916 0.469804
v -13.070420 -0.084367 0.469804
v -13.073651 -0.000933 0.469804
v -13.077600 0.080384 0.469804
v -13.082267 0.159585 0.469804
v -13.087651 0.236670 0.469804
v -13.093753 0.311639 0.469804
v -13.100575 0.384492 0.469804
v -13.108113 0.455229 0.469804
v -13.116370 0.523850 0.469804
v -13.125175 0.575561 0.469804
v -13.137984 0.622776 0.469804
v -13.154799 0.665494 0.469804
v -13.175620 0.703716 0.469804
v -13.200444 0.737440 0.469804
v -13.229276 0.766668 0.469804
v -13.262113 0.791400 0.469804
v -13.298955 0.811635 0.469804
v -13.339803 0.827373 0.469804
v -13.384656 0.838614 0.469804
v -13.433515 0.845359 0.469804
v -13.486379 0.847608 0.469804
v -13.512811 0.846908 0.469804
v -13.538602 0.844811 0.469804
v -13.563748 0.841316 0.469804
v -13.588254 0.836422 0.469804
v -13.612115 0.830131 0.469804
v -13.635335 0.822441 0.469804
v -13.657912 0.813354 0.469804
v -13.679847 0.802868 0.469804
v -13.701140 0.790984 0.469804
v -13.721791 0.777702 0.469804
v -13.741799 0.763022 0.469804
v -13.761165 0.746943 0.469804
v -13.779359 0.729807 0.469804
v -13.795852 0.711953 0.469804
v -13.810645 0.693381 0.469804
v -13.823739 0.674091 0.469804
v -13.835132 0.654082 0.469804
v -13.844825 0.633356 0.469804
v -13.852817 0.611912 0.469804
v -13.859107 0.589751 0.469804
v -13.863698 0.566871 0.469804
v -13.866590 0.543273 0.469804
v -13.867780 0.518957 0.469804
v -11.037793 0.107590 0.469804
v -11.037774 0.085126 0.469804
v -11.037717 0.063984 0.469804
v -11.037623 0.044165 0.469804
v -11.037490 0.025669 0.469804
v -11.037320 0.008495 0.469804
v -11.037112 -0.007357 0.469804
v -11.036866 -0.021886 0.469804
v -11.036582 -0.035093 0.469804
v -11.036262 -0.046977 0.469804
v -11.035903 -0.057538 0.469804
v -11.035508 -0.066777 0.469804
v -11.035073 -0.074693 0.469804
v -11.028705 -0.141179 0.469804
v -11.017766 -0.201884 0.469804
v -11.002254 -0.256807 0.469804
v -10.982171 -0.305948 0.469804
v -10.957515 -0.349309 0.469804
v -10.928287 -0.386888 0.469804
v -10.894486 -0.418685 0.469804
v -10.856112 -0.444702 0.469804
v -10.813169 -0.464936 0.469804
v -10.765653 -0.479390 0.469804
v -10.713565 -0.488062 0.469804
v -10.656901 -0.490953 0.469804
v -10.602149 -0.488497 0.469804
v -10.552157 -0.481128 0.469804
v -10.506925 -0.468848 0.469804
v -10.466456 -0.451655 0.469804
v -10.430747 -0.429549 0.469804
v -10.399798 -0.402532 0.469804
v -10.373612 -0.370602 0.469804
v -10.352187 -0.333760 0.469804
v -10.335525 -0.292005 0.469804
v -10.323621 -0.245338 0.469804
v -10.316480 -0.193759 0.469804
v -10.314099 -0.137268 0.469804
v -10.300496 0.137518 0.469804
v -10.200889 0.118190 0.469804
v -10.106120 0.092854 0.469804
v -10.016187 0.061509 0.469804
v -9.931092 0.024157 0.469804
v -9.850833 -0.019203 0.469804
v -9.775411 -0.068572 0.469804
v -9.704825 -0.123948 0.469804
v -9.639075 -0.185333 0.469804
v -9.578162 -0.252726 0.469804
v -9.522086 -0.326127 0.469804
v -9.470849 -0.405536 0.469804
v -9.424447 -0.490953 0.469804
v -9.427167 -1.859440 0.469804
v -9.426429 -1.884918 0.469804
v -9.424218 -1.909659 0.469804
v -9.420535 -1.933663 0.469804
v -9.415378 -1.956930 0.469804
v -9.408746 -1.979461 0.469804
v -9.400641 -2.001254 0.469804
v -9.391063 -2.022311 0.469804
v -9.380008 -2.042631 0.469804
v -9.367482 -2.062214 0.469804
v -9.353482 -2.081060 0.469804
v -9.338008 -2.099169 0.469804
v -9.321061 -2.116542 0.469804
v -9.302979 -2.132837 0.469804
v -9.284104 -2.147716 0.469804
v -9.264436 -2.161177 0.469804
v -9.243974 -2.173222 0.469804
v -9.222718 -2.183850 0.469804
v -9.200667 -2.193060 0.469804
v -9.177825 -2.200854 0.469804
v -9.154189 -2.207230 0.469804
v -9.129760 -2.212190 0.469804
v -9.104537 -2.215732 0.469804
v -9.078523 -2.217858 0.469804
v -9.051719 -2.218566 0.469804
v -9.024135 -2.217810 0.469804
v -8.997607 -2.215543 0.469804
v -8.972138 -2.211765 0.469804
v -8.947728 -2.206474 0.469804
v -8.924376 -2.199673 0.469804
v -8.902083 -2.191360 0.469804
v -8.880845 -2.181535 0.469804
v -8.860667 -2.170199 0.469804
v -8.841548 -2.157351 0.469804
v -8.823485 -2.142992 0.469804
v -8.806481 -2.127122 0.469804
v -8.790534 -2.109740 0.469804
v -8.776628 -2.093038 0.469804
v -8.763932 -2.075581 0.469804
v -8.752446 -2.057368 0.469804
v -8.742167 -2.038399 0.469804
v -8.733098 -2.018674 0.469804
v -8.725238 -1.998193 0.469804
v -8.718589 -1.976957 0.469804
v -8.713147 -1.954965 0.469804
v -8.708915 -1.932218 0.469804
v -8.705892 -1.908714 0.469804
v -8.704078 -1.884455 0.469804
v -8.703475 -1.859440 0.469804
v -8.703475 -0.077414 0.469804
v -8.703511 -0.062781 0.469804
v -8.703626 -0.046996 0.469804
v -8.703815 -0.030057 0.469804
v -8.704080 -0.011967 0.469804
v -8.704419 0.007276 0.469804
v -8.704835 0.027672 0.469804
v -8.705327 0.049219 0.469804
v -8.705894 0.071920 0.469804
v -8.706536 0.095773 0.469804
v -8.707255 0.120778 0.469804
v -8.708049 0.146936 0.469804
v -8.708915 0.174247 0.469804
v -8.709785 0.201557 0.469804
v -8.710578 0.227715 0.469804
v -8.711297 0.252720 0.469804
v -8.711940 0.276573 0.469804
v -8.712506 0.299273 0.469804
v -8.712998 0.320821 0.469804
v -8.713414 0.341217 0.469804
v -8.713754 0.360460 0.469804
v -8.714019 0.378550 0.469804
v -8.714208 0.395488 0.469804
v -8.714320 0.411274 0.469804
v -8.714356 0.425907 0.469804
v -8.714990 0.450950 0.469804
v -8.716887 0.475294 0.469804
v -8.720052 0.498939 0.469804
v -8.724483 0.521885 0.469804
v -8.730178 0.544132 0.469804
v -8.737140 0.565680 0.469804
v -8.745368 0.586529 0.469804
v -8.754863 0.606679 0.469804
v -8.765624 0.626129 0.469804
v -8.777650 0.644881 0.469804
v -8.790940 0.662934 0.469804
v -8.805499 0.680288 0.469804
v -8.821227 0.696583 0.469804
v -8.838033 0.711462 0.469804
v -8.855914 0.724923 0.469804
v -8.874873 0.736968 0.469804
v -8.894910 0.747595 0.469804
v -8.916024 0.756806 0.469804
v -8.938214 0.764599 0.469804
v -8.961482 0.770976 0.469804
v -8.985826 0.775935 0.469804
v -9.011245 0.779478 0.469804
v -9.037744 0.781603 0.469804
v -9.065320 0.782312 0.469804
v -9.113952 0.780158 0.469804
v -9.159184 0.773696 0.469804
v -9.201015 0.762927 0.469804
v -9.239442 0.747850 0.469804
v -9.274472 0.728466 0.469804
v -9.306100 0.704773 0.469804
v -9.334325 0.676773 0.469804
v -9.359151 0.644465 0.469804
v -9.380576 0.607850 0.469804
v -9.398601 0.566927 0.469804
v -9.413222 0.521696 0.469804
v -9.424447 0.472158 0.469804
v -9.505443 0.529518 0.469804
v -9.587911 0.581891 0.469804
v -9.671855 0.629275 0.469804
v -9.757272 0.671672 0.469804
v -9.844163 0.709081 0.469804
v -9.932527 0.741502 0.469804
v -10.022367 0.768935 0.469804
v -10.113679 0.791381 0.469804
v -10.206464 0.808838 0.469804
v -10.300723 0.821308 0.469804
v -10.396457 0.828790 0.469804
v -10.493663 0.831284 0.469804
v -10.580573 0.826258 0.469804
v -10.659925 0.811181 0.469804
v -10.731719 0.786053 0.469804
v -10.795957 0.750873 0.469804
v -10.852637 0.705642 0.469804
v -10.901761 0.650360 0.469804
v -10.943326 0.585027 0.469804
v -10.977334 0.509642 0.469804
v -11.003785 0.424206 0.469804
v -11.022679 0.328719 0.469804
v -11.034015 0.223180 0.469804
v -8.261369 -2.120623 0.469804
v -8.242768 -2.135832 0.469804
v -8.223695 -2.149719 0.469804
v -8.204150 -2.162283 0.469804
v -8.184131 -2.173524 0.469804
v -8.163642 -2.183443 0.469804
v -8.142678 -2.192040 0.469804
v -8.121243 -2.199314 0.469804
v -8.099336 -2.205265 0.469804
v -8.076957 -2.209894 0.469804
v -8.054105 -2.213200 0.469804
v -8.030782 -2.215184 0.469804
v -8.006988 -2.215846 0.469804
v -7.985108 -2.213956 0.469804
v -7.961190 -2.208288 0.469804
v -7.935229 -2.198841 0.469804
v -7.907229 -2.185616 0.469804
v -7.877189 -2.168612 0.469804
v -7.845107 -2.147829 0.469804
v -7.810985 -2.123268 0.469804
v -7.774823 -2.094928 0.469804
v -7.736619 -2.062809 0.469804
v -7.696376 -2.026911 0.469804
v -7.654094 -1.987235 0.469804
v -7.609773 -1.943780 0.469804
v -7.568471 -1.963326 0.469804
v -7.528003 -1.982058 0.469804
v -7.488364 -1.999979 0.469804
v -7.449555 -2.017087 0.469804
v -7.411582 -2.033382 0.469804
v -7.374436 -2.048866 0.469804
v -7.338124 -2.063536 0.469804
v -7.302642 -2.077394 0.469804
v -7.267993 -2.090441 0.469804
v -7.234174 -2.102674 0.469804
v -7.201186 -2.114095 0.469804
v -7.169028 -2.124704 0.469804
v -7.137685 -2.134481 0.469804
v -7.107133 -2.143408 0.469804
v -7.077376 -2.151485 0.469804
v -7.048413 -2.158712 0.469804
v -7.020242 -2.165088 0.469804
v -6.992866 -2.170615 0.469804
v -6.966281 -2.175291 0.469804
v -6.940492 -2.179117 0.469804
v -6.915494 -2.182092 0.469804
v -6.891294 -2.184218 0.469804
v -6.867885 -2.185493 0.469804
v -6.845271 -2.185918 0.469804
v -6.738267 -2.183481 0.469804
v -6.635818 -2.176169 0.469804
v -6.537921 -2.163983 0.469804
v -6.444579 -2.146922 0.469803
v -6.355788 -2.124987 0.469803
v -6.271552 -2.098177 0.469803
v -6.191869 -2.066493 0.469803
v -6.116738 -2.029934 0.469803
v -6.046161 -1.988501 0.469803
v -5.980136 -1.942193 0.469803
v -5.918666 -1.891011 0.469803
v -5.861754 -1.834954 0.469803
v -5.809392 -1.774042 0.469803
v -5.761582 -1.708293 0.469803
v -5.718326 -1.637707 0.469803
v -5.679624 -1.562285 0.469803
v -5.645473 -1.482025 0.469803
v -5.615876 -1.396930 0.469803
v -5.590833 -1.306997 0.469803
v -5.570342 -1.212228 0.469803
v -5.554405 -1.112622 0.469803
v -5.543021 -1.008179 0.469803
v -5.536191 -0.898899 0.469803
v -5.533917 -0.784783 0.469803
v -5.537279 -0.676817 0.469803
v -5.547367 -0.571477 0.469803
v -5.564182 -0.468763 0.469803
v -5.587723 -0.368675 0.469803
v -5.617990 -0.271213 0.469803
v -5.654983 -0.176378 0.469803
v -5.698701 -0.084168 0.469803
v -5.749146 0.005415 0.469803
v -5.806319 0.092372 0.469803
v -5.870215 0.176702 0.469803
v -5.940841 0.258407 0.469803
v -6.018191 0.337485 0.469803
v -6.100228 0.412010 0.469803
v -6.184909 0.480055 0.469803
v -6.272233 0.541619 0.469803
v -6.362203 0.596703 0.469803
v -6.454818 0.645306 0.469803
v -6.550078 0.687429 0.469803
v -6.647985 0.723071 0.469803
v -6.748536 0.752233 0.469803
v -6.851731 0.774915 0.469803
v -6.957574 0.791116 0.469803
v -7.066060 0.800836 0.469803
v -7.177190 0.804077 0.469803
v -7.220834 0.803057 0.469803
v -7.265613 0.799996 0.469803
v -7.311522 0.794895 0.469803
v -7.358567 0.787753 0.469803
v -7.406747 0.778571 0.469803
v -7.456058 0.767348 0.469803
v -7.506503 0.754085 0.469803
v -7.558082 0.738781 0.469803
v -7.610795 0.721437 0.469803
v -7.664643 0.702053 0.469803
v -7.719623 0.680628 0.469803
v -7.775733 0.657162 0.469803
v -7.841350 0.627291 0.469803
v -7.901261 0.596627 0.469804
v -7.955466 0.565170 0.469804
v -8.003966 0.532919 0.469804
v -8.046760 0.499874 0.469804
v -8.083848 0.466036 0.469804
v -8.115230 0.431404 0.469804
v -8.140904 0.395979 0.469804
v -8.160874 0.359761 0.469804
v -8.175139 0.322748 0.469804
v -8.183698 0.284943 0.469804
v -8.186551 0.246344 0.469804
v -8.186116 0.230190 0.469804
v -8.184813 0.214376 0.469804
v -8.182639 0.198902 0.469804
v -8.179599 0.183769 0.469804
v -8.175687 0.168975 0.469804
v -8.170909 0.154521 0.469804
v -8.165259 0.140408 0.469804
v -8.158740 0.126635 0.469804
v -8.151353 0.113202 0.469804
v -8.143096 0.100108 0.469804
v -8.133971 0.087356 0.469804
v -8.123977 0.074943 0.469804
v -8.119529 0.056418 0.469804
v -8.115249 0.037118 0.469804
v -8.111140 0.017044 0.469804
v -8.107202 -0.003805 0.469804
v -8.103433 -0.025429 0.469804
v -8.099833 -0.047827 0.469804
v -8.096404 -0.070999 0.469804
v -8.093144 -0.094947 0.469804
v -8.090055 -0.119669 0.469804
v -8.087134 -0.145165 0.469804
v -8.084386 -0.171437 0.469804
v -8.081805 -0.198483 0.469804
v -8.079415 -0.226303 0.469804
v -8.077233 -0.254899 0.469804
v -8.075257 -0.284268 0.469804
v -8.073493 -0.314413 0.469804
v -8.071933 -0.345332 0.469804
v -8.070582 -0.377026 0.469804
v -8.069440 -0.409494 0.469804
v -8.068503 -0.442737 0.469804
v -8.067777 -0.476754 0.469804
v -8.067258 -0.511547 0.469804
v -8.066945 -0.547113 0.469804
v -8.066842 -0.583455 0.469804
v -8.067351 -0.668041 0.469804
v -8.068883 -0.748583 0.469804
v -8.071433 -0.825083 0.469804
v -8.075004 -0.897539 0.469804
v -8.079595 -0.965952 0.469804
v -8.085206 -1.030322 0.469804
v -8.091838 -1.090648 0.469804
v -8.099490 -1.146932 0.469804
v -8.108161 -1.199172 0.469804
v -8.117854 -1.247369 0.469804
v -8.128566 -1.291523 0.469804
v -8.140300 -1.331634 0.469804
v -8.142417 -1.337340 0.469804
v -8.146045 -1.346295 0.469804
v -8.151183 -1.358500 0.469804
v -8.157834 -1.373955 0.469804
v -8.165996 -1.392660 0.469804
v -8.175670 -1.414614 0.469804
v -8.186852 -1.439818 0.469804
v -8.199550 -1.468271 0.469804
v -8.213758 -1.499974 0.469804
v -8.229476 -1.534927 0.469804
v -8.246707 -1.573129 0.469804
v -8.265450 -1.614582 0.469804
v -8.282397 -1.652179 0.469804
v -8.297872 -1.686981 0.469804
v -8.311872 -1.718987 0.469804
v -8.324397 -1.748196 0.469804
v -8.335450 -1.774609 0.469804
v -8.345029 -1.798226 0.469804
v -8.353135 -1.819046 0.469804
v -8.359767 -1.837070 0.469804
v -8.364924 -1.852298 0.469804
v -8.368609 -1.864730 0.469804
v -8.370820 -1.874366 0.469804
v -8.371554 -1.881205 0.469804
v -8.370790 -1.904898 0.469804
v -8.368493 -1.927910 0.469804
v -8.364669 -1.950242 0.469804
v -8.359313 -1.971894 0.469804
v -8.352426 -1.992865 0.469804
v -8.344008 -2.013157 0.469804
v -8.334062 -2.032768 0.469804
v -8.322585 -2.051700 0.469804
v -8.309577 -2.069951 0.469804
v -8.295037 -2.087522 0.469804
v -8.278968 -2.104412 0.469804
v -7.413886 -1.318031 0.469804
v -7.400851 -1.212379 0.469804
v -7.388947 -1.111261 0.469804
v -7.378179 -1.014678 0.469804
v -7.368541 -0.922629 0.469804
v -7.360040 -0.835115 0.469804
v -7.352672 -0.752135 0.469804
v -7.346437 -0.673690 0.469804
v -7.341334 -0.599779 0.469804
v -7.337367 -0.530402 0.469804
v -7.334533 -0.465560 0.469804
v -7.332833 -0.405252 0.469803
v -7.332267 -0.349479 0.469803
v -7.332353 -0.334789 0.469803
v -7.332608 -0.319741 0.469803
v -7.333034 -0.304333 0.469803
v -7.333631 -0.288567 0.469803
v -7.334395 -0.272441 0.469803
v -7.335330 -0.255957 0.469803
v -7.336436 -0.239113 0.469803
v -7.337710 -0.221911 0.469803
v -7.339156 -0.204349 0.469803
v -7.340770 -0.186429 0.469803
v -7.342555 -0.168149 0.469803
v -7.344510 -0.149511 0.469803
v -7.346637 -0.130514 0.469803
v -7.348933 -0.111157 0.469803
v -7.351398 -0.091442 0.469803
v -7.354033 -0.071368 0.469803
v -7.356841 -0.050934 0.469803
v -7.359817 -0.030142 0.469803
v -7.362962 -0.008991 0.469803
v -7.366277 0.012519 0.469803
v -7.369763 0.034388 0.469803
v -7.373418 0.056616 0.469803
v -7.377242 0.079204 0.469803
v -7.381238 0.102149 0.469803
v -7.372254 0.106580 0.469803
v -7.363441 0.110802 0.469803
v -7.354798 0.114817 0.469803
v -7.346324 0.118624 0.469803
v -7.338021 0.122223 0.469803
v -7.329886 0.125615 0.469803
v -7.321923 0.128798 0.469803
v -7.314130 0.131774 0.469803
v -7.306504 0.134542 0.469803
v -7.299050 0.137102 0.469803
v -7.291768 0.139454 0.469803
v -7.284656 0.141599 0.469803
v -7.277713 0.143554 0.469803
v -7.270940 0.145339 0.469803
v -7.264337 0.146955 0.469803
v -7.257905 0.148400 0.469803
v -7.251641 0.149676 0.469803
v -7.245547 0.150781 0.469803
v -7.239625 0.151716 0.469803
v -7.233871 0.152481 0.469803
v -7.228288 0.153076 0.469803
v -7.222873 0.153501 0.469803
v -7.217629 0.153756 0.469803
v -7.212558 0.153841 0.469803
v -7.151532 0.151829 0.469803
v -7.091792 0.145793 0.469803
v -7.033336 0.135732 0.469803
v -6.976165 0.121647 0.469803
v -6.920278 0.103538 0.469803
v -6.865674 0.081404 0.469803
v -6.812358 0.055246 0.469803
v -6.760325 0.025064 0.469803
v -6.709579 -0.009142 0.469803
v -6.660115 -0.047373 0.469803
v -6.611936 -0.089628 0.469803
v -6.565043 -0.135908 0.469803
v -6.520719 -0.184832 0.469803
v -6.480250 -0.235023 0.469803
v -6.443635 -0.286479 0.469803
v -6.410872 -0.339201 0.469803
v -6.381965 -0.393189 0.469803
v -6.356912 -0.448442 0.469803
v -6.335715 -0.504962 0.469803
v -6.318370 -0.562748 0.469803
v -6.304881 -0.621799 0.469803
v -6.295243 -0.682116 0.469803
v -6.289462 -0.743699 0.469803
v -6.287536 -0.806548 0.469803
v -6.288444 -0.866053 0.469803
v -6.291163 -0.923045 0.469803
v -6.295697 -0.977524 0.469803
v -6.302047 -1.029490 0.469803
v -6.310208 -1.078944 0.469803
v -6.320184 -1.125885 0.469803
v -6.331973 -1.170313 0.469803
v -6.345576 -1.212228 0.469803
v -6.360993 -1.251630 0.469803
v -6.378224 -1.288519 0.469803
v -6.397269 -1.322896 0.469803
v -6.418128 -1.354759 0.469803
v -6.440801 -1.384091 0.469803
v -6.465285 -1.410873 0.469803
v -6.491586 -1.435104 0.469803
v -6.519698 -1.456784 0.469803
v -6.549624 -1.475914 0.469803
v -6.581367 -1.492492 0.469803
v -6.614921 -1.506521 0.469803
v -6.650290 -1.517999 0.469803
v -6.687470 -1.526926 0.469803
v -6.726468 -1.533302 0.469803
v -6.767278 -1.537128 0.469803
v -6.809901 -1.538403 0.469804
v -6.837893 -1.538016 0.469804
v -6.865638 -1.536854 0.469804
v -6.893138 -1.534918 0.469804
v -6.920392 -1.532206 0.469804
v -6.947398 -1.528721 0.469804
v -6.974162 -1.524460 0.469804
v -7.000678 -1.519425 0.469804
v -7.026950 -1.513615 0.469804
v -7.052976 -1.507031 0.469804
v -7.078755 -1.499672 0.469804
v -7.104291 -1.491538 0.469804
v -7.129579 -1.482630 0.469804
v -7.154622 -1.472966 0.469804
v -7.179420 -1.462565 0.469804
v -7.203971 -1.451428 0.469804
v -7.228278 -1.439553 0.469804
v -7.252339 -1.426942 0.469804
v -7.276155 -1.413594 0.469804
v -7.299724 -1.399508 0.469804
v -7.323047 -1.384687 0.469804
v -7.346126 -1.369128 0.469804
v -7.368958 -1.352832 0.469804
v -7.391545 -1.335800 0.469804
v -2.282739 -1.350678 0.469803
v -2.247672 -1.234106 0.469803
v -2.213211 -1.116551 0.469803
v -2.179354 -0.998014 0.469803
v -2.146101 -0.878495 0.469803
v -2.113453 -0.757992 0.469803
v -2.081410 -0.636508 0.469803
v -2.049972 -0.514041 0.469803
v -2.019137 -0.390591 0.469803
v -1.988908 -0.266159 0.469803
v -1.959283 -0.140745 0.469803
v -1.930263 -0.014348 0.469803
v -1.901848 0.113032 0.469803
v -1.880763 0.036457 0.469803
v -1.858317 -0.046353 0.469803
v -1.834511 -0.135398 0.469803
v -1.809345 -0.230677 0.469803
v -1.782819 -0.332192 0.469803
v -1.754932 -0.439941 0.469803
v -1.725685 -0.553925 0.469803
v -1.695078 -0.674143 0.469803
v -1.663111 -0.800597 0.469803
v -1.629782 -0.933285 0.469803
v -1.595094 -1.072209 0.469803
v -1.559045 -1.217367 0.469803
v -1.550448 -1.268587 0.469803
v -1.541890 -1.319769 0.469803
v -1.533369 -1.370913 0.469803
v -1.524886 -1.422020 0.469803
v -1.516440 -1.473089 0.469803
v -1.508034 -1.524120 0.469803
v -1.499663 -1.575113 0.469803
v -1.491332 -1.626069 0.469803
v -1.483037 -1.676986 0.469803
v -1.474781 -1.727866 0.469803
v -1.466562 -1.778709 0.469803
v -1.458382 -1.829513 0.469803
v -1.438487 -1.891219 0.469803
v -1.415985 -1.947559 0.469803
v -1.390875 -1.998533 0.469803
v -1.363158 -2.044142 0.469803
v -1.332834 -2.084385 0.469803
v -1.299904 -2.119262 0.469803
v -1.264365 -2.148774 0.469803
v -1.226219 -2.172920 0.469803
v -1.185467 -2.191700 0.469803
v -1.142106 -2.205114 0.469803
v -1.096138 -2.213163 0.469803
v -1.047564 -2.215846 0.469803
v -1.016823 -2.214957 0.469803
v -0.987180 -2.212294 0.469803
v -0.958632 -2.207854 0.469803
v -0.931181 -2.201638 0.469803
v -0.904824 -2.193646 0.469803
v -0.879564 -2.183878 0.469803
v -0.855400 -2.172334 0.469803
v -0.832332 -2.159014 0.469803
v -0.810360 -2.143918 0.469803
v -0.789483 -2.127046 0.469803
v -0.769702 -2.108399 0.469803
v -0.751012 -2.087975 0.469803
v -0.736238 -2.069554 0.469803
v -0.722748 -2.050566 0.469803
v -0.710543 -2.031011 0.469803
v -0.699622 -2.010890 0.469803
v -0.689986 -1.990201 0.469803
v -0.681636 -1.968946 0.469803
v -0.674569 -1.947124 0.469803
v -0.668788 -1.924736 0.469803
v -0.664291 -1.901780 0.469803
v -0.661079 -1.878258 0.469803
v -0.659152 -1.854169 0.469803
v -0.658510 -1.829513 0.469803
v -0.659814 -1.754714 0.469803
v -0.663725 -1.677232 0.469803
v -0.670243 -1.597067 0.469803
v -0.679369 -1.514220 0.469803
v -0.691102 -1.428689 0.469803
v -0.705442 -1.340476 0.469803
v -0.722389 -1.249580 0.469803
v -0.741944 -1.156001 0.469803
v -0.764106 -1.059739 0.469803
v -0.788876 -0.960794 0.469803
v -0.816252 -0.859166 0.469803
v -0.846235 -0.754856 0.469803
v -0.891145 -0.602481 0.469803
v -0.932465 -0.461857 0.469803
v -0.970196 -0.332985 0.469803
v -1.004335 -0.215865 0.469803
v -1.034886 -0.110496 0.469803
v -1.061847 -0.016879 0.469803
v -1.085217 0.064986 0.469803
v -1.104999 0.135099 0.469803
v -1.121191 0.193461 0.469803
v -1.133793 0.240071 0.469803
v -1.142805 0.274929 0.469803
v -1.148227 0.298036 0.469803
v -1.161396 0.367866 0.469803
v -1.174603 0.437696 0.469803
v -1.187846 0.507526 0.469803
v -1.201129 0.577356 0.469803
v -1.214449 0.647186 0.469803
v -1.227807 0.717016 0.469803
v -1.241202 0.786846 0.469803
v -1.254636 0.856676 0.469803
v -1.268107 0.926506 0.469803
v -1.281616 0.996336 0.469803
v -1.295163 1.066166 0.469803
v -1.308746 1.135997 0.469803
v -1.329292 1.229453 0.469803
v -1.350122 1.317562 0.469803
v -1.371236 1.400325 0.469803
v -1.392632 1.477741 0.469803
v -1.414313 1.549809 0.469803
v -1.436276 1.616531 0.469803
v -1.458523 1.677907 0.469803
v -1.481054 1.733935 0.469803
v -1.503867 1.784616 0.469803
v -1.526965 1.829951 0.469803
v -1.550344 1.869939 0.469803
v -1.574009 1.904580 0.469803
v -1.598334 1.935216 0.469803
v -1.623699 1.963187 0.469803
v -1.650103 1.988495 0.469803
v -1.677545 2.011139 0.469803
v -1.706027 2.031118 0.469803
v -1.735548 2.048434 0.469803
v -1.766108 2.063086 0.469803
v -1.797707 2.075074 0.469803
v -1.830345 2.084398 0.469803
v -1.864023 2.091057 0.469803
v -1.898739 2.095054 0.469803
v -1.934496 2.096386 0.469803
v -1.974852 2.094648 0.469803
v -2.013394 2.089434 0.469803
v -2.050123 2.080743 0.469803
v -2.085038 2.068575 0.469803
v -2.118140 2.052931 0.469803
v -2.149426 2.033811 0.469803
v -2.178901 2.011215 0.469803
v -2.206560 1.985142 0.469803
v -2.232407 1.955592 0.469803
v -2.256439 1.922567 0.469803
v -2.278658 1.886065 0.469803
v -2.299063 1.846086 0.469803
v -2.317313 1.803198 0.469803
v -2.335792 1.753433 0.469803
v -2.354496 1.696791 0.469803
v -2.373427 1.633271 0.469803
v -2.392586 1.562874 0.469803
v -2.411970 1.485600 0.469803
v -2.431581 1.401449 0.469803
v -2.451419 1.310421 0.469803
v -2.471483 1.212515 0.469803
v -2.491775 1.107732 0.469803
v -2.512293 0.996072 0.469803
v -2.533038 0.877535 0.469803
v -2.553802 0.758431 0.469803
v -2.576191 0.637815 0.469803
v -2.600204 0.515688 0.469803
v -2.625843 0.392050 0.469803
v -2.653106 0.266900 0.469803
v -2.681993 0.140238 0.469803
v -2.712507 0.012065 0.469803
v -2.744644 -0.117619 0.469803
v -2.778407 -0.248815 0.469803
v -2.813794 -0.381522 0.469803
v -2.850807 -0.515741 0.469803
v -2.889444 -0.651471 0.469803
v -2.940834 -0.515703 0.469803
v -2.991619 -0.377743 0.469803
v -3.041800 -0.237592 0.469803
v -3.091376 -0.095249 0.469803
v -3.140348 0.049285 0.469803
v -3.188715 0.196012 0.469803
v -3.236478 0.344929 0.469803
v -3.283635 0.496039 0.469803
v -3.330189 0.649340 0.469803
v -3.376138 0.804833 0.469803
v -3.421482 0.962517 0.469803
v -3.466222 1.122393 0.469803
v -3.618578 1.748143 0.469803
v -3.644179 1.810283 0.469803
v -3.672009 1.867020 0.469803
v -3.702068 1.918354 0.469803
v -3.734357 1.964284 0.469803
v -3.768875 2.004810 0.469803
v -3.805623 2.039933 0.469803
v -3.844601 2.069653 0.469803
v -3.885807 2.093968 0.469803
v -3.929243 2.112881 0.469803
v -3.974909 2.126390 0.469803
v -4.022804 2.134495 0.469803
v -4.072927 2.137196 0.469803
v -4.121294 2.134060 0.469803
v -4.167544 2.124651 0.469803
v -4.211679 2.108970 0.469803
v -4.253697 2.087015 0.469803
v -4.293600 2.058788 0.469803
v -4.331387 2.024289 0.469803
v -4.367057 1.983517 0.469803
v -4.400611 1.936473 0.469803
v -4.432050 1.883156 0.469803
v -4.461371 1.823566 0.469803
v -4.488578 1.757704 0.469803
v -4.513673 1.685568 0.469803
v -4.523705 1.652996 0.469803
v -4.533851 1.616040 0.469803
v -4.544110 1.574702 0.469803
v -4.554482 1.528980 0.469803
v -4.564968 1.478874 0.469803
v -4.575567 1.424386 0.469803
v -4.586280 1.365514 0.469803
v -4.597106 1.302259 0.469803
v -4.608046 1.234620 0.469803
v -4.619098 1.162599 0.469803
v -4.630263 1.086194 0.469803
v -4.641542 1.005405 0.469803
v -4.668409 0.814544 0.469803
v -4.696409 0.628293 0.469803
v -4.725543 0.446651 0.469803
v -4.755811 0.269620 0.469803
v -4.787212 0.097199 0.469803
v -4.819746 -0.070612 0.469803
v -4.853415 -0.233814 0.469803
v -4.888216 -0.392405 0.469803
v -4.924151 -0.546386 0.469803
v -4.961220 -0.695757 0.469803
v -4.999422 -0.840518 0.469803
v -5.038758 -0.980670 0.469803
v -5.077434 -1.115456 0.469803
v -5.112745 -1.239585 0.469803
v -5.144694 -1.353059 0.469803
v -5.173280 -1.455877 0.469803
v -5.198503 -1.548039 0.469803
v -5.220362 -1.629545 0.469803
v -5.238858 -1.700395 0.469803
v -5.253992 -1.760590 0.469803
v -5.265762 -1.810128 0.469803
v -5.274170 -1.849011 0.469803
v -5.279214 -1.877238 0.469803
v -5.280897 -1.894809 0.469803
v -5.280009 -1.921203 0.469803
v -5.277345 -1.946879 0.469803
v -5.272905 -1.971837 0.469803
v -5.266689 -1.996077 0.469803
v -5.258698 -2.019600 0.469803
v -5.248929 -2.042404 0.469803
v -5.237385 -2.064490 0.469803
v -5.224065 -2.085859 0.469803
v -5.208969 -2.106509 0.469803
v -5.192097 -2.126442 0.469803
v -5.173449 -2.145656 0.469803
v -5.153025 -2.164153 0.469803
v -5.132866 -2.179797 0.469803
v -5.112290 -2.194080 0.469803
v -5.091300 -2.207003 0.469803
v -5.069894 -2.218566 0.469803
v -5.048072 -2.228769 0.469803
v -5.025834 -2.237611 0.469803
v -5.003181 -2.245092 0.469803
v -4.980112 -2.251214 0.469803
v -4.956627 -2.255975 0.469803
v -4.932727 -2.259376 0.469803
v -4.908411 -2.261416 0.469803
v -4.883681 -2.262097 0.469803
v -4.835314 -2.259149 0.469803
v -4.789062 -2.250307 0.469803
v -4.744928 -2.235570 0.469803
v -4.702909 -2.214939 0.469803
v -4.663008 -2.188412 0.469803
v -4.625221 -2.155991 0.469803
v -4.589551 -2.117675 0.469803
v -4.555996 -2.073465 0.469803
v -4.524558 -2.023359 0.469803
v -4.495235 -1.967359 0.469803
v -4.468030 -1.905464 0.469803
v -4.442936 -1.837675 0.469803
v -4.290580 -1.179277 0.469803
v -4.268663 -1.094692 0.469803
v -4.246444 -1.004173 0.469803
v -4.223923 -0.907722 0.469803
v -4.201099 -0.805339 0.469803
v -4.177975 -0.697023 0.469803
v -4.154547 -0.582775 0.469803
v -4.130816 -0.462594 0.469803
v -4.106784 -0.336480 0.469803
v -4.082449 -0.204434 0.469803
v -4.057812 -0.066456 0.469803
v -4.032872 0.077455 0.469803
v -4.007631 0.227299 0.469803
v -3.986112 0.163647 0.469803
v -3.962362 0.094214 0.469803
v -3.936384 0.018999 0.469803
v -3.908176 -0.061997 0.469803
v -3.877739 -0.148774 0.469803
v -3.845072 -0.241333 0.469803
v -3.810176 -0.339673 0.469803
v -3.773050 -0.443795 0.469803
v -3.733696 -0.553698 0.469803
v -3.692112 -0.669382 0.469803
v -3.648298 -0.790848 0.469803
v -3.602255 -0.918095 0.469803
v -3.439016 -1.418695 0.469803
v -3.422182 -1.467383 0.469803
v -3.405234 -1.514598 0.469803
v -3.388174 -1.560339 0.469803
v -3.371000 -1.604606 0.469803
v -3.353712 -1.647399 0.469803
v -3.336311 -1.688719 0.469803
v -3.318797 -1.728566 0.469803
v -3.301169 -1.766938 0.469803
v -3.283428 -1.803837 0.469803
v -3.265574 -1.839262 0.469803
v -3.247606 -1.873214 0.469803
v -3.229526 -1.905691 0.469803
v -3.204700 -1.946104 0.469803
v -3.178287 -1.983003 0.469803
v -3.150287 -2.016388 0.469803
v -3.120700 -2.046258 0.469803
v -3.089525 -2.072614 0.469803
v -3.056765 -2.095457 0.469803
v -3.022416 -2.114785 0.469803
v -2.986481 -2.130598 0.469803
v -2.948958 -2.142898 0.469803
v -2.909849 -2.151683 0.469803
v -2.869152 -2.156955 0.469803
v -2.826869 -2.158712 0.469803
v -2.785076 -2.156615 0.469803
v -2.744947 -2.150323 0.469803
v -2.706480 -2.139837 0.469803
v -2.669676 -2.125157 0.469803
v -2.634534 -2.106283 0.469803
v -2.601055 -2.083214 0.469803
v -2.569239 -2.055951 0.469803
v -2.539084 -2.024493 0.469803
v -2.510593 -1.988841 0.469803
v -2.483764 -1.948995 0.469803
v -2.458598 -1.904954 0.469803
v -2.435095 -1.856719 0.469803
v 2.859292 0.605469 0.469803
v 2.859462 0.612574 0.469803
v 2.859972 0.614841 0.469803
v 2.860822 0.612271 0.469803
v 2.862012 0.604865 0.469803
v 2.863543 0.592622 0.469803
v 2.865413 0.575543 0.469803
v 2.867623 0.553627 0.469803
v 2.870174 0.526873 0.469803
v 2.873065 0.495284 0.469803
v 2.876295 0.458857 0.469803
v 2.879866 0.417594 0.469803
v 2.883778 0.371494 0.469803
v 2.815610 0.447540 0.469803
v 2.748047 0.516973 0.469803
v 2.681089 0.579793 0.469803
v 2.614735 0.636001 0.469803
v 2.548986 0.685596 0.469803
v 2.483841 0.728579 0.469803
v 2.419302 0.764949 0.469803
v 2.355367 0.794706 0.469803
v 2.292036 0.817850 0.469803
v 2.229310 0.834382 0.469803
v 2.167189 0.844301 0.469803
v 2.105671 0.847608 0.469803
v 2.037390 0.845397 0.469803
v 1.972208 0.838765 0.469803
v 1.910124 0.827713 0.469803
v 1.851139 0.812239 0.469803
v 1.795252 0.792344 0.469803
v 1.742463 0.768028 0.469803
v 1.692774 0.739291 0.469803
v 1.646183 0.706133 0.469803
v 1.602691 0.668555 0.469803
v 1.562296 0.626554 0.469803
v 1.525001 0.580133 0.469803
v 1.490805 0.529291 0.469803
v 1.462899 0.553267 0.469803
v 1.434502 0.576222 0.469803
v 1.405614 0.598158 0.469803
v 1.376234 0.619073 0.469803
v 1.346364 0.638968 0.469803
v 1.316002 0.657842 0.469803
v 1.285150 0.675696 0.469803
v 1.253805 0.692530 0.469803
v 1.221971 0.708344 0.469803
v 1.189643 0.723138 0.469803
v 1.156825 0.736911 0.469803
v 1.123517 0.749664 0.469803
v 1.089735 0.761397 0.469803
v 1.055501 0.772110 0.469803
v 1.020812 0.781802 0.469803
v 0.985670 0.790474 0.469803
v 0.950075 0.798126 0.469803
v 0.914027 0.804757 0.469803
v 0.877525 0.810369 0.469803
v 0.840569 0.814960 0.469803
v 0.803160 0.818531 0.469803
v 0.765298 0.821081 0.469803
v 0.726982 0.822612 0.469803
v 0.688212 0.823122 0.469803
v 0.601718 0.819438 0.469803
v 0.519985 0.808385 0.469803
v 0.443013 0.789964 0.469803
v 0.370802 0.764174 0.469803
v 0.303353 0.731016 0.469803
v 0.240665 0.690490 0.469803
v 0.182737 0.642595 0.469803
v 0.129571 0.587332 0.469803
v 0.081166 0.524700 0.469803
v 0.037522 0.454700 0.469803
v -0.001360 0.377331 0.469803
v -0.035481 0.292595 0.469803
v -0.042113 0.270848 0.469803
v -0.049312 0.241885 0.469803
v -0.057076 0.205704 0.469803
v -0.065409 0.162306 0.469803
v -0.074307 0.111690 0.469803
v -0.083774 0.053858 0.469803
v -0.093805 -0.011192 0.469803
v -0.104404 -0.083460 0.469803
v -0.115570 -0.162944 0.469803
v -0.127303 -0.249646 0.469803
v -0.139603 -0.343565 0.469803
v -0.152469 -0.444702 0.469803
v -0.165467 -0.522240 0.469803
v -0.179071 -0.607941 0.469803
v -0.193278 -0.701803 0.469803
v -0.208091 -0.803828 0.469803
v -0.223508 -0.914014 0.469803
v -0.239531 -1.032362 0.469803
v -0.256156 -1.158873 0.469803
v -0.273387 -1.293545 0.469803
v -0.291223 -1.436379 0.469803
v -0.309662 -1.587375 0.469803
v -0.328707 -1.746533 0.469803
v -0.348355 -1.913853 0.469803
v -0.349281 -1.939322 0.469803
v -0.348432 -1.964034 0.469803
v -0.345805 -1.987991 0.469803
v -0.341403 -2.011192 0.469803
v -0.335224 -2.033638 0.469803
v -0.327271 -2.055327 0.469803
v -0.317541 -2.076261 0.469803
v -0.306035 -2.096439 0.469803
v -0.292753 -2.115862 0.469803
v -0.277696 -2.134528 0.469803
v -0.260861 -2.152439 0.469803
v -0.242251 -2.169595 0.469803
v -0.222469 -2.185673 0.469803
v -0.202121 -2.200353 0.469803
v -0.181206 -2.213635 0.469803
v -0.159724 -2.225519 0.469803
v -0.137675 -2.236005 0.469803
v -0.115060 -2.245092 0.469803
v -0.091877 -2.252782 0.469803
v -0.068129 -2.259074 0.469803
v -0.043813 -2.263967 0.469803
v -0.018930 -2.267462 0.469803
v 0.006519 -2.269559 0.469803
v 0.032536 -2.270258 0.469803
v 0.082887 -2.268105 0.469803
v 0.129647 -2.261643 0.469803
v 0.172819 -2.250874 0.469803
v 0.212400 -2.235797 0.469803
v 0.248393 -2.216412 0.469803
v 0.280795 -2.192720 0.469803
v 0.309608 -2.164720 0.469803
v 0.334830 -2.132412 0.469803
v 0.356463 -2.095797 0.469803
v 0.374506 -2.054874 0.469803
v 0.388960 -2.009643 0.469803
v 0.399823 -1.960104 0.469803
v 0.408004 -1.911794 0.469803
v 0.416223 -1.860271 0.469803
v 0.424479 -1.805537 0.469803
v 0.432773 -1.747591 0.469803
v 0.441104 -1.686433 0.469803
v 0.449474 -1.622063 0.469803
v 0.457881 -1.554482 0.469803
v 0.466327 -1.483688 0.469803
v 0.474810 -1.409683 0.469803
v 0.483331 -1.332465 0.469803
v 0.491889 -1.252036 0.469803
v 0.500487 -1.168395 0.469803
v 0.509423 -1.077253 0.469803
v 0.518096 -0.990646 0.469803
v 0.526503 -0.908573 0.469803
v 0.534646 -0.831034 0.469803
v 0.542525 -0.758030 0.469803
v 0.550138 -0.689560 0.469803
v 0.557488 -0.625625 0.469803
v 0.564573 -0.566224 0.469803
v 0.571394 -0.511358 0.469803
v 0.577950 -0.461025 0.469803
v 0.584241 -0.415228 0.469803
v 0.590269 -0.373965 0.469803
v 0.602796 -0.296181 0.469803
v 0.615889 -0.225160 0.469803
v 0.629548 -0.160904 0.469803
v 0.643775 -0.103411 0.469803
v 0.658568 -0.052682 0.469803
v 0.673929 -0.008717 0.469803
v 0.689856 0.028484 0.469803
v 0.706350 0.058921 0.469803
v 0.723412 0.082594 0.469803
v 0.741038 0.099504 0.469803
v 0.759233 0.109650 0.469803
v 0.777993 0.113032 0.469803
v 0.789536 0.112163 0.469803
v 0.803310 0.109555 0.469803
v 0.819313 0.105210 0.469803
v 0.837545 0.099126 0.469803
v 0.858006 0.091304 0.469803
v 0.880697 0.081744 0.469803
v 0.905618 0.070446 0.469803
v 0.932768 0.057410 0.469803
v 0.962148 0.042635 0.469803
v 0.993756 0.026122 0.469803
v 1.027595 0.007871 0.469803
v 1.063663 -0.012118 0.469803
v 1.100014 -0.032731 0.469803
v 1.134702 -0.052853 0.469803
v 1.167727 -0.072483 0.469803
v 1.199090 -0.091622 0.469803
v 1.228790 -0.110270 0.469803
v 1.256828 -0.128426 0.469803
v 1.283204 -0.146091 0.469803
v 1.307917 -0.163266 0.469803
v 1.330967 -0.179948 0.469803
v 1.352354 -0.196140 0.469803
v 1.372079 -0.211841 0.469803
v 1.390141 -0.227050 0.469803
v 1.389629 -0.280631 0.469803
v 1.388099 -0.337992 0.469803
v 1.385548 -0.399131 0.469803
v 1.381977 -0.464049 0.469803
v 1.377385 -0.532745 0.469803
v 1.371774 -0.605220 0.469803
v 1.365142 -0.681474 0.469803
v 1.357490 -0.761507 0.469803
v 1.348817 -0.845318 0.469803
v 1.339125 -0.932907 0.469803
v 1.328412 -1.024276 0.469803
v 1.316683 -1.119423 0.469803
v 1.304516 -1.216649 0.469803
v 1.293406 -1.309718 0.469803
v 1.283355 -1.398630 0.469803
v 1.274362 -1.483386 0.469803
v 1.266427 -1.563985 0.469803
v 1.259549 -1.640428 0.469803
v 1.253731 -1.712714 0.469803
v 1.248969 -1.780844 0.469803
v 1.245266 -1.844817 0.469803
v 1.242621 -1.904633 0.469803
v 1.241035 -1.960293 0.469803
v 1.240505 -2.011797 0.469803
v 1.241241 -2.037284 0.469803
v 1.243452 -2.062053 0.469803
v 1.247136 -2.086104 0.469803
v 1.252294 -2.109438 0.469803
v 1.258925 -2.132053 0.469803
v 1.267031 -2.153951 0.469803
v 1.276609 -2.175130 0.469803
v 1.287662 -2.195592 0.469803
v 1.300188 -2.215335 0.469803
v 1.314189 -2.234361 0.469803
v 1.329662 -2.252669 0.469803
v 1.346610 -2.270258 0.469803
v 1.364691 -2.286771 0.469803
v 1.383565 -2.301848 0.469803
v 1.403234 -2.315489 0.469803
v 1.423695 -2.327694 0.469803
v 1.444949 -2.338464 0.469803
v 1.466998 -2.347797 0.469803
v 1.489841 -2.355695 0.469803
v 1.513476 -2.362156 0.469803
v 1.537906 -2.367182 0.469803
v 1.563128 -2.370771 0.469803
v 1.589145 -2.372925 0.469803
v 1.615954 -2.373643 0.469803
v 1.642764 -2.372925 0.469803
v 1.668780 -2.370771 0.469803
v 1.694002 -2.367182 0.469803
v 1.718431 -2.362156 0.469803
v 1.742067 -2.355695 0.469803
v 1.764910 -2.347797 0.469803
v 1.786960 -2.338464 0.469803
v 1.808214 -2.327694 0.469803
v 1.828675 -2.315489 0.469803
v 1.848343 -2.301848 0.469803
v 1.867218 -2.286771 0.469803
v 1.885299 -2.270258 0.469803
v 1.902246 -2.252669 0.469803
v 1.917720 -2.234361 0.469803
v 1.931721 -2.215335 0.469803
v 1.944247 -2.195592 0.469803
v 1.955299 -2.175130 0.469803
v 1.964878 -2.153951 0.469803
v 1.972982 -2.132053 0.469803
v 1.979615 -2.109438 0.469803
v 1.984773 -2.086104 0.469803
v 1.988457 -2.062053 0.469803
v 1.990667 -2.037284 0.469803
v 1.991404 -2.011797 0.469803
v 1.991867 -1.958073 0.469803
v 1.993256 -1.900288 0.469803
v 1.995570 -1.838440 0.469803
v 1.998811 -1.772531 0.469803
v 2.002976 -1.702559 0.469803
v 2.008068 -1.628525 0.469803
v 2.014086 -1.550429 0.469803
v 2.021029 -1.468271 0.469803
v 2.028898 -1.382051 0.469803
v 2.037693 -1.291769 0.469803
v 2.047413 -1.197425 0.469803
v 2.058060 -1.099018 0.469803
v 2.068707 -1.000612 0.469803
v 2.078426 -0.906268 0.469803
v 2.087221 -0.815986 0.469803
v 2.095090 -0.729766 0.469803
v 2.102034 -0.647608 0.469803
v 2.108051 -0.569512 0.469803
v 2.113143 -0.495478 0.469803
v 2.117309 -0.425506 0.469803
v 2.120549 -0.359596 0.469803
v 2.122864 -0.297749 0.469803
v 2.124252 -0.239963 0.469803
v 2.124716 -0.186240 0.469803
v 2.124924 -0.157711 0.469803
v 2.125547 -0.130164 0.469803
v 2.126586 -0.103600 0.469803
v 2.128041 -0.078018 0.469803
v 2.129912 -0.053419 0.469803
v 2.132197 -0.029803 0.469803
v 2.134900 -0.007168 0.469803
v 2.138018 0.014484 0.469803
v 2.141551 0.035153 0.469803
v 2.145499 0.054840 0.469803
v 2.149863 0.073545 0.469803
v 2.154643 0.091266 0.469803
v 2.207261 0.059205 0.469803
v 2.259916 0.023779 0.469803
v 2.312611 -0.015009 0.469803
v 2.365342 -0.057160 0.469803
v 2.418111 -0.102674 0.469803
v 2.470918 -0.151552 0.469803
v 2.523763 -0.203792 0.469803
v 2.576645 -0.259395 0.469803
v 2.629566 -0.318362 0.469803
v 2.682524 -0.380691 0.469803
v 2.735520 -0.446383 0.469803
v 2.788555 -0.515439 0.469803
v 2.790954 -0.518745 0.469803
v 2.793618 -0.522316 0.469803
v 2.796547 -0.526151 0.469803
v 2.799740 -0.530251 0.469803
v 2.803197 -0.534616 0.469803
v 2.806919 -0.539245 0.469803
v 2.810905 -0.544138 0.469803
v 2.815156 -0.549296 0.469803
v 2.819672 -0.554718 0.469803
v 2.824452 -0.560405 0.469803
v 2.829496 -0.566357 0.469803
v 2.834805 -0.572572 0.469803
v 2.836544 -0.662524 0.469803
v 2.838131 -0.749188 0.469803
v 2.839567 -0.832565 0.469803
v 2.840852 -0.912654 0.469803
v 2.841986 -0.989455 0.469803
v 2.842968 -1.062970 0.469803
v 2.843800 -1.133196 0.469803
v 2.844480 -1.200136 0.469803
v 2.845008 -1.263788 0.469803
v 2.845387 -1.324152 0.469803
v 2.845613 -1.381229 0.469803
v 2.845688 -1.435019 0.469803
v 2.845726 -1.448083 0.469803
v 2.845840 -1.461885 0.469803
v 2.846028 -1.476424 0.469803
v 2.846293 -1.491699 0.469803
v 2.846633 -1.507711 0.469803
v 2.847049 -1.524460 0.469803
v 2.847540 -1.541946 0.469803
v 2.848108 -1.560169 0.469803
v 2.848750 -1.579128 0.469803
v 2.849468 -1.598825 0.469803
v 2.850262 -1.619258 0.469803
v 2.851130 -1.640428 0.469803
v 2.851999 -1.661503 0.469803
v 2.852792 -1.681653 0.469803
v 2.853510 -1.700877 0.469803
v 2.854152 -1.719176 0.469803
v 2.854719 -1.736548 0.469803
v 2.855210 -1.752995 0.469803
v 2.855626 -1.768516 0.469803
v 2.855966 -1.783111 0.469803
v 2.856231 -1.796780 0.469803
v 2.856420 -1.809524 0.469803
v 2.856533 -1.821342 0.469803
v 2.856571 -1.832234 0.469803
v 2.857402 -1.856285 0.469803
v 2.859896 -1.879467 0.469803
v 2.864053 -1.901780 0.469803
v 2.869872 -1.923224 0.469803
v 2.877354 -1.943799 0.469803
v 2.886498 -1.963505 0.469803
v 2.897305 -1.982342 0.469803
v 2.909775 -2.000309 0.469803
v 2.923907 -2.017408 0.469803
v 2.939702 -2.033638 0.469803
v 2.957160 -2.048998 0.469803
v 2.976280 -2.063489 0.469803
v 2.994776 -2.076091 0.469803
v 3.013991 -2.087597 0.469803
v 3.033924 -2.098007 0.469803
v 3.054574 -2.107322 0.469803
v 3.075943 -2.115540 0.469803
v 3.098029 -2.122663 0.469803
v 3.120833 -2.128690 0.469803
v 3.144356 -2.133621 0.469803
v 3.168596 -2.137457 0.469803
v 3.193554 -2.140196 0.469803
v 3.219230 -2.141840 0.469803
v 3.245625 -2.142388 0.469803
v 3.283127 -2.140990 0.469803
v 3.318552 -2.136796 0.469803
v 3.351899 -2.129805 0.469803
v 3.383167 -2.120018 0.469803
v 3.412357 -2.107435 0.469803
v 3.439469 -2.092056 0.469803
v 3.464503 -2.073880 0.469803
v 3.487459 -2.052909 0.469803
v 3.508336 -2.029141 0.469803
v 3.527134 -2.002577 0.469803
v 3.543855 -1.973216 0.469803
v 3.558499 -1.941060 0.469803
v 3.567625 -1.917273 0.469803
v 3.575957 -1.891257 0.469803
v 3.583495 -1.863011 0.469803
v 3.590240 -1.832536 0.469803
v 3.596191 -1.799832 0.469803
v 3.601349 -1.764898 0.469803
v 3.605713 -1.727734 0.469803
v 3.609284 -1.688341 0.469803
v 3.612062 -1.646719 0.469803
v 3.614046 -1.602868 0.469803
v 3.615236 -1.556787 0.469803
v 3.615633 -1.508476 0.469803
v 3.615633 -0.496394 0.469803
v 3.615708 -0.472843 0.469803
v 3.615935 -0.447536 0.469803
v 3.616313 -0.420471 0.469803
v 3.616842 -0.391649 0.469803
v 3.617522 -0.361070 0.469803
v 3.618353 -0.328734 0.469803
v 3.619336 -0.294641 0.469803
v 3.620470 -0.258791 0.469803
v 3.621754 -0.221183 0.469803
v 3.623190 -0.181819 0.469803
v 3.624777 -0.140697 0.469803
v 3.626515 -0.097819 0.469803
v 3.628253 -0.054940 0.469803
v 3.629840 -0.013819 0.469803
v 3.631277 0.025546 0.469803
v 3.632561 0.063153 0.469803
v 3.633695 0.099004 0.469803
v 3.634677 0.133097 0.469802
v 3.635509 0.165433 0.469802
v 3.636189 0.196012 0.469802
v 3.636717 0.224834 0.469802
v 3.637095 0.251899 0.469802
v 3.637322 0.277206 0.469802
v 3.637398 0.300757 0.469802
v 3.636793 0.340792 0.469802
v 3.634980 0.380185 0.469802
v 3.631957 0.418935 0.469802
v 3.627725 0.457043 0.469802
v 3.622283 0.494509 0.469802
v 3.615633 0.531332 0.469802
v 3.607773 0.567513 0.469802
v 3.598704 0.603051 0.469802
v 3.588426 0.637947 0.469802
v 3.576939 0.672201 0.469802
v 3.564243 0.705812 0.469802
v 3.550337 0.738781 0.469802
v 3.532048 0.777891 0.469802
v 3.512550 0.813599 0.469802
v 3.491843 0.845907 0.469802
v 3.469926 0.874814 0.469802
v 3.446801 0.900320 0.469802
v 3.422466 0.922426 0.469802
v 3.396923 0.941130 0.469802
v 3.370170 0.956434 0.469802
v 3.342207 0.968337 0.469802
v 3.313036 0.976839 0.469802
v 3.282655 0.981940 0.469802
v 3.251066 0.983640 0.469802
v 3.225899 0.982818 0.469802
v 3.201187 0.980353 0.469802
v 3.176928 0.976243 0.469803
v 3.153122 0.970490 0.469803
v 3.129770 0.963093 0.469803
v 3.106871 0.954053 0.469803
v 3.084425 0.943368 0.469803
v 3.062433 0.931041 0.469803
v 3.040895 0.917069 0.469803
v 3.019810 0.901453 0.469803
v 2.999178 0.884194 0.469803
v 2.979000 0.865292 0.469803
v 2.959880 0.845407 0.469803
v 2.942422 0.825200 0.469803
v 2.926628 0.804672 0.469803
v 2.912496 0.783823 0.469803
v 2.900026 0.762654 0.469803
v 2.889219 0.741162 0.469803
v 2.880075 0.719350 0.469803
v 2.872593 0.697216 0.469803
v 2.866774 0.674761 0.469803
v 2.862617 0.651985 0.469803
v 2.860123 0.628888 0.469803
v 4.050937 0.493923 0.469802
v 4.059194 0.328908 0.469802
v 4.066732 0.179386 0.469802
v 4.073553 0.045356 0.469802
v 4.079655 -0.073182 0.469802
v 4.085040 -0.176226 0.469802
v 4.089706 -0.263778 0.469802
v 4.093656 -0.335838 0.469802
v 4.096887 -0.392405 0.469802
v 4.099399 -0.433479 0.469802
v 4.101194 -0.459061 0.469802
v 4.102271 -0.469150 0.469802
v 4.102629 -0.463746 0.469802
v 4.102611 -0.495412 0.469802
v 4.102554 -0.529647 0.469802
v 4.102460 -0.566451 0.469802
v 4.102328 -0.605825 0.469802
v 4.102158 -0.647768 0.469802
v 4.101950 -0.692281 0.469802
v 4.101705 -0.739363 0.469802
v 4.101421 -0.789015 0.469802
v 4.101100 -0.841237 0.469803
v 4.100741 -0.896027 0.469803
v 4.100345 -0.953388 0.469803
v 4.099908 -1.013318 0.469803
v 4.099474 -1.073248 0.469803
v 4.099077 -1.130608 0.469803
v 4.098718 -1.185399 0.469803
v 4.098397 -1.237620 0.469803
v 4.098114 -1.287272 0.469803
v 4.097868 -1.334355 0.469803
v 4.097661 -1.378868 0.469803
v 4.097491 -1.420811 0.469803
v 4.097359 -1.460185 0.469803
v 4.097264 -1.496989 0.469803
v 4.097208 -1.531224 0.469803
v 4.097188 -1.562889 0.469803
v 4.097121 -1.572799 0.469803
v 4.096923 -1.583483 0.469803
v 4.096592 -1.594942 0.469803
v 4.096129 -1.607175 0.469803
v 4.095534 -1.620183 0.469803
v 4.094807 -1.633966 0.469803
v 4.093947 -1.648524 0.469803
v 4.092956 -1.663856 0.469803
v 4.091832 -1.679962 0.469803
v 4.090575 -1.696843 0.469803
v 4.089187 -1.714499 0.469803
v 4.087666 -1.732930 0.469803
v 4.086145 -1.751360 0.469803
v 4.084756 -1.769016 0.469803
v 4.083500 -1.785898 0.469803
v 4.082376 -1.802004 0.469803
v 4.081384 -1.817336 0.469803
v 4.080524 -1.831894 0.469803
v 4.079797 -1.845676 0.469803
v 4.079202 -1.858684 0.469803
v 4.078739 -1.870918 0.469803
v 4.078408 -1.882377 0.469803
v 4.078209 -1.893061 0.469803
v 4.078143 -1.902971 0.469803
v 4.078908 -1.927995 0.469803
v 4.081204 -1.952282 0.469803
v 4.085030 -1.975833 0.469803
v 4.090387 -1.998647 0.469803
v 4.097273 -2.020724 0.469803
v 4.105690 -2.042064 0.469803
v 4.115638 -2.062667 0.469803
v 4.127116 -2.082534 0.469803
v 4.140123 -2.101663 0.469803
v 4.154662 -2.120056 0.469803
v 4.170731 -2.137712 0.469803
v 4.188330 -2.154631 0.469803
v 4.207044 -2.170492 0.469803
v 4.226457 -2.184974 0.469803
v 4.246569 -2.198076 0.469803
v 4.267380 -2.209800 0.469803
v 4.288890 -2.220144 0.469803
v 4.311099 -2.229109 0.469803
v 4.334007 -2.236694 0.469803
v 4.357615 -2.242901 0.469803
v 4.381921 -2.247728 0.469803
v 4.406927 -2.251176 0.469803
v 4.432631 -2.253245 0.469803
v 4.459034 -2.253935 0.469803
v 4.495820 -2.252518 0.469803
v 4.530905 -2.248267 0.469803
v 4.564289 -2.241182 0.469803
v 4.595973 -2.231262 0.469803
v 4.625957 -2.218509 0.469803
v 4.654241 -2.202922 0.469803
v 4.680824 -2.184501 0.469803
v 4.705706 -2.163246 0.469803
v 4.728889 -2.139157 0.469803
v 4.750371 -2.112234 0.469802
v 4.770152 -2.082477 0.469802
v 4.788233 -2.049886 0.469802
v 4.846444 -2.070310 0.469802
v 4.904994 -2.088957 0.469802
v 4.963885 -2.105829 0.469802
v 5.023116 -2.120925 0.469802
v 5.082686 -2.134245 0.469802
v 5.142598 -2.145789 0.469802
v 5.202849 -2.155557 0.469802
v 5.263440 -2.163548 0.469802
v 5.324371 -2.169765 0.469802
v 5.385643 -2.174204 0.469802
v 5.447254 -2.176868 0.469802
v 5.509206 -2.177756 0.469802
v 5.572744 -2.176623 0.469802
v 5.634582 -2.173222 0.469802
v 5.694720 -2.167554 0.469802
v 5.753157 -2.159619 0.469802
v 5.809894 -2.149416 0.469802
v 5.864931 -2.136947 0.469802
v 5.918267 -2.122210 0.469802
v 5.969903 -2.105206 0.469802
v 6.019838 -2.085934 0.469802
v 6.068073 -2.064396 0.469802
v 6.114607 -2.040590 0.469802
v 6.159441 -2.014517 0.469802
v 6.207204 -1.982040 0.469802
v 6.251642 -1.947181 0.469802
v 6.292754 -1.909942 0.469802
v 6.330541 -1.870323 0.469802
v 6.365003 -1.828323 0.469802
v 6.396139 -1.783942 0.469802
v 6.423950 -1.737181 0.469802
v 6.448435 -1.688039 0.469802
v 6.469596 -1.636517 0.469802
v 6.487432 -1.582614 0.469802
v 6.501942 -1.526330 0.469802
v 6.513126 -1.467667 0.469802
v 6.530073 -1.355307 0.469802
v 6.545547 -1.244951 0.469802
v 6.559547 -1.136597 0.469802
v 6.572073 -1.030246 0.469802
v 6.583126 -0.925898 0.469802
v 6.592705 -0.823552 0.469802
v 6.600810 -0.723209 0.469802
v 6.607442 -0.624869 0.469802
v 6.612599 -0.528532 0.469802
v 6.616284 -0.434197 0.469802
v 6.618494 -0.341865 0.469802
v 6.619231 -0.251536 0.469802
v 6.618665 -0.191889 0.469802
v 6.616964 -0.130844 0.469802
v 6.614130 -0.068402 0.469802
v 6.610162 -0.004561 0.469802
v 6.605061 0.060678 0.469802
v 6.598826 0.127315 0.469802
v 6.591458 0.195350 0.469802
v 6.582956 0.264784 0.469802
v 6.573320 0.335615 0.469802
v 6.562551 0.407845 0.469802
v 6.550648 0.481472 0.469802
v 6.537612 0.556498 0.469802
v 6.526748 0.605602 0.469802
v 6.512295 0.650436 0.469802
v 6.494251 0.691000 0.469802
v 6.472619 0.727295 0.469802
v 6.447396 0.759319 0.469802
v 6.418583 0.787073 0.469802
v 6.386181 0.810558 0.469802
v 6.350189 0.829772 0.469802
v 6.310608 0.844717 0.469802
v 6.267437 0.855392 0.469802
v 6.220675 0.861796 0.469802
v 6.170324 0.863932 0.469802
v 6.144345 0.863242 0.469802
v 6.119009 0.861173 0.469802
v 6.094316 0.857725 0.469802
v 6.070265 0.852898 0.469802
v 6.046855 0.846691 0.469802
v 6.024089 0.839106 0.469802
v 6.001965 0.830141 0.469802
v 5.980484 0.819797 0.469802
v 5.959644 0.808073 0.469802
v 5.939447 0.794971 0.469802
v 5.919892 0.780489 0.469802
v 5.900980 0.764628 0.469802
v 5.883163 0.747709 0.469802
v 5.866896 0.730053 0.469802
v 5.852178 0.711660 0.469802
v 5.839009 0.692530 0.469802
v 5.827390 0.672664 0.469802
v 5.817319 0.652061 0.469802
v 5.808798 0.630720 0.469802
v 5.801827 0.608644 0.469802
v 5.796405 0.585830 0.469802
v 5.792531 0.562279 0.469802
v 5.790208 0.537992 0.469802
v 5.789433 0.512967 0.469802
v 5.789707 0.492071 0.469802
v 5.790529 0.469286 0.469802
v 5.791899 0.444611 0.469802
v 5.793816 0.418047 0.469802
v 5.796282 0.389593 0.469802
v 5.799295 0.359251 0.469802
v 5.802857 0.327018 0.469802
v 5.806966 0.292897 0.469802
v 5.811624 0.256886 0.469802
v 5.816829 0.218986 0.469802
v 5.822582 0.179196 0.469802
v 5.828882 0.137518 0.469802
v 5.835183 0.095744 0.469802
v 5.840936 0.055671 0.469802
v 5.846141 0.017299 0.469802
v 5.850799 -0.019373 0.469802
v 5.854908 -0.054345 0.469802
v 5.858469 -0.087616 0.469802
v 5.861483 -0.119187 0.469802
v 5.863949 -0.149058 0.469802
v 5.865866 -0.177228 0.469802
v 5.867236 -0.203698 0.469802
v 5.868058 -0.228467 0.469802
v 5.868331 -0.251536 0.469802
v 5.868152 -0.314800 0.469802
v 5.867613 -0.376723 0.469802
v 5.866716 -0.437305 0.469802
v 5.865459 -0.496545 0.469802
v 5.863844 -0.554444 0.469802
v 5.861870 -0.611002 0.469802
v 5.859537 -0.666218 0.469802
v 5.856844 -0.720092 0.469802
v 5.853793 -0.772625 0.469802
v 5.850382 -0.823817 0.469802
v 5.846613 -0.873668 0.469802
v 5.842485 -0.922176 0.469802
v 5.837998 -0.969324 0.469802
v 5.833152 -1.015094 0.469802
v 5.827947 -1.059484 0.469802
v 5.822382 -1.102495 0.469802
v 5.816460 -1.144126 0.469802
v 5.810178 -1.184379 0.469802
v 5.803536 -1.223252 0.469802
v 5.796536 -1.260746 0.469802
v 5.789177 -1.296861 0.469802
v 5.781459 -1.331596 0.469802
v 5.773383 -1.364953 0.469802
v 5.764947 -1.396930 0.469802
v 5.753639 -1.401823 0.469802
v 5.742388 -1.406527 0.469802
v 5.731194 -1.411043 0.469802
v 5.720056 -1.415370 0.469802
v 5.708975 -1.419507 0.469802
v 5.697951 -1.423456 0.469802
v 5.686984 -1.427216 0.469802
v 5.676072 -1.430787 0.469802
v 5.665218 -1.434168 0.469802
v 5.654420 -1.437361 0.469802
v 5.643680 -1.440366 0.469802
v 5.632995 -1.443181 0.469802
v 5.622367 -1.445788 0.469802
v 5.611796 -1.448169 0.469802
v 5.601282 -1.450322 0.469802
v 5.590825 -1.452250 0.469802
v 5.580424 -1.453950 0.469802
v 5.570080 -1.455424 0.469802
v 5.559792 -1.456671 0.469802
v 5.549562 -1.457691 0.469802
v 5.539387 -1.458484 0.469802
v 5.529270 -1.459051 0.469802
v 5.519209 -1.459391 0.469802
v 5.509206 -1.459505 0.469802
v 5.458458 -1.458900 0.469802
v 5.406879 -1.457086 0.469802
v 5.354469 -1.454063 0.469802
v 5.301227 -1.449831 0.469802
v 5.247154 -1.444390 0.469802
v 5.192250 -1.437739 0.469802
v 5.136515 -1.429879 0.469802
v 5.079948 -1.420811 0.469802
v 5.022550 -1.410533 0.469802
v 4.964320 -1.399045 0.469802
v 4.905259 -1.386349 0.469802
v 4.845367 -1.372444 0.469802
v 4.845386 -1.337132 0.469802
v 4.845442 -1.301027 0.469802
v 4.845536 -1.264128 0.469802
v 4.845668 -1.226435 0.469802
v 4.845838 -1.187950 0.469802
v 4.846046 -1.148670 0.469802
v 4.846292 -1.108597 0.469802
v 4.846575 -1.067731 0.469802
v 4.846896 -1.026071 0.469802
v 4.847255 -0.983617 0.469802
v 4.847651 -0.940370 0.469802
v 4.848087 -0.896330 0.469802
v 4.848956 -0.844524 0.469802
v 4.849750 -0.795212 0.469802
v 4.850467 -0.748394 0.469802
v 4.851110 -0.704070 0.469802
v 4.851677 -0.662241 0.469802
v 4.852169 -0.622904 0.469802
v 4.852584 -0.586062 0.469802
v 4.852925 -0.551714 0.469802
v 4.853189 -0.519860 0.469802
v 4.853378 -0.490499 0.469802
v 4.853492 -0.463633 0.469802
v 4.853529 -0.439260 0.469802
v 4.853170 -0.347363 0.469802
v 4.852093 -0.257581 0.469802
v 4.850298 -0.169916 0.469802
v 4.847785 -0.084367 0.469802
v 4.844555 -0.000933 0.469802
v 4.840606 0.080384 0.469802
v 4.835939 0.159585 0.469802
v 4.830555 0.236670 0.469802
v 4.824452 0.311639 0.469802
v 4.817632 0.384492 0.469802
v 4.810093 0.455229 0.469802
v 4.801836 0.523850 0.469802
v 4.793032 0.575561 0.469802
v 4.780222 0.622776 0.469802
v 4.763408 0.665494 0.469802
v 4.742587 0.703716 0.469802
v 4.717761 0.737440 0.469802
v 4.688930 0.766668 0.469802
v 4.656093 0.791400 0.469802
v 4.619251 0.811635 0.469802
v 4.578403 0.827373 0.469802
v 4.533550 0.838614 0.469802
v 4.484692 0.845359 0.469802
v 4.431828 0.847608 0.469802
v 4.405396 0.846908 0.469802
v 4.379606 0.844811 0.469802
v 4.354459 0.841316 0.469802
v 4.329955 0.836422 0.469802
v 4.306092 0.830131 0.469802
v 4.282872 0.822441 0.469802
v 4.260294 0.813354 0.469802
v 4.238359 0.802868 0.469802
v 4.217066 0.790984 0.469802
v 4.196416 0.777702 0.469802
v 4.176408 0.763022 0.469802
v 4.157042 0.746943 0.469802
v 4.138847 0.729807 0.469802
v 4.122354 0.711953 0.469802
v 4.107560 0.693381 0.469802
v 4.094467 0.674091 0.469802
v 4.083074 0.654082 0.469802
v 4.073382 0.633356 0.469802
v 4.065390 0.611912 0.469802
v 4.059098 0.589751 0.469802
v 4.054507 0.566871 0.469802
v 4.051616 0.543273 0.469802
v 4.050426 0.518957 0.469802
v 6.994681 -1.958744 0.469802
v 7.014028 -1.976343 0.469802
v 7.033979 -1.992412 0.469802
v 7.054536 -2.006950 0.469802
v 7.075696 -2.019958 0.469802
v 7.097462 -2.031436 0.469802
v 7.119831 -2.041384 0.469802
v 7.142806 -2.049801 0.469802
v 7.166385 -2.056687 0.469802
v 7.190568 -2.062044 0.469802
v 7.215356 -2.065870 0.469802
v 7.240749 -2.068165 0.469802
v 7.266747 -2.068930 0.469802
v 7.291062 -2.068137 0.469802
v 7.315038 -2.065756 0.469802
v 7.338674 -2.061789 0.469802
v 7.361969 -2.056234 0.469802
v 7.384924 -2.049092 0.469802
v 7.407540 -2.040364 0.469802
v 7.429815 -2.030048 0.469802
v 7.451751 -2.018145 0.469802
v 7.473346 -2.004655 0.469802
v 7.494601 -1.989578 0.469802
v 7.515516 -1.972914 0.469802
v 7.536091 -1.954663 0.469802
v 7.674617 -1.829173 0.469802
v 7.815411 -1.710258 0.469802
v 7.958471 -1.597918 0.469802
v 8.103800 -1.492152 0.469802
v 8.251395 -1.392962 0.469802
v 8.401258 -1.300346 0.469802
v 8.553388 -1.214306 0.469802
v 8.707785 -1.134840 0.469802
v 8.864449 -1.061949 0.469802
v 9.023380 -0.995634 0.469802
v 9.184579 -0.935893 0.469802
v 9.348044 -0.882727 0.469802
v 9.343265 -1.009785 0.469802
v 9.338900 -1.127056 0.469802
v 9.334951 -1.234541 0.469802
v 9.331418 -1.332239 0.469802
v 9.328300 -1.420150 0.469802
v 9.325599 -1.498274 0.469802
v 9.323313 -1.566611 0.469802
v 9.321443 -1.625162 0.469802
v 9.319987 -1.673926 0.469802
v 9.318949 -1.712903 0.469802
v 9.318325 -1.742093 0.469802
v 9.318117 -1.761497 0.469802
v 9.318872 -1.787012 0.469802
v 9.321140 -1.811867 0.469802
v 9.324919 -1.836060 0.469802
v 9.330209 -1.859591 0.469802
v 9.337010 -1.882462 0.469802
v 9.345324 -1.904671 0.469802
v 9.355148 -1.926219 0.469802
v 9.366485 -1.947106 0.469802
v 9.379332 -1.967331 0.469802
v 9.393691 -1.986895 0.469802
v 9.409561 -2.005798 0.469802
v 9.426943 -2.024040 0.469802
v 9.445458 -2.041204 0.469802
v 9.464730 -2.056876 0.469802
v 9.484757 -2.071056 0.469802
v 9.505540 -2.083743 0.469802
v 9.527079 -2.094937 0.469802
v 9.549373 -2.104639 0.469802
v 9.572422 -2.112848 0.469802
v 9.596228 -2.119565 0.469802
v 9.620790 -2.124789 0.469802
v 9.646107 -2.128520 0.469802
v 9.672179 -2.130759 0.469802
v 9.699008 -2.131505 0.469802
v 9.725837 -2.130759 0.469802
v 9.751910 -2.128520 0.469802
v 9.777227 -2.124789 0.469802
v 9.801788 -2.119565 0.469802
v 9.825594 -2.112848 0.469802
v 9.848644 -2.104639 0.469802
v 9.870938 -2.094937 0.469802
v 9.892477 -2.083743 0.469802
v 9.913260 -2.071056 0.469802
v 9.933287 -2.056876 0.469802
v 9.952558 -2.041204 0.469802
v 9.971073 -2.024040 0.469802
v 9.988455 -2.005798 0.469802
v 10.004326 -1.986895 0.469802
v 10.018684 -1.967331 0.469802
v 10.031532 -1.947106 0.469802
v 10.042869 -1.926219 0.469802
v 10.052692 -1.904671 0.469802
v 10.061006 -1.882462 0.469802
v 10.067807 -1.859591 0.469802
v 10.073098 -1.836060 0.469802
v 10.076877 -1.811867 0.469802
v 10.079144 -1.787012 0.469802
v 10.079900 -1.761497 0.469802
v 10.079862 -1.726081 0.469802
v 10.079748 -1.687850 0.469802
v 10.079559 -1.646804 0.469802
v 10.079295 -1.602943 0.469802
v 10.078955 -1.556267 0.469802
v 10.078539 -1.506776 0.469802
v 10.078048 -1.454469 0.469802
v 10.077481 -1.399348 0.469802
v 10.076838 -1.341411 0.469802
v 10.076120 -1.280659 0.469802
v 10.075327 -1.217093 0.469802
v 10.074458 -1.150711 0.469802
v 10.073589 -1.084329 0.469802
v 10.072796 -1.020762 0.469802
v 10.072078 -0.960010 0.469802
v 10.071435 -0.902073 0.469802
v 10.070868 -0.846952 0.469802
v 10.070377 -0.794646 0.469802
v 10.069962 -0.745154 0.469802
v 10.069621 -0.698478 0.469802
v 10.069357 -0.654617 0.469802
v 10.069168 -0.613571 0.469802
v 10.069055 -0.575340 0.469802
v 10.069016 -0.539924 0.469802
v 10.063576 1.655641 0.469802
v 10.062839 1.684888 0.469802
v 10.060628 1.713681 0.469802
v 10.056944 1.742022 0.469802
v 10.051786 1.769908 0.469802
v 10.045155 1.797342 0.469802
v 10.037049 1.824322 0.469802
v 10.027471 1.850848 0.469802
v 10.016418 1.876921 0.469802
v 10.003891 1.902540 0.469802
v 9.989891 1.927706 0.469802
v 9.974418 1.952419 0.469802
v 9.957470 1.976677 0.469802
v 9.933608 2.006094 0.469802
v 9.908272 2.032678 0.469802
v 9.881462 2.056427 0.469802
v 9.853178 2.077342 0.469802
v 9.823421 2.095423 0.469802
v 9.792191 2.110670 0.469802
v 9.759486 2.123083 0.469802
v 9.725307 2.132661 0.469802
v 9.689656 2.139406 0.469802
v 9.652531 2.143317 0.469802
v 9.613932 2.144394 0.469802
v 9.573858 2.142637 0.469802
v 9.468149 2.134797 0.469802
v 9.371396 2.127598 0.469802
v 9.283599 2.121042 0.469802
v 9.204757 2.115129 0.469802
v 9.134870 2.109858 0.469802
v 9.073938 2.105228 0.469802
v 9.021963 2.101242 0.469802
v 8.978943 2.097898 0.469802
v 8.944878 2.095196 0.469802
v 8.919768 2.093137 0.469802
v 8.903614 2.091720 0.469802
v 8.896416 2.090945 0.469802
v 8.833728 2.082613 0.469802
v 8.772627 2.073034 0.469802
v 8.713112 2.062208 0.469802
v 8.655185 2.050135 0.469802
v 8.598845 2.036816 0.469802
v 8.544092 2.022249 0.469802
v 8.490926 2.006435 0.469802
v 8.439347 1.989374 0.469802
v 8.389355 1.971066 0.469802
v 8.340950 1.951512 0.469802
v 8.294132 1.930710 0.469802
v 8.248901 1.908662 0.469802
v 8.063349 1.809226 0.469802
v 7.893932 1.705898 0.469802
v 7.740650 1.598677 0.469802
v 7.603502 1.487565 0.469802
v 7.482490 1.372561 0.469802
v 7.377613 1.253665 0.469802
v 7.288870 1.130876 0.469802
v 7.216263 1.004196 0.469802
v 7.159791 0.873624 0.469802
v 7.119453 0.739159 0.469802
v 7.095251 0.600803 0.469802
v 7.087183 0.458554 0.469802
v 7.088874 0.399730 0.469802
v 7.093947 0.342058 0.469802
v 7.102402 0.285538 0.469802
v 7.114239 0.230171 0.469802
v 7.129457 0.175956 0.469802
v 7.148058 0.122894 0.469802
v 7.170040 0.070984 0.469802
v 7.195405 0.020227 0.469802
v 7.224151 -0.029377 0.469802
v 7.256279 -0.077829 0.469802
v 7.291789 -0.125129 0.469802
v 7.330682 -0.171276 0.469802
v 7.372955 -0.216252 0.469802
v 7.418612 -0.260037 0.469802
v 7.467649 -0.302633 0.469802
v 7.520069 -0.344038 0.469802
v 7.575871 -0.384252 0.469802
v 7.635055 -0.423277 0.469802
v 7.697620 -0.461111 0.469802
v 7.763567 -0.497754 0.469802
v 7.832897 -0.533208 0.469802
v 7.905608 -0.567471 0.469802
v 7.981701 -0.600544 0.469802
v 8.061176 -0.632427 0.469802
v 7.943489 -0.699649 0.469802
v 7.830752 -0.767099 0.469802
v 7.722965 -0.834775 0.469802
v 7.620129 -0.902678 0.469802
v 7.522242 -0.970808 0.469802
v 7.429305 -1.039164 0.469802
v 7.341319 -1.107747 0.469802
v 7.258282 -1.176557 0.469802
v 7.180196 -1.245593 0.469802
v 7.107059 -1.314857 0.469802
v 7.038873 -1.384346 0.469802
v 6.975636 -1.454063 0.469802
v 6.960427 -1.472371 0.469802
v 6.946541 -1.491019 0.469802
v 6.933976 -1.510007 0.469802
v 6.922735 -1.529335 0.469802
v 6.912816 -1.549003 0.469802
v 6.904220 -1.569011 0.469802
v 6.896945 -1.589359 0.469802
v 6.890994 -1.610047 0.469802
v 6.886365 -1.631076 0.469802
v 6.883059 -1.652444 0.469802
v 6.881075 -1.674152 0.469802
v 6.880414 -1.696201 0.469802
v 6.881207 -1.721301 0.469802
v 6.883588 -1.745815 0.469802
v 6.887556 -1.769744 0.469802
v 6.893110 -1.793087 0.469802
v 6.900252 -1.815844 0.469802
v 6.908981 -1.838015 0.469802
v 6.919297 -1.859601 0.469802
v 6.931200 -1.880601 0.469802
v 6.944690 -1.901015 0.469802
v 6.959766 -1.920844 0.469802
v 6.976431 -1.940087 0.469802
v 8.238018 1.046215 0.469802
v 8.299498 1.089084 0.469802
v 8.361506 1.128817 0.469802
v 8.424044 1.165414 0.469802
v 8.487109 1.198874 0.469802
v 8.550705 1.229198 0.469802
v 8.614829 1.256385 0.469802
v 8.679482 1.280437 0.469802
v 8.744664 1.301352 0.469802
v 8.810376 1.319130 0.469802
v 8.876616 1.333773 0.469802
v 8.943385 1.345279 0.469802
v 9.010683 1.353649 0.469802
v 9.016219 1.354215 0.469802
v 9.025572 1.355009 0.469802
v 9.038740 1.356029 0.469802
v 9.055725 1.357276 0.469802
v 9.076527 1.358750 0.469802
v 9.101145 1.360450 0.469802
v 9.129580 1.362377 0.469802
v 9.161831 1.364531 0.469802
v 9.197898 1.366912 0.469802
v 9.237782 1.369519 0.469802
v 9.281483 1.372353 0.469802
v 9.329000 1.375414 0.469802
v 9.329000 -0.069252 0.469802
v 9.317777 -0.069686 0.469802
v 9.306781 -0.070083 0.469802
v 9.296012 -0.070442 0.469802
v 9.285469 -0.070763 0.469802
v 9.275153 -0.071046 0.469802
v 9.265064 -0.071292 0.469802
v 9.255202 -0.071500 0.469802
v 9.245566 -0.071670 0.469802
v 9.236157 -0.071802 0.469802
v 9.226975 -0.071897 0.469802
v 9.218019 -0.071954 0.469802
v 9.209291 -0.071972 0.469802
v 9.100597 -0.070820 0.469802
v 8.996702 -0.067362 0.469802
v 8.897606 -0.061600 0.469802
v 8.803309 -0.053532 0.469802
v 8.713812 -0.043160 0.469802
v 8.629112 -0.030483 0.469802
v 8.549212 -0.015500 0.469802
v 8.474111 0.001787 0.469802
v 8.403809 0.021380 0.469802
v 8.338305 0.043278 0.469802
v 8.277600 0.067480 0.469802
v 8.221695 0.093987 0.469802
v 8.198730 0.106098 0.469802
v 8.176086 0.118851 0.469802
v 8.153763 0.132246 0.469802
v 8.131762 0.146284 0.469802
v 8.110082 0.160964 0.469802
v 8.088722 0.176287 0.469802
v 8.067685 0.192252 0.469802
v 8.046968 0.208859 0.469802
v 8.026573 0.226109 0.469802
v 8.006498 0.244001 0.469802
v 7.986746 0.262535 0.469802
v 7.967314 0.281712 0.469802
v 7.948845 0.300813 0.469802
v 7.931983 0.319121 0.469802
v 7.916727 0.336635 0.469802
v 7.903076 0.353356 0.469802
v 7.891032 0.369283 0.469802
v 7.880593 0.384416 0.469802
v 7.871760 0.398757 0.469802
v 7.864534 0.412303 0.469802
v 7.858913 0.425056 0.469802
v 7.854898 0.437016 0.469802
v 7.852489 0.448182 0.469802
v 7.851686 0.458554 0.469802
v 7.854369 0.509189 0.469802
v 7.862417 0.559521 0.469802
v 7.875832 0.609551 0.469802
v 7.894612 0.659278 0.469802
v 7.918757 0.708703 0.469802
v 7.948269 0.757826 0.469802
v 7.983146 0.806647 0.469802
v 8.023389 0.855165 0.469802
v 8.068998 0.903381 0.469802
v 8.119972 0.951295 0.469802
v 8.176312 0.998906 0.469802
v 6.994681 -1.958744 0.469802
v 6.994681 -1.958744 -0.469802
v 7.014028 -1.976343 0.469802
v 7.014028 -1.976343 -0.469802
v 7.033979 -1.992412 0.469802
v 7.033979 -1.992412 -0.469802
v 7.054536 -2.006950 0.469802
v 7.054536 -2.006951 -0.469802
v 7.075696 -2.019958 0.469802
v 7.075696 -2.019959 -0.469802
v 7.097462 -2.031436 0.469802
v 7.097462 -2.031436 -0.469802
v 7.119831 -2.041384 0.469802
v 7.119831 -2.041384 -0.469802
v 7.142806 -2.049801 0.469802
v 7.142806 -2.049801 -0.469802
v 7.166385 -2.056687 0.469802
v 7.166385 -2.056687 -0.469802
v 7.190568 -2.062044 0.469802
v 7.190568 -2.062044 -0.469802
v 7.215356 -2.065870 0.469802
v 7.215356 -2.065870 -0.469802
v 7.240749 -2.068165 0.469802
v 7.240749 -2.068165 -0.469802
v 7.266747 -2.068930 0.469802
v 7.266747 -2.068930 -0.469802
v 7.291062 -2.068137 0.469802
v 7.291062 -2.068137 -0.469802
v 7.315038 -2.065756 0.469802
v 7.315038 -2.065756 -0.469802
v 7.338674 -2.061789 0.469802
v 7.338674 -2.061789 -0.469802
v 7.361969 -2.056234 0.469802
v 7.361969 -2.056234 -0.469802
v 7.384924 -2.049092 0.469802
v 7.384924 -2.049092 -0.469802
v 7.407540 -2.040364 0.469802
v 7.407540 -2.040364 -0.469802
v 7.429815 -2.030048 0.469802
v 7.429815 -2.030048 -0.469802
v 7.451751 -2.018145 0.469802
v 7.451751 -2.018145 -0.469802
v 7.473346 -2.004655 0.469802
v 7.473346 -2.004655 -0.469802
v 7.494601 -1.989578 0.469802
v 7.494601 -1.989578 -0.469802
v 7.515516 -1.972914 0.469802
v 7.515516 -1.972914 -0.469802
v 7.536091 -1.954663 0.469802
v 7.536091 -1.954663 -0.469802
v 7.674617 -1.829173 0.469802
v 7.674617 -1.829173 -0.469802
v 7.815411 -1.710258 0.469802
v 7.815411 -1.710258 -0.469802
v 7.958471 -1.597918 0.469802
v 7.958471 -1.597918 -0.469802
v 8.103800 -1.492152 0.469802
v 8.103800 -1.492152 -0.469802
v 8.251395 -1.392962 0.469802
v 8.251395 -1.392962 -0.469802
v 8.401258 -1.300346 0.469802
v 8.401258 -1.300346 -0.469802
v 8.553388 -1.214306 0.469802
v 8.553388 -1.214306 -0.469802
v 8.707785 -1.134840 0.469802
v 8.707785 -1.134840 -0.469802
v 8.864449 -1.061949 0.469802
v 8.864449 -1.061949 -0.469802
v 9.023380 -0.995634 0.469802
v 9.023380 -0.995634 -0.469802
v 9.184579 -0.935893 0.469802
v 9.184579 -0.935893 -0.469802
v 9.348044 -0.882727 0.469802
v 9.348044 -0.882727 -0.469802
v 9.343265 -1.009785 0.469802
v 9.343264 -1.009785 -0.469802
v 9.338900 -1.127056 0.469802
v 9.338900 -1.127056 -0.469802
v 9.334951 -1.234541 0.469802
v 9.334951 -1.234541 -0.469802
v 9.331418 -1.332239 0.469802
v 9.331418 -1.332239 -0.469802
v 9.328300 -1.420150 0.469802
v 9.328300 -1.420150 -0.469802
v 9.325599 -1.498274 0.469802
v 9.325599 -1.498274 -0.469802
v 9.323313 -1.566611 0.469802
v 9.323313 -1.566611 -0.469802
v 9.321443 -1.625162 0.469802
v 9.321443 -1.625162 -0.469802
v 9.319987 -1.673926 0.469802
v 9.319987 -1.673926 -0.469802
v 9.318949 -1.712903 0.469802
v 9.318949 -1.712903 -0.469802
v 9.318325 -1.742093 0.469802
v 9.318325 -1.742093 -0.469802
v 9.318117 -1.761497 0.469802
v 9.318117 -1.761497 -0.469802
v 9.318872 -1.787012 0.469802
v 9.318872 -1.787012 -0.469802
v 9.321140 -1.811867 0.469802
v 9.321140 -1.811867 -0.469802
v 9.324919 -1.836060 0.469802
v 9.324919 -1.836060 -0.469802
v 9.330209 -1.859591 0.469802
v 9.330209 -1.859591 -0.469802
v 9.337010 -1.882462 0.469802
v 9.337010 -1.882462 -0.469802
v 9.345324 -1.904671 0.469802
v 9.345324 -1.904671 -0.469802
v 9.355148 -1.926219 0.469802
v 9.355148 -1.926219 -0.469802
v 9.366485 -1.947106 0.469802
v 9.366484 -1.947106 -0.469802
v 9.379332 -1.967331 0.469802
v 9.379332 -1.967331 -0.469802
v 9.393691 -1.986895 0.469802
v 9.393691 -1.986895 -0.469802
v 9.409561 -2.005798 0.469802
v 9.409561 -2.005798 -0.469802
v 9.426943 -2.024040 0.469802
v 9.426943 -2.024040 -0.469802
v 9.445458 -2.041204 0.469802
v 9.445458 -2.041204 -0.469802
v 9.464730 -2.056876 0.469802
v 9.464730 -2.056876 -0.469802
v 9.484757 -2.071056 0.469802
v 9.484756 -2.071056 -0.469802
v 9.505540 -2.083743 0.469802
v 9.505540 -2.083743 -0.469802
v 9.527079 -2.094937 0.469802
v 9.527078 -2.094937 -0.469802
v 9.549373 -2.104639 0.469802
v 9.549373 -2.104639 -0.469802
v 9.572422 -2.112848 0.469802
v 9.572422 -2.112848 -0.469802
v 9.596228 -2.119565 0.469802
v 9.596228 -2.119565 -0.469802
v 9.620790 -2.124789 0.469802
v 9.620790 -2.124789 -0.469802
v 9.646107 -2.128520 0.469802
v 9.646107 -2.128520 -0.469802
v 9.672179 -2.130759 0.469802
v 9.672179 -2.130759 -0.469802
v 9.699008 -2.131505 0.469802
v 9.699008 -2.131505 -0.469802
v 9.725837 -2.130759 0.469802
v 9.725837 -2.130759 -0.469802
v 9.751910 -2.128520 0.469802
v 9.751909 -2.128520 -0.469802
v 9.777227 -2.124789 0.469802
v 9.777226 -2.124789 -0.469802
v 9.801788 -2.119565 0.469802
v 9.801788 -2.119565 -0.469802
v 9.825594 -2.112848 0.469802
v 9.825594 -2.112848 -0.469802
v 9.848644 -2.104639 0.469802
v 9.848644 -2.104639 -0.469802
v 9.870938 -2.094937 0.469802
v 9.870938 -2.094937 -0.469802
v 9.892477 -2.083743 0.469802
v 9.892477 -2.083743 -0.469802
v 9.913260 -2.071056 0.469802
v 9.913260 -2.071056 -0.469802
v 9.933287 -2.056876 0.469802
v 9.933287 -2.056876 -0.469802
v 9.952558 -2.041204 0.469802
v 9.952558 -2.041204 -0.469802
v 9.971073 -2.024040 0.469802
v 9.971073 -2.024040 -0.469802
v 9.988455 -2.005798 0.469802
v 9.988455 -2.005798 -0.469802
v 10.004326 -1.986895 0.469802
v 10.004326 -1.986895 -0.469802
v 10.018684 -1.967331 0.469802
v 10.018684 -1.967331 -0.469802
v 10.031532 -1.947106 0.469802
v 10.031532 -1.947106 -0.469802
v 10.042869 -1.926219 0.469802
v 10.042869 -1.926219 -0.469802
v 10.052692 -1.904671 0.469802
v 10.052692 -1.904671 -0.469802
v 10.061006 -1.882462 0.469802
v 10.061006 -1.882462 -0.469802
v 10.067807 -1.859591 0.469802
v 10.067807 -1.859591 -0.469802
v 10.073098 -1.836060 0.469802
v 10.073097 -1.836060 -0.469802
v 10.076877 -1.811867 0.469802
v 10.076877 -1.811867 -0.469802
v 10.079144 -1.787012 0.469802
v 10.079144 -1.787012 -0.469802
v 10.079900 -1.761497 0.469802
v 10.079899 -1.761497 -0.469802
v 10.079862 -1.726081 0.469802
v 10.079862 -1.726081 -0.469802
v 10.079748 -1.687850 0.469802
v 10.079748 -1.687850 -0.469802
v 10.079559 -1.646804 0.469802
v 10.079559 -1.646804 -0.469802
v 10.079295 -1.602943 0.469802
v 10.079295 -1.602943 -0.469802
v 10.078955 -1.556267 0.469802
v 10.078955 -1.556267 -0.469802
v 10.078539 -1.506776 0.469802
v 10.078539 -1.506776 -0.469802
v 10.078048 -1.454469 0.469802
v 10.078048 -1.454469 -0.469802
v 10.077481 -1.399348 0.469802
v 10.077481 -1.399348 -0.469802
v 10.076838 -1.341411 0.469802
v 10.076838 -1.341411 -0.469802
v 10.076120 -1.280659 0.469802
v 10.076120 -1.280659 -0.469802
v 10.075327 -1.217093 0.469802
v 10.075327 -1.217093 -0.469802
v 10.074458 -1.150711 0.469802
v 10.074458 -1.150711 -0.469802
v 10.073589 -1.084329 0.469802
v 10.073589 -1.084329 -0.469802
v 10.072796 -1.020762 0.469802
v 10.072796 -1.020762 -0.469802
v 10.072078 -0.960010 0.469802
v 10.072078 -0.960010 -0.469802
v 10.071435 -0.902073 0.469802
v 10.071435 -0.902073 -0.469802
v 10.070868 -0.846952 0.469802
v 10.070868 -0.846952 -0.469802
v 10.070377 -0.794646 0.469802
v 10.070377 -0.794646 -0.469802
v 10.069962 -0.745154 0.469802
v 10.069962 -0.745154 -0.469802
v 10.069621 -0.698478 0.469802
v 10.069621 -0.698478 -0.469802
v 10.069357 -0.654617 0.469802
v 10.069357 -0.654617 -0.469802
v 10.069168 -0.613571 0.469802
v 10.069168 -0.613571 -0.469802
v 10.069055 -0.575340 0.469802
v 10.069055 -0.575340 -0.469802
v 10.069016 -0.539924 0.469802
v 10.069016 -0.539924 -0.469802
v 10.063576 1.655641 0.469802
v 10.063576 1.655641 -0.469802
v 10.062839 1.684888 0.469802
v 10.062839 1.684888 -0.469802
v 10.060628 1.713681 0.469802
v 10.060628 1.713681 -0.469802
v 10.056944 1.742022 0.469802
v 10.056944 1.742022 -0.469802
v 10.051786 1.769908 0.469802
v 10.051786 1.769908 -0.469802
v 10.045155 1.797342 0.469802
v 10.045155 1.797342 -0.469802
v 10.037049 1.824322 0.469802
v 10.037049 1.824322 -0.469802
v 10.027471 1.850848 0.469802
v 10.027471 1.850848 -0.469802
v 10.016418 1.876921 0.469802
v 10.016418 1.876921 -0.469802
v 10.003891 1.902540 0.469802
v 10.003891 1.902540 -0.469802
v 9.989891 1.927706 0.469802
v 9.989891 1.927706 -0.469802
v 9.974418 1.952419 0.469802
v 9.974418 1.952419 -0.469802
v 9.957470 1.976677 0.469802
v 9.957470 1.976677 -0.469802
v 9.933608 2.006094 0.469802
v 9.933608 2.006094 -0.469802
v 9.908272 2.032678 0.469802
v 9.908272 2.032678 -0.469802
v 9.881462 2.056427 0.469802
v 9.881462 2.056427 -0.469802
v 9.853178 2.077342 0.469802
v 9.853178 2.077342 -0.469802
v 9.823421 2.095423 0.469802
v 9.823421 2.095423 -0.469802
v 9.792191 2.110670 0.469802
v 9.792191 2.110670 -0.469802
v 9.759486 2.123083 0.469802
v 9.759486 2.123083 -0.469802
v 9.725307 2.132661 0.469802
v 9.725307 2.132661 -0.469802
v 9.689656 2.139406 0.469802
v 9.689656 2.139406 -0.469802
v 9.652531 2.143317 0.469802
v 9.652531 2.143317 -0.469802
v 9.613932 2.144394 0.469802
v 9.613931 2.144394 -0.469802
v 9.573858 2.142637 0.469802
v 9.573858 2.142637 -0.469802
v 9.468149 2.134797 0.469802
v 9.468149 2.134797 -0.469802
v 9.371396 2.127598 0.469802
v 9.371396 2.127598 -0.469802
v 9.283599 2.121042 0.469802
v 9.283599 2.121042 -0.469802
v 9.204757 2.115129 0.469802
v 9.204757 2.115129 -0.469802
v 9.134870 2.109858 0.469802
v 9.134870 2.109858 -0.469802
v 9.073938 2.105228 0.469802
v 9.073938 2.105228 -0.469802
v 9.021963 2.101242 0.469802
v 9.021963 2.101242 -0.469802
v 8.978943 2.097898 0.469802
v 8.978943 2.097898 -0.469802
v 8.944878 2.095196 0.469802
v 8.944878 2.095196 -0.469802
v 8.919768 2.093137 0.469802
v 8.919768 2.093137 -0.469802
v 8.903614 2.091720 0.469802
v 8.903614 2.091720 -0.469802
v 8.896416 2.090945 0.469802
v 8.896416 2.090945 -0.469802
v 8.833728 2.082613 0.469802
v 8.833728 2.082613 -0.469802
v 8.772627 2.073034 0.469802
v 8.772627 2.073034 -0.469802
v 8.713112 2.062208 0.469802
v 8.713112 2.062208 -0.469802
v 8.655185 2.050135 0.469802
v 8.655185 2.050135 -0.469802
v 8.598845 2.036816 0.469802
v 8.598845 2.036816 -0.469802
v 8.544092 2.022249 0.469802
v 8.544092 2.022249 -0.469802
v 8.490926 2.006435 0.469802
v 8.490926 2.006435 -0.469802
v 8.439347 1.989374 0.469802
v 8.439347 1.989374 -0.469802
v 8.389355 1.971066 0.469802
v 8.389355 1.971066 -0.469802
v 8.340950 1.951512 0.469802
v 8.340950 1.951512 -0.469802
v 8.294132 1.930710 0.469802
v 8.294132 1.930710 -0.469802
v 8.248901 1.908662 0.469802
v 8.248901 1.908662 -0.469802
v 8.063349 1.809226 0.469802
v 8.063349 1.809226 -0.469802
v 7.893932 1.705898 0.469802
v 7.893932 1.705898 -0.469802
v 7.740650 1.598677 0.469802
v 7.740650 1.598677 -0.469802
v 7.603502 1.487565 0.469802
v 7.603502 1.487565 -0.469802
v 7.482490 1.372561 0.469802
v 7.482490 1.372561 -0.469802
v 7.377613 1.253665 0.469802
v 7.377613 1.253665 -0.469802
v 7.288870 1.130876 0.469802
v 7.288870 1.130876 -0.469802
v 7.216263 1.004196 0.469802
v 7.216263 1.004196 -0.469802
v 7.159791 0.873624 0.469802
v 7.159791 0.873624 -0.469802
v 7.119453 0.739159 0.469802
v 7.119453 0.739159 -0.469802
v 7.095251 0.600803 0.469802
v 7.095251 0.600803 -0.469802
v 7.087183 0.458554 0.469802
v 7.087183 0.458554 -0.469802
v 7.088874 0.399730 0.469802
v 7.088874 0.399730 -0.469802
v 7.093947 0.342058 0.469802
v 7.093947 0.342058 -0.469802
v 7.102402 0.285538 0.469802
v 7.102402 0.285538 -0.469802
v 7.114239 0.230171 0.469802
v 7.114239 0.230171 -0.469802
v 7.129457 0.175956 0.469802
v 7.129457 0.175956 -0.469802
v 7.148058 0.122894 0.469802
v 7.148058 0.122894 -0.469802
v 7.170040 0.070984 0.469802
v 7.170040 0.070984 -0.469802
v 7.195405 0.020227 0.469802
v 7.195405 0.020227 -0.469802
v 7.224151 -0.029377 0.469802
v 7.224151 -0.029377 -0.469802
v 7.256279 -0.077829 0.469802
v 7.256279 -0.077829 -0.469802
v 7.291789 -0.125129 0.469802
v 7.291789 -0.125129 -0.469802
v 7.330682 -0.171276 0.469802
v 7.330682 -0.171276 -0.469802
v 7.372955 -0.216252 0.469802
v 7.372955 -0.216252 -0.469802
v 7.418612 -0.260037 0.469802
v 7.418612 -0.260037 -0.469802
v 7.467649 -0.302633 0.469802
v 7.467649 -0.302633 -0.469802
v 7.520069 -0.344038 0.469802
v 7.520069 -0.344038 -0.469802
v 7.575871 -0.384252 0.469802
v 7.575871 -0.384252 -0.469802
v 7.635055 -0.423277 0.469802
v 7.635055 -0.423277 -0.469802
v 7.697620 -0.461111 0.469802
v 7.697620 -0.461111 -0.469802
v 7.763567 -0.497754 0.469802
v 7.763567 -0.497754 -0.469802
v 7.832897 -0.533208 0.469802
v 7.832897 -0.533208 -0.469802
v 7.905608 -0.567471 0.469802
v 7.905608 -0.567471 -0.469802
v 7.981701 -0.600544 0.469802
v 7.981701 -0.600544 -0.469802
v 8.061176 -0.632427 0.469802
v 8.061176 -0.632427 -0.469802
v 7.943489 -0.699649 0.469802
v 7.943489 -0.699649 -0.469802
v 7.830752 -0.767099 0.469802
v 7.830752 -0.767099 -0.469802
v 7.722965 -0.834775 0.469802
v 7.722965 -0.834775 -0.469802
v 7.620129 -0.902678 0.469802
v 7.620129 -0.902678 -0.469802
v 7.522242 -0.970808 0.469802
v 7.522242 -0.970808 -0.469802
v 7.429305 -1.039164 0.469802
v 7.429305 -1.039164 -0.469802
v 7.341319 -1.107747 0.469802
v 7.341319 -1.107747 -0.469802
v 7.258282 -1.176557 0.469802
v 7.258282 -1.176557 -0.469802
v 7.180196 -1.245593 0.469802
v 7.180196 -1.245593 -0.469802
v 7.107059 -1.314857 0.469802
v 7.107059 -1.314857 -0.469802
v 7.038873 -1.384346 0.469802
v 7.038873 -1.384346 -0.469802
v 6.975636 -1.454063 0.469802
v 6.975636 -1.454063 -0.469802
v 6.960427 -1.472371 0.469802
v 6.960427 -1.472371 -0.469802
v 6.946541 -1.491019 0.469802
v 6.946541 -1.491019 -0.469802
v 6.933976 -1.510007 0.469802
v 6.933976 -1.510007 -0.469802
v 6.922735 -1.529335 0.469802
v 6.922735 -1.529335 -0.469802
v 6.912816 -1.549003 0.469802
v 6.912816 -1.549003 -0.469802
v 6.904220 -1.569011 0.469802
v 6.904220 -1.569011 -0.469802
v 6.896945 -1.589359 0.469802
v 6.896945 -1.589359 -0.469802
v 6.890994 -1.610047 0.469802
v 6.890994 -1.610047 -0.469802
v 6.886365 -1.631076 0.469802
v 6.886365 -1.631076 -0.469802
v 6.883059 -1.652444 0.469802
v 6.883059 -1.652444 -0.469802
v 6.881075 -1.674152 0.469802
v 6.881075 -1.674152 -0.469802
v 6.880414 -1.696201 0.469802
v 6.880414 -1.696201 -0.469802
v 6.881207 -1.721301 0.469802
v 6.881207 -1.721301 -0.469802
v 6.883588 -1.745815 0.469802
v 6.883588 -1.745815 -0.469802
v 6.887556 -1.769744 0.469802
v 6.887556 -1.769744 -0.469802
v 6.893110 -1.793087 0.469802
v 6.893110 -1.793087 -0.469802
v 6.900252 -1.815844 0.469802
v 6.900252 -1.815844 -0.469802
v 6.908981 -1.838015 0.469802
v 6.908981 -1.838015 -0.469802
v 6.919297 -1.859601 0.469802
v 6.919297 -1.859601 -0.469802
v 6.931200 -1.880601 0.469802
v 6.931200 -1.880601 -0.469802
v 6.944690 -1.901015 0.469802
v 6.944690 -1.901015 -0.469802
v 6.959766 -1.920844 0.469802
v 6.959766 -1.920844 -0.469802
v 6.976431 -1.940087 0.469802
v 6.976431 -1.940087 -0.469802
v 8.238018 1.046215 0.469802
v 8.238018 1.046215 -0.469802
v 8.299498 1.089084 0.469802
v 8.299498 1.089084 -0.469802
v 8.361506 1.128817 0.469802
v 8.361506 1.128817 -0.469802
v 8.424044 1.165414 0.469802
v 8.424044 1.165414 -0.469802
v 8.487109 1.198874 0.469802
v 8.487109 1.198874 -0.469802
v 8.550705 1.229198 0.469802
v 8.550705 1.229198 -0.469802
v 8.614829 1.256385 0.469802
v 8.614829 1.256385 -0.469802
v 8.679482 1.280437 0.469802
v 8.679482 1.280437 -0.469802
v 8.744664 1.301352 0.469802
v 8.744664 1.301352 -0.469802
v 8.810376 1.319130 0.469802
v 8.810376 1.319130 -0.469802
v 8.876616 1.333773 0.469802
v 8.876616 1.333773 -0.469802
v 8.943385 1.345279 0.469802
v 8.943385 1.345279 -0.469802
v 9.010683 1.353649 0.469802
v 9.010683 1.353649 -0.469802
v 9.016219 1.354215 0.469802
v 9.016219 1.354215 -0.469802
v 9.025572 1.355009 0.469802
v 9.025572 1.355009 -0.469802
v 9.038740 1.356029 0.469802
v 9.038740 1.356029 -0.469802
v 9.055725 1.357276 0.469802
v 9.055725 1.357276 -0.469802
v 9.076527 1.358750 0.469802
v 9.076527 1.358750 -0.469802
v 9.101145 1.360450 0.469802
v 9.101145 1.360450 -0.469802
v 9.129580 1.362377 0.469802
v 9.129580 1.362377 -0.469802
v 9.161831 1.364531 0.469802
v 9.161831 1.364531 -0.469802
v 9.197898 1.366912 0.469802
v 9.197898 1.366912 -0.469802
v 9.237782 1.369519 0.469802
v 9.237782 1.369519 -0.469802
v 9.281483 1.372353 0.469802
v 9.281483 1.372353 -0.469802
v 9.329000 1.375414 0.469802
v 9.329000 1.375414 -0.469802
v 9.329000 -0.069252 0.469802
v 9.329000 -0.069252 -0.469802
v 9.317777 -0.069686 0.469802
v 9.317777 -0.069686 -0.469802
v 9.306781 -0.070083 0.469802
v 9.306781 -0.070083 -0.469802
v 9.296012 -0.070442 0.469802
v 9.296012 -0.070442 -0.469802
v 9.285469 -0.070763 0.469802
v 9.285469 -0.070763 -0.469802
v 9.275153 -0.071046 0.469802
v 9.275153 -0.071046 -0.469802
v 9.265064 -0.071292 0.469802
v 9.265064 -0.071292 -0.469802
v 9.255202 -0.071500 0.469802
v 9.255202 -0.071500 -0.469802
v 9.245566 -0.071670 0.469802
v 9.245566 -0.071670 -0.469802
v 9.236157 -0.071802 0.469802
v 9.236157 -0.071802 -0.469802
v 9.226975 -0.071897 0.469802
v 9.226975 -0.071897 -0.469802
v 9.218019 -0.071954 0.469802
v 9.218019 -0.071954 -0.469802
v 9.209291 -0.071972 0.469802
v 9.209291 -0.071972 -0.469802
v 9.100597 -0.070820 0.469802
v 9.100597 -0.070820 -0.469802
v 8.996702 -0.067362 0.469802
v 8.996702 -0.067362 -0.469802
v 8.897606 -0.061600 0.469802
v 8.897606 -0.061600 -0.469802
v 8.803309 -0.053532 0.469802
v 8.803309 -0.053532 -0.469802
v 8.713812 -0.043160 0.469802
v 8.713812 -0.043160 -0.469802
v 8.629112 -0.030483 0.469802
v 8.629112 -0.030483 -0.469802
v 8.549212 -0.015500 0.469802
v 8.549212 -0.015500 -0.469802
v 8.474111 0.001787 0.469802
v 8.474111 0.001787 -0.469802
v 8.403809 0.021380 0.469802
v 8.403809 0.021380 -0.469802
v 8.338305 0.043278 0.469802
v 8.338305 0.043278 -0.469802
v 8.277600 0.067480 0.469802
v 8.277600 0.067480 -0.469802
v 8.221695 0.093987 0.469802
v 8.221695 0.093987 -0.469802
v 8.198730 0.106098 0.469802
v 8.198730 0.106098 -0.469802
v 8.176086 0.118851 0.469802
v 8.176086 0.118851 -0.469802
v 8.153763 0.132246 0.469802
v 8.153763 0.132246 -0.469802
v 8.131762 0.146284 0.469802
v 8.131762 0.146284 -0.469802
v 8.110082 0.160964 0.469802
v 8.110082 0.160964 -0.469802
v 8.088722 0.176287 0.469802
v 8.088722 0.176287 -0.469802
v 8.067685 0.192252 0.469802
v 8.067685 0.192252 -0.469802
v 8.046968 0.208859 0.469802
v 8.046968 0.208859 -0.469802
v 8.026573 0.226109 0.469802
v 8.026573 0.226109 -0.469802
v 8.006498 0.244001 0.469802
v 8.006498 0.244001 -0.469802
v 7.986746 0.262535 0.469802
v 7.986746 0.262535 -0.469802
v 7.967314 0.281712 0.469802
v 7.967314 0.281712 -0.469802
v 7.948845 0.300813 0.469802
v 7.948845 0.300813 -0.469802
v 7.931983 0.319121 0.469802
v 7.931983 0.319121 -0.469802
v 7.916727 0.336635 0.469802
v 7.916727 0.336635 -0.469802
v 7.903076 0.353356 0.469802
v 7.903076 0.353356 -0.469802
v 7.891032 0.369283 0.469802
v 7.891032 0.369283 -0.469802
v 7.880593 0.384416 0.469802
v 7.880593 0.384416 -0.469802
v 7.871760 0.398757 0.469802
v 7.871760 0.398757 -0.469802
v 7.864534 0.412303 0.469802
v 7.864534 0.412303 -0.469802
v 7.858913 0.425056 0.469802
v 7.858913 0.425056 -0.469802
v 7.854898 0.437016 0.469802
v 7.854898 0.437016 -0.469802
v 7.852489 0.448182 0.469802
v 7.852489 0.448182 -0.469802
v 7.851686 0.458554 0.469802
v 7.851686 0.458554 -0.469802
v 7.854369 0.509189 0.469802
v 7.854369 0.509189 -0.469802
v 7.862417 0.559521 0.469802
v 7.862417 0.559521 -0.469802
v 7.875832 0.609551 0.469802
v 7.875832 0.609551 -0.469802
v 7.894612 0.659278 0.469802
v 7.894612 0.659278 -0.469802
v 7.918757 0.708703 0.469802
v 7.918757 0.708703 -0.469802
v 7.948269 0.757826 0.469802
v 7.948269 0.757826 -0.469802
v 7.983146 0.806647 0.469802
v 7.983146 0.806647 -0.469802
v 8.023389 0.855165 0.469802
v 8.023389 0.855165 -0.469802
v 8.068998 0.903381 0.469802
v 8.068998 0.903381 -0.469802
v 8.119972 0.951295 0.469802
v 8.119972 0.951295 -0.469802
v 8.176312 0.998906 0.469802
v 8.176312 0.998906 -0.469802
v 4.050937 0.493923 0.469802
v 4.050937 0.493923 -0.469802
v 4.059194 0.328908 0.469802
v 4.059194 0.328908 -0.469802
v 4.066732 0.179386 0.469802
v 4.066732 0.179386 -0.469802
v 4.073553 0.045356 0.469802
v 4.073553 0.045356 -0.469802
v 4.079655 -0.073182 0.469802
v 4.079655 -0.073182 -0.469802
v 4.085040 -0.176226 0.469802
v 4.085040 -0.176226 -0.469802
v 4.089706 -0.263778 0.469802
v 4.089706 -0.263778 -0.469802
v 4.093656 -0.335838 0.469802
v 4.093656 -0.335838 -0.469802
v 4.096887 -0.392405 0.469802
v 4.096887 -0.392405 -0.469802
v 4.099399 -0.433479 0.469802
v 4.099399 -0.433479 -0.469802
v 4.101194 -0.459061 0.469802
v 4.101194 -0.459061 -0.469802
v 4.102271 -0.469150 0.469802
v 4.102271 -0.469150 -0.469802
v 4.102629 -0.463746 0.469802
v 4.102629 -0.463746 -0.469802
v 4.102611 -0.495412 0.469802
v 4.102611 -0.495412 -0.469802
v 4.102554 -0.529647 0.469802
v 4.102554 -0.529647 -0.469802
v 4.102460 -0.566451 0.469802
v 4.102460 -0.566451 -0.469802
v 4.102328 -0.605825 0.469802
v 4.102328 -0.605825 -0.469802
v 4.102158 -0.647768 0.469802
v 4.102158 -0.647768 -0.469802
v 4.101950 -0.692281 0.469802
v 4.101950 -0.692281 -0.469802
v 4.101705 -0.739363 0.469802
v 4.101705 -0.739363 -0.469802
v 4.101421 -0.789015 0.469802
v 4.101421 -0.789015 -0.469802
v 4.101100 -0.841237 0.469803
v 4.101100 -0.841237 -0.469802
v 4.100741 -0.896027 0.469803
v 4.100741 -0.896027 -0.469802
v 4.100345 -0.953388 0.469803
v 4.100345 -0.953388 -0.469802
v 4.099908 -1.013318 0.469803
v 4.099908 -1.013318 -0.469802
v 4.099474 -1.073248 0.469803
v 4.099474 -1.073248 -0.469802
v 4.099077 -1.130608 0.469803
v 4.099077 -1.130608 -0.469802
v 4.098718 -1.185399 0.469803
v 4.098718 -1.185399 -0.469802
v 4.098397 -1.237620 0.469803
v 4.098397 -1.237620 -0.469802
v 4.098114 -1.287272 0.469803
v 4.098114 -1.287272 -0.469802
v 4.097868 -1.334355 0.469803
v 4.097868 -1.334355 -0.469802
v 4.097661 -1.378868 0.469803
v 4.097661 -1.378868 -0.469802
v 4.097491 -1.420811 0.469803
v 4.097491 -1.420811 -0.469802
v 4.097359 -1.460185 0.469803
v 4.097359 -1.460185 -0.469802
v 4.097264 -1.496989 0.469803
v 4.097264 -1.496989 -0.469802
v 4.097208 -1.531224 0.469803
v 4.097208 -1.531224 -0.469801
v 4.097188 -1.562889 0.469803
v 4.097188 -1.562889 -0.469801
v 4.097121 -1.572799 0.469803
v 4.097121 -1.572799 -0.469801
v 4.096923 -1.583483 0.469803
v 4.096923 -1.583483 -0.469801
v 4.096592 -1.594942 0.469803
v 4.096592 -1.594942 -0.469801
v 4.096129 -1.607175 0.469803
v 4.096129 -1.607175 -0.469801
v 4.095534 -1.620183 0.469803
v 4.095534 -1.620183 -0.469801
v 4.094807 -1.633966 0.469803
v 4.094807 -1.633966 -0.469801
v 4.093947 -1.648524 0.469803
v 4.093947 -1.648524 -0.469801
v 4.092956 -1.663856 0.469803
v 4.092956 -1.663856 -0.469801
v 4.091832 -1.679962 0.469803
v 4.091832 -1.679962 -0.469801
v 4.090575 -1.696843 0.469803
v 4.090575 -1.696844 -0.469801
v 4.089187 -1.714499 0.469803
v 4.089187 -1.714499 -0.469801
v 4.087666 -1.732930 0.469803
v 4.087666 -1.732930 -0.469801
v 4.086145 -1.751360 0.469803
v 4.086145 -1.751361 -0.469801
v 4.084756 -1.769016 0.469803
v 4.084756 -1.769016 -0.469801
v 4.083500 -1.785898 0.469803
v 4.083500 -1.785898 -0.469801
v 4.082376 -1.802004 0.469803
v 4.082376 -1.802004 -0.469801
v 4.081384 -1.817336 0.469803
v 4.081384 -1.817336 -0.469801
v 4.080524 -1.831894 0.469803
v 4.080524 -1.831894 -0.469801
v 4.079797 -1.845676 0.469803
v 4.079797 -1.845676 -0.469801
v 4.079202 -1.858684 0.469803
v 4.079202 -1.858685 -0.469801
v 4.078739 -1.870918 0.469803
v 4.078739 -1.870918 -0.469801
v 4.078408 -1.882377 0.469803
v 4.078408 -1.882377 -0.469801
v 4.078209 -1.893061 0.469803
v 4.078209 -1.893061 -0.469801
v 4.078143 -1.902971 0.469803
v 4.078143 -1.902971 -0.469801
v 4.078908 -1.927995 0.469803
v 4.078908 -1.927995 -0.469801
v 4.081204 -1.952282 0.469803
v 4.081204 -1.952282 -0.469801
v 4.085030 -1.975833 0.469803
v 4.085030 -1.975833 -0.469801
v 4.090387 -1.998647 0.469803
v 4.090387 -1.998647 -0.469801
v 4.097273 -2.020724 0.469803
v 4.097273 -2.020724 -0.469801
v 4.105690 -2.042064 0.469803
v 4.105690 -2.042064 -0.469801
v 4.115638 -2.062667 0.469803
v 4.115638 -2.062667 -0.469801
v 4.127116 -2.082534 0.469803
v 4.127116 -2.082534 -0.469801
v 4.140123 -2.101663 0.469803
v 4.140123 -2.101663 -0.469801
v 4.154662 -2.120056 0.469803
v 4.154662 -2.120056 -0.469801
v 4.170731 -2.137712 0.469803
v 4.170731 -2.137712 -0.469801
v 4.188330 -2.154631 0.469803
v 4.188330 -2.154631 -0.469801
v 4.207044 -2.170492 0.469803
v 4.207044 -2.170492 -0.469801
v 4.226457 -2.184974 0.469803
v 4.226457 -2.184974 -0.469801
v 4.246569 -2.198076 0.469803
v 4.246569 -2.198076 -0.469801
v 4.267380 -2.209800 0.469803
v 4.267380 -2.209800 -0.469801
v 4.288890 -2.220144 0.469803
v 4.288890 -2.220144 -0.469801
v 4.311099 -2.229109 0.469803
v 4.311099 -2.229109 -0.469801
v 4.334007 -2.236694 0.469803
v 4.334007 -2.236694 -0.469801
v 4.357615 -2.242901 0.469803
v 4.357615 -2.242901 -0.469801
v 4.381921 -2.247728 0.469803
v 4.381921 -2.247728 -0.469801
v 4.406927 -2.251176 0.469803
v 4.406927 -2.251176 -0.469801
v 4.432631 -2.253245 0.469803
v 4.432631 -2.253245 -0.469801
v 4.459034 -2.253935 0.469803
v 4.459034 -2.253935 -0.469801
v 4.495820 -2.252518 0.469803
v 4.495820 -2.252518 -0.469802
v 4.530905 -2.248267 0.469803
v 4.530905 -2.248267 -0.469802
v 4.564289 -2.241182 0.469803
v 4.564289 -2.241182 -0.469802
v 4.595973 -2.231262 0.469803
v 4.595973 -2.231262 -0.469802
v 4.625957 -2.218509 0.469803
v 4.625957 -2.218509 -0.469802
v 4.654241 -2.202922 0.469803
v 4.654241 -2.202922 -0.469802
v 4.680824 -2.184501 0.469803
v 4.680824 -2.184501 -0.469802
v 4.705706 -2.163246 0.469803
v 4.705706 -2.163246 -0.469802
v 4.728889 -2.139157 0.469803
v 4.728889 -2.139157 -0.469802
v 4.750371 -2.112234 0.469802
v 4.750371 -2.112234 -0.469802
v 4.770152 -2.082477 0.469802
v 4.770152 -2.082477 -0.469802
v 4.788233 -2.049886 0.469802
v 4.788233 -2.049886 -0.469802
v 4.846444 -2.070310 0.469802
v 4.846444 -2.070310 -0.469802
v 4.904994 -2.088957 0.469802
v 4.904994 -2.088957 -0.469802
v 4.963885 -2.105829 0.469802
v 4.963885 -2.105829 -0.469802
v 5.023116 -2.120925 0.469802
v 5.023116 -2.120925 -0.469802
v 5.082686 -2.134245 0.469802
v 5.082686 -2.134245 -0.469802
v 5.142598 -2.145789 0.469802
v 5.142598 -2.145789 -0.469802
v 5.202849 -2.155557 0.469802
v 5.202849 -2.155557 -0.469802
v 5.263440 -2.163548 0.469802
v 5.263440 -2.163548 -0.469802
v 5.324371 -2.169765 0.469802
v 5.324371 -2.169765 -0.469802
v 5.385643 -2.174204 0.469802
v 5.385643 -2.174204 -0.469802
v 5.447254 -2.176868 0.469802
v 5.447254 -2.176868 -0.469802
v 5.509206 -2.177756 0.469802
v 5.509206 -2.177756 -0.469802
v 5.572744 -2.176623 0.469802
v 5.572744 -2.176623 -0.469802
v 5.634582 -2.173222 0.469802
v 5.634582 -2.173222 -0.469802
v 5.694720 -2.167554 0.469802
v 5.694720 -2.167554 -0.469802
v 5.753157 -2.159619 0.469802
v 5.753157 -2.159619 -0.469802
v 5.809894 -2.149416 0.469802
v 5.809894 -2.149416 -0.469802
v 5.864931 -2.136947 0.469802
v 5.864931 -2.136947 -0.469802
v 5.918267 -2.122210 0.469802
v 5.918267 -2.122210 -0.469802
v 5.969903 -2.105206 0.469802
v 5.969903 -2.105206 -0.469802
v 6.019838 -2.085934 0.469802
v 6.019838 -2.085934 -0.469802
v 6.068073 -2.064396 0.469802
v 6.068073 -2.064396 -0.469802
v 6.114607 -2.040590 0.469802
v 6.114607 -2.040590 -0.469802
v 6.159441 -2.014517 0.469802
v 6.159441 -2.014517 -0.469802
v 6.207204 -1.982040 0.469802
v 6.207204 -1.982040 -0.469802
v 6.251642 -1.947181 0.469802
v 6.251642 -1.947181 -0.469802
v 6.292754 -1.909942 0.469802
v 6.292754 -1.909942 -0.469802
v 6.330541 -1.870323 0.469802
v 6.330541 -1.870323 -0.469802
v 6.365003 -1.828323 0.469802
v 6.365003 -1.828323 -0.469802
v 6.396139 -1.783942 0.469802
v 6.396139 -1.783942 -0.469802
v 6.423950 -1.737181 0.469802
v 6.423950 -1.737181 -0.469802
v 6.448435 -1.688039 0.469802
v 6.448435 -1.688039 -0.469802
v 6.469596 -1.636517 0.469802
v 6.469596 -1.636517 -0.469802
v 6.487432 -1.582614 0.469802
v 6.487432 -1.582614 -0.469802
v 6.501942 -1.526330 0.469802
v 6.501942 -1.526330 -0.469802
v 6.513126 -1.467667 0.469802
v 6.513126 -1.467667 -0.469802
v 6.530073 -1.355307 0.469802
v 6.530073 -1.355307 -0.469802
v 6.545547 -1.244951 0.469802
v 6.545547 -1.244951 -0.469802
v 6.559547 -1.136597 0.469802
v 6.559547 -1.136597 -0.469802
v 6.572073 -1.030246 0.469802
v 6.572073 -1.030246 -0.469802
v 6.583126 -0.925898 0.469802
v 6.583126 -0.925898 -0.469802
v 6.592705 -0.823552 0.469802
v 6.592705 -0.823552 -0.469802
v 6.600810 -0.723209 0.469802
v 6.600810 -0.723209 -0.469802
v 6.607442 -0.624869 0.469802
v 6.607442 -0.624869 -0.469802
v 6.612599 -0.528532 0.469802
v 6.612599 -0.528532 -0.469802
v 6.616284 -0.434197 0.469802
v 6.616284 -0.434197 -0.469802
v 6.618494 -0.341865 0.469802
v 6.618494 -0.341865 -0.469802
v 6.619231 -0.251536 0.469802
v 6.619231 -0.251536 -0.469802
v 6.618665 -0.191889 0.469802
v 6.618665 -0.191889 -0.469802
v 6.616964 -0.130844 0.469802
v 6.616964 -0.130844 -0.469802
v 6.614130 -0.068402 0.469802
v 6.614130 -0.068402 -0.469802
v 6.610162 -0.004561 0.469802
v 6.610162 -0.004561 -0.469802
v 6.605061 0.060678 0.469802
v 6.605061 0.060678 -0.469802
v 6.598826 0.127315 0.469802
v 6.598826 0.127315 -0.469802
v 6.591458 0.195350 0.469802
v 6.591458 0.195350 -0.469802
v 6.582956 0.264784 0.469802
v 6.582956 0.264784 -0.469802
v 6.573320 0.335615 0.469802
v 6.573320 0.335615 -0.469802
v 6.562551 0.407845 0.469802
v 6.562551 0.407845 -0.469802
v 6.550648 0.481472 0.469802
v 6.550648 0.481472 -0.469802
v 6.537612 0.556498 0.469802
v 6.537612 0.556498 -0.469802
v 6.526748 0.605602 0.469802
v 6.526748 0.605602 -0.469802
v 6.512295 0.650436 0.469802
v 6.512295 0.650436 -0.469802
v 6.494251 0.691000 0.469802
v 6.494251 0.691000 -0.469802
v 6.472619 0.727295 0.469802
v 6.472619 0.727295 -0.469802
v 6.447396 0.759319 0.469802
v 6.447396 0.759319 -0.469802
v 6.418583 0.787073 0.469802
v 6.418583 0.787073 -0.469802
v 6.386181 0.810558 0.469802
v 6.386181 0.810558 -0.469802
v 6.350189 0.829772 0.469802
v 6.350189 0.829772 -0.469802
v 6.310608 0.844717 0.469802
v 6.310608 0.844717 -0.469802
v 6.267437 0.855392 0.469802
v 6.267437 0.855392 -0.469802
v 6.220675 0.861796 0.469802
v 6.220675 0.861796 -0.469802
v 6.170324 0.863932 0.469802
v 6.170324 0.863932 -0.469802
v 6.144345 0.863242 0.469802
v 6.144345 0.863242 -0.469802
v 6.119009 0.861173 0.469802
v 6.119009 0.861173 -0.469802
v 6.094316 0.857725 0.469802
v 6.094316 0.857725 -0.469802
v 6.070265 0.852898 0.469802
v 6.070265 0.852898 -0.469802
v 6.046855 0.846691 0.469802
v 6.046855 0.846691 -0.469802
v 6.024089 0.839106 0.469802
v 6.024089 0.839106 -0.469802
v 6.001965 0.830141 0.469802
v 6.001965 0.830141 -0.469802
v 5.980484 0.819797 0.469802
v 5.980484 0.819797 -0.469802
v 5.959644 0.808073 0.469802
v 5.959644 0.808073 -0.469802
v 5.939447 0.794971 0.469802
v 5.939447 0.794971 -0.469802
v 5.919892 0.780489 0.469802
v 5.919892 0.780489 -0.469802
v 5.900980 0.764628 0.469802
v 5.900980 0.764628 -0.469802
v 5.883163 0.747709 0.469802
v 5.883163 0.747709 -0.469802
v 5.866896 0.730053 0.469802
v 5.866896 0.730053 -0.469802
v 5.852178 0.711660 0.469802
v 5.852178 0.711660 -0.469802
v 5.839009 0.692530 0.469802
v 5.839009 0.692530 -0.469802
v 5.827390 0.672664 0.469802
v 5.827390 0.672664 -0.469802
v 5.817319 0.652061 0.469802
v 5.817319 0.652061 -0.469802
v 5.808798 0.630720 0.469802
v 5.808798 0.630720 -0.469802
v 5.801827 0.608644 0.469802
v 5.801827 0.608644 -0.469802
v 5.796405 0.585830 0.469802
v 5.796405 0.585830 -0.469802
v 5.792531 0.562279 0.469802
v 5.792531 0.562279 -0.469802
v 5.790208 0.537992 0.469802
v 5.790208 0.537992 -0.469802
v 5.789433 0.512967 0.469802
v 5.789433 0.512967 -0.469802
v 5.789707 0.492071 0.469802
v 5.789707 0.492071 -0.469802
v 5.790529 0.469286 0.469802
v 5.790529 0.469286 -0.469802
v 5.791899 0.444611 0.469802
v 5.791899 0.444611 -0.469802
v 5.793816 0.418047 0.469802
v 5.793816 0.418047 -0.469802
v 5.796282 0.389593 0.469802
v 5.796282 0.389593 -0.469802
v 5.799295 0.359251 0.469802
v 5.799295 0.359251 -0.469802
v 5.802857 0.327018 0.469802
v 5.802857 0.327018 -0.469802
v 5.806966 0.292897 0.469802
v 5.806966 0.292897 -0.469802
v 5.811624 0.256886 0.469802
v 5.811624 0.256886 -0.469802
v 5.816829 0.218986 0.469802
v 5.816829 0.218986 -0.469802
v 5.822582 0.179196 0.469802
v 5.822582 0.179196 -0.469802
v 5.828882 0.137518 0.469802
v 5.828882 0.137518 -0.469802
v 5.835183 0.095744 0.469802
v 5.835183 0.095744 -0.469802
v 5.840936 0.055671 0.469802
v 5.840936 0.055671 -0.469802
v 5.846141 0.017299 0.469802
v 5.846141 0.017299 -0.469802
v 5.850799 -0.019373 0.469802
v 5.850799 -0.019373 -0.469802
v 5.854908 -0.054345 0.469802
v 5.854908 -0.054345 -0.469802
v 5.858469 -0.087616 0.469802
v 5.858469 -0.087616 -0.469802
v 5.861483 -0.119187 0.469802
v 5.861483 -0.119187 -0.469802
v 5.863949 -0.149058 0.469802
v 5.863949 -0.149058 -0.469802
v 5.865866 -0.177228 0.469802
v 5.865866 -0.177228 -0.469802
v 5.867236 -0.203698 0.469802
v 5.867236 -0.203698 -0.469802
v 5.868058 -0.228467 0.469802
v 5.868058 -0.228467 -0.469802
v 5.868331 -0.251536 0.469802
v 5.868331 -0.251536 -0.469802
v 5.868152 -0.314800 0.469802
v 5.868152 -0.314800 -0.469802
v 5.867613 -0.376723 0.469802
v 5.867613 -0.376723 -0.469802
v 5.866716 -0.437305 0.469802
v 5.866716 -0.437305 -0.469802
v 5.865459 -0.496545 0.469802
v 5.865459 -0.496545 -0.469802
v 5.863844 -0.554444 0.469802
v 5.863844 -0.554444 -0.469802
v 5.861870 -0.611002 0.469802
v 5.861870 -0.611002 -0.469802
v 5.859537 -0.666218 0.469802
v 5.859537 -0.666218 -0.469802
v 5.856844 -0.720092 0.469802
v 5.856844 -0.720092 -0.469802
v 5.853793 -0.772625 0.469802
v 5.853793 -0.772625 -0.469802
v 5.850382 -0.823817 0.469802
v 5.850382 -0.823817 -0.469802
v 5.846613 -0.873668 0.469802
v 5.846613 -0.873668 -0.469802
v 5.842485 -0.922176 0.469802
v 5.842485 -0.922176 -0.469802
v 5.837998 -0.969324 0.469802
v 5.837998 -0.969324 -0.469802
v 5.833152 -1.015094 0.469802
v 5.833152 -1.015094 -0.469802
v 5.827947 -1.059484 0.469802
v 5.827947 -1.059484 -0.469802
v 5.822382 -1.102495 0.469802
v 5.822382 -1.102495 -0.469802
v 5.816460 -1.144126 0.469802
v 5.816460 -1.144126 -0.469802
v 5.810178 -1.184379 0.469802
v 5.810178 -1.184379 -0.469802
v 5.803536 -1.223252 0.469802
v 5.803536 -1.223252 -0.469802
v 5.796536 -1.260746 0.469802
v 5.796536 -1.260746 -0.469802
v 5.789177 -1.296861 0.469802
v 5.789177 -1.296861 -0.469802
v 5.781459 -1.331596 0.469802
v 5.781459 -1.331596 -0.469802
v 5.773383 -1.364953 0.469802
v 5.773383 -1.364953 -0.469802
v 5.764947 -1.396930 0.469802
v 5.764947 -1.396930 -0.469802
v 5.753639 -1.401823 0.469802
v 5.753639 -1.401823 -0.469802
v 5.742388 -1.406527 0.469802
v 5.742388 -1.406527 -0.469802
v 5.731194 -1.411043 0.469802
v 5.731194 -1.411043 -0.469802
v 5.720056 -1.415370 0.469802
v 5.720056 -1.415370 -0.469802
v 5.708975 -1.419507 0.469802
v 5.708975 -1.419507 -0.469802
v 5.697951 -1.423456 0.469802
v 5.697951 -1.423456 -0.469802
v 5.686984 -1.427216 0.469802
v 5.686984 -1.427216 -0.469802
v 5.676072 -1.430787 0.469802
v 5.676072 -1.430787 -0.469802
v 5.665218 -1.434168 0.469802
v 5.665218 -1.434168 -0.469802
v 5.654420 -1.437361 0.469802
v 5.654420 -1.437361 -0.469802
v 5.643680 -1.440366 0.469802
v 5.643680 -1.440366 -0.469802
v 5.632995 -1.443181 0.469802
v 5.632995 -1.443181 -0.469802
v 5.622367 -1.445788 0.469802
v 5.622367 -1.445788 -0.469802
v 5.611796 -1.448169 0.469802
v 5.611796 -1.448169 -0.469802
v 5.601282 -1.450322 0.469802
v 5.601282 -1.450322 -0.469802
v 5.590825 -1.452250 0.469802
v 5.590825 -1.452250 -0.469802
v 5.580424 -1.453950 0.469802
v 5.580424 -1.453950 -0.469802
v 5.570080 -1.455424 0.469802
v 5.570080 -1.455424 -0.469802
v 5.559792 -1.456671 0.469802
v 5.559792 -1.456671 -0.469802
v 5.549562 -1.457691 0.469802
v 5.549562 -1.457691 -0.469802
v 5.539387 -1.458484 0.469802
v 5.539387 -1.458484 -0.469802
v 5.529270 -1.459051 0.469802
v 5.529270 -1.459051 -0.469802
v 5.519209 -1.459391 0.469802
v 5.519209 -1.459391 -0.469802
v 5.509206 -1.459505 0.469802
v 5.509206 -1.459505 -0.469802
v 5.458458 -1.458900 0.469802
v 5.458458 -1.458900 -0.469802
v 5.406879 -1.457086 0.469802
v 5.406879 -1.457086 -0.469802
v 5.354469 -1.454063 0.469802
v 5.354469 -1.454063 -0.469802
v 5.301227 -1.449831 0.469802
v 5.301227 -1.449831 -0.469802
v 5.247154 -1.444390 0.469802
v 5.247154 -1.444390 -0.469802
v 5.192250 -1.437739 0.469802
v 5.192250 -1.437739 -0.469802
v 5.136515 -1.429879 0.469802
v 5.136515 -1.429879 -0.469802
v 5.079948 -1.420811 0.469802
v 5.079948 -1.420811 -0.469802
v 5.022550 -1.410533 0.469802
v 5.022550 -1.410533 -0.469802
v 4.964320 -1.399045 0.469802
v 4.964320 -1.399045 -0.469802
v 4.905259 -1.386349 0.469802
v 4.905259 -1.386349 -0.469802
v 4.845367 -1.372444 0.469802
v 4.845367 -1.372444 -0.469802
v 4.845386 -1.337132 0.469802
v 4.845386 -1.337132 -0.469802
v 4.845442 -1.301027 0.469802
v 4.845442 -1.301027 -0.469802
v 4.845536 -1.264128 0.469802
v 4.845536 -1.264128 -0.469802
v 4.845668 -1.226435 0.469802
v 4.845668 -1.226435 -0.469802
v 4.845838 -1.187950 0.469802
v 4.845838 -1.187950 -0.469802
v 4.846046 -1.148670 0.469802
v 4.846046 -1.148670 -0.469802
v 4.846292 -1.108597 0.469802
v 4.846292 -1.108597 -0.469802
v 4.846575 -1.067731 0.469802
v 4.846575 -1.067731 -0.469802
v 4.846896 -1.026071 0.469802
v 4.846896 -1.026071 -0.469802
v 4.847255 -0.983617 0.469802
v 4.847255 -0.983617 -0.469802
v 4.847651 -0.940370 0.469802
v 4.847651 -0.940370 -0.469802
v 4.848087 -0.896330 0.469802
v 4.848087 -0.896330 -0.469802
v 4.848956 -0.844524 0.469802
v 4.848956 -0.844524 -0.469802
v 4.849750 -0.795212 0.469802
v 4.849750 -0.795212 -0.469802
v 4.850467 -0.748394 0.469802
v 4.850467 -0.748394 -0.469802
v 4.851110 -0.704070 0.469802
v 4.851110 -0.704070 -0.469802
v 4.851677 -0.662241 0.469802
v 4.851677 -0.662241 -0.469802
v 4.852169 -0.622904 0.469802
v 4.852169 -0.622904 -0.469802
v 4.852584 -0.586062 0.469802
v 4.852584 -0.586062 -0.469802
v 4.852925 -0.551714 0.469802
v 4.852925 -0.551714 -0.469802
v 4.853189 -0.519860 0.469802
v 4.853189 -0.519860 -0.469802
v 4.853378 -0.490499 0.469802
v 4.853378 -0.490499 -0.469802
v 4.853492 -0.463633 0.469802
v 4.853492 -0.463633 -0.469802
v 4.853529 -0.439260 0.469802
v 4.853529 -0.439260 -0.469802
v 4.853170 -0.347363 0.469802
v 4.853170 -0.347363 -0.469802
v 4.852093 -0.257581 0.469802
v 4.852093 -0.257581 -0.469802
v 4.850298 -0.169916 0.469802
v 4.850298 -0.169916 -0.469802
v 4.847785 -0.084367 0.469802
v 4.847785 -0.084367 -0.469802
v 4.844555 -0.000933 0.469802
v 4.844555 -0.000933 -0.469802
v 4.840606 0.080384 0.469802
v 4.840606 0.080384 -0.469802
v 4.835939 0.159585 0.469802
v 4.835939 0.159585 -0.469802
v 4.830555 0.236670 0.469802
v 4.830555 0.236670 -0.469802
v 4.824452 0.311639 0.469802
v 4.824452 0.311639 -0.469802
v 4.817632 0.384492 0.469802
v 4.817632 0.384492 -0.469802
v 4.810093 0.455229 0.469802
v 4.810093 0.455229 -0.469802
v 4.801836 0.523850 0.469802
v 4.801836 0.523850 -0.469802
v 4.793032 0.575561 0.469802
v 4.793032 0.575561 -0.469802
v 4.780222 0.622776 0.469802
v 4.780222 0.622776 -0.469802
v 4.763408 0.665494 0.469802
v 4.763408 0.665494 -0.469802
v 4.742587 0.703716 0.469802
v 4.742587 0.703716 -0.469802
v 4.717761 0.737440 0.469802
v 4.717761 0.737440 -0.469802
v 4.688930 0.766668 0.469802
v 4.688930 0.766668 -0.469802
v 4.656093 0.791400 0.469802
v 4.656093 0.791400 -0.469802
v 4.619251 0.811635 0.469802
v 4.619251 0.811635 -0.469802
v 4.578403 0.827373 0.469802
v 4.578403 0.827373 -0.469802
v 4.533550 0.838614 0.469802
v 4.533550 0.838614 -0.469802
v 4.484692 0.845359 0.469802
v 4.484692 0.845359 -0.469802
v 4.431828 0.847608 0.469802
v 4.431828 0.847608 -0.469802
v 4.405396 0.846908 0.469802
v 4.405396 0.846908 -0.469802
v 4.379606 0.844811 0.469802
v 4.379606 0.844811 -0.469802
v 4.354459 0.841316 0.469802
v 4.354459 0.841316 -0.469802
v 4.329955 0.836422 0.469802
v 4.329955 0.836422 -0.469802
v 4.306092 0.830131 0.469802
v 4.306092 0.830131 -0.469802
v 4.282872 0.822441 0.469802
v 4.282872 0.822441 -0.469802
v 4.260294 0.813354 0.469802
v 4.260294 0.813354 -0.469802
v 4.238359 0.802868 0.469802
v 4.238359 0.802868 -0.469802
v 4.217066 0.790984 0.469802
v 4.217066 0.790984 -0.469802
v 4.196416 0.777702 0.469802
v 4.196416 0.777702 -0.469802
v 4.176408 0.763022 0.469802
v 4.176408 0.763022 -0.469802
v 4.157042 0.746943 0.469802
v 4.157042 0.746943 -0.469802
v 4.138847 0.729807 0.469802
v 4.138847 0.729807 -0.469802
v 4.122354 0.711953 0.469802
v 4.122354 0.711953 -0.469802
v 4.107560 0.693381 0.469802
v 4.107560 0.693381 -0.469802
v 4.094467 0.674091 0.469802
v 4.094467 0.674091 -0.469802
v 4.083074 0.654082 0.469802
v 4.083074 0.654082 -0.469802
v 4.073382 0.633356 0.469802
v 4.073382 0.633356 -0.469802
v 4.065390 0.611912 0.469802
v 4.065390 0.611912 -0.469802
v 4.059098 0.589751 0.469802
v 4.059098 0.589751 -0.469802
v 4.054507 0.566871 0.469802
v 4.054507 0.566871 -0.469802
v 4.051616 0.543273 0.469802
v 4.051616 0.543273 -0.469802
v 4.050426 0.518957 0.469802
v 4.050426 0.518957 -0.469802
v 2.859292 0.605469 0.469803
v 2.859292 0.605469 -0.469801
v 2.859462 0.612574 0.469803
v 2.859462 0.612574 -0.469801
v 2.859972 0.614841 0.469803
v 2.859972 0.614841 -0.469801
v 2.860822 0.612271 0.469803
v 2.860822 0.612271 -0.469801
v 2.862012 0.604865 0.469803
v 2.862012 0.604865 -0.469801
v 2.863543 0.592622 0.469803
v 2.863543 0.592622 -0.469801
v 2.865413 0.575543 0.469803
v 2.865413 0.575543 -0.469801
v 2.867623 0.553627 0.469803
v 2.867623 0.553627 -0.469801
v 2.870174 0.526873 0.469803
v 2.870174 0.526873 -0.469801
v 2.873065 0.495284 0.469803
v 2.873065 0.495284 -0.469801
v 2.876295 0.458857 0.469803
v 2.876295 0.458857 -0.469801
v 2.879866 0.417594 0.469803
v 2.879866 0.417594 -0.469801
v 2.883778 0.371494 0.469803
v 2.883778 0.371494 -0.469801
v 2.815610 0.447540 0.469803
v 2.815610 0.447540 -0.469801
v 2.748047 0.516973 0.469803
v 2.748047 0.516973 -0.469801
v 2.681089 0.579793 0.469803
v 2.681089 0.579793 -0.469801
v 2.614735 0.636001 0.469803
v 2.614735 0.636001 -0.469801
v 2.548986 0.685596 0.469803
v 2.548986 0.685596 -0.469801
v 2.483841 0.728579 0.469803
v 2.483841 0.728579 -0.469801
v 2.419302 0.764949 0.469803
v 2.419302 0.764949 -0.469801
v 2.355367 0.794706 0.469803
v 2.355367 0.794706 -0.469801
v 2.292036 0.817850 0.469803
v 2.292036 0.817850 -0.469801
v 2.229310 0.834382 0.469803
v 2.229310 0.834382 -0.469801
v 2.167189 0.844301 0.469803
v 2.167189 0.844301 -0.469801
v 2.105671 0.847608 0.469803
v 2.105671 0.847608 -0.469801
v 2.037390 0.845397 0.469803
v 2.037390 0.845397 -0.469801
v 1.972208 0.838765 0.469803
v 1.972208 0.838765 -0.469801
v 1.910124 0.827713 0.469803
v 1.910124 0.827713 -0.469801
v 1.851139 0.812239 0.469803
v 1.851139 0.812239 -0.469801
v 1.795252 0.792344 0.469803
v 1.795252 0.792344 -0.469801
v 1.742463 0.768028 0.469803
v 1.742463 0.768028 -0.469801
v 1.692774 0.739291 0.469803
v 1.692774 0.739291 -0.469801
v 1.646183 0.706133 0.469803
v 1.646183 0.706133 -0.469801
v 1.602691 0.668555 0.469803
v 1.602691 0.668555 -0.469801
v 1.562296 0.626554 0.469803
v 1.562296 0.626554 -0.469801
v 1.525001 0.580133 0.469803
v 1.525001 0.580133 -0.469801
v 1.490805 0.529291 0.469803
v 1.490805 0.529291 -0.469801
v 1.462899 0.553267 0.469803
v 1.462899 0.553267 -0.469801
v 1.434502 0.576222 0.469803
v 1.434502 0.576222 -0.469801
v 1.405614 0.598158 0.469803
v 1.405614 0.598158 -0.469801
v 1.376234 0.619073 0.469803
v 1.376234 0.619073 -0.469801
v 1.346364 0.638968 0.469803
v 1.346364 0.638968 -0.469801
v 1.316002 0.657842 0.469803
v 1.316002 0.657842 -0.469801
v 1.285150 0.675696 0.469803
v 1.285150 0.675696 -0.469801
v 1.253805 0.692530 0.469803
v 1.253805 0.692530 -0.469801
v 1.221971 0.708344 0.469803
v 1.221971 0.708344 -0.469801
v 1.189643 0.723138 0.469803
v 1.189643 0.723138 -0.469801
v 1.156825 0.736911 0.469803
v 1.156825 0.736911 -0.469801
v 1.123517 0.749664 0.469803
v 1.123517 0.749664 -0.469801
v 1.089735 0.761397 0.469803
v 1.089735 0.761397 -0.469801
v 1.055501 0.772110 0.469803
v 1.055501 0.772110 -0.469801
v 1.020812 0.781802 0.469803
v 1.020812 0.781802 -0.469801
v 0.985670 0.790474 0.469803
v 0.985670 0.790474 -0.469801
v 0.950075 0.798126 0.469803
v 0.950075 0.798126 -0.469801
v 0.914027 0.804757 0.469803
v 0.914027 0.804757 -0.469801
v 0.877525 0.810369 0.469803
v 0.877525 0.810369 -0.469801
v 0.840569 0.814960 0.469803
v 0.840569 0.814960 -0.469801
v 0.803160 0.818531 0.469803
v 0.803160 0.818531 -0.469801
v 0.765298 0.821081 0.469803
v 0.765298 0.821081 -0.469801
v 0.726982 0.822612 0.469803
v 0.726982 0.822612 -0.469801
v 0.688212 0.823122 0.469803
v 0.688212 0.823122 -0.469801
v 0.601718 0.819438 0.469803
v 0.601718 0.819438 -0.469801
v 0.519985 0.808385 0.469803
v 0.519985 0.808385 -0.469801
v 0.443013 0.789964 0.469803
v 0.443013 0.789964 -0.469801
v 0.370802 0.764174 0.469803
v 0.370802 0.764174 -0.469801
v 0.303353 0.731016 0.469803
v 0.303353 0.731016 -0.469801
v 0.240665 0.690490 0.469803
v 0.240665 0.690490 -0.469801
v 0.182737 0.642595 0.469803
v 0.182737 0.642595 -0.469801
v 0.129571 0.587332 0.469803
v 0.129571 0.587332 -0.469801
v 0.081166 0.524700 0.469803
v 0.081166 0.524700 -0.469801
v 0.037522 0.454700 0.469803
v 0.037522 0.454700 -0.469801
v -0.001360 0.377331 0.469803
v -0.001360 0.377331 -0.469801
v -0.035481 0.292595 0.469803
v -0.035481 0.292595 -0.469801
v -0.042113 0.270848 0.469803
v -0.042113 0.270848 -0.469801
v -0.049312 0.241885 0.469803
v -0.049312 0.241885 -0.469801
v -0.057076 0.205704 0.469803
v -0.057076 0.205704 -0.469801
v -0.065409 0.162306 0.469803
v -0.065409 0.162306 -0.469801
v -0.074307 0.111690 0.469803
v -0.074307 0.111690 -0.469801
v -0.083774 0.053858 0.469803
v -0.083774 0.053858 -0.469801
v -0.093805 -0.011192 0.469803
v -0.093805 -0.011192 -0.469801
v -0.104404 -0.083460 0.469803
v -0.104404 -0.083460 -0.469801
v -0.115570 -0.162944 0.469803
v -0.115570 -0.162944 -0.469801
v -0.127303 -0.249646 0.469803
v -0.127303 -0.249646 -0.469801
v -0.139603 -0.343565 0.469803
v -0.139603 -0.343565 -0.469801
v -0.152469 -0.444702 0.469803
v -0.152469 -0.444702 -0.469801
v -0.165467 -0.522240 0.469803
v -0.165467 -0.522240 -0.469801
v -0.179071 -0.607941 0.469803
v -0.179071 -0.607941 -0.469801
v -0.193278 -0.701803 0.469803
v -0.193278 -0.701803 -0.469801
v -0.208091 -0.803828 0.469803
v -0.208091 -0.803828 -0.469801
v -0.223508 -0.914014 0.469803
v -0.223508 -0.914014 -0.469801
v -0.239531 -1.032362 0.469803
v -0.239531 -1.032362 -0.469801
v -0.256156 -1.158873 0.469803
v -0.256156 -1.158873 -0.469801
v -0.273387 -1.293545 0.469803
v -0.273387 -1.293545 -0.469801
v -0.291223 -1.436379 0.469803
v -0.291223 -1.436379 -0.469801
v -0.309662 -1.587375 0.469803
v -0.309662 -1.587375 -0.469801
v -0.328707 -1.746533 0.469803
v -0.328707 -1.746533 -0.469801
v -0.348355 -1.913853 0.469803
v -0.348355 -1.913853 -0.469801
v -0.349281 -1.939322 0.469803
v -0.349281 -1.939322 -0.469801
v -0.348432 -1.964034 0.469803
v -0.348432 -1.964034 -0.469801
v -0.345805 -1.987991 0.469803
v -0.345805 -1.987991 -0.469801
v -0.341403 -2.011192 0.469803
v -0.341403 -2.011192 -0.469801
v -0.335224 -2.033638 0.469803
v -0.335224 -2.033638 -0.469801
v -0.327271 -2.055327 0.469803
v -0.327271 -2.055327 -0.469801
v -0.317541 -2.076261 0.469803
v -0.317541 -2.076261 -0.469801
v -0.306035 -2.096439 0.469803
v -0.306035 -2.096439 -0.469801
v -0.292753 -2.115862 0.469803
v -0.292753 -2.115862 -0.469801
v -0.277696 -2.134528 0.469803
v -0.277696 -2.134528 -0.469801
v -0.260861 -2.152439 0.469803
v -0.260861 -2.152439 -0.469801
v -0.242251 -2.169595 0.469803
v -0.242251 -2.169595 -0.469801
v -0.222469 -2.185673 0.469803
v -0.222469 -2.185673 -0.469801
v -0.202121 -2.200353 0.469803
v -0.202121 -2.200353 -0.469801
v -0.181206 -2.213635 0.469803
v -0.181206 -2.213635 -0.469801
v -0.159724 -2.225519 0.469803
v -0.159724 -2.225519 -0.469801
v -0.137675 -2.236005 0.469803
v -0.137675 -2.236005 -0.469801
v -0.115060 -2.245092 0.469803
v -0.115060 -2.245093 -0.469801
v -0.091877 -2.252782 0.469803
v -0.091877 -2.252782 -0.469801
v -0.068129 -2.259074 0.469803
v -0.068129 -2.259074 -0.469801
v -0.043813 -2.263967 0.469803
v -0.043813 -2.263967 -0.469801
v -0.018930 -2.267462 0.469803
v -0.018930 -2.267462 -0.469801
v 0.006519 -2.269559 0.469803
v 0.006519 -2.269559 -0.469801
v 0.032536 -2.270258 0.469803
v 0.032536 -2.270258 -0.469801
v 0.082887 -2.268105 0.469803
v 0.082887 -2.268105 -0.469801
v 0.129647 -2.261643 0.469803
v 0.129647 -2.261643 -0.469801
v 0.172819 -2.250874 0.469803
v 0.172819 -2.250874 -0.469801
v 0.212400 -2.235797 0.469803
v 0.212400 -2.235797 -0.469801
v 0.248393 -2.216412 0.469803
v 0.248393 -2.216412 -0.469801
v 0.280795 -2.192720 0.469803
v 0.280795 -2.192720 -0.469801
v 0.309608 -2.164720 0.469803
v 0.309608 -2.164720 -0.469801
v 0.334830 -2.132412 0.469803
v 0.334830 -2.132412 -0.469801
v 0.356463 -2.095797 0.469803
v 0.356463 -2.095797 -0.469801
v 0.374506 -2.054874 0.469803
v 0.374506 -2.054874 -0.469801
v 0.388960 -2.009643 0.469803
v 0.388960 -2.009643 -0.469801
v 0.399823 -1.960104 0.469803
v 0.399823 -1.960104 -0.469801
v 0.408004 -1.911794 0.469803
v 0.408004 -1.911794 -0.469801
v 0.416223 -1.860271 0.469803
v 0.416223 -1.860272 -0.469801
v 0.424479 -1.805537 0.469803
v 0.424479 -1.805537 -0.469801
v 0.432773 -1.747591 0.469803
v 0.432773 -1.747591 -0.469801
v 0.441104 -1.686433 0.469803
v 0.441104 -1.686433 -0.469801
v 0.449474 -1.622063 0.469803
v 0.449474 -1.622063 -0.469801
v 0.457881 -1.554482 0.469803
v 0.457881 -1.554482 -0.469801
v 0.466327 -1.483688 0.469803
v 0.466327 -1.483688 -0.469801
v 0.474810 -1.409683 0.469803
v 0.474810 -1.409683 -0.469801
v 0.483331 -1.332465 0.469803
v 0.483331 -1.332465 -0.469801
v 0.491889 -1.252036 0.469803
v 0.491889 -1.252036 -0.469801
v 0.500487 -1.168395 0.469803
v 0.500487 -1.168395 -0.469801
v 0.509423 -1.077253 0.469803
v 0.509423 -1.077253 -0.469801
v 0.518096 -0.990646 0.469803
v 0.518096 -0.990646 -0.469801
v 0.526503 -0.908573 0.469803
v 0.526503 -0.908573 -0.469801
v 0.534646 -0.831034 0.469803
v 0.534646 -0.831034 -0.469801
v 0.542525 -0.758030 0.469803
v 0.542525 -0.758030 -0.469801
v 0.550138 -0.689560 0.469803
v 0.550138 -0.689560 -0.469801
v 0.557488 -0.625625 0.469803
v 0.557488 -0.625625 -0.469801
v 0.564573 -0.566224 0.469803
v 0.564573 -0.566224 -0.469801
v 0.571394 -0.511358 0.469803
v 0.571394 -0.511358 -0.469801
v 0.577950 -0.461025 0.469803
v 0.577950 -0.461025 -0.469801
v 0.584241 -0.415228 0.469803
v 0.584241 -0.415228 -0.469801
v 0.590269 -0.373965 0.469803
v 0.590269 -0.373965 -0.469801
v 0.602796 -0.296181 0.469803
v 0.602796 -0.296181 -0.469801
v 0.615889 -0.225160 0.469803
v 0.615889 -0.225160 -0.469801
v 0.629548 -0.160904 0.469803
v 0.629548 -0.160904 -0.469801
v 0.643775 -0.103411 0.469803
v 0.643775 -0.103411 -0.469801
v 0.658568 -0.052682 0.469803
v 0.658568 -0.052682 -0.469801
v 0.673929 -0.008717 0.469803
v 0.673929 -0.008717 -0.469801
v 0.689856 0.028484 0.469803
v 0.689856 0.028484 -0.469801
v 0.706350 0.058921 0.469803
v 0.706350 0.058921 -0.469801
v 0.723412 0.082594 0.469803
v 0.723412 0.082594 -0.469801
v 0.741038 0.099504 0.469803
v 0.741038 0.099504 -0.469801
v 0.759233 0.109650 0.469803
v 0.759233 0.109650 -0.469801
v 0.777993 0.113032 0.469803
v 0.777993 0.113032 -0.469801
v 0.789536 0.112163 0.469803
v 0.789536 0.112163 -0.469801
v 0.803310 0.109555 0.469803
v 0.803310 0.109555 -0.469801
v 0.819313 0.105210 0.469803
v 0.819313 0.105210 -0.469801
v 0.837545 0.099126 0.469803
v 0.837545 0.099126 -0.469801
v 0.858006 0.091304 0.469803
v 0.858006 0.091304 -0.469801
v 0.880697 0.081744 0.469803
v 0.880697 0.081744 -0.469801
v 0.905618 0.070446 0.469803
v 0.905618 0.070446 -0.469801
v 0.932768 0.057410 0.469803
v 0.932768 0.057410 -0.469801
v 0.962148 0.042635 0.469803
v 0.962148 0.042635 -0.469801
v 0.993756 0.026122 0.469803
v 0.993756 0.026122 -0.469801
v 1.027595 0.007871 0.469803
v 1.027595 0.007871 -0.469801
v 1.063663 -0.012118 0.469803
v 1.063663 -0.012118 -0.469801
v 1.100014 -0.032731 0.469803
v 1.100014 -0.032731 -0.469801
v 1.134702 -0.052853 0.469803
v 1.134702 -0.052853 -0.469801
v 1.167727 -0.072483 0.469803
v 1.167727 -0.072483 -0.469801
v 1.199090 -0.091622 0.469803
v 1.199090 -0.091622 -0.469801
v 1.228790 -0.110270 0.469803
v 1.228790 -0.110270 -0.469801
v 1.256828 -0.128426 0.469803
v 1.256828 -0.128426 -0.469801
v 1.283204 -0.146091 0.469803
v 1.283204 -0.146091 -0.469801
v 1.307917 -0.163266 0.469803
v 1.307917 -0.163266 -0.469801
v 1.330967 -0.179948 0.469803
v 1.330967 -0.179948 -0.469801
v 1.352354 -0.196140 0.469803
v 1.352354 -0.196140 -0.469801
v 1.372079 -0.211841 0.469803
v 1.372079 -0.211841 -0.469801
v 1.390141 -0.227050 0.469803
v 1.390141 -0.227050 -0.469801
v 1.389629 -0.280631 0.469803
v 1.389629 -0.280631 -0.469801
v 1.388099 -0.337992 0.469803
v 1.388099 -0.337992 -0.469801
v 1.385548 -0.399131 0.469803
v 1.385548 -0.399131 -0.469801
v 1.381977 -0.464049 0.469803
v 1.381977 -0.464049 -0.469801
v 1.377385 -0.532745 0.469803
v 1.377385 -0.532745 -0.469801
v 1.371774 -0.605220 0.469803
v 1.371774 -0.605220 -0.469801
v 1.365142 -0.681474 0.469803
v 1.365142 -0.681474 -0.469801
v 1.357490 -0.761507 0.469803
v 1.357490 -0.761507 -0.469801
v 1.348817 -0.845318 0.469803
v 1.348817 -0.845318 -0.469801
v 1.339125 -0.932907 0.469803
v 1.339125 -0.932907 -0.469801
v 1.328412 -1.024276 0.469803
v 1.328412 -1.024276 -0.469801
v 1.316683 -1.119423 0.469803
v 1.316683 -1.119423 -0.469801
v 1.304516 -1.216649 0.469803
v 1.304516 -1.216649 -0.469801
v 1.293406 -1.309718 0.469803
v 1.293406 -1.309718 -0.469801
v 1.283355 -1.398630 0.469803
v 1.283355 -1.398630 -0.469801
v 1.274362 -1.483386 0.469803
v 1.274362 -1.483386 -0.469801
v 1.266427 -1.563985 0.469803
v 1.266427 -1.563985 -0.469801
v 1.259549 -1.640428 0.469803
v 1.259549 -1.640428 -0.469801
v 1.253731 -1.712714 0.469803
v 1.253731 -1.712714 -0.469801
v 1.248969 -1.780844 0.469803
v 1.248969 -1.780844 -0.469801
v 1.245266 -1.844817 0.469803
v 1.245266 -1.844817 -0.469801
v 1.242621 -1.904633 0.469803
v 1.242621 -1.904633 -0.469801
v 1.241035 -1.960293 0.469803
v 1.241035 -1.960293 -0.469801
v 1.240505 -2.011797 0.469803
v 1.240505 -2.011797 -0.469801
v 1.241241 -2.037284 0.469803
v 1.241241 -2.037284 -0.469801
v 1.243452 -2.062053 0.469803
v 1.243452 -2.062053 -0.469801
v 1.247136 -2.086104 0.469803
v 1.247136 -2.086104 -0.469801
v 1.252294 -2.109438 0.469803
v 1.252294 -2.109438 -0.469801
v 1.258925 -2.132053 0.469803
v 1.258925 -2.132053 -0.469801
v 1.267031 -2.153951 0.469803
v 1.267031 -2.153951 -0.469801
v 1.276609 -2.175130 0.469803
v 1.276609 -2.175130 -0.469801
v 1.287662 -2.195592 0.469803
v 1.287662 -2.195592 -0.469801
v 1.300188 -2.215335 0.469803
v 1.300188 -2.215335 -0.469801
v 1.314189 -2.234361 0.469803
v 1.314189 -2.234361 -0.469801
v 1.329662 -2.252669 0.469803
v 1.329662 -2.252669 -0.469801
v 1.346610 -2.270258 0.469803
v 1.346610 -2.270258 -0.469801
v 1.364691 -2.286771 0.469803
v 1.364691 -2.286771 -0.469801
v 1.383565 -2.301848 0.469803
v 1.383565 -2.301848 -0.469801
v 1.403234 -2.315489 0.469803
v 1.403234 -2.315489 -0.469801
v 1.423695 -2.327694 0.469803
v 1.423695 -2.327694 -0.469801
v 1.444949 -2.338464 0.469803
v 1.444949 -2.338464 -0.469801
v 1.466998 -2.347797 0.469803
v 1.466998 -2.347797 -0.469801
v 1.489841 -2.355695 0.469803
v 1.489841 -2.355695 -0.469801
v 1.513476 -2.362156 0.469803
v 1.513476 -2.362156 -0.469801
v 1.537906 -2.367182 0.469803
v 1.537906 -2.367182 -0.469801
v 1.563128 -2.370771 0.469803
v 1.563128 -2.370771 -0.469801
v 1.589145 -2.372925 0.469803
v 1.589145 -2.372925 -0.469801
v 1.615954 -2.373643 0.469803
v 1.615954 -2.373643 -0.469801
v 1.642764 -2.372925 0.469803
v 1.642764 -2.372925 -0.469801
v 1.668780 -2.370771 0.469803
v 1.668780 -2.370771 -0.469801
v 1.694002 -2.367182 0.469803
v 1.694002 -2.367182 -0.469801
v 1.718431 -2.362156 0.469803
v 1.718431 -2.362156 -0.469801
v 1.742067 -2.355695 0.469803
v 1.742067 -2.355695 -0.469801
v 1.764910 -2.347797 0.469803
v 1.764910 -2.347797 -0.469801
v 1.786960 -2.338464 0.469803
v 1.786960 -2.338464 -0.469801
v 1.808214 -2.327694 0.469803
v 1.808214 -2.327694 -0.469801
v 1.828675 -2.315489 0.469803
v 1.828675 -2.315489 -0.469801
v 1.848343 -2.301848 0.469803
v 1.848343 -2.301848 -0.469801
v 1.867218 -2.286771 0.469803
v 1.867218 -2.286771 -0.469801
v 1.885299 -2.270258 0.469803
v 1.885299 -2.270258 -0.469801
v 1.902246 -2.252669 0.469803
v 1.902246 -2.252669 -0.469801
v 1.917720 -2.234361 0.469803
v 1.917720 -2.234361 -0.469801
v 1.931721 -2.215335 0.469803
v 1.931721 -2.215335 -0.469801
v 1.944247 -2.195592 0.469803
v 1.944247 -2.195592 -0.469801
v 1.955299 -2.175130 0.469803
v 1.955299 -2.175130 -0.469801
v 1.964878 -2.153951 0.469803
v 1.964878 -2.153951 -0.469801
v 1.972982 -2.132053 0.469803
v 1.972982 -2.132053 -0.469801
v 1.979615 -2.109438 0.469803
v 1.979615 -2.109438 -0.469801
v 1.984773 -2.086104 0.469803
v 1.984773 -2.086104 -0.469801
v 1.988457 -2.062053 0.469803
v 1.988457 -2.062053 -0.469801
v 1.990667 -2.037284 0.469803
v 1.990667 -2.037284 -0.469801
v 1.991404 -2.011797 0.469803
v 1.991404 -2.011797 -0.469801
v 1.991867 -1.958073 0.469803
v 1.991867 -1.958073 -0.469801
v 1.993256 -1.900288 0.469803
v 1.993256 -1.900288 -0.469801
v 1.995570 -1.838440 0.469803
v 1.995570 -1.838440 -0.469801
v 1.998811 -1.772531 0.469803
v 1.998811 -1.772531 -0.469801
v 2.002976 -1.702559 0.469803
v 2.002976 -1.702559 -0.469801
v 2.008068 -1.628525 0.469803
v 2.008068 -1.628525 -0.469801
v 2.014086 -1.550429 0.469803
v 2.014086 -1.550429 -0.469801
v 2.021029 -1.468271 0.469803
v 2.021029 -1.468271 -0.469801
v 2.028898 -1.382051 0.469803
v 2.028898 -1.382051 -0.469801
v 2.037693 -1.291769 0.469803
v 2.037693 -1.291769 -0.469801
v 2.047413 -1.197425 0.469803
v 2.047413 -1.197425 -0.469801
v 2.058060 -1.099018 0.469803
v 2.058060 -1.099018 -0.469801
v 2.068707 -1.000612 0.469803
v 2.068707 -1.000612 -0.469801
v 2.078426 -0.906268 0.469803
v 2.078426 -0.906268 -0.469801
v 2.087221 -0.815986 0.469803
v 2.087221 -0.815986 -0.469801
v 2.095090 -0.729766 0.469803
v 2.095090 -0.729766 -0.469801
v 2.102034 -0.647608 0.469803
v 2.102034 -0.647608 -0.469801
v 2.108051 -0.569512 0.469803
v 2.108051 -0.569512 -0.469801
v 2.113143 -0.495478 0.469803
v 2.113143 -0.495478 -0.469801
v 2.117309 -0.425506 0.469803
v 2.117309 -0.425506 -0.469801
v 2.120549 -0.359596 0.469803
v 2.120549 -0.359596 -0.469801
v 2.122864 -0.297749 0.469803
v 2.122864 -0.297749 -0.469801
v 2.124252 -0.239963 0.469803
v 2.124252 -0.239963 -0.469801
v 2.124716 -0.186240 0.469803
v 2.124716 -0.186240 -0.469801
v 2.124924 -0.157711 0.469803
v 2.124924 -0.157711 -0.469801
v 2.125547 -0.130164 0.469803
v 2.125547 -0.130164 -0.469801
v 2.126586 -0.103600 0.469803
v 2.126586 -0.103600 -0.469801
v 2.128041 -0.078018 0.469803
v 2.128041 -0.078018 -0.469801
v 2.129912 -0.053419 0.469803
v 2.129912 -0.053419 -0.469801
v 2.132197 -0.029803 0.469803
v 2.132197 -0.029803 -0.469801
v 2.134900 -0.007168 0.469803
v 2.134900 -0.007168 -0.469801
v 2.138018 0.014484 0.469803
v 2.138018 0.014484 -0.469801
v 2.141551 0.035153 0.469803
v 2.141551 0.035153 -0.469801
v 2.145499 0.054840 0.469803
v 2.145499 0.054840 -0.469801
v 2.149863 0.073545 0.469803
v 2.149863 0.073545 -0.469801
v 2.154643 0.091266 0.469803
v 2.154643 0.091266 -0.469801
v 2.207261 0.059205 0.469803
v 2.207261 0.059205 -0.469801
v 2.259916 0.023779 0.469803
v 2.259916 0.023779 -0.469801
v 2.312611 -0.015009 0.469803
v 2.312611 -0.015009 -0.469801
v 2.365342 -0.057160 0.469803
v 2.365342 -0.057160 -0.469801
v 2.418111 -0.102674 0.469803
v 2.418111 -0.102674 -0.469801
v 2.470918 -0.151552 0.469803
v 2.470918 -0.151552 -0.469801
v 2.523763 -0.203792 0.469803
v 2.523763 -0.203792 -0.469801
v 2.576645 -0.259395 0.469803
v 2.576645 -0.259395 -0.469801
v 2.629566 -0.318362 0.469803
v 2.629566 -0.318362 -0.469801
v 2.682524 -0.380691 0.469803
v 2.682524 -0.380691 -0.469801
v 2.735520 -0.446383 0.469803
v 2.735520 -0.446383 -0.469801
v 2.788555 -0.515439 0.469803
v 2.788555 -0.515439 -0.469801
v 2.790954 -0.518745 0.469803
v 2.790954 -0.518745 -0.469801
v 2.793618 -0.522316 0.469803
v 2.793618 -0.522316 -0.469801
v 2.796547 -0.526151 0.469803
v 2.796547 -0.526151 -0.469801
v 2.799740 -0.530251 0.469803
v 2.799740 -0.530251 -0.469801
v 2.803197 -0.534616 0.469803
v 2.803197 -0.534616 -0.469801
v 2.806919 -0.539245 0.469803
v 2.806919 -0.539245 -0.469801
v 2.810905 -0.544138 0.469803
v 2.810905 -0.544138 -0.469801
v 2.815156 -0.549296 0.469803
v 2.815156 -0.549296 -0.469801
v 2.819672 -0.554718 0.469803
v 2.819672 -0.554718 -0.469801
v 2.824452 -0.560405 0.469803
v 2.824452 -0.560405 -0.469801
v 2.829496 -0.566357 0.469803
v 2.829496 -0.566357 -0.469801
v 2.834805 -0.572572 0.469803
v 2.834805 -0.572572 -0.469801
v 2.836544 -0.662524 0.469803
v 2.836544 -0.662524 -0.469801
v 2.838131 -0.749188 0.469803
v 2.838131 -0.749188 -0.469801
v 2.839567 -0.832565 0.469803
v 2.839567 -0.832565 -0.469801
v 2.840852 -0.912654 0.469803
v 2.840852 -0.912654 -0.469801
v 2.841986 -0.989455 0.469803
v 2.841986 -0.989455 -0.469801
v 2.842968 -1.062970 0.469803
v 2.842968 -1.062970 -0.469801
v 2.843800 -1.133196 0.469803
v 2.843800 -1.133196 -0.469801
v 2.844480 -1.200136 0.469803
v 2.844480 -1.200136 -0.469801
v 2.845008 -1.263788 0.469803
v 2.845008 -1.263788 -0.469801
v 2.845387 -1.324152 0.469803
v 2.845387 -1.324152 -0.469801
v 2.845613 -1.381229 0.469803
v 2.845613 -1.381229 -0.469801
v 2.845688 -1.435019 0.469803
v 2.845688 -1.435019 -0.469801
v 2.845726 -1.448083 0.469803
v 2.845726 -1.448083 -0.469801
v 2.845840 -1.461885 0.469803
v 2.845840 -1.461885 -0.469801
v 2.846028 -1.476424 0.469803
v 2.846028 -1.476424 -0.469801
v 2.846293 -1.491699 0.469803
v 2.846293 -1.491699 -0.469801
v 2.846633 -1.507711 0.469803
v 2.846633 -1.507711 -0.469801
v 2.847049 -1.524460 0.469803
v 2.847049 -1.524460 -0.469801
v 2.847540 -1.541946 0.469803
v 2.847540 -1.541946 -0.469801
v 2.848108 -1.560169 0.469803
v 2.848108 -1.560169 -0.469801
v 2.848750 -1.579128 0.469803
v 2.848750 -1.579128 -0.469801
v 2.849468 -1.598825 0.469803
v 2.849468 -1.598825 -0.469801
v 2.850262 -1.619258 0.469803
v 2.850262 -1.619258 -0.469801
v 2.851130 -1.640428 0.469803
v 2.851130 -1.640428 -0.469801
v 2.851999 -1.661503 0.469803
v 2.851999 -1.661503 -0.469801
v 2.852792 -1.681653 0.469803
v 2.852792 -1.681653 -0.469801
v 2.853510 -1.700877 0.469803
v 2.853510 -1.700877 -0.469801
v 2.854152 -1.719176 0.469803
v 2.854152 -1.719176 -0.469801
v 2.854719 -1.736548 0.469803
v 2.854719 -1.736548 -0.469801
v 2.855210 -1.752995 0.469803
v 2.855210 -1.752995 -0.469801
v 2.855626 -1.768516 0.469803
v 2.855626 -1.768516 -0.469801
v 2.855966 -1.783111 0.469803
v 2.855966 -1.783111 -0.469801
v 2.856231 -1.796780 0.469803
v 2.856231 -1.796780 -0.469801
v 2.856420 -1.809524 0.469803
v 2.856420 -1.809524 -0.469801
v 2.856533 -1.821342 0.469803
v 2.856533 -1.821342 -0.469801
v 2.856571 -1.832234 0.469803
v 2.856571 -1.832234 -0.469801
v 2.857402 -1.856285 0.469803
v 2.857402 -1.856285 -0.469801
v 2.859896 -1.879467 0.469803
v 2.859896 -1.879467 -0.469801
v 2.864053 -1.901780 0.469803
v 2.864053 -1.901780 -0.469801
v 2.869872 -1.923224 0.469803
v 2.869872 -1.923224 -0.469801
v 2.877354 -1.943799 0.469803
v 2.877354 -1.943799 -0.469801
v 2.886498 -1.963505 0.469803
v 2.886498 -1.963505 -0.469801
v 2.897305 -1.982342 0.469803
v 2.897305 -1.982342 -0.469801
v 2.909775 -2.000309 0.469803
v 2.909775 -2.000309 -0.469801
v 2.923907 -2.017408 0.469803
v 2.923907 -2.017408 -0.469801
v 2.939702 -2.033638 0.469803
v 2.939702 -2.033638 -0.469801
v 2.957160 -2.048998 0.469803
v 2.957160 -2.048998 -0.469801
v 2.976280 -2.063489 0.469803
v 2.976280 -2.063489 -0.469801
v 2.994776 -2.076091 0.469803
v 2.994776 -2.076091 -0.469801
v 3.013991 -2.087597 0.469803
v 3.013991 -2.087597 -0.469801
v 3.033924 -2.098007 0.469803
v 3.033924 -2.098007 -0.469801
v 3.054574 -2.107322 0.469803
v 3.054574 -2.107322 -0.469801
v 3.075943 -2.115540 0.469803
v 3.075943 -2.115541 -0.469801
v 3.098029 -2.122663 0.469803
v 3.098029 -2.122663 -0.469801
v 3.120833 -2.128690 0.469803
v 3.120833 -2.128690 -0.469801
v 3.144356 -2.133621 0.469803
v 3.144356 -2.133621 -0.469801
v 3.168596 -2.137457 0.469803
v 3.168596 -2.137457 -0.469801
v 3.193554 -2.140196 0.469803
v 3.193554 -2.140196 -0.469801
v 3.219230 -2.141840 0.469803
v 3.219230 -2.141840 -0.469801
v 3.245625 -2.142388 0.469803
v 3.245625 -2.142388 -0.469801
v 3.283127 -2.140990 0.469803
v 3.283127 -2.140990 -0.469801
v 3.318552 -2.136796 0.469803
v 3.318552 -2.136796 -0.469801
v 3.351899 -2.129805 0.469803
v 3.351899 -2.129805 -0.469801
v 3.383167 -2.120018 0.469803
v 3.383167 -2.120018 -0.469801
v 3.412357 -2.107435 0.469803
v 3.412357 -2.107435 -0.469801
v 3.439469 -2.092056 0.469803
v 3.439469 -2.092056 -0.469801
v 3.464503 -2.073880 0.469803
v 3.464503 -2.073880 -0.469801
v 3.487459 -2.052909 0.469803
v 3.487459 -2.052909 -0.469801
v 3.508336 -2.029141 0.469803
v 3.508336 -2.029141 -0.469801
v 3.527134 -2.002577 0.469803
v 3.527134 -2.002577 -0.469801
v 3.543855 -1.973216 0.469803
v 3.543855 -1.973216 -0.469801
v 3.558499 -1.941060 0.469803
v 3.558499 -1.941060 -0.469801
v 3.567625 -1.917273 0.469803
v 3.567625 -1.917273 -0.469801
v 3.575957 -1.891257 0.469803
v 3.575957 -1.891257 -0.469801
v 3.583495 -1.863011 0.469803
v 3.583495 -1.863011 -0.469801
v 3.590240 -1.832536 0.469803
v 3.590240 -1.832536 -0.469801
v 3.596191 -1.799832 0.469803
v 3.596191 -1.799832 -0.469801
v 3.601349 -1.764898 0.469803
v 3.601349 -1.764898 -0.469801
v 3.605713 -1.727734 0.469803
v 3.605713 -1.727734 -0.469801
v 3.609284 -1.688341 0.469803
v 3.609284 -1.688342 -0.469801
v 3.612062 -1.646719 0.469803
v 3.612062 -1.646719 -0.469801
v 3.614046 -1.602868 0.469803
v 3.614046 -1.602868 -0.469801
v 3.615236 -1.556787 0.469803
v 3.615236 -1.556787 -0.469801
v 3.615633 -1.508476 0.469803
v 3.615633 -1.508476 -0.469801
v 3.615633 -0.496394 0.469803
v 3.615633 -0.496394 -0.469802
v 3.615708 -0.472843 0.469803
v 3.615708 -0.472843 -0.469802
v 3.615935 -0.447536 0.469803
v 3.615935 -0.447536 -0.469802
v 3.616313 -0.420471 0.469803
v 3.616313 -0.420471 -0.469802
v 3.616842 -0.391649 0.469803
v 3.616842 -0.391649 -0.469802
v 3.617522 -0.361070 0.469803
v 3.617522 -0.361070 -0.469802
v 3.618353 -0.328734 0.469803
v 3.618353 -0.328734 -0.469802
v 3.619336 -0.294641 0.469803
v 3.619336 -0.294641 -0.469802
v 3.620470 -0.258791 0.469803
v 3.620470 -0.258791 -0.469802
v 3.621754 -0.221183 0.469803
v 3.621754 -0.221183 -0.469802
v 3.623190 -0.181819 0.469803
v 3.623190 -0.181819 -0.469802
v 3.624777 -0.140697 0.469803
v 3.624777 -0.140697 -0.469802
v 3.626515 -0.097819 0.469803
v 3.626515 -0.097819 -0.469802
v 3.628253 -0.054940 0.469803
v 3.628253 -0.054940 -0.469802
v 3.629840 -0.013819 0.469803
v 3.629840 -0.013819 -0.469802
v 3.631277 0.025546 0.469803
v 3.631277 0.025546 -0.469802
v 3.632561 0.063153 0.469803
v 3.632561 0.063153 -0.469802
v 3.633695 0.099004 0.469803
v 3.633695 0.099004 -0.469802
v 3.634677 0.133097 0.469802
v 3.634677 0.133097 -0.469802
v 3.635509 0.165433 0.469802
v 3.635509 0.165433 -0.469802
v 3.636189 0.196012 0.469802
v 3.636189 0.196012 -0.469802
v 3.636717 0.224834 0.469802
v 3.636717 0.224834 -0.469802
v 3.637095 0.251899 0.469802
v 3.637095 0.251899 -0.469802
v 3.637322 0.277206 0.469802
v 3.637322 0.277206 -0.469802
v 3.637398 0.300757 0.469802
v 3.637398 0.300757 -0.469802
v 3.636793 0.340792 0.469802
v 3.636793 0.340792 -0.469802
v 3.634980 0.380185 0.469802
v 3.634980 0.380185 -0.469802
v 3.631957 0.418935 0.469802
v 3.631957 0.418935 -0.469802
v 3.627725 0.457043 0.469802
v 3.627725 0.457043 -0.469802
v 3.622283 0.494509 0.469802
v 3.622283 0.494509 -0.469802
v 3.615633 0.531332 0.469802
v 3.615633 0.531332 -0.469802
v 3.607773 0.567513 0.469802
v 3.607773 0.567513 -0.469802
v 3.598704 0.603051 0.469802
v 3.598704 0.603051 -0.469802
v 3.588426 0.637947 0.469802
v 3.588426 0.637947 -0.469802
v 3.576939 0.672201 0.469802
v 3.576939 0.672201 -0.469802
v 3.564243 0.705812 0.469802
v 3.564243 0.705812 -0.469802
v 3.550337 0.738781 0.469802
v 3.550337 0.738781 -0.469802
v 3.532048 0.777891 0.469802
v 3.532048 0.777891 -0.469802
v 3.512550 0.813599 0.469802
v 3.512550 0.813599 -0.469802
v 3.491843 0.845907 0.469802
v 3.491843 0.845907 -0.469802
v 3.469926 0.874814 0.469802
v 3.469926 0.874814 -0.469802
v 3.446801 0.900320 0.469802
v 3.446801 0.900320 -0.469802
v 3.422466 0.922426 0.469802
v 3.422466 0.922426 -0.469802
v 3.396923 0.941130 0.469802
v 3.396923 0.941130 -0.469802
v 3.370170 0.956434 0.469802
v 3.370170 0.956434 -0.469802
v 3.342207 0.968337 0.469802
v 3.342207 0.968337 -0.469802
v 3.313036 0.976839 0.469802
v 3.313036 0.976839 -0.469802
v 3.282655 0.981940 0.469802
v 3.282655 0.981940 -0.469802
v 3.251066 0.983640 0.469802
v 3.251066 0.983640 -0.469802
v 3.225899 0.982818 0.469802
v 3.225899 0.982818 -0.469802
v 3.201187 0.980353 0.469802
v 3.201187 0.980353 -0.469802
v 3.176928 0.976243 0.469803
v 3.176928 0.976243 -0.469802
v 3.153122 0.970490 0.469803
v 3.153122 0.970490 -0.469802
v 3.129770 0.963093 0.469803
v 3.129770 0.963093 -0.469802
v 3.106871 0.954053 0.469803
v 3.106871 0.954053 -0.469802
v 3.084425 0.943368 0.469803
v 3.084425 0.943368 -0.469802
v 3.062433 0.931041 0.469803
v 3.062433 0.931041 -0.469802
v 3.040895 0.917069 0.469803
v 3.040895 0.917069 -0.469802
v 3.019810 0.901453 0.469803
v 3.019810 0.901453 -0.469802
v 2.999178 0.884194 0.469803
v 2.999178 0.884194 -0.469802
v 2.979000 0.865292 0.469803
v 2.979000 0.865292 -0.469802
v 2.959880 0.845407 0.469803
v 2.959880 0.845407 -0.469802
v 2.942422 0.825200 0.469803
v 2.942422 0.825200 -0.469802
v 2.926628 0.804672 0.469803
v 2.926628 0.804672 -0.469801
v 2.912496 0.783823 0.469803
v 2.912496 0.783823 -0.469801
v 2.900026 0.762654 0.469803
v 2.900026 0.762654 -0.469801
v 2.889219 0.741162 0.469803
v 2.889219 0.741162 -0.469801
v 2.880075 0.719350 0.469803
v 2.880075 0.719350 -0.469801
v 2.872593 0.697216 0.469803
v 2.872593 0.697216 -0.469801
v 2.866774 0.674761 0.469803
v 2.866774 0.674761 -0.469801
v 2.862617 0.651985 0.469803
v 2.862617 0.651985 -0.469801
v 2.860123 0.628888 0.469803
v 2.860123 0.628888 -0.469801
v -2.282739 -1.350678 0.469803
v -2.282739 -1.350678 -0.469801
v -2.247672 -1.234106 0.469803
v -2.247672 -1.234106 -0.469801
v -2.213211 -1.116551 0.469803
v -2.213211 -1.116551 -0.469801
v -2.179354 -0.998014 0.469803
v -2.179354 -0.998014 -0.469801
v -2.146101 -0.878495 0.469803
v -2.146101 -0.878495 -0.469801
v -2.113453 -0.757992 0.469803
v -2.113453 -0.757992 -0.469801
v -2.081410 -0.636508 0.469803
v -2.081410 -0.636508 -0.469801
v -2.049972 -0.514041 0.469803
v -2.049972 -0.514041 -0.469801
v -2.019137 -0.390591 0.469803
v -2.019137 -0.390591 -0.469801
v -1.988908 -0.266159 0.469803
v -1.988908 -0.266159 -0.469801
v -1.959283 -0.140745 0.469803
v -1.959283 -0.140745 -0.469801
v -1.930263 -0.014348 0.469803
v -1.930263 -0.014348 -0.469801
v -1.901848 0.113032 0.469803
v -1.901848 0.113032 -0.469801
v -1.880763 0.036457 0.469803
v -1.880763 0.036457 -0.469801
v -1.858317 -0.046353 0.469803
v -1.858317 -0.046353 -0.469801
v -1.834511 -0.135398 0.469803
v -1.834511 -0.135398 -0.469801
v -1.809345 -0.230677 0.469803
v -1.809345 -0.230677 -0.469801
v -1.782819 -0.332192 0.469803
v -1.782819 -0.332192 -0.469801
v -1.754932 -0.439941 0.469803
v -1.754932 -0.439941 -0.469801
v -1.725685 -0.553925 0.469803
v -1.725685 -0.553925 -0.469801
v -1.695078 -0.674143 0.469803
v -1.695078 -0.674143 -0.469801
v -1.663111 -0.800597 0.469803
v -1.663111 -0.800597 -0.469801
v -1.629782 -0.933285 0.469803
v -1.629782 -0.933285 -0.469801
v -1.595094 -1.072209 0.469803
v -1.595094 -1.072209 -0.469801
v -1.559045 -1.217367 0.469803
v -1.559045 -1.217367 -0.469801
v -1.550448 -1.268587 0.469803
v -1.550448 -1.268587 -0.469801
v -1.541890 -1.319769 0.469803
v -1.541890 -1.319769 -0.469801
v -1.533369 -1.370913 0.469803
v -1.533369 -1.370913 -0.469801
v -1.524886 -1.422020 0.469803
v -1.524886 -1.422020 -0.469801
v -1.516440 -1.473089 0.469803
v -1.516440 -1.473089 -0.469801
v -1.508034 -1.524120 0.469803
v -1.508034 -1.524120 -0.469801
v -1.499663 -1.575113 0.469803
v -1.499663 -1.575113 -0.469801
v -1.491332 -1.626069 0.469803
v -1.491332 -1.626069 -0.469801
v -1.483037 -1.676986 0.469803
v -1.483037 -1.676987 -0.469801
v -1.474781 -1.727866 0.469803
v -1.474781 -1.727867 -0.469801
v -1.466562 -1.778709 0.469803
v -1.466562 -1.778709 -0.469801
v -1.458382 -1.829513 0.469803
v -1.458382 -1.829513 -0.469801
v -1.438487 -1.891219 0.469803
v -1.438487 -1.891219 -0.469801
v -1.415985 -1.947559 0.469803
v -1.415985 -1.947559 -0.469801
v -1.390875 -1.998533 0.469803
v -1.390875 -1.998533 -0.469801
v -1.363158 -2.044142 0.469803
v -1.363158 -2.044142 -0.469801
v -1.332834 -2.084385 0.469803
v -1.332834 -2.084385 -0.469801
v -1.299904 -2.119262 0.469803
v -1.299904 -2.119262 -0.469801
v -1.264365 -2.148774 0.469803
v -1.264365 -2.148774 -0.469801
v -1.226219 -2.172920 0.469803
v -1.226219 -2.172920 -0.469801
v -1.185467 -2.191700 0.469803
v -1.185467 -2.191700 -0.469801
v -1.142106 -2.205114 0.469803
v -1.142106 -2.205114 -0.469801
v -1.096138 -2.213163 0.469803
v -1.096138 -2.213163 -0.469801
v -1.047564 -2.215846 0.469803
v -1.047564 -2.215846 -0.469801
v -1.016823 -2.214957 0.469803
v -1.016823 -2.214957 -0.469801
v -0.987180 -2.212294 0.469803
v -0.987180 -2.212294 -0.469801
v -0.958632 -2.207854 0.469803
v -0.958632 -2.207854 -0.469801
v -0.931181 -2.201638 0.469803
v -0.931181 -2.201638 -0.469801
v -0.904824 -2.193646 0.469803
v -0.904824 -2.193646 -0.469801
v -0.879564 -2.183878 0.469803
v -0.879564 -2.183878 -0.469801
v -0.855400 -2.172334 0.469803
v -0.855400 -2.172334 -0.469801
v -0.832332 -2.159014 0.469803
v -0.832332 -2.159014 -0.469801
v -0.810360 -2.143918 0.469803
v -0.810360 -2.143918 -0.469801
v -0.789483 -2.127046 0.469803
v -0.789483 -2.127047 -0.469801
v -0.769702 -2.108399 0.469803
v -0.769702 -2.108399 -0.469801
v -0.751012 -2.087975 0.469803
v -0.751012 -2.087975 -0.469801
v -0.736238 -2.069554 0.469803
v -0.736238 -2.069554 -0.469801
v -0.722748 -2.050566 0.469803
v -0.722748 -2.050566 -0.469801
v -0.710543 -2.031011 0.469803
v -0.710543 -2.031011 -0.469801
v -0.699622 -2.010890 0.469803
v -0.699622 -2.010890 -0.469801
v -0.689986 -1.990201 0.469803
v -0.689986 -1.990201 -0.469801
v -0.681636 -1.968946 0.469803
v -0.681636 -1.968946 -0.469801
v -0.674569 -1.947124 0.469803
v -0.674569 -1.947125 -0.469801
v -0.668788 -1.924736 0.469803
v -0.668788 -1.924736 -0.469801
v -0.664291 -1.901780 0.469803
v -0.664291 -1.901780 -0.469801
v -0.661079 -1.878258 0.469803
v -0.661079 -1.878258 -0.469801
v -0.659152 -1.854169 0.469803
v -0.659152 -1.854169 -0.469801
v -0.658510 -1.829513 0.469803
v -0.658510 -1.829513 -0.469801
v -0.659814 -1.754714 0.469803
v -0.659814 -1.754714 -0.469801
v -0.663725 -1.677232 0.469803
v -0.663725 -1.677232 -0.469801
v -0.670243 -1.597067 0.469803
v -0.670243 -1.597067 -0.469801
v -0.679369 -1.514220 0.469803
v -0.679369 -1.514220 -0.469801
v -0.691102 -1.428689 0.469803
v -0.691102 -1.428689 -0.469801
v -0.705442 -1.340476 0.469803
v -0.705442 -1.340476 -0.469801
v -0.722389 -1.249580 0.469803
v -0.722389 -1.249580 -0.469801
v -0.741944 -1.156001 0.469803
v -0.741944 -1.156001 -0.469801
v -0.764106 -1.059739 0.469803
v -0.764106 -1.059739 -0.469801
v -0.788876 -0.960794 0.469803
v -0.788876 -0.960794 -0.469801
v -0.816252 -0.859166 0.469803
v -0.816252 -0.859166 -0.469801
v -0.846235 -0.754856 0.469803
v -0.846235 -0.754856 -0.469801
v -0.891145 -0.602481 0.469803
v -0.891145 -0.602481 -0.469801
v -0.932465 -0.461857 0.469803
v -0.932465 -0.461857 -0.469801
v -0.970196 -0.332985 0.469803
v -0.970196 -0.332985 -0.469801
v -1.004335 -0.215865 0.469803
v -1.004335 -0.215865 -0.469801
v -1.034886 -0.110496 0.469803
v -1.034886 -0.110496 -0.469801
v -1.061847 -0.016879 0.469803
v -1.061847 -0.016879 -0.469801
v -1.085217 0.064986 0.469803
v -1.085217 0.064986 -0.469801
v -1.104999 0.135099 0.469803
v -1.104999 0.135099 -0.469801
v -1.121191 0.193461 0.469803
v -1.121191 0.193461 -0.469801
v -1.133793 0.240071 0.469803
v -1.133793 0.240071 -0.469801
v -1.142805 0.274929 0.469803
v -1.142805 0.274929 -0.469801
v -1.148227 0.298036 0.469803
v -1.148227 0.298036 -0.469801
v -1.161396 0.367866 0.469803
v -1.161396 0.367866 -0.469801
v -1.174603 0.437696 0.469803
v -1.174603 0.437696 -0.469801
v -1.187846 0.507526 0.469803
v -1.187846 0.507526 -0.469801
v -1.201129 0.577356 0.469803
v -1.201129 0.577356 -0.469801
v -1.214449 0.647186 0.469803
v -1.214449 0.647186 -0.469801
v -1.227807 0.717016 0.469803
v -1.227807 0.717016 -0.469801
v -1.241202 0.786846 0.469803
v -1.241202 0.786846 -0.469801
v -1.254636 0.856676 0.469803
v -1.254636 0.856676 -0.469801
v -1.268107 0.926506 0.469803
v -1.268107 0.926506 -0.469801
v -1.281616 0.996336 0.469803
v -1.281616 0.996336 -0.469801
v -1.295163 1.066166 0.469803
v -1.295163 1.066166 -0.469801
v -1.308746 1.135997 0.469803
v -1.308746 1.135997 -0.469801
v -1.329292 1.229453 0.469803
v -1.329292 1.229453 -0.469801
v -1.350122 1.317562 0.469803
v -1.350122 1.317562 -0.469801
v -1.371236 1.400325 0.469803
v -1.371236 1.400325 -0.469801
v -1.392632 1.477741 0.469803
v -1.392632 1.477741 -0.469801
v -1.414313 1.549809 0.469803
v -1.414313 1.549809 -0.469801
v -1.436276 1.616531 0.469803
v -1.436276 1.616531 -0.469801
v -1.458523 1.677907 0.469803
v -1.458523 1.677907 -0.469801
v -1.481054 1.733935 0.469803
v -1.481054 1.733935 -0.469801
v -1.503867 1.784616 0.469803
v -1.503867 1.784616 -0.469801
v -1.526965 1.829951 0.469803
v -1.526965 1.829951 -0.469801
v -1.550344 1.869939 0.469803
v -1.550344 1.869939 -0.469801
v -1.574009 1.904580 0.469803
v -1.574009 1.904580 -0.469801
v -1.598334 1.935216 0.469803
v -1.598334 1.935216 -0.469801
v -1.623699 1.963187 0.469803
v -1.623699 1.963187 -0.469801
v -1.650103 1.988495 0.469803
v -1.650103 1.988495 -0.469801
v -1.677545 2.011139 0.469803
v -1.677545 2.011139 -0.469801
v -1.706027 2.031118 0.469803
v -1.706027 2.031118 -0.469801
v -1.735548 2.048434 0.469803
v -1.735548 2.048434 -0.469801
v -1.766108 2.063086 0.469803
v -1.766108 2.063086 -0.469801
v -1.797707 2.075074 0.469803
v -1.797707 2.075074 -0.469801
v -1.830345 2.084398 0.469803
v -1.830345 2.084398 -0.469801
v -1.864023 2.091057 0.469803
v -1.864023 2.091057 -0.469801
v -1.898739 2.095054 0.469803
v -1.898739 2.095054 -0.469801
v -1.934496 2.096386 0.469803
v -1.934496 2.096386 -0.469801
v -1.974852 2.094648 0.469803
v -1.974852 2.094648 -0.469801
v -2.013394 2.089434 0.469803
v -2.013394 2.089434 -0.469801
v -2.050123 2.080743 0.469803
v -2.050123 2.080743 -0.469801
v -2.085038 2.068575 0.469803
v -2.085038 2.068575 -0.469801
v -2.118140 2.052931 0.469803
v -2.118140 2.052931 -0.469801
v -2.149426 2.033811 0.469803
v -2.149426 2.033811 -0.469801
v -2.178901 2.011215 0.469803
v -2.178901 2.011215 -0.469801
v -2.206560 1.985142 0.469803
v -2.206560 1.985142 -0.469801
v -2.232407 1.955592 0.469803
v -2.232407 1.955592 -0.469801
v -2.256439 1.922567 0.469803
v -2.256439 1.922567 -0.469801
v -2.278658 1.886065 0.469803
v -2.278658 1.886065 -0.469801
v -2.299063 1.846086 0.469803
v -2.299063 1.846086 -0.469801
v -2.317313 1.803198 0.469803
v -2.317313 1.803198 -0.469801
v -2.335792 1.753433 0.469803
v -2.335792 1.753433 -0.469801
v -2.354496 1.696791 0.469803
v -2.354496 1.696791 -0.469801
v -2.373427 1.633271 0.469803
v -2.373427 1.633271 -0.469801
v -2.392586 1.562874 0.469803
v -2.392586 1.562874 -0.469801
v -2.411970 1.485600 0.469803
v -2.411970 1.485600 -0.469801
v -2.431581 1.401449 0.469803
v -2.431581 1.401449 -0.469801
v -2.451419 1.310421 0.469803
v -2.451419 1.310421 -0.469801
v -2.471483 1.212515 0.469803
v -2.471483 1.212515 -0.469801
v -2.491775 1.107732 0.469803
v -2.491775 1.107732 -0.469801
v -2.512293 0.996072 0.469803
v -2.512293 0.996072 -0.469801
v -2.533038 0.877535 0.469803
v -2.533038 0.877535 -0.469801
v -2.553802 0.758431 0.469803
v -2.553802 0.758431 -0.469801
v -2.576191 0.637815 0.469803
v -2.576191 0.637815 -0.469801
v -2.600204 0.515688 0.469803
v -2.600204 0.515688 -0.469801
v -2.625843 0.392050 0.469803
v -2.625843 0.392050 -0.469801
v -2.653106 0.266900 0.469803
v -2.653106 0.266900 -0.469801
v -2.681993 0.140238 0.469803
v -2.681993 0.140238 -0.469801
v -2.712507 0.012065 0.469803
v -2.712507 0.012065 -0.469801
v -2.744644 -0.117619 0.469803
v -2.744644 -0.117619 -0.469801
v -2.778407 -0.248815 0.469803
v -2.778407 -0.248815 -0.469801
v -2.813794 -0.381522 0.469803
v -2.813794 -0.381522 -0.469801
v -2.850807 -0.515741 0.469803
v -2.850807 -0.515741 -0.469801
v -2.889444 -0.651471 0.469803
v -2.889444 -0.651471 -0.469801
v -2.940834 -0.515703 0.469803
v -2.940834 -0.515703 -0.469801
v -2.991619 -0.377743 0.469803
v -2.991619 -0.377743 -0.469801
v -3.041800 -0.237592 0.469803
v -3.041800 -0.237592 -0.469801
v -3.091376 -0.095249 0.469803
v -3.091376 -0.095249 -0.469801
v -3.140348 0.049285 0.469803
v -3.140348 0.049285 -0.469801
v -3.188715 0.196012 0.469803
v -3.188715 0.196012 -0.469801
v -3.236478 0.344929 0.469803
v -3.236478 0.344929 -0.469801
v -3.283635 0.496039 0.469803
v -3.283635 0.496039 -0.469801
v -3.330189 0.649340 0.469803
v -3.330189 0.649340 -0.469801
v -3.376138 0.804833 0.469803
v -3.376138 0.804833 -0.469801
v -3.421482 0.962517 0.469803
v -3.421482 0.962517 -0.469801
v -3.466222 1.122393 0.469803
v -3.466222 1.122393 -0.469801
v -3.618578 1.748143 0.469803
v -3.618578 1.748143 -0.469801
v -3.644179 1.810283 0.469803
v -3.644179 1.810283 -0.469801
v -3.672009 1.867020 0.469803
v -3.672009 1.867020 -0.469801
v -3.702068 1.918354 0.469803
v -3.702068 1.918354 -0.469801
v -3.734357 1.964284 0.469803
v -3.734357 1.964284 -0.469801
v -3.768875 2.004810 0.469803
v -3.768875 2.004810 -0.469801
v -3.805623 2.039933 0.469803
v -3.805623 2.039933 -0.469801
v -3.844601 2.069653 0.469803
v -3.844601 2.069653 -0.469801
v -3.885807 2.093968 0.469803
v -3.885807 2.093968 -0.469801
v -3.929243 2.112881 0.469803
v -3.929243 2.112881 -0.469801
v -3.974909 2.126390 0.469803
v -3.974909 2.126390 -0.469801
v -4.022804 2.134495 0.469803
v -4.022804 2.134495 -0.469801
v -4.072927 2.137196 0.469803
v -4.072927 2.137196 -0.469801
v -4.121294 2.134060 0.469803
v -4.121294 2.134060 -0.469801
v -4.167544 2.124651 0.469803
v -4.167544 2.124651 -0.469801
v -4.211679 2.108970 0.469803
v -4.211679 2.108970 -0.469801
v -4.253697 2.087015 0.469803
v -4.253697 2.087015 -0.469801
v -4.293600 2.058788 0.469803
v -4.293600 2.058788 -0.469801
v -4.331387 2.024289 0.469803
v -4.331387 2.024289 -0.469801
v -4.367057 1.983517 0.469803
v -4.367057 1.983517 -0.469801
v -4.400611 1.936473 0.469803
v -4.400611 1.936473 -0.469801
v -4.432050 1.883156 0.469803
v -4.432050 1.883156 -0.469801
v -4.461371 1.823566 0.469803
v -4.461371 1.823566 -0.469801
v -4.488578 1.757704 0.469803
v -4.488578 1.757704 -0.469801
v -4.513673 1.685568 0.469803
v -4.513673 1.685568 -0.469801
v -4.523705 1.652996 0.469803
v -4.523705 1.652996 -0.469801
v -4.533851 1.616040 0.469803
v -4.533851 1.616040 -0.469801
v -4.544110 1.574702 0.469803
v -4.544110 1.574702 -0.469801
v -4.554482 1.528980 0.469803
v -4.554482 1.528980 -0.469801
v -4.564968 1.478874 0.469803
v -4.564968 1.478874 -0.469801
v -4.575567 1.424386 0.469803
v -4.575567 1.424386 -0.469801
v -4.586280 1.365514 0.469803
v -4.586280 1.365514 -0.469801
v -4.597106 1.302259 0.469803
v -4.597106 1.302259 -0.469801
v -4.608046 1.234620 0.469803
v -4.608046 1.234620 -0.469801
v -4.619098 1.162599 0.469803
v -4.619098 1.162599 -0.469801
v -4.630263 1.086194 0.469803
v -4.630263 1.086194 -0.469801
v -4.641542 1.005405 0.469803
v -4.641542 1.005405 -0.469801
v -4.668409 0.814544 0.469803
v -4.668409 0.814544 -0.469801
v -4.696409 0.628293 0.469803
v -4.696409 0.628293 -0.469801
v -4.725543 0.446651 0.469803
v -4.725543 0.446651 -0.469801
v -4.755811 0.269620 0.469803
v -4.755811 0.269620 -0.469801
v -4.787212 0.097199 0.469803
v -4.787212 0.097199 -0.469801
v -4.819746 -0.070612 0.469803
v -4.819746 -0.070612 -0.469801
v -4.853415 -0.233814 0.469803
v -4.853415 -0.233814 -0.469801
v -4.888216 -0.392405 0.469803
v -4.888216 -0.392405 -0.469801
v -4.924151 -0.546386 0.469803
v -4.924151 -0.546386 -0.469801
v -4.961220 -0.695757 0.469803
v -4.961220 -0.695757 -0.469801
v -4.999422 -0.840518 0.469803
v -4.999422 -0.840518 -0.469801
v -5.038758 -0.980670 0.469803
v -5.038758 -0.980670 -0.469801
v -5.077434 -1.115456 0.469803
v -5.077434 -1.115456 -0.469801
v -5.112745 -1.239585 0.469803
v -5.112745 -1.239585 -0.469801
v -5.144694 -1.353059 0.469803
v -5.144694 -1.353059 -0.469801
v -5.173280 -1.455877 0.469803
v -5.173280 -1.455877 -0.469801
v -5.198503 -1.548039 0.469803
v -5.198503 -1.548039 -0.469801
v -5.220362 -1.629545 0.469803
v -5.220362 -1.629545 -0.469801
v -5.238858 -1.700395 0.469803
v -5.238858 -1.700396 -0.469801
v -5.253992 -1.760590 0.469803
v -5.253992 -1.760590 -0.469801
v -5.265762 -1.810128 0.469803
v -5.265762 -1.810128 -0.469801
v -5.274170 -1.849011 0.469803
v -5.274170 -1.849011 -0.469801
v -5.279214 -1.877238 0.469803
v -5.279214 -1.877238 -0.469801
v -5.280897 -1.894809 0.469803
v -5.280897 -1.894809 -0.469801
v -5.280009 -1.921203 0.469803
v -5.280009 -1.921203 -0.469801
v -5.277345 -1.946879 0.469803
v -5.277345 -1.946879 -0.469801
v -5.272905 -1.971837 0.469803
v -5.272905 -1.971837 -0.469801
v -5.266689 -1.996077 0.469803
v -5.266689 -1.996077 -0.469801
v -5.258698 -2.019600 0.469803
v -5.258698 -2.019600 -0.469801
v -5.248929 -2.042404 0.469803
v -5.248929 -2.042404 -0.469801
v -5.237385 -2.064490 0.469803
v -5.237385 -2.064490 -0.469801
v -5.224065 -2.085859 0.469803
v -5.224065 -2.085859 -0.469801
v -5.208969 -2.106509 0.469803
v -5.208969 -2.106509 -0.469801
v -5.192097 -2.126442 0.469803
v -5.192097 -2.126442 -0.469801
v -5.173449 -2.145656 0.469803
v -5.173449 -2.145657 -0.469801
v -5.153025 -2.164153 0.469803
v -5.153025 -2.164153 -0.469801
v -5.132866 -2.179797 0.469803
v -5.132866 -2.179797 -0.469801
v -5.112290 -2.194080 0.469803
v -5.112290 -2.194080 -0.469801
v -5.091300 -2.207003 0.469803
v -5.091300 -2.207003 -0.469801
v -5.069894 -2.218566 0.469803
v -5.069894 -2.218566 -0.469801
v -5.048072 -2.228769 0.469803
v -5.048072 -2.228769 -0.469801
v -5.025834 -2.237611 0.469803
v -5.025834 -2.237611 -0.469801
v -5.003181 -2.245092 0.469803
v -5.003181 -2.245092 -0.469801
v -4.980112 -2.251214 0.469803
v -4.980112 -2.251214 -0.469801
v -4.956627 -2.255975 0.469803
v -4.956627 -2.255975 -0.469801
v -4.932727 -2.259376 0.469803
v -4.932727 -2.259376 -0.469801
v -4.908411 -2.261416 0.469803
v -4.908411 -2.261416 -0.469801
v -4.883681 -2.262097 0.469803
v -4.883681 -2.262097 -0.469801
v -4.835314 -2.259149 0.469803
v -4.835314 -2.259149 -0.469801
v -4.789062 -2.250307 0.469803
v -4.789062 -2.250307 -0.469801
v -4.744928 -2.235570 0.469803
v -4.744928 -2.235570 -0.469801
v -4.702909 -2.214939 0.469803
v -4.702909 -2.214939 -0.469801
v -4.663008 -2.188412 0.469803
v -4.663008 -2.188412 -0.469801
v -4.625221 -2.155991 0.469803
v -4.625221 -2.155991 -0.469801
v -4.589551 -2.117675 0.469803
v -4.589551 -2.117675 -0.469801
v -4.555996 -2.073465 0.469803
v -4.555996 -2.073465 -0.469801
v -4.524558 -2.023359 0.469803
v -4.524558 -2.023360 -0.469801
v -4.495235 -1.967359 0.469803
v -4.495235 -1.967359 -0.469801
v -4.468030 -1.905464 0.469803
v -4.468030 -1.905465 -0.469801
v -4.442936 -1.837675 0.469803
v -4.442936 -1.837675 -0.469801
v -4.290580 -1.179277 0.469803
v -4.290580 -1.179277 -0.469801
v -4.268663 -1.094692 0.469803
v -4.268663 -1.094692 -0.469801
v -4.246444 -1.004173 0.469803
v -4.246444 -1.004173 -0.469801
v -4.223923 -0.907722 0.469803
v -4.223923 -0.907722 -0.469801
v -4.201099 -0.805339 0.469803
v -4.201099 -0.805339 -0.469801
v -4.177975 -0.697023 0.469803
v -4.177975 -0.697023 -0.469801
v -4.154547 -0.582775 0.469803
v -4.154547 -0.582775 -0.469801
v -4.130816 -0.462594 0.469803
v -4.130816 -0.462594 -0.469801
v -4.106784 -0.336480 0.469803
v -4.106784 -0.336480 -0.469801
v -4.082449 -0.204434 0.469803
v -4.082449 -0.204434 -0.469801
v -4.057812 -0.066456 0.469803
v -4.057812 -0.066456 -0.469801
v -4.032872 0.077455 0.469803
v -4.032872 0.077455 -0.469801
v -4.007631 0.227299 0.469803
v -4.007631 0.227299 -0.469801
v -3.986112 0.163647 0.469803
v -3.986112 0.163647 -0.469801
v -3.962362 0.094214 0.469803
v -3.962362 0.094214 -0.469801
v -3.936384 0.018999 0.469803
v -3.936384 0.018999 -0.469801
v -3.908176 -0.061997 0.469803
v -3.908176 -0.061997 -0.469801
v -3.877739 -0.148774 0.469803
v -3.877739 -0.148774 -0.469801
v -3.845072 -0.241333 0.469803
v -3.845072 -0.241333 -0.469801
v -3.810176 -0.339673 0.469803
v -3.810176 -0.339673 -0.469801
v -3.773050 -0.443795 0.469803
v -3.773050 -0.443795 -0.469801
v -3.733696 -0.553698 0.469803
v -3.733696 -0.553698 -0.469801
v -3.692112 -0.669382 0.469803
v -3.692112 -0.669382 -0.469801
v -3.648298 -0.790848 0.469803
v -3.648298 -0.790848 -0.469801
v -3.602255 -0.918095 0.469803
v -3.602255 -0.918095 -0.469801
v -3.439016 -1.418695 0.469803
v -3.439016 -1.418695 -0.469801
v -3.422182 -1.467383 0.469803
v -3.422182 -1.467383 -0.469801
v -3.405234 -1.514598 0.469803
v -3.405234 -1.514598 -0.469801
v -3.388174 -1.560339 0.469803
v -3.388174 -1.560339 -0.469801
v -3.371000 -1.604606 0.469803
v -3.371000 -1.604606 -0.469801
v -3.353712 -1.647399 0.469803
v -3.353712 -1.647400 -0.469801
v -3.336311 -1.688719 0.469803
v -3.336311 -1.688719 -0.469801
v -3.318797 -1.728566 0.469803
v -3.318797 -1.728566 -0.469801
v -3.301169 -1.766938 0.469803
v -3.301169 -1.766938 -0.469801
v -3.283428 -1.803837 0.469803
v -3.283428 -1.803837 -0.469801
v -3.265574 -1.839262 0.469803
v -3.265574 -1.839262 -0.469801
v -3.247606 -1.873214 0.469803
v -3.247606 -1.873214 -0.469801
v -3.229526 -1.905691 0.469803
v -3.229526 -1.905691 -0.469801
v -3.204700 -1.946104 0.469803
v -3.204700 -1.946104 -0.469801
v -3.178287 -1.983003 0.469803
v -3.178287 -1.983003 -0.469801
v -3.150287 -2.016388 0.469803
v -3.150287 -2.016388 -0.469801
v -3.120700 -2.046258 0.469803
v -3.120700 -2.046258 -0.469801
v -3.089525 -2.072614 0.469803
v -3.089525 -2.072615 -0.469801
v -3.056765 -2.095457 0.469803
v -3.056765 -2.095457 -0.469801
v -3.022416 -2.114785 0.469803
v -3.022416 -2.114785 -0.469801
v -2.986481 -2.130598 0.469803
v -2.986481 -2.130599 -0.469801
v -2.948958 -2.142898 0.469803
v -2.948958 -2.142898 -0.469801
v -2.909849 -2.151683 0.469803
v -2.909849 -2.151684 -0.469801
v -2.869152 -2.156955 0.469803
v -2.869152 -2.156955 -0.469801
v -2.826869 -2.158712 0.469803
v -2.826869 -2.158712 -0.469801
v -2.785076 -2.156615 0.469803
v -2.785076 -2.156615 -0.469801
v -2.744947 -2.150323 0.469803
v -2.744947 -2.150323 -0.469801
v -2.706480 -2.139837 0.469803
v -2.706480 -2.139837 -0.469801
v -2.669676 -2.125157 0.469803
v -2.669676 -2.125157 -0.469801
v -2.634534 -2.106283 0.469803
v -2.634534 -2.106283 -0.469801
v -2.601055 -2.083214 0.469803
v -2.601055 -2.083214 -0.469801
v -2.569239 -2.055951 0.469803
v -2.569239 -2.055951 -0.469801
v -2.539084 -2.024493 0.469803
v -2.539084 -2.024493 -0.469801
v -2.510593 -1.988841 0.469803
v -2.510593 -1.988841 -0.469801
v -2.483764 -1.948995 0.469803
v -2.483764 -1.948995 -0.469801
v -2.458598 -1.904954 0.469803
v -2.458598 -1.904954 -0.469801
v -2.435095 -1.856719 0.469803
v -2.435095 -1.856720 -0.469801
v -8.261369 -2.120623 0.469804
v -8.261369 -2.120623 -0.469800
v -8.242768 -2.135832 0.469804
v -8.242768 -2.135832 -0.469800
v -8.223695 -2.149719 0.469804
v -8.223695 -2.149719 -0.469800
v -8.204150 -2.162283 0.469804
v -8.204150 -2.162283 -0.469800
v -8.184131 -2.173524 0.469804
v -8.184131 -2.173524 -0.469800
v -8.163642 -2.183443 0.469804
v -8.163642 -2.183443 -0.469800
v -8.142678 -2.192040 0.469804
v -8.142678 -2.192040 -0.469800
v -8.121243 -2.199314 0.469804
v -8.121243 -2.199314 -0.469800
v -8.099336 -2.205265 0.469804
v -8.099336 -2.205265 -0.469800
v -8.076957 -2.209894 0.469804
v -8.076957 -2.209894 -0.469800
v -8.054105 -2.213200 0.469804
v -8.054105 -2.213201 -0.469800
v -8.030782 -2.215184 0.469804
v -8.030782 -2.215184 -0.469800
v -8.006988 -2.215846 0.469804
v -8.006988 -2.215846 -0.469800
v -7.985108 -2.213956 0.469804
v -7.985108 -2.213956 -0.469800
v -7.961190 -2.208288 0.469804
v -7.961190 -2.208288 -0.469800
v -7.935229 -2.198841 0.469804
v -7.935229 -2.198842 -0.469800
v -7.907229 -2.185616 0.469804
v -7.907229 -2.185616 -0.469800
v -7.877189 -2.168612 0.469804
v -7.877189 -2.168612 -0.469800
v -7.845107 -2.147829 0.469804
v -7.845107 -2.147829 -0.469800
v -7.810985 -2.123268 0.469804
v -7.810985 -2.123268 -0.469800
v -7.774823 -2.094928 0.469804
v -7.774823 -2.094928 -0.469800
v -7.736619 -2.062809 0.469804
v -7.736619 -2.062809 -0.469800
v -7.696376 -2.026911 0.469804
v -7.696376 -2.026911 -0.469800
v -7.654094 -1.987235 0.469804
v -7.654094 -1.987235 -0.469800
v -7.609773 -1.943780 0.469804
v -7.609773 -1.943780 -0.469800
v -7.568471 -1.963326 0.469804
v -7.568471 -1.963326 -0.469800
v -7.528003 -1.982058 0.469804
v -7.528003 -1.982059 -0.469800
v -7.488364 -1.999979 0.469804
v -7.488364 -1.999979 -0.469800
v -7.449555 -2.017087 0.469804
v -7.449555 -2.017087 -0.469800
v -7.411582 -2.033382 0.469804
v -7.411582 -2.033382 -0.469800
v -7.374436 -2.048866 0.469804
v -7.374436 -2.048866 -0.469800
v -7.338124 -2.063536 0.469804
v -7.338124 -2.063536 -0.469800
v -7.302642 -2.077394 0.469804
v -7.302642 -2.077394 -0.469800
v -7.267993 -2.090441 0.469804
v -7.267993 -2.090441 -0.469800
v -7.234174 -2.102674 0.469804
v -7.234174 -2.102674 -0.469800
v -7.201186 -2.114095 0.469804
v -7.201186 -2.114095 -0.469800
v -7.169028 -2.124704 0.469804
v -7.169028 -2.124704 -0.469801
v -7.137685 -2.134481 0.469804
v -7.137685 -2.134481 -0.469801
v -7.107133 -2.143408 0.469804
v -7.107133 -2.143408 -0.469801
v -7.077376 -2.151485 0.469804
v -7.077376 -2.151485 -0.469801
v -7.048413 -2.158712 0.469804
v -7.048413 -2.158712 -0.469801
v -7.020242 -2.165088 0.469804
v -7.020242 -2.165088 -0.469801
v -6.992866 -2.170615 0.469804
v -6.992866 -2.170615 -0.469801
v -6.966281 -2.175291 0.469804
v -6.966281 -2.175291 -0.469801
v -6.940492 -2.179117 0.469804
v -6.940492 -2.179117 -0.469801
v -6.915494 -2.182092 0.469804
v -6.915494 -2.182092 -0.469801
v -6.891294 -2.184218 0.469804
v -6.891294 -2.184218 -0.469801
v -6.867885 -2.185493 0.469804
v -6.867885 -2.185493 -0.469801
v -6.845271 -2.185918 0.469804
v -6.845271 -2.185918 -0.469801
v -6.738267 -2.183481 0.469804
v -6.738267 -2.183481 -0.469801
v -6.635818 -2.176169 0.469804
v -6.635818 -2.176169 -0.469801
v -6.537921 -2.163983 0.469804
v -6.537921 -2.163983 -0.469801
v -6.444579 -2.146922 0.469803
v -6.444579 -2.146922 -0.469801
v -6.355788 -2.124987 0.469803
v -6.355788 -2.124987 -0.469801
v -6.271552 -2.098177 0.469803
v -6.271552 -2.098177 -0.469801
v -6.191869 -2.066493 0.469803
v -6.191869 -2.066493 -0.469801
v -6.116738 -2.029934 0.469803
v -6.116738 -2.029934 -0.469801
v -6.046161 -1.988501 0.469803
v -6.046161 -1.988501 -0.469801
v -5.980136 -1.942193 0.469803
v -5.980136 -1.942193 -0.469801
v -5.918666 -1.891011 0.469803
v -5.918666 -1.891011 -0.469801
v -5.861754 -1.834954 0.469803
v -5.861754 -1.834954 -0.469801
v -5.809392 -1.774042 0.469803
v -5.809392 -1.774042 -0.469801
v -5.761582 -1.708293 0.469803
v -5.761582 -1.708293 -0.469801
v -5.718326 -1.637707 0.469803
v -5.718326 -1.637707 -0.469801
v -5.679624 -1.562285 0.469803
v -5.679624 -1.562285 -0.469801
v -5.645473 -1.482025 0.469803
v -5.645473 -1.482025 -0.469801
v -5.615876 -1.396930 0.469803
v -5.615876 -1.396930 -0.469801
v -5.590833 -1.306997 0.469803
v -5.590833 -1.306997 -0.469801
v -5.570342 -1.212228 0.469803
v -5.570342 -1.212228 -0.469801
v -5.554405 -1.112622 0.469803
v -5.554405 -1.112622 -0.469801
v -5.543021 -1.008179 0.469803
v -5.543021 -1.008179 -0.469801
v -5.536191 -0.898899 0.469803
v -5.536191 -0.898899 -0.469801
v -5.533917 -0.784783 0.469803
v -5.533917 -0.784783 -0.469801
v -5.537279 -0.676817 0.469803
v -5.537279 -0.676817 -0.469801
v -5.547367 -0.571477 0.469803
v -5.547367 -0.571477 -0.469801
v -5.564182 -0.468763 0.469803
v -5.564182 -0.468763 -0.469801
v -5.587723 -0.368675 0.469803
v -5.587723 -0.368675 -0.469801
v -5.617990 -0.271213 0.469803
v -5.617990 -0.271213 -0.469801
v -5.654983 -0.176378 0.469803
v -5.654983 -0.176378 -0.469801
v -5.698701 -0.084168 0.469803
v -5.698701 -0.084168 -0.469801
v -5.749146 0.005415 0.469803
v -5.749146 0.005415 -0.469801
v -5.806319 0.092372 0.469803
v -5.806319 0.092372 -0.469801
v -5.870215 0.176702 0.469803
v -5.870215 0.176702 -0.469801
v -5.940841 0.258407 0.469803
v -5.940841 0.258407 -0.469801
v -6.018191 0.337485 0.469803
v -6.018191 0.337485 -0.469801
v -6.100228 0.412010 0.469803
v -6.100228 0.412010 -0.469801
v -6.184909 0.480055 0.469803
v -6.184909 0.480055 -0.469801
v -6.272233 0.541619 0.469803
v -6.272233 0.541619 -0.469801
v -6.362203 0.596703 0.469803
v -6.362203 0.596703 -0.469801
v -6.454818 0.645306 0.469803
v -6.454818 0.645306 -0.469801
v -6.550078 0.687429 0.469803
v -6.550078 0.687429 -0.469801
v -6.647985 0.723071 0.469803
v -6.647985 0.723071 -0.469801
v -6.748536 0.752233 0.469803
v -6.748536 0.752233 -0.469801
v -6.851731 0.774915 0.469803
v -6.851731 0.774915 -0.469801
v -6.957574 0.791116 0.469803
v -6.957574 0.791116 -0.469801
v -7.066060 0.800836 0.469803
v -7.066060 0.800836 -0.469801
v -7.177190 0.804077 0.469803
v -7.177190 0.804077 -0.469801
v -7.220834 0.803057 0.469803
v -7.220834 0.803057 -0.469801
v -7.265613 0.799996 0.469803
v -7.265613 0.799996 -0.469801
v -7.311522 0.794895 0.469803
v -7.311522 0.794895 -0.469801
v -7.358567 0.787753 0.469803
v -7.358567 0.787753 -0.469801
v -7.406747 0.778571 0.469803
v -7.406747 0.778571 -0.469801
v -7.456058 0.767348 0.469803
v -7.456058 0.767348 -0.469801
v -7.506503 0.754085 0.469803
v -7.506503 0.754085 -0.469801
v -7.558082 0.738781 0.469803
v -7.558082 0.738781 -0.469801
v -7.610795 0.721437 0.469803
v -7.610795 0.721437 -0.469801
v -7.664643 0.702053 0.469803
v -7.664643 0.702053 -0.469801
v -7.719623 0.680628 0.469803
v -7.719623 0.680628 -0.469801
v -7.775733 0.657162 0.469803
v -7.775733 0.657162 -0.469801
v -7.841350 0.627291 0.469803
v -7.841350 0.627291 -0.469801
v -7.901261 0.596627 0.469804
v -7.901261 0.596627 -0.469801
v -7.955466 0.565170 0.469804
v -7.955466 0.565170 -0.469801
v -8.003966 0.532919 0.469804
v -8.003966 0.532919 -0.469801
v -8.046760 0.499874 0.469804
v -8.046760 0.499874 -0.469801
v -8.083848 0.466036 0.469804
v -8.083848 0.466036 -0.469801
v -8.115230 0.431404 0.469804
v -8.115230 0.431404 -0.469801
v -8.140904 0.395979 0.469804
v -8.140904 0.395979 -0.469801
v -8.160874 0.359761 0.469804
v -8.160874 0.359761 -0.469801
v -8.175139 0.322748 0.469804
v -8.175139 0.322748 -0.469801
v -8.183698 0.284943 0.469804
v -8.183698 0.284943 -0.469801
v -8.186551 0.246344 0.469804
v -8.186551 0.246344 -0.469801
v -8.186116 0.230190 0.469804
v -8.186116 0.230190 -0.469801
v -8.184813 0.214376 0.469804
v -8.184813 0.214376 -0.469801
v -8.182639 0.198902 0.469804
v -8.182639 0.198902 -0.469801
v -8.179599 0.183769 0.469804
v -8.179599 0.183769 -0.469801
v -8.175687 0.168975 0.469804
v -8.175687 0.168975 -0.469801
v -8.170909 0.154521 0.469804
v -8.170909 0.154521 -0.469801
v -8.165259 0.140408 0.469804
v -8.165259 0.140408 -0.469801
v -8.158740 0.126635 0.469804
v -8.158740 0.126635 -0.469801
v -8.151353 0.113202 0.469804
v -8.151353 0.113202 -0.469801
v -8.143096 0.100108 0.469804
v -8.143096 0.100108 -0.469801
v -8.133971 0.087356 0.469804
v -8.133971 0.087356 -0.469801
v -8.123977 0.074943 0.469804
v -8.123977 0.074943 -0.469801
v -8.119529 0.056418 0.469804
v -8.119529 0.056418 -0.469801
v -8.115249 0.037118 0.469804
v -8.115249 0.037118 -0.469801
v -8.111140 0.017044 0.469804
v -8.111140 0.017044 -0.469801
v -8.107202 -0.003805 0.469804
v -8.107202 -0.003805 -0.469801
v -8.103433 -0.025429 0.469804
v -8.103433 -0.025429 -0.469801
v -8.099833 -0.047827 0.469804
v -8.099833 -0.047827 -0.469801
v -8.096404 -0.070999 0.469804
v -8.096404 -0.070999 -0.469801
v -8.093144 -0.094947 0.469804
v -8.093144 -0.094947 -0.469801
v -8.090055 -0.119669 0.469804
v -8.090055 -0.119669 -0.469801
v -8.087134 -0.145165 0.469804
v -8.087134 -0.145165 -0.469801
v -8.084386 -0.171437 0.469804
v -8.084386 -0.171437 -0.469801
v -8.081805 -0.198483 0.469804
v -8.081805 -0.198483 -0.469801
v -8.079415 -0.226303 0.469804
v -8.079415 -0.226303 -0.469801
v -8.077233 -0.254899 0.469804
v -8.077233 -0.254899 -0.469801
v -8.075257 -0.284268 0.469804
v -8.075257 -0.284268 -0.469801
v -8.073493 -0.314413 0.469804
v -8.073493 -0.314413 -0.469801
v -8.071933 -0.345332 0.469804
v -8.071933 -0.345332 -0.469800
v -8.070582 -0.377026 0.469804
v -8.070582 -0.377026 -0.469800
v -8.069440 -0.409494 0.469804
v -8.069440 -0.409494 -0.469800
v -8.068503 -0.442737 0.469804
v -8.068503 -0.442737 -0.469800
v -8.067777 -0.476754 0.469804
v -8.067777 -0.476754 -0.469800
v -8.067258 -0.511547 0.469804
v -8.067258 -0.511547 -0.469800
v -8.066945 -0.547113 0.469804
v -8.066945 -0.547113 -0.469800
v -8.066842 -0.583455 0.469804
v -8.066842 -0.583455 -0.469800
v -8.067351 -0.668041 0.469804
v -8.067351 -0.668041 -0.469800
v -8.068883 -0.748583 0.469804
v -8.068883 -0.748583 -0.469800
v -8.071433 -0.825083 0.469804
v -8.071433 -0.825083 -0.469800
v -8.075004 -0.897539 0.469804
v -8.075004 -0.897539 -0.469800
v -8.079595 -0.965952 0.469804
v -8.079595 -0.965952 -0.469800
v -8.085206 -1.030322 0.469804
v -8.085206 -1.030322 -0.469800
v -8.091838 -1.090648 0.469804
v -8.091838 -1.090648 -0.469800
v -8.099490 -1.146932 0.469804
v -8.099490 -1.146932 -0.469800
v -8.108161 -1.199172 0.469804
v -8.108161 -1.199172 -0.469800
v -8.117854 -1.247369 0.469804
v -8.117854 -1.247369 -0.469800
v -8.128566 -1.291523 0.469804
v -8.128566 -1.291523 -0.469800
v -8.140300 -1.331634 0.469804
v -8.140300 -1.331634 -0.469800
v -8.142417 -1.337340 0.469804
v -8.142417 -1.337340 -0.469800
v -8.146045 -1.346295 0.469804
v -8.146045 -1.346295 -0.469800
v -8.151183 -1.358500 0.469804
v -8.151183 -1.358500 -0.469800
v -8.157834 -1.373955 0.469804
v -8.157834 -1.373955 -0.469800
v -8.165996 -1.392660 0.469804
v -8.165996 -1.392660 -0.469800
v -8.175670 -1.414614 0.469804
v -8.175670 -1.414614 -0.469800
v -8.186852 -1.439818 0.469804
v -8.186852 -1.439818 -0.469800
v -8.199550 -1.468271 0.469804
v -8.199550 -1.468271 -0.469800
v -8.213758 -1.499974 0.469804
v -8.213758 -1.499974 -0.469800
v -8.229476 -1.534927 0.469804
v -8.229476 -1.534927 -0.469800
v -8.246707 -1.573129 0.469804
v -8.246707 -1.573129 -0.469800
v -8.265450 -1.614582 0.469804
v -8.265450 -1.614582 -0.469800
v -8.282397 -1.652179 0.469804
v -8.282397 -1.652180 -0.469800
v -8.297872 -1.686981 0.469804
v -8.297872 -1.686981 -0.469800
v -8.311872 -1.718987 0.469804
v -8.311872 -1.718987 -0.469800
v -8.324397 -1.748196 0.469804
v -8.324397 -1.748196 -0.469800
v -8.335450 -1.774609 0.469804
v -8.335450 -1.774609 -0.469800
v -8.345029 -1.798226 0.469804
v -8.345029 -1.798226 -0.469800
v -8.353135 -1.819046 0.469804
v -8.353135 -1.819046 -0.469800
v -8.359767 -1.837070 0.469804
v -8.359767 -1.837070 -0.469800
v -8.364924 -1.852298 0.469804
v -8.364924 -1.852299 -0.469800
v -8.368609 -1.864730 0.469804
v -8.368609 -1.864730 -0.469800
v -8.370820 -1.874366 0.469804
v -8.370820 -1.874366 -0.469800
v -8.371554 -1.881205 0.469804
v -8.371554 -1.881205 -0.469800
v -8.370790 -1.904898 0.469804
v -8.370790 -1.904898 -0.469800
v -8.368493 -1.927910 0.469804
v -8.368493 -1.927910 -0.469800
v -8.364669 -1.950242 0.469804
v -8.364669 -1.950242 -0.469800
v -8.359313 -1.971894 0.469804
v -8.359313 -1.971894 -0.469800
v -8.352426 -1.992865 0.469804
v -8.352426 -1.992866 -0.469800
v -8.344008 -2.013157 0.469804
v -8.344008 -2.013157 -0.469800
v -8.334062 -2.032768 0.469804
v -8.334062 -2.032768 -0.469800
v -8.322585 -2.051700 0.469804
v -8.322585 -2.051700 -0.469800
v -8.309577 -2.069951 0.469804
v -8.309577 -2.069951 -0.469800
v -8.295037 -2.087522 0.469804
v -8.295037 -2.087522 -0.469800
v -8.278968 -2.104412 0.469804
v -8.278968 -2.104412 -0.469800
v -7.413886 -1.318031 0.469804
v -7.413886 -1.318031 -0.469801
v -7.400851 -1.212379 0.469804
v -7.400851 -1.212379 -0.469801
v -7.388947 -1.111261 0.469804
v -7.388947 -1.111261 -0.469801
v -7.378179 -1.014678 0.469804
v -7.378179 -1.014678 -0.469801
v -7.368541 -0.922629 0.469804
v -7.368541 -0.922629 -0.469801
v -7.360040 -0.835115 0.469804
v -7.360040 -0.835115 -0.469801
v -7.352672 -0.752135 0.469804
v -7.352672 -0.752135 -0.469801
v -7.346437 -0.673690 0.469804
v -7.346437 -0.673690 -0.469801
v -7.341334 -0.599779 0.469804
v -7.341334 -0.599779 -0.469801
v -7.337367 -0.530402 0.469804
v -7.337367 -0.530402 -0.469801
v -7.334533 -0.465560 0.469804
v -7.334533 -0.465560 -0.469801
v -7.332833 -0.405252 0.469803
v -7.332833 -0.405252 -0.469801
v -7.332267 -0.349479 0.469803
v -7.332267 -0.349479 -0.469801
v -7.332353 -0.334789 0.469803
v -7.332353 -0.334789 -0.469801
v -7.332608 -0.319741 0.469803
v -7.332608 -0.319741 -0.469801
v -7.333034 -0.304333 0.469803
v -7.333034 -0.304333 -0.469801
v -7.333631 -0.288567 0.469803
v -7.333631 -0.288567 -0.469801
v -7.334395 -0.272441 0.469803
v -7.334395 -0.272441 -0.469801
v -7.335330 -0.255957 0.469803
v -7.335330 -0.255957 -0.469801
v -7.336436 -0.239113 0.469803
v -7.336436 -0.239113 -0.469801
v -7.337710 -0.221911 0.469803
v -7.337710 -0.221911 -0.469801
v -7.339156 -0.204349 0.469803
v -7.339156 -0.204349 -0.469801
v -7.340770 -0.186429 0.469803
v -7.340770 -0.186429 -0.469801
v -7.342555 -0.168149 0.469803
v -7.342555 -0.168149 -0.469801
v -7.344510 -0.149511 0.469803
v -7.344510 -0.149511 -0.469801
v -7.346637 -0.130514 0.469803
v -7.346637 -0.130514 -0.469801
v -7.348933 -0.111157 0.469803
v -7.348933 -0.111157 -0.469801
v -7.351398 -0.091442 0.469803
v -7.351398 -0.091442 -0.469801
v -7.354033 -0.071368 0.469803
v -7.354033 -0.071368 -0.469801
v -7.356841 -0.050934 0.469803
v -7.356841 -0.050934 -0.469801
v -7.359817 -0.030142 0.469803
v -7.359817 -0.030142 -0.469801
v -7.362962 -0.008991 0.469803
v -7.362962 -0.008991 -0.469801
v -7.366277 0.012519 0.469803
v -7.366277 0.012519 -0.469801
v -7.369763 0.034388 0.469803
v -7.369763 0.034388 -0.469801
v -7.373418 0.056616 0.469803
v -7.373418 0.056616 -0.469801
v -7.377242 0.079204 0.469803
v -7.377242 0.079204 -0.469801
v -7.381238 0.102149 0.469803
v -7.381238 0.102149 -0.469801
v -7.372254 0.106580 0.469803
v -7.372254 0.106580 -0.469801
v -7.363441 0.110802 0.469803
v -7.363441 0.110802 -0.469801
v -7.354798 0.114817 0.469803
v -7.354798 0.114817 -0.469801
v -7.346324 0.118624 0.469803
v -7.346324 0.118624 -0.469801
v -7.338021 0.122223 0.469803
v -7.338021 0.122223 -0.469801
v -7.329886 0.125615 0.469803
v -7.329886 0.125615 -0.469801
v -7.321923 0.128798 0.469803
v -7.321923 0.128798 -0.469801
v -7.314130 0.131774 0.469803
v -7.314130 0.131774 -0.469801
v -7.306504 0.134542 0.469803
v -7.306504 0.134542 -0.469801
v -7.299050 0.137102 0.469803
v -7.299050 0.137102 -0.469801
v -7.291768 0.139454 0.469803
v -7.291768 0.139454 -0.469801
v -7.284656 0.141599 0.469803
v -7.284656 0.141599 -0.469801
v -7.277713 0.143554 0.469803
v -7.277713 0.143554 -0.469801
v -7.270940 0.145339 0.469803
v -7.270940 0.145339 -0.469801
v -7.264337 0.146955 0.469803
v -7.264337 0.146955 -0.469801
v -7.257905 0.148400 0.469803
v -7.257905 0.148400 -0.469801
v -7.251641 0.149676 0.469803
v -7.251641 0.149676 -0.469801
v -7.245547 0.150781 0.469803
v -7.245547 0.150781 -0.469801
v -7.239625 0.151716 0.469803
v -7.239625 0.151716 -0.469801
v -7.233871 0.152481 0.469803
v -7.233871 0.152481 -0.469801
v -7.228288 0.153076 0.469803
v -7.228288 0.153076 -0.469801
v -7.222873 0.153501 0.469803
v -7.222873 0.153501 -0.469801
v -7.217629 0.153756 0.469803
v -7.217629 0.153756 -0.469801
v -7.212558 0.153841 0.469803
v -7.212558 0.153841 -0.469801
v -7.151532 0.151829 0.469803
v -7.151532 0.151829 -0.469801
v -7.091792 0.145793 0.469803
v -7.091792 0.145793 -0.469801
v -7.033336 0.135732 0.469803
v -7.033336 0.135732 -0.469801
v -6.976165 0.121647 0.469803
v -6.976165 0.121647 -0.469801
v -6.920278 0.103538 0.469803
v -6.920278 0.103538 -0.469801
v -6.865674 0.081404 0.469803
v -6.865674 0.081404 -0.469801
v -6.812358 0.055246 0.469803
v -6.812358 0.055246 -0.469801
v -6.760325 0.025064 0.469803
v -6.760325 0.025064 -0.469801
v -6.709579 -0.009142 0.469803
v -6.709579 -0.009142 -0.469801
v -6.660115 -0.047373 0.469803
v -6.660115 -0.047373 -0.469801
v -6.611936 -0.089628 0.469803
v -6.611936 -0.089628 -0.469801
v -6.565043 -0.135908 0.469803
v -6.565043 -0.135908 -0.469801
v -6.520719 -0.184832 0.469803
v -6.520719 -0.184832 -0.469801
v -6.480250 -0.235023 0.469803
v -6.480250 -0.235023 -0.469801
v -6.443635 -0.286479 0.469803
v -6.443635 -0.286479 -0.469801
v -6.410872 -0.339201 0.469803
v -6.410872 -0.339201 -0.469801
v -6.381965 -0.393189 0.469803
v -6.381965 -0.393189 -0.469801
v -6.356912 -0.448442 0.469803
v -6.356912 -0.448442 -0.469801
v -6.335715 -0.504962 0.469803
v -6.335715 -0.504962 -0.469801
v -6.318370 -0.562748 0.469803
v -6.318370 -0.562748 -0.469801
v -6.304881 -0.621799 0.469803
v -6.304881 -0.621799 -0.469801
v -6.295243 -0.682116 0.469803
v -6.295243 -0.682116 -0.469801
v -6.289462 -0.743699 0.469803
v -6.289462 -0.743699 -0.469801
v -6.287536 -0.806548 0.469803
v -6.287536 -0.806548 -0.469801
v -6.288444 -0.866053 0.469803
v -6.288444 -0.866053 -0.469801
v -6.291163 -0.923045 0.469803
v -6.291163 -0.923045 -0.469801
v -6.295697 -0.977524 0.469803
v -6.295697 -0.977524 -0.469801
v -6.302047 -1.029490 0.469803
v -6.302047 -1.029490 -0.469801
v -6.310208 -1.078944 0.469803
v -6.310208 -1.078944 -0.469801
v -6.320184 -1.125885 0.469803
v -6.320184 -1.125885 -0.469801
v -6.331973 -1.170313 0.469803
v -6.331973 -1.170313 -0.469801
v -6.345576 -1.212228 0.469803
v -6.345576 -1.212228 -0.469801
v -6.360993 -1.251630 0.469803
v -6.360993 -1.251630 -0.469801
v -6.378224 -1.288519 0.469803
v -6.378224 -1.288519 -0.469801
v -6.397269 -1.322896 0.469803
v -6.397269 -1.322896 -0.469801
v -6.418128 -1.354759 0.469803
v -6.418128 -1.354759 -0.469801
v -6.440801 -1.384091 0.469803
v -6.440801 -1.384091 -0.469801
v -6.465285 -1.410873 0.469803
v -6.465285 -1.410873 -0.469801
v -6.491586 -1.435104 0.469803
v -6.491586 -1.435104 -0.469801
v -6.519698 -1.456784 0.469803
v -6.519698 -1.456784 -0.469801
v -6.549624 -1.475914 0.469803
v -6.549624 -1.475914 -0.469801
v -6.581367 -1.492492 0.469803
v -6.581367 -1.492492 -0.469801
v -6.614921 -1.506521 0.469803
v -6.614921 -1.506521 -0.469801
v -6.650290 -1.517999 0.469803
v -6.650290 -1.517999 -0.469801
v -6.687470 -1.526926 0.469803
v -6.687470 -1.526926 -0.469801
v -6.726468 -1.533302 0.469803
v -6.726468 -1.533302 -0.469801
v -6.767278 -1.537128 0.469803
v -6.767278 -1.537128 -0.469801
v -6.809901 -1.538403 0.469804
v -6.809901 -1.538404 -0.469801
v -6.837893 -1.538016 0.469804
v -6.837893 -1.538016 -0.469801
v -6.865638 -1.536854 0.469804
v -6.865638 -1.536854 -0.469801
v -6.893138 -1.534918 0.469804
v -6.893138 -1.534918 -0.469801
v -6.920392 -1.532206 0.469804
v -6.920392 -1.532206 -0.469801
v -6.947398 -1.528721 0.469804
v -6.947398 -1.528721 -0.469801
v -6.974162 -1.524460 0.469804
v -6.974162 -1.524460 -0.469801
v -7.000678 -1.519425 0.469804
v -7.000678 -1.519425 -0.469801
v -7.026950 -1.513615 0.469804
v -7.026950 -1.513615 -0.469801
v -7.052976 -1.507031 0.469804
v -7.052976 -1.507031 -0.469801
v -7.078755 -1.499672 0.469804
v -7.078755 -1.499672 -0.469801
v -7.104291 -1.491538 0.469804
v -7.104291 -1.491538 -0.469801
v -7.129579 -1.482630 0.469804
v -7.129579 -1.482630 -0.469801
v -7.154622 -1.472966 0.469804
v -7.154622 -1.472966 -0.469801
v -7.179420 -1.462565 0.469804
v -7.179420 -1.462565 -0.469801
v -7.203971 -1.451428 0.469804
v -7.203971 -1.451428 -0.469801
v -7.228278 -1.439553 0.469804
v -7.228278 -1.439553 -0.469801
v -7.252339 -1.426942 0.469804
v -7.252339 -1.426942 -0.469801
v -7.276155 -1.413594 0.469804
v -7.276155 -1.413594 -0.469801
v -7.299724 -1.399508 0.469804
v -7.299724 -1.399508 -0.469801
v -7.323047 -1.384687 0.469804
v -7.323047 -1.384687 -0.469801
v -7.346126 -1.369128 0.469804
v -7.346126 -1.369128 -0.469801
v -7.368958 -1.352832 0.469804
v -7.368958 -1.352832 -0.469801
v -7.391545 -1.335800 0.469804
v -7.391545 -1.335800 -0.469801
v -11.037793 0.107590 0.469804
v -11.037793 0.107590 -0.469800
v -11.037774 0.085126 0.469804
v -11.037774 0.085126 -0.469800
v -11.037717 0.063984 0.469804
v -11.037717 0.063984 -0.469800
v -11.037623 0.044165 0.469804
v -11.037623 0.044165 -0.469800
v -11.037490 0.025669 0.469804
v -11.037490 0.025669 -0.469800
v -11.037320 0.008495 0.469804
v -11.037320 0.008495 -0.469800
v -11.037112 -0.007357 0.469804
v -11.037112 -0.007357 -0.469800
v -11.036866 -0.021886 0.469804
v -11.036866 -0.021886 -0.469800
v -11.036582 -0.035093 0.469804
v -11.036582 -0.035093 -0.469800
v -11.036262 -0.046977 0.469804
v -11.036262 -0.046977 -0.469800
v -11.035903 -0.057538 0.469804
v -11.035903 -0.057538 -0.469800
v -11.035508 -0.066777 0.469804
v -11.035508 -0.066777 -0.469800
v -11.035073 -0.074693 0.469804
v -11.035073 -0.074693 -0.469800
v -11.028705 -0.141179 0.469804
v -11.028705 -0.141179 -0.469800
v -11.017766 -0.201884 0.469804
v -11.017766 -0.201884 -0.469800
v -11.002254 -0.256807 0.469804
v -11.002254 -0.256807 -0.469800
v -10.982171 -0.305948 0.469804
v -10.982171 -0.305948 -0.469800
v -10.957515 -0.349309 0.469804
v -10.957515 -0.349309 -0.469800
v -10.928287 -0.386888 0.469804
v -10.928287 -0.386888 -0.469800
v -10.894486 -0.418685 0.469804
v -10.894486 -0.418685 -0.469800
v -10.856112 -0.444702 0.469804
v -10.856112 -0.444702 -0.469800
v -10.813169 -0.464936 0.469804
v -10.813169 -0.464936 -0.469800
v -10.765653 -0.479390 0.469804
v -10.765653 -0.479390 -0.469800
v -10.713565 -0.488062 0.469804
v -10.713565 -0.488062 -0.469800
v -10.656901 -0.490953 0.469804
v -10.656901 -0.490953 -0.469800
v -10.602149 -0.488497 0.469804
v -10.602149 -0.488497 -0.469800
v -10.552157 -0.481128 0.469804
v -10.552157 -0.481128 -0.469800
v -10.506925 -0.468848 0.469804
v -10.506925 -0.468848 -0.469800
v -10.466456 -0.451655 0.469804
v -10.466456 -0.451655 -0.469800
v -10.430747 -0.429549 0.469804
v -10.430747 -0.429549 -0.469800
v -10.399798 -0.402532 0.469804
v -10.399798 -0.402532 -0.469800
v -10.373612 -0.370602 0.469804
v -10.373612 -0.370602 -0.469800
v -10.352187 -0.333760 0.469804
v -10.352187 -0.333760 -0.469800
v -10.335525 -0.292005 0.469804
v -10.335525 -0.292005 -0.469800
v -10.323621 -0.245338 0.469804
v -10.323621 -0.245338 -0.469800
v -10.316480 -0.193759 0.469804
v -10.316480 -0.193759 -0.469800
v -10.314099 -0.137268 0.469804
v -10.314099 -0.137268 -0.469800
v -10.300496 0.137518 0.469804
v -10.300496 0.137518 -0.469800
v -10.200889 0.118190 0.469804
v -10.200889 0.118190 -0.469800
v -10.106120 0.092854 0.469804
v -10.106120 0.092854 -0.469800
v -10.016187 0.061509 0.469804
v -10.016187 0.061509 -0.469800
v -9.931092 0.024157 0.469804
v -9.931092 0.024157 -0.469800
v -9.850833 -0.019203 0.469804
v -9.850833 -0.019203 -0.469800
v -9.775411 -0.068572 0.469804
v -9.775411 -0.068572 -0.469800
v -9.704825 -0.123948 0.469804
v -9.704825 -0.123948 -0.469800
v -9.639075 -0.185333 0.469804
v -9.639075 -0.185333 -0.469800
v -9.578162 -0.252726 0.469804
v -9.578162 -0.252726 -0.469800
v -9.522086 -0.326127 0.469804
v -9.522086 -0.326127 -0.469800
v -9.470849 -0.405536 0.469804
v -9.470849 -0.405536 -0.469800
v -9.424447 -0.490953 0.469804
v -9.424447 -0.490953 -0.469800
v -9.427167 -1.859440 0.469804
v -9.427167 -1.859440 -0.469800
v -9.426429 -1.884918 0.469804
v -9.426429 -1.884918 -0.469800
v -9.424218 -1.909659 0.469804
v -9.424218 -1.909659 -0.469800
v -9.420535 -1.933663 0.469804
v -9.420535 -1.933663 -0.469800
v -9.415378 -1.956930 0.469804
v -9.415378 -1.956930 -0.469800
v -9.408746 -1.979461 0.469804
v -9.408746 -1.979461 -0.469800
v -9.400641 -2.001254 0.469804
v -9.400641 -2.001254 -0.469800
v -9.391063 -2.022311 0.469804
v -9.391063 -2.022311 -0.469800
v -9.380008 -2.042631 0.469804
v -9.380008 -2.042631 -0.469800
v -9.367482 -2.062214 0.469804
v -9.367482 -2.062214 -0.469800
v -9.353482 -2.081060 0.469804
v -9.353482 -2.081060 -0.469800
v -9.338008 -2.099169 0.469804
v -9.338008 -2.099169 -0.469800
v -9.321061 -2.116542 0.469804
v -9.321061 -2.116542 -0.469800
v -9.302979 -2.132837 0.469804
v -9.302979 -2.132837 -0.469800
v -9.284104 -2.147716 0.469804
v -9.284104 -2.147716 -0.469800
v -9.264436 -2.161177 0.469804
v -9.264436 -2.161177 -0.469800
v -9.243974 -2.173222 0.469804
v -9.243974 -2.173222 -0.469800
v -9.222718 -2.183850 0.469804
v -9.222718 -2.183850 -0.469800
v -9.200667 -2.193060 0.469804
v -9.200667 -2.193060 -0.469800
v -9.177825 -2.200854 0.469804
v -9.177825 -2.200854 -0.469800
v -9.154189 -2.207230 0.469804
v -9.154189 -2.207230 -0.469800
v -9.129760 -2.212190 0.469804
v -9.129760 -2.212190 -0.469800
v -9.104537 -2.215732 0.469804
v -9.104537 -2.215732 -0.469800
v -9.078523 -2.217858 0.469804
v -9.078523 -2.217858 -0.469800
v -9.051719 -2.218566 0.469804
v -9.051719 -2.218566 -0.469800
v -9.024135 -2.217810 0.469804
v -9.024135 -2.217810 -0.469800
v -8.997607 -2.215543 0.469804
v -8.997607 -2.215543 -0.469800
v -8.972138 -2.211765 0.469804
v -8.972138 -2.211765 -0.469800
v -8.947728 -2.206474 0.469804
v -8.947728 -2.206474 -0.469800
v -8.924376 -2.199673 0.469804
v -8.924376 -2.199673 -0.469800
v -8.902083 -2.191360 0.469804
v -8.902083 -2.191360 -0.469800
v -8.880845 -2.181535 0.469804
v -8.880845 -2.181535 -0.469800
v -8.860667 -2.170199 0.469804
v -8.860667 -2.170199 -0.469800
v -8.841548 -2.157351 0.469804
v -8.841548 -2.157351 -0.469800
v -8.823485 -2.142992 0.469804
v -8.823485 -2.142992 -0.469800
v -8.806481 -2.127122 0.469804
v -8.806481 -2.127122 -0.469800
v -8.790534 -2.109740 0.469804
v -8.790534 -2.109740 -0.469800
v -8.776628 -2.093038 0.469804
v -8.776628 -2.093038 -0.469800
v -8.763932 -2.075581 0.469804
v -8.763932 -2.075581 -0.469800
v -8.752446 -2.057368 0.469804
v -8.752446 -2.057368 -0.469800
v -8.742167 -2.038399 0.469804
v -8.742167 -2.038399 -0.469800
v -8.733098 -2.018674 0.469804
v -8.733098 -2.018674 -0.469800
v -8.725238 -1.998193 0.469804
v -8.725238 -1.998194 -0.469800
v -8.718589 -1.976957 0.469804
v -8.718589 -1.976957 -0.469800
v -8.713147 -1.954965 0.469804
v -8.713147 -1.954965 -0.469800
v -8.708915 -1.932218 0.469804
v -8.708915 -1.932218 -0.469800
v -8.705892 -1.908714 0.469804
v -8.705892 -1.908714 -0.469800
v -8.704078 -1.884455 0.469804
v -8.704078 -1.884455 -0.469800
v -8.703475 -1.859440 0.469804
v -8.703475 -1.859440 -0.469800
v -8.703475 -0.077414 0.469804
v -8.703475 -0.077414 -0.469800
v -8.703511 -0.062781 0.469804
v -8.703511 -0.062781 -0.469800
v -8.703626 -0.046996 0.469804
v -8.703626 -0.046996 -0.469800
v -8.703815 -0.030057 0.469804
v -8.703815 -0.030057 -0.469800
v -8.704080 -0.011967 0.469804
v -8.704080 -0.011967 -0.469800
v -8.704419 0.007276 0.469804
v -8.704419 0.007276 -0.469800
v -8.704835 0.027672 0.469804
v -8.704835 0.027672 -0.469800
v -8.705327 0.049219 0.469804
v -8.705327 0.049219 -0.469800
v -8.705894 0.071920 0.469804
v -8.705894 0.071920 -0.469800
v -8.706536 0.095773 0.469804
v -8.706536 0.095773 -0.469800
v -8.707255 0.120778 0.469804
v -8.707255 0.120778 -0.469800
v -8.708049 0.146936 0.469804
v -8.708049 0.146936 -0.469800
v -8.708915 0.174247 0.469804
v -8.708915 0.174247 -0.469800
v -8.709785 0.201557 0.469804
v -8.709785 0.201557 -0.469800
v -8.710578 0.227715 0.469804
v -8.710578 0.227715 -0.469800
v -8.711297 0.252720 0.469804
v -8.711297 0.252720 -0.469800
v -8.711940 0.276573 0.469804
v -8.711940 0.276573 -0.469800
v -8.712506 0.299273 0.469804
v -8.712506 0.299273 -0.469800
v -8.712998 0.320821 0.469804
v -8.712998 0.320821 -0.469800
v -8.713414 0.341217 0.469804
v -8.713414 0.341217 -0.469800
v -8.713754 0.360460 0.469804
v -8.713754 0.360460 -0.469800
v -8.714019 0.378550 0.469804
v -8.714019 0.378550 -0.469800
v -8.714208 0.395488 0.469804
v -8.714208 0.395488 -0.469800
v -8.714320 0.411274 0.469804
v -8.714320 0.411274 -0.469800
v -8.714356 0.425907 0.469804
v -8.714356 0.425907 -0.469800
v -8.714990 0.450950 0.469804
v -8.714990 0.450950 -0.469800
v -8.716887 0.475294 0.469804
v -8.716887 0.475294 -0.469800
v -8.720052 0.498939 0.469804
v -8.720052 0.498939 -0.469800
v -8.724483 0.521885 0.469804
v -8.724483 0.521885 -0.469800
v -8.730178 0.544132 0.469804
v -8.730178 0.544132 -0.469800
v -8.737140 0.565680 0.469804
v -8.737140 0.565680 -0.469800
v -8.745368 0.586529 0.469804
v -8.745368 0.586529 -0.469800
v -8.754863 0.606679 0.469804
v -8.754863 0.606679 -0.469800
v -8.765624 0.626129 0.469804
v -8.765624 0.626129 -0.469800
v -8.777650 0.644881 0.469804
v -8.777650 0.644881 -0.469800
v -8.790940 0.662934 0.469804
v -8.790940 0.662934 -0.469800
v -8.805499 0.680288 0.469804
v -8.805499 0.680288 -0.469800
v -8.821227 0.696583 0.469804
v -8.821227 0.696583 -0.469800
v -8.838033 0.711462 0.469804
v -8.838033 0.711462 -0.469800
v -8.855914 0.724923 0.469804
v -8.855914 0.724923 -0.469800
v -8.874873 0.736968 0.469804
v -8.874873 0.736968 -0.469800
v -8.894910 0.747595 0.469804
v -8.894910 0.747595 -0.469800
v -8.916024 0.756806 0.469804
v -8.916024 0.756806 -0.469800
v -8.938214 0.764599 0.469804
v -8.938214 0.764599 -0.469800
v -8.961482 0.770976 0.469804
v -8.961482 0.770976 -0.469800
v -8.985826 0.775935 0.469804
v -8.985826 0.775935 -0.469800
v -9.011245 0.779478 0.469804
v -9.011245 0.779478 -0.469800
v -9.037744 0.781603 0.469804
v -9.037744 0.781603 -0.469800
v -9.065320 0.782312 0.469804
v -9.065320 0.782312 -0.469800
v -9.113952 0.780158 0.469804
v -9.113952 0.780158 -0.469800
v -9.159184 0.773696 0.469804
v -9.159184 0.773696 -0.469800
v -9.201015 0.762927 0.469804
v -9.201015 0.762927 -0.469800
v -9.239442 0.747850 0.469804
v -9.239442 0.747850 -0.469800
v -9.274472 0.728466 0.469804
v -9.274472 0.728466 -0.469800
v -9.306100 0.704773 0.469804
v -9.306100 0.704773 -0.469800
v -9.334325 0.676773 0.469804
v -9.334325 0.676773 -0.469800
v -9.359151 0.644465 0.469804
v -9.359151 0.644465 -0.469800
v -9.380576 0.607850 0.469804
v -9.380576 0.607850 -0.469800
v -9.398601 0.566927 0.469804
v -9.398601 0.566927 -0.469800
v -9.413222 0.521696 0.469804
v -9.413222 0.521696 -0.469800
v -9.424447 0.472158 0.469804
v -9.424447 0.472158 -0.469800
v -9.505443 0.529518 0.469804
v -9.505443 0.529518 -0.469800
v -9.587911 0.581891 0.469804
v -9.587911 0.581891 -0.469800
v -9.671855 0.629275 0.469804
v -9.671855 0.629275 -0.469800
v -9.757272 0.671672 0.469804
v -9.757272 0.671672 -0.469800
v -9.844163 0.709081 0.469804
v -9.844163 0.709081 -0.469800
v -9.932527 0.741502 0.469804
v -9.932527 0.741502 -0.469800
v -10.022367 0.768935 0.469804
v -10.022367 0.768935 -0.469800
v -10.113679 0.791381 0.469804
v -10.113679 0.791381 -0.469800
v -10.206464 0.808838 0.469804
v -10.206464 0.808838 -0.469800
v -10.300723 0.821308 0.469804
v -10.300723 0.821308 -0.469800
v -10.396457 0.828790 0.469804
v -10.396457 0.828790 -0.469800
v -10.493663 0.831284 0.469804
v -10.493663 0.831284 -0.469800
v -10.580573 0.826258 0.469804
v -10.580573 0.826258 -0.469800
v -10.659925 0.811181 0.469804
v -10.659925 0.811181 -0.469800
v -10.731719 0.786053 0.469804
v -10.731719 0.786053 -0.469800
v -10.795957 0.750873 0.469804
v -10.795957 0.750873 -0.469800
v -10.852637 0.705642 0.469804
v -10.852637 0.705642 -0.469800
v -10.901761 0.650360 0.469804
v -10.901761 0.650360 -0.469800
v -10.943326 0.585027 0.469804
v -10.943326 0.585027 -0.469800
v -10.977334 0.509642 0.469804
v -10.977334 0.509642 -0.469800
v -11.003785 0.424206 0.469804
v -11.003785 0.424206 -0.469800
v -11.022679 0.328719 0.469804
v -11.022679 0.328719 -0.469800
v -11.034015 0.223180 0.469804
v -11.034015 0.223180 -0.469800
v -13.867270 0.493923 0.469804
v -13.867270 0.493923 -0.469800
v -13.859014 0.328908 0.469804
v -13.859014 0.328908 -0.469800
v -13.851476 0.179386 0.469804
v -13.851476 0.179386 -0.469800
v -13.844655 0.045356 0.469804
v -13.844655 0.045356 -0.469800
v -13.838552 -0.073182 0.469804
v -13.838552 -0.073182 -0.469800
v -13.833167 -0.176226 0.469804
v -13.833167 -0.176226 -0.469800
v -13.828500 -0.263778 0.469804
v -13.828500 -0.263778 -0.469800
v -13.824552 -0.335838 0.469804
v -13.824552 -0.335838 -0.469800
v -13.821321 -0.392405 0.469804
v -13.821321 -0.392405 -0.469800
v -13.818809 -0.433479 0.469804
v -13.818809 -0.433479 -0.469800
v -13.817014 -0.459061 0.469804
v -13.817014 -0.459061 -0.469800
v -13.815936 -0.469150 0.469804
v -13.815936 -0.469150 -0.469800
v -13.815578 -0.463746 0.469804
v -13.815578 -0.463746 -0.469800
v -13.815597 -0.495412 0.469804
v -13.815597 -0.495412 -0.469800
v -13.815654 -0.529647 0.469804
v -13.815654 -0.529647 -0.469800
v -13.815747 -0.566451 0.469804
v -13.815747 -0.566451 -0.469800
v -13.815881 -0.605825 0.469804
v -13.815881 -0.605825 -0.469800
v -13.816051 -0.647768 0.469804
v -13.816051 -0.647768 -0.469800
v -13.816258 -0.692281 0.469804
v -13.816258 -0.692281 -0.469800
v -13.816504 -0.739363 0.469804
v -13.816504 -0.739363 -0.469800
v -13.816789 -0.789015 0.469804
v -13.816789 -0.789015 -0.469800
v -13.817109 -0.841237 0.469804
v -13.817109 -0.841237 -0.469800
v -13.817468 -0.896027 0.469804
v -13.817468 -0.896027 -0.469800
v -13.817864 -0.953388 0.469804
v -13.817864 -0.953388 -0.469800
v -13.818297 -1.013318 0.469804
v -13.818297 -1.013318 -0.469800
v -13.818734 -1.073248 0.469804
v -13.818734 -1.073248 -0.469800
v -13.819131 -1.130608 0.469804
v -13.819131 -1.130608 -0.469800
v -13.819489 -1.185399 0.469804
v -13.819489 -1.185399 -0.469800
v -13.819810 -1.237620 0.469804
v -13.819810 -1.237620 -0.469800
v -13.820094 -1.287272 0.469804
v -13.820094 -1.287272 -0.469800
v -13.820340 -1.334355 0.469804
v -13.820340 -1.334355 -0.469800
v -13.820548 -1.378868 0.469804
v -13.820548 -1.378868 -0.469800
v -13.820718 -1.420811 0.469804
v -13.820718 -1.420811 -0.469800
v -13.820849 -1.460185 0.469804
v -13.820849 -1.460185 -0.469800
v -13.820945 -1.496989 0.469804
v -13.820945 -1.496989 -0.469800
v -13.821002 -1.531224 0.469804
v -13.821002 -1.531224 -0.469800
v -13.821017 -1.562889 0.469804
v -13.821017 -1.562889 -0.469800
v -13.821084 -1.572799 0.469804
v -13.821084 -1.572799 -0.469800
v -13.821282 -1.583483 0.469804
v -13.821282 -1.583483 -0.469800
v -13.821612 -1.594942 0.469804
v -13.821612 -1.594942 -0.469800
v -13.822074 -1.607175 0.469804
v -13.822074 -1.607175 -0.469800
v -13.822671 -1.620183 0.469804
v -13.822671 -1.620183 -0.469800
v -13.823398 -1.633966 0.469804
v -13.823398 -1.633966 -0.469800
v -13.824260 -1.648524 0.469804
v -13.824260 -1.648524 -0.469800
v -13.825250 -1.663856 0.469804
v -13.825250 -1.663856 -0.469800
v -13.826375 -1.679962 0.469804
v -13.826375 -1.679962 -0.469800
v -13.827630 -1.696843 0.469804
v -13.827630 -1.696844 -0.469800
v -13.829019 -1.714499 0.469804
v -13.829019 -1.714499 -0.469800
v -13.830541 -1.732930 0.469804
v -13.830541 -1.732930 -0.469800
v -13.832063 -1.751360 0.469804
v -13.832063 -1.751361 -0.469800
v -13.833451 -1.769016 0.469804
v -13.833451 -1.769016 -0.469800
v -13.834708 -1.785898 0.469804
v -13.834708 -1.785898 -0.469800
v -13.835832 -1.802004 0.469804
v -13.835832 -1.802004 -0.469800
v -13.836823 -1.817336 0.469804
v -13.836823 -1.817336 -0.469800
v -13.837682 -1.831894 0.469804
v -13.837682 -1.831894 -0.469800
v -13.838410 -1.845676 0.469804
v -13.838410 -1.845676 -0.469800
v -13.839005 -1.858684 0.469804
v -13.839005 -1.858685 -0.469800
v -13.839469 -1.870918 0.469804
v -13.839469 -1.870918 -0.469800
v -13.839799 -1.882377 0.469804
v -13.839799 -1.882377 -0.469800
v -13.839997 -1.893061 0.469804
v -13.839997 -1.893061 -0.469800
v -13.840064 -1.902971 0.469804
v -13.840064 -1.902971 -0.469800
v -13.839297 -1.927995 0.469804
v -13.839297 -1.927995 -0.469800
v -13.837003 -1.952282 0.469804
v -13.837003 -1.952282 -0.469800
v -13.833177 -1.975833 0.469804
v -13.833177 -1.975833 -0.469800
v -13.827821 -1.998647 0.469804
v -13.827821 -1.998647 -0.469800
v -13.820933 -2.020724 0.469804
v -13.820933 -2.020724 -0.469800
v -13.812516 -2.042064 0.469804
v -13.812516 -2.042064 -0.469800
v -13.802567 -2.062667 0.469804
v -13.802567 -2.062667 -0.469800
v -13.791091 -2.082534 0.469804
v -13.791091 -2.082534 -0.469800
v -13.778083 -2.101663 0.469804
v -13.778083 -2.101663 -0.469800
v -13.763545 -2.120056 0.469804
v -13.763545 -2.120056 -0.469800
v -13.747474 -2.137712 0.469804
v -13.747474 -2.137712 -0.469800
v -13.729877 -2.154631 0.469804
v -13.729877 -2.154631 -0.469800
v -13.711164 -2.170492 0.469804
v -13.711164 -2.170492 -0.469800
v -13.691751 -2.184974 0.469804
v -13.691751 -2.184974 -0.469800
v -13.671639 -2.198076 0.469804
v -13.671639 -2.198076 -0.469800
v -13.650826 -2.209800 0.469804
v -13.650826 -2.209800 -0.469800
v -13.629317 -2.220144 0.469804
v -13.629317 -2.220144 -0.469800
v -13.607108 -2.229109 0.469804
v -13.607108 -2.229109 -0.469800
v -13.584201 -2.236694 0.469804
v -13.584201 -2.236694 -0.469800
v -13.560592 -2.242901 0.469804
v -13.560592 -2.242901 -0.469800
v -13.536286 -2.247728 0.469804
v -13.536286 -2.247728 -0.469800
v -13.511281 -2.251176 0.469804
v -13.511281 -2.251176 -0.469800
v -13.485576 -2.253245 0.469804
v -13.485576 -2.253245 -0.469800
v -13.459172 -2.253935 0.469804
v -13.459172 -2.253935 -0.469800
v -13.422385 -2.252518 0.469804
v -13.422385 -2.252518 -0.469800
v -13.387301 -2.248267 0.469804
v -13.387301 -2.248267 -0.469800
v -13.353915 -2.241182 0.469804
v -13.353915 -2.241182 -0.469800
v -13.322232 -2.231262 0.469804
v -13.322232 -2.231262 -0.469800
v -13.292249 -2.218509 0.469804
v -13.292249 -2.218509 -0.469800
v -13.263967 -2.202922 0.469804
v -13.263967 -2.202922 -0.469800
v -13.237384 -2.184501 0.469804
v -13.237384 -2.184501 -0.469800
v -13.212501 -2.163246 0.469804
v -13.212501 -2.163246 -0.469800
v -13.189319 -2.139157 0.469804
v -13.189319 -2.139157 -0.469800
v -13.167836 -2.112234 0.469804
v -13.167836 -2.112234 -0.469800
v -13.148055 -2.082477 0.469804
v -13.148055 -2.082477 -0.469800
v -13.129973 -2.049886 0.469804
v -13.129973 -2.049886 -0.469800
v -13.071763 -2.070310 0.469804
v -13.071763 -2.070310 -0.469800
v -13.013211 -2.088957 0.469804
v -13.013211 -2.088957 -0.469800
v -12.954320 -2.105829 0.469804
v -12.954320 -2.105829 -0.469800
v -12.895089 -2.120925 0.469804
v -12.895089 -2.120925 -0.469800
v -12.835519 -2.134245 0.469804
v -12.835519 -2.134245 -0.469800
v -12.775609 -2.145789 0.469804
v -12.775609 -2.145789 -0.469800
v -12.715358 -2.155557 0.469804
v -12.715358 -2.155557 -0.469800
v -12.654765 -2.163548 0.469804
v -12.654765 -2.163548 -0.469800
v -12.593835 -2.169765 0.469804
v -12.593835 -2.169765 -0.469800
v -12.532563 -2.174204 0.469804
v -12.532563 -2.174204 -0.469800
v -12.470952 -2.176868 0.469804
v -12.470952 -2.176868 -0.469800
v -12.408999 -2.177756 0.469804
v -12.408999 -2.177756 -0.469800
v -12.345460 -2.176623 0.469804
v -12.345460 -2.176623 -0.469800
v -12.283622 -2.173222 0.469804
v -12.283622 -2.173222 -0.469800
v -12.223485 -2.167554 0.469804
v -12.223485 -2.167554 -0.469800
v -12.165048 -2.159619 0.469804
v -12.165048 -2.159619 -0.469800
v -12.108310 -2.149416 0.469804
v -12.108310 -2.149416 -0.469800
v -12.053275 -2.136947 0.469804
v -12.053275 -2.136947 -0.469800
v -11.999940 -2.122210 0.469804
v -11.999940 -2.122210 -0.469800
v -11.948302 -2.105206 0.469804
v -11.948302 -2.105206 -0.469800
v -11.898368 -2.085934 0.469804
v -11.898368 -2.085934 -0.469800
v -11.850133 -2.064396 0.469804
v -11.850133 -2.064396 -0.469800
v -11.803597 -2.040590 0.469804
v -11.803597 -2.040590 -0.469800
v -11.758765 -2.014517 0.469804
v -11.758765 -2.014517 -0.469800
v -11.711003 -1.982040 0.469804
v -11.711003 -1.982040 -0.469800
v -11.666566 -1.947181 0.469804
v -11.666566 -1.947181 -0.469800
v -11.625455 -1.909942 0.469804
v -11.625455 -1.909942 -0.469800
v -11.587668 -1.870323 0.469804
v -11.587668 -1.870323 -0.469800
v -11.553206 -1.828323 0.469804
v -11.553206 -1.828323 -0.469800
v -11.522069 -1.783942 0.469804
v -11.522069 -1.783942 -0.469800
v -11.494258 -1.737181 0.469804
v -11.494258 -1.737181 -0.469800
v -11.469771 -1.688039 0.469804
v -11.469771 -1.688039 -0.469800
v -11.448611 -1.636517 0.469804
v -11.448611 -1.636517 -0.469800
v -11.430776 -1.582614 0.469804
v -11.430776 -1.582614 -0.469800
v -11.416265 -1.526330 0.469804
v -11.416265 -1.526330 -0.469800
v -11.405082 -1.467667 0.469804
v -11.405082 -1.467667 -0.469800
v -11.388133 -1.355307 0.469804
v -11.388133 -1.355307 -0.469800
v -11.372661 -1.244951 0.469804
v -11.372661 -1.244951 -0.469800
v -11.358661 -1.136597 0.469804
v -11.358661 -1.136597 -0.469800
v -11.346133 -1.030246 0.469804
v -11.346133 -1.030246 -0.469800
v -11.335080 -0.925898 0.469804
v -11.335080 -0.925898 -0.469800
v -11.325501 -0.823552 0.469804
v -11.325501 -0.823552 -0.469800
v -11.317397 -0.723209 0.469804
v -11.317397 -0.723209 -0.469800
v -11.310765 -0.624869 0.469804
v -11.310765 -0.624869 -0.469800
v -11.305608 -0.528532 0.469804
v -11.305608 -0.528532 -0.469800
v -11.301923 -0.434197 0.469804
v -11.301923 -0.434197 -0.469800
v -11.299712 -0.341865 0.469804
v -11.299712 -0.341865 -0.469800
v -11.298974 -0.251536 0.469804
v -11.298974 -0.251536 -0.469800
v -11.299542 -0.191889 0.469804
v -11.299542 -0.191889 -0.469800
v -11.301242 -0.130844 0.469804
v -11.301242 -0.130844 -0.469800
v -11.304076 -0.068402 0.469804
v -11.304076 -0.068402 -0.469800
v -11.308043 -0.004561 0.469804
v -11.308043 -0.004561 -0.469800
v -11.313146 0.060678 0.469804
v -11.313146 0.060678 -0.469800
v -11.319381 0.127315 0.469804
v -11.319381 0.127315 -0.469800
v -11.326749 0.195350 0.469804
v -11.326749 0.195350 -0.469800
v -11.335250 0.264784 0.469804
v -11.335250 0.264784 -0.469800
v -11.344888 0.335615 0.469804
v -11.344888 0.335615 -0.469800
v -11.355657 0.407845 0.469804
v -11.355657 0.407845 -0.469800
v -11.367560 0.481472 0.469804
v -11.367560 0.481472 -0.469800
v -11.380595 0.556498 0.469804
v -11.380595 0.556498 -0.469800
v -11.391459 0.605602 0.469804
v -11.391459 0.605602 -0.469800
v -11.405911 0.650436 0.469804
v -11.405911 0.650436 -0.469800
v -11.423955 0.691000 0.469804
v -11.423955 0.691000 -0.469800
v -11.445588 0.727295 0.469804
v -11.445588 0.727295 -0.469800
v -11.470811 0.759319 0.469804
v -11.470811 0.759319 -0.469800
v -11.499623 0.787073 0.469804
v -11.499623 0.787073 -0.469800
v -11.532025 0.810558 0.469804
v -11.532025 0.810558 -0.469800
v -11.568017 0.829772 0.469804
v -11.568017 0.829772 -0.469800
v -11.607600 0.844717 0.469804
v -11.607600 0.844717 -0.469800
v -11.650771 0.855392 0.469804
v -11.650771 0.855392 -0.469800
v -11.697532 0.861796 0.469804
v -11.697532 0.861796 -0.469800
v -11.747882 0.863932 0.469804
v -11.747882 0.863932 -0.469800
v -11.773862 0.863242 0.469804
v -11.773862 0.863242 -0.469800
v -11.799197 0.861173 0.469804
v -11.799197 0.861173 -0.469800
v -11.823892 0.857725 0.469804
v -11.823892 0.857725 -0.469800
v -11.847945 0.852898 0.469804
v -11.847945 0.852898 -0.469800
v -11.871352 0.846691 0.469804
v -11.871352 0.846691 -0.469800
v -11.894118 0.839106 0.469804
v -11.894118 0.839106 -0.469800
v -11.916242 0.830141 0.469804
v -11.916242 0.830141 -0.469800
v -11.937724 0.819797 0.469804
v -11.937724 0.819797 -0.469800
v -11.958564 0.808073 0.469804
v -11.958564 0.808073 -0.469800
v -11.978761 0.794971 0.469804
v -11.978761 0.794971 -0.469800
v -11.998315 0.780489 0.469804
v -11.998315 0.780489 -0.469800
v -12.017228 0.764628 0.469804
v -12.017228 0.764628 -0.469800
v -12.035045 0.747709 0.469804
v -12.035045 0.747709 -0.469800
v -12.051312 0.730053 0.469804
v -12.051312 0.730053 -0.469800
v -12.066031 0.711660 0.469804
v -12.066031 0.711660 -0.469800
v -12.079200 0.692530 0.469804
v -12.079200 0.692530 -0.469800
v -12.090817 0.672664 0.469804
v -12.090817 0.672664 -0.469800
v -12.100888 0.652061 0.469804
v -12.100888 0.652061 -0.469800
v -12.109408 0.630720 0.469804
v -12.109408 0.630720 -0.469800
v -12.116382 0.608644 0.469804
v -12.116382 0.608644 -0.469800
v -12.121804 0.585830 0.469804
v -12.121804 0.585830 -0.469800
v -12.125678 0.562279 0.469804
v -12.125678 0.562279 -0.469800
v -12.128001 0.537992 0.469804
v -12.128001 0.537992 -0.469800
v -12.128774 0.512967 0.469804
v -12.128774 0.512967 -0.469800
v -12.128501 0.492071 0.469804
v -12.128501 0.492071 -0.469800
v -12.127679 0.469286 0.469804
v -12.127679 0.469286 -0.469800
v -12.126309 0.444611 0.469804
v -12.126309 0.444611 -0.469800
v -12.124391 0.418047 0.469804
v -12.124391 0.418047 -0.469800
v -12.121924 0.389593 0.469804
v -12.121924 0.389593 -0.469800
v -12.118913 0.359251 0.469804
v -12.118913 0.359251 -0.469800
v -12.115350 0.327018 0.469804
v -12.115350 0.327018 -0.469800
v -12.111241 0.292897 0.469804
v -12.111241 0.292897 -0.469800
v -12.106584 0.256886 0.469804
v -12.106584 0.256886 -0.469800
v -12.101378 0.218986 0.469804
v -12.101378 0.218986 -0.469800
v -12.095626 0.179196 0.469804
v -12.095626 0.179196 -0.469800
v -12.089324 0.137518 0.469804
v -12.089324 0.137518 -0.469800
v -12.083024 0.095744 0.469804
v -12.083024 0.095744 -0.469800
v -12.077271 0.055671 0.469804
v -12.077271 0.055671 -0.469800
v -12.072066 0.017299 0.469804
v -12.072066 0.017299 -0.469800
v -12.067409 -0.019373 0.469804
v -12.067409 -0.019373 -0.469800
v -12.063300 -0.054345 0.469804
v -12.063300 -0.054345 -0.469800
v -12.059737 -0.087616 0.469804
v -12.059737 -0.087616 -0.469800
v -12.056724 -0.119187 0.469804
v -12.056724 -0.119187 -0.469800
v -12.054259 -0.149058 0.469804
v -12.054259 -0.149058 -0.469800
v -12.052341 -0.177228 0.469804
v -12.052341 -0.177228 -0.469800
v -12.050971 -0.203698 0.469804
v -12.050971 -0.203698 -0.469800
v -12.050149 -0.228467 0.469804
v -12.050149 -0.228467 -0.469800
v -12.049874 -0.251536 0.469804
v -12.049874 -0.251536 -0.469800
v -12.050054 -0.314800 0.469804
v -12.050054 -0.314800 -0.469800
v -12.050591 -0.376723 0.469804
v -12.050591 -0.376723 -0.469800
v -12.051490 -0.437305 0.469804
v -12.051490 -0.437305 -0.469800
v -12.052747 -0.496545 0.469804
v -12.052747 -0.496545 -0.469800
v -12.054360 -0.554444 0.469804
v -12.054360 -0.554444 -0.469800
v -12.056336 -0.611002 0.469804
v -12.056336 -0.611002 -0.469800
v -12.058669 -0.666218 0.469804
v -12.058669 -0.666218 -0.469800
v -12.061362 -0.720092 0.469804
v -12.061362 -0.720092 -0.469800
v -12.064412 -0.772625 0.469804
v -12.064412 -0.772625 -0.469800
v -12.067822 -0.823817 0.469804
v -12.067822 -0.823817 -0.469800
v -12.071591 -0.873668 0.469804
v -12.071591 -0.873668 -0.469800
v -12.075721 -0.922176 0.469804
v -12.075721 -0.922176 -0.469800
v -12.080209 -0.969324 0.469804
v -12.080209 -0.969324 -0.469800
v -12.085055 -1.015094 0.469804
v -12.085055 -1.015094 -0.469800
v -12.090261 -1.059484 0.469804
v -12.090261 -1.059484 -0.469800
v -12.095824 -1.102495 0.469804
v -12.095824 -1.102495 -0.469800
v -12.101748 -1.144126 0.469804
v -12.101748 -1.144126 -0.469800
v -12.108031 -1.184379 0.469804
v -12.108031 -1.184379 -0.469800
v -12.114671 -1.223252 0.469804
v -12.114671 -1.223252 -0.469800
v -12.121671 -1.260746 0.469804
v -12.121671 -1.260746 -0.469800
v -12.129031 -1.296861 0.469804
v -12.129031 -1.296861 -0.469800
v -12.136748 -1.331596 0.469804
v -12.136748 -1.331596 -0.469800
v -12.144826 -1.364953 0.469804
v -12.144826 -1.364953 -0.469800
v -12.153260 -1.396930 0.469804
v -12.153260 -1.396930 -0.469800
v -12.164567 -1.401823 0.469804
v -12.164567 -1.401823 -0.469800
v -12.175818 -1.406527 0.469804
v -12.175818 -1.406527 -0.469800
v -12.187013 -1.411043 0.469804
v -12.187013 -1.411043 -0.469800
v -12.198150 -1.415370 0.469804
v -12.198150 -1.415370 -0.469800
v -12.209231 -1.419507 0.469804
v -12.209231 -1.419507 -0.469800
v -12.220254 -1.423456 0.469804
v -12.220254 -1.423456 -0.469800
v -12.231223 -1.427216 0.469804
v -12.231223 -1.427216 -0.469800
v -12.242133 -1.430787 0.469804
v -12.242133 -1.430787 -0.469800
v -12.252988 -1.434168 0.469804
v -12.252988 -1.434168 -0.469800
v -12.263785 -1.437361 0.469804
v -12.263785 -1.437361 -0.469800
v -12.274528 -1.440366 0.469804
v -12.274528 -1.440366 -0.469800
v -12.285211 -1.443181 0.469804
v -12.285211 -1.443181 -0.469800
v -12.295838 -1.445788 0.469804
v -12.295838 -1.445788 -0.469800
v -12.306409 -1.448169 0.469804
v -12.306409 -1.448169 -0.469800
v -12.316922 -1.450322 0.469804
v -12.316922 -1.450322 -0.469800
v -12.327380 -1.452250 0.469804
v -12.327380 -1.452250 -0.469800
v -12.337781 -1.453950 0.469804
v -12.337781 -1.453950 -0.469800
v -12.348125 -1.455424 0.469804
v -12.348125 -1.455424 -0.469800
v -12.358413 -1.456671 0.469804
v -12.358413 -1.456671 -0.469800
v -12.368644 -1.457691 0.469804
v -12.368644 -1.457691 -0.469800
v -12.378818 -1.458484 0.469804
v -12.378818 -1.458484 -0.469800
v -12.388936 -1.459051 0.469804
v -12.388936 -1.459051 -0.469800
v -12.398995 -1.459391 0.469804
v -12.398995 -1.459391 -0.469800
v -12.408999 -1.459505 0.469804
v -12.408999 -1.459505 -0.469800
v -12.459748 -1.458900 0.469804
v -12.459748 -1.458900 -0.469800
v -12.511327 -1.457086 0.469804
v -12.511327 -1.457086 -0.469800
v -12.563737 -1.454063 0.469804
v -12.563737 -1.454063 -0.469800
v -12.616979 -1.449831 0.469804
v -12.616979 -1.449831 -0.469800
v -12.671052 -1.444390 0.469804
v -12.671052 -1.444390 -0.469800
v -12.725955 -1.437739 0.469804
v -12.725955 -1.437739 -0.469800
v -12.781692 -1.429879 0.469804
v -12.781692 -1.429879 -0.469800
v -12.838258 -1.420811 0.469804
v -12.838258 -1.420811 -0.469800
v -12.895656 -1.410533 0.469804
v -12.895656 -1.410533 -0.469800
v -12.953885 -1.399045 0.469804
v -12.953885 -1.399045 -0.469800
v -13.012946 -1.386349 0.469804
v -13.012946 -1.386349 -0.469800
v -13.072839 -1.372444 0.469804
v -13.072839 -1.372444 -0.469800
v -13.072822 -1.337132 0.469804
v -13.072822 -1.337132 -0.469800
v -13.072764 -1.301027 0.469804
v -13.072764 -1.301027 -0.469800
v -13.072669 -1.264128 0.469804
v -13.072669 -1.264128 -0.469800
v -13.072537 -1.226435 0.469804
v -13.072537 -1.226435 -0.469800
v -13.072368 -1.187950 0.469804
v -13.072368 -1.187950 -0.469800
v -13.072160 -1.148670 0.469804
v -13.072160 -1.148670 -0.469800
v -13.071914 -1.108597 0.469804
v -13.071914 -1.108597 -0.469800
v -13.071630 -1.067731 0.469804
v -13.071630 -1.067731 -0.469800
v -13.071309 -1.026071 0.469804
v -13.071309 -1.026071 -0.469800
v -13.070951 -0.983617 0.469804
v -13.070951 -0.983617 -0.469800
v -13.070554 -0.940370 0.469804
v -13.070554 -0.940370 -0.469800
v -13.070119 -0.896330 0.469804
v -13.070119 -0.896330 -0.469800
v -13.069249 -0.844524 0.469804
v -13.069249 -0.844524 -0.469800
v -13.068456 -0.795212 0.469804
v -13.068456 -0.795212 -0.469800
v -13.067737 -0.748394 0.469804
v -13.067737 -0.748394 -0.469800
v -13.067096 -0.704070 0.469804
v -13.067096 -0.704070 -0.469800
v -13.066527 -0.662241 0.469804
v -13.066527 -0.662241 -0.469800
v -13.066037 -0.622904 0.469804
v -13.066037 -0.622904 -0.469800
v -13.065619 -0.586062 0.469804
v -13.065619 -0.586062 -0.469800
v -13.065280 -0.551714 0.469804
v -13.065280 -0.551714 -0.469800
v -13.065015 -0.519860 0.469804
v -13.065015 -0.519860 -0.469800
v -13.064828 -0.490499 0.469804
v -13.064828 -0.490499 -0.469800
v -13.064713 -0.463633 0.469804
v -13.064713 -0.463633 -0.469800
v -13.064677 -0.439260 0.469804
v -13.064677 -0.439260 -0.469800
v -13.065036 -0.347363 0.469804
v -13.065036 -0.347363 -0.469800
v -13.066113 -0.257581 0.469804
v -13.066113 -0.257581 -0.469800
v -13.067906 -0.169916 0.469804
v -13.067906 -0.169916 -0.469800
v -13.070420 -0.084367 0.469804
v -13.070420 -0.084367 -0.469800
v -13.073651 -0.000933 0.469804
v -13.073651 -0.000933 -0.469800
v -13.077600 0.080384 0.469804
v -13.077600 0.080384 -0.469800
v -13.082267 0.159585 0.469804
v -13.082267 0.159585 -0.469800
v -13.087651 0.236670 0.469804
v -13.087651 0.236670 -0.469800
v -13.093753 0.311639 0.469804
v -13.093753 0.311639 -0.469800
v -13.100575 0.384492 0.469804
v -13.100575 0.384492 -0.469800
v -13.108113 0.455229 0.469804
v -13.108113 0.455229 -0.469800
v -13.116370 0.523850 0.469804
v -13.116370 0.523850 -0.469800
v -13.125175 0.575561 0.469804
v -13.125175 0.575561 -0.469800
v -13.137984 0.622776 0.469804
v -13.137984 0.622776 -0.469800
v -13.154799 0.665494 0.469804
v -13.154799 0.665494 -0.469800
v -13.175620 0.703716 0.469804
v -13.175620 0.703716 -0.469800
v -13.200444 0.737440 0.469804
v -13.200444 0.737440 -0.469800
v -13.229276 0.766668 0.469804
v -13.229276 0.766668 -0.469800
v -13.262113 0.791400 0.469804
v -13.262113 0.791400 -0.469800
v -13.298955 0.811635 0.469804
v -13.298955 0.811635 -0.469800
v -13.339803 0.827373 0.469804
v -13.339803 0.827373 -0.469800
v -13.384656 0.838614 0.469804
v -13.384656 0.838614 -0.469800
v -13.433515 0.845359 0.469804
v -13.433515 0.845359 -0.469800
v -13.486379 0.847608 0.469804
v -13.486379 0.847608 -0.469800
v -13.512811 0.846908 0.469804
v -13.512811 0.846908 -0.469800
v -13.538602 0.844811 0.469804
v -13.538602 0.844811 -0.469800
v -13.563748 0.841316 0.469804
v -13.563748 0.841316 -0.469800
v -13.588254 0.836422 0.469804
v -13.588254 0.836422 -0.469800
v -13.612115 0.830131 0.469804
v -13.612115 0.830131 -0.469800
v -13.635335 0.822441 0.469804
v -13.635335 0.822441 -0.469800
v -13.657912 0.813354 0.469804
v -13.657912 0.813354 -0.469800
v -13.679847 0.802868 0.469804
v -13.679847 0.802868 -0.469800
v -13.701140 0.790984 0.469804
v -13.701140 0.790984 -0.469800
v -13.721791 0.777702 0.469804
v -13.721791 0.777702 -0.469800
v -13.741799 0.763022 0.469804
v -13.741799 0.763022 -0.469800
v -13.761165 0.746943 0.469804
v -13.761165 0.746943 -0.469800
v -13.779359 0.729807 0.469804
v -13.779359 0.729807 -0.469800
v -13.795852 0.711953 0.469804
v -13.795852 0.711953 -0.469800
v -13.810645 0.693381 0.469804
v -13.810645 0.693381 -0.469800
v -13.823739 0.674091 0.469804
v -13.823739 0.674091 -0.469800
v -13.835132 0.654082 0.469804
v -13.835132 0.654082 -0.469800
v -13.844825 0.633356 0.469804
v -13.844825 0.633356 -0.469800
v -13.852817 0.611912 0.469804
v -13.852817 0.611912 -0.469800
v -13.859107 0.589751 0.469804
v -13.859107 0.589751 -0.469800
v -13.863698 0.566871 0.469804
v -13.863698 0.566871 -0.469800
v -13.866590 0.543273 0.469804
v -13.866590 0.543273 -0.469800
v -13.867780 0.518957 0.469804
v -13.867780 0.518957 -0.469800
vn -0.0000 -0.0000 -1.0000
vn 0.0001 -0.0000 -1.0000
vn 0.0003 -0.0000 -1.0000
vn -0.0003 -0.0000 -1.0000
vn -0.0002 -0.0000 -1.0000
vn 0.0004 -0.0000 -1.0000
vn -0.0006 -0.0000 -1.0000
vn 0.0002 -0.0000 -1.0000
vn 0.0009 -0.0000 -1.0000
vn -0.0000 -0.0000 1.0000
vn 0.0001 -0.0000 1.0000
vn 0.0003 -0.0000 1.0000
vn -0.0003 -0.0000 1.0000
vn -0.0002 -0.0000 1.0000
vn 0.0004 -0.0000 1.0000
vn -0.0006 -0.0000 1.0000
vn 0.0002 -0.0000 1.0000
vn 0.0009 -0.0000 1.0000
vn -0.6942 -0.7198 -0.0000
vn -0.6504 -0.7596 -0.0000
vn -0.6026 -0.7980 -0.0000
vn -0.5508 -0.8346 -0.0000
vn -0.4953 -0.8687 -0.0000
vn -0.4366 -0.8996 -0.0000
vn -0.3754 -0.9269 -0.0000
vn -0.3124 -0.9500 -0.0000
vn -0.2484 -0.9686 -0.0000
vn -0.1845 -0.9828 -0.0000
vn -0.1213 -0.9926 -0.0000
vn -0.0598 -0.9982 -0.0000
vn 0.0016 -1.0000 -0.0000
vn 0.0657 -0.9978 -0.0000
vn 0.1323 -0.9912 -0.0000
vn 0.1989 -0.9800 -0.0000
vn 0.2647 -0.9643 -0.0000
vn 0.3288 -0.9444 -0.0000
vn 0.3904 -0.9207 -0.0000
vn 0.4488 -0.8936 -0.0000
vn 0.5036 -0.8639 -0.0000
vn 0.5544 -0.8322 -0.0000
vn 0.6011 -0.7992 -0.0000
vn 0.6436 -0.7654 -0.0000
vn 0.6675 -0.7446 -0.0000
vn 0.6584 -0.7527 -0.0000
vn 0.6315 -0.7754 -0.0000
vn 0.6031 -0.7977 -0.0000
vn 0.5732 -0.8194 -0.0000
vn 0.5418 -0.8405 -0.0000
vn 0.5091 -0.8607 -0.0000
vn 0.4751 -0.8800 -0.0000
vn 0.4398 -0.8981 -0.0000
vn 0.4035 -0.9150 -0.0000
vn 0.3664 -0.9305 -0.0000
vn 0.3285 -0.9445 -0.0000
vn -0.6028 -0.7979 -0.0000
vn -0.9993 0.0374 -0.0000
vn -0.9993 0.0370 -0.0000
vn -0.9993 0.0364 -0.0000
vn -0.9994 0.0358 -0.0000
vn -0.9994 0.0350 -0.0000
vn -0.9994 0.0340 -0.0000
vn -0.9995 0.0327 -0.0000
vn -0.9995 0.0309 -0.0000
vn -0.9996 0.0282 -0.0000
vn -0.9997 0.0240 -0.0000
vn -0.9999 0.0160 -0.0000
vn -1.0000 -0.0095 -0.0000
vn -0.9982 -0.0603 -0.0000
vn -0.9925 -0.1226 -0.0000
vn -0.9824 -0.1869 -0.0000
vn -0.9676 -0.2523 -0.0000
vn -0.9481 -0.3180 -0.0000
vn -0.9238 -0.3829 -0.0000
vn -0.8949 -0.4462 -0.0000
vn -0.8620 -0.5069 -0.0000
vn -0.8256 -0.5643 -0.0000
vn -0.7864 -0.6177 -0.0000
vn -0.7453 -0.6668 -0.0000
vn -0.7022 -0.7119 -0.0000
vn -0.6557 -0.7550 -0.0000
vn -0.6047 -0.7964 -0.0000
vn -0.5498 -0.8353 -0.0000
vn -0.4914 -0.8709 -0.0000
vn -0.4304 -0.9027 -0.0000
vn -0.3675 -0.9300 -0.0000
vn -0.3037 -0.9528 -0.0000
vn -0.2399 -0.9708 -0.0000
vn -0.1770 -0.9842 -0.0000
vn -0.1157 -0.9933 -0.0000
vn -0.0567 -0.9984 -0.0000
vn -0.0000 -1.0000 -0.0000
vn 0.0567 -0.9984 -0.0000
vn 0.1157 -0.9933 -0.0000
vn 0.1770 -0.9842 -0.0000
vn 0.2399 -0.9708 -0.0000
vn 0.3037 -0.9528 -0.0000
vn 0.3675 -0.9300 -0.0000
vn 0.4304 -0.9027 -0.0000
vn 0.4914 -0.8709 -0.0000
vn 0.5498 -0.8353 -0.0000
vn 0.6047 -0.7964 -0.0000
vn 0.6557 -0.7550 -0.0000
vn 0.7022 -0.7119 -0.0000
vn 0.7453 -0.6668 -0.0000
vn 0.7864 -0.6177 -0.0000
vn 0.8256 -0.5643 -0.0000
vn 0.8620 -0.5069 -0.0000
vn 0.8949 -0.4462 -0.0000
vn 0.9238 -0.3829 -0.0000
vn 0.9481 -0.3180 -0.0000
vn 0.9676 -0.2523 -0.0000
vn 0.9824 -0.1869 -0.0000
vn 0.9925 -0.1226 -0.0000
vn 0.9982 -0.0603 -0.0000
vn 0.9999 -0.0143 -0.0000
vn 1.0000 0.0020 -0.0000
vn 1.0000 0.0038 -0.0000
vn 1.0000 0.0053 -0.0000
vn 1.0000 0.0067 -0.0000
vn 1.0000 0.0078 -0.0000
vn 1.0000 0.0089 -0.0000
vn 1.0000 0.0098 -0.0000
vn 0.9999 0.0107 -0.0000
vn 0.9999 0.0115 -0.0000
vn 0.9999 0.0121 -0.0000
vn 0.9999 0.0128 -0.0000
vn 0.9999 0.0131 -0.0000
vn 1.0000 0.0018 -0.0000
vn 0.9999 0.0138 -0.0000
vn 0.9987 0.0509 -0.0000
vn 0.9947 0.1028 -0.0000
vn 0.9878 0.1555 -0.0000
vn 0.9780 0.2085 -0.0000
vn 0.9652 0.2614 -0.0000
vn 0.9495 0.3138 -0.0000
vn 0.9310 0.3651 -0.0000
vn 0.9099 0.4149 -0.0000
vn 0.8864 0.4629 -0.0000
vn 0.8610 0.5086 -0.0000
vn 0.8339 0.5519 -0.0000
vn 0.7987 0.6017 -0.0000
vn 0.7508 0.6605 -0.0000
vn 0.6941 0.7199 -0.0000
vn 0.6294 0.7770 -0.0000
vn 0.5575 0.8302 -0.0000
vn 0.4795 0.8775 -0.0000
vn 0.3972 0.9177 -0.0000
vn 0.3127 0.9499 -0.0000
vn 0.2281 0.9736 -0.0000
vn 0.1454 0.9894 -0.0000
vn 0.0664 0.9978 -0.0000
vn -0.0080 1.0000 -0.0000
vn -0.0589 0.9983 -0.0000
vn -0.0741 0.9973 -0.0000
vn -0.0743 0.9972 -0.0000
vn -0.0746 0.9972 -0.0000
vn -0.0750 0.9972 -0.0000
vn -0.0755 0.9971 -0.0000
vn -0.0761 0.9971 -0.0000
vn -0.0770 0.9970 -0.0000
vn -0.0783 0.9969 -0.0000
vn -0.0804 0.9968 -0.0000
vn -0.0846 0.9964 -0.0000
vn -0.0972 0.9953 -0.0000
vn -0.1194 0.9928 -0.0000
vn -0.1433 0.9897 -0.0000
vn -0.1669 0.9860 -0.0000
vn -0.1915 0.9815 -0.0000
vn -0.2171 0.9762 -0.0000
vn -0.2436 0.9699 -0.0000
vn -0.2711 0.9625 -0.0000
vn -0.2996 0.9541 -0.0000
vn -0.3290 0.9443 -0.0000
vn -0.3593 0.9332 -0.0000
vn -0.3904 0.9207 -0.0000
vn -0.4222 0.9065 -0.0000
vn -0.4553 0.8903 -0.0000
vn -0.4967 0.8679 -0.0000
vn -0.5472 0.8370 -0.0000
vn -0.6017 0.7987 -0.0000
vn -0.6597 0.7515 -0.0000
vn -0.7201 0.6939 -0.0000
vn -0.7811 0.6244 -0.0000
vn -0.8402 0.5423 -0.0000
vn -0.8941 0.4478 -0.0000
vn -0.9394 0.3427 -0.0000
vn -0.9731 0.2302 -0.0000
vn -0.9934 0.1147 -0.0000
vn -0.9999 0.0140 -0.0000
vn -0.9983 -0.0582 -0.0000
vn -0.9930 -0.1178 -0.0000
vn -0.9839 -0.1786 -0.0000
vn -0.9708 -0.2398 -0.0000
vn -0.9537 -0.3007 -0.0000
vn -0.9327 -0.3606 -0.0000
vn -0.9081 -0.4187 -0.0000
vn -0.8803 -0.4744 -0.0000
vn -0.8497 -0.5273 -0.0000
vn -0.8169 -0.5768 -0.0000
vn -0.7825 -0.6227 -0.0000
vn -0.7469 -0.6649 -0.0000
vn -0.7106 -0.7035 -0.0000
vn -0.6742 -0.7386 -0.0000
vn -0.6380 -0.7701 -0.0000
vn -0.6024 -0.7982 -0.0000
vn -0.5677 -0.8232 -0.0000
vn -0.5341 -0.8454 -0.0000
vn -0.5017 -0.8651 -0.0000
vn -0.4706 -0.8824 -0.0000
vn -0.4408 -0.8976 -0.0000
vn -0.4125 -0.9110 -0.0000
vn -0.3855 -0.9227 -0.0000
vn -0.9976 -0.0687 -0.0000
vn -0.5047 0.8633 -0.0000
vn -0.5226 0.8526 -0.0000
vn -0.5414 0.8408 -0.0000
vn -0.5612 0.8277 -0.0000
vn -0.5819 0.8132 -0.0000
vn -0.6037 0.7972 -0.0000
vn -0.6265 0.7794 -0.0000
vn -0.6503 0.7597 -0.0000
vn -0.6751 0.7377 -0.0000
vn -0.7008 0.7133 -0.0000
vn -0.7274 0.6862 -0.0000
vn -0.7551 0.6556 -0.0000
vn -0.7859 0.6184 -0.0000
vn -0.8183 0.5748 -0.0000
vn -0.8495 0.5275 -0.0000
vn -0.8790 0.4767 -0.0000
vn -0.9063 0.4227 -0.0000
vn -0.9307 0.3659 -0.0000
vn -0.9518 0.3067 -0.0000
vn -0.9693 0.2458 -0.0000
vn -0.9829 0.1840 -0.0000
vn -0.9925 0.1220 -0.0000
vn -0.9982 0.0605 -0.0000
vn -1.0000 -0.0008 -0.0000
vn -0.9979 -0.0642 -0.0000
vn -0.9915 -0.1302 -0.0000
vn -0.9803 -0.1977 -0.0000
vn -0.9641 -0.2656 -0.0000
vn -0.9429 -0.3331 -0.0000
vn -0.9169 -0.3990 -0.0000
vn -0.8867 -0.4624 -0.0000
vn -0.8526 -0.5225 -0.0000
vn -0.8156 -0.5786 -0.0000
vn -0.7764 -0.6303 -0.0000
vn -0.7357 -0.6773 -0.0000
vn 0.5904 -0.8071 -0.0000
vn 0.5558 -0.8313 -0.0000
vn 0.5224 -0.8527 -0.0000
vn 0.4870 -0.8734 -0.0000
vn 0.4496 -0.8932 -0.0000
vn 0.4105 -0.9119 -0.0000
vn 0.3696 -0.9292 -0.0000
vn 0.3272 -0.9450 -0.0000
vn 0.2834 -0.9590 -0.0000
vn 0.2386 -0.9711 -0.0000
vn 0.1929 -0.9812 -0.0000
vn 0.1467 -0.9892 -0.0000
vn 0.1126 -0.9936 -0.0000
vn 0.0932 -0.9956 -0.0000
vn 0.0809 -0.9967 -0.0000
vn 0.0752 -0.9972 -0.0000
vn 0.0719 -0.9974 -0.0000
vn 0.0698 -0.9976 -0.0000
vn 0.0683 -0.9977 -0.0000
vn 0.0671 -0.9977 -0.0000
vn 0.0662 -0.9978 -0.0000
vn 0.0655 -0.9978 -0.0000
vn 0.0650 -0.9979 -0.0000
vn 0.0645 -0.9979 -0.0000
vn -0.6840 -0.7295 -0.0000
vn -0.7207 0.6933 -0.0000
vn -0.0374 0.9993 -0.0000
vn -0.0347 0.9994 -0.0000
vn -0.0319 0.9995 -0.0000
vn -0.0289 0.9996 -0.0000
vn -0.0259 0.9997 -0.0000
vn -0.0227 0.9997 -0.0000
vn -0.0194 0.9998 -0.0000
vn -0.0159 0.9999 -0.0000
vn -0.0122 0.9999 -0.0000
vn -0.0083 1.0000 -0.0000
vn -0.0042 1.0000 -0.0000
vn 0.0042 1.0000 -0.0000
vn 0.0219 0.9998 -0.0000
vn 0.0457 0.9990 -0.0000
vn 0.0717 0.9974 -0.0000
vn 0.1002 0.9950 -0.0000
vn 0.1316 0.9913 -0.0000
vn 0.1662 0.9861 -0.0000
vn 0.2044 0.9789 -0.0000
vn 0.2465 0.9692 -0.0000
vn 0.2928 0.9562 -0.0000
vn 0.3438 0.9390 -0.0000
vn 0.3996 0.9167 -0.0000
vn 0.4475 0.8943 -0.0000
vn 0.4786 0.8780 -0.0000
vn 0.5027 0.8645 -0.0000
vn 0.5263 0.8503 -0.0000
vn 0.5493 0.8356 -0.0000
vn 0.5718 0.8204 -0.0000
vn 0.5938 0.8046 -0.0000
vn 0.6150 0.7885 -0.0000
vn 0.6357 0.7720 -0.0000
vn 0.6556 0.7551 -0.0000
vn 0.6749 0.7379 -0.0000
vn 0.6934 0.7206 -0.0000
vn 0.7107 0.7035 -0.0000
vn 0.7273 0.6863 -0.0000
vn 0.7449 0.6672 -0.0000
vn 0.7644 0.6447 -0.0000
vn 0.7863 0.6179 -0.0000
vn 0.8106 0.5856 -0.0000
vn 0.8376 0.5463 -0.0000
vn 0.8673 0.4978 -0.0000
vn 0.8993 0.4373 -0.0000
vn 0.9325 0.3612 -0.0000
vn 0.9643 0.2650 -0.0000
vn 0.9895 0.1444 -0.0000
vn 0.9999 0.0122 -0.0000
vn 0.9944 -0.1056 -0.0000
vn 0.9780 -0.2087 -0.0000
vn 0.9519 -0.3065 -0.0000
vn 0.9180 -0.3966 -0.0000
vn 0.8787 -0.4774 -0.0000
vn 0.8361 -0.5486 -0.0000
vn 0.7922 -0.6103 -0.0000
vn 0.7485 -0.6632 -0.0000
vn 0.7060 -0.7082 -0.0000
vn 0.6654 -0.7465 -0.0000
vn 0.6271 -0.7789 -0.0000
vn -0.9994 -0.0352 -0.0000
vn -0.9987 -0.0502 -0.0000
vn -0.9987 -0.0506 -0.0000
vn -0.9987 -0.0511 -0.0000
vn -0.9987 -0.0518 -0.0000
vn -0.9986 -0.0527 -0.0000
vn -0.9985 -0.0540 -0.0000
vn -0.9984 -0.0559 -0.0000
vn -0.9983 -0.0590 -0.0000
vn -0.9979 -0.0655 -0.0000
vn -0.9961 -0.0881 -0.0000
vn 0.0201 -0.9998 -0.0000
vn -0.0334 -0.9994 -0.0000
vn -1.0000 0.0011 -0.0000
vn -1.0000 0.0021 -0.0000
vn -1.0000 0.0030 -0.0000
vn -1.0000 0.0037 -0.0000
vn -1.0000 0.0044 -0.0000
vn -1.0000 0.0049 -0.0000
vn -1.0000 0.0055 -0.0000
vn -1.0000 0.0059 -0.0000
vn -1.0000 0.0063 -0.0000
vn -1.0000 0.0067 -0.0000
vn -1.0000 0.0071 -0.0000
vn -1.0000 0.0073 -0.0000
vn -1.0000 0.0012 -0.0000
vn -0.9999 0.0126 -0.0000
vn -0.9997 0.0237 -0.0000
vn -0.9994 0.0333 -0.0000
vn -0.9991 0.0418 -0.0000
vn -0.9988 0.0492 -0.0000
vn -0.9984 0.0558 -0.0000
vn -0.9981 0.0617 -0.0000
vn -0.9977 0.0671 -0.0000
vn -0.9974 0.0719 -0.0000
vn -0.9971 0.0763 -0.0000
vn -0.9968 0.0803 -0.0000
vn -0.9966 0.0822 -0.0000
vn -0.9981 0.0618 -0.0000
vn -0.9999 -0.0119 -0.0000
vn -0.9981 -0.0624 -0.0000
vn -0.9919 -0.1273 -0.0000
vn -0.9809 -0.1946 -0.0000
vn -0.9647 -0.2634 -0.0000
vn -0.9431 -0.3326 -0.0000
vn -0.9160 -0.4011 -0.0000
vn -0.8838 -0.4678 -0.0000
vn -0.8470 -0.5316 -0.0000
vn -0.8062 -0.5916 -0.0000
vn -0.7625 -0.6470 -0.0000
vn -0.7167 -0.6974 -0.0000
vn -0.6701 -0.7422 -0.0000
vn -0.6226 -0.7826 -0.0000
vn -0.5722 -0.8201 -0.0000
vn -0.5186 -0.8550 -0.0000
vn -0.4623 -0.8867 -0.0000
vn -0.4041 -0.9147 -0.0000
vn -0.3445 -0.9388 -0.0000
vn -0.2844 -0.9587 -0.0000
vn -0.2246 -0.9744 -0.0000
vn -0.1658 -0.9862 -0.0000
vn -0.1085 -0.9941 -0.0000
vn -0.0532 -0.9986 -0.0000
vn 0.0062 -1.0000 -0.0000
vn 0.0795 -0.9968 -0.0000
vn 0.1641 -0.9864 -0.0000
vn 0.2535 -0.9673 -0.0000
vn 0.3455 -0.9384 -0.0000
vn 0.4376 -0.8992 -0.0000
vn 0.5268 -0.8500 -0.0000
vn 0.6103 -0.7922 -0.0000
vn 0.6858 -0.7277 -0.0000
vn 0.7519 -0.6593 -0.0000
vn 0.8080 -0.5892 -0.0000
vn 0.8543 -0.5198 -0.0000
vn 0.3555 -0.9347 -0.0000
vn -0.3173 -0.9483 -0.0000
vn -0.2895 -0.9572 -0.0000
vn -0.2612 -0.9653 -0.0000
vn -0.2326 -0.9726 -0.0000
vn -0.2037 -0.9790 -0.0000
vn -0.1746 -0.9846 -0.0000
vn -0.1454 -0.9894 -0.0000
vn -0.1161 -0.9932 -0.0000
vn -0.0869 -0.9962 -0.0000
vn -0.0577 -0.9983 -0.0000
vn -0.0288 -0.9996 -0.0000
vn 0.0018 -1.0000 -0.0000
vn 0.0364 -0.9993 -0.0000
vn 0.0744 -0.9972 -0.0000
vn 0.1142 -0.9935 -0.0000
vn 0.1558 -0.9878 -0.0000
vn 0.1990 -0.9800 -0.0000
vn 0.2437 -0.9698 -0.0000
vn 0.2896 -0.9571 -0.0000
vn 0.3365 -0.9417 -0.0000
vn 0.3840 -0.9233 -0.0000
vn 0.4317 -0.9020 -0.0000
vn 0.4792 -0.8777 -0.0000
vn 0.5328 -0.8462 -0.0000
vn 0.5901 -0.8073 -0.0000
vn 0.6447 -0.7645 -0.0000
vn 0.6980 -0.7161 -0.0000
vn 0.7489 -0.6627 -0.0000
vn 0.7964 -0.6048 -0.0000
vn 0.8396 -0.5431 -0.0000
vn 0.8779 -0.4789 -0.0000
vn 0.9106 -0.4132 -0.0000
vn 0.9378 -0.3472 -0.0000
vn 0.9594 -0.2820 -0.0000
vn 0.9758 -0.2186 -0.0000
vn 0.9857 -0.1682 -0.0000
vn 0.9896 -0.1440 -0.0000
vn 0.9910 -0.1335 -0.0000
vn 0.9938 -0.1112 -0.0000
vn 0.9951 -0.0993 -0.0000
vn 0.9962 -0.0869 -0.0000
vn 0.9973 -0.0739 -0.0000
vn 0.9982 -0.0604 -0.0000
vn 0.9989 -0.0462 -0.0000
vn 0.9995 -0.0315 -0.0000
vn 0.9999 -0.0160 -0.0000
vn 1.0000 0.0007 -0.0000
vn 0.9998 0.0187 -0.0000
vn 0.9993 0.0366 -0.0000
vn 0.9986 0.0537 -0.0000
vn 0.9975 0.0700 -0.0000
vn 0.9963 0.0856 -0.0000
vn 0.9949 0.1004 -0.0000
vn 0.9934 0.1146 -0.0000
vn 0.9918 0.1282 -0.0000
vn 0.9900 0.1411 -0.0000
vn 0.9881 0.1535 -0.0000
vn 0.9862 0.1654 -0.0000
vn 0.9811 0.1937 -0.0000
vn 0.9651 0.2617 -0.0000
vn 0.9341 0.3571 -0.0000
vn 0.8879 0.4600 -0.0000
vn 0.8240 0.5666 -0.0000
vn 0.7414 0.6710 -0.0000
vn 0.6419 0.7668 -0.0000
vn 0.5301 0.8479 -0.0000
vn 0.4130 0.9108 -0.0000
vn 0.2972 0.9548 -0.0000
vn 0.1881 0.9821 -0.0000
vn 0.0891 0.9960 -0.0000
vn 0.0079 1.0000 -0.0000
vn -0.0540 0.9985 -0.0000
vn -0.1099 0.9939 -0.0000
vn -0.1676 0.9859 -0.0000
vn -0.2266 0.9740 -0.0000
vn -0.2863 0.9581 -0.0000
vn -0.3460 0.9382 -0.0000
vn -0.4049 0.9144 -0.0000
vn -0.4623 0.8867 -0.0000
vn -0.5175 0.8557 -0.0000
vn -0.5700 0.8217 -0.0000
vn -0.6191 0.7853 -0.0000
vn -0.6659 0.7460 -0.0000
vn -0.7124 0.7018 -0.0000
vn -0.7586 0.6516 -0.0000
vn -0.8028 0.5963 -0.0000
vn -0.8440 0.5363 -0.0000
vn -0.8814 0.4723 -0.0000
vn -0.9142 0.4053 -0.0000
vn -0.9418 0.3362 -0.0000
vn -0.9639 0.2663 -0.0000
vn -0.9804 0.1969 -0.0000
vn -0.9917 0.1288 -0.0000
vn -0.9980 0.0631 -0.0000
vn -1.0000 0.0089 -0.0000
vn -0.9997 -0.0246 -0.0000
vn -0.9990 -0.0457 -0.0000
vn -0.9980 -0.0637 -0.0000
vn -0.9969 -0.0792 -0.0000
vn -0.9957 -0.0926 -0.0000
vn -0.9945 -0.1043 -0.0000
vn -0.9934 -0.1147 -0.0000
vn -0.9923 -0.1239 -0.0000
vn -0.9912 -0.1322 -0.0000
vn -0.9902 -0.1396 -0.0000
vn -0.9892 -0.1463 -0.0000
vn -0.9888 -0.1493 -0.0000
vn -0.9893 -0.1456 -0.0000
vn -0.9904 -0.1383 -0.0000
vn -0.9926 -0.1213 -0.0000
vn -0.9938 -0.1116 -0.0000
vn -0.9949 -0.1007 -0.0000
vn -0.9961 -0.0886 -0.0000
vn -0.9972 -0.0751 -0.0000
vn -0.9982 -0.0598 -0.0000
vn -0.9991 -0.0424 -0.0000
vn -0.9997 -0.0225 -0.0000
vn -1.0000 -0.0045 -0.0000
vn -1.0000 0.0058 -0.0000
vn -0.9999 0.0118 -0.0000
vn -0.9998 0.0180 -0.0000
vn -0.9997 0.0245 -0.0000
vn -0.9995 0.0314 -0.0000
vn -0.9993 0.0386 -0.0000
vn -0.9989 0.0461 -0.0000
vn -0.9985 0.0540 -0.0000
vn -0.9981 0.0622 -0.0000
vn -0.9975 0.0709 -0.0000
vn -0.9968 0.0801 -0.0000
vn -0.9960 0.0898 -0.0000
vn -0.9950 0.1000 -0.0000
vn -0.9938 0.1109 -0.0000
vn -0.9925 0.1224 -0.0000
vn -0.9909 0.1346 -0.0000
vn -0.9891 0.1475 -0.0000
vn -0.9869 0.1613 -0.0000
vn -0.9844 0.1760 -0.0000
vn -0.9815 0.1916 -0.0000
vn -0.9781 0.2083 -0.0000
vn -0.9741 0.2261 -0.0000
vn -0.9695 0.2452 -0.0000
vn -0.7583 0.6520 -0.0000
vn -0.3915 0.9202 -0.0000
vn -0.3799 0.9250 -0.0000
vn -0.3681 0.9298 -0.0000
vn -0.3560 0.9345 -0.0000
vn -0.3435 0.9391 -0.0000
vn -0.3308 0.9437 -0.0000
vn -0.3177 0.9482 -0.0000
vn -0.3043 0.9526 -0.0000
vn -0.2905 0.9569 -0.0000
vn -0.2765 0.9610 -0.0000
vn -0.2621 0.9650 -0.0000
vn -0.2465 0.9691 -0.0000
vn -0.2290 0.9734 -0.0000
vn -0.2102 0.9777 -0.0000
vn -0.1910 0.9816 -0.0000
vn -0.1713 0.9852 -0.0000
vn -0.1512 0.9885 -0.0000
vn -0.1307 0.9914 -0.0000
vn -0.1098 0.9940 -0.0000
vn -0.0885 0.9961 -0.0000
vn -0.0669 0.9978 -0.0000
vn -0.0449 0.9990 -0.0000
vn -0.0226 0.9997 -0.0000
vn 0.0003 1.0000 -0.0000
vn 0.0235 0.9997 -0.0000
vn 0.0464 0.9989 -0.0000
vn 0.0684 0.9977 -0.0000
vn 0.0897 0.9960 -0.0000
vn 0.1102 0.9939 -0.0000
vn 0.1299 0.9915 -0.0000
vn 0.1490 0.9888 -0.0000
vn 0.1673 0.9859 -0.0000
vn 0.1849 0.9828 -0.0000
vn 0.2019 0.9794 -0.0000
vn 0.2182 0.9759 -0.0000
vn 0.7832 0.6218 -0.0000
vn 1.0000 -0.0010 -0.0000
vn 1.0000 -0.0021 -0.0000
vn 1.0000 -0.0030 -0.0000
vn 1.0000 -0.0040 -0.0000
vn 1.0000 -0.0049 -0.0000
vn 1.0000 -0.0057 -0.0000
vn 1.0000 -0.0065 -0.0000
vn 1.0000 -0.0073 -0.0000
vn 1.0000 -0.0081 -0.0000
vn 1.0000 -0.0088 -0.0000
vn 1.0000 -0.0095 -0.0000
vn 0.9999 -0.0133 -0.0000
vn 0.9999 -0.0164 -0.0000
vn 0.9999 -0.0157 -0.0000
vn 0.9999 -0.0149 -0.0000
vn 0.9999 -0.0140 -0.0000
vn 0.9999 -0.0130 -0.0000
vn 0.9999 -0.0119 -0.0000
vn 0.9999 -0.0106 -0.0000
vn 1.0000 -0.0091 -0.0000
vn 1.0000 -0.0074 -0.0000
vn 1.0000 -0.0053 -0.0000
vn 1.0000 -0.0029 -0.0000
vn 1.0000 0.0012 -0.0000
vn 1.0000 0.0079 -0.0000
vn 0.9999 0.0162 -0.0000
vn 0.9997 0.0249 -0.0000
vn 0.9994 0.0340 -0.0000
vn 0.9990 0.0436 -0.0000
vn 0.9979 0.0642 -0.0000
vn 0.9972 0.0754 -0.0000
vn 0.9962 0.0872 -0.0000
vn 0.9950 0.0996 -0.0000
vn 0.9936 0.1127 -0.0000
vn 0.9896 0.1437 -0.0000
vn 0.9766 0.2151 -0.0000
vn 0.9492 0.3145 -0.0000
vn 0.9061 0.4231 -0.0000
vn 0.8437 0.5368 -0.0000
vn 0.7606 0.6492 -0.0000
vn 0.6585 0.7525 -0.0000
vn 0.5429 0.8398 -0.0000
vn 0.4214 0.9069 -0.0000
vn 0.3019 0.9533 -0.0000
vn 0.1902 0.9817 -0.0000
vn 0.0080 1.0000 -0.0000
vn -0.0538 0.9986 -0.0000
vn -0.1094 0.9940 -0.0000
vn -0.1668 0.9860 -0.0000
vn -0.2255 0.9742 -0.0000
vn -0.2848 0.9586 -0.0000
vn -0.3441 0.9389 -0.0000
vn -0.4025 0.9154 -0.0000
vn -0.4595 0.8882 -0.0000
vn -0.5144 0.8575 -0.0000
vn -0.5665 0.8240 -0.0000
vn -0.6154 0.7882 -0.0000
vn -0.6625 0.7490 -0.0000
vn -0.7105 0.7037 -0.0000
vn -0.7589 0.6512 -0.0000
vn -0.8054 0.5928 -0.0000
vn -0.8489 0.5286 -0.0000
vn -0.8881 0.4596 -0.0000
vn -0.9222 0.3867 -0.0000
vn -0.9503 0.3114 -0.0000
vn -0.9720 0.2351 -0.0000
vn -0.9872 0.1593 -0.0000
vn -0.9964 0.0853 -0.0000
vn -0.9999 0.0143 -0.0000
vn 0.0297 0.9996 -0.0000
vn 0.9925 -0.1223 -0.0000
vn 0.0491 -0.9988 -0.0000
vn -0.9715 -0.2372 -0.0000
vn -0.9900 -0.1414 -0.0000
vn -0.9932 -0.1165 -0.0000
vn -0.9945 -0.1046 -0.0000
vn -0.9952 -0.0976 -0.0000
vn -0.9957 -0.0930 -0.0000
vn -0.9960 -0.0897 -0.0000
vn -0.9962 -0.0873 -0.0000
vn -0.9963 -0.0854 -0.0000
vn -0.3965 0.9180 -0.0000
vn 0.7308 0.6826 -0.0000
vn 0.7006 0.7135 -0.0000
vn 0.6655 0.7464 -0.0000
vn 0.6245 0.7810 -0.0000
vn 0.5767 0.8169 -0.0000
vn 0.5212 0.8535 -0.0000
vn 0.4568 0.8896 -0.0000
vn 0.3830 0.9238 -0.0000
vn 0.2994 0.9541 -0.0000
vn 0.2065 0.9784 -0.0000
vn 0.1058 0.9944 -0.0000
vn 0.0107 0.9999 -0.0000
vn -0.0668 0.9978 -0.0000
vn -0.1383 0.9904 -0.0000
vn -0.2147 0.9767 -0.0000
vn -0.2948 0.9556 -0.0000
vn -0.3773 0.9261 -0.0000
vn -0.4600 0.8879 -0.0000
vn -0.5408 0.8411 -0.0000
vn -0.6175 0.7866 -0.0000
vn -0.6880 0.7257 -0.0000
vn -0.7509 0.6604 -0.0000
vn -0.8054 0.5927 -0.0000
vn -0.1341 0.9910 -0.0000
vn 0.6402 0.7682 -0.0000
vn 0.6168 0.7871 -0.0000
vn 0.5924 0.8056 -0.0000
vn 0.5672 0.8236 -0.0000
vn 0.5412 0.8409 -0.0000
vn 0.5145 0.8575 -0.0000
vn 0.4871 0.8734 -0.0000
vn 0.4591 0.8884 -0.0000
vn 0.4306 0.9026 -0.0000
vn 0.4016 0.9158 -0.0000
vn 0.3723 0.9281 -0.0000
vn 0.3429 0.9394 -0.0000
vn 0.3134 0.9496 -0.0000
vn 0.2839 0.9589 -0.0000
vn 0.2544 0.9671 -0.0000
vn 0.2249 0.9744 -0.0000
vn 0.1956 0.9807 -0.0000
vn 0.1665 0.9860 -0.0000
vn 0.1376 0.9905 -0.0000
vn 0.1092 0.9940 -0.0000
vn 0.0811 0.9967 -0.0000
vn 0.0536 0.9986 -0.0000
vn 0.0265 0.9996 -0.0000
vn -0.0147 0.9999 -0.0000
vn -0.0884 0.9961 -0.0000
vn -0.1836 0.9830 -0.0000
vn -0.2850 0.9585 -0.0000
vn -0.3894 0.9211 -0.0000
vn -0.4929 0.8701 -0.0000
vn -0.5911 0.8066 -0.0000
vn -0.6800 0.7332 -0.0000
vn -0.7570 0.6534 -0.0000
vn -0.8209 0.5710 -0.0000
vn -0.8720 0.4896 -0.0000
vn -0.9113 0.4116 -0.0000
vn -0.9429 0.3329 -0.0000
vn -0.9638 0.2665 -0.0000
vn -0.9742 0.2255 -0.0000
vn -0.9800 0.1992 -0.0000
vn -0.9835 0.1809 -0.0000
vn -0.9859 0.1673 -0.0000
vn -0.9876 0.1570 -0.0000
vn -0.9889 0.1488 -0.0000
vn -0.9899 0.1421 -0.0000
vn -0.9906 0.1366 -0.0000
vn -0.9913 0.1320 -0.0000
vn -0.9918 0.1280 -0.0000
vn -0.9893 0.1458 -0.0000
vn -0.9869 0.1611 -0.0000
vn -0.9882 0.1532 -0.0000
vn -0.9892 0.1467 -0.0000
vn -0.9900 0.1411 -0.0000
vn -0.9907 0.1364 -0.0000
vn -0.9912 0.1322 -0.0000
vn -0.9917 0.1286 -0.0000
vn -0.9921 0.1254 -0.0000
vn -0.9925 0.1226 -0.0000
vn -0.9928 0.1200 -0.0000
vn -0.9930 0.1177 -0.0000
vn -0.9971 0.0765 -0.0000
vn -1.0000 0.0010 -0.0000
vn -0.9974 -0.0717 -0.0000
vn -0.9890 -0.1478 -0.0000
vn -0.9741 -0.2261 -0.0000
vn -0.9523 -0.3051 -0.0000
vn -0.9237 -0.3832 -0.0000
vn -0.8885 -0.4588 -0.0000
vn -0.8478 -0.5304 -0.0000
vn -0.8025 -0.5966 -0.0000
vn -0.7540 -0.6568 -0.0000
vn -0.7037 -0.7105 -0.0000
vn -0.6546 -0.7560 -0.0000
vn -0.6082 -0.7938 -0.0000
vn -0.5608 -0.8279 -0.0000
vn -0.5103 -0.8600 -0.0000
vn -0.4570 -0.8895 -0.0000
vn -0.4014 -0.9159 -0.0000
vn -0.3440 -0.9390 -0.0000
vn -0.2856 -0.9584 -0.0000
vn -0.2268 -0.9739 -0.0000
vn -0.1683 -0.9857 -0.0000
vn -0.1107 -0.9939 -0.0000
vn -0.0545 -0.9985 -0.0000
vn 0.0079 -1.0000 -0.0000
vn 0.0899 -0.9959 -0.0000
vn 0.1897 -0.9818 -0.0000
vn 0.2995 -0.9541 -0.0000
vn 0.4160 -0.9094 -0.0000
vn 0.5335 -0.8458 -0.0000
vn 0.6452 -0.7641 -0.0000
vn 0.7443 -0.6678 -0.0000
vn 0.8263 -0.5632 -0.0000
vn 0.8895 -0.4568 -0.0000
vn 0.9351 -0.3544 -0.0000
vn 0.9657 -0.2596 -0.0000
vn 0.9817 -0.1906 -0.0000
vn 0.9868 -0.1622 -0.0000
vn 0.9882 -0.1533 -0.0000
vn 0.9894 -0.1454 -0.0000
vn 0.9904 -0.1383 -0.0000
vn 0.9913 -0.1320 -0.0000
vn 0.9920 -0.1262 -0.0000
vn 0.9927 -0.1210 -0.0000
vn 0.9932 -0.1162 -0.0000
vn 0.9937 -0.1118 -0.0000
vn 0.9942 -0.1077 -0.0000
vn 0.9946 -0.1040 -0.0000
vn 0.9950 -0.0999 -0.0000
vn 0.9951 -0.0986 -0.0000
vn 0.9949 -0.1008 -0.0000
vn 0.9947 -0.1032 -0.0000
vn 0.9944 -0.1059 -0.0000
vn 0.9941 -0.1089 -0.0000
vn 0.9937 -0.1124 -0.0000
vn 0.9932 -0.1163 -0.0000
vn 0.9927 -0.1209 -0.0000
vn 0.9920 -0.1263 -0.0000
vn 0.9912 -0.1326 -0.0000
vn 0.9901 -0.1403 -0.0000
vn 0.9884 -0.1518 -0.0000
vn 0.9854 -0.1702 -0.0000
vn 0.9809 -0.1946 -0.0000
vn 0.9746 -0.2241 -0.0000
vn 0.9656 -0.2601 -0.0000
vn 0.9524 -0.3050 -0.0000
vn 0.9322 -0.3619 -0.0000
vn 0.9002 -0.4355 -0.0000
vn 0.8470 -0.5316 -0.0000
vn 0.7549 -0.6559 -0.0000
vn 0.5945 -0.8041 -0.0000
vn 0.3368 -0.9416 -0.0000
vn 0.0516 -0.9987 -0.0000
vn -0.1307 -0.9914 -0.0000
vn -0.2242 -0.9745 -0.0000
vn -0.2894 -0.9572 -0.0000
vn -0.3369 -0.9415 -0.0000
vn -0.3727 -0.9279 -0.0000
vn -0.4006 -0.9162 -0.0000
vn -0.4229 -0.9062 -0.0000
vn -0.4411 -0.8975 -0.0000
vn -0.4562 -0.8899 -0.0000
vn -0.4689 -0.8833 -0.0000
vn -0.4797 -0.8774 -0.0000
vn -0.4890 -0.8723 -0.0000
vn -0.4975 -0.8675 -0.0000
vn -0.5064 -0.8623 -0.0000
vn -0.5159 -0.8566 -0.0000
vn -0.5263 -0.8503 -0.0000
vn -0.5377 -0.8432 -0.0000
vn -0.5500 -0.8351 -0.0000
vn -0.5636 -0.8261 -0.0000
vn -0.5785 -0.8157 -0.0000
vn -0.5950 -0.8037 -0.0000
vn -0.6132 -0.7899 -0.0000
vn -0.6335 -0.7737 -0.0000
vn -0.9087 -0.4175 -0.0000
vn -0.9998 0.0181 -0.0000
vn -0.9994 0.0342 -0.0000
vn -0.9988 0.0483 -0.0000
vn -0.9981 0.0608 -0.0000
vn -0.9966 0.0819 -0.0000
vn -0.9959 0.0909 -0.0000
vn -0.9951 0.0991 -0.0000
vn -0.9943 0.1065 -0.0000
vn -0.9936 0.1132 -0.0000
vn -0.9928 0.1194 -0.0000
vn -0.9924 0.1233 -0.0000
vn -0.9926 0.1213 -0.0000
vn -0.9933 0.1154 -0.0000
vn -0.9941 0.1089 -0.0000
vn -0.9948 0.1017 -0.0000
vn -0.9956 0.0938 -0.0000
vn -0.9964 0.0849 -0.0000
vn -0.9972 0.0750 -0.0000
vn -0.9980 0.0637 -0.0000
vn -0.9987 0.0510 -0.0000
vn -0.9993 0.0363 -0.0000
vn -0.9998 0.0194 -0.0000
vn -1.0000 -0.0093 -0.0000
vn -0.9983 -0.0589 -0.0000
vn -0.9927 -0.1202 -0.0000
vn -0.9830 -0.1837 -0.0000
vn -0.9686 -0.2488 -0.0000
vn -0.9493 -0.3144 -0.0000
vn -0.9251 -0.3798 -0.0000
vn -0.8961 -0.4439 -0.0000
vn -0.8627 -0.5058 -0.0000
vn -0.8254 -0.5645 -0.0000
vn -0.7850 -0.6195 -0.0000
vn -0.7423 -0.6700 -0.0000
vn -0.6976 -0.7165 -0.0000
vn -0.6496 -0.7603 -0.0000
vn -0.5974 -0.8020 -0.0000
vn -0.5414 -0.8408 -0.0000
vn -0.4824 -0.8759 -0.0000
vn -0.4211 -0.9070 -0.0000
vn -0.3585 -0.9335 -0.0000
vn -0.2954 -0.9554 -0.0000
vn -0.2327 -0.9725 -0.0000
vn -0.1713 -0.9852 -0.0000
vn -0.1118 -0.9937 -0.0000
vn -0.0547 -0.9985 -0.0000
vn 0.0547 -0.9985 -0.0000
vn 0.1118 -0.9937 -0.0000
vn 0.1713 -0.9852 -0.0000
vn 0.2327 -0.9725 -0.0000
vn 0.2954 -0.9554 -0.0000
vn 0.3585 -0.9335 -0.0000
vn 0.4211 -0.9070 -0.0000
vn 0.4824 -0.8759 -0.0000
vn 0.5414 -0.8408 -0.0000
vn 0.5974 -0.8020 -0.0000
vn 0.6496 -0.7603 -0.0000
vn 0.6976 -0.7165 -0.0000
vn 0.7423 -0.6700 -0.0000
vn 0.7850 -0.6195 -0.0000
vn 0.8254 -0.5645 -0.0000
vn 0.8627 -0.5058 -0.0000
vn 0.8961 -0.4439 -0.0000
vn 0.9251 -0.3798 -0.0000
vn 0.9493 -0.3144 -0.0000
vn 0.9686 -0.2488 -0.0000
vn 0.9830 -0.1837 -0.0000
vn 0.9927 -0.1202 -0.0000
vn 0.9983 -0.0589 -0.0000
vn 0.9998 -0.0187 -0.0000
vn 0.9999 -0.0163 -0.0000
vn 0.9995 -0.0307 -0.0000
vn 0.9991 -0.0433 -0.0000
vn 0.9985 -0.0543 -0.0000
vn 0.9979 -0.0640 -0.0000
vn 0.9974 -0.0727 -0.0000
vn 0.9968 -0.0805 -0.0000
vn 0.9962 -0.0875 -0.0000
vn 0.9956 -0.0939 -0.0000
vn 0.9950 -0.0997 -0.0000
vn 0.9945 -0.1050 -0.0000
vn 0.9942 -0.1076 -0.0000
vn 1.0000 -0.0080 -0.0000
vn 0.9999 -0.0150 -0.0000
vn 0.9995 -0.0309 -0.0000
vn 0.9989 -0.0479 -0.0000
vn 0.9978 -0.0663 -0.0000
vn 0.9963 -0.0861 -0.0000
vn 0.9942 -0.1074 -0.0000
vn 0.9914 -0.1305 -0.0000
vn 0.9878 -0.1555 -0.0000
vn 0.9832 -0.1826 -0.0000
vn 0.9773 -0.2120 -0.0000
vn 0.9698 -0.2438 -0.0000
vn 0.3710 -0.9286 -0.0000
vn -0.5394 -0.8420 -0.0000
vn -0.5756 -0.8177 -0.0000
vn -0.6087 -0.7934 -0.0000
vn -0.6389 -0.7693 -0.0000
vn -0.6663 -0.7457 -0.0000
vn -0.6912 -0.7226 -0.0000
vn -0.7139 -0.7002 -0.0000
vn -0.7345 -0.6786 -0.0000
vn -0.7532 -0.6578 -0.0000
vn -0.7703 -0.6377 -0.0000
vn -0.7858 -0.6185 -0.0000
vn -0.8013 -0.5983 -0.0000
vn -0.8055 -0.5927 -0.0000
vn -0.7982 -0.6024 -0.0000
vn -0.7919 -0.6106 -0.0000
vn -0.7816 -0.6238 -0.0000
vn -0.7773 -0.6291 -0.0000
vn -0.7735 -0.6338 -0.0000
vn -0.7701 -0.6380 -0.0000
vn -0.7670 -0.6417 -0.0000
vn -0.7642 -0.6450 -0.0000
vn -0.7616 -0.6481 -0.0000
vn -0.9348 -0.3552 -0.0000
vn -0.9998 -0.0188 -0.0000
vn -0.9998 -0.0178 -0.0000
vn -0.9999 -0.0166 -0.0000
vn -0.9999 -0.0154 -0.0000
vn -0.9999 -0.0141 -0.0000
vn -0.9999 -0.0126 -0.0000
vn -0.9999 -0.0110 -0.0000
vn -1.0000 -0.0092 -0.0000
vn -1.0000 -0.0073 -0.0000
vn -1.0000 -0.0051 -0.0000
vn -1.0000 -0.0027 -0.0000
vn -1.0000 -0.0021 -0.0000
vn -1.0000 -0.0056 -0.0000
vn -0.9999 -0.0106 -0.0000
vn -0.9999 -0.0152 -0.0000
vn -0.9998 -0.0193 -0.0000
vn -0.9997 -0.0230 -0.0000
vn -0.9996 -0.0265 -0.0000
vn -0.9996 -0.0296 -0.0000
vn -0.9995 -0.0325 -0.0000
vn -0.9994 -0.0351 -0.0000
vn -0.9993 -0.0376 -0.0000
vn -0.9992 -0.0399 -0.0000
vn -0.9992 -0.0411 -0.0000
vn -0.9992 -0.0403 -0.0000
vn -0.9993 -0.0383 -0.0000
vn -0.9993 -0.0362 -0.0000
vn -0.9994 -0.0338 -0.0000
vn -0.9995 -0.0312 -0.0000
vn -0.9996 -0.0283 -0.0000
vn -0.9997 -0.0250 -0.0000
vn -0.9998 -0.0213 -0.0000
vn -0.9999 -0.0171 -0.0000
vn -0.9999 -0.0122 -0.0000
vn -1.0000 -0.0065 -0.0000
vn -0.9998 -0.0190 -0.0000
vn -0.9975 -0.0708 -0.0000
vn -0.9894 -0.1452 -0.0000
vn -0.9749 -0.2227 -0.0000
vn -0.9533 -0.3021 -0.0000
vn -0.9243 -0.3817 -0.0000
vn -0.8881 -0.4597 -0.0000
vn -0.8452 -0.5344 -0.0000
vn -0.7969 -0.6041 -0.0000
vn -0.7443 -0.6678 -0.0000
vn -0.6891 -0.7246 -0.0000
vn -0.6327 -0.7744 -0.0000
vn -0.5837 -0.8120 -0.0000
vn -0.5386 -0.8425 -0.0000
vn -0.4885 -0.8725 -0.0000
vn -0.4372 -0.8993 -0.0000
vn -0.3852 -0.9228 -0.0000
vn -0.3331 -0.9429 -0.0000
vn -0.2813 -0.9596 -0.0000
vn -0.2304 -0.9731 -0.0000
vn -0.1808 -0.9835 -0.0000
vn -0.1327 -0.9912 -0.0000
vn -0.0865 -0.9963 -0.0000
vn -0.0423 -0.9991 -0.0000
vn 0.0083 -1.0000 -0.0000
vn 0.0775 -0.9970 -0.0000
vn 0.1615 -0.9869 -0.0000
vn 0.2522 -0.9677 -0.0000
vn 0.3477 -0.9376 -0.0000
vn 0.4453 -0.8954 -0.0000
vn 0.5413 -0.8408 -0.0000
vn 0.6320 -0.7750 -0.0000
vn 0.7140 -0.7002 -0.0000
vn 0.7849 -0.6197 -0.0000
vn 0.8436 -0.5369 -0.0000
vn 0.8904 -0.4551 -0.0000
vn 0.9223 -0.3865 -0.0000
vn 0.9434 -0.3317 -0.0000
vn 0.9596 -0.2815 -0.0000
vn 0.9715 -0.2370 -0.0000
vn 0.9803 -0.1976 -0.0000
vn 0.9867 -0.1626 -0.0000
vn 0.9913 -0.1314 -0.0000
vn 0.9946 -0.1035 -0.0000
vn 0.9969 -0.0784 -0.0000
vn 0.9984 -0.0559 -0.0000
vn 0.9994 -0.0355 -0.0000
vn 0.9999 -0.0170 -0.0000
vn 1.0000 -0.0041 -0.0000
vn 1.0000 -0.0016 -0.0000
vn 1.0000 -0.0061 -0.0000
vn 0.9999 -0.0115 -0.0000
vn 0.9999 -0.0162 -0.0000
vn 0.9998 -0.0203 -0.0000
vn 0.9997 -0.0240 -0.0000
vn 0.9996 -0.0272 -0.0000
vn 0.9995 -0.0302 -0.0000
vn 0.9995 -0.0329 -0.0000
vn 0.9994 -0.0353 -0.0000
vn 0.9993 -0.0375 -0.0000
vn 0.9992 -0.0395 -0.0000
vn 0.9992 -0.0405 -0.0000
vn 1.0000 0.0059 -0.0000
vn 0.9995 0.0305 -0.0000
vn 0.9981 0.0619 -0.0000
vn 0.9956 0.0941 -0.0000
vn 0.9919 0.1271 -0.0000
vn 0.9870 0.1608 -0.0000
vn 0.9808 0.1950 -0.0000
vn 0.9732 0.2298 -0.0000
vn 0.9643 0.2649 -0.0000
vn 0.9538 0.3003 -0.0000
vn 0.9420 0.3357 -0.0000
vn 0.9286 0.3711 -0.0000
vn 0.9138 0.4062 -0.0000
vn 0.8922 0.4516 -0.0000
vn 0.8603 0.5097 -0.0000
vn 0.8200 0.5723 -0.0000
vn 0.7696 0.6385 -0.0000
vn 0.7074 0.7068 -0.0000
vn 0.6325 0.7746 -0.0000
vn 0.5445 0.8387 -0.0000
vn 0.4449 0.8956 -0.0000
vn 0.3363 0.9417 -0.0000
vn 0.2231 0.9748 -0.0000
vn 0.1098 0.9939 -0.0000
vn 0.0106 0.9999 -0.0000
vn -0.0660 0.9978 -0.0000
vn -0.1332 0.9911 -0.0000
vn -0.2011 0.9796 -0.0000
vn -0.2686 0.9633 -0.0000
vn -0.3348 0.9423 -0.0000
vn -0.3987 0.9171 -0.0000
vn -0.4596 0.8881 -0.0000
vn -0.5169 0.8561 -0.0000
vn -0.6187 0.7857 -0.0000
vn -0.6629 0.7487 -0.0000
vn -0.7025 0.7117 -0.0000
vn -0.7390 0.6737 -0.0000
vn -0.7749 0.6320 -0.0000
vn -0.8105 0.5857 -0.0000
vn -0.8451 0.5346 -0.0000
vn -0.8780 0.4787 -0.0000
vn -0.9084 0.4182 -0.0000
vn -0.9354 0.3536 -0.0000
vn -0.9583 0.2857 -0.0000
vn -0.9765 0.2153 -0.0000
vn -0.9896 0.1435 -0.0000
vn -0.9974 0.0715 -0.0000
vn 0.9576 -0.2882 -0.0000
vn 0.9586 -0.2847 -0.0000
vn 0.9606 -0.2780 -0.0000
vn 0.9625 -0.2713 -0.0000
vn 0.9643 -0.2648 -0.0000
vn 0.9661 -0.2583 -0.0000
vn 0.9678 -0.2518 -0.0000
vn 0.9694 -0.2455 -0.0000
vn 0.9710 -0.2392 -0.0000
vn 0.9725 -0.2330 -0.0000
vn 0.9739 -0.2268 -0.0000
vn 0.9753 -0.2208 -0.0000
vn 0.0246 -0.9997 -0.0000
vn -0.9646 -0.2635 -0.0000
vn -0.9656 -0.2599 -0.0000
vn -0.9665 -0.2568 -0.0000
vn -0.9672 -0.2541 -0.0000
vn -0.9678 -0.2517 -0.0000
vn -0.9684 -0.2495 -0.0000
vn -0.9689 -0.2476 -0.0000
vn -0.9693 -0.2459 -0.0000
vn -0.9697 -0.2444 -0.0000
vn -0.9700 -0.2429 -0.0000
vn -0.9704 -0.2416 -0.0000
vn -0.9791 -0.2034 -0.0000
vn -0.9863 -0.1652 -0.0000
vn -0.9864 -0.1646 -0.0000
vn -0.9865 -0.1640 -0.0000
vn -0.9866 -0.1634 -0.0000
vn -0.9866 -0.1629 -0.0000
vn -0.9867 -0.1623 -0.0000
vn -0.9868 -0.1617 -0.0000
vn -0.9869 -0.1611 -0.0000
vn -0.9870 -0.1605 -0.0000
vn -0.9871 -0.1599 -0.0000
vn -0.9872 -0.1593 -0.0000
vn -0.9723 -0.2336 -0.0000
vn -0.9408 -0.3391 -0.0000
vn -0.9136 -0.4067 -0.0000
vn -0.8767 -0.4811 -0.0000
vn -0.8276 -0.5613 -0.0000
vn -0.7641 -0.6452 -0.0000
vn -0.6842 -0.7293 -0.0000
vn -0.5881 -0.8088 -0.0000
vn -0.4777 -0.8785 -0.0000
vn -0.3578 -0.9338 -0.0000
vn -0.2345 -0.9721 -0.0000
vn -0.1140 -0.9935 -0.0000
vn -0.0131 -0.9999 -0.0000
vn 0.0592 -0.9982 -0.0000
vn 0.1217 -0.9926 -0.0000
vn 0.1874 -0.9823 -0.0000
vn 0.2557 -0.9668 -0.0000
vn 0.3257 -0.9455 -0.0000
vn 0.3962 -0.9182 -0.0000
vn 0.4659 -0.8848 -0.0000
vn 0.5336 -0.8458 -0.0000
vn 0.5979 -0.8016 -0.0000
vn 0.6577 -0.7532 -0.0000
vn 0.7123 -0.7018 -0.0000
vn 0.7593 -0.6507 -0.0000
vn 0.7980 -0.6027 -0.0000
vn 0.8321 -0.5546 -0.0000
vn 0.8640 -0.5035 -0.0000
vn 0.8931 -0.4498 -0.0000
vn 0.9191 -0.3941 -0.0000
vn 0.9415 -0.3370 -0.0000
vn 0.9602 -0.2792 -0.0000
vn 0.9752 -0.2212 -0.0000
vn 0.9865 -0.1638 -0.0000
vn 0.9986 -0.0529 -0.0000
vn 1.0000 -0.0043 -0.0000
vn 0.9994 0.0339 -0.0000
vn 0.9978 0.0657 -0.0000
vn 0.9955 0.0953 -0.0000
vn 0.9924 0.1227 -0.0000
vn 0.9890 0.1482 -0.0000
vn 0.9851 0.1719 -0.0000
vn 0.9810 0.1939 -0.0000
vn 0.9767 0.2145 -0.0000
vn 0.9723 0.2336 -0.0000
vn 0.9679 0.2515 -0.0000
vn 0.9634 0.2682 -0.0000
vn 0.9602 0.2795 -0.0000
vn 0.9593 0.2823 -0.0000
vn 0.9596 0.2814 -0.0000
vn 0.9599 0.2804 -0.0000
vn 0.9602 0.2792 -0.0000
vn 0.9607 0.2776 -0.0000
vn 0.9613 0.2756 -0.0000
vn 0.9620 0.2730 -0.0000
vn 0.9630 0.2694 -0.0000
vn 0.9645 0.2642 -0.0000
vn 0.9668 0.2557 -0.0000
vn 0.9709 0.2394 -0.0000
vn 0.9784 0.2069 -0.0000
vn 0.9826 0.1856 -0.0000
vn 0.9825 0.1861 -0.0000
vn 0.9824 0.1866 -0.0000
vn 0.9823 0.1871 -0.0000
vn 0.9822 0.1876 -0.0000
vn 0.9821 0.1881 -0.0000
vn 0.9820 0.1887 -0.0000
vn 0.9819 0.1892 -0.0000
vn 0.9818 0.1897 -0.0000
vn 0.9817 0.1902 -0.0000
vn 0.9817 0.1907 -0.0000
vn 0.9792 0.2028 -0.0000
vn 0.9750 0.2224 -0.0000
vn 0.9711 0.2386 -0.0000
vn 0.9665 0.2568 -0.0000
vn 0.9608 0.2773 -0.0000
vn 0.9538 0.3004 -0.0000
vn 0.9451 0.3268 -0.0000
vn 0.9341 0.3570 -0.0000
vn 0.9200 0.3919 -0.0000
vn 0.9017 0.4323 -0.0000
vn 0.8775 0.4796 -0.0000
vn 0.8450 0.5347 -0.0000
vn 0.8050 0.5933 -0.0000
vn 0.7624 0.6471 -0.0000
vn 0.7168 0.6973 -0.0000
vn 0.6647 0.7471 -0.0000
vn 0.6058 0.7956 -0.0000
vn 0.5406 0.8413 -0.0000
vn 0.4695 0.8829 -0.0000
vn 0.3939 0.9192 -0.0000
vn 0.3150 0.9491 -0.0000
vn 0.2345 0.9721 -0.0000
vn 0.1543 0.9880 -0.0000
vn 0.0759 0.9971 -0.0000
vn -0.0029 1.0000 -0.0000
vn -0.0886 0.9961 -0.0000
vn -0.1824 0.9832 -0.0000
vn -0.2800 0.9600 -0.0000
vn -0.3787 0.9255 -0.0000
vn -0.4751 0.8800 -0.0000
vn -0.5657 0.8246 -0.0000
vn -0.6480 0.7616 -0.0000
vn -0.7201 0.6938 -0.0000
vn -0.7814 0.6240 -0.0000
vn -0.8321 0.5546 -0.0000
vn -0.8731 0.4876 -0.0000
vn -0.9060 0.4233 -0.0000
vn -0.9291 0.3699 -0.0000
vn -0.9437 0.3309 -0.0000
vn -0.9541 0.2996 -0.0000
vn -0.9617 0.2741 -0.0000
vn -0.9675 0.2530 -0.0000
vn -0.9755 0.2200 -0.0000
vn -0.9784 0.2069 -0.0000
vn -0.9807 0.1954 -0.0000
vn -0.9827 0.1854 -0.0000
vn -0.9843 0.1766 -0.0000
vn -0.9851 0.1721 -0.0000
vn -0.9842 0.1771 -0.0000
vn -0.9822 0.1877 -0.0000
vn -0.9802 0.1980 -0.0000
vn -0.9781 0.2080 -0.0000
vn -0.9760 0.2176 -0.0000
vn -0.9739 0.2270 -0.0000
vn -0.9717 0.2361 -0.0000
vn -0.9696 0.2449 -0.0000
vn -0.9674 0.2534 -0.0000
vn -0.9651 0.2617 -0.0000
vn -0.9629 0.2698 -0.0000
vn -0.0422 0.9991 -0.0000
vn 0.9369 0.3497 -0.0000
vn 0.9400 0.3413 -0.0000
vn 0.9429 0.3330 -0.0000
vn 0.9457 0.3249 -0.0000
vn 0.9484 0.3170 -0.0000
vn 0.9510 0.3092 -0.0000
vn 0.9534 0.3017 -0.0000
vn 0.9557 0.2942 -0.0000
vn 0.9579 0.2870 -0.0000
vn 0.9600 0.2799 -0.0000
vn 0.9620 0.2729 -0.0000
vn 0.9674 0.2531 -0.0000
vn 0.9509 0.3096 -0.0000
vn 0.9117 0.4109 -0.0000
vn 0.8810 0.4732 -0.0000
vn 0.8412 0.5407 -0.0000
vn 0.7905 0.6124 -0.0000
vn 0.7271 0.6866 -0.0000
vn 0.6496 0.7602 -0.0000
vn 0.5582 0.8297 -0.0000
vn 0.4546 0.8907 -0.0000
vn 0.3421 0.9397 -0.0000
vn 0.2257 0.9742 -0.0000
vn 0.1105 0.9939 -0.0000
vn -0.0055 1.0000 -0.0000
vn -0.1323 0.9912 -0.0000
vn -0.2677 0.9635 -0.0000
vn -0.3999 0.9165 -0.0000
vn -0.5215 0.8533 -0.0000
vn -0.6271 0.7789 -0.0000
vn -0.7146 0.6996 -0.0000
vn -0.7843 0.6203 -0.0000
vn -0.8386 0.5448 -0.0000
vn -0.8800 0.4751 -0.0000
vn -0.9112 0.4119 -0.0000
vn -0.9347 0.3553 -0.0000
vn -0.9502 0.3115 -0.0000
vn -0.9601 0.2796 -0.0000
vn -0.9675 0.2528 -0.0000
vn -0.9729 0.2311 -0.0000
vn -0.9770 0.2131 -0.0000
vn -0.9802 0.1979 -0.0000
vn -0.9827 0.1850 -0.0000
vn -0.9848 0.1739 -0.0000
vn -0.9864 0.1642 -0.0000
vn -0.9878 0.1557 -0.0000
vn -0.9890 0.1481 -0.0000
vn -0.9899 0.1414 -0.0000
vn -0.9903 0.1388 -0.0000
vn -0.9896 0.1440 -0.0000
vn -0.9881 0.1535 -0.0000
vn -0.9866 0.1634 -0.0000
vn -0.9828 0.1848 -0.0000
vn -0.9806 0.1962 -0.0000
vn -0.9781 0.2082 -0.0000
vn -0.9753 0.2208 -0.0000
vn -0.9722 0.2341 -0.0000
vn -0.9688 0.2480 -0.0000
vn -0.9649 0.2627 -0.0000
vn -0.9620 0.2730 -0.0000
vn -0.9615 0.2747 -0.0000
vn -0.9622 0.2723 -0.0000
vn -0.9630 0.2694 -0.0000
vn -0.9640 0.2659 -0.0000
vn -0.9652 0.2615 -0.0000
vn -0.9667 0.2558 -0.0000
vn -0.9687 0.2482 -0.0000
vn -0.9714 0.2375 -0.0000
vn -0.9752 0.2213 -0.0000
vn -0.9811 0.1937 -0.0000
vn -0.9907 0.1357 -0.0000
vn -0.9977 -0.0685 -0.0000
vn -0.9903 -0.1393 -0.0000
vn -0.9773 -0.2119 -0.0000
vn -0.9585 -0.2852 -0.0000
vn -0.9337 -0.3580 -0.0000
vn -0.9034 -0.4288 -0.0000
vn -0.8681 -0.4965 -0.0000
vn -0.8285 -0.5599 -0.0000
vn -0.7409 -0.6717 -0.0000
vn -0.6948 -0.7192 -0.0000
vn -0.6426 -0.7662 -0.0000
vn -0.5919 -0.8060 -0.0000
vn -0.5475 -0.8368 -0.0000
vn -0.5000 -0.8660 -0.0000
vn -0.4496 -0.8932 -0.0000
vn -0.3967 -0.9180 -0.0000
vn -0.3417 -0.9398 -0.0000
vn -0.2852 -0.9585 -0.0000
vn -0.2277 -0.9737 -0.0000
vn -0.1699 -0.9855 -0.0000
vn -0.1123 -0.9937 -0.0000
vn -0.0556 -0.9985 -0.0000
vn 0.0167 -0.9999 -0.0000
vn 0.1246 -0.9922 -0.0000
vn 0.2528 -0.9675 -0.0000
vn 0.3796 -0.9252 -0.0000
vn 0.4982 -0.8670 -0.0000
vn 0.6035 -0.7973 -0.0000
vn 0.6926 -0.7213 -0.0000
vn 0.7652 -0.6438 -0.0000
vn 0.8226 -0.5686 -0.0000
vn 0.8671 -0.4981 -0.0000
vn 0.9012 -0.4334 -0.0000
vn 0.9270 -0.3749 -0.0000
vn 0.9580 -0.2869 -0.0000
vn 0.9712 -0.2382 -0.0000
vn 0.9696 -0.2446 -0.0000
vn 0.9725 -0.2329 -0.0000
vn 0.9749 -0.2225 -0.0000
vn 0.9770 -0.2132 -0.0000
vn 0.9788 -0.2048 -0.0000
vn 0.9803 -0.1973 -0.0000
vn 0.9817 -0.1905 -0.0000
vn 0.9829 -0.1842 -0.0000
vn 0.9839 -0.1785 -0.0000
vn 0.9849 -0.1733 -0.0000
vn 0.9857 -0.1684 -0.0000
vn -0.9468 -0.3220 -0.0000
vn -0.9457 -0.3251 -0.0000
vn -0.9448 -0.3277 -0.0000
vn -0.9440 -0.3299 -0.0000
vn -0.9433 -0.3319 -0.0000
vn -0.9427 -0.3336 -0.0000
vn -0.9422 -0.3351 -0.0000
vn -0.9417 -0.3365 -0.0000
vn -0.9413 -0.3377 -0.0000
vn -0.9409 -0.3388 -0.0000
vn -0.9405 -0.3398 -0.0000
vn -0.9457 -0.3252 -0.0000
vn -0.9480 -0.3184 -0.0000
vn -0.9432 -0.3323 -0.0000
vn -0.9391 -0.3437 -0.0000
vn -0.9346 -0.3556 -0.0000
vn -0.9298 -0.3681 -0.0000
vn -0.9244 -0.3813 -0.0000
vn -0.9186 -0.3953 -0.0000
vn -0.9121 -0.4099 -0.0000
vn -0.9050 -0.4254 -0.0000
vn -0.8972 -0.4417 -0.0000
vn -0.8885 -0.4589 -0.0000
vn -0.8788 -0.4771 -0.0000
vn -0.8631 -0.5050 -0.0000
vn -0.8331 -0.5531 -0.0000
vn -0.7903 -0.6128 -0.0000
vn -0.7390 -0.6738 -0.0000
vn -0.6787 -0.7344 -0.0000
vn -0.6094 -0.7928 -0.0000
vn -0.5318 -0.8469 -0.0000
vn -0.4471 -0.8945 -0.0000
vn -0.3576 -0.9339 -0.0000
vn -0.2656 -0.9641 -0.0000
vn -0.1740 -0.9847 -0.0000
vn -0.0851 -0.9964 -0.0000
vn 0.0043 -1.0000 -0.0000
vn 0.1026 -0.9947 -0.0000
vn 0.2093 -0.9779 -0.0000
vn 0.3172 -0.9483 -0.0000
vn 0.4225 -0.9064 -0.0000
vn 0.5211 -0.8535 -0.0000
vn 0.6099 -0.7925 -0.0000
vn 0.6871 -0.7265 -0.0000
vn 0.7523 -0.6588 -0.0000
vn 0.8060 -0.5919 -0.0000
vn 0.8494 -0.5277 -0.0000
vn 0.8841 -0.4673 -0.0000
vn 0.9313 -0.3643 -0.0000
vn -0.6555 -0.7552 -0.0000
vn -0.6110 -0.7916 -0.0000
vn -0.5649 -0.8252 -0.0000
vn -0.5154 -0.8569 -0.0000
vn -0.4629 -0.8864 -0.0000
vn -0.4078 -0.9131 -0.0000
vn -0.3506 -0.9365 -0.0000
vn -0.2919 -0.9565 -0.0000
vn -0.2325 -0.9726 -0.0000
vn -0.1730 -0.9849 -0.0000
vn -0.0563 -0.9984 -0.0000
vn 0.0292 -0.9996 -0.0000
vn 0.1587 -0.9873 -0.0000
vn 0.2868 -0.9580 -0.0000
vn 0.3849 -0.9229 -0.0000
vn 0.4601 -0.8878 -0.0000
vn 0.5184 -0.8552 -0.0000
vn 0.5641 -0.8257 -0.0000
vn 0.6006 -0.7995 -0.0000
vn 0.6303 -0.7764 -0.0000
vn 0.6547 -0.7559 -0.0000
vn 0.6750 -0.7378 -0.0000
vn 0.6922 -0.7217 -0.0000
vn 0.1660 -0.9861 -0.0000
vn -0.4239 -0.9057 -0.0000
vn -0.4160 -0.9094 -0.0000
vn -0.4077 -0.9131 -0.0000
vn -0.3989 -0.9170 -0.0000
vn -0.3896 -0.9210 -0.0000
vn -0.3797 -0.9251 -0.0000
vn -0.3692 -0.9293 -0.0000
vn -0.3581 -0.9337 -0.0000
vn -0.3463 -0.9381 -0.0000
vn -0.3337 -0.9427 -0.0000
vn -0.3202 -0.9473 -0.0000
vn -0.3055 -0.9522 -0.0000
vn -0.2891 -0.9573 -0.0000
vn -0.2712 -0.9625 -0.0000
vn -0.2520 -0.9677 -0.0000
vn -0.2314 -0.9728 -0.0000
vn -0.2093 -0.9778 -0.0000
vn -0.1856 -0.9826 -0.0000
vn -0.1600 -0.9871 -0.0000
vn -0.1325 -0.9912 -0.0000
vn -0.1029 -0.9947 -0.0000
vn -0.0710 -0.9975 -0.0000
vn -0.0366 -0.9993 -0.0000
vn 0.0020 -1.0000 -0.0000
vn 0.0470 -0.9989 -0.0000
vn 0.0974 -0.9952 -0.0000
vn 0.1517 -0.9884 -0.0000
vn 0.2099 -0.9777 -0.0000
vn 0.2717 -0.9624 -0.0000
vn 0.3366 -0.9417 -0.0000
vn 0.4038 -0.9148 -0.0000
vn 0.4723 -0.8815 -0.0000
vn 0.5407 -0.8412 -0.0000
vn 0.6076 -0.7943 -0.0000
vn 0.6714 -0.7411 -0.0000
vn 0.7307 -0.6827 -0.0000
vn 0.7842 -0.6205 -0.0000
vn 0.8314 -0.5557 -0.0000
vn 0.8718 -0.4899 -0.0000
vn 0.9055 -0.4243 -0.0000
vn 0.9329 -0.3602 -0.0000
vn 0.9544 -0.2985 -0.0000
vn 0.9708 -0.2399 -0.0000
vn 0.9828 -0.1847 -0.0000
vn 0.9911 -0.1332 -0.0000
vn 0.9963 -0.0854 -0.0000
vn 0.9992 -0.0412 -0.0000
vn 1.0000 0.0056 -0.0000
vn 0.9980 0.0633 -0.0000
vn 0.9917 0.1285 -0.0000
vn 0.9807 0.1954 -0.0000
vn 0.9648 0.2629 -0.0000
vn 0.9439 0.3302 -0.0000
vn 0.9182 0.3962 -0.0000
vn 0.8880 0.4598 -0.0000
vn 0.8540 0.5203 -0.0000
vn 0.8168 0.5770 -0.0000
vn 0.7772 0.6293 -0.0000
vn 0.7361 0.6769 -0.0000
vn 0.6939 0.7200 -0.0000
vn 0.6497 0.7602 -0.0000
vn 0.6016 0.7988 -0.0000
vn 0.5495 0.8355 -0.0000
vn 0.4937 0.8696 -0.0000
vn 0.4348 0.9005 -0.0000
vn 0.3735 0.9276 -0.0000
vn 0.3105 0.9506 -0.0000
vn 0.2467 0.9691 -0.0000
vn 0.1831 0.9831 -0.0000
vn 0.1203 0.9927 -0.0000
vn 0.0592 0.9982 -0.0000
vn 0.0029 1.0000 -0.0000
vn -0.0458 0.9990 -0.0000
vn -0.0893 0.9960 -0.0000
vn -0.1303 0.9915 -0.0000
vn -0.1687 0.9857 -0.0000
vn -0.2046 0.9788 -0.0000
vn -0.2381 0.9712 -0.0000
vn -0.2694 0.9630 -0.0000
vn -0.2985 0.9544 -0.0000
vn -0.3257 0.9455 -0.0000
vn -0.3509 0.9364 -0.0000
vn -0.3745 0.9272 -0.0000
vn -0.4001 0.9165 -0.0000
vn -0.4351 0.9004 -0.0000
vn -0.4789 0.8778 -0.0000
vn -0.5281 0.8492 -0.0000
vn -0.5828 0.8126 -0.0000
vn -0.6431 0.7658 -0.0000
vn -0.7083 0.7059 -0.0000
vn -0.7765 0.6301 -0.0000
vn -0.8443 0.5359 -0.0000
vn -0.9065 0.4222 -0.0000
vn -0.9567 0.2910 -0.0000
vn -0.9890 0.1477 -0.0000
vn -0.9997 0.0234 -0.0000
vn -0.9985 -0.0546 -0.0000
vn -0.9939 -0.1107 -0.0000
vn -0.9858 -0.1681 -0.0000
vn -0.9740 -0.2264 -0.0000
vn -0.9586 -0.2849 -0.0000
vn -0.9394 -0.3429 -0.0000
vn -0.9165 -0.3999 -0.0000
vn -0.8905 -0.4550 -0.0000
vn -0.8615 -0.5078 -0.0000
vn -0.8299 -0.5579 -0.0000
vn -0.7964 -0.6048 -0.0000
vn -0.8975 -0.4411 -0.0000
vn -0.9744 -0.2250 -0.0000
vn -0.9780 -0.2085 -0.0000
vn -0.9812 -0.1931 -0.0000
vn -0.9883 -0.1526 -0.0000
vn -0.9901 -0.1406 -0.0000
vn -0.9916 -0.1294 -0.0000
vn -0.9929 -0.1189 -0.0000
vn -0.9941 -0.1089 -0.0000
vn -0.9950 -0.0995 -0.0000
vn -0.9959 -0.0903 -0.0000
vn -0.9967 -0.0808 -0.0000
vn -0.9974 -0.0716 -0.0000
vn -0.9980 -0.0628 -0.0000
vn -0.9985 -0.0544 -0.0000
vn -0.9989 -0.0465 -0.0000
vn -0.9992 -0.0389 -0.0000
vn -0.9995 -0.0316 -0.0000
vn -0.9997 -0.0248 -0.0000
vn -0.9998 -0.0181 -0.0000
vn -1.0000 -0.0058 -0.0000
vn -1.0000 0.0016 -0.0000
vn -0.9999 0.0125 -0.0000
vn -0.9997 0.0262 -0.0000
vn -0.9991 0.0413 -0.0000
vn -0.9983 0.0581 -0.0000
vn -0.9970 0.0769 -0.0000
vn -0.9952 0.0981 -0.0000
vn -0.9888 0.1492 -0.0000
vn -0.9836 0.1805 -0.0000
vn -0.9763 0.2165 -0.0000
vn -0.9661 0.2583 -0.0000
vn -0.9493 0.3144 -0.0000
vn -0.9323 0.3616 -0.0000
vn -0.9243 0.3818 -0.0000
vn -0.9201 0.3916 -0.0000
vn -0.9176 0.3976 -0.0000
vn -0.9158 0.4016 -0.0000
vn -0.9146 0.4044 -0.0000
vn -0.9136 0.4065 -0.0000
vn -0.9129 0.4082 -0.0000
vn -0.9123 0.4096 -0.0000
vn -0.9118 0.4106 -0.0000
vn -0.9114 0.4116 -0.0000
vn -0.9114 0.4115 -0.0000
vn -0.9127 0.4086 -0.0000
vn -0.9150 0.4035 -0.0000
vn -0.9176 0.3975 -0.0000
vn -0.9208 0.3901 -0.0000
vn -0.9246 0.3810 -0.0000
vn -0.9293 0.3693 -0.0000
vn -0.9352 0.3540 -0.0000
vn -0.9429 0.3331 -0.0000
vn -0.9531 0.3026 -0.0000
vn -0.9672 0.2540 -0.0000
vn -0.9862 0.1656 -0.0000
vn -0.9993 0.0375 -0.0000
vn -0.9978 -0.0659 -0.0000
vn -0.9910 -0.1341 -0.0000
vn -0.9788 -0.2046 -0.0000
vn -0.9611 -0.2763 -0.0000
vn -0.9376 -0.3478 -0.0000
vn -0.9084 -0.4180 -0.0000
vn -0.8741 -0.4857 -0.0000
vn -0.8353 -0.5498 -0.0000
vn -0.7929 -0.6094 -0.0000
vn -0.7479 -0.6638 -0.0000
vn -0.7014 -0.7128 -0.0000
vn 0.9256 0.3784 -0.0000
vn 0.9928 -0.1197 -0.0000
vn 0.9935 -0.1139 -0.0000
vn 0.9942 -0.1075 -0.0000
vn 0.9949 -0.1004 -0.0000
vn 0.9957 -0.0926 -0.0000
vn 0.9965 -0.0838 -0.0000
vn 0.9973 -0.0741 -0.0000
vn 0.9980 -0.0630 -0.0000
vn 0.9987 -0.0504 -0.0000
vn 0.9994 -0.0359 -0.0000
vn 0.9998 -0.0192 -0.0000
vn 1.0000 -0.0022 -0.0000
vn 0.9999 0.0114 -0.0000
vn 0.9998 0.0223 -0.0000
vn 0.9995 0.0327 -0.0000
vn 0.9991 0.0426 -0.0000
vn 0.9986 0.0520 -0.0000
vn 0.9981 0.0610 -0.0000
vn 0.9976 0.0697 -0.0000
vn 0.9970 0.0780 -0.0000
vn 0.9963 0.0859 -0.0000
vn 0.9956 0.0935 -0.0000
vn 0.9949 0.1007 -0.0000
vn 0.9942 0.1077 -0.0000
vn 0.9934 0.1145 -0.0000
vn 0.9927 0.1210 -0.0000
vn 0.9919 0.1272 -0.0000
vn 0.9911 0.1331 -0.0000
vn 0.9903 0.1389 -0.0000
vn 0.9887 0.1497 -0.0000
vn 0.9879 0.1549 -0.0000
vn 0.9871 0.1598 -0.0000
vn 0.9864 0.1646 -0.0000
vn 0.9856 0.1693 -0.0000
vn 0.8915 -0.4530 -0.0000
vn 0.4372 -0.8994 -0.0000
vn 0.4267 -0.9044 -0.0000
vn 0.4156 -0.9096 -0.0000
vn 0.4038 -0.9149 -0.0000
vn 0.3913 -0.9203 -0.0000
vn 0.3780 -0.9258 -0.0000
vn 0.3640 -0.9314 -0.0000
vn 0.3490 -0.9371 -0.0000
vn 0.3330 -0.9429 -0.0000
vn 0.3161 -0.9487 -0.0000
vn 0.2980 -0.9546 -0.0000
vn 0.2799 -0.9600 -0.0000
vn 0.2630 -0.9648 -0.0000
vn 0.2463 -0.9692 -0.0000
vn 0.2284 -0.9736 -0.0000
vn 0.2094 -0.9778 -0.0000
vn 0.1890 -0.9820 -0.0000
vn 0.1672 -0.9859 -0.0000
vn 0.1439 -0.9896 -0.0000
vn 0.1189 -0.9929 -0.0000
vn 0.0921 -0.9957 -0.0000
vn 0.0634 -0.9980 -0.0000
vn 0.0327 -0.9995 -0.0000
vn -0.0081 -1.0000 -0.0000
vn -0.0668 -0.9978 -0.0000
vn -0.1352 -0.9908 -0.0000
vn -0.2045 -0.9789 -0.0000
vn -0.2739 -0.9618 -0.0000
vn -0.3422 -0.9396 -0.0000
vn -0.4083 -0.9128 -0.0000
vn -0.4714 -0.8819 -0.0000
vn -0.5306 -0.8476 -0.0000
vn -0.5855 -0.8106 -0.0000
vn -0.6358 -0.7719 -0.0000
vn -0.6812 -0.7321 -0.0000
vn -0.7221 -0.6918 -0.0000
vn -0.7601 -0.6498 -0.0000
vn -0.7970 -0.6040 -0.0000
vn -0.8325 -0.5541 -0.0000
vn -0.8659 -0.5002 -0.0000
vn -0.8967 -0.4427 -0.0000
vn -0.9241 -0.3823 -0.0000
vn -0.9476 -0.3195 -0.0000
vn -0.9669 -0.2552 -0.0000
vn -0.9817 -0.1903 -0.0000
vn -0.9921 -0.1257 -0.0000
vn -0.9981 -0.0621 -0.0000
vn -1.0000 -0.0077 -0.0000
vn -0.9995 0.0315 -0.0000
vn -0.9979 0.0653 -0.0000
vn -0.9948 0.1021 -0.0000
vn -0.9727 0.2322 -0.0000
vn -0.9592 0.2827 -0.0000
vn -0.9416 0.3367 -0.0000
vn -0.9191 0.3940 -0.0000
vn -0.8909 0.4542 -0.0000
vn -0.8563 0.5165 -0.0000
vn -0.8146 0.5801 -0.0000
vn -0.7653 0.6437 -0.0000
vn -0.7085 0.7058 -0.0000
vn -0.6448 0.7644 -0.0000
vn -0.5752 0.8180 -0.0000
vn -0.5013 0.8653 -0.0000
vn -0.4247 0.9053 -0.0000
vn -0.3475 0.9377 -0.0000
vn -0.2713 0.9625 -0.0000
vn -0.1976 0.9803 -0.0000
vn -0.1274 0.9918 -0.0000
vn -0.0617 0.9981 -0.0000
vn 0.0278 0.9996 -0.0000
vn 0.0561 0.9984 -0.0000
vn 0.0846 0.9964 -0.0000
vn 0.1135 0.9935 -0.0000
vn 0.1426 0.9898 -0.0000
vn 0.1719 0.9851 -0.0000
vn 0.2013 0.9795 -0.0000
vn 0.2306 0.9730 -0.0000
vn 0.2599 0.9656 -0.0000
vn 0.2890 0.9573 -0.0000
vn 0.3179 0.9481 -0.0000
vn 0.3462 0.9382 -0.0000
vn 0.3734 0.9277 -0.0000
vn 0.4000 0.9165 -0.0000
vn 0.4261 0.9047 -0.0000
vn 0.4516 0.8922 -0.0000
vn 0.4766 0.8791 -0.0000
vn 0.5010 0.8654 -0.0000
vn 0.5247 0.8513 -0.0000
vn 0.5477 0.8367 -0.0000
vn 0.5700 0.8216 -0.0000
vn 0.5915 0.8063 -0.0000
vn 0.6123 0.7906 -0.0000
vn -0.9999 0.0159 -0.0000
vn -1.0000 -0.0018 -0.0000
vn -1.0000 -0.0037 -0.0000
vn -1.0000 -0.0060 -0.0000
vn -1.0000 -0.0085 -0.0000
vn -0.9999 -0.0115 -0.0000
vn -0.9999 -0.0150 -0.0000
vn -0.9998 -0.0192 -0.0000
vn -0.9997 -0.0242 -0.0000
vn -0.9995 -0.0305 -0.0000
vn -0.9993 -0.0384 -0.0000
vn -0.9988 -0.0488 -0.0000
vn -0.9906 -0.1365 -0.0000
vn -0.9744 -0.2248 -0.0000
vn -0.9455 -0.3256 -0.0000
vn -0.8994 -0.4372 -0.0000
vn -0.8315 -0.5556 -0.0000
vn -0.7395 -0.6732 -0.0000
vn -0.6252 -0.7805 -0.0000
vn -0.4952 -0.8688 -0.0000
vn -0.3596 -0.9331 -0.0000
vn -0.2281 -0.9736 -0.0000
vn -0.1078 -0.9942 -0.0000
vn -0.0031 -1.0000 -0.0000
vn 0.0954 -0.9954 -0.0000
vn 0.2043 -0.9789 -0.0000
vn 0.3273 -0.9449 -0.0000
vn 0.4600 -0.8879 -0.0000
vn 0.5940 -0.8045 -0.0000
vn 0.7179 -0.6961 -0.0000
vn 0.8215 -0.5703 -0.0000
vn 0.8990 -0.4379 -0.0000
vn 0.9509 -0.3096 -0.0000
vn 0.9813 -0.1925 -0.0000
vn 0.9960 -0.0897 -0.0000
vn 0.9990 -0.0458 -0.0000
vn 0.6169 -0.7870 -0.0000
vn -0.2245 -0.9745 -0.0000
vn -0.2939 -0.9558 -0.0000
vn -0.3658 -0.9307 -0.0000
vn -0.4390 -0.8985 -0.0000
vn -0.5120 -0.8590 -0.0000
vn -0.5830 -0.8125 -0.0000
vn -0.7128 -0.7014 -0.0000
vn -0.7689 -0.6394 -0.0000
vn -0.8181 -0.5751 -0.0000
vn -0.8601 -0.5101 -0.0000
vn -0.9694 -0.2453 -0.0000
vn -0.9999 -0.0135 -0.0000
vn -0.9927 -0.1204 -0.0000
vn -0.9829 -0.1841 -0.0000
vn -0.9489 -0.3157 -0.0000
vn -0.9243 -0.3816 -0.0000
vn -0.8610 -0.5087 -0.0000
vn -0.8231 -0.5679 -0.0000
vn -0.7820 -0.6233 -0.0000
vn -0.7384 -0.6743 -0.0000
vn -0.6930 -0.7210 -0.0000
vn -0.6446 -0.7645 -0.0000
vn -0.5923 -0.8057 -0.0000
vn -0.5363 -0.8440 -0.0000
vn -0.4775 -0.8786 -0.0000
vn -0.4166 -0.9091 -0.0000
vn -0.3544 -0.9351 -0.0000
vn -0.2918 -0.9565 -0.0000
vn -0.2298 -0.9732 -0.0000
vn -0.1691 -0.9856 -0.0000
vn -0.1103 -0.9939 -0.0000
vn -0.0539 -0.9985 -0.0000
vn 0.0005 -1.0000 -0.0000
vn 0.0563 -0.9984 -0.0000
vn 0.1160 -0.9932 -0.0000
vn 0.1794 -0.9838 -0.0000
vn 0.2459 -0.9693 -0.0000
vn 0.3147 -0.9492 -0.0000
vn 0.3849 -0.9230 -0.0000
vn 0.4552 -0.8904 -0.0000
vn 0.5242 -0.8516 -0.0000
vn 0.5905 -0.8071 -0.0000
vn 0.6528 -0.7575 -0.0000
vn 0.7101 -0.7041 -0.0000
vn 0.7529 -0.6581 -0.0000
vn 0.7890 -0.6143 -0.0000
vn 0.8277 -0.5611 -0.0000
vn 0.8630 -0.5052 -0.0000
vn 0.8944 -0.4473 -0.0000
vn 0.9216 -0.3882 -0.0000
vn 0.9444 -0.3287 -0.0000
vn 0.9630 -0.2696 -0.0000
vn 0.9773 -0.2117 -0.0000
vn 0.9879 -0.1553 -0.0000
vn 0.9949 -0.1011 -0.0000
vn 0.9988 -0.0494 -0.0000
vn 0.9999 -0.0120 -0.0000
vn 1.0000 0.0013 -0.0000
vn 1.0000 0.0048 -0.0000
vn 1.0000 0.0091 -0.0000
vn 0.9999 0.0129 -0.0000
vn 0.9998 0.0190 -0.0000
vn 0.9998 0.0216 -0.0000
vn 0.9997 0.0239 -0.0000
vn 0.9997 0.0259 -0.0000
vn 0.9996 0.0278 -0.0000
vn 0.9996 0.0295 -0.0000
vn 0.9995 0.0310 -0.0000
vn 0.9995 0.0317 -0.0000
vn 0.9995 0.0311 -0.0000
vn 0.9987 0.0515 -0.0000
vn 0.9944 0.1052 -0.0000
vn 0.9869 0.1612 -0.0000
vn 0.9758 0.2189 -0.0000
vn 0.9606 0.2778 -0.0000
vn 0.9413 0.3375 -0.0000
vn 0.9179 0.3969 -0.0000
vn 0.8903 0.4554 -0.0000
vn 0.8589 0.5122 -0.0000
vn 0.8239 0.5667 -0.0000
vn 0.7861 0.6181 -0.0000
vn 0.7433 0.6690 -0.0000
vn 0.6917 0.7222 -0.0000
vn 0.6327 0.7744 -0.0000
vn 0.5693 0.8221 -0.0000
vn 0.5028 0.8644 -0.0000
vn 0.4345 0.9007 -0.0000
vn 0.3659 0.9307 -0.0000
vn 0.2980 0.9546 -0.0000
vn 0.2321 0.9727 -0.0000
vn 0.1689 0.9856 -0.0000
vn 0.1090 0.9940 -0.0000
vn 0.0528 0.9986 -0.0000
vn -0.0093 1.0000 -0.0000
vn -0.0929 0.9957 -0.0000
vn -0.1957 0.9807 -0.0000
vn -0.3078 0.9514 -0.0000
vn -0.4256 0.9049 -0.0000
vn -0.5432 0.8396 -0.0000
vn -0.6535 0.7570 -0.0000
vn -0.7503 0.6611 -0.0000
vn -0.8297 0.5583 -0.0000
vn -0.8906 0.4548 -0.0000
vn -0.9346 0.3558 -0.0000
vn -0.9644 0.2646 -0.0000
vn -0.3578 0.9338 -0.0000
vn 0.5572 0.8304 -0.0000
vn 0.5140 0.8578 -0.0000
vn 0.4683 0.8836 -0.0000
vn 0.4202 0.9074 -0.0000
vn 0.3701 0.9290 -0.0000
vn 0.3184 0.9480 -0.0000
vn 0.2655 0.9641 -0.0000
vn 0.2119 0.9773 -0.0000
vn 0.1581 0.9874 -0.0000
vn 0.1046 0.9945 -0.0000
vn 0.0518 0.9987 -0.0000
vn -0.0161 0.9999 -0.0000
vn -0.1225 0.9925 -0.0000
vn -0.2592 0.9658 -0.0000
vn -0.4067 0.9136 -0.0000
vn -0.5541 0.8325 -0.0000
vn -0.6881 0.7256 -0.0000
vn -0.7982 0.6024 -0.0000
vn -0.8799 0.4752 -0.0000
vn -0.9352 0.3542 -0.0000
vn -0.9695 0.2453 -0.0000
vn -0.9886 0.1506 -0.0000
vn -0.9976 0.0698 -0.0000
vn -1.0000 0.0072 -0.0000
vn -1.0000 0.0036 -0.0000
vn -0.9984 0.0559 -0.0000
vn -0.9966 0.0823 -0.0000
vn -0.9968 0.0804 -0.0000
vn -0.9988 0.0493 -0.0000
vn -0.9809 -0.1945 -0.0000
vn -0.8838 -0.4679 -0.0000
vn -0.8470 -0.5317 -0.0000
vn 0.6858 -0.7278 -0.0000
vn 0.4793 -0.8777 -0.0000
vn 0.9594 -0.2821 -0.0000
vn 0.9989 -0.0463 -0.0000
vn 0.9811 0.1936 -0.0000
vn 0.9652 0.2617 -0.0000
vn 0.4129 0.9108 -0.0000
vn 0.2971 0.9548 -0.0000
vn -0.7124 0.7017 -0.0000
vn -0.9142 0.4052 -0.0000
vn -0.9639 0.2664 -0.0000
vn -0.9990 -0.0458 -0.0000
vn -0.9912 -0.1321 -0.0000
vn -0.9949 -0.1008 -0.0000
vn -0.9961 -0.0887 -0.0000
vn -0.9985 0.0539 -0.0000
vn -0.7583 0.6519 -0.0000
vn -0.3435 0.9392 -0.0000
vn -0.2764 0.9610 -0.0000
vn 0.7831 0.6218 -0.0000
vn 1.0000 -0.0048 -0.0000
vn 1.0000 -0.0066 -0.0000
vn 0.9999 -0.0165 -0.0000
vn 1.0000 0.0080 -0.0000
vn 0.9979 0.0643 -0.0000
vn 0.6585 0.7526 -0.0000
vn -0.5144 0.8576 -0.0000
vn -0.5665 0.8241 -0.0000
vn -0.6155 0.7882 -0.0000
vt 0.481268 0.000000
vt 0.487032 0.000000
vt 0.484150 0.000000
vt 0.489914 0.000000
vt 0.478386 0.000000
vt 0.492795 0.000000
vt 0.495677 0.000000
vt 0.475504 0.000000
vt 0.498559 0.000000
vt 0.930836 0.000000
vt 0.936599 0.000000
vt 0.933718 0.000000
vt 0.939481 0.000000
vt 0.501441 0.000000
vt 0.927954 0.000000
vt 0.942363 0.000000
vt 0.472622 0.000000
vt 0.945245 0.000000
vt 0.504323 0.000000
vt 0.925072 0.000000
vt 0.948127 0.000000
vt 0.507205 0.000000
vt 0.951009 0.000000
vt 0.469741 0.000000
vt 0.922190 0.000000
vt 0.953891 0.000000
vt 0.510086 0.000000
vt 0.956772 0.000000
vt 0.919308 0.000000
vt 0.466859 0.000000
vt 0.512968 0.000000
vt 0.959654 0.000000
vt 0.515850 0.000000
vt 0.916427 0.000000
vt 0.962536 0.000000
vt 0.463977 0.000000
vt 0.518732 0.000000
vt 0.965418 0.000000
vt 0.913545 0.000000
vt 0.521614 0.000000
vt 0.968300 0.000000
vt 0.461095 0.000000
vt 0.524496 0.000000
vt 0.971182 0.000000
vt 0.910663 0.000000
vt 0.527378 0.000000
vt 0.974063 0.000000
vt 0.458213 0.000000
vt 0.976945 0.000000
vt 0.530259 0.000000
vt 0.907781 0.000000
vt 0.979827 0.000000
vt 0.533141 0.000000
vt 0.455331 0.000000
vt 0.982709 0.000000
vt 0.536023 0.000000
vt 0.904899 0.000000
vt 0.985591 0.000000
vt 0.538905 0.000000
vt 0.452450 0.000000
vt 0.988473 0.000000
vt 0.541787 0.000000
vt 0.902017 0.000000
vt 0.991354 0.000000
vt 0.544669 0.000000
vt 0.449568 0.000000
vt 0.994236 0.000000
vt 0.547550 0.000000
vt 0.899135 0.000000
vt 0.997118 0.000000
vt 0.550432 0.000000
vt 0.446686 0.000000
vt 1.000000 0.000000
vt 0.553314 0.000000
vt 0.896254 0.000000
vt 0.000000 0.000000
vt 0.556196 0.000000
vt 0.002882 0.000000
vt 0.559078 0.000000
vt 0.443804 0.000000
vt 0.561960 0.000000
vt 0.893372 0.000000
vt 0.564842 0.000000
vt 0.567723 0.000000
vt 0.440922 0.000000
vt 0.570605 0.000000
vt 0.890490 0.000000
vt 0.573487 0.000000
vt 0.438040 0.000000
vt 0.005764 0.000000
vt 0.576369 0.000000
vt 0.887608 0.000000
vt 0.579251 0.000000
vt 0.435158 0.000000
vt 0.582133 0.000000
vt 0.884726 0.000000
vt 0.585014 0.000000
vt 0.432277 0.000000
vt 0.008646 0.000000
vt 0.587896 0.000000
vt 0.881844 0.000000
vt 0.590778 0.000000
vt 0.429395 0.000000
vt 0.593660 0.000000
vt 0.878963 0.000000
vt 0.426513 0.000000
vt 0.596542 0.000000
vt 0.011527 0.000000
vt 0.599424 0.000000
vt 0.876081 0.000000
vt 0.423631 0.000000
vt 0.602305 0.000000
vt 0.605187 0.000000
vt 0.420749 0.000000
vt 0.014409 0.000000
vt 0.873199 0.000000
vt 0.608069 0.000000
vt 0.610951 0.000000
vt 0.417867 0.000000
vt 0.613833 0.000000
vt 0.870317 0.000000
vt 0.017291 0.000000
vt 0.616715 0.000000
vt 0.414986 0.000000
vt 0.619597 0.000000
vt 0.622478 0.000000
vt 0.412104 0.000000
vt 0.625360 0.000000
vt 0.867435 0.000000
vt 0.020173 0.000000
vt 0.628242 0.000000
vt 0.023055 0.000000
vt 0.409222 0.000000
vt 0.864553 0.000000
vt 0.631124 0.000000
vt 0.025937 0.000000
vt 0.028818 0.000000
vt 0.406340 0.000000
vt 0.634006 0.000000
vt 0.861671 0.000000
vt 0.034582 0.000000
vt 0.031700 0.000000
vt 0.858790 0.000000
vt 0.037464 0.000000
vt 0.855908 0.000000
vt 0.040346 0.000000
vt 0.636888 0.000000
vt 0.853026 0.000000
vt 0.403458 0.000000
vt 0.043228 0.000000
vt 0.850144 0.000000
vt 0.639769 0.000000
vt 0.046110 0.000000
vt 0.847262 0.000000
vt 0.048991 0.000000
vt 0.642651 0.000000
vt 0.844380 0.000000
vt 0.400576 0.000000
vt 0.051873 0.000000
vt 0.841499 0.000000
vt 0.645533 0.000000
vt 0.054755 0.000000
vt 0.838617 0.000000
vt 0.648415 0.000000
vt 0.397695 0.000000
vt 0.057637 0.000000
vt 0.835735 0.000000
vt 0.651297 0.000000
vt 0.060519 0.000000
vt 0.832853 0.000000
vt 0.394813 0.000000
vt 0.654179 0.000000
vt 0.063401 0.000000
vt 0.829971 0.000000
vt 0.657061 0.000000
vt 0.066282 0.000000
vt 0.827089 0.000000
vt 0.659942 0.000000
vt 0.391931 0.000000
vt 0.824207 0.000000
vt 0.069164 0.000000
vt 0.662824 0.000000
vt 0.821326 0.000000
vt 0.072046 0.000000
vt 0.665706 0.000000
vt 0.818444 0.000000
vt 0.389049 0.000000
vt 0.668588 0.000000
vt 0.815562 0.000000
vt 0.074928 0.000000
vt 0.671470 0.000000
vt 0.812680 0.000000
vt 0.077810 0.000000
vt 0.386167 0.000000
vt 0.674352 0.000000
vt 0.809798 0.000000
vt 0.677233 0.000000
vt 0.080692 0.000000
vt 0.806916 0.000000
vt 0.680115 0.000000
vt 0.804035 0.000000
vt 0.083573 0.000000
vt 0.383285 0.000000
vt 0.682997 0.000000
vt 0.801153 0.000000
vt 0.086455 0.000000
vt 0.685879 0.000000
vt 0.798271 0.000000
vt 0.688761 0.000000
vt 0.089337 0.000000
vt 0.795389 0.000000
vt 0.380403 0.000000
vt 0.691643 0.000000
vt 0.792507 0.000000
vt 0.092219 0.000000
vt 0.789625 0.000000
vt 0.694524 0.000000
vt 0.786744 0.000000
vt 0.697406 0.000000
vt 0.700288 0.000000
vt 0.783862 0.000000
vt 0.703170 0.000000
vt 0.706052 0.000000
vt 0.708934 0.000000
vt 0.780980 0.000000
vt 0.095101 0.000000
vt 0.711816 0.000000
vt 0.714697 0.000000
vt 0.778098 0.000000
vt 0.717579 0.000000
vt 0.720461 0.000000
vt 0.723343 0.000000
vt 0.775216 0.000000
vt 0.726225 0.000000
vt 0.729107 0.000000
vt 0.772334 0.000000
vt 0.731988 0.000000
vt 0.734870 0.000000
vt 0.769452 0.000000
vt 0.737752 0.000000
vt 0.740634 0.000000
vt 0.743516 0.000000
vt 0.766571 0.000000
vt 0.746398 0.000000
vt 0.749280 0.000000
vt 0.763689 0.000000
vt 0.752161 0.000000
vt 0.755043 0.000000
vt 0.760807 0.000000
vt 0.757925 0.000000
vt 0.097983 0.000000
vt 0.377522 0.000000
vt 0.100865 0.000000
vt 0.374640 0.000000
vt 0.103746 0.000000
vt 0.106628 0.000000
vt 0.109510 0.000000
vt 0.371758 0.000000
vt 0.112392 0.000000
vt 0.115274 0.000000
vt 0.118156 0.000000
vt 0.121037 0.000000
vt 0.123919 0.000000
vt 0.368876 0.000000
vt 0.126801 0.000000
vt 0.129683 0.000000
vt 0.132565 0.000000
vt 0.365994 0.000000
vt 0.135447 0.000000
vt 0.138329 0.000000
vt 0.141210 0.000000
vt 0.363112 0.000000
vt 0.144092 0.000000
vt 0.146974 0.000000
vt 0.360231 0.000000
vt 0.149856 0.000000
vt 0.152738 0.000000
vt 0.155620 0.000000
vt 0.357349 0.000000
vt 0.158501 0.000000
vt 0.161383 0.000000
vt 0.164265 0.000000
vt 0.354467 0.000000
vt 0.167147 0.000000
vt 0.170029 0.000000
vt 0.172911 0.000000
vt 0.175793 0.000000
vt 0.351585 0.000000
vt 0.178674 0.000000
vt 0.348703 0.000000
vt 0.181556 0.000000
vt 0.184438 0.000000
vt 0.345821 0.000000
vt 0.187320 0.000000
vt 0.342939 0.000000
vt 0.190202 0.000000
vt 0.340058 0.000000
vt 0.276657 0.000000
vt 0.193084 0.000000
vt 0.279539 0.000000
vt 0.273775 0.000000
vt 0.195965 0.000000
vt 0.337176 0.000000
vt 0.282421 0.000000
vt 0.270893 0.000000
vt 0.198847 0.000000
vt 0.334294 0.000000
vt 0.285303 0.000000
vt 0.201729 0.000000
vt 0.331412 0.000000
vt 0.288184 0.000000
vt 0.268012 0.000000
vt 0.204611 0.000000
vt 0.291066 0.000000
vt 0.328530 0.000000
vt 0.293948 0.000000
vt 0.325648 0.000000
vt 0.207493 0.000000
vt 0.265130 0.000000
vt 0.296830 0.000000
vt 0.322767 0.000000
vt 0.210375 0.000000
vt 0.299712 0.000000
vt 0.319885 0.000000
vt 0.262248 0.000000
vt 0.302594 0.000000
vt 0.317003 0.000000
vt 0.305476 0.000000
vt 0.213256 0.000000
vt 0.314121 0.000000
vt 0.308357 0.000000
vt 0.311239 0.000000
vt 0.259366 0.000000
vt 0.216138 0.000000
vt 0.219020 0.000000
vt 0.256484 0.000000
vt 0.221902 0.000000
vt 0.253602 0.000000
vt 0.224784 0.000000
vt 0.227666 0.000000
vt 0.250720 0.000000
vt 0.230548 0.000000
vt 0.247839 0.000000
vt 0.233429 0.000000
vt 0.236311 0.000000
vt 0.244957 0.000000
vt 0.239193 0.000000
vt 0.242075 0.000000
vt 0.934066 0.000000
vt 0.945055 0.000000
vt 0.939560 0.000000
vt 0.928571 0.000000
vt 0.950549 0.000000
vt 0.923077 0.000000
vt 0.956044 0.000000
vt 0.917582 0.000000
vt 0.912088 0.000000
vt 0.961538 0.000000
vt 0.802198 0.000000
vt 0.813187 0.000000
vt 0.807692 0.000000
vt 0.796703 0.000000
vt 0.818681 0.000000
vt 0.791209 0.000000
vt 0.785714 0.000000
vt 0.824176 0.000000
vt 0.780220 0.000000
vt 0.906593 0.000000
vt 0.774725 0.000000
vt 0.829670 0.000000
vt 0.769231 0.000000
vt 0.967033 0.000000
vt 0.835165 0.000000
vt 0.763736 0.000000
vt 0.901099 0.000000
vt 0.758242 0.000000
vt 0.840659 0.000000
vt 0.752747 0.000000
vt 0.747253 0.000000
vt 0.895604 0.000000
vt 0.972527 0.000000
vt 0.846154 0.000000
vt 0.741758 0.000000
vt 0.736264 0.000000
vt 0.851648 0.000000
vt 0.890110 0.000000
vt 0.730769 0.000000
vt 0.978022 0.000000
vt 0.725275 0.000000
vt 0.857143 0.000000
vt 0.884615 0.000000
vt 0.719780 0.000000
vt 0.862637 0.000000
vt 0.714286 0.000000
vt 0.708791 0.000000
vt 0.983516 0.000000
vt 0.879121 0.000000
vt 0.868132 0.000000
vt 0.703297 0.000000
vt 0.697802 0.000000
vt 0.873626 0.000000
vt 0.692308 0.000000
vt 0.989011 0.000000
vt 0.686813 0.000000
vt 0.681319 0.000000
vt 0.675824 0.000000
vt 0.670330 0.000000
vt 0.994505 0.000000
vt 0.664835 0.000000
vt 0.659341 0.000000
vt 0.653846 0.000000
vt 0.648352 0.000000
vt 0.642857 0.000000
vt 0.637363 0.000000
vt 0.631868 0.000000
vt 0.626374 0.000000
vt 0.620879 0.000000
vt 0.615385 0.000000
vt 0.203297 0.000000
vt 0.609890 0.000000
vt 0.604396 0.000000
vt 0.598901 0.000000
vt 0.208791 0.000000
vt 0.197802 0.000000
vt 0.593407 0.000000
vt 0.214286 0.000000
vt 0.005495 0.000000
vt 0.587912 0.000000
vt 0.219780 0.000000
vt 0.010989 0.000000
vt 0.582418 0.000000
vt 0.016484 0.000000
vt 0.225275 0.000000
vt 0.576923 0.000000
vt 0.021978 0.000000
vt 0.571429 0.000000
vt 0.027473 0.000000
vt 0.230769 0.000000
vt 0.032967 0.000000
vt 0.565934 0.000000
vt 0.038462 0.000000
vt 0.560440 0.000000
vt 0.236264 0.000000
vt 0.043956 0.000000
vt 0.554945 0.000000
vt 0.049451 0.000000
vt 0.054945 0.000000
vt 0.549451 0.000000
vt 0.060440 0.000000
vt 0.543956 0.000000
vt 0.065934 0.000000
vt 0.241758 0.000000
vt 0.071429 0.000000
vt 0.538462 0.000000
vt 0.269231 0.000000
vt 0.263736 0.000000
vt 0.258242 0.000000
vt 0.252747 0.000000
vt 0.247253 0.000000
vt 0.192308 0.000000
vt 0.076923 0.000000
vt 0.186813 0.000000
vt 0.082418 0.000000
vt 0.181319 0.000000
vt 0.087912 0.000000
vt 0.175824 0.000000
vt 0.093407 0.000000
vt 0.170330 0.000000
vt 0.098901 0.000000
vt 0.164835 0.000000
vt 0.104396 0.000000
vt 0.159341 0.000000
vt 0.109890 0.000000
vt 0.153846 0.000000
vt 0.115385 0.000000
vt 0.148352 0.000000
vt 0.120879 0.000000
vt 0.142857 0.000000
vt 0.126374 0.000000
vt 0.137363 0.000000
vt 0.131868 0.000000
vt 0.274725 0.000000
vt 0.532967 0.000000
vt 0.280220 0.000000
vt 0.527473 0.000000
vt 0.285714 0.000000
vt 0.521978 0.000000
vt 0.291209 0.000000
vt 0.516484 0.000000
vt 0.296703 0.000000
vt 0.510989 0.000000
vt 0.302198 0.000000
vt 0.505495 0.000000
vt 0.307692 0.000000
vt 0.500000 0.000000
vt 0.313187 0.000000
vt 0.494505 0.000000
vt 0.318681 0.000000
vt 0.489011 0.000000
vt 0.324176 0.000000
vt 0.483516 0.000000
vt 0.329670 0.000000
vt 0.478022 0.000000
vt 0.335165 0.000000
vt 0.472527 0.000000
vt 0.340659 0.000000
vt 0.467033 0.000000
vt 0.346154 0.000000
vt 0.461538 0.000000
vt 0.351648 0.000000
vt 0.456044 0.000000
vt 0.357143 0.000000
vt 0.450549 0.000000
vt 0.362637 0.000000
vt 0.445055 0.000000
vt 0.368132 0.000000
vt 0.439560 0.000000
vt 0.373626 0.000000
vt 0.434066 0.000000
vt 0.379121 0.000000
vt 0.428571 0.000000
vt 0.384615 0.000000
vt 0.423077 0.000000
vt 0.390110 0.000000
vt 0.417582 0.000000
vt 0.395604 0.000000
vt 0.412088 0.000000
vt 0.401099 0.000000
vt 0.406593 0.000000
vt 0.283582 0.000000
vt 0.289552 0.000000
vt 0.286567 0.000000
vt 0.292537 0.000000
vt 0.280597 0.000000
vt 0.295522 0.000000
vt 0.298507 0.000000
vt 0.277612 0.000000
vt 0.301493 0.000000
vt 0.304478 0.000000
vt 0.274627 0.000000
vt 0.307463 0.000000
vt 0.310448 0.000000
vt 0.271642 0.000000
vt 0.313433 0.000000
vt 0.268657 0.000000
vt 0.316418 0.000000
vt 0.319403 0.000000
vt 0.265672 0.000000
vt 0.322388 0.000000
vt 0.325373 0.000000
vt 0.262687 0.000000
vt 0.328358 0.000000
vt 0.259701 0.000000
vt 0.331343 0.000000
vt 0.334328 0.000000
vt 0.256716 0.000000
vt 0.337313 0.000000
vt 0.340299 0.000000
vt 0.253731 0.000000
vt 0.343284 0.000000
vt 0.346269 0.000000
vt 0.250746 0.000000
vt 0.349254 0.000000
vt 0.352239 0.000000
vt 0.247761 0.000000
vt 0.355224 0.000000
vt 0.358209 0.000000
vt 0.244776 0.000000
vt 0.361194 0.000000
vt 0.364179 0.000000
vt 0.367164 0.000000
vt 0.370149 0.000000
vt 0.373134 0.000000
vt 0.241791 0.000000
vt 0.791045 0.000000
vt 0.788060 0.000000
vt 0.376119 0.000000
vt 0.379104 0.000000
vt 0.785075 0.000000
vt 0.782090 0.000000
vt 0.779104 0.000000
vt 0.776119 0.000000
vt 0.773134 0.000000
vt 0.794030 0.000000
vt 0.770149 0.000000
vt 0.767164 0.000000
vt 0.764179 0.000000
vt 0.761194 0.000000
vt 0.758209 0.000000
vt 0.797015 0.000000
vt 0.755224 0.000000
vt 0.752239 0.000000
vt 0.749254 0.000000
vt 0.382090 0.000000
vt 0.746269 0.000000
vt 0.743284 0.000000
vt 0.800000 0.000000
vt 0.740299 0.000000
vt 0.737313 0.000000
vt 0.734328 0.000000
vt 0.385075 0.000000
vt 0.731343 0.000000
vt 0.728358 0.000000
vt 0.802985 0.000000
vt 0.725373 0.000000
vt 0.722388 0.000000
vt 0.388060 0.000000
vt 0.719403 0.000000
vt 0.716418 0.000000
vt 0.805970 0.000000
vt 0.713433 0.000000
vt 0.391045 0.000000
vt 0.238806 0.000000
vt 0.394030 0.000000
vt 0.808955 0.000000
vt 0.710448 0.000000
vt 0.397015 0.000000
vt 0.707463 0.000000
vt 0.400000 0.000000
vt 0.811940 0.000000
vt 0.402985 0.000000
vt 0.704478 0.000000
vt 0.814925 0.000000
vt 0.405970 0.000000
vt 0.701493 0.000000
vt 0.235821 0.000000
vt 0.408955 0.000000
vt 0.698507 0.000000
vt 0.817910 0.000000
vt 0.411940 0.000000
vt 0.695522 0.000000
vt 0.820895 0.000000
vt 0.414925 0.000000
vt 0.692537 0.000000
vt 0.417910 0.000000
vt 0.689552 0.000000
vt 0.232836 0.000000
vt 0.823881 0.000000
vt 0.686567 0.000000
vt 0.420896 0.000000
vt 0.683582 0.000000
vt 0.423881 0.000000
vt 0.680597 0.000000
vt 0.826866 0.000000
vt 0.426866 0.000000
vt 0.677612 0.000000
vt 0.674627 0.000000
vt 0.429851 0.000000
vt 0.229851 0.000000
vt 0.829851 0.000000
vt 0.671642 0.000000
vt 0.432836 0.000000
vt 0.668657 0.000000
vt 0.665672 0.000000
vt 0.435821 0.000000
vt 0.832836 0.000000
vt 0.662687 0.000000
vt 0.438806 0.000000
vt 0.659701 0.000000
vt 0.226866 0.000000
vt 0.656716 0.000000
vt 0.441791 0.000000
vt 0.835821 0.000000
vt 0.653731 0.000000
vt 0.650746 0.000000
vt 0.444776 0.000000
vt 0.647761 0.000000
vt 0.644776 0.000000
vt 0.838806 0.000000
vt 0.447761 0.000000
vt 0.641791 0.000000
vt 0.223881 0.000000
vt 0.450746 0.000000
vt 0.841791 0.000000
vt 0.638806 0.000000
vt 0.453731 0.000000
vt 0.456716 0.000000
vt 0.844776 0.000000
vt 0.635821 0.000000
vt 0.220896 0.000000
vt 0.459701 0.000000
vt 0.847761 0.000000
vt 0.462687 0.000000
vt 0.632836 0.000000
vt 0.465672 0.000000
vt 0.850746 0.000000
vt 0.217910 0.000000
vt 0.468657 0.000000
vt 0.629851 0.000000
vt 0.853731 0.000000
vt 0.471642 0.000000
vt 0.626866 0.000000
vt 0.214925 0.000000
vt 0.856716 0.000000
vt 0.859702 0.000000
vt 0.474627 0.000000
vt 0.623881 0.000000
vt 0.211940 0.000000
vt 0.862687 0.000000
vt 0.477612 0.000000
vt 0.620896 0.000000
vt 0.865672 0.000000
vt 0.480597 0.000000
vt 0.208955 0.000000
vt 0.617910 0.000000
vt 0.868657 0.000000
vt 0.483582 0.000000
vt 0.871642 0.000000
vt 0.205970 0.000000
vt 0.614925 0.000000
vt 0.874627 0.000000
vt 0.486567 0.000000
vt 0.877612 0.000000
vt 0.489552 0.000000
vt 0.611940 0.000000
vt 0.202985 0.000000
vt 0.880597 0.000000
vt 0.492537 0.000000
vt 0.883582 0.000000
vt 0.495522 0.000000
vt 0.200000 0.000000
vt 0.886567 0.000000
vt 0.608955 0.000000
vt 0.498507 0.000000
vt 0.889552 0.000000
vt 0.892537 0.000000
vt 0.501493 0.000000
vt 0.197015 0.000000
vt 0.895522 0.000000
vt 0.504478 0.000000
vt 0.997015 0.000000
vt 0.507463 0.000000
vt 0.510448 0.000000
vt 0.994030 0.000000
vt 0.898507 0.000000
vt 0.513433 0.000000
vt 0.991045 0.000000
vt 0.516418 0.000000
vt 0.901493 0.000000
vt 0.988060 0.000000
vt 0.519403 0.000000
vt 0.194030 0.000000
vt 0.985075 0.000000
vt 0.904478 0.000000
vt 0.982090 0.000000
vt 0.522388 0.000000
vt 0.979104 0.000000
vt 0.907463 0.000000
vt 0.976119 0.000000
vt 0.525373 0.000000
vt 0.973134 0.000000
vt 0.910448 0.000000
vt 0.970149 0.000000
vt 0.528358 0.000000
vt 0.967164 0.000000
vt 0.913433 0.000000
vt 0.191045 0.000000
vt 0.964179 0.000000
vt 0.961194 0.000000
vt 0.916418 0.000000
vt 0.958209 0.000000
vt 0.531343 0.000000
vt 0.919403 0.000000
vt 0.955224 0.000000
vt 0.952239 0.000000
vt 0.922388 0.000000
vt 0.949254 0.000000
vt 0.946269 0.000000
vt 0.925373 0.000000
vt 0.943284 0.000000
vt 0.940298 0.000000
vt 0.928358 0.000000
vt 0.937313 0.000000
vt 0.534328 0.000000
vt 0.934328 0.000000
vt 0.931343 0.000000
vt 0.188060 0.000000
vt 0.537313 0.000000
vt 0.540299 0.000000
vt 0.185075 0.000000
vt 0.543284 0.000000
vt 0.546269 0.000000
vt 0.182090 0.000000
vt 0.549254 0.000000
vt 0.552239 0.000000
vt 0.179104 0.000000
vt 0.555224 0.000000
vt 0.558209 0.000000
vt 0.561194 0.000000
vt 0.176119 0.000000
vt 0.564179 0.000000
vt 0.567164 0.000000
vt 0.570149 0.000000
vt 0.573134 0.000000
vt 0.576119 0.000000
vt 0.173134 0.000000
vt 0.579104 0.000000
vt 0.071642 0.000000
vt 0.582090 0.000000
vt 0.170149 0.000000
vt 0.074627 0.000000
vt 0.068657 0.000000
vt 0.585075 0.000000
vt 0.077612 0.000000
vt 0.588060 0.000000
vt 0.080597 0.000000
vt 0.065672 0.000000
vt 0.167164 0.000000
vt 0.591045 0.000000
vt 0.083582 0.000000
vt 0.594030 0.000000
vt 0.086567 0.000000
vt 0.062687 0.000000
vt 0.164179 0.000000
vt 0.597015 0.000000
vt 0.089552 0.000000
vt 0.092537 0.000000
vt 0.600000 0.000000
vt 0.059701 0.000000
vt 0.095522 0.000000
vt 0.161194 0.000000
vt 0.602985 0.000000
vt 0.098507 0.000000
vt 0.605970 0.000000
vt 0.101493 0.000000
vt 0.056716 0.000000
vt 0.158209 0.000000
vt 0.104478 0.000000
vt 0.107463 0.000000
vt 0.002985 0.000000
vt 0.053731 0.000000
vt 0.110448 0.000000
vt 0.155224 0.000000
vt 0.113433 0.000000
vt 0.005970 0.000000
vt 0.116418 0.000000
vt 0.152239 0.000000
vt 0.050746 0.000000
vt 0.008955 0.000000
vt 0.119403 0.000000
vt 0.122388 0.000000
vt 0.011940 0.000000
vt 0.149254 0.000000
vt 0.125373 0.000000
vt 0.047761 0.000000
vt 0.128358 0.000000
vt 0.014925 0.000000
vt 0.131343 0.000000
vt 0.146269 0.000000
vt 0.134328 0.000000
vt 0.137313 0.000000
vt 0.017910 0.000000
vt 0.143284 0.000000
vt 0.140299 0.000000
vt 0.044776 0.000000
vt 0.020896 0.000000
vt 0.041791 0.000000
vt 0.023881 0.000000
vt 0.026866 0.000000
vt 0.038806 0.000000
vt 0.029851 0.000000
vt 0.032836 0.000000
vt 0.035821 0.000000
vt 0.566372 0.000000
vt 0.572271 0.000000
vt 0.569322 0.000000
vt 0.563422 0.000000
vt 0.575221 0.000000
vt 0.560472 0.000000
vt 0.578171 0.000000
vt 0.557522 0.000000
vt 0.581121 0.000000
vt 0.386431 0.000000
vt 0.392330 0.000000
vt 0.389381 0.000000
vt 0.383481 0.000000
vt 0.395280 0.000000
vt 0.554572 0.000000
vt 0.380531 0.000000
vt 0.398230 0.000000
vt 0.584071 0.000000
vt 0.377581 0.000000
vt 0.401180 0.000000
vt 0.374631 0.000000
vt 0.551622 0.000000
vt 0.404130 0.000000
vt 0.371681 0.000000
vt 0.587021 0.000000
vt 0.407080 0.000000
vt 0.368732 0.000000
vt 0.548673 0.000000
vt 0.410030 0.000000
vt 0.365782 0.000000
vt 0.589971 0.000000
vt 0.412979 0.000000
vt 0.362832 0.000000
vt 0.545723 0.000000
vt 0.359882 0.000000
vt 0.415929 0.000000
vt 0.592920 0.000000
vt 0.542773 0.000000
vt 0.356932 0.000000
vt 0.418879 0.000000
vt 0.595870 0.000000
vt 0.353982 0.000000
vt 0.421829 0.000000
vt 0.539823 0.000000
vt 0.351032 0.000000
vt 0.424779 0.000000
vt 0.598820 0.000000
vt 0.348083 0.000000
vt 0.536873 0.000000
vt 0.427729 0.000000
vt 0.345133 0.000000
vt 0.601770 0.000000
vt 0.533923 0.000000
vt 0.430678 0.000000
vt 0.342183 0.000000
vt 0.604720 0.000000
vt 0.433628 0.000000
vt 0.530973 0.000000
vt 0.339233 0.000000
vt 0.436578 0.000000
vt 0.607670 0.000000
vt 0.336283 0.000000
vt 0.610619 0.000000
vt 0.439528 0.000000
vt 0.333333 0.000000
vt 0.613569 0.000000
vt 0.616519 0.000000
vt 0.442478 0.000000
vt 0.330383 0.000000
vt 0.619469 0.000000
vt 0.445428 0.000000
vt 0.622419 0.000000
vt 0.327434 0.000000
vt 0.625369 0.000000
vt 0.448378 0.000000
vt 0.324484 0.000000
vt 0.628319 0.000000
vt 0.321534 0.000000
vt 0.451327 0.000000
vt 0.631268 0.000000
vt 0.634218 0.000000
vt 0.318584 0.000000
vt 0.454277 0.000000
vt 0.637168 0.000000
vt 0.315634 0.000000
vt 0.528024 0.000000
vt 0.457227 0.000000
vt 0.640118 0.000000
vt 0.312684 0.000000
vt 0.643068 0.000000
vt 0.309735 0.000000
vt 0.460177 0.000000
vt 0.525074 0.000000
vt 0.306785 0.000000
vt 0.463127 0.000000
vt 0.303835 0.000000
vt 0.646018 0.000000
vt 0.522124 0.000000
vt 0.300885 0.000000
vt 0.466077 0.000000
vt 0.297935 0.000000
vt 0.519174 0.000000
vt 0.294985 0.000000
vt 0.469027 0.000000
vt 0.648968 0.000000
vt 0.292035 0.000000
vt 0.471976 0.000000
vt 0.289086 0.000000
vt 0.516224 0.000000
vt 0.651917 0.000000
vt 0.286136 0.000000
vt 0.474926 0.000000
vt 0.283186 0.000000
vt 0.513274 0.000000
vt 0.280236 0.000000
vt 0.277286 0.000000
vt 0.855457 0.000000
vt 0.654867 0.000000
vt 0.477876 0.000000
vt 0.274336 0.000000
vt 0.858407 0.000000
vt 0.852507 0.000000
vt 0.510324 0.000000
vt 0.271386 0.000000
vt 0.861357 0.000000
vt 0.035398 0.000000
vt 0.480826 0.000000
vt 0.268437 0.000000
vt 0.038348 0.000000
vt 0.032448 0.000000
vt 0.657817 0.000000
vt 0.864307 0.000000
vt 0.849558 0.000000
vt 0.265487 0.000000
vt 0.507375 0.000000
vt 0.041298 0.000000
vt 0.867257 0.000000
vt 0.483776 0.000000
vt 0.029499 0.000000
vt 0.262537 0.000000
vt 0.044248 0.000000
vt 0.870206 0.000000
vt 0.846608 0.000000
vt 0.660767 0.000000
vt 0.504425 0.000000
vt 0.259587 0.000000
vt 0.486726 0.000000
vt 0.047198 0.000000
vt 0.026549 0.000000
vt 0.873156 0.000000
vt 0.843658 0.000000
vt 0.256637 0.000000
vt 0.050147 0.000000
vt 0.663717 0.000000
vt 0.501475 0.000000
vt 0.876106 0.000000
vt 0.489676 0.000000
vt 0.023599 0.000000
vt 0.053097 0.000000
vt 0.253687 0.000000
vt 0.840708 0.000000
vt 0.879056 0.000000
vt 0.498525 0.000000
vt 0.492625 0.000000
vt 0.020649 0.000000
vt 0.666667 0.000000
vt 0.056047 0.000000
vt 0.882006 0.000000
vt 0.250737 0.000000
vt 0.837758 0.000000
vt 0.017699 0.000000
vt 0.495575 0.000000
vt 0.669617 0.000000
vt 0.884956 0.000000
vt 0.058997 0.000000
vt 0.834808 0.000000
vt 0.247788 0.000000
vt 0.014749 0.000000
vt 0.887906 0.000000
vt 0.061947 0.000000
vt 0.672566 0.000000
vt 0.831858 0.000000
vt 0.244838 0.000000
vt 0.011799 0.000000
vt 0.890855 0.000000
vt 0.064897 0.000000
vt 0.828909 0.000000
vt 0.675516 0.000000
vt 0.241888 0.000000
vt 0.008850 0.000000
vt 0.825959 0.000000
vt 0.893805 0.000000
vt 0.067847 0.000000
vt 0.238938 0.000000
vt 0.678466 0.000000
vt 0.005900 0.000000
vt 0.823009 0.000000
vt 0.235988 0.000000
vt 0.070796 0.000000
vt 0.820059 0.000000
vt 0.681416 0.000000
vt 0.002950 0.000000
vt 0.233038 0.000000
vt 0.817109 0.000000
vt 0.073746 0.000000
vt 0.684366 0.000000
vt 0.230089 0.000000
vt 0.076696 0.000000
vt 0.079646 0.000000
vt 0.227139 0.000000
vt 0.687316 0.000000
vt 0.082596 0.000000
vt 0.896755 0.000000
vt 0.085546 0.000000
vt 0.224189 0.000000
vt 0.690265 0.000000
vt 0.899705 0.000000
vt 0.088496 0.000000
vt 0.221239 0.000000
vt 0.902655 0.000000
vt 0.091445 0.000000
vt 0.693215 0.000000
vt 0.905605 0.000000
vt 0.094395 0.000000
vt 0.218289 0.000000
vt 0.908555 0.000000
vt 0.097345 0.000000
vt 0.696165 0.000000
vt 0.911504 0.000000
vt 0.100295 0.000000
vt 0.215339 0.000000
vt 0.914454 0.000000
vt 0.699115 0.000000
vt 0.103245 0.000000
vt 0.917404 0.000000
vt 0.212389 0.000000
vt 0.702065 0.000000
vt 0.920354 0.000000
vt 0.106195 0.000000
vt 0.923304 0.000000
vt 0.705015 0.000000
vt 0.209440 0.000000
vt 0.109145 0.000000
vt 0.814159 0.000000
vt 0.926254 0.000000
vt 0.707965 0.000000
vt 0.206490 0.000000
vt 0.997050 0.000000
vt 0.929204 0.000000
vt 0.710914 0.000000
vt 0.203540 0.000000
vt 0.112094 0.000000
vt 0.713864 0.000000
vt 0.200590 0.000000
vt 0.994100 0.000000
vt 0.811209 0.000000
vt 0.932153 0.000000
vt 0.716814 0.000000
vt 0.197640 0.000000
vt 0.935103 0.000000
vt 0.719764 0.000000
vt 0.194690 0.000000
vt 0.115044 0.000000
vt 0.991150 0.000000
vt 0.808260 0.000000
vt 0.191740 0.000000
vt 0.722714 0.000000
vt 0.938053 0.000000
vt 0.988201 0.000000
vt 0.188791 0.000000
vt 0.725664 0.000000
vt 0.117994 0.000000
vt 0.185841 0.000000
vt 0.941003 0.000000
vt 0.728614 0.000000
vt 0.805310 0.000000
vt 0.985251 0.000000
vt 0.182891 0.000000
vt 0.731563 0.000000
vt 0.120944 0.000000
vt 0.943953 0.000000
vt 0.179941 0.000000
vt 0.982301 0.000000
vt 0.734513 0.000000
vt 0.176991 0.000000
vt 0.946903 0.000000
vt 0.802360 0.000000
vt 0.979351 0.000000
vt 0.123894 0.000000
vt 0.737463 0.000000
vt 0.174041 0.000000
vt 0.949853 0.000000
vt 0.976401 0.000000
vt 0.740413 0.000000
vt 0.171091 0.000000
vt 0.952802 0.000000
vt 0.799410 0.000000
vt 0.126844 0.000000
vt 0.973451 0.000000
vt 0.743363 0.000000
vt 0.168142 0.000000
vt 0.955752 0.000000
vt 0.970501 0.000000
vt 0.958702 0.000000
vt 0.165192 0.000000
vt 0.746313 0.000000
vt 0.129794 0.000000
vt 0.967552 0.000000
vt 0.961652 0.000000
vt 0.796460 0.000000
vt 0.964602 0.000000
vt 0.162242 0.000000
vt 0.749263 0.000000
vt 0.159292 0.000000
vt 0.132743 0.000000
vt 0.752212 0.000000
vt 0.156342 0.000000
vt 0.793510 0.000000
vt 0.135693 0.000000
vt 0.153392 0.000000
vt 0.755162 0.000000
vt 0.150442 0.000000
vt 0.138643 0.000000
vt 0.758112 0.000000
vt 0.147493 0.000000
vt 0.144543 0.000000
vt 0.141593 0.000000
vt 0.790560 0.000000
vt 0.761062 0.000000
vt 0.764012 0.000000
vt 0.787611 0.000000
vt 0.766962 0.000000
vt 0.769912 0.000000
vt 0.784661 0.000000
vt 0.772861 0.000000
vt 0.775811 0.000000
vt 0.781711 0.000000
vt 0.778761 0.000000
vt 0.950000 0.000000
vt 0.954167 0.000000
vt 0.952083 0.000000
vt 0.956250 0.000000
vt 0.947917 0.000000
vt 0.958333 0.000000
vt 0.945833 0.000000
vt 0.960417 0.000000
vt 0.962500 0.000000
vt 0.943750 0.000000
vt 0.964583 0.000000
vt 0.941667 0.000000
vt 0.966667 0.000000
vt 0.968750 0.000000
vt 0.939583 0.000000
vt 0.970833 0.000000
vt 0.937500 0.000000
vt 0.972917 0.000000
vt 0.975000 0.000000
vt 0.935417 0.000000
vt 0.977083 0.000000
vt 0.933333 0.000000
vt 0.979167 0.000000
vt 0.047917 0.000000
vt 0.052083 0.000000
vt 0.050000 0.000000
vt 0.931250 0.000000
vt 0.981250 0.000000
vt 0.054167 0.000000
vt 0.045833 0.000000
vt 0.056250 0.000000
vt 0.043750 0.000000
vt 0.058333 0.000000
vt 0.983333 0.000000
vt 0.122917 0.000000
vt 0.127083 0.000000
vt 0.125000 0.000000
vt 0.120833 0.000000
vt 0.118750 0.000000
vt 0.129167 0.000000
vt 0.116667 0.000000
vt 0.041667 0.000000
vt 0.114583 0.000000
vt 0.929167 0.000000
vt 0.060417 0.000000
vt 0.112500 0.000000
vt 0.131250 0.000000
vt 0.110417 0.000000
vt 0.985417 0.000000
vt 0.108333 0.000000
vt 0.039583 0.000000
vt 0.062500 0.000000
vt 0.106250 0.000000
vt 0.133333 0.000000
vt 0.987500 0.000000
vt 0.104167 0.000000
vt 0.927083 0.000000
vt 0.102083 0.000000
vt 0.064583 0.000000
vt 0.037500 0.000000
vt 0.135417 0.000000
vt 0.989583 0.000000
vt 0.100000 0.000000
vt 0.097917 0.000000
vt 0.991667 0.000000
vt 0.066667 0.000000
vt 0.925000 0.000000
vt 0.095833 0.000000
vt 0.137500 0.000000
vt 0.035417 0.000000
vt 0.093750 0.000000
vt 0.993750 0.000000
vt 0.091667 0.000000
vt 0.068750 0.000000
vt 0.922917 0.000000
vt 0.995833 0.000000
vt 0.089583 0.000000
vt 0.139583 0.000000
vt 0.033333 0.000000
vt 0.087500 0.000000
vt 0.997917 0.000000
vt 0.920833 0.000000
vt 0.070833 0.000000
vt 0.085417 0.000000
vt 0.141667 0.000000
vt 0.083333 0.000000
vt 0.918750 0.000000
vt 0.031250 0.000000
vt 0.004167 0.000000
vt 0.072917 0.000000
vt 0.081250 0.000000
vt 0.006250 0.000000
vt 0.002083 0.000000
vt 0.008333 0.000000
vt 0.010417 0.000000
vt 0.916667 0.000000
vt 0.079167 0.000000
vt 0.012500 0.000000
vt 0.143750 0.000000
vt 0.075000 0.000000
vt 0.029167 0.000000
vt 0.077083 0.000000
vt 0.014583 0.000000
vt 0.914583 0.000000
vt 0.016667 0.000000
vt 0.912500 0.000000
vt 0.018750 0.000000
vt 0.145833 0.000000
vt 0.027083 0.000000
vt 0.020833 0.000000
vt 0.910417 0.000000
vt 0.022917 0.000000
vt 0.908333 0.000000
vt 0.147917 0.000000
vt 0.025000 0.000000
vt 0.906250 0.000000
vt 0.904167 0.000000
vt 0.150000 0.000000
vt 0.902083 0.000000
vt 0.900000 0.000000
vt 0.152083 0.000000
vt 0.897917 0.000000
vt 0.154167 0.000000
vt 0.895833 0.000000
vt 0.156250 0.000000
vt 0.893750 0.000000
vt 0.158333 0.000000
vt 0.891667 0.000000
vt 0.889583 0.000000
vt 0.160417 0.000000
vt 0.887500 0.000000
vt 0.350000 0.000000
vt 0.352083 0.000000
vt 0.347917 0.000000
vt 0.354167 0.000000
vt 0.162500 0.000000
vt 0.345833 0.000000
vt 0.356250 0.000000
vt 0.358333 0.000000
vt 0.343750 0.000000
vt 0.360417 0.000000
vt 0.885417 0.000000
vt 0.625000 0.000000
vt 0.362500 0.000000
vt 0.627083 0.000000
vt 0.622917 0.000000
vt 0.341667 0.000000
vt 0.364583 0.000000
vt 0.620833 0.000000
vt 0.366667 0.000000
vt 0.883333 0.000000
vt 0.629167 0.000000
vt 0.339583 0.000000
vt 0.368750 0.000000
vt 0.618750 0.000000
vt 0.164583 0.000000
vt 0.370833 0.000000
vt 0.616667 0.000000
vt 0.337500 0.000000
vt 0.372917 0.000000
vt 0.881250 0.000000
vt 0.631250 0.000000
vt 0.614583 0.000000
vt 0.375000 0.000000
vt 0.612500 0.000000
vt 0.335417 0.000000
vt 0.166667 0.000000
vt 0.377083 0.000000
vt 0.879167 0.000000
vt 0.633333 0.000000
vt 0.610417 0.000000
vt 0.379167 0.000000
vt 0.381250 0.000000
vt 0.608333 0.000000
vt 0.877083 0.000000
vt 0.635417 0.000000
vt 0.383333 0.000000
vt 0.606250 0.000000
vt 0.168750 0.000000
vt 0.385417 0.000000
vt 0.875000 0.000000
vt 0.637500 0.000000
vt 0.331250 0.000000
vt 0.604167 0.000000
vt 0.387500 0.000000
vt 0.389583 0.000000
vt 0.602083 0.000000
vt 0.872917 0.000000
vt 0.391667 0.000000
vt 0.639583 0.000000
vt 0.329167 0.000000
vt 0.170833 0.000000
vt 0.393750 0.000000
vt 0.395833 0.000000
vt 0.870833 0.000000
vt 0.597917 0.000000
vt 0.397917 0.000000
vt 0.641667 0.000000
vt 0.868750 0.000000
vt 0.327083 0.000000
vt 0.402083 0.000000
vt 0.595833 0.000000
vt 0.172917 0.000000
vt 0.866667 0.000000
vt 0.643750 0.000000
vt 0.404167 0.000000
vt 0.864583 0.000000
vt 0.325000 0.000000
vt 0.593750 0.000000
vt 0.645833 0.000000
vt 0.862500 0.000000
vt 0.406250 0.000000
vt 0.175000 0.000000
vt 0.591667 0.000000
vt 0.860417 0.000000
vt 0.322917 0.000000
vt 0.647917 0.000000
vt 0.858333 0.000000
vt 0.408333 0.000000
vt 0.320833 0.000000
vt 0.856250 0.000000
vt 0.589583 0.000000
vt 0.177083 0.000000
vt 0.650000 0.000000
vt 0.854167 0.000000
vt 0.318750 0.000000
vt 0.410417 0.000000
vt 0.852083 0.000000
vt 0.587500 0.000000
vt 0.850000 0.000000
vt 0.316667 0.000000
vt 0.652083 0.000000
vt 0.654167 0.000000
vt 0.179167 0.000000
vt 0.656250 0.000000
vt 0.658333 0.000000
vt 0.660417 0.000000
vt 0.412500 0.000000
vt 0.675000 0.000000
vt 0.662500 0.000000
vt 0.664583 0.000000
vt 0.668750 0.000000
vt 0.670833 0.000000
vt 0.672917 0.000000
vt 0.314583 0.000000
vt 0.585417 0.000000
vt 0.677083 0.000000
vt 0.414583 0.000000
vt 0.181250 0.000000
vt 0.312500 0.000000
vt 0.583333 0.000000
vt 0.679167 0.000000
vt 0.416667 0.000000
vt 0.310417 0.000000
vt 0.183333 0.000000
vt 0.581250 0.000000
vt 0.681250 0.000000
vt 0.308333 0.000000
vt 0.418750 0.000000
vt 0.185417 0.000000
vt 0.579167 0.000000
vt 0.306250 0.000000
vt 0.683333 0.000000
vt 0.420833 0.000000
vt 0.577083 0.000000
vt 0.304167 0.000000
vt 0.685417 0.000000
vt 0.187500 0.000000
vt 0.422917 0.000000
vt 0.687500 0.000000
vt 0.302083 0.000000
vt 0.575000 0.000000
vt 0.425000 0.000000
vt 0.189583 0.000000
vt 0.689583 0.000000
vt 0.300000 0.000000
vt 0.572917 0.000000
vt 0.427083 0.000000
vt 0.691667 0.000000
vt 0.191667 0.000000
vt 0.297917 0.000000
vt 0.570833 0.000000
vt 0.693750 0.000000
vt 0.429167 0.000000
vt 0.295833 0.000000
vt 0.695833 0.000000
vt 0.568750 0.000000
vt 0.193750 0.000000
vt 0.431250 0.000000
vt 0.697917 0.000000
vt 0.293750 0.000000
vt 0.700000 0.000000
vt 0.566667 0.000000
vt 0.433333 0.000000
vt 0.291667 0.000000
vt 0.702083 0.000000
vt 0.195833 0.000000
vt 0.704167 0.000000
vt 0.706250 0.000000
vt 0.564583 0.000000
vt 0.708333 0.000000
vt 0.435417 0.000000
vt 0.289583 0.000000
vt 0.710417 0.000000
vt 0.712500 0.000000
vt 0.847917 0.000000
vt 0.714583 0.000000
vt 0.716667 0.000000
vt 0.562500 0.000000
vt 0.287500 0.000000
vt 0.845833 0.000000
vt 0.718750 0.000000
vt 0.437500 0.000000
vt 0.720833 0.000000
vt 0.197917 0.000000
vt 0.722917 0.000000
vt 0.843750 0.000000
vt 0.725000 0.000000
vt 0.285417 0.000000
vt 0.560417 0.000000
vt 0.727083 0.000000
vt 0.439583 0.000000
vt 0.841667 0.000000
vt 0.729167 0.000000
vt 0.731250 0.000000
vt 0.283333 0.000000
vt 0.839583 0.000000
vt 0.733333 0.000000
vt 0.558333 0.000000
vt 0.441667 0.000000
vt 0.735417 0.000000
vt 0.837500 0.000000
vt 0.737500 0.000000
vt 0.281250 0.000000
vt 0.739583 0.000000
vt 0.835417 0.000000
vt 0.741667 0.000000
vt 0.556250 0.000000
vt 0.443750 0.000000
vt 0.743750 0.000000
vt 0.745833 0.000000
vt 0.833333 0.000000
vt 0.279167 0.000000
vt 0.747917 0.000000
vt 0.750000 0.000000
vt 0.752083 0.000000
vt 0.831250 0.000000
vt 0.554167 0.000000
vt 0.445833 0.000000
vt 0.754167 0.000000
vt 0.277083 0.000000
vt 0.829167 0.000000
vt 0.756250 0.000000
vt 0.827083 0.000000
vt 0.552083 0.000000
vt 0.758333 0.000000
vt 0.447917 0.000000
vt 0.275000 0.000000
vt 0.202083 0.000000
vt 0.825000 0.000000
vt 0.760417 0.000000
vt 0.204167 0.000000
vt 0.822917 0.000000
vt 0.762500 0.000000
vt 0.550000 0.000000
vt 0.272917 0.000000
vt 0.450000 0.000000
vt 0.764583 0.000000
vt 0.206250 0.000000
vt 0.820833 0.000000
vt 0.766667 0.000000
vt 0.208333 0.000000
vt 0.768750 0.000000
vt 0.818750 0.000000
vt 0.270833 0.000000
vt 0.210417 0.000000
vt 0.547917 0.000000
vt 0.452083 0.000000
vt 0.770833 0.000000
vt 0.816667 0.000000
vt 0.772917 0.000000
vt 0.212500 0.000000
vt 0.454167 0.000000
vt 0.545833 0.000000
vt 0.775000 0.000000
vt 0.814583 0.000000
vt 0.268750 0.000000
vt 0.214583 0.000000
vt 0.543750 0.000000
vt 0.456250 0.000000
vt 0.777083 0.000000
vt 0.812500 0.000000
vt 0.779167 0.000000
vt 0.216667 0.000000
vt 0.541667 0.000000
vt 0.458333 0.000000
vt 0.781250 0.000000
vt 0.810417 0.000000
vt 0.266667 0.000000
vt 0.218750 0.000000
vt 0.783333 0.000000
vt 0.785417 0.000000
vt 0.808333 0.000000
vt 0.539583 0.000000
vt 0.460417 0.000000
vt 0.787500 0.000000
vt 0.220833 0.000000
vt 0.806250 0.000000
vt 0.789583 0.000000
vt 0.791667 0.000000
vt 0.804167 0.000000
vt 0.537500 0.000000
vt 0.462500 0.000000
vt 0.264583 0.000000
vt 0.793750 0.000000
vt 0.222917 0.000000
vt 0.802083 0.000000
vt 0.795833 0.000000
vt 0.797917 0.000000
vt 0.225000 0.000000
vt 0.535417 0.000000
vt 0.464583 0.000000
vt 0.262500 0.000000
vt 0.227083 0.000000
vt 0.533333 0.000000
vt 0.466667 0.000000
vt 0.229167 0.000000
vt 0.260417 0.000000
vt 0.531250 0.000000
vt 0.468750 0.000000
vt 0.231250 0.000000
vt 0.233333 0.000000
vt 0.529167 0.000000
vt 0.470833 0.000000
vt 0.258333 0.000000
vt 0.235417 0.000000
vt 0.527083 0.000000
vt 0.472917 0.000000
vt 0.256250 0.000000
vt 0.237500 0.000000
vt 0.239583 0.000000
vt 0.254167 0.000000
vt 0.525000 0.000000
vt 0.475000 0.000000
vt 0.241667 0.000000
vt 0.243750 0.000000
vt 0.252083 0.000000
vt 0.245833 0.000000
vt 0.247917 0.000000
vt 0.250000 0.000000
vt 0.522917 0.000000
vt 0.477083 0.000000
vt 0.520833 0.000000
vt 0.479167 0.000000
vt 0.518750 0.000000
vt 0.481250 0.000000
vt 0.516667 0.000000
vt 0.483333 0.000000
vt 0.514583 0.000000
vt 0.485417 0.000000
vt 0.512500 0.000000
vt 0.487500 0.000000
vt 0.510417 0.000000
vt 0.489583 0.000000
vt 0.508333 0.000000
vt 0.491667 0.000000
vt 0.506250 0.000000
vt 0.493750 0.000000
vt 0.504167 0.000000
vt 0.495833 0.000000
vt 0.502083 0.000000
vt 0.497917 0.000000
vt 0.440000 0.000000
vt 0.446154 0.000000
vt 0.443077 0.000000
vt 0.436923 0.000000
vt 0.449231 0.000000
vt 0.433846 0.000000
vt 0.452308 0.000000
vt 0.430769 0.000000
vt 0.455385 0.000000
vt 0.427692 0.000000
vt 0.458462 0.000000
vt 0.424615 0.000000
vt 0.464615 0.000000
vt 0.467692 0.000000
vt 0.470769 0.000000
vt 0.473846 0.000000
vt 0.421538 0.000000
vt 0.476923 0.000000
vt 0.480000 0.000000
vt 0.483077 0.000000
vt 0.486154 0.000000
vt 0.489231 0.000000
vt 0.418462 0.000000
vt 0.492308 0.000000
vt 0.495385 0.000000
vt 0.415385 0.000000
vt 0.498462 0.000000
vt 0.501538 0.000000
vt 0.412308 0.000000
vt 0.504615 0.000000
vt 0.507692 0.000000
vt 0.409231 0.000000
vt 0.510769 0.000000
vt 0.406154 0.000000
vt 0.513846 0.000000
vt 0.403077 0.000000
vt 0.516923 0.000000
vt 0.520000 0.000000
vt 0.523077 0.000000
vt 0.396923 0.000000
vt 0.393846 0.000000
vt 0.390769 0.000000
vt 0.387692 0.000000
vt 0.526154 0.000000
vt 0.381538 0.000000
vt 0.378462 0.000000
vt 0.375385 0.000000
vt 0.529231 0.000000
vt 0.372308 0.000000
vt 0.369231 0.000000
vt 0.815385 0.000000
vt 0.532308 0.000000
vt 0.535385 0.000000
vt 0.818462 0.000000
vt 0.812308 0.000000
vt 0.809231 0.000000
vt 0.806154 0.000000
vt 0.803077 0.000000
vt 0.796923 0.000000
vt 0.793846 0.000000
vt 0.790769 0.000000
vt 0.787692 0.000000
vt 0.784615 0.000000
vt 0.781538 0.000000
vt 0.778462 0.000000
vt 0.775385 0.000000
vt 0.772308 0.000000
vt 0.766154 0.000000
vt 0.763077 0.000000
vt 0.760000 0.000000
vt 0.756923 0.000000
vt 0.541538 0.000000
vt 0.753846 0.000000
vt 0.750769 0.000000
vt 0.747692 0.000000
vt 0.544615 0.000000
vt 0.744615 0.000000
vt 0.741538 0.000000
vt 0.547692 0.000000
vt 0.996923 0.000000
vt 0.993846 0.000000
vt 0.990769 0.000000
vt 0.550769 0.000000
vt 0.987692 0.000000
vt 0.984615 0.000000
vt 0.981538 0.000000
vt 0.553846 0.000000
vt 0.978462 0.000000
vt 0.975385 0.000000
vt 0.972308 0.000000
vt 0.556923 0.000000
vt 0.969231 0.000000
vt 0.966154 0.000000
vt 0.963077 0.000000
vt 0.560000 0.000000
vt 0.960000 0.000000
vt 0.956923 0.000000
vt 0.953846 0.000000
vt 0.950769 0.000000
vt 0.563077 0.000000
vt 0.947692 0.000000
vt 0.944615 0.000000
vt 0.941538 0.000000
vt 0.938462 0.000000
vt 0.566154 0.000000
vt 0.935385 0.000000
vt 0.932308 0.000000
vt 0.929231 0.000000
vt 0.569231 0.000000
vt 0.926154 0.000000
vt 0.920000 0.000000
vt 0.572308 0.000000
vt 0.916923 0.000000
vt 0.913846 0.000000
vt 0.910769 0.000000
vt 0.907692 0.000000
vt 0.575385 0.000000
vt 0.904615 0.000000
vt 0.901538 0.000000
vt 0.898462 0.000000
vt 0.578462 0.000000
vt 0.895385 0.000000
vt 0.892308 0.000000
vt 0.889231 0.000000
vt 0.581538 0.000000
vt 0.886154 0.000000
vt 0.883077 0.000000
vt 0.880000 0.000000
vt 0.584615 0.000000
vt 0.876923 0.000000
vt 0.873846 0.000000
vt 0.587692 0.000000
vt 0.870769 0.000000
vt 0.867692 0.000000
vt 0.864615 0.000000
vt 0.861538 0.000000
vt 0.858462 0.000000
vt 0.821538 0.000000
vt 0.824615 0.000000
vt 0.827692 0.000000
vt 0.830769 0.000000
vt 0.833846 0.000000
vt 0.855385 0.000000
vt 0.836923 0.000000
vt 0.840000 0.000000
vt 0.843077 0.000000
vt 0.849231 0.000000
vt 0.852308 0.000000
vt 0.590769 0.000000
vt 0.593846 0.000000
vt 0.596923 0.000000
vt 0.603077 0.000000
vt 0.606154 0.000000
vt 0.609231 0.000000
vt 0.612308 0.000000
vt 0.618462 0.000000
vt 0.621538 0.000000
vt 0.624615 0.000000
vt 0.366154 0.000000
vt 0.627692 0.000000
vt 0.363077 0.000000
vt 0.630769 0.000000
vt 0.360000 0.000000
vt 0.633846 0.000000
vt 0.356923 0.000000
vt 0.353846 0.000000
vt 0.636923 0.000000
vt 0.350769 0.000000
vt 0.640000 0.000000
vt 0.347692 0.000000
vt 0.643077 0.000000
vt 0.344615 0.000000
vt 0.110769 0.000000
vt 0.113846 0.000000
vt 0.107692 0.000000
vt 0.341538 0.000000
vt 0.646154 0.000000
vt 0.104615 0.000000
vt 0.338462 0.000000
vt 0.649231 0.000000
vt 0.101538 0.000000
vt 0.116923 0.000000
vt 0.335385 0.000000
vt 0.652308 0.000000
vt 0.098462 0.000000
vt 0.332308 0.000000
vt 0.655385 0.000000
vt 0.120000 0.000000
vt 0.095385 0.000000
vt 0.329231 0.000000
vt 0.658462 0.000000
vt 0.092308 0.000000
vt 0.326154 0.000000
vt 0.123077 0.000000
vt 0.661538 0.000000
vt 0.323077 0.000000
vt 0.089231 0.000000
vt 0.664615 0.000000
vt 0.126154 0.000000
vt 0.320000 0.000000
vt 0.667692 0.000000
vt 0.086154 0.000000
vt 0.316923 0.000000
vt 0.129231 0.000000
vt 0.670769 0.000000
vt 0.313846 0.000000
vt 0.673846 0.000000
vt 0.676923 0.000000
vt 0.083077 0.000000
vt 0.132308 0.000000
vt 0.310769 0.000000
vt 0.680000 0.000000
vt 0.683077 0.000000
vt 0.686154 0.000000
vt 0.135385 0.000000
vt 0.689231 0.000000
vt 0.080000 0.000000
vt 0.304615 0.000000
vt 0.695385 0.000000
vt 0.138462 0.000000
vt 0.698462 0.000000
vt 0.301538 0.000000
vt 0.701538 0.000000
vt 0.141538 0.000000
vt 0.704615 0.000000
vt 0.298462 0.000000
vt 0.707692 0.000000
vt 0.144615 0.000000
vt 0.710769 0.000000
vt 0.295385 0.000000
vt 0.147692 0.000000
vt 0.713846 0.000000
vt 0.292308 0.000000
vt 0.150769 0.000000
vt 0.716923 0.000000
vt 0.289231 0.000000
vt 0.720000 0.000000
vt 0.286154 0.000000
vt 0.156923 0.000000
vt 0.723077 0.000000
vt 0.073846 0.000000
vt 0.283077 0.000000
vt 0.160000 0.000000
vt 0.726154 0.000000
vt 0.280000 0.000000
vt 0.163077 0.000000
vt 0.729231 0.000000
vt 0.732308 0.000000
vt 0.276923 0.000000
vt 0.166154 0.000000
vt 0.735385 0.000000
vt 0.273846 0.000000
vt 0.169231 0.000000
vt 0.738462 0.000000
vt 0.270769 0.000000
vt 0.172308 0.000000
vt 0.267692 0.000000
vt 0.175385 0.000000
vt 0.070769 0.000000
vt 0.003077 0.000000
vt 0.264615 0.000000
vt 0.178462 0.000000
vt 0.067692 0.000000
vt 0.006154 0.000000
vt 0.261538 0.000000
vt 0.181538 0.000000
vt 0.064615 0.000000
vt 0.009231 0.000000
vt 0.061538 0.000000
vt 0.258462 0.000000
vt 0.184615 0.000000
vt 0.012308 0.000000
vt 0.058462 0.000000
vt 0.015385 0.000000
vt 0.255385 0.000000
vt 0.187692 0.000000
vt 0.055385 0.000000
vt 0.018462 0.000000
vt 0.052308 0.000000
vt 0.252308 0.000000
vt 0.190769 0.000000
vt 0.021538 0.000000
vt 0.049231 0.000000
vt 0.024615 0.000000
vt 0.046154 0.000000
vt 0.027692 0.000000
vt 0.249231 0.000000
vt 0.193846 0.000000
vt 0.043077 0.000000
vt 0.030769 0.000000
vt 0.040000 0.000000
vt 0.033846 0.000000
vt 0.036923 0.000000
vt 0.246154 0.000000
vt 0.196923 0.000000
vt 0.243077 0.000000
vt 0.240000 0.000000
vt 0.203077 0.000000
vt 0.236923 0.000000
vt 0.206154 0.000000
vt 0.233846 0.000000
vt 0.209231 0.000000
vt 0.212308 0.000000
vt 0.227692 0.000000
vt 0.215385 0.000000
vt 0.224615 0.000000
vt 0.218462 0.000000
vt 0.221538 0.000000
vt 0.000000 1.000000
vt 0.004149 1.000000
vt 0.004149 0.000000
vt 0.008299 1.000000
vt 0.008299 0.000000
vt 0.012448 1.000000
vt 0.012448 0.000000
vt 0.016598 1.000000
vt 0.016598 0.000000
vt 0.020747 1.000000
vt 0.020747 0.000000
vt 0.024896 1.000000
vt 0.024896 0.000000
vt 0.029046 1.000000
vt 0.029046 0.000000
vt 0.033195 1.000000
vt 0.033195 0.000000
vt 0.037344 1.000000
vt 0.037344 0.000000
vt 0.041494 1.000000
vt 0.041494 0.000000
vt 0.045643 1.000000
vt 0.045643 0.000000
vt 0.049793 1.000000
vt 0.049793 0.000000
vt 0.053942 1.000000
vt 0.053942 0.000000
vt 0.058091 1.000000
vt 0.058091 0.000000
vt 0.062241 1.000000
vt 0.062241 0.000000
vt 0.066390 1.000000
vt 0.066390 0.000000
vt 0.070539 1.000000
vt 0.070539 0.000000
vt 0.074689 1.000000
vt 0.074689 0.000000
vt 0.078838 1.000000
vt 0.078838 0.000000
vt 0.082988 1.000000
vt 0.082988 0.000000
vt 0.087137 1.000000
vt 0.087137 0.000000
vt 0.091286 1.000000
vt 0.091286 0.000000
vt 0.095436 1.000000
vt 0.095436 0.000000
vt 0.099585 1.000000
vt 0.099585 0.000000
vt 0.103734 1.000000
vt 0.103734 0.000000
vt 0.107884 1.000000
vt 0.107884 0.000000
vt 0.112033 1.000000
vt 0.112033 0.000000
vt 0.116183 1.000000
vt 0.116183 0.000000
vt 0.120332 1.000000
vt 0.120332 0.000000
vt 0.124481 1.000000
vt 0.124481 0.000000
vt 0.128631 1.000000
vt 0.128631 0.000000
vt 0.132780 1.000000
vt 0.132780 0.000000
vt 0.136929 1.000000
vt 0.136929 0.000000
vt 0.141079 1.000000
vt 0.141079 0.000000
vt 0.145228 1.000000
vt 0.145228 0.000000
vt 0.149378 1.000000
vt 0.149378 0.000000
vt 0.153527 1.000000
vt 0.153527 0.000000
vt 0.157676 1.000000
vt 0.157676 0.000000
vt 0.161826 1.000000
vt 0.161826 0.000000
vt 0.165975 1.000000
vt 0.165975 0.000000
vt 0.170124 1.000000
vt 0.170124 0.000000
vt 0.174274 1.000000
vt 0.174274 0.000000
vt 0.178423 1.000000
vt 0.178423 0.000000
vt 0.182573 1.000000
vt 0.182573 0.000000
vt 0.186722 1.000000
vt 0.186722 0.000000
vt 0.190871 1.000000
vt 0.190871 0.000000
vt 0.195021 1.000000
vt 0.195021 0.000000
vt 0.199170 1.000000
vt 0.199170 0.000000
vt 0.203320 1.000000
vt 0.203320 0.000000
vt 0.207469 1.000000
vt 0.207469 0.000000
vt 0.211618 1.000000
vt 0.211618 0.000000
vt 0.215768 1.000000
vt 0.215768 0.000000
vt 0.219917 1.000000
vt 0.219917 0.000000
vt 0.224066 1.000000
vt 0.224066 0.000000
vt 0.228216 1.000000
vt 0.228216 0.000000
vt 0.232365 1.000000
vt 0.232365 0.000000
vt 0.236515 1.000000
vt 0.236515 0.000000
vt 0.240664 1.000000
vt 0.240664 0.000000
vt 0.244813 1.000000
vt 0.244813 0.000000
vt 0.248963 1.000000
vt 0.248963 0.000000
vt 0.253112 1.000000
vt 0.253112 0.000000
vt 0.257261 1.000000
vt 0.257261 0.000000
vt 0.261411 1.000000
vt 0.261411 0.000000
vt 0.265560 1.000000
vt 0.265560 0.000000
vt 0.269710 1.000000
vt 0.269710 0.000000
vt 0.273859 1.000000
vt 0.273859 0.000000
vt 0.278008 1.000000
vt 0.278008 0.000000
vt 0.282158 1.000000
vt 0.282158 0.000000
vt 0.286307 1.000000
vt 0.286307 0.000000
vt 0.290456 1.000000
vt 0.290456 0.000000
vt 0.294606 1.000000
vt 0.294606 0.000000
vt 0.298755 1.000000
vt 0.298755 0.000000
vt 0.302905 1.000000
vt 0.302905 0.000000
vt 0.307054 1.000000
vt 0.307054 0.000000
vt 0.311203 1.000000
vt 0.311203 0.000000
vt 0.315353 1.000000
vt 0.315353 0.000000
vt 0.319502 1.000000
vt 0.319502 0.000000
vt 0.323651 1.000000
vt 0.323651 0.000000
vt 0.327801 1.000000
vt 0.327801 0.000000
vt 0.331950 1.000000
vt 0.331950 0.000000
vt 0.336100 1.000000
vt 0.336100 0.000000
vt 0.340249 1.000000
vt 0.340249 0.000000
vt 0.344398 1.000000
vt 0.344398 0.000000
vt 0.348548 1.000000
vt 0.348548 0.000000
vt 0.352697 1.000000
vt 0.352697 0.000000
vt 0.356846 1.000000
vt 0.356846 0.000000
vt 0.360996 1.000000
vt 0.360996 0.000000
vt 0.365145 1.000000
vt 0.365145 0.000000
vt 0.369295 1.000000
vt 0.369295 0.000000
vt 0.373444 1.000000
vt 0.373444 0.000000
vt 0.377593 1.000000
vt 0.377593 0.000000
vt 0.381743 1.000000
vt 0.381743 0.000000
vt 0.385892 1.000000
vt 0.385892 0.000000
vt 0.390042 1.000000
vt 0.390042 0.000000
vt 0.394191 1.000000
vt 0.394191 0.000000
vt 0.398340 1.000000
vt 0.398340 0.000000
vt 0.402490 1.000000
vt 0.402490 0.000000
vt 0.406639 1.000000
vt 0.406639 0.000000
vt 0.410788 1.000000
vt 0.410788 0.000000
vt 0.414938 1.000000
vt 0.414938 0.000000
vt 0.419087 1.000000
vt 0.419087 0.000000
vt 0.423237 1.000000
vt 0.423237 0.000000
vt 0.427386 1.000000
vt 0.427386 0.000000
vt 0.431535 1.000000
vt 0.431535 0.000000
vt 0.435685 1.000000
vt 0.435685 0.000000
vt 0.439834 1.000000
vt 0.439834 0.000000
vt 0.443983 1.000000
vt 0.443983 0.000000
vt 0.448133 1.000000
vt 0.448133 0.000000
vt 0.452282 1.000000
vt 0.452282 0.000000
vt 0.456432 1.000000
vt 0.456432 0.000000
vt 0.460581 1.000000
vt 0.460581 0.000000
vt 0.464730 1.000000
vt 0.464730 0.000000
vt 0.468880 1.000000
vt 0.468880 0.000000
vt 0.473029 1.000000
vt 0.473029 0.000000
vt 0.477178 1.000000
vt 0.477178 0.000000
vt 0.481328 1.000000
vt 0.481328 0.000000
vt 0.485477 1.000000
vt 0.485477 0.000000
vt 0.489627 1.000000
vt 0.489627 0.000000
vt 0.493776 1.000000
vt 0.493776 0.000000
vt 0.497925 1.000000
vt 0.497925 0.000000
vt 0.502075 1.000000
vt 0.502075 0.000000
vt 0.506224 1.000000
vt 0.506224 0.000000
vt 0.510373 1.000000
vt 0.510373 0.000000
vt 0.514523 1.000000
vt 0.514523 0.000000
vt 0.518672 1.000000
vt 0.518672 0.000000
vt 0.522822 1.000000
vt 0.522822 0.000000
vt 0.526971 1.000000
vt 0.526971 0.000000
vt 0.531120 1.000000
vt 0.531120 0.000000
vt 0.535270 1.000000
vt 0.535270 0.000000
vt 0.539419 1.000000
vt 0.539419 0.000000
vt 0.543568 1.000000
vt 0.543568 0.000000
vt 0.547718 1.000000
vt 0.547718 0.000000
vt 0.551867 1.000000
vt 0.551867 0.000000
vt 0.556017 1.000000
vt 0.556017 0.000000
vt 0.560166 1.000000
vt 0.560166 0.000000
vt 0.564315 1.000000
vt 0.564315 0.000000
vt 0.568465 1.000000
vt 0.568465 0.000000
vt 0.572614 1.000000
vt 0.572614 0.000000
vt 0.576764 1.000000
vt 0.576764 0.000000
vt 0.580913 1.000000
vt 0.580913 0.000000
vt 0.585062 1.000000
vt 0.585062 0.000000
vt 0.589212 1.000000
vt 0.589212 0.000000
vt 0.593361 1.000000
vt 0.593361 0.000000
vt 0.597510 1.000000
vt 0.597510 0.000000
vt 0.601660 1.000000
vt 0.601660 0.000000
vt 0.605809 1.000000
vt 0.605809 0.000000
vt 0.609959 1.000000
vt 0.609959 0.000000
vt 0.614108 1.000000
vt 0.614108 0.000000
vt 0.618257 1.000000
vt 0.618257 0.000000
vt 0.622407 1.000000
vt 0.622407 0.000000
vt 0.626556 1.000000
vt 0.626556 0.000000
vt 0.630705 1.000000
vt 0.630705 0.000000
vt 0.634855 1.000000
vt 0.634855 0.000000
vt 0.639004 1.000000
vt 0.639004 0.000000
vt 0.643154 1.000000
vt 0.643154 0.000000
vt 0.647303 1.000000
vt 0.647303 0.000000
vt 0.651452 1.000000
vt 0.651452 0.000000
vt 0.655602 1.000000
vt 0.655602 0.000000
vt 0.659751 1.000000
vt 0.659751 0.000000
vt 0.663900 1.000000
vt 0.663900 0.000000
vt 0.668050 1.000000
vt 0.668050 0.000000
vt 0.672199 1.000000
vt 0.672199 0.000000
vt 0.676349 1.000000
vt 0.676349 0.000000
vt 0.680498 1.000000
vt 0.680498 0.000000
vt 0.684647 1.000000
vt 0.684647 0.000000
vt 0.688797 1.000000
vt 0.688797 0.000000
vt 0.692946 1.000000
vt 0.692946 0.000000
vt 0.697095 1.000000
vt 0.697095 0.000000
vt 0.701245 1.000000
vt 0.701245 0.000000
vt 0.705394 1.000000
vt 0.705394 0.000000
vt 0.709544 1.000000
vt 0.709544 0.000000
vt 0.713693 1.000000
vt 0.713693 0.000000
vt 0.717842 1.000000
vt 0.717842 0.000000
vt 0.721992 1.000000
vt 0.721992 0.000000
vt 0.726141 1.000000
vt 0.726141 0.000000
vt 0.730290 1.000000
vt 0.730290 0.000000
vt 0.734440 1.000000
vt 0.734440 0.000000
vt 0.738589 1.000000
vt 0.738589 0.000000
vt 0.742739 1.000000
vt 0.742739 0.000000
vt 0.746888 1.000000
vt 0.746888 0.000000
vt 0.751037 1.000000
vt 0.751037 0.000000
vt 0.755187 1.000000
vt 0.755187 0.000000
vt 0.759336 1.000000
vt 0.759336 0.000000
vt 0.763485 1.000000
vt 0.763485 0.000000
vt 0.767635 1.000000
vt 0.767635 0.000000
vt 0.771784 1.000000
vt 0.771784 0.000000
vt 0.775934 1.000000
vt 0.775934 0.000000
vt 0.780083 1.000000
vt 0.780083 0.000000
vt 0.784232 1.000000
vt 0.784232 0.000000
vt 0.788382 1.000000
vt 0.788382 0.000000
vt 0.792531 1.000000
vt 0.792531 0.000000
vt 0.796681 1.000000
vt 0.796681 0.000000
vt 0.800830 1.000000
vt 0.800830 0.000000
vt 0.804979 1.000000
vt 0.804979 0.000000
vt 0.809129 1.000000
vt 0.809129 0.000000
vt 0.813278 1.000000
vt 0.813278 0.000000
vt 0.817427 1.000000
vt 0.817427 0.000000
vt 0.821577 1.000000
vt 0.821577 0.000000
vt 0.825726 1.000000
vt 0.825726 0.000000
vt 0.829876 1.000000
vt 0.829876 0.000000
vt 0.834025 1.000000
vt 0.834025 0.000000
vt 0.838174 1.000000
vt 0.838174 0.000000
vt 0.842324 1.000000
vt 0.842324 0.000000
vt 0.846473 1.000000
vt 0.846473 0.000000
vt 0.850622 1.000000
vt 0.850622 0.000000
vt 0.854772 1.000000
vt 0.854772 0.000000
vt 0.858921 1.000000
vt 0.858921 0.000000
vt 0.863071 1.000000
vt 0.863071 0.000000
vt 0.867220 1.000000
vt 0.867220 0.000000
vt 0.871369 1.000000
vt 0.871369 0.000000
vt 0.875519 1.000000
vt 0.875519 0.000000
vt 0.879668 1.000000
vt 0.879668 0.000000
vt 0.883817 1.000000
vt 0.883817 0.000000
vt 0.887967 1.000000
vt 0.887967 0.000000
vt 0.892116 1.000000
vt 0.892116 0.000000
vt 0.896266 1.000000
vt 0.896266 0.000000
vt 0.900415 1.000000
vt 0.900415 0.000000
vt 0.904564 1.000000
vt 0.904564 0.000000
vt 0.908714 1.000000
vt 0.908714 0.000000
vt 0.912863 1.000000
vt 0.912863 0.000000
vt 0.917012 1.000000
vt 0.917012 0.000000
vt 0.921162 1.000000
vt 0.921162 0.000000
vt 0.925311 1.000000
vt 0.925311 0.000000
vt 0.929461 1.000000
vt 0.929461 0.000000
vt 0.933610 1.000000
vt 0.933610 0.000000
vt 0.937759 1.000000
vt 0.937759 0.000000
vt 0.941909 1.000000
vt 0.941909 0.000000
vt 0.946058 1.000000
vt 0.946058 0.000000
vt 0.950207 1.000000
vt 0.950207 0.000000
vt 0.954357 1.000000
vt 0.954357 0.000000
vt 0.958506 1.000000
vt 0.958506 0.000000
vt 0.962656 1.000000
vt 0.962656 0.000000
vt 0.966805 1.000000
vt 0.966805 0.000000
vt 0.970954 1.000000
vt 0.970954 0.000000
vt 0.975104 1.000000
vt 0.975104 0.000000
vt 0.979253 1.000000
vt 0.979253 0.000000
vt 0.983402 1.000000
vt 0.983402 0.000000
vt 0.987552 1.000000
vt 0.987552 0.000000
vt 0.991701 1.000000
vt 0.991701 0.000000
vt 0.995851 1.000000
vt 0.995851 0.000000
vt 1.000000 1.000000
vt 0.011765 1.000000
vt 0.011765 0.000000
vt 0.023529 1.000000
vt 0.023529 0.000000
vt 0.035294 1.000000
vt 0.035294 0.000000
vt 0.047059 1.000000
vt 0.047059 0.000000
vt 0.058824 1.000000
vt 0.058824 0.000000
vt 0.070588 1.000000
vt 0.070588 0.000000
vt 0.082353 1.000000
vt 0.082353 0.000000
vt 0.094118 1.000000
vt 0.094118 0.000000
vt 0.105882 1.000000
vt 0.105882 0.000000
vt 0.117647 1.000000
vt 0.117647 0.000000
vt 0.129412 1.000000
vt 0.129412 0.000000
vt 0.141176 1.000000
vt 0.141176 0.000000
vt 0.152941 1.000000
vt 0.152941 0.000000
vt 0.164706 1.000000
vt 0.164706 0.000000
vt 0.176471 1.000000
vt 0.176471 0.000000
vt 0.188235 1.000000
vt 0.188235 0.000000
vt 0.200000 1.000000
vt 0.211765 1.000000
vt 0.211765 0.000000
vt 0.223529 1.000000
vt 0.223529 0.000000
vt 0.235294 1.000000
vt 0.235294 0.000000
vt 0.247059 1.000000
vt 0.247059 0.000000
vt 0.258824 1.000000
vt 0.258824 0.000000
vt 0.270588 1.000000
vt 0.270588 0.000000
vt 0.282353 1.000000
vt 0.282353 0.000000
vt 0.294118 1.000000
vt 0.294118 0.000000
vt 0.305882 1.000000
vt 0.305882 0.000000
vt 0.317647 1.000000
vt 0.317647 0.000000
vt 0.329412 1.000000
vt 0.329412 0.000000
vt 0.341176 1.000000
vt 0.341176 0.000000
vt 0.352941 1.000000
vt 0.352941 0.000000
vt 0.364706 1.000000
vt 0.364706 0.000000
vt 0.376471 1.000000
vt 0.376471 0.000000
vt 0.388235 1.000000
vt 0.388235 0.000000
vt 0.400000 1.000000
vt 0.411765 1.000000
vt 0.411765 0.000000
vt 0.423529 1.000000
vt 0.423529 0.000000
vt 0.435294 1.000000
vt 0.435294 0.000000
vt 0.447059 1.000000
vt 0.447059 0.000000
vt 0.458824 1.000000
vt 0.458824 0.000000
vt 0.470588 1.000000
vt 0.470588 0.000000
vt 0.482353 1.000000
vt 0.482353 0.000000
vt 0.494118 1.000000
vt 0.494118 0.000000
vt 0.505882 1.000000
vt 0.505882 0.000000
vt 0.517647 1.000000
vt 0.517647 0.000000
vt 0.529412 1.000000
vt 0.529412 0.000000
vt 0.541176 1.000000
vt 0.541176 0.000000
vt 0.552941 1.000000
vt 0.552941 0.000000
vt 0.564706 1.000000
vt 0.564706 0.000000
vt 0.576471 1.000000
vt 0.576471 0.000000
vt 0.588235 1.000000
vt 0.588235 0.000000
vt 0.600000 1.000000
vt 0.611765 1.000000
vt 0.611765 0.000000
vt 0.623529 1.000000
vt 0.623529 0.000000
vt 0.635294 1.000000
vt 0.635294 0.000000
vt 0.647059 1.000000
vt 0.647059 0.000000
vt 0.658824 1.000000
vt 0.658824 0.000000
vt 0.670588 1.000000
vt 0.670588 0.000000
vt 0.682353 1.000000
vt 0.682353 0.000000
vt 0.694118 1.000000
vt 0.694118 0.000000
vt 0.705882 1.000000
vt 0.705882 0.000000
vt 0.717647 1.000000
vt 0.717647 0.000000
vt 0.729412 1.000000
vt 0.729412 0.000000
vt 0.741176 1.000000
vt 0.741176 0.000000
vt 0.752941 1.000000
vt 0.752941 0.000000
vt 0.764706 1.000000
vt 0.764706 0.000000
vt 0.776471 1.000000
vt 0.776471 0.000000
vt 0.788235 1.000000
vt 0.788235 0.000000
vt 0.800000 1.000000
vt 0.811765 1.000000
vt 0.811765 0.000000
vt 0.823529 1.000000
vt 0.823529 0.000000
vt 0.835294 1.000000
vt 0.835294 0.000000
vt 0.847059 1.000000
vt 0.847059 0.000000
vt 0.858824 1.000000
vt 0.858824 0.000000
vt 0.870588 1.000000
vt 0.870588 0.000000
vt 0.882353 1.000000
vt 0.882353 0.000000
vt 0.894118 1.000000
vt 0.894118 0.000000
vt 0.905882 1.000000
vt 0.905882 0.000000
vt 0.917647 1.000000
vt 0.917647 0.000000
vt 0.929412 1.000000
vt 0.929412 0.000000
vt 0.941176 1.000000
vt 0.941176 0.000000
vt 0.952941 1.000000
vt 0.952941 0.000000
vt 0.964706 1.000000
vt 0.964706 0.000000
vt 0.976471 1.000000
vt 0.976471 0.000000
vt 0.988235 1.000000
vt 0.988235 0.000000
vt 0.002874 1.000000
vt 0.002874 0.000000
vt 0.005747 1.000000
vt 0.005747 0.000000
vt 0.008621 1.000000
vt 0.008621 0.000000
vt 0.011494 1.000000
vt 0.011494 0.000000
vt 0.014368 1.000000
vt 0.014368 0.000000
vt 0.017241 1.000000
vt 0.017241 0.000000
vt 0.020115 1.000000
vt 0.020115 0.000000
vt 0.022989 1.000000
vt 0.022989 0.000000
vt 0.025862 1.000000
vt 0.025862 0.000000
vt 0.028736 1.000000
vt 0.028736 0.000000
vt 0.031609 1.000000
vt 0.031609 0.000000
vt 0.034483 1.000000
vt 0.034483 0.000000
vt 0.037356 1.000000
vt 0.037356 0.000000
vt 0.040230 1.000000
vt 0.040230 0.000000
vt 0.043103 1.000000
vt 0.043103 0.000000
vt 0.045977 1.000000
vt 0.045977 0.000000
vt 0.048851 1.000000
vt 0.048851 0.000000
vt 0.051724 1.000000
vt 0.051724 0.000000
vt 0.054598 1.000000
vt 0.054598 0.000000
vt 0.057471 1.000000
vt 0.057471 0.000000
vt 0.060345 1.000000
vt 0.060345 0.000000
vt 0.063218 1.000000
vt 0.063218 0.000000
vt 0.066092 1.000000
vt 0.066092 0.000000
vt 0.068966 1.000000
vt 0.068966 0.000000
vt 0.071839 1.000000
vt 0.071839 0.000000
vt 0.074713 1.000000
vt 0.074713 0.000000
vt 0.077586 1.000000
vt 0.077586 0.000000
vt 0.080460 1.000000
vt 0.080460 0.000000
vt 0.083333 1.000000
vt 0.086207 1.000000
vt 0.086207 0.000000
vt 0.089080 1.000000
vt 0.089080 0.000000
vt 0.091954 1.000000
vt 0.091954 0.000000
vt 0.094828 1.000000
vt 0.094828 0.000000
vt 0.097701 1.000000
vt 0.097701 0.000000
vt 0.100575 1.000000
vt 0.100575 0.000000
vt 0.103448 1.000000
vt 0.103448 0.000000
vt 0.106322 1.000000
vt 0.106322 0.000000
vt 0.109195 1.000000
vt 0.109195 0.000000
vt 0.112069 1.000000
vt 0.112069 0.000000
vt 0.114943 1.000000
vt 0.114943 0.000000
vt 0.117816 1.000000
vt 0.117816 0.000000
vt 0.120690 1.000000
vt 0.120690 0.000000
vt 0.123563 1.000000
vt 0.123563 0.000000
vt 0.126437 1.000000
vt 0.126437 0.000000
vt 0.129310 1.000000
vt 0.129310 0.000000
vt 0.132184 1.000000
vt 0.132184 0.000000
vt 0.135057 1.000000
vt 0.135057 0.000000
vt 0.137931 1.000000
vt 0.137931 0.000000
vt 0.140805 1.000000
vt 0.140805 0.000000
vt 0.143678 1.000000
vt 0.143678 0.000000
vt 0.146552 1.000000
vt 0.146552 0.000000
vt 0.149425 1.000000
vt 0.149425 0.000000
vt 0.152299 1.000000
vt 0.152299 0.000000
vt 0.155172 1.000000
vt 0.155172 0.000000
vt 0.158046 1.000000
vt 0.158046 0.000000
vt 0.160920 1.000000
vt 0.160920 0.000000
vt 0.163793 1.000000
vt 0.163793 0.000000
vt 0.166667 1.000000
vt 0.169540 1.000000
vt 0.169540 0.000000
vt 0.172414 1.000000
vt 0.172414 0.000000
vt 0.175287 1.000000
vt 0.175287 0.000000
vt 0.178161 1.000000
vt 0.178161 0.000000
vt 0.181034 1.000000
vt 0.181034 0.000000
vt 0.183908 1.000000
vt 0.183908 0.000000
vt 0.186782 1.000000
vt 0.186782 0.000000
vt 0.189655 1.000000
vt 0.189655 0.000000
vt 0.192529 1.000000
vt 0.192529 0.000000
vt 0.195402 1.000000
vt 0.195402 0.000000
vt 0.198276 1.000000
vt 0.198276 0.000000
vt 0.201149 1.000000
vt 0.201149 0.000000
vt 0.204023 1.000000
vt 0.204023 0.000000
vt 0.206897 1.000000
vt 0.206897 0.000000
vt 0.209770 1.000000
vt 0.209770 0.000000
vt 0.212644 1.000000
vt 0.212644 0.000000
vt 0.215517 1.000000
vt 0.215517 0.000000
vt 0.218391 1.000000
vt 0.218391 0.000000
vt 0.221264 1.000000
vt 0.221264 0.000000
vt 0.224138 1.000000
vt 0.224138 0.000000
vt 0.227011 1.000000
vt 0.227011 0.000000
vt 0.229885 1.000000
vt 0.229885 0.000000
vt 0.232759 1.000000
vt 0.232759 0.000000
vt 0.235632 1.000000
vt 0.235632 0.000000
vt 0.238506 1.000000
vt 0.238506 0.000000
vt 0.241379 1.000000
vt 0.241379 0.000000
vt 0.244253 1.000000
vt 0.244253 0.000000
vt 0.247126 1.000000
vt 0.247126 0.000000
vt 0.250000 1.000000
vt 0.252874 1.000000
vt 0.252874 0.000000
vt 0.255747 1.000000
vt 0.255747 0.000000
vt 0.258621 1.000000
vt 0.258621 0.000000
vt 0.261494 1.000000
vt 0.261494 0.000000
vt 0.264368 1.000000
vt 0.264368 0.000000
vt 0.267241 1.000000
vt 0.267241 0.000000
vt 0.270115 1.000000
vt 0.270115 0.000000
vt 0.272988 1.000000
vt 0.272988 0.000000
vt 0.275862 1.000000
vt 0.275862 0.000000
vt 0.278736 1.000000
vt 0.278736 0.000000
vt 0.281609 1.000000
vt 0.281609 0.000000
vt 0.284483 1.000000
vt 0.284483 0.000000
vt 0.287356 1.000000
vt 0.287356 0.000000
vt 0.290230 1.000000
vt 0.290230 0.000000
vt 0.293103 1.000000
vt 0.293103 0.000000
vt 0.295977 1.000000
vt 0.295977 0.000000
vt 0.298851 1.000000
vt 0.298851 0.000000
vt 0.301724 1.000000
vt 0.301724 0.000000
vt 0.304598 1.000000
vt 0.304598 0.000000
vt 0.307471 1.000000
vt 0.307471 0.000000
vt 0.310345 1.000000
vt 0.310345 0.000000
vt 0.313218 1.000000
vt 0.313218 0.000000
vt 0.316092 1.000000
vt 0.316092 0.000000
vt 0.318966 1.000000
vt 0.318966 0.000000
vt 0.321839 1.000000
vt 0.321839 0.000000
vt 0.324713 1.000000
vt 0.324713 0.000000
vt 0.327586 1.000000
vt 0.327586 0.000000
vt 0.330460 1.000000
vt 0.330460 0.000000
vt 0.333333 1.000000
vt 0.336207 1.000000
vt 0.336207 0.000000
vt 0.339080 1.000000
vt 0.339080 0.000000
vt 0.341954 1.000000
vt 0.341954 0.000000
vt 0.344828 1.000000
vt 0.344828 0.000000
vt 0.347701 1.000000
vt 0.347701 0.000000
vt 0.350575 1.000000
vt 0.350575 0.000000
vt 0.353448 1.000000
vt 0.353448 0.000000
vt 0.356322 1.000000
vt 0.356322 0.000000
vt 0.359195 1.000000
vt 0.359195 0.000000
vt 0.362069 1.000000
vt 0.362069 0.000000
vt 0.364943 1.000000
vt 0.364943 0.000000
vt 0.367816 1.000000
vt 0.367816 0.000000
vt 0.370690 1.000000
vt 0.370690 0.000000
vt 0.373563 1.000000
vt 0.373563 0.000000
vt 0.376437 1.000000
vt 0.376437 0.000000
vt 0.379310 1.000000
vt 0.379310 0.000000
vt 0.382184 1.000000
vt 0.382184 0.000000
vt 0.385057 1.000000
vt 0.385057 0.000000
vt 0.387931 1.000000
vt 0.387931 0.000000
vt 0.390805 1.000000
vt 0.390805 0.000000
vt 0.393678 1.000000
vt 0.393678 0.000000
vt 0.396552 1.000000
vt 0.396552 0.000000
vt 0.399425 1.000000
vt 0.399425 0.000000
vt 0.402299 1.000000
vt 0.402299 0.000000
vt 0.405172 1.000000
vt 0.405172 0.000000
vt 0.408046 1.000000
vt 0.408046 0.000000
vt 0.410920 1.000000
vt 0.410920 0.000000
vt 0.413793 1.000000
vt 0.413793 0.000000
vt 0.416667 1.000000
vt 0.419540 1.000000
vt 0.419540 0.000000
vt 0.422414 1.000000
vt 0.422414 0.000000
vt 0.425287 1.000000
vt 0.425287 0.000000
vt 0.428161 1.000000
vt 0.428161 0.000000
vt 0.431034 1.000000
vt 0.431034 0.000000
vt 0.433908 1.000000
vt 0.433908 0.000000
vt 0.436782 1.000000
vt 0.436782 0.000000
vt 0.439655 1.000000
vt 0.439655 0.000000
vt 0.442529 1.000000
vt 0.442529 0.000000
vt 0.445402 1.000000
vt 0.445402 0.000000
vt 0.448276 1.000000
vt 0.448276 0.000000
vt 0.451149 1.000000
vt 0.451149 0.000000
vt 0.454023 1.000000
vt 0.454023 0.000000
vt 0.456897 1.000000
vt 0.456897 0.000000
vt 0.459770 1.000000
vt 0.459770 0.000000
vt 0.462644 1.000000
vt 0.462644 0.000000
vt 0.465517 1.000000
vt 0.465517 0.000000
vt 0.468391 1.000000
vt 0.468391 0.000000
vt 0.471264 1.000000
vt 0.471264 0.000000
vt 0.474138 1.000000
vt 0.474138 0.000000
vt 0.477012 1.000000
vt 0.477012 0.000000
vt 0.479885 1.000000
vt 0.479885 0.000000
vt 0.482759 1.000000
vt 0.482759 0.000000
vt 0.485632 1.000000
vt 0.485632 0.000000
vt 0.488506 1.000000
vt 0.488506 0.000000
vt 0.491379 1.000000
vt 0.491379 0.000000
vt 0.494253 1.000000
vt 0.494253 0.000000
vt 0.497126 1.000000
vt 0.497126 0.000000
vt 0.500000 1.000000
vt 0.502874 1.000000
vt 0.502874 0.000000
vt 0.505747 1.000000
vt 0.505747 0.000000
vt 0.508621 1.000000
vt 0.508621 0.000000
vt 0.511494 1.000000
vt 0.511494 0.000000
vt 0.514368 1.000000
vt 0.514368 0.000000
vt 0.517241 1.000000
vt 0.517241 0.000000
vt 0.520115 1.000000
vt 0.520115 0.000000
vt 0.522988 1.000000
vt 0.522988 0.000000
vt 0.525862 1.000000
vt 0.525862 0.000000
vt 0.528736 1.000000
vt 0.528736 0.000000
vt 0.531609 1.000000
vt 0.531609 0.000000
vt 0.534483 1.000000
vt 0.534483 0.000000
vt 0.537356 1.000000
vt 0.537356 0.000000
vt 0.540230 1.000000
vt 0.540230 0.000000
vt 0.543103 1.000000
vt 0.543103 0.000000
vt 0.545977 1.000000
vt 0.545977 0.000000
vt 0.548851 1.000000
vt 0.548851 0.000000
vt 0.551724 1.000000
vt 0.551724 0.000000
vt 0.554598 1.000000
vt 0.554598 0.000000
vt 0.557471 1.000000
vt 0.557471 0.000000
vt 0.560345 1.000000
vt 0.560345 0.000000
vt 0.563218 1.000000
vt 0.563218 0.000000
vt 0.566092 1.000000
vt 0.566092 0.000000
vt 0.568965 1.000000
vt 0.568965 0.000000
vt 0.571839 1.000000
vt 0.571839 0.000000
vt 0.574713 1.000000
vt 0.574713 0.000000
vt 0.577586 1.000000
vt 0.577586 0.000000
vt 0.580460 1.000000
vt 0.580460 0.000000
vt 0.583333 1.000000
vt 0.586207 1.000000
vt 0.586207 0.000000
vt 0.589080 1.000000
vt 0.589080 0.000000
vt 0.591954 1.000000
vt 0.591954 0.000000
vt 0.594828 1.000000
vt 0.594828 0.000000
vt 0.597701 1.000000
vt 0.597701 0.000000
vt 0.600575 1.000000
vt 0.600575 0.000000
vt 0.603448 1.000000
vt 0.603448 0.000000
vt 0.606322 1.000000
vt 0.606322 0.000000
vt 0.609195 1.000000
vt 0.609195 0.000000
vt 0.612069 1.000000
vt 0.612069 0.000000
vt 0.614943 1.000000
vt 0.614943 0.000000
vt 0.617816 1.000000
vt 0.617816 0.000000
vt 0.620690 1.000000
vt 0.620690 0.000000
vt 0.623563 1.000000
vt 0.623563 0.000000
vt 0.626437 1.000000
vt 0.626437 0.000000
vt 0.629310 1.000000
vt 0.629310 0.000000
vt 0.632184 1.000000
vt 0.632184 0.000000
vt 0.635057 1.000000
vt 0.635057 0.000000
vt 0.637931 1.000000
vt 0.637931 0.000000
vt 0.640805 1.000000
vt 0.640805 0.000000
vt 0.643678 1.000000
vt 0.643678 0.000000
vt 0.646552 1.000000
vt 0.646552 0.000000
vt 0.649425 1.000000
vt 0.649425 0.000000
vt 0.652299 1.000000
vt 0.652299 0.000000
vt 0.655172 1.000000
vt 0.655172 0.000000
vt 0.658046 1.000000
vt 0.658046 0.000000
vt 0.660920 1.000000
vt 0.660920 0.000000
vt 0.663793 1.000000
vt 0.663793 0.000000
vt 0.666667 1.000000
vt 0.669540 1.000000
vt 0.669540 0.000000
vt 0.672414 1.000000
vt 0.672414 0.000000
vt 0.675287 1.000000
vt 0.675287 0.000000
vt 0.678161 1.000000
vt 0.678161 0.000000
vt 0.681035 1.000000
vt 0.681035 0.000000
vt 0.683908 1.000000
vt 0.683908 0.000000
vt 0.686782 1.000000
vt 0.686782 0.000000
vt 0.689655 1.000000
vt 0.689655 0.000000
vt 0.692529 1.000000
vt 0.692529 0.000000
vt 0.695402 1.000000
vt 0.695402 0.000000
vt 0.698276 1.000000
vt 0.698276 0.000000
vt 0.701149 1.000000
vt 0.701149 0.000000
vt 0.704023 1.000000
vt 0.704023 0.000000
vt 0.706897 1.000000
vt 0.706897 0.000000
vt 0.709770 1.000000
vt 0.709770 0.000000
vt 0.712644 1.000000
vt 0.712644 0.000000
vt 0.715517 1.000000
vt 0.715517 0.000000
vt 0.718391 1.000000
vt 0.718391 0.000000
vt 0.721264 1.000000
vt 0.721264 0.000000
vt 0.724138 1.000000
vt 0.724138 0.000000
vt 0.727012 1.000000
vt 0.727012 0.000000
vt 0.729885 1.000000
vt 0.729885 0.000000
vt 0.732759 1.000000
vt 0.732759 0.000000
vt 0.735632 1.000000
vt 0.735632 0.000000
vt 0.738506 1.000000
vt 0.738506 0.000000
vt 0.741379 1.000000
vt 0.741379 0.000000
vt 0.744253 1.000000
vt 0.744253 0.000000
vt 0.747126 1.000000
vt 0.747126 0.000000
vt 0.750000 1.000000
vt 0.752874 1.000000
vt 0.752874 0.000000
vt 0.755747 1.000000
vt 0.755747 0.000000
vt 0.758621 1.000000
vt 0.758621 0.000000
vt 0.761494 1.000000
vt 0.761494 0.000000
vt 0.764368 1.000000
vt 0.764368 0.000000
vt 0.767241 1.000000
vt 0.767241 0.000000
vt 0.770115 1.000000
vt 0.770115 0.000000
vt 0.772988 1.000000
vt 0.772988 0.000000
vt 0.775862 1.000000
vt 0.775862 0.000000
vt 0.778736 1.000000
vt 0.778736 0.000000
vt 0.781609 1.000000
vt 0.781609 0.000000
vt 0.784483 1.000000
vt 0.784483 0.000000
vt 0.787356 1.000000
vt 0.787356 0.000000
vt 0.790230 1.000000
vt 0.790230 0.000000
vt 0.793103 1.000000
vt 0.793103 0.000000
vt 0.795977 1.000000
vt 0.795977 0.000000
vt 0.798851 1.000000
vt 0.798851 0.000000
vt 0.801724 1.000000
vt 0.801724 0.000000
vt 0.804598 1.000000
vt 0.804598 0.000000
vt 0.807471 1.000000
vt 0.807471 0.000000
vt 0.810345 1.000000
vt 0.810345 0.000000
vt 0.813218 1.000000
vt 0.813218 0.000000
vt 0.816092 1.000000
vt 0.816092 0.000000
vt 0.818965 1.000000
vt 0.818965 0.000000
vt 0.821839 1.000000
vt 0.821839 0.000000
vt 0.824713 1.000000
vt 0.824713 0.000000
vt 0.827586 1.000000
vt 0.827586 0.000000
vt 0.830460 1.000000
vt 0.830460 0.000000
vt 0.833333 1.000000
vt 0.836207 1.000000
vt 0.836207 0.000000
vt 0.839080 1.000000
vt 0.839080 0.000000
vt 0.841954 1.000000
vt 0.841954 0.000000
vt 0.844828 1.000000
vt 0.844828 0.000000
vt 0.847701 1.000000
vt 0.847701 0.000000
vt 0.850575 1.000000
vt 0.850575 0.000000
vt 0.853448 1.000000
vt 0.853448 0.000000
vt 0.856322 1.000000
vt 0.856322 0.000000
vt 0.859195 1.000000
vt 0.859195 0.000000
vt 0.862069 1.000000
vt 0.862069 0.000000
vt 0.864943 1.000000
vt 0.864943 0.000000
vt 0.867816 1.000000
vt 0.867816 0.000000
vt 0.870690 1.000000
vt 0.870690 0.000000
vt 0.873563 1.000000
vt 0.873563 0.000000
vt 0.876437 1.000000
vt 0.876437 0.000000
vt 0.879310 1.000000
vt 0.879310 0.000000
vt 0.882184 1.000000
vt 0.882184 0.000000
vt 0.885057 1.000000
vt 0.885057 0.000000
vt 0.887931 1.000000
vt 0.887931 0.000000
vt 0.890805 1.000000
vt 0.890805 0.000000
vt 0.893678 1.000000
vt 0.893678 0.000000
vt 0.896552 1.000000
vt 0.896552 0.000000
vt 0.899425 1.000000
vt 0.899425 0.000000
vt 0.902299 1.000000
vt 0.902299 0.000000
vt 0.905172 1.000000
vt 0.905172 0.000000
vt 0.908046 1.000000
vt 0.908046 0.000000
vt 0.910920 1.000000
vt 0.910920 0.000000
vt 0.913793 1.000000
vt 0.913793 0.000000
vt 0.916667 1.000000
vt 0.919540 1.000000
vt 0.919540 0.000000
vt 0.922414 1.000000
vt 0.922414 0.000000
vt 0.925287 1.000000
vt 0.925287 0.000000
vt 0.928161 1.000000
vt 0.928161 0.000000
vt 0.931035 1.000000
vt 0.931035 0.000000
vt 0.933908 1.000000
vt 0.933908 0.000000
vt 0.936782 1.000000
vt 0.936782 0.000000
vt 0.939655 1.000000
vt 0.939655 0.000000
vt 0.942529 1.000000
vt 0.942529 0.000000
vt 0.945402 1.000000
vt 0.945402 0.000000
vt 0.948276 1.000000
vt 0.948276 0.000000
vt 0.951149 1.000000
vt 0.951149 0.000000
vt 0.954023 1.000000
vt 0.954023 0.000000
vt 0.956897 1.000000
vt 0.956897 0.000000
vt 0.959770 1.000000
vt 0.959770 0.000000
vt 0.962644 1.000000
vt 0.962644 0.000000
vt 0.965517 1.000000
vt 0.965517 0.000000
vt 0.968391 1.000000
vt 0.968391 0.000000
vt 0.971264 1.000000
vt 0.971264 0.000000
vt 0.974138 1.000000
vt 0.974138 0.000000
vt 0.977012 1.000000
vt 0.977012 0.000000
vt 0.979885 1.000000
vt 0.979885 0.000000
vt 0.982759 1.000000
vt 0.982759 0.000000
vt 0.985632 1.000000
vt 0.985632 0.000000
vt 0.988506 1.000000
vt 0.988506 0.000000
vt 0.991379 1.000000
vt 0.991379 0.000000
vt 0.994253 1.000000
vt 0.994253 0.000000
vt 0.997126 1.000000
vt 0.997126 0.000000
vt 0.002079 1.000000
vt 0.002079 0.000000
vt 0.004158 1.000000
vt 0.004158 0.000000
vt 0.006237 1.000000
vt 0.006237 0.000000
vt 0.008316 1.000000
vt 0.008316 0.000000
vt 0.010395 1.000000
vt 0.010395 0.000000
vt 0.012474 1.000000
vt 0.012474 0.000000
vt 0.014553 1.000000
vt 0.014553 0.000000
vt 0.016632 1.000000
vt 0.016632 0.000000
vt 0.018711 1.000000
vt 0.018711 0.000000
vt 0.020790 1.000000
vt 0.020790 0.000000
vt 0.022869 1.000000
vt 0.022869 0.000000
vt 0.024948 1.000000
vt 0.024948 0.000000
vt 0.027027 1.000000
vt 0.027027 0.000000
vt 0.029106 1.000000
vt 0.029106 0.000000
vt 0.031185 1.000000
vt 0.031185 0.000000
vt 0.033264 1.000000
vt 0.033264 0.000000
vt 0.035343 1.000000
vt 0.035343 0.000000
vt 0.037422 1.000000
vt 0.037422 0.000000
vt 0.039501 1.000000
vt 0.039501 0.000000
vt 0.041580 1.000000
vt 0.041580 0.000000
vt 0.043659 1.000000
vt 0.043659 0.000000
vt 0.045738 1.000000
vt 0.045738 0.000000
vt 0.047817 1.000000
vt 0.047817 0.000000
vt 0.049896 1.000000
vt 0.049896 0.000000
vt 0.051975 1.000000
vt 0.051975 0.000000
vt 0.054054 1.000000
vt 0.054054 0.000000
vt 0.056133 1.000000
vt 0.056133 0.000000
vt 0.058212 1.000000
vt 0.058212 0.000000
vt 0.060291 1.000000
vt 0.060291 0.000000
vt 0.062370 1.000000
vt 0.062370 0.000000
vt 0.064449 1.000000
vt 0.064449 0.000000
vt 0.066528 1.000000
vt 0.066528 0.000000
vt 0.068607 1.000000
vt 0.068607 0.000000
vt 0.070686 1.000000
vt 0.070686 0.000000
vt 0.072765 1.000000
vt 0.072765 0.000000
vt 0.074844 1.000000
vt 0.074844 0.000000
vt 0.076923 1.000000
vt 0.079002 1.000000
vt 0.079002 0.000000
vt 0.081081 1.000000
vt 0.081081 0.000000
vt 0.083160 1.000000
vt 0.083160 0.000000
vt 0.085239 1.000000
vt 0.085239 0.000000
vt 0.087318 1.000000
vt 0.087318 0.000000
vt 0.089397 1.000000
vt 0.089397 0.000000
vt 0.091476 1.000000
vt 0.091476 0.000000
vt 0.093555 1.000000
vt 0.093555 0.000000
vt 0.095634 1.000000
vt 0.095634 0.000000
vt 0.097713 1.000000
vt 0.097713 0.000000
vt 0.099792 1.000000
vt 0.099792 0.000000
vt 0.101871 1.000000
vt 0.101871 0.000000
vt 0.103950 1.000000
vt 0.103950 0.000000
vt 0.106029 1.000000
vt 0.106029 0.000000
vt 0.108108 1.000000
vt 0.108108 0.000000
vt 0.110187 1.000000
vt 0.110187 0.000000
vt 0.112266 1.000000
vt 0.112266 0.000000
vt 0.114345 1.000000
vt 0.114345 0.000000
vt 0.116424 1.000000
vt 0.116424 0.000000
vt 0.118503 1.000000
vt 0.118503 0.000000
vt 0.120582 1.000000
vt 0.120582 0.000000
vt 0.122661 1.000000
vt 0.122661 0.000000
vt 0.124740 1.000000
vt 0.124740 0.000000
vt 0.126819 1.000000
vt 0.126819 0.000000
vt 0.128898 1.000000
vt 0.128898 0.000000
vt 0.130977 1.000000
vt 0.130977 0.000000
vt 0.133056 1.000000
vt 0.133056 0.000000
vt 0.135135 1.000000
vt 0.135135 0.000000
vt 0.137214 1.000000
vt 0.137214 0.000000
vt 0.139293 1.000000
vt 0.139293 0.000000
vt 0.141372 1.000000
vt 0.141372 0.000000
vt 0.143451 1.000000
vt 0.143451 0.000000
vt 0.145530 1.000000
vt 0.145530 0.000000
vt 0.147609 1.000000
vt 0.147609 0.000000
vt 0.149688 1.000000
vt 0.149688 0.000000
vt 0.151767 1.000000
vt 0.151767 0.000000
vt 0.153846 1.000000
vt 0.155925 1.000000
vt 0.155925 0.000000
vt 0.158004 1.000000
vt 0.158004 0.000000
vt 0.160083 1.000000
vt 0.160083 0.000000
vt 0.162162 1.000000
vt 0.162162 0.000000
vt 0.164241 1.000000
vt 0.164241 0.000000
vt 0.166320 1.000000
vt 0.166320 0.000000
vt 0.168399 1.000000
vt 0.168399 0.000000
vt 0.170478 1.000000
vt 0.170478 0.000000
vt 0.172557 1.000000
vt 0.172557 0.000000
vt 0.174636 1.000000
vt 0.174636 0.000000
vt 0.176715 1.000000
vt 0.176715 0.000000
vt 0.178794 1.000000
vt 0.178794 0.000000
vt 0.180873 1.000000
vt 0.180873 0.000000
vt 0.182952 1.000000
vt 0.182952 0.000000
vt 0.185031 1.000000
vt 0.185031 0.000000
vt 0.187110 1.000000
vt 0.187110 0.000000
vt 0.189189 1.000000
vt 0.189189 0.000000
vt 0.191268 1.000000
vt 0.191268 0.000000
vt 0.193347 1.000000
vt 0.193347 0.000000
vt 0.195426 1.000000
vt 0.195426 0.000000
vt 0.197505 1.000000
vt 0.197505 0.000000
vt 0.199584 1.000000
vt 0.199584 0.000000
vt 0.201663 1.000000
vt 0.201663 0.000000
vt 0.203742 1.000000
vt 0.203742 0.000000
vt 0.205821 1.000000
vt 0.205821 0.000000
vt 0.207900 1.000000
vt 0.207900 0.000000
vt 0.209979 1.000000
vt 0.209979 0.000000
vt 0.212058 1.000000
vt 0.212058 0.000000
vt 0.214137 1.000000
vt 0.214137 0.000000
vt 0.216216 1.000000
vt 0.216216 0.000000
vt 0.218295 1.000000
vt 0.218295 0.000000
vt 0.220374 1.000000
vt 0.220374 0.000000
vt 0.222453 1.000000
vt 0.222453 0.000000
vt 0.224532 1.000000
vt 0.224532 0.000000
vt 0.226611 1.000000
vt 0.226611 0.000000
vt 0.228690 1.000000
vt 0.228690 0.000000
vt 0.230769 1.000000
vt 0.232848 1.000000
vt 0.232848 0.000000
vt 0.234927 1.000000
vt 0.234927 0.000000
vt 0.237006 1.000000
vt 0.237006 0.000000
vt 0.239085 1.000000
vt 0.239085 0.000000
vt 0.241164 1.000000
vt 0.241164 0.000000
vt 0.243243 1.000000
vt 0.243243 0.000000
vt 0.245322 1.000000
vt 0.245322 0.000000
vt 0.247401 1.000000
vt 0.247401 0.000000
vt 0.249480 1.000000
vt 0.249480 0.000000
vt 0.251559 1.000000
vt 0.251559 0.000000
vt 0.253638 1.000000
vt 0.253638 0.000000
vt 0.255717 1.000000
vt 0.255717 0.000000
vt 0.257796 1.000000
vt 0.257796 0.000000
vt 0.259875 1.000000
vt 0.259875 0.000000
vt 0.261954 1.000000
vt 0.261954 0.000000
vt 0.264033 1.000000
vt 0.264033 0.000000
vt 0.266112 1.000000
vt 0.266112 0.000000
vt 0.268191 1.000000
vt 0.268191 0.000000
vt 0.270270 1.000000
vt 0.270270 0.000000
vt 0.272349 1.000000
vt 0.272349 0.000000
vt 0.274428 1.000000
vt 0.274428 0.000000
vt 0.276507 1.000000
vt 0.276507 0.000000
vt 0.278586 1.000000
vt 0.278586 0.000000
vt 0.280665 1.000000
vt 0.280665 0.000000
vt 0.282744 1.000000
vt 0.282744 0.000000
vt 0.284823 1.000000
vt 0.284823 0.000000
vt 0.286902 1.000000
vt 0.286902 0.000000
vt 0.288981 1.000000
vt 0.288981 0.000000
vt 0.291060 1.000000
vt 0.291060 0.000000
vt 0.293139 1.000000
vt 0.293139 0.000000
vt 0.295218 1.000000
vt 0.295218 0.000000
vt 0.297297 1.000000
vt 0.297297 0.000000
vt 0.299376 1.000000
vt 0.299376 0.000000
vt 0.301455 1.000000
vt 0.301455 0.000000
vt 0.303534 1.000000
vt 0.303534 0.000000
vt 0.305613 1.000000
vt 0.305613 0.000000
vt 0.307692 1.000000
vt 0.309771 1.000000
vt 0.309771 0.000000
vt 0.311850 1.000000
vt 0.311850 0.000000
vt 0.313929 1.000000
vt 0.313929 0.000000
vt 0.316008 1.000000
vt 0.316008 0.000000
vt 0.318087 1.000000
vt 0.318087 0.000000
vt 0.320166 1.000000
vt 0.320166 0.000000
vt 0.322245 1.000000
vt 0.322245 0.000000
vt 0.324324 1.000000
vt 0.324324 0.000000
vt 0.326403 1.000000
vt 0.326403 0.000000
vt 0.328482 1.000000
vt 0.328482 0.000000
vt 0.330561 1.000000
vt 0.330561 0.000000
vt 0.332640 1.000000
vt 0.332640 0.000000
vt 0.334719 1.000000
vt 0.334719 0.000000
vt 0.336798 1.000000
vt 0.336798 0.000000
vt 0.338877 1.000000
vt 0.338877 0.000000
vt 0.340956 1.000000
vt 0.340956 0.000000
vt 0.343035 1.000000
vt 0.343035 0.000000
vt 0.345114 1.000000
vt 0.345114 0.000000
vt 0.347193 1.000000
vt 0.347193 0.000000
vt 0.349272 1.000000
vt 0.349272 0.000000
vt 0.351351 1.000000
vt 0.351351 0.000000
vt 0.353430 1.000000
vt 0.353430 0.000000
vt 0.355509 1.000000
vt 0.355509 0.000000
vt 0.357588 1.000000
vt 0.357588 0.000000
vt 0.359667 1.000000
vt 0.359667 0.000000
vt 0.361746 1.000000
vt 0.361746 0.000000
vt 0.363825 1.000000
vt 0.363825 0.000000
vt 0.365904 1.000000
vt 0.365904 0.000000
vt 0.367983 1.000000
vt 0.367983 0.000000
vt 0.370062 1.000000
vt 0.370062 0.000000
vt 0.372141 1.000000
vt 0.372141 0.000000
vt 0.374220 1.000000
vt 0.374220 0.000000
vt 0.376299 1.000000
vt 0.376299 0.000000
vt 0.378378 1.000000
vt 0.378378 0.000000
vt 0.380457 1.000000
vt 0.380457 0.000000
vt 0.382536 1.000000
vt 0.382536 0.000000
vt 0.384615 1.000000
vt 0.386694 1.000000
vt 0.386694 0.000000
vt 0.388773 1.000000
vt 0.388773 0.000000
vt 0.390852 1.000000
vt 0.390852 0.000000
vt 0.392931 1.000000
vt 0.392931 0.000000
vt 0.395010 1.000000
vt 0.395010 0.000000
vt 0.397089 1.000000
vt 0.397089 0.000000
vt 0.399168 1.000000
vt 0.399168 0.000000
vt 0.401247 1.000000
vt 0.401247 0.000000
vt 0.403326 1.000000
vt 0.403326 0.000000
vt 0.405405 1.000000
vt 0.405405 0.000000
vt 0.407484 1.000000
vt 0.407484 0.000000
vt 0.409563 1.000000
vt 0.409563 0.000000
vt 0.411642 1.000000
vt 0.411642 0.000000
vt 0.413721 1.000000
vt 0.413721 0.000000
vt 0.415800 1.000000
vt 0.415800 0.000000
vt 0.417879 1.000000
vt 0.417879 0.000000
vt 0.419958 1.000000
vt 0.419958 0.000000
vt 0.422037 1.000000
vt 0.422037 0.000000
vt 0.424116 1.000000
vt 0.424116 0.000000
vt 0.426195 1.000000
vt 0.426195 0.000000
vt 0.428274 1.000000
vt 0.428274 0.000000
vt 0.430353 1.000000
vt 0.430353 0.000000
vt 0.432432 1.000000
vt 0.432432 0.000000
vt 0.434511 1.000000
vt 0.434511 0.000000
vt 0.436590 1.000000
vt 0.436590 0.000000
vt 0.438669 1.000000
vt 0.438669 0.000000
vt 0.440748 1.000000
vt 0.440748 0.000000
vt 0.442827 1.000000
vt 0.442827 0.000000
vt 0.444906 1.000000
vt 0.444906 0.000000
vt 0.446985 1.000000
vt 0.446985 0.000000
vt 0.449064 1.000000
vt 0.449064 0.000000
vt 0.451143 1.000000
vt 0.451143 0.000000
vt 0.453222 1.000000
vt 0.453222 0.000000
vt 0.455301 1.000000
vt 0.455301 0.000000
vt 0.457380 1.000000
vt 0.457380 0.000000
vt 0.459459 1.000000
vt 0.459459 0.000000
vt 0.461538 1.000000
vt 0.463617 1.000000
vt 0.463617 0.000000
vt 0.465696 1.000000
vt 0.465696 0.000000
vt 0.467775 1.000000
vt 0.467775 0.000000
vt 0.469854 1.000000
vt 0.469854 0.000000
vt 0.471933 1.000000
vt 0.471933 0.000000
vt 0.474012 1.000000
vt 0.474012 0.000000
vt 0.476091 1.000000
vt 0.476091 0.000000
vt 0.478170 1.000000
vt 0.478170 0.000000
vt 0.480249 1.000000
vt 0.480249 0.000000
vt 0.482328 1.000000
vt 0.482328 0.000000
vt 0.484407 1.000000
vt 0.484407 0.000000
vt 0.486486 1.000000
vt 0.486486 0.000000
vt 0.488565 1.000000
vt 0.488565 0.000000
vt 0.490644 1.000000
vt 0.490644 0.000000
vt 0.492723 1.000000
vt 0.492723 0.000000
vt 0.494803 1.000000
vt 0.494803 0.000000
vt 0.496881 1.000000
vt 0.496881 0.000000
vt 0.498960 1.000000
vt 0.498960 0.000000
vt 0.501040 1.000000
vt 0.501040 0.000000
vt 0.503119 1.000000
vt 0.503119 0.000000
vt 0.505198 1.000000
vt 0.505198 0.000000
vt 0.507277 1.000000
vt 0.507277 0.000000
vt 0.509355 1.000000
vt 0.509355 0.000000
vt 0.511434 1.000000
vt 0.511434 0.000000
vt 0.513514 1.000000
vt 0.513514 0.000000
vt 0.515593 1.000000
vt 0.515593 0.000000
vt 0.517672 1.000000
vt 0.517672 0.000000
vt 0.519751 1.000000
vt 0.519751 0.000000
vt 0.521830 1.000000
vt 0.521830 0.000000
vt 0.523908 1.000000
vt 0.523908 0.000000
vt 0.525988 1.000000
vt 0.525988 0.000000
vt 0.528067 1.000000
vt 0.528067 0.000000
vt 0.530146 1.000000
vt 0.530146 0.000000
vt 0.532225 1.000000
vt 0.532225 0.000000
vt 0.534304 1.000000
vt 0.534304 0.000000
vt 0.536383 1.000000
vt 0.536383 0.000000
vt 0.538462 1.000000
vt 0.540541 1.000000
vt 0.540541 0.000000
vt 0.542620 1.000000
vt 0.542620 0.000000
vt 0.544699 1.000000
vt 0.544699 0.000000
vt 0.546778 1.000000
vt 0.546778 0.000000
vt 0.548857 1.000000
vt 0.548857 0.000000
vt 0.550936 1.000000
vt 0.550936 0.000000
vt 0.553015 1.000000
vt 0.553015 0.000000
vt 0.555094 1.000000
vt 0.555094 0.000000
vt 0.557173 1.000000
vt 0.557173 0.000000
vt 0.559252 1.000000
vt 0.559252 0.000000
vt 0.561331 1.000000
vt 0.561331 0.000000
vt 0.563410 1.000000
vt 0.563410 0.000000
vt 0.565489 1.000000
vt 0.565489 0.000000
vt 0.567568 1.000000
vt 0.567568 0.000000
vt 0.569647 1.000000
vt 0.569647 0.000000
vt 0.571726 1.000000
vt 0.571726 0.000000
vt 0.573805 1.000000
vt 0.573805 0.000000
vt 0.575884 1.000000
vt 0.575884 0.000000
vt 0.577963 1.000000
vt 0.577963 0.000000
vt 0.580042 1.000000
vt 0.580042 0.000000
vt 0.582121 1.000000
vt 0.582121 0.000000
vt 0.584200 1.000000
vt 0.584200 0.000000
vt 0.586279 1.000000
vt 0.586279 0.000000
vt 0.588358 1.000000
vt 0.588358 0.000000
vt 0.590437 1.000000
vt 0.590437 0.000000
vt 0.592516 1.000000
vt 0.592516 0.000000
vt 0.594595 1.000000
vt 0.594595 0.000000
vt 0.596674 1.000000
vt 0.596674 0.000000
vt 0.598753 1.000000
vt 0.598753 0.000000
vt 0.600832 1.000000
vt 0.600832 0.000000
vt 0.602911 1.000000
vt 0.602911 0.000000
vt 0.604990 1.000000
vt 0.604990 0.000000
vt 0.607069 1.000000
vt 0.607069 0.000000
vt 0.609148 1.000000
vt 0.609148 0.000000
vt 0.611227 1.000000
vt 0.611227 0.000000
vt 0.613306 1.000000
vt 0.613306 0.000000
vt 0.615385 1.000000
vt 0.617464 1.000000
vt 0.617464 0.000000
vt 0.619543 1.000000
vt 0.619543 0.000000
vt 0.621622 1.000000
vt 0.621622 0.000000
vt 0.623701 1.000000
vt 0.623701 0.000000
vt 0.625780 1.000000
vt 0.625780 0.000000
vt 0.627859 1.000000
vt 0.627859 0.000000
vt 0.629938 1.000000
vt 0.629938 0.000000
vt 0.632017 1.000000
vt 0.632017 0.000000
vt 0.634096 1.000000
vt 0.634096 0.000000
vt 0.636175 1.000000
vt 0.636175 0.000000
vt 0.638254 1.000000
vt 0.638254 0.000000
vt 0.640333 1.000000
vt 0.640333 0.000000
vt 0.642412 1.000000
vt 0.642412 0.000000
vt 0.644491 1.000000
vt 0.644491 0.000000
vt 0.646570 1.000000
vt 0.646570 0.000000
vt 0.648649 1.000000
vt 0.648649 0.000000
vt 0.650728 1.000000
vt 0.650728 0.000000
vt 0.652807 1.000000
vt 0.652807 0.000000
vt 0.654886 1.000000
vt 0.654886 0.000000
vt 0.656965 1.000000
vt 0.656965 0.000000
vt 0.659044 1.000000
vt 0.659044 0.000000
vt 0.661123 1.000000
vt 0.661123 0.000000
vt 0.663202 1.000000
vt 0.663202 0.000000
vt 0.665281 1.000000
vt 0.665281 0.000000
vt 0.667360 1.000000
vt 0.667360 0.000000
vt 0.669439 1.000000
vt 0.669439 0.000000
vt 0.671518 1.000000
vt 0.671518 0.000000
vt 0.673597 1.000000
vt 0.673597 0.000000
vt 0.675676 1.000000
vt 0.675676 0.000000
vt 0.677755 1.000000
vt 0.677755 0.000000
vt 0.679834 1.000000
vt 0.679834 0.000000
vt 0.681913 1.000000
vt 0.681913 0.000000
vt 0.683992 1.000000
vt 0.683992 0.000000
vt 0.686071 1.000000
vt 0.686071 0.000000
vt 0.688150 1.000000
vt 0.688150 0.000000
vt 0.690229 1.000000
vt 0.690229 0.000000
vt 0.692308 1.000000
vt 0.694387 1.000000
vt 0.694387 0.000000
vt 0.696466 1.000000
vt 0.696466 0.000000
vt 0.698545 1.000000
vt 0.698545 0.000000
vt 0.700624 1.000000
vt 0.700624 0.000000
vt 0.702703 1.000000
vt 0.702703 0.000000
vt 0.704782 1.000000
vt 0.704782 0.000000
vt 0.706861 1.000000
vt 0.706861 0.000000
vt 0.708940 1.000000
vt 0.708940 0.000000
vt 0.711019 1.000000
vt 0.711019 0.000000
vt 0.713098 1.000000
vt 0.713098 0.000000
vt 0.715177 1.000000
vt 0.715177 0.000000
vt 0.717256 1.000000
vt 0.717256 0.000000
vt 0.719335 1.000000
vt 0.719335 0.000000
vt 0.721414 1.000000
vt 0.721414 0.000000
vt 0.723493 1.000000
vt 0.723493 0.000000
vt 0.725572 1.000000
vt 0.725572 0.000000
vt 0.727651 1.000000
vt 0.727651 0.000000
vt 0.729730 1.000000
vt 0.729730 0.000000
vt 0.731809 1.000000
vt 0.731809 0.000000
vt 0.733888 1.000000
vt 0.733888 0.000000
vt 0.735967 1.000000
vt 0.735967 0.000000
vt 0.738046 1.000000
vt 0.738046 0.000000
vt 0.740125 1.000000
vt 0.740125 0.000000
vt 0.742204 1.000000
vt 0.742204 0.000000
vt 0.744283 1.000000
vt 0.744283 0.000000
vt 0.746362 1.000000
vt 0.746362 0.000000
vt 0.748441 1.000000
vt 0.748441 0.000000
vt 0.750520 1.000000
vt 0.750520 0.000000
vt 0.752599 1.000000
vt 0.752599 0.000000
vt 0.754678 1.000000
vt 0.754678 0.000000
vt 0.756757 1.000000
vt 0.756757 0.000000
vt 0.758836 1.000000
vt 0.758836 0.000000
vt 0.760915 1.000000
vt 0.760915 0.000000
vt 0.762994 1.000000
vt 0.762994 0.000000
vt 0.765073 1.000000
vt 0.765073 0.000000
vt 0.767152 1.000000
vt 0.767152 0.000000
vt 0.769231 1.000000
vt 0.771310 1.000000
vt 0.771310 0.000000
vt 0.773389 1.000000
vt 0.773389 0.000000
vt 0.775468 1.000000
vt 0.775468 0.000000
vt 0.777547 1.000000
vt 0.777547 0.000000
vt 0.779626 1.000000
vt 0.779626 0.000000
vt 0.781705 1.000000
vt 0.781705 0.000000
vt 0.783784 1.000000
vt 0.783784 0.000000
vt 0.785863 1.000000
vt 0.785863 0.000000
vt 0.787942 1.000000
vt 0.787942 0.000000
vt 0.790021 1.000000
vt 0.790021 0.000000
vt 0.792100 1.000000
vt 0.792100 0.000000
vt 0.794179 1.000000
vt 0.794179 0.000000
vt 0.796258 1.000000
vt 0.796258 0.000000
vt 0.798337 1.000000
vt 0.798337 0.000000
vt 0.800416 1.000000
vt 0.800416 0.000000
vt 0.802495 1.000000
vt 0.802495 0.000000
vt 0.804574 1.000000
vt 0.804574 0.000000
vt 0.806653 1.000000
vt 0.806653 0.000000
vt 0.808732 1.000000
vt 0.808732 0.000000
vt 0.810811 1.000000
vt 0.810811 0.000000
vt 0.812890 1.000000
vt 0.812890 0.000000
vt 0.814969 1.000000
vt 0.814969 0.000000
vt 0.817048 1.000000
vt 0.817048 0.000000
vt 0.819127 1.000000
vt 0.819127 0.000000
vt 0.821206 1.000000
vt 0.821206 0.000000
vt 0.823285 1.000000
vt 0.823285 0.000000
vt 0.825364 1.000000
vt 0.825364 0.000000
vt 0.827443 1.000000
vt 0.827443 0.000000
vt 0.829522 1.000000
vt 0.829522 0.000000
vt 0.831601 1.000000
vt 0.831601 0.000000
vt 0.833680 1.000000
vt 0.833680 0.000000
vt 0.835759 1.000000
vt 0.835759 0.000000
vt 0.837838 1.000000
vt 0.837838 0.000000
vt 0.839917 1.000000
vt 0.839917 0.000000
vt 0.841996 1.000000
vt 0.841996 0.000000
vt 0.844075 1.000000
vt 0.844075 0.000000
vt 0.846154 1.000000
vt 0.848233 1.000000
vt 0.848233 0.000000
vt 0.850312 1.000000
vt 0.850312 0.000000
vt 0.852391 1.000000
vt 0.852391 0.000000
vt 0.854470 1.000000
vt 0.854470 0.000000
vt 0.856549 1.000000
vt 0.856549 0.000000
vt 0.858628 1.000000
vt 0.858628 0.000000
vt 0.860707 1.000000
vt 0.860707 0.000000
vt 0.862786 1.000000
vt 0.862786 0.000000
vt 0.864865 1.000000
vt 0.864865 0.000000
vt 0.866944 1.000000
vt 0.866944 0.000000
vt 0.869023 1.000000
vt 0.869023 0.000000
vt 0.871102 1.000000
vt 0.871102 0.000000
vt 0.873181 1.000000
vt 0.873181 0.000000
vt 0.875260 1.000000
vt 0.875260 0.000000
vt 0.877339 1.000000
vt 0.877339 0.000000
vt 0.879418 1.000000
vt 0.879418 0.000000
vt 0.881497 1.000000
vt 0.881497 0.000000
vt 0.883576 1.000000
vt 0.883576 0.000000
vt 0.885655 1.000000
vt 0.885655 0.000000
vt 0.887734 1.000000
vt 0.887734 0.000000
vt 0.889813 1.000000
vt 0.889813 0.000000
vt 0.891892 1.000000
vt 0.891892 0.000000
vt 0.893971 1.000000
vt 0.893971 0.000000
vt 0.896050 1.000000
vt 0.896050 0.000000
vt 0.898129 1.000000
vt 0.898129 0.000000
vt 0.900208 1.000000
vt 0.900208 0.000000
vt 0.902287 1.000000
vt 0.902287 0.000000
vt 0.904366 1.000000
vt 0.904366 0.000000
vt 0.906445 1.000000
vt 0.906445 0.000000
vt 0.908524 1.000000
vt 0.908524 0.000000
vt 0.910603 1.000000
vt 0.910603 0.000000
vt 0.912682 1.000000
vt 0.912682 0.000000
vt 0.914761 1.000000
vt 0.914761 0.000000
vt 0.916840 1.000000
vt 0.916840 0.000000
vt 0.918919 1.000000
vt 0.918919 0.000000
vt 0.920998 1.000000
vt 0.920998 0.000000
vt 0.923077 1.000000
vt 0.925156 1.000000
vt 0.925156 0.000000
vt 0.927235 1.000000
vt 0.927235 0.000000
vt 0.929314 1.000000
vt 0.929314 0.000000
vt 0.931393 1.000000
vt 0.931393 0.000000
vt 0.933472 1.000000
vt 0.933472 0.000000
vt 0.935551 1.000000
vt 0.935551 0.000000
vt 0.937630 1.000000
vt 0.937630 0.000000
vt 0.939709 1.000000
vt 0.939709 0.000000
vt 0.941788 1.000000
vt 0.941788 0.000000
vt 0.943867 1.000000
vt 0.943867 0.000000
vt 0.945946 1.000000
vt 0.945946 0.000000
vt 0.948025 1.000000
vt 0.948025 0.000000
vt 0.950104 1.000000
vt 0.950104 0.000000
vt 0.952183 1.000000
vt 0.952183 0.000000
vt 0.954262 1.000000
vt 0.954262 0.000000
vt 0.956341 1.000000
vt 0.956341 0.000000
vt 0.958420 1.000000
vt 0.958420 0.000000
vt 0.960499 1.000000
vt 0.960499 0.000000
vt 0.962578 1.000000
vt 0.962578 0.000000
vt 0.964657 1.000000
vt 0.964657 0.000000
vt 0.966736 1.000000
vt 0.966736 0.000000
vt 0.968815 1.000000
vt 0.968815 0.000000
vt 0.970894 1.000000
vt 0.970894 0.000000
vt 0.972973 1.000000
vt 0.972973 0.000000
vt 0.975052 1.000000
vt 0.975052 0.000000
vt 0.977131 1.000000
vt 0.977131 0.000000
vt 0.979210 1.000000
vt 0.979210 0.000000
vt 0.981289 1.000000
vt 0.981289 0.000000
vt 0.983368 1.000000
vt 0.983368 0.000000
vt 0.985447 1.000000
vt 0.985447 0.000000
vt 0.987526 1.000000
vt 0.987526 0.000000
vt 0.989605 1.000000
vt 0.989605 0.000000
vt 0.991684 1.000000
vt 0.991684 0.000000
vt 0.993763 1.000000
vt 0.993763 0.000000
vt 0.995842 1.000000
vt 0.995842 0.000000
vt 0.997921 1.000000
vt 0.997921 0.000000
vt 0.002941 1.000000
vt 0.002941 0.000000
vt 0.005882 1.000000
vt 0.005882 0.000000
vt 0.008824 1.000000
vt 0.008824 0.000000
vt 0.014706 1.000000
vt 0.014706 0.000000
vt 0.017647 1.000000
vt 0.017647 0.000000
vt 0.020588 1.000000
vt 0.020588 0.000000
vt 0.026471 1.000000
vt 0.026471 0.000000
vt 0.029412 1.000000
vt 0.029412 0.000000
vt 0.032353 1.000000
vt 0.032353 0.000000
vt 0.038235 1.000000
vt 0.038235 0.000000
vt 0.041176 1.000000
vt 0.041176 0.000000
vt 0.044118 1.000000
vt 0.044118 0.000000
vt 0.050000 1.000000
vt 0.052941 1.000000
vt 0.052941 0.000000
vt 0.055882 1.000000
vt 0.055882 0.000000
vt 0.061765 1.000000
vt 0.061765 0.000000
vt 0.064706 1.000000
vt 0.064706 0.000000
vt 0.067647 1.000000
vt 0.067647 0.000000
vt 0.073529 1.000000
vt 0.073529 0.000000
vt 0.076471 1.000000
vt 0.076471 0.000000
vt 0.079412 1.000000
vt 0.079412 0.000000
vt 0.085294 1.000000
vt 0.085294 0.000000
vt 0.088235 1.000000
vt 0.088235 0.000000
vt 0.091176 1.000000
vt 0.091176 0.000000
vt 0.097059 1.000000
vt 0.097059 0.000000
vt 0.100000 1.000000
vt 0.102941 1.000000
vt 0.102941 0.000000
vt 0.108824 1.000000
vt 0.108824 0.000000
vt 0.111765 1.000000
vt 0.111765 0.000000
vt 0.114706 1.000000
vt 0.114706 0.000000
vt 0.120588 1.000000
vt 0.120588 0.000000
vt 0.123529 1.000000
vt 0.123529 0.000000
vt 0.126471 1.000000
vt 0.126471 0.000000
vt 0.132353 1.000000
vt 0.132353 0.000000
vt 0.135294 1.000000
vt 0.135294 0.000000
vt 0.138235 1.000000
vt 0.138235 0.000000
vt 0.144118 1.000000
vt 0.144118 0.000000
vt 0.147059 1.000000
vt 0.147059 0.000000
vt 0.150000 1.000000
vt 0.155882 1.000000
vt 0.155882 0.000000
vt 0.158824 1.000000
vt 0.158824 0.000000
vt 0.161765 1.000000
vt 0.161765 0.000000
vt 0.167647 1.000000
vt 0.167647 0.000000
vt 0.170588 1.000000
vt 0.170588 0.000000
vt 0.173529 1.000000
vt 0.173529 0.000000
vt 0.179412 1.000000
vt 0.179412 0.000000
vt 0.182353 1.000000
vt 0.182353 0.000000
vt 0.185294 1.000000
vt 0.185294 0.000000
vt 0.191176 1.000000
vt 0.191176 0.000000
vt 0.194118 1.000000
vt 0.194118 0.000000
vt 0.197059 1.000000
vt 0.197059 0.000000
vt 0.202941 1.000000
vt 0.202941 0.000000
vt 0.205882 1.000000
vt 0.205882 0.000000
vt 0.208824 1.000000
vt 0.208824 0.000000
vt 0.214706 1.000000
vt 0.214706 0.000000
vt 0.217647 1.000000
vt 0.217647 0.000000
vt 0.220588 1.000000
vt 0.220588 0.000000
vt 0.226471 1.000000
vt 0.226471 0.000000
vt 0.229412 1.000000
vt 0.229412 0.000000
vt 0.232353 1.000000
vt 0.232353 0.000000
vt 0.238235 1.000000
vt 0.238235 0.000000
vt 0.241176 1.000000
vt 0.241176 0.000000
vt 0.244118 1.000000
vt 0.244118 0.000000
vt 0.252941 1.000000
vt 0.252941 0.000000
vt 0.255882 1.000000
vt 0.255882 0.000000
vt 0.261765 1.000000
vt 0.261765 0.000000
vt 0.264706 1.000000
vt 0.264706 0.000000
vt 0.267647 1.000000
vt 0.267647 0.000000
vt 0.273529 1.000000
vt 0.273529 0.000000
vt 0.276471 1.000000
vt 0.276471 0.000000
vt 0.279412 1.000000
vt 0.279412 0.000000
vt 0.285294 1.000000
vt 0.285294 0.000000
vt 0.288235 1.000000
vt 0.288235 0.000000
vt 0.291176 1.000000
vt 0.291176 0.000000
vt 0.297059 1.000000
vt 0.297059 0.000000
vt 0.300000 1.000000
vt 0.302941 1.000000
vt 0.302941 0.000000
vt 0.308824 1.000000
vt 0.308824 0.000000
vt 0.311765 1.000000
vt 0.311765 0.000000
vt 0.314706 1.000000
vt 0.314706 0.000000
vt 0.320588 1.000000
vt 0.320588 0.000000
vt 0.323529 1.000000
vt 0.323529 0.000000
vt 0.326471 1.000000
vt 0.326471 0.000000
vt 0.332353 1.000000
vt 0.332353 0.000000
vt 0.335294 1.000000
vt 0.335294 0.000000
vt 0.338235 1.000000
vt 0.338235 0.000000
vt 0.344118 1.000000
vt 0.344118 0.000000
vt 0.347059 1.000000
vt 0.347059 0.000000
vt 0.350000 1.000000
vt 0.355882 1.000000
vt 0.355882 0.000000
vt 0.358824 1.000000
vt 0.358824 0.000000
vt 0.361765 1.000000
vt 0.361765 0.000000
vt 0.367647 1.000000
vt 0.367647 0.000000
vt 0.370588 1.000000
vt 0.370588 0.000000
vt 0.373529 1.000000
vt 0.373529 0.000000
vt 0.379412 1.000000
vt 0.379412 0.000000
vt 0.382353 1.000000
vt 0.382353 0.000000
vt 0.385294 1.000000
vt 0.385294 0.000000
vt 0.391176 1.000000
vt 0.391176 0.000000
vt 0.394118 1.000000
vt 0.394118 0.000000
vt 0.397059 1.000000
vt 0.397059 0.000000
vt 0.402941 1.000000
vt 0.402941 0.000000
vt 0.405882 1.000000
vt 0.405882 0.000000
vt 0.408824 1.000000
vt 0.408824 0.000000
vt 0.414706 1.000000
vt 0.414706 0.000000
vt 0.417647 1.000000
vt 0.417647 0.000000
vt 0.420588 1.000000
vt 0.420588 0.000000
vt 0.426471 1.000000
vt 0.426471 0.000000
vt 0.429412 1.000000
vt 0.429412 0.000000
vt 0.432353 1.000000
vt 0.432353 0.000000
vt 0.438235 1.000000
vt 0.438235 0.000000
vt 0.441176 1.000000
vt 0.441176 0.000000
vt 0.444118 1.000000
vt 0.444118 0.000000
vt 0.450000 1.000000
vt 0.452941 1.000000
vt 0.452941 0.000000
vt 0.455882 1.000000
vt 0.455882 0.000000
vt 0.461765 1.000000
vt 0.461765 0.000000
vt 0.464706 1.000000
vt 0.464706 0.000000
vt 0.467647 1.000000
vt 0.467647 0.000000
vt 0.473529 1.000000
vt 0.473529 0.000000
vt 0.476471 1.000000
vt 0.476471 0.000000
vt 0.479412 1.000000
vt 0.479412 0.000000
vt 0.485294 1.000000
vt 0.485294 0.000000
vt 0.488235 1.000000
vt 0.488235 0.000000
vt 0.491176 1.000000
vt 0.491176 0.000000
vt 0.497059 1.000000
vt 0.497059 0.000000
vt 0.502941 1.000000
vt 0.502941 0.000000
vt 0.508824 1.000000
vt 0.508824 0.000000
vt 0.511765 1.000000
vt 0.511765 0.000000
vt 0.514706 1.000000
vt 0.514706 0.000000
vt 0.520588 1.000000
vt 0.520588 0.000000
vt 0.523529 1.000000
vt 0.523529 0.000000
vt 0.526471 1.000000
vt 0.526471 0.000000
vt 0.532353 1.000000
vt 0.532353 0.000000
vt 0.535294 1.000000
vt 0.535294 0.000000
vt 0.538235 1.000000
vt 0.538235 0.000000
vt 0.544118 1.000000
vt 0.544118 0.000000
vt 0.547059 1.000000
vt 0.547059 0.000000
vt 0.550000 1.000000
vt 0.555882 1.000000
vt 0.555882 0.000000
vt 0.558824 1.000000
vt 0.558824 0.000000
vt 0.561765 1.000000
vt 0.561765 0.000000
vt 0.567647 1.000000
vt 0.567647 0.000000
vt 0.570588 1.000000
vt 0.570588 0.000000
vt 0.573529 1.000000
vt 0.573529 0.000000
vt 0.579412 1.000000
vt 0.579412 0.000000
vt 0.582353 1.000000
vt 0.582353 0.000000
vt 0.585294 1.000000
vt 0.585294 0.000000
vt 0.591176 1.000000
vt 0.591176 0.000000
vt 0.594118 1.000000
vt 0.594118 0.000000
vt 0.597059 1.000000
vt 0.597059 0.000000
vt 0.602941 1.000000
vt 0.602941 0.000000
vt 0.605882 1.000000
vt 0.605882 0.000000
vt 0.608824 1.000000
vt 0.608824 0.000000
vt 0.614706 1.000000
vt 0.614706 0.000000
vt 0.617647 1.000000
vt 0.617647 0.000000
vt 0.620588 1.000000
vt 0.620588 0.000000
vt 0.626471 1.000000
vt 0.626471 0.000000
vt 0.629412 1.000000
vt 0.629412 0.000000
vt 0.632353 1.000000
vt 0.632353 0.000000
vt 0.638235 1.000000
vt 0.638235 0.000000
vt 0.641176 1.000000
vt 0.641176 0.000000
vt 0.644118 1.000000
vt 0.644118 0.000000
vt 0.650000 1.000000
vt 0.652941 1.000000
vt 0.652941 0.000000
vt 0.655882 1.000000
vt 0.655882 0.000000
vt 0.661765 1.000000
vt 0.661765 0.000000
vt 0.664706 1.000000
vt 0.664706 0.000000
vt 0.667647 1.000000
vt 0.667647 0.000000
vt 0.673529 1.000000
vt 0.673529 0.000000
vt 0.676471 1.000000
vt 0.676471 0.000000
vt 0.679412 1.000000
vt 0.679412 0.000000
vt 0.685294 1.000000
vt 0.685294 0.000000
vt 0.688235 1.000000
vt 0.688235 0.000000
vt 0.691176 1.000000
vt 0.691176 0.000000
vt 0.697059 1.000000
vt 0.697059 0.000000
vt 0.700000 1.000000
vt 0.702941 1.000000
vt 0.702941 0.000000
vt 0.708824 1.000000
vt 0.708824 0.000000
vt 0.711765 1.000000
vt 0.711765 0.000000
vt 0.714706 1.000000
vt 0.714706 0.000000
vt 0.720588 1.000000
vt 0.720588 0.000000
vt 0.723529 1.000000
vt 0.723529 0.000000
vt 0.726471 1.000000
vt 0.726471 0.000000
vt 0.732353 1.000000
vt 0.732353 0.000000
vt 0.735294 1.000000
vt 0.735294 0.000000
vt 0.738235 1.000000
vt 0.738235 0.000000
vt 0.744118 1.000000
vt 0.744118 0.000000
vt 0.747059 1.000000
vt 0.747059 0.000000
vt 0.755882 1.000000
vt 0.755882 0.000000
vt 0.758824 1.000000
vt 0.758824 0.000000
vt 0.761765 1.000000
vt 0.761765 0.000000
vt 0.767647 1.000000
vt 0.767647 0.000000
vt 0.770588 1.000000
vt 0.770588 0.000000
vt 0.773529 1.000000
vt 0.773529 0.000000
vt 0.779412 1.000000
vt 0.779412 0.000000
vt 0.782353 1.000000
vt 0.782353 0.000000
vt 0.785294 1.000000
vt 0.785294 0.000000
vt 0.791176 1.000000
vt 0.791176 0.000000
vt 0.794118 1.000000
vt 0.794118 0.000000
vt 0.797059 1.000000
vt 0.797059 0.000000
vt 0.802941 1.000000
vt 0.802941 0.000000
vt 0.805882 1.000000
vt 0.805882 0.000000
vt 0.808824 1.000000
vt 0.808824 0.000000
vt 0.814706 1.000000
vt 0.814706 0.000000
vt 0.817647 1.000000
vt 0.817647 0.000000
vt 0.820588 1.000000
vt 0.820588 0.000000
vt 0.826471 1.000000
vt 0.826471 0.000000
vt 0.829412 1.000000
vt 0.829412 0.000000
vt 0.832353 1.000000
vt 0.832353 0.000000
vt 0.838235 1.000000
vt 0.838235 0.000000
vt 0.841176 1.000000
vt 0.841176 0.000000
vt 0.844118 1.000000
vt 0.844118 0.000000
vt 0.850000 1.000000
vt 0.852941 1.000000
vt 0.852941 0.000000
vt 0.855882 1.000000
vt 0.855882 0.000000
vt 0.861765 1.000000
vt 0.861765 0.000000
vt 0.864706 1.000000
vt 0.864706 0.000000
vt 0.867647 1.000000
vt 0.867647 0.000000
vt 0.873529 1.000000
vt 0.873529 0.000000
vt 0.876471 1.000000
vt 0.876471 0.000000
vt 0.879412 1.000000
vt 0.879412 0.000000
vt 0.885294 1.000000
vt 0.885294 0.000000
vt 0.888235 1.000000
vt 0.888235 0.000000
vt 0.891176 1.000000
vt 0.891176 0.000000
vt 0.897059 1.000000
vt 0.897059 0.000000
vt 0.900000 1.000000
vt 0.902941 1.000000
vt 0.902941 0.000000
vt 0.908824 1.000000
vt 0.908824 0.000000
vt 0.911765 1.000000
vt 0.911765 0.000000
vt 0.914706 1.000000
vt 0.914706 0.000000
vt 0.920588 1.000000
vt 0.920588 0.000000
vt 0.923529 1.000000
vt 0.923529 0.000000
vt 0.926471 1.000000
vt 0.926471 0.000000
vt 0.932353 1.000000
vt 0.932353 0.000000
vt 0.935294 1.000000
vt 0.935294 0.000000
vt 0.938235 1.000000
vt 0.938235 0.000000
vt 0.944118 1.000000
vt 0.944118 0.000000
vt 0.947059 1.000000
vt 0.947059 0.000000
vt 0.950000 1.000000
vt 0.955882 1.000000
vt 0.955882 0.000000
vt 0.958824 1.000000
vt 0.958824 0.000000
vt 0.961765 1.000000
vt 0.961765 0.000000
vt 0.967647 1.000000
vt 0.967647 0.000000
vt 0.970588 1.000000
vt 0.970588 0.000000
vt 0.973529 1.000000
vt 0.973529 0.000000
vt 0.979412 1.000000
vt 0.979412 0.000000
vt 0.982353 1.000000
vt 0.982353 0.000000
vt 0.985294 1.000000
vt 0.985294 0.000000
vt 0.991176 1.000000
vt 0.991176 0.000000
vt 0.994118 1.000000
vt 0.994118 0.000000
vt 0.997059 1.000000
vt 0.997059 0.000000
vt 0.004902 1.000000
vt 0.004902 0.000000
vt 0.009804 1.000000
vt 0.009804 0.000000
vt 0.019608 1.000000
vt 0.019608 0.000000
vt 0.024510 1.000000
vt 0.024510 0.000000
vt 0.034314 1.000000
vt 0.034314 0.000000
vt 0.039216 1.000000
vt 0.039216 0.000000
vt 0.049020 1.000000
vt 0.049020 0.000000
vt 0.053922 1.000000
vt 0.053922 0.000000
vt 0.063725 1.000000
vt 0.063725 0.000000
vt 0.068627 1.000000
vt 0.068627 0.000000
vt 0.078431 1.000000
vt 0.078431 0.000000
vt 0.093137 1.000000
vt 0.093137 0.000000
vt 0.098039 1.000000
vt 0.098039 0.000000
vt 0.107843 1.000000
vt 0.107843 0.000000
vt 0.112745 1.000000
vt 0.112745 0.000000
vt 0.122549 1.000000
vt 0.122549 0.000000
vt 0.127451 1.000000
vt 0.127451 0.000000
vt 0.137255 1.000000
vt 0.137255 0.000000
vt 0.142157 1.000000
vt 0.142157 0.000000
vt 0.151961 1.000000
vt 0.151961 0.000000
vt 0.156863 1.000000
vt 0.156863 0.000000
vt 0.171569 1.000000
vt 0.171569 0.000000
vt 0.181373 1.000000
vt 0.181373 0.000000
vt 0.186275 1.000000
vt 0.186275 0.000000
vt 0.196078 1.000000
vt 0.196078 0.000000
vt 0.200980 1.000000
vt 0.200980 0.000000
vt 0.210784 1.000000
vt 0.210784 0.000000
vt 0.215686 1.000000
vt 0.215686 0.000000
vt 0.225490 1.000000
vt 0.225490 0.000000
vt 0.230392 1.000000
vt 0.230392 0.000000
vt 0.240196 1.000000
vt 0.240196 0.000000
vt 0.245098 1.000000
vt 0.245098 0.000000
vt 0.254902 1.000000
vt 0.254902 0.000000
vt 0.259804 1.000000
vt 0.259804 0.000000
vt 0.269608 1.000000
vt 0.269608 0.000000
vt 0.274510 1.000000
vt 0.274510 0.000000
vt 0.284314 1.000000
vt 0.284314 0.000000
vt 0.289216 1.000000
vt 0.289216 0.000000
vt 0.299020 1.000000
vt 0.299020 0.000000
vt 0.303922 1.000000
vt 0.303922 0.000000
vt 0.313726 1.000000
vt 0.313726 0.000000
vt 0.318627 1.000000
vt 0.318627 0.000000
vt 0.328431 1.000000
vt 0.328431 0.000000
vt 0.343137 1.000000
vt 0.343137 0.000000
vt 0.348039 1.000000
vt 0.348039 0.000000
vt 0.357843 1.000000
vt 0.357843 0.000000
vt 0.362745 1.000000
vt 0.362745 0.000000
vt 0.372549 1.000000
vt 0.372549 0.000000
vt 0.377451 1.000000
vt 0.377451 0.000000
vt 0.387255 1.000000
vt 0.387255 0.000000
vt 0.392157 1.000000
vt 0.392157 0.000000
vt 0.401961 1.000000
vt 0.401961 0.000000
vt 0.406863 1.000000
vt 0.406863 0.000000
vt 0.421569 1.000000
vt 0.421569 0.000000
vt 0.431373 1.000000
vt 0.431373 0.000000
vt 0.436274 1.000000
vt 0.436274 0.000000
vt 0.446078 1.000000
vt 0.446078 0.000000
vt 0.450980 1.000000
vt 0.450980 0.000000
vt 0.460784 1.000000
vt 0.460784 0.000000
vt 0.465686 1.000000
vt 0.465686 0.000000
vt 0.475490 1.000000
vt 0.475490 0.000000
vt 0.480392 1.000000
vt 0.480392 0.000000
vt 0.490196 1.000000
vt 0.490196 0.000000
vt 0.495098 1.000000
vt 0.495098 0.000000
vt 0.504902 1.000000
vt 0.504902 0.000000
vt 0.509804 1.000000
vt 0.509804 0.000000
vt 0.519608 1.000000
vt 0.519608 0.000000
vt 0.524510 1.000000
vt 0.524510 0.000000
vt 0.534314 1.000000
vt 0.534314 0.000000
vt 0.539216 1.000000
vt 0.539216 0.000000
vt 0.549020 1.000000
vt 0.549020 0.000000
vt 0.553922 1.000000
vt 0.553922 0.000000
vt 0.563725 1.000000
vt 0.563725 0.000000
vt 0.568627 1.000000
vt 0.568627 0.000000
vt 0.578431 1.000000
vt 0.578431 0.000000
vt 0.593137 1.000000
vt 0.593137 0.000000
vt 0.598039 1.000000
vt 0.598039 0.000000
vt 0.607843 1.000000
vt 0.607843 0.000000
vt 0.612745 1.000000
vt 0.612745 0.000000
vt 0.622549 1.000000
vt 0.622549 0.000000
vt 0.627451 1.000000
vt 0.627451 0.000000
vt 0.637255 1.000000
vt 0.637255 0.000000
vt 0.642157 1.000000
vt 0.642157 0.000000
vt 0.651961 1.000000
vt 0.651961 0.000000
vt 0.656863 1.000000
vt 0.656863 0.000000
vt 0.671569 1.000000
vt 0.671569 0.000000
vt 0.681373 1.000000
vt 0.681373 0.000000
vt 0.686275 1.000000
vt 0.686275 0.000000
vt 0.696078 1.000000
vt 0.696078 0.000000
vt 0.700980 1.000000
vt 0.700980 0.000000
vt 0.710784 1.000000
vt 0.710784 0.000000
vt 0.715686 1.000000
vt 0.715686 0.000000
vt 0.725490 1.000000
vt 0.725490 0.000000
vt 0.730392 1.000000
vt 0.730392 0.000000
vt 0.740196 1.000000
vt 0.740196 0.000000
vt 0.745098 1.000000
vt 0.745098 0.000000
vt 0.754902 1.000000
vt 0.754902 0.000000
vt 0.759804 1.000000
vt 0.759804 0.000000
vt 0.769608 1.000000
vt 0.769608 0.000000
vt 0.774510 1.000000
vt 0.774510 0.000000
vt 0.784314 1.000000
vt 0.784314 0.000000
vt 0.789216 1.000000
vt 0.789216 0.000000
vt 0.799020 1.000000
vt 0.799020 0.000000
vt 0.803922 1.000000
vt 0.803922 0.000000
vt 0.813725 1.000000
vt 0.813725 0.000000
vt 0.818627 1.000000
vt 0.818627 0.000000
vt 0.828431 1.000000
vt 0.828431 0.000000
vt 0.843137 1.000000
vt 0.843137 0.000000
vt 0.848039 1.000000
vt 0.848039 0.000000
vt 0.857843 1.000000
vt 0.857843 0.000000
vt 0.862745 1.000000
vt 0.862745 0.000000
vt 0.872549 1.000000
vt 0.872549 0.000000
vt 0.877451 1.000000
vt 0.877451 0.000000
vt 0.887255 1.000000
vt 0.887255 0.000000
vt 0.892157 1.000000
vt 0.892157 0.000000
vt 0.901961 1.000000
vt 0.901961 0.000000
vt 0.906863 1.000000
vt 0.906863 0.000000
vt 0.921569 1.000000
vt 0.921569 0.000000
vt 0.931373 1.000000
vt 0.931373 0.000000
vt 0.936275 1.000000
vt 0.936275 0.000000
vt 0.946078 1.000000
vt 0.946078 0.000000
vt 0.950980 1.000000
vt 0.950980 0.000000
vt 0.960784 1.000000
vt 0.960784 0.000000
vt 0.965686 1.000000
vt 0.965686 0.000000
vt 0.975490 1.000000
vt 0.975490 0.000000
vt 0.980392 1.000000
vt 0.980392 0.000000
vt 0.990196 1.000000
vt 0.990196 0.000000
vt 0.995098 1.000000
vt 0.995098 0.000000
vt 0.007576 1.000000
vt 0.007576 0.000000
vt 0.015152 1.000000
vt 0.015152 0.000000
vt 0.022727 1.000000
vt 0.022727 0.000000
vt 0.030303 1.000000
vt 0.030303 0.000000
vt 0.037879 1.000000
vt 0.037879 0.000000
vt 0.045455 1.000000
vt 0.045455 0.000000
vt 0.053030 1.000000
vt 0.053030 0.000000
vt 0.060606 1.000000
vt 0.060606 0.000000
vt 0.068182 1.000000
vt 0.068182 0.000000
vt 0.075758 1.000000
vt 0.075758 0.000000
vt 0.090909 1.000000
vt 0.090909 0.000000
vt 0.098485 1.000000
vt 0.098485 0.000000
vt 0.106061 1.000000
vt 0.106061 0.000000
vt 0.113636 1.000000
vt 0.113636 0.000000
vt 0.121212 1.000000
vt 0.121212 0.000000
vt 0.128788 1.000000
vt 0.128788 0.000000
vt 0.136364 1.000000
vt 0.136364 0.000000
vt 0.143939 1.000000
vt 0.143939 0.000000
vt 0.151515 1.000000
vt 0.151515 0.000000
vt 0.159091 1.000000
vt 0.159091 0.000000
vt 0.174242 1.000000
vt 0.174242 0.000000
vt 0.181818 1.000000
vt 0.181818 0.000000
vt 0.189394 1.000000
vt 0.189394 0.000000
vt 0.196970 1.000000
vt 0.196970 0.000000
vt 0.204545 1.000000
vt 0.204545 0.000000
vt 0.212121 1.000000
vt 0.212121 0.000000
vt 0.219697 1.000000
vt 0.219697 0.000000
vt 0.227273 1.000000
vt 0.227273 0.000000
vt 0.234848 1.000000
vt 0.234848 0.000000
vt 0.242424 1.000000
vt 0.242424 0.000000
vt 0.257576 1.000000
vt 0.257576 0.000000
vt 0.265152 1.000000
vt 0.265152 0.000000
vt 0.272727 1.000000
vt 0.272727 0.000000
vt 0.280303 1.000000
vt 0.280303 0.000000
vt 0.287879 1.000000
vt 0.287879 0.000000
vt 0.295455 1.000000
vt 0.295455 0.000000
vt 0.303030 1.000000
vt 0.303030 0.000000
vt 0.310606 1.000000
vt 0.310606 0.000000
vt 0.318182 1.000000
vt 0.318182 0.000000
vt 0.325758 1.000000
vt 0.325758 0.000000
vt 0.340909 1.000000
vt 0.340909 0.000000
vt 0.348485 1.000000
vt 0.348485 0.000000
vt 0.356061 1.000000
vt 0.356061 0.000000
vt 0.363636 1.000000
vt 0.363636 0.000000
vt 0.371212 1.000000
vt 0.371212 0.000000
vt 0.378788 1.000000
vt 0.378788 0.000000
vt 0.386364 1.000000
vt 0.386364 0.000000
vt 0.393939 1.000000
vt 0.393939 0.000000
vt 0.401515 1.000000
vt 0.401515 0.000000
vt 0.409091 1.000000
vt 0.409091 0.000000
vt 0.424242 1.000000
vt 0.424242 0.000000
vt 0.431818 1.000000
vt 0.431818 0.000000
vt 0.439394 1.000000
vt 0.439394 0.000000
vt 0.446970 1.000000
vt 0.446970 0.000000
vt 0.454545 1.000000
vt 0.454545 0.000000
vt 0.462121 1.000000
vt 0.462121 0.000000
vt 0.469697 1.000000
vt 0.469697 0.000000
vt 0.477273 1.000000
vt 0.477273 0.000000
vt 0.484848 1.000000
vt 0.484848 0.000000
vt 0.492424 1.000000
vt 0.492424 0.000000
vt 0.507576 1.000000
vt 0.507576 0.000000
vt 0.515152 1.000000
vt 0.515152 0.000000
vt 0.522727 1.000000
vt 0.522727 0.000000
vt 0.530303 1.000000
vt 0.530303 0.000000
vt 0.537879 1.000000
vt 0.537879 0.000000
vt 0.545455 1.000000
vt 0.545455 0.000000
vt 0.553030 1.000000
vt 0.553030 0.000000
vt 0.560606 1.000000
vt 0.560606 0.000000
vt 0.568182 1.000000
vt 0.568182 0.000000
vt 0.575758 1.000000
vt 0.575758 0.000000
vt 0.590909 1.000000
vt 0.590909 0.000000
vt 0.598485 1.000000
vt 0.598485 0.000000
vt 0.606061 1.000000
vt 0.606061 0.000000
vt 0.613636 1.000000
vt 0.613636 0.000000
vt 0.621212 1.000000
vt 0.621212 0.000000
vt 0.628788 1.000000
vt 0.628788 0.000000
vt 0.636364 1.000000
vt 0.636364 0.000000
vt 0.643939 1.000000
vt 0.643939 0.000000
vt 0.651515 1.000000
vt 0.651515 0.000000
vt 0.659091 1.000000
vt 0.659091 0.000000
vt 0.674242 1.000000
vt 0.674242 0.000000
vt 0.681818 1.000000
vt 0.681818 0.000000
vt 0.689394 1.000000
vt 0.689394 0.000000
vt 0.696970 1.000000
vt 0.696970 0.000000
vt 0.704545 1.000000
vt 0.704545 0.000000
vt 0.712121 1.000000
vt 0.712121 0.000000
vt 0.719697 1.000000
vt 0.719697 0.000000
vt 0.727273 1.000000
vt 0.727273 0.000000
vt 0.734848 1.000000
vt 0.734848 0.000000
vt 0.742424 1.000000
vt 0.742424 0.000000
vt 0.757576 1.000000
vt 0.757576 0.000000
vt 0.765152 1.000000
vt 0.765152 0.000000
vt 0.772727 1.000000
vt 0.772727 0.000000
vt 0.780303 1.000000
vt 0.780303 0.000000
vt 0.787879 1.000000
vt 0.787879 0.000000
vt 0.795455 1.000000
vt 0.795455 0.000000
vt 0.803030 1.000000
vt 0.803030 0.000000
vt 0.810606 1.000000
vt 0.810606 0.000000
vt 0.818182 1.000000
vt 0.818182 0.000000
vt 0.825758 1.000000
vt 0.825758 0.000000
vt 0.840909 1.000000
vt 0.840909 0.000000
vt 0.848485 1.000000
vt 0.848485 0.000000
vt 0.856061 1.000000
vt 0.856061 0.000000
vt 0.863636 1.000000
vt 0.863636 0.000000
vt 0.871212 1.000000
vt 0.871212 0.000000
vt 0.878788 1.000000
vt 0.878788 0.000000
vt 0.886364 1.000000
vt 0.886364 0.000000
vt 0.893939 1.000000
vt 0.893939 0.000000
vt 0.901515 1.000000
vt 0.901515 0.000000
vt 0.909091 1.000000
vt 0.909091 0.000000
vt 0.924242 1.000000
vt 0.924242 0.000000
vt 0.931818 1.000000
vt 0.931818 0.000000
vt 0.939394 1.000000
vt 0.939394 0.000000
vt 0.946970 1.000000
vt 0.946970 0.000000
vt 0.954545 1.000000
vt 0.954545 0.000000
vt 0.962121 1.000000
vt 0.962121 0.000000
vt 0.969697 1.000000
vt 0.969697 0.000000
vt 0.977273 1.000000
vt 0.977273 0.000000
vt 0.984848 1.000000
vt 0.984848 0.000000
vt 0.992424 1.000000
vt 0.992424 0.000000
vt 0.005464 1.000000
vt 0.005464 0.000000
vt 0.010929 1.000000
vt 0.010929 0.000000
vt 0.016393 1.000000
vt 0.016393 0.000000
vt 0.021858 1.000000
vt 0.021858 0.000000
vt 0.027322 1.000000
vt 0.027322 0.000000
vt 0.032787 1.000000
vt 0.032787 0.000000
vt 0.038251 1.000000
vt 0.038251 0.000000
vt 0.043716 1.000000
vt 0.043716 0.000000
vt 0.049180 1.000000
vt 0.049180 0.000000
vt 0.054645 1.000000
vt 0.054645 0.000000
vt 0.060109 1.000000
vt 0.060109 0.000000
vt 0.065574 1.000000
vt 0.065574 0.000000
vt 0.071038 1.000000
vt 0.071038 0.000000
vt 0.076503 1.000000
vt 0.076503 0.000000
vt 0.081967 1.000000
vt 0.081967 0.000000
vt 0.087432 1.000000
vt 0.087432 0.000000
vt 0.092896 1.000000
vt 0.092896 0.000000
vt 0.098361 1.000000
vt 0.098361 0.000000
vt 0.103825 1.000000
vt 0.103825 0.000000
vt 0.109290 1.000000
vt 0.109290 0.000000
vt 0.114754 1.000000
vt 0.114754 0.000000
vt 0.120219 1.000000
vt 0.120219 0.000000
vt 0.125683 1.000000
vt 0.125683 0.000000
vt 0.131148 1.000000
vt 0.131148 0.000000
vt 0.136612 1.000000
vt 0.136612 0.000000
vt 0.142077 1.000000
vt 0.142077 0.000000
vt 0.147541 1.000000
vt 0.147541 0.000000
vt 0.153005 1.000000
vt 0.153005 0.000000
vt 0.158470 1.000000
vt 0.158470 0.000000
vt 0.163934 1.000000
vt 0.163934 0.000000
vt 0.169399 1.000000
vt 0.169399 0.000000
vt 0.174863 1.000000
vt 0.174863 0.000000
vt 0.180328 1.000000
vt 0.180328 0.000000
vt 0.185792 1.000000
vt 0.185792 0.000000
vt 0.191257 1.000000
vt 0.191257 0.000000
vt 0.196721 1.000000
vt 0.196721 0.000000
vt 0.202186 1.000000
vt 0.202186 0.000000
vt 0.207650 1.000000
vt 0.207650 0.000000
vt 0.213115 1.000000
vt 0.213115 0.000000
vt 0.218579 1.000000
vt 0.218579 0.000000
vt 0.224044 1.000000
vt 0.224044 0.000000
vt 0.229508 1.000000
vt 0.229508 0.000000
vt 0.234973 1.000000
vt 0.234973 0.000000
vt 0.240437 1.000000
vt 0.240437 0.000000
vt 0.245902 1.000000
vt 0.245902 0.000000
vt 0.251366 1.000000
vt 0.251366 0.000000
vt 0.256831 1.000000
vt 0.256831 0.000000
vt 0.262295 1.000000
vt 0.262295 0.000000
vt 0.267760 1.000000
vt 0.267760 0.000000
vt 0.273224 1.000000
vt 0.273224 0.000000
vt 0.278689 1.000000
vt 0.278689 0.000000
vt 0.284153 1.000000
vt 0.284153 0.000000
vt 0.289617 1.000000
vt 0.289617 0.000000
vt 0.295082 1.000000
vt 0.295082 0.000000
vt 0.300546 1.000000
vt 0.300546 0.000000
vt 0.306011 1.000000
vt 0.306011 0.000000
vt 0.311475 1.000000
vt 0.311475 0.000000
vt 0.316940 1.000000
vt 0.316940 0.000000
vt 0.322404 1.000000
vt 0.322404 0.000000
vt 0.327869 1.000000
vt 0.327869 0.000000
vt 0.338798 1.000000
vt 0.338798 0.000000
vt 0.344262 1.000000
vt 0.344262 0.000000
vt 0.349727 1.000000
vt 0.349727 0.000000
vt 0.355191 1.000000
vt 0.355191 0.000000
vt 0.360656 1.000000
vt 0.360656 0.000000
vt 0.366120 1.000000
vt 0.366120 0.000000
vt 0.371585 1.000000
vt 0.371585 0.000000
vt 0.377049 1.000000
vt 0.377049 0.000000
vt 0.382514 1.000000
vt 0.382514 0.000000
vt 0.387978 1.000000
vt 0.387978 0.000000
vt 0.393443 1.000000
vt 0.393443 0.000000
vt 0.398907 1.000000
vt 0.398907 0.000000
vt 0.404372 1.000000
vt 0.404372 0.000000
vt 0.409836 1.000000
vt 0.409836 0.000000
vt 0.415301 1.000000
vt 0.415301 0.000000
vt 0.420765 1.000000
vt 0.420765 0.000000
vt 0.426230 1.000000
vt 0.426230 0.000000
vt 0.431694 1.000000
vt 0.431694 0.000000
vt 0.437158 1.000000
vt 0.437158 0.000000
vt 0.442623 1.000000
vt 0.442623 0.000000
vt 0.448087 1.000000
vt 0.448087 0.000000
vt 0.453552 1.000000
vt 0.453552 0.000000
vt 0.459016 1.000000
vt 0.459016 0.000000
vt 0.464481 1.000000
vt 0.464481 0.000000
vt 0.469945 1.000000
vt 0.469945 0.000000
vt 0.475410 1.000000
vt 0.475410 0.000000
vt 0.480874 1.000000
vt 0.480874 0.000000
vt 0.486339 1.000000
vt 0.486339 0.000000
vt 0.491803 1.000000
vt 0.491803 0.000000
vt 0.497268 1.000000
vt 0.497268 0.000000
vt 0.502732 1.000000
vt 0.502732 0.000000
vt 0.508197 1.000000
vt 0.508197 0.000000
vt 0.513661 1.000000
vt 0.513661 0.000000
vt 0.519126 1.000000
vt 0.519126 0.000000
vt 0.524590 1.000000
vt 0.524590 0.000000
vt 0.530055 1.000000
vt 0.530055 0.000000
vt 0.535519 1.000000
vt 0.535519 0.000000
vt 0.540984 1.000000
vt 0.540984 0.000000
vt 0.546448 1.000000
vt 0.546448 0.000000
vt 0.551913 1.000000
vt 0.551913 0.000000
vt 0.557377 1.000000
vt 0.557377 0.000000
vt 0.562842 1.000000
vt 0.562842 0.000000
vt 0.568306 1.000000
vt 0.568306 0.000000
vt 0.573770 1.000000
vt 0.573770 0.000000
vt 0.579235 1.000000
vt 0.579235 0.000000
vt 0.584699 1.000000
vt 0.584699 0.000000
vt 0.590164 1.000000
vt 0.590164 0.000000
vt 0.595628 1.000000
vt 0.595628 0.000000
vt 0.601093 1.000000
vt 0.601093 0.000000
vt 0.606557 1.000000
vt 0.606557 0.000000
vt 0.612022 1.000000
vt 0.612022 0.000000
vt 0.617486 1.000000
vt 0.617486 0.000000
vt 0.622951 1.000000
vt 0.622951 0.000000
vt 0.628415 1.000000
vt 0.628415 0.000000
vt 0.633880 1.000000
vt 0.633880 0.000000
vt 0.639344 1.000000
vt 0.639344 0.000000
vt 0.644809 1.000000
vt 0.644809 0.000000
vt 0.650273 1.000000
vt 0.650273 0.000000
vt 0.655738 1.000000
vt 0.655738 0.000000
vt 0.661202 1.000000
vt 0.661202 0.000000
vt 0.672131 1.000000
vt 0.672131 0.000000
vt 0.677596 1.000000
vt 0.677596 0.000000
vt 0.683060 1.000000
vt 0.683060 0.000000
vt 0.688525 1.000000
vt 0.688525 0.000000
vt 0.693989 1.000000
vt 0.693989 0.000000
vt 0.699454 1.000000
vt 0.699454 0.000000
vt 0.704918 1.000000
vt 0.704918 0.000000
vt 0.710383 1.000000
vt 0.710383 0.000000
vt 0.715847 1.000000
vt 0.715847 0.000000
vt 0.721311 1.000000
vt 0.721311 0.000000
vt 0.726776 1.000000
vt 0.726776 0.000000
vt 0.732240 1.000000
vt 0.732240 0.000000
vt 0.737705 1.000000
vt 0.737705 0.000000
vt 0.743169 1.000000
vt 0.743169 0.000000
vt 0.748634 1.000000
vt 0.748634 0.000000
vt 0.754098 1.000000
vt 0.754098 0.000000
vt 0.759563 1.000000
vt 0.759563 0.000000
vt 0.765027 1.000000
vt 0.765027 0.000000
vt 0.770492 1.000000
vt 0.770492 0.000000
vt 0.775956 1.000000
vt 0.775956 0.000000
vt 0.781421 1.000000
vt 0.781421 0.000000
vt 0.786885 1.000000
vt 0.786885 0.000000
vt 0.792350 1.000000
vt 0.792350 0.000000
vt 0.797814 1.000000
vt 0.797814 0.000000
vt 0.803279 1.000000
vt 0.803279 0.000000
vt 0.808743 1.000000
vt 0.808743 0.000000
vt 0.814208 1.000000
vt 0.814208 0.000000
vt 0.819672 1.000000
vt 0.819672 0.000000
vt 0.825137 1.000000
vt 0.825137 0.000000
vt 0.830601 1.000000
vt 0.830601 0.000000
vt 0.836066 1.000000
vt 0.836066 0.000000
vt 0.841530 1.000000
vt 0.841530 0.000000
vt 0.846995 1.000000
vt 0.846995 0.000000
vt 0.852459 1.000000
vt 0.852459 0.000000
vt 0.857924 1.000000
vt 0.857924 0.000000
vt 0.863388 1.000000
vt 0.863388 0.000000
vt 0.868852 1.000000
vt 0.868852 0.000000
vt 0.874317 1.000000
vt 0.874317 0.000000
vt 0.879781 1.000000
vt 0.879781 0.000000
vt 0.885246 1.000000
vt 0.885246 0.000000
vt 0.890710 1.000000
vt 0.890710 0.000000
vt 0.896175 1.000000
vt 0.896175 0.000000
vt 0.901639 1.000000
vt 0.901639 0.000000
vt 0.907104 1.000000
vt 0.907104 0.000000
vt 0.912568 1.000000
vt 0.912568 0.000000
vt 0.918033 1.000000
vt 0.918033 0.000000
vt 0.923497 1.000000
vt 0.923497 0.000000
vt 0.928962 1.000000
vt 0.928962 0.000000
vt 0.934426 1.000000
vt 0.934426 0.000000
vt 0.939891 1.000000
vt 0.939891 0.000000
vt 0.945355 1.000000
vt 0.945355 0.000000
vt 0.950820 1.000000
vt 0.950820 0.000000
vt 0.956284 1.000000
vt 0.956284 0.000000
vt 0.961749 1.000000
vt 0.961749 0.000000
vt 0.967213 1.000000
vt 0.967213 0.000000
vt 0.972678 1.000000
vt 0.972678 0.000000
vt 0.978142 1.000000
vt 0.978142 0.000000
vt 0.983607 1.000000
vt 0.983607 0.000000
vt 0.989071 1.000000
vt 0.989071 0.000000
vt 0.994536 1.000000
vt 0.994536 0.000000
s 0
usemtl マテリアル
f 168/1/1 170/2/1 169/3/1
f 168/1/1 171/4/1 170/2/1
f 167/5/1 171/4/1 168/1/1
f 167/5/1 172/6/1 171/4/1
f 167/5/1 173/7/1 172/6/1
f 166/8/1 173/7/1 167/5/1
f 166/8/1 174/9/1 173/7/1
f 324/10/1 326/11/1 325/12/1
f 324/10/1 327/13/1 326/11/1
f 166/8/1 175/14/1 174/9/1
f 323/15/1 327/13/1 324/10/1
f 323/15/1 328/16/1 327/13/1
f 165/17/1 175/14/1 166/8/1
f 323/15/1 329/18/1 328/16/1
f 165/17/1 176/19/1 175/14/1
f 322/20/1 329/18/1 323/15/1
f 322/20/1 330/21/1 329/18/1
f 165/17/1 177/22/1 176/19/1
f 322/20/1 331/23/1 330/21/1
f 164/24/1 177/22/1 165/17/1
f 321/25/1 331/23/1 322/20/1
f 321/25/1 332/26/1 331/23/1
f 164/24/1 178/27/1 177/22/1
f 321/25/1 333/28/1 332/26/1
f 320/29/1 333/28/1 321/25/1
f 163/30/1 178/27/1 164/24/1
f 163/30/1 179/31/1 178/27/1
f 320/29/1 334/32/1 333/28/1
f 163/30/1 180/33/1 179/31/1
f 319/34/1 334/32/1 320/29/1
f 319/34/1 335/35/1 334/32/1
f 162/36/1 180/33/1 163/30/1
f 162/36/1 181/37/1 180/33/1
f 319/34/1 336/38/1 335/35/1
f 318/39/1 336/38/1 319/34/1
f 162/36/1 182/40/1 181/37/1
f 318/39/1 337/41/1 336/38/1
f 161/42/1 182/40/1 162/36/1
f 161/42/1 183/43/1 182/40/1
f 318/39/1 338/44/1 337/41/1
f 317/45/1 338/44/1 318/39/1
f 161/42/1 184/46/1 183/43/1
f 317/45/1 339/47/1 338/44/1
f 160/48/1 184/46/1 161/42/1
f 317/45/1 340/49/1 339/47/1
f 160/48/1 185/50/1 184/46/1
f 316/51/1 340/49/1 317/45/1
f 316/51/1 341/52/1 340/49/1
f 160/48/1 186/53/1 185/50/1
f 159/54/1 186/53/1 160/48/1
f 316/51/1 342/55/1 341/52/1
f 159/54/1 187/56/1 186/53/1
f 315/57/1 342/55/1 316/51/1
f 315/57/1 343/58/1 342/55/1
f 159/54/1 188/59/1 187/56/1
f 158/60/1 188/59/1 159/54/1
f 315/57/1 344/61/1 343/58/1
f 158/60/1 189/62/1 188/59/1
f 314/63/1 344/61/1 315/57/1
f 314/63/1 345/64/1 344/61/1
f 158/60/1 190/65/1 189/62/1
f 157/66/1 190/65/1 158/60/1
f 314/63/1 346/67/1 345/64/1
f 157/66/1 191/68/1 190/65/1
f 313/69/1 346/67/1 314/63/1
f 313/69/1 347/70/1 346/67/1
f 157/66/1 192/71/1 191/68/1
f 156/72/1 192/71/1 157/66/1
f 313/69/1 348/73/1 347/70/1
f 156/72/1 193/74/1 192/71/1
f 312/75/1 348/73/1 313/69/1
f 312/75/1 1/76/1 348/73/1
f 156/72/1 194/77/1 193/74/1
f 312/75/1 2/78/1 1/76/1
f 156/72/1 195/79/1 194/77/1
f 155/80/1 195/79/1 156/72/1
f 155/80/1 196/81/1 195/79/1
f 311/82/1 2/78/1 312/75/1
f 155/80/1 197/83/1 196/81/1
f 155/80/1 198/84/1 197/83/1
f 154/85/1 198/84/1 155/80/1
f 154/85/1 199/86/1 198/84/1
f 310/87/1 2/78/1 311/82/1
f 154/85/1 200/88/1 199/86/1
f 153/89/1 200/88/1 154/85/1
f 310/87/1 3/90/1 2/78/1
f 153/89/1 201/91/1 200/88/1
f 309/92/1 3/90/1 310/87/1
f 153/89/1 202/93/1 201/91/1
f 152/94/1 202/93/1 153/89/1
f 152/94/1 203/95/1 202/93/1
f 308/96/1 3/90/1 309/92/1
f 152/94/1 204/97/1 203/95/1
f 151/98/1 204/97/1 152/94/1
f 308/96/1 4/99/1 3/90/1
f 151/98/1 205/100/1 204/97/1
f 307/101/1 4/99/1 308/96/1
f 151/98/1 206/102/1 205/100/1
f 150/103/1 206/102/1 151/98/1
f 150/103/1 207/104/1 206/102/1
f 306/105/1 4/99/1 307/101/1
f 149/106/1 207/104/1 150/103/1
f 149/106/1 208/107/1 207/104/1
f 306/105/1 5/108/1 4/99/1
f 149/106/1 209/109/1 208/107/1
f 305/110/1 5/108/1 306/105/1
f 148/111/1 209/109/1 149/106/1
f 148/111/1 210/112/1 209/109/1
f 148/111/1 211/113/1 210/112/1
f 147/114/1 211/113/1 148/111/1
f 305/110/1 6/115/1 5/108/1
f 304/116/1 6/115/1 305/110/1
f 147/114/1 212/117/1 211/113/1
f 147/114/1 213/118/1 212/117/1
f 146/119/1 213/118/1 147/114/1
f 146/119/1 214/120/1 213/118/1
f 303/121/1 6/115/1 304/116/1
f 303/121/1 7/122/1 6/115/1
f 146/119/1 215/123/1 214/120/1
f 145/124/1 215/123/1 146/119/1
f 145/124/1 216/125/1 215/123/1
f 145/124/1 217/126/1 216/125/1
f 144/127/1 217/126/1 145/124/1
f 144/127/1 218/128/1 217/126/1
f 302/129/1 7/122/1 303/121/1
f 302/129/1 8/130/1 7/122/1
f 144/127/1 219/131/1 218/128/1
f 302/129/1 9/132/1 8/130/1
f 143/133/1 219/131/1 144/127/1
f 301/134/1 9/132/1 302/129/1
f 143/133/1 220/135/1 219/131/1
f 301/134/1 10/136/1 9/132/1
f 301/134/1 11/137/1 10/136/1
f 142/138/1 220/135/1 143/133/1
f 142/138/1 221/139/1 220/135/1
f 300/140/1 11/137/1 301/134/1
f 300/140/1 13/141/1 11/137/1
f 13/141/1 12/142/1 11/137/1
f 299/143/1 13/141/1 300/140/1
f 299/143/1 14/144/1 13/141/1
f 298/145/1 14/144/1 299/143/1
f 298/145/1 15/146/1 14/144/1
f 142/138/1 222/147/1 221/139/1
f 297/148/1 15/146/1 298/145/1
f 141/149/1 222/147/1 142/138/1
f 297/148/1 16/150/1 15/146/1
f 296/151/1 16/150/1 297/148/1
f 141/149/1 223/152/1 222/147/1
f 296/151/1 17/153/1 16/150/1
f 295/154/1 17/153/1 296/151/1
f 295/154/1 18/155/1 17/153/1
f 141/149/1 224/156/1 223/152/1
f 294/157/1 18/155/1 295/154/1
f 140/158/1 224/156/1 141/149/1
f 294/157/1 19/159/1 18/155/1
f 293/160/1 19/159/1 294/157/1
f 140/158/1 225/161/1 224/156/1
f 293/160/1 20/162/1 19/159/1
f 292/163/1 20/162/1 293/160/1
f 140/158/1 226/164/1 225/161/1
f 139/165/1 226/164/1 140/158/1
f 292/163/1 21/166/1 20/162/1
f 291/167/1 21/166/1 292/163/1
f 139/165/1 227/168/1 226/164/1
f 291/167/1 22/169/1 21/166/1
f 290/170/1 22/169/1 291/167/1
f 138/171/1 227/168/1 139/165/1
f 138/171/1 228/172/1 227/168/1
f 290/170/1 23/173/1 22/169/1
f 289/174/1 23/173/1 290/170/1
f 138/171/1 229/175/1 228/172/1
f 289/174/1 24/176/1 23/173/1
f 288/177/1 24/176/1 289/174/1
f 138/171/1 230/178/1 229/175/1
f 137/179/1 230/178/1 138/171/1
f 287/180/1 24/176/1 288/177/1
f 287/180/1 25/181/1 24/176/1
f 137/179/1 231/182/1 230/178/1
f 286/183/1 25/181/1 287/180/1
f 286/183/1 26/184/1 25/181/1
f 137/179/1 232/185/1 231/182/1
f 285/186/1 26/184/1 286/183/1
f 136/187/1 232/185/1 137/179/1
f 136/187/1 233/188/1 232/185/1
f 284/189/1 26/184/1 285/186/1
f 284/189/1 27/190/1 26/184/1
f 136/187/1 234/191/1 233/188/1
f 283/192/1 27/190/1 284/189/1
f 283/192/1 28/193/1 27/190/1
f 135/194/1 234/191/1 136/187/1
f 135/194/1 235/195/1 234/191/1
f 282/196/1 28/193/1 283/192/1
f 135/194/1 236/197/1 235/195/1
f 282/196/1 29/198/1 28/193/1
f 281/199/1 29/198/1 282/196/1
f 135/194/1 237/200/1 236/197/1
f 280/201/1 29/198/1 281/199/1
f 280/201/1 30/202/1 29/198/1
f 134/203/1 237/200/1 135/194/1
f 134/203/1 238/204/1 237/200/1
f 279/205/1 30/202/1 280/201/1
f 279/205/1 31/206/1 30/202/1
f 134/203/1 239/207/1 238/204/1
f 278/208/1 31/206/1 279/205/1
f 134/203/1 240/209/1 239/207/1
f 278/208/1 32/210/1 31/206/1
f 277/211/1 32/210/1 278/208/1
f 133/212/1 240/209/1 134/203/1
f 133/212/1 241/213/1 240/209/1
f 276/214/1 32/210/1 277/211/1
f 276/214/1 33/215/1 32/210/1
f 275/216/1 33/215/1 276/214/1
f 133/212/1 242/217/1 241/213/1
f 274/218/1 33/215/1 275/216/1
f 133/212/1 243/219/1 242/217/1
f 133/212/1 244/220/1 243/219/1
f 273/221/1 33/215/1 274/218/1
f 133/212/1 245/222/1 244/220/1
f 133/212/1 246/223/1 245/222/1
f 133/212/1 247/224/1 246/223/1
f 272/225/1 33/215/1 273/221/1
f 272/225/1 34/226/1 33/215/1
f 133/212/1 248/227/1 247/224/1
f 133/212/1 249/228/1 248/227/1
f 271/229/1 34/226/1 272/225/1
f 133/212/1 250/230/1 249/228/1
f 133/212/1 251/231/1 250/230/1
f 133/212/1 252/232/1 251/231/1
f 270/233/1 34/226/1 271/229/1
f 133/212/1 253/234/1 252/232/1
f 133/212/1 254/235/1 253/234/1
f 269/236/1 34/226/1 270/233/1
f 133/212/1 255/237/1 254/235/1
f 133/212/1 256/238/1 255/237/1
f 268/239/1 34/226/1 269/236/1
f 133/212/1 257/240/1 256/238/1
f 133/212/1 258/241/1 257/240/1
f 133/212/1 259/242/1 258/241/1
f 267/243/1 34/226/1 268/239/1
f 133/212/1 260/244/1 259/242/1
f 133/212/1 261/245/1 260/244/1
f 266/246/1 34/226/1 267/243/1
f 133/212/1 262/247/1 261/245/1
f 133/212/1 263/248/1 262/247/1
f 265/249/1 34/226/1 266/246/1
f 133/212/1 264/250/1 263/248/1
f 133/212/1 265/249/1 264/250/1
f 133/212/1 34/226/1 265/249/1
f 133/212/1 35/251/1 34/226/1
f 132/252/1 35/251/1 133/212/1
f 132/252/1 36/253/1 35/251/1
f 131/254/1 36/253/1 132/252/1
f 131/254/1 37/255/1 36/253/1
f 131/254/1 38/256/1 37/255/1
f 131/254/1 39/257/1 38/256/1
f 130/258/1 39/257/1 131/254/1
f 130/258/1 40/259/1 39/257/1
f 130/258/1 41/260/1 40/259/1
f 130/258/1 42/261/1 41/260/1
f 130/258/1 43/262/1 42/261/1
f 130/258/1 44/263/1 43/262/1
f 129/264/1 44/263/1 130/258/1
f 129/264/1 45/265/1 44/263/1
f 129/264/1 46/266/1 45/265/1
f 129/264/1 47/267/1 46/266/1
f 128/268/1 47/267/1 129/264/1
f 128/268/1 48/269/1 47/267/1
f 128/268/1 49/270/1 48/269/1
f 128/268/1 50/271/1 49/270/1
f 127/272/1 50/271/1 128/268/1
f 127/272/1 51/273/1 50/271/1
f 127/272/1 52/274/1 51/273/1
f 126/275/1 52/274/1 127/272/1
f 126/275/1 53/276/1 52/274/1
f 126/275/1 54/277/1 53/276/1
f 126/275/1 55/278/1 54/277/1
f 125/279/1 55/278/1 126/275/1
f 125/279/1 56/280/1 55/278/1
f 125/279/1 57/281/1 56/280/1
f 125/279/1 58/282/1 57/281/1
f 124/283/1 58/282/1 125/279/1
f 124/283/1 59/284/1 58/282/1
f 124/283/1 60/285/1 59/284/1
f 124/283/1 61/286/1 60/285/1
f 124/283/1 62/287/1 61/286/1
f 123/288/1 62/287/1 124/283/1
f 123/288/1 63/289/1 62/287/1
f 122/290/1 63/289/1 123/288/1
f 122/290/1 64/291/1 63/289/1
f 122/290/1 65/292/1 64/291/1
f 121/293/1 65/292/1 122/290/1
f 121/293/1 66/294/1 65/292/1
f 120/295/1 66/294/1 121/293/1
f 120/295/1 67/296/1 66/294/1
f 119/297/1 67/296/1 120/295/1
f 119/297/1 97/298/1 67/296/1
f 97/298/1 68/299/1 67/296/1
f 119/297/1 98/300/1 97/298/1
f 96/301/1 68/299/1 97/298/1
f 96/301/1 69/302/1 68/299/1
f 118/303/1 98/300/1 119/297/1
f 118/303/1 99/304/1 98/300/1
f 95/305/1 69/302/1 96/301/1
f 95/305/1 70/306/1 69/302/1
f 117/307/1 99/304/1 118/303/1
f 117/307/1 100/308/1 99/304/1
f 95/305/1 71/309/1 70/306/1
f 116/310/1 100/308/1 117/307/1
f 116/310/1 101/311/1 100/308/1
f 94/312/1 71/309/1 95/305/1
f 94/312/1 72/313/1 71/309/1
f 116/310/1 102/314/1 101/311/1
f 115/315/1 102/314/1 116/310/1
f 115/315/1 103/316/1 102/314/1
f 114/317/1 103/316/1 115/315/1
f 94/312/1 73/318/1 72/313/1
f 93/319/1 73/318/1 94/312/1
f 114/317/1 104/320/1 103/316/1
f 113/321/1 104/320/1 114/317/1
f 93/319/1 74/322/1 73/318/1
f 113/321/1 105/323/1 104/320/1
f 112/324/1 105/323/1 113/321/1
f 92/325/1 74/322/1 93/319/1
f 112/324/1 106/326/1 105/323/1
f 111/327/1 106/326/1 112/324/1
f 111/327/1 107/328/1 106/326/1
f 92/325/1 75/329/1 74/322/1
f 110/330/1 107/328/1 111/327/1
f 110/330/1 108/331/1 107/328/1
f 109/332/1 108/331/1 110/330/1
f 91/333/1 75/329/1 92/325/1
f 91/333/1 76/334/1 75/329/1
f 91/333/1 77/335/1 76/334/1
f 90/336/1 77/335/1 91/333/1
f 90/336/1 78/337/1 77/335/1
f 89/338/1 78/337/1 90/336/1
f 89/338/1 79/339/1 78/337/1
f 89/338/1 80/340/1 79/339/1
f 88/341/1 80/340/1 89/338/1
f 88/341/1 81/342/1 80/340/1
f 87/343/1 81/342/1 88/341/1
f 87/343/1 82/344/1 81/342/1
f 87/343/1 83/345/1 82/344/1
f 86/346/1 83/345/1 87/343/1
f 86/346/1 84/347/1 83/345/1
f 85/348/1 84/347/1 86/346/1
f 519/349/1 521/350/1 520/351/1
f 518/352/1 521/350/1 519/349/1
f 518/352/1 522/353/1 521/350/1
f 517/354/1 522/353/1 518/352/1
f 517/354/1 523/355/1 522/353/1
f 516/356/1 523/355/1 517/354/1
f 515/357/1 523/355/1 516/356/1
f 515/357/1 524/358/1 523/355/1
f 495/359/1 497/360/1 496/361/1
f 494/362/1 497/360/1 495/359/1
f 494/362/1 498/363/1 497/360/1
f 493/364/1 498/363/1 494/362/1
f 492/365/1 498/363/1 493/364/1
f 492/365/1 499/366/1 498/363/1
f 491/367/1 499/366/1 492/365/1
f 514/368/1 524/358/1 515/357/1
f 490/369/1 499/366/1 491/367/1
f 490/369/1 500/370/1 499/366/1
f 489/371/1 500/370/1 490/369/1
f 514/368/1 525/372/1 524/358/1
f 489/371/1 501/373/1 500/370/1
f 488/374/1 501/373/1 489/371/1
f 513/375/1 525/372/1 514/368/1
f 487/376/1 501/373/1 488/374/1
f 487/376/1 502/377/1 501/373/1
f 486/378/1 502/377/1 487/376/1
f 485/379/1 502/377/1 486/378/1
f 512/380/1 525/372/1 513/375/1
f 512/380/1 526/381/1 525/372/1
f 485/379/1 503/382/1 502/377/1
f 484/383/1 503/382/1 485/379/1
f 483/384/1 503/382/1 484/383/1
f 483/384/1 504/385/1 503/382/1
f 511/386/1 526/381/1 512/380/1
f 482/387/1 504/385/1 483/384/1
f 511/386/1 527/388/1 526/381/1
f 481/389/1 504/385/1 482/387/1
f 481/389/1 505/390/1 504/385/1
f 510/391/1 527/388/1 511/386/1
f 480/392/1 505/390/1 481/389/1
f 480/392/1 506/393/1 505/390/1
f 479/394/1 506/393/1 480/392/1
f 478/395/1 506/393/1 479/394/1
f 510/391/1 528/396/1 527/388/1
f 509/397/1 528/396/1 510/391/1
f 478/395/1 507/398/1 506/393/1
f 477/399/1 507/398/1 478/395/1
f 476/400/1 507/398/1 477/399/1
f 508/401/1 528/396/1 509/397/1
f 475/402/1 507/398/1 476/400/1
f 475/402/1 508/401/1 507/398/1
f 508/401/1 529/403/1 528/396/1
f 474/404/1 508/401/1 475/402/1
f 473/405/1 508/401/1 474/404/1
f 473/405/1 529/403/1 508/401/1
f 472/406/1 529/403/1 473/405/1
f 471/407/1 529/403/1 472/406/1
f 471/407/1 530/408/1 529/403/1
f 470/409/1 530/408/1 471/407/1
f 469/410/1 530/408/1 470/409/1
f 468/411/1 530/408/1 469/410/1
f 467/412/1 530/408/1 468/411/1
f 466/413/1 530/408/1 467/412/1
f 466/413/1 531/73/1 530/408/1
f 465/414/1 531/73/1 466/413/1
f 464/415/1 531/73/1 465/414/1
f 463/416/1 531/73/1 464/415/1
f 462/417/1 531/73/1 463/416/1
f 461/418/1 531/73/1 462/417/1
f 461/418/1 386/419/1 531/73/1
f 386/419/1 349/76/1 531/73/1
f 460/420/1 386/419/1 461/418/1
f 459/421/1 386/419/1 460/420/1
f 458/422/1 386/419/1 459/421/1
f 458/422/1 387/423/1 386/419/1
f 385/424/1 349/76/1 386/419/1
f 457/425/1 387/423/1 458/422/1
f 457/425/1 388/426/1 387/423/1
f 385/424/1 350/427/1 349/76/1
f 456/428/1 388/426/1 457/425/1
f 456/428/1 389/429/1 388/426/1
f 385/424/1 351/430/1 350/427/1
f 455/431/1 389/429/1 456/428/1
f 385/424/1 352/432/1 351/430/1
f 455/431/1 390/433/1 389/429/1
f 454/434/1 390/433/1 455/431/1
f 385/424/1 353/435/1 352/432/1
f 453/436/1 390/433/1 454/434/1
f 385/424/1 354/437/1 353/435/1
f 453/436/1 391/438/1 390/433/1
f 385/424/1 355/439/1 354/437/1
f 452/440/1 391/438/1 453/436/1
f 385/424/1 356/441/1 355/439/1
f 451/442/1 391/438/1 452/440/1
f 451/442/1 392/443/1 391/438/1
f 385/424/1 357/444/1 356/441/1
f 450/445/1 392/443/1 451/442/1
f 385/424/1 358/446/1 357/444/1
f 385/424/1 359/447/1 358/446/1
f 449/448/1 392/443/1 450/445/1
f 385/424/1 360/449/1 359/447/1
f 448/450/1 392/443/1 449/448/1
f 385/424/1 361/451/1 360/449/1
f 448/450/1 393/452/1 392/443/1
f 385/424/1 362/453/1 361/451/1
f 447/454/1 398/455/1 448/450/1
f 398/455/1 397/456/1 448/450/1
f 397/456/1 396/457/1 448/450/1
f 396/457/1 395/458/1 448/450/1
f 395/458/1 394/459/1 448/450/1
f 394/459/1 393/452/1 448/450/1
f 384/460/1 362/453/1 385/424/1
f 384/460/1 363/461/1 362/453/1
f 383/462/1 363/461/1 384/460/1
f 383/462/1 364/463/1 363/461/1
f 382/464/1 364/463/1 383/462/1
f 382/464/1 365/465/1 364/463/1
f 381/466/1 365/465/1 382/464/1
f 381/466/1 366/467/1 365/465/1
f 380/468/1 366/467/1 381/466/1
f 380/468/1 367/469/1 366/467/1
f 379/470/1 367/469/1 380/468/1
f 379/470/1 368/471/1 367/469/1
f 378/472/1 368/471/1 379/470/1
f 378/472/1 369/473/1 368/471/1
f 377/474/1 369/473/1 378/472/1
f 377/474/1 370/475/1 369/473/1
f 376/476/1 370/475/1 377/474/1
f 376/476/1 371/477/1 370/475/1
f 375/478/1 371/477/1 376/476/1
f 375/478/1 372/479/1 371/477/1
f 374/480/1 372/479/1 375/478/1
f 374/480/1 373/481/1 372/479/1
f 447/454/1 399/482/1 398/455/1
f 446/483/1 399/482/1 447/454/1
f 446/483/1 400/484/1 399/482/1
f 445/485/1 400/484/1 446/483/1
f 445/485/1 401/486/1 400/484/1
f 444/487/1 401/486/1 445/485/1
f 444/487/1 402/488/1 401/486/1
f 443/489/1 402/488/1 444/487/1
f 443/489/1 403/490/1 402/488/1
f 442/491/1 403/490/1 443/489/1
f 442/491/1 404/492/1 403/490/1
f 441/493/1 404/492/1 442/491/1
f 441/493/1 405/494/1 404/492/1
f 440/495/1 405/494/1 441/493/1
f 440/495/1 406/496/1 405/494/1
f 439/497/1 406/496/1 440/495/1
f 439/497/1 407/498/1 406/496/1
f 438/499/1 407/498/1 439/497/1
f 438/499/1 408/500/1 407/498/1
f 437/501/1 408/500/1 438/499/1
f 437/501/1 409/502/1 408/500/1
f 436/503/1 409/502/1 437/501/1
f 436/503/1 410/504/1 409/502/1
f 435/505/1 410/504/1 436/503/1
f 435/505/1 411/506/1 410/504/1
f 434/507/1 411/506/1 435/505/1
f 434/507/1 412/508/1 411/506/1
f 433/509/1 412/508/1 434/507/1
f 433/509/1 413/510/1 412/508/1
f 432/511/1 413/510/1 433/509/1
f 432/511/1 414/512/1 413/510/1
f 431/513/1 414/512/1 432/511/1
f 431/513/1 415/514/1 414/512/1
f 430/515/1 415/514/1 431/513/1
f 430/515/1 416/516/1 415/514/1
f 429/517/1 416/516/1 430/515/1
f 429/517/1 417/518/1 416/516/1
f 428/519/1 417/518/1 429/517/1
f 428/519/1 418/520/1 417/518/1
f 427/521/1 418/520/1 428/519/1
f 427/521/1 419/522/1 418/520/1
f 426/523/1 419/522/1 427/521/1
f 426/523/1 420/524/1 419/522/1
f 425/525/1 420/524/1 426/523/1
f 425/525/1 421/526/1 420/524/1
f 424/527/1 421/526/1 425/525/1
f 424/527/1 422/528/1 421/526/1
f 423/529/1 422/528/1 424/527/1
f 627/530/1 629/531/1 628/532/1
f 627/530/1 630/533/1 629/531/1
f 626/534/1 630/533/1 627/530/1
f 626/534/1 631/535/1 630/533/1
f 626/534/1 632/536/1 631/535/1
f 625/537/1 632/536/1 626/534/1
f 625/537/1 633/538/1 632/536/1
f 625/537/1 634/539/1 633/538/1
f 624/540/1 634/539/1 625/537/1
f 624/540/1 635/541/1 634/539/1
f 624/540/1 636/542/1 635/541/1
f 623/543/1 636/542/1 624/540/1
f 623/543/1 637/544/1 636/542/1
f 622/545/1 637/544/1 623/543/1
f 622/545/1 638/546/1 637/544/1
f 622/545/1 639/547/1 638/546/1
f 621/548/1 639/547/1 622/545/1
f 621/548/1 640/549/1 639/547/1
f 621/548/1 641/550/1 640/549/1
f 620/551/1 641/550/1 621/548/1
f 620/551/1 642/552/1 641/550/1
f 619/553/1 642/552/1 620/551/1
f 619/553/1 643/554/1 642/552/1
f 619/553/1 644/555/1 643/554/1
f 618/556/1 644/555/1 619/553/1
f 618/556/1 645/557/1 644/555/1
f 618/556/1 646/558/1 645/557/1
f 617/559/1 646/558/1 618/556/1
f 617/559/1 647/560/1 646/558/1
f 617/559/1 648/561/1 647/560/1
f 616/562/1 648/561/1 617/559/1
f 616/562/1 649/563/1 648/561/1
f 616/562/1 650/564/1 649/563/1
f 615/565/1 650/564/1 616/562/1
f 615/565/1 651/566/1 650/564/1
f 615/565/1 652/567/1 651/566/1
f 614/568/1 652/567/1 615/565/1
f 614/568/1 653/569/1 652/567/1
f 614/568/1 654/570/1 653/569/1
f 614/568/1 655/571/1 654/570/1
f 614/568/1 656/572/1 655/571/1
f 614/568/1 657/573/1 656/572/1
f 613/574/1 797/575/1 614/568/1
f 797/575/1 796/576/1 614/568/1
f 796/576/1 657/573/1 614/568/1
f 796/576/1 658/577/1 657/573/1
f 796/576/1 659/578/1 658/577/1
f 795/579/1 659/578/1 796/576/1
f 794/580/1 659/578/1 795/579/1
f 793/581/1 659/578/1 794/580/1
f 792/582/1 659/578/1 793/581/1
f 791/583/1 659/578/1 792/582/1
f 613/574/1 798/584/1 797/575/1
f 790/585/1 659/578/1 791/583/1
f 789/586/1 659/578/1 790/585/1
f 788/587/1 659/578/1 789/586/1
f 787/588/1 659/578/1 788/587/1
f 786/589/1 659/578/1 787/588/1
f 613/574/1 799/590/1 798/584/1
f 785/591/1 659/578/1 786/589/1
f 784/592/1 659/578/1 785/591/1
f 783/593/1 659/578/1 784/592/1
f 783/593/1 660/594/1 659/578/1
f 782/595/1 660/594/1 783/593/1
f 781/596/1 660/594/1 782/595/1
f 613/574/1 800/597/1 799/590/1
f 780/598/1 660/594/1 781/596/1
f 779/599/1 660/594/1 780/598/1
f 778/600/1 660/594/1 779/599/1
f 778/600/1 661/601/1 660/594/1
f 777/602/1 661/601/1 778/600/1
f 776/603/1 661/601/1 777/602/1
f 613/574/1 801/604/1 800/597/1
f 775/605/1 661/601/1 776/603/1
f 774/606/1 661/601/1 775/605/1
f 774/606/1 662/607/1 661/601/1
f 773/608/1 662/607/1 774/606/1
f 772/609/1 662/607/1 773/608/1
f 613/574/1 802/610/1 801/604/1
f 771/611/1 662/607/1 772/609/1
f 771/611/1 663/612/1 662/607/1
f 612/613/1 802/610/1 613/574/1
f 771/611/1 664/614/1 663/612/1
f 612/613/1 803/615/1 802/610/1
f 770/616/1 664/614/1 771/611/1
f 770/616/1 665/617/1 664/614/1
f 769/618/1 665/617/1 770/616/1
f 769/618/1 666/619/1 665/617/1
f 612/613/1 804/620/1 803/615/1
f 769/618/1 667/621/1 666/619/1
f 768/622/1 667/621/1 769/618/1
f 612/613/1 805/623/1 804/620/1
f 768/622/1 668/624/1 667/621/1
f 767/625/1 668/624/1 768/622/1
f 611/626/1 805/623/1 612/613/1
f 767/625/1 669/627/1 668/624/1
f 766/628/1 669/627/1 767/625/1
f 611/626/1 806/629/1 805/623/1
f 766/628/1 670/630/1 669/627/1
f 765/631/1 670/630/1 766/628/1
f 611/626/1 807/632/1 806/629/1
f 765/631/1 671/633/1 670/630/1
f 764/634/1 671/633/1 765/631/1
f 764/634/1 672/635/1 671/633/1
f 763/636/1 672/635/1 764/634/1
f 610/637/1 807/632/1 611/626/1
f 610/637/1 808/638/1 807/632/1
f 762/639/1 672/635/1 763/636/1
f 762/639/1 673/640/1 672/635/1
f 761/641/1 673/640/1 762/639/1
f 761/641/1 674/642/1 673/640/1
f 760/643/1 674/642/1 761/641/1
f 610/637/1 809/644/1 808/638/1
f 760/643/1 675/645/1 674/642/1
f 759/646/1 675/645/1 760/643/1
f 758/647/1 675/645/1 759/646/1
f 758/647/1 676/648/1 675/645/1
f 609/649/1 809/644/1 610/637/1
f 609/649/1 810/650/1 809/644/1
f 757/651/1 676/648/1 758/647/1
f 757/651/1 677/652/1 676/648/1
f 756/653/1 677/652/1 757/651/1
f 755/654/1 677/652/1 756/653/1
f 755/654/1 678/655/1 677/652/1
f 609/649/1 811/656/1 810/650/1
f 754/657/1 678/655/1 755/654/1
f 754/657/1 679/658/1 678/655/1
f 753/659/1 679/658/1 754/657/1
f 608/660/1 811/656/1 609/649/1
f 752/661/1 679/658/1 753/659/1
f 752/661/1 680/662/1 679/658/1
f 608/660/1 812/663/1 811/656/1
f 751/664/1 680/662/1 752/661/1
f 750/665/1 680/662/1 751/664/1
f 750/665/1 681/666/1 680/662/1
f 749/667/1 681/666/1 750/665/1
f 748/668/1 681/666/1 749/667/1
f 608/660/1 813/669/1 812/663/1
f 748/668/1 682/670/1 681/666/1
f 747/671/1 682/670/1 748/668/1
f 607/672/1 813/669/1 608/660/1
f 747/671/1 683/673/1 682/670/1
f 607/672/1 814/674/1 813/669/1
f 746/675/1 683/673/1 747/671/1
f 746/675/1 684/676/1 683/673/1
f 746/675/1 685/677/1 684/676/1
f 607/672/1 815/678/1 814/674/1
f 745/679/1 685/677/1 746/675/1
f 606/680/1 815/678/1 607/672/1
f 745/679/1 686/681/1 685/677/1
f 606/680/1 816/682/1 815/678/1
f 745/679/1 687/683/1 686/681/1
f 744/684/1 687/683/1 745/679/1
f 744/684/1 688/685/1 687/683/1
f 606/680/1 817/686/1 816/682/1
f 605/687/1 817/686/1 606/680/1
f 744/684/1 689/688/1 688/685/1
f 743/689/1 689/688/1 744/684/1
f 605/687/1 818/690/1 817/686/1
f 743/689/1 690/691/1 689/688/1
f 742/692/1 690/691/1 743/689/1
f 604/693/1 818/690/1 605/687/1
f 604/693/1 819/694/1 818/690/1
f 604/693/1 820/695/1 819/694/1
f 742/692/1 691/696/1 690/691/1
f 741/697/1 691/696/1 742/692/1
f 603/698/1 820/695/1 604/693/1
f 603/698/1 821/699/1 820/695/1
f 741/697/1 692/700/1 691/696/1
f 740/701/1 692/700/1 741/697/1
f 603/698/1 822/702/1 821/699/1
f 740/701/1 693/703/1 692/700/1
f 602/704/1 822/702/1 603/698/1
f 739/705/1 693/703/1 740/701/1
f 602/704/1 823/706/1 822/702/1
f 739/705/1 694/707/1 693/703/1
f 602/704/1 824/708/1 823/706/1
f 601/709/1 824/708/1 602/704/1
f 738/710/1 694/707/1 739/705/1
f 601/709/1 825/711/1 824/708/1
f 738/710/1 695/712/1 694/707/1
f 601/709/1 826/713/1 825/711/1
f 738/710/1 696/714/1 695/712/1
f 737/715/1 696/714/1 738/710/1
f 600/716/1 826/713/1 601/709/1
f 600/716/1 827/717/1 826/713/1
f 737/715/1 697/718/1 696/714/1
f 600/716/1 828/719/1 827/717/1
f 737/715/1 698/720/1 697/718/1
f 599/721/1 828/719/1 600/716/1
f 599/721/1 829/722/1 828/719/1
f 736/723/1 698/720/1 737/715/1
f 736/723/1 699/724/1 698/720/1
f 599/721/1 830/725/1 829/722/1
f 599/721/1 831/726/1 830/725/1
f 736/723/1 700/727/1 699/724/1
f 598/728/1 831/726/1 599/721/1
f 867/73/1 700/727/1 736/723/1
f 598/728/1 832/729/1 831/726/1
f 867/73/1 701/730/1 700/727/1
f 866/731/1 701/730/1 867/73/1
f 866/731/1 702/732/1 701/730/1
f 866/731/1 703/733/1 702/732/1
f 865/734/1 703/733/1 866/731/1
f 598/728/1 833/735/1 832/729/1
f 865/734/1 704/736/1 703/733/1
f 864/737/1 704/736/1 865/734/1
f 864/737/1 705/738/1 704/736/1
f 598/728/1 834/739/1 833/735/1
f 863/740/1 705/738/1 864/737/1
f 863/740/1 706/741/1 705/738/1
f 597/742/1 834/739/1 598/728/1
f 862/743/1 706/741/1 863/740/1
f 597/742/1 835/744/1 834/739/1
f 861/745/1 706/741/1 862/743/1
f 861/745/1 707/746/1 706/741/1
f 860/747/1 707/746/1 861/745/1
f 597/742/1 836/748/1 835/744/1
f 859/749/1 707/746/1 860/747/1
f 859/749/1 708/750/1 707/746/1
f 858/751/1 708/750/1 859/749/1
f 597/742/1 837/752/1 836/748/1
f 857/753/1 708/750/1 858/751/1
f 857/753/1 709/754/1 708/750/1
f 856/755/1 709/754/1 857/753/1
f 597/742/1 838/756/1 837/752/1
f 596/757/1 838/756/1 597/742/1
f 855/758/1 709/754/1 856/755/1
f 854/759/1 709/754/1 855/758/1
f 596/757/1 839/760/1 838/756/1
f 853/761/1 709/754/1 854/759/1
f 853/761/1 710/762/1 709/754/1
f 596/757/1 840/763/1 839/760/1
f 852/764/1 710/762/1 853/761/1
f 851/765/1 710/762/1 852/764/1
f 596/757/1 841/766/1 840/763/1
f 850/767/1 710/762/1 851/765/1
f 849/768/1 710/762/1 850/767/1
f 596/757/1 842/769/1 841/766/1
f 848/770/1 710/762/1 849/768/1
f 847/771/1 710/762/1 848/770/1
f 596/757/1 843/772/1 842/769/1
f 846/773/1 710/762/1 847/771/1
f 846/773/1 711/774/1 710/762/1
f 845/775/1 711/774/1 846/773/1
f 596/757/1 844/776/1 843/772/1
f 844/776/1 711/774/1 845/775/1
f 596/757/1 711/774/1 844/776/1
f 595/777/1 711/774/1 596/757/1
f 595/777/1 712/778/1 711/774/1
f 595/777/1 713/779/1 712/778/1
f 594/780/1 713/779/1 595/777/1
f 594/780/1 714/781/1 713/779/1
f 594/780/1 715/782/1 714/781/1
f 593/783/1 715/782/1 594/780/1
f 593/783/1 716/784/1 715/782/1
f 593/783/1 717/785/1 716/784/1
f 592/786/1 717/785/1 593/783/1
f 592/786/1 718/787/1 717/785/1
f 592/786/1 719/788/1 718/787/1
f 592/786/1 720/789/1 719/788/1
f 591/790/1 720/789/1 592/786/1
f 591/790/1 721/791/1 720/789/1
f 591/790/1 722/792/1 721/791/1
f 591/790/1 723/793/1 722/792/1
f 591/790/1 724/794/1 723/793/1
f 591/790/1 725/795/1 724/794/1
f 590/796/1 725/795/1 591/790/1
f 590/796/1 726/797/1 725/795/1
f 590/796/1 556/798/1 726/797/1
f 556/798/1 727/799/1 726/797/1
f 589/800/1 556/798/1 590/796/1
f 589/800/1 557/801/1 556/798/1
f 555/802/1 727/799/1 556/798/1
f 555/802/1 728/803/1 727/799/1
f 589/800/1 558/804/1 557/801/1
f 555/802/1 729/805/1 728/803/1
f 589/800/1 559/806/1 558/804/1
f 554/807/1 729/805/1 555/802/1
f 588/808/1 559/806/1 589/800/1
f 554/807/1 730/809/1 729/805/1
f 588/808/1 560/810/1 559/806/1
f 554/807/1 731/811/1 730/809/1
f 588/808/1 561/812/1 560/810/1
f 553/813/1 731/811/1 554/807/1
f 587/814/1 561/812/1 588/808/1
f 553/813/1 732/815/1 731/811/1
f 587/814/1 562/816/1 561/812/1
f 587/814/1 563/817/1 562/816/1
f 553/813/1 733/818/1 732/815/1
f 552/819/1 733/818/1 553/813/1
f 587/814/1 564/820/1 563/817/1
f 586/821/1 564/820/1 587/814/1
f 552/819/1 734/822/1 733/818/1
f 586/821/1 565/823/1 564/820/1
f 552/819/1 735/824/1 734/822/1
f 586/821/1 566/825/1 565/823/1
f 551/826/1 735/824/1 552/819/1
f 585/827/1 566/825/1 586/821/1
f 585/827/1 567/828/1 566/825/1
f 551/826/1 532/76/1 735/824/1
f 585/827/1 568/829/1 567/828/1
f 551/826/1 533/830/1 532/76/1
f 550/831/1 533/830/1 551/826/1
f 585/827/1 569/832/1 568/829/1
f 584/833/1 569/832/1 585/827/1
f 584/833/1 570/834/1 569/832/1
f 550/831/1 534/835/1 533/830/1
f 584/833/1 571/836/1 570/834/1
f 583/837/1 571/836/1 584/833/1
f 549/838/1 534/835/1 550/831/1
f 549/838/1 535/839/1 534/835/1
f 583/837/1 572/840/1 571/836/1
f 583/837/1 573/841/1 572/840/1
f 549/838/1 536/842/1 535/839/1
f 582/843/1 573/841/1 583/837/1
f 582/843/1 574/844/1 573/841/1
f 548/845/1 536/842/1 549/838/1
f 582/843/1 575/846/1 574/844/1
f 548/845/1 537/847/1 536/842/1
f 582/843/1 576/848/1 575/846/1
f 581/849/1 576/848/1 582/843/1
f 581/849/1 577/850/1 576/848/1
f 581/849/1 578/851/1 577/850/1
f 548/845/1 538/852/1 537/847/1
f 580/853/1 578/851/1 581/849/1
f 580/853/1 579/854/1 578/851/1
f 547/855/1 538/852/1 548/845/1
f 547/855/1 539/856/1 538/852/1
f 546/857/1 539/856/1 547/855/1
f 546/857/1 540/858/1 539/856/1
f 546/857/1 541/859/1 540/858/1
f 545/860/1 541/859/1 546/857/1
f 545/860/1 542/861/1 541/859/1
f 545/860/1 543/862/1 542/861/1
f 544/863/1 543/862/1 545/860/1
f 1060/864/1 1062/865/1 1061/866/1
f 1059/867/1 1062/865/1 1060/864/1
f 1059/867/1 1063/868/1 1062/865/1
f 1058/869/1 1063/868/1 1059/867/1
f 1058/869/1 1064/870/1 1063/868/1
f 1057/871/1 1064/870/1 1058/869/1
f 1057/871/1 1065/872/1 1064/870/1
f 999/873/1 1001/874/1 1000/875/1
f 998/876/1 1001/874/1 999/873/1
f 998/876/1 1002/877/1 1001/874/1
f 1056/878/1 1065/872/1 1057/871/1
f 997/879/1 1002/877/1 998/876/1
f 997/879/1 1003/880/1 1002/877/1
f 1056/878/1 1066/881/1 1065/872/1
f 996/882/1 1003/880/1 997/879/1
f 996/882/1 1004/883/1 1003/880/1
f 995/884/1 1004/883/1 996/882/1
f 1055/885/1 1066/881/1 1056/878/1
f 995/884/1 1005/886/1 1004/883/1
f 994/887/1 1005/886/1 995/884/1
f 1055/885/1 1067/888/1 1066/881/1
f 994/887/1 1006/889/1 1005/886/1
f 993/890/1 1006/889/1 994/887/1
f 1054/891/1 1067/888/1 1055/885/1
f 993/890/1 1007/892/1 1006/889/1
f 992/893/1 1007/892/1 993/890/1
f 1054/891/1 1068/894/1 1067/888/1
f 992/893/1 1008/895/1 1007/892/1
f 991/896/1 1008/895/1 992/893/1
f 1053/897/1 1068/894/1 1054/891/1
f 990/898/1 1008/895/1 991/896/1
f 990/898/1 1009/899/1 1008/895/1
f 1053/897/1 1069/900/1 1068/894/1
f 1052/901/1 1069/900/1 1053/897/1
f 989/902/1 1009/899/1 990/898/1
f 989/902/1 1010/903/1 1009/899/1
f 1052/901/1 1070/904/1 1069/900/1
f 988/905/1 1010/903/1 989/902/1
f 988/905/1 1011/906/1 1010/903/1
f 1051/907/1 1070/904/1 1052/901/1
f 987/908/1 1011/906/1 988/905/1
f 987/908/1 1012/909/1 1011/906/1
f 1051/907/1 1071/910/1 1070/904/1
f 986/911/1 1012/909/1 987/908/1
f 1050/912/1 1071/910/1 1051/907/1
f 986/911/1 1013/913/1 1012/909/1
f 985/914/1 1013/913/1 986/911/1
f 1050/912/1 1072/915/1 1071/910/1
f 1049/916/1 1072/915/1 1050/912/1
f 985/914/1 1014/917/1 1013/913/1
f 984/918/1 1014/917/1 985/914/1
f 1049/916/1 1073/919/1 1072/915/1
f 984/918/1 1015/920/1 1014/917/1
f 1048/921/1 1073/919/1 1049/916/1
f 983/922/1 1015/920/1 984/918/1
f 983/922/1 1016/923/1 1015/920/1
f 1048/921/1 1074/924/1 1073/919/1
f 982/925/1 1016/923/1 983/922/1
f 1048/921/1 1075/926/1 1074/924/1
f 982/925/1 1017/927/1 1016/923/1
f 981/928/1 1017/927/1 982/925/1
f 1048/921/1 1076/929/1 1075/926/1
f 1048/921/1 1077/930/1 1076/929/1
f 981/928/1 1018/931/1 1017/927/1
f 980/932/1 1018/931/1 981/928/1
f 1048/921/1 1078/933/1 1077/930/1
f 980/932/1 1019/934/1 1018/931/1
f 1048/921/1 1079/935/1 1078/933/1
f 979/936/1 1019/934/1 980/932/1
f 1048/921/1 1080/937/1 1079/935/1
f 979/936/1 1020/938/1 1019/934/1
f 978/939/1 1020/938/1 979/936/1
f 1048/921/1 1081/940/1 1080/937/1
f 977/941/1 1020/938/1 978/939/1
f 977/941/1 1021/942/1 1020/938/1
f 1048/921/1 1082/943/1 1081/940/1
f 1048/921/1 1083/944/1 1082/943/1
f 976/945/1 1021/942/1 977/941/1
f 976/945/1 1022/946/1 1021/942/1
f 1048/921/1 1084/947/1 1083/944/1
f 975/948/1 1022/946/1 976/945/1
f 1047/949/1 1084/947/1 1048/921/1
f 975/948/1 1023/950/1 1022/946/1
f 1047/949/1 1085/951/1 1084/947/1
f 974/952/1 1023/950/1 975/948/1
f 1047/949/1 1086/953/1 1085/951/1
f 973/954/1 1023/950/1 974/952/1
f 973/954/1 1024/955/1 1023/950/1
f 1046/956/1 1086/953/1 1047/949/1
f 972/957/1 1024/955/1 973/954/1
f 972/957/1 1025/958/1 1024/955/1
f 971/959/1 1025/958/1 972/957/1
f 1046/956/1 1087/960/1 1086/953/1
f 1045/961/1 1087/960/1 1046/956/1
f 970/962/1 1025/958/1 971/959/1
f 970/962/1 1026/963/1 1025/958/1
f 969/964/1 1026/963/1 970/962/1
f 1044/965/1 1087/960/1 1045/961/1
f 968/966/1 1026/963/1 969/964/1
f 968/966/1 1027/967/1 1026/963/1
f 1044/965/1 1088/968/1 1087/960/1
f 967/969/1 1027/967/1 968/966/1
f 967/969/1 1028/970/1 1027/967/1
f 966/971/1 1028/970/1 967/969/1
f 1043/972/1 1088/968/1 1044/965/1
f 1043/972/1 1089/973/1 1088/968/1
f 965/974/1 1028/970/1 966/971/1
f 965/974/1 1029/975/1 1028/970/1
f 964/976/1 1029/975/1 965/974/1
f 1042/977/1 1089/973/1 1043/972/1
f 963/978/1 1029/975/1 964/976/1
f 962/979/1 1029/975/1 963/978/1
f 1042/977/1 1158/980/1 1089/973/1
f 1158/980/1 1090/981/1 1089/973/1
f 962/979/1 1030/982/1 1029/975/1
f 961/983/1 1030/982/1 962/979/1
f 1042/977/1 1159/984/1 1158/980/1
f 1157/985/1 1090/981/1 1158/980/1
f 1041/986/1 1159/984/1 1042/977/1
f 960/987/1 1030/982/1 961/983/1
f 1041/986/1 1160/988/1 1159/984/1
f 960/987/1 880/989/1 1030/982/1
f 880/989/1 1031/990/1 1030/982/1
f 959/991/1 880/989/1 960/987/1
f 959/991/1 881/992/1 880/989/1
f 879/993/1 1031/990/1 880/989/1
f 1157/985/1 1091/994/1 1090/981/1
f 1041/986/1 1161/995/1 1160/988/1
f 1156/996/1 1091/994/1 1157/985/1
f 958/997/1 881/992/1 959/991/1
f 1040/998/1 1161/995/1 1041/986/1
f 958/997/1 882/999/1 881/992/1
f 1040/998/1 1162/1000/1 1161/995/1
f 879/993/1 1032/1001/1 1031/990/1
f 878/1002/1 1032/1001/1 879/993/1
f 957/1003/1 882/999/1 958/997/1
f 957/1003/1 883/1004/1 882/999/1
f 1040/998/1 1163/1005/1 1162/1000/1
f 1155/1006/1 1091/994/1 1156/996/1
f 1155/1006/1 1092/1007/1 1091/994/1
f 1039/1008/1 1163/1005/1 1040/998/1
f 956/1009/1 883/1004/1 957/1003/1
f 878/1002/1 1033/1010/1 1032/1001/1
f 956/1009/1 884/1011/1 883/1004/1
f 877/1012/1 1033/1010/1 878/1002/1
f 1039/1008/1 1164/1013/1 1163/1005/1
f 1154/1014/1 1092/1007/1 1155/1006/1
f 955/1015/1 884/1011/1 956/1009/1
f 955/1015/1 885/1016/1 884/1011/1
f 1154/1014/1 1093/1017/1 1092/1007/1
f 1038/1018/1 1164/1013/1 1039/1008/1
f 1038/1018/1 1165/1019/1 1164/1013/1
f 877/1012/1 1034/1020/1 1033/1010/1
f 876/1021/1 1034/1020/1 877/1012/1
f 955/1015/1 886/1022/1 885/1016/1
f 954/1023/1 886/1022/1 955/1015/1
f 1153/1024/1 1093/1017/1 1154/1014/1
f 1038/1018/1 1166/1025/1 1165/1019/1
f 1037/1026/1 1166/1025/1 1038/1018/1
f 876/1021/1 1035/1027/1 1034/1020/1
f 875/1028/1 1035/1027/1 876/1021/1
f 1153/1024/1 1094/1029/1 1093/1017/1
f 954/1023/1 887/1030/1 886/1022/1
f 1037/1026/1 1167/1031/1 1166/1025/1
f 953/1032/1 887/1030/1 954/1023/1
f 1152/1033/1 1094/1029/1 1153/1024/1
f 874/1034/1 1035/1027/1 875/1028/1
f 1036/1035/1 1167/1031/1 1037/1026/1
f 874/1034/1 1036/1035/1 1035/1027/1
f 1152/1033/1 1095/1036/1 1094/1029/1
f 1036/1035/1 1168/1037/1 1167/1031/1
f 953/1032/1 888/1038/1 887/1030/1
f 1151/1039/1 1095/1036/1 1152/1033/1
f 952/1040/1 888/1038/1 953/1032/1
f 873/1041/1 1036/1035/1 874/1034/1
f 873/1041/1 1168/1037/1 1036/1035/1
f 873/1041/1 1169/1042/1 1168/1037/1
f 952/1040/1 889/1043/1 888/1038/1
f 1151/1039/1 1096/1044/1 1095/1036/1
f 1150/1045/1 1096/1044/1 1151/1039/1
f 951/1046/1 889/1043/1 952/1040/1
f 872/1047/1 1169/1042/1 873/1041/1
f 872/1047/1 1170/1048/1 1169/1042/1
f 951/1046/1 890/1049/1 889/1043/1
f 1149/1050/1 1096/1044/1 1150/1045/1
f 1149/1050/1 1097/1051/1 1096/1044/1
f 950/1052/1 890/1049/1 951/1046/1
f 871/1053/1 1170/1048/1 872/1047/1
f 1148/1054/1 1097/1051/1 1149/1050/1
f 871/1053/1 1171/1055/1 1170/1048/1
f 950/1052/1 891/1056/1 890/1049/1
f 949/1057/1 891/1056/1 950/1052/1
f 1148/1054/1 1098/1058/1 1097/1051/1
f 870/1059/1 1171/1055/1 871/1053/1
f 1147/1060/1 1098/1058/1 1148/1054/1
f 948/1061/1 891/1056/1 949/1057/1
f 948/1061/1 892/1062/1 891/1056/1
f 1146/1063/1 1098/1058/1 1147/1060/1
f 1146/1063/1 1099/1064/1 1098/1058/1
f 869/1065/1 1171/1055/1 870/1059/1
f 947/1066/1 892/1062/1 948/1061/1
f 1145/1067/1 1099/1064/1 1146/1063/1
f 947/1066/1 893/1068/1 892/1062/1
f 868/76/1 1171/1055/1 869/1065/1
f 1145/1067/1 1100/1069/1 1099/1064/1
f 946/1070/1 893/1068/1 947/1066/1
f 946/1070/1 894/1071/1 893/1068/1
f 946/1070/1 895/1072/1 894/1071/1
f 945/1073/1 895/1072/1 946/1070/1
f 1207/73/1 1171/1055/1 868/76/1
f 1145/1067/1 1101/1074/1 1100/1069/1
f 945/1073/1 896/1075/1 895/1072/1
f 1207/73/1 1172/1076/1 1171/1055/1
f 945/1073/1 897/1077/1 896/1075/1
f 944/1078/1 897/1077/1 945/1073/1
f 1145/1067/1 1102/1079/1 1101/1074/1
f 1207/73/1 1173/1080/1 1172/1076/1
f 944/1078/1 898/1081/1 897/1077/1
f 943/1082/1 898/1081/1 944/1078/1
f 1207/73/1 1174/1083/1 1173/1080/1
f 943/1082/1 899/1084/1 898/1081/1
f 1145/1067/1 1103/1085/1 1102/1079/1
f 1207/73/1 1175/1086/1 1174/1083/1
f 943/1082/1 900/1087/1 899/1084/1
f 942/1088/1 900/1087/1 943/1082/1
f 1207/73/1 1176/1089/1 1175/1086/1
f 942/1088/1 901/1090/1 900/1087/1
f 1145/1067/1 1104/1091/1 1103/1085/1
f 1207/73/1 1177/1092/1 1176/1089/1
f 942/1088/1 902/1093/1 901/1090/1
f 941/1094/1 902/1093/1 942/1088/1
f 1207/73/1 1178/1095/1 1177/1092/1
f 1145/1067/1 1105/1096/1 1104/1091/1
f 941/1094/1 903/1097/1 902/1093/1
f 1207/73/1 1179/1098/1 1178/1095/1
f 940/1099/1 903/1097/1 941/1094/1
f 1145/1067/1 1106/1100/1 1105/1096/1
f 1207/73/1 1180/1101/1 1179/1098/1
f 940/1099/1 904/1102/1 903/1097/1
f 1207/73/1 1181/1103/1 1180/1101/1
f 1145/1067/1 1107/1104/1 1106/1100/1
f 939/1105/1 904/1102/1 940/1099/1
f 939/1105/1 905/1106/1 904/1102/1
f 1144/1107/1 1107/1104/1 1145/1067/1
f 1207/73/1 1182/1108/1 1181/1103/1
f 1144/1107/1 1108/1109/1 1107/1104/1
f 938/1110/1 905/1106/1 939/1105/1
f 1206/1111/1 1182/1108/1 1207/73/1
f 1206/1111/1 1183/1112/1 1182/1108/1
f 1144/1107/1 1109/1113/1 1108/1109/1
f 937/1114/1 905/1106/1 938/1110/1
f 937/1114/1 906/1115/1 905/1106/1
f 1144/1107/1 1110/1116/1 1109/1113/1
f 936/1117/1 906/1115/1 937/1114/1
f 1205/1118/1 1183/1112/1 1206/1111/1
f 1143/1119/1 1110/1116/1 1144/1107/1
f 1205/1118/1 1184/1120/1 1183/1112/1
f 1143/1119/1 1111/1121/1 1110/1116/1
f 935/1122/1 906/1115/1 936/1117/1
f 1205/1118/1 1185/1123/1 1184/1120/1
f 1143/1119/1 1112/1124/1 1111/1121/1
f 934/1125/1 906/1115/1 935/1122/1
f 934/1125/1 907/1126/1 906/1115/1
f 1204/1127/1 1185/1123/1 1205/1118/1
f 1142/1128/1 1112/1124/1 1143/1119/1
f 933/1129/1 907/1126/1 934/1125/1
f 1142/1128/1 1113/1130/1 1112/1124/1
f 1204/1127/1 1186/1131/1 1185/1123/1
f 1203/1132/1 1186/1131/1 1204/1127/1
f 932/1133/1 907/1126/1 933/1129/1
f 1142/1128/1 1114/1134/1 1113/1130/1
f 932/1133/1 908/1135/1 907/1126/1
f 931/1136/1 908/1135/1 932/1133/1
f 1203/1132/1 1187/1137/1 1186/1131/1
f 1142/1128/1 1115/1138/1 1114/1134/1
f 1141/1139/1 1115/1138/1 1142/1128/1
f 1202/1140/1 1187/1137/1 1203/1132/1
f 930/1141/1 908/1135/1 931/1136/1
f 1141/1139/1 1116/1142/1 1115/1138/1
f 930/1141/1 909/1143/1 908/1135/1
f 1202/1140/1 1188/1144/1 1187/1137/1
f 929/1145/1 909/1143/1 930/1141/1
f 1201/1146/1 1188/1144/1 1202/1140/1
f 1141/1139/1 1117/1147/1 1116/1142/1
f 928/1148/1 909/1143/1 929/1145/1
f 1201/1146/1 1189/1149/1 1188/1144/1
f 1140/1150/1 1117/1147/1 1141/1139/1
f 1200/1151/1 1189/1149/1 1201/1146/1
f 928/1148/1 910/1152/1 909/1143/1
f 1140/1150/1 1118/1153/1 1117/1147/1
f 927/1154/1 910/1152/1 928/1148/1
f 1200/1151/1 1190/1155/1 1189/1149/1
f 1199/1156/1 1190/1155/1 1200/1151/1
f 1140/1150/1 1119/1157/1 1118/1153/1
f 926/1158/1 910/1152/1 927/1154/1
f 1199/1156/1 1191/1159/1 1190/1155/1
f 1139/1160/1 1119/1157/1 1140/1150/1
f 926/1158/1 911/1161/1 910/1152/1
f 1198/1162/1 1191/1159/1 1199/1156/1
f 1139/1160/1 1120/1163/1 1119/1157/1
f 925/1164/1 911/1161/1 926/1158/1
f 1198/1162/1 1192/1165/1 1191/1159/1
f 1197/1166/1 1192/1165/1 1198/1162/1
f 1197/1166/1 1193/1167/1 1192/1165/1
f 924/1168/1 911/1161/1 925/1164/1
f 1139/1160/1 1121/1169/1 1120/1163/1
f 924/1168/1 912/1170/1 911/1161/1
f 1196/1171/1 1193/1167/1 1197/1166/1
f 1196/1171/1 1194/1172/1 1193/1167/1
f 1138/1173/1 1121/1169/1 1139/1160/1
f 1195/1174/1 1194/1172/1 1196/1171/1
f 923/1175/1 912/1170/1 924/1168/1
f 1138/1173/1 1122/1176/1 1121/1169/1
f 922/1177/1 912/1170/1 923/1175/1
f 922/1177/1 913/1178/1 912/1170/1
f 1138/1173/1 1123/1179/1 1122/1176/1
f 921/1180/1 913/1178/1 922/1177/1
f 1137/1181/1 1123/1179/1 1138/1173/1
f 921/1180/1 914/1182/1 913/1178/1
f 920/1183/1 914/1182/1 921/1180/1
f 1137/1181/1 1124/1184/1 1123/1179/1
f 919/1185/1 914/1182/1 920/1183/1
f 919/1185/1 915/1186/1 914/1182/1
f 1137/1181/1 1125/1187/1 1124/1184/1
f 918/1188/1 915/1186/1 919/1185/1
f 917/1189/1 915/1186/1 918/1188/1
f 917/1189/1 916/1190/1 915/1186/1
f 1136/1191/1 1125/1187/1 1137/1181/1
f 1136/1191/1 1126/1192/1 1125/1187/1
f 1136/1191/1 1127/1193/1 1126/1192/1
f 1135/1194/1 1127/1193/1 1136/1191/1
f 1135/1194/1 1128/1195/1 1127/1193/1
f 1135/1194/1 1129/1196/1 1128/1195/1
f 1134/1197/1 1129/1196/1 1135/1194/1
f 1134/1197/1 1130/1198/1 1129/1196/1
f 1134/1197/1 1131/1199/1 1130/1198/1
f 1133/1200/1 1131/1199/1 1134/1197/1
f 1133/1200/1 1132/1201/1 1131/1199/1
f 1664/1202/1 1666/1203/1 1665/1204/1
f 1664/1202/1 1667/1205/1 1666/1203/1
f 1663/1206/1 1667/1205/1 1664/1202/1
f 1663/1206/1 1668/1207/1 1667/1205/1
f 1662/1208/1 1668/1207/1 1663/1206/1
f 1662/1208/1 1669/1209/1 1668/1207/1
f 1662/1208/1 1670/1210/1 1669/1209/1
f 1661/1211/1 1670/1210/1 1662/1208/1
f 1661/1211/1 1671/1212/1 1670/1210/1
f 1660/1213/1 1671/1212/1 1661/1211/1
f 1660/1213/1 1672/1214/1 1671/1212/1
f 1660/1213/1 1673/1215/1 1672/1214/1
f 1659/1216/1 1673/1215/1 1660/1213/1
f 1659/1216/1 1674/1217/1 1673/1215/1
f 1658/1218/1 1674/1217/1 1659/1216/1
f 1658/1218/1 1675/1219/1 1674/1217/1
f 1658/1218/1 1676/1220/1 1675/1219/1
f 1657/1221/1 1676/1220/1 1658/1218/1
f 1657/1221/1 1677/1222/1 1676/1220/1
f 1656/1223/1 1677/1222/1 1657/1221/1
f 1656/1223/1 1678/1224/1 1677/1222/1
f 1231/1225/1 1233/1226/1 1232/1227/1
f 1655/1228/1 1678/1224/1 1656/1223/1
f 1655/1228/1 1679/1229/1 1678/1224/1
f 1231/1225/1 1234/1230/1 1233/1226/1
f 1230/1231/1 1234/1230/1 1231/1225/1
f 1230/1231/1 1235/1232/1 1234/1230/1
f 1229/1233/1 1235/1232/1 1230/1231/1
f 1229/1233/1 1236/1234/1 1235/1232/1
f 1655/1228/1 1680/1235/1 1679/1229/1
f 1267/1236/1 1269/1237/1 1268/1238/1
f 1266/1239/1 1269/1237/1 1267/1236/1
f 1265/1240/1 1269/1237/1 1266/1239/1
f 1265/1240/1 1270/1241/1 1269/1237/1
f 1264/1242/1 1270/1241/1 1265/1240/1
f 1228/1243/1 1236/1234/1 1229/1233/1
f 1263/1244/1 1270/1241/1 1264/1242/1
f 1654/1245/1 1680/1235/1 1655/1228/1
f 1228/1243/1 1237/1246/1 1236/1234/1
f 1262/1247/1 1270/1241/1 1263/1244/1
f 1262/1247/1 1271/1248/1 1270/1241/1
f 1261/1249/1 1271/1248/1 1262/1247/1
f 1654/1245/1 1681/1250/1 1680/1235/1
f 1260/1251/1 1271/1248/1 1261/1249/1
f 1227/1252/1 1237/1246/1 1228/1243/1
f 1227/1252/1 1238/1253/1 1237/1246/1
f 1259/1254/1 1271/1248/1 1260/1251/1
f 1259/1254/1 1272/1255/1 1271/1248/1
f 1654/1245/1 1682/1256/1 1681/1250/1
f 1258/1257/1 1272/1255/1 1259/1254/1
f 1653/1258/1 1682/1256/1 1654/1245/1
f 1257/1259/1 1272/1255/1 1258/1257/1
f 1227/1252/1 1239/1260/1 1238/1253/1
f 1226/1261/1 1239/1260/1 1227/1252/1
f 1257/1259/1 1273/1262/1 1272/1255/1
f 1653/1258/1 1683/1263/1 1682/1256/1
f 1256/1264/1 1273/1262/1 1257/1259/1
f 1255/1265/1 1273/1262/1 1256/1264/1
f 1653/1258/1 1684/1266/1 1683/1263/1
f 1226/1261/1 1240/1267/1 1239/1260/1
f 1652/1268/1 1684/1266/1 1653/1258/1
f 1254/1269/1 1273/1262/1 1255/1265/1
f 1254/1269/1 1274/1270/1 1273/1262/1
f 1225/1271/1 1240/1267/1 1226/1261/1
f 1253/1272/1 1274/1270/1 1254/1269/1
f 1652/1268/1 1685/1273/1 1684/1266/1
f 1252/1274/1 1274/1270/1 1253/1272/1
f 1225/1271/1 1241/1275/1 1240/1267/1
f 1651/1276/1 1685/1273/1 1652/1268/1
f 1651/1276/1 1686/1277/1 1685/1273/1
f 1251/1278/1 1274/1270/1 1252/1274/1
f 1251/1278/1 1275/1279/1 1274/1270/1
f 1224/1280/1 1241/1275/1 1225/1271/1
f 1250/1281/1 1275/1279/1 1251/1278/1
f 1651/1276/1 1687/1282/1 1686/1277/1
f 1650/1283/1 1687/1282/1 1651/1276/1
f 1224/1280/1 1242/1284/1 1241/1275/1
f 1249/1285/1 1275/1279/1 1250/1281/1
f 1650/1283/1 1688/73/1 1687/1282/1
f 1249/1285/1 1276/1286/1 1275/1279/1
f 1248/1287/1 1276/1286/1 1249/1285/1
f 1649/1288/1 1688/73/1 1650/1283/1
f 1223/1289/1 1242/1284/1 1224/1280/1
f 1649/1288/1 1210/1290/1 1688/73/1
f 1210/1290/1 1208/76/1 1688/73/1
f 1223/1289/1 1243/1291/1 1242/1284/1
f 1247/1292/1 1276/1286/1 1248/1287/1
f 1649/1288/1 1211/1293/1 1210/1290/1
f 1208/76/2 1209/1294/2 1210/1290/2
f 1649/1288/1 1212/1295/1 1211/1293/1
f 1649/1288/1 1213/1296/1 1212/1295/1
f 1648/1297/1 1213/1296/1 1649/1288/1
f 1246/1298/1 1276/1286/1 1247/1292/1
f 1648/1297/1 1214/1299/1 1213/1296/1
f 1246/1298/1 1277/1300/1 1276/1286/1
f 1223/1289/1 1244/1301/1 1243/1291/1
f 1222/1302/1 1244/1301/1 1223/1289/1
f 1245/1303/1 1277/1300/1 1246/1298/1
f 1648/1297/1 1215/1304/1 1214/1299/1
f 1647/1305/1 1215/1304/1 1648/1297/1
f 1647/1305/1 1216/1306/1 1215/1304/1
f 1244/1301/1 1277/1300/1 1245/1303/1
f 1646/1307/1 1216/1306/1 1647/1305/1
f 1222/1302/1 1277/1300/1 1244/1301/1
f 1646/1307/1 1217/1308/1 1216/1306/1
f 1222/1302/1 1278/1309/1 1277/1300/1
f 1221/1310/1 1278/1309/1 1222/1302/1
f 1646/1307/1 1218/1311/1 1217/1308/1
f 1645/1312/1 1218/1311/1 1646/1307/1
f 1645/1312/1 1219/1313/1 1218/1311/1
f 1644/1314/1 1219/1313/1 1645/1312/1
f 1221/1310/1 1279/1315/1 1278/1309/1
f 1220/1316/1 1279/1315/1 1221/1310/1
f 1643/1317/1 1219/1313/1 1644/1314/1
f 1643/1317/1 1220/1316/1 1219/1313/1
f 1642/1318/1 1220/1316/1 1643/1317/1
f 1220/1316/1 1280/1319/1 1279/1315/1
f 1642/1318/1 1280/1319/1 1220/1316/1
f 1641/1320/1 1280/1319/1 1642/1318/1
f 1640/1321/1 1280/1319/1 1641/1320/1
f 1640/1321/1 1281/1322/1 1280/1319/1
f 1639/1323/1 1281/1322/1 1640/1321/1
f 1639/1323/1 1282/1324/1 1281/1322/1
f 1638/1325/1 1282/1324/1 1639/1323/1
f 1638/1325/1 1283/1326/1 1282/1324/1
f 1637/1327/1 1283/1326/1 1638/1325/1
f 1637/1327/1 1284/1328/1 1283/1326/1
f 1636/1329/1 1284/1328/1 1637/1327/1
f 1635/1330/1 1284/1328/1 1636/1329/1
f 1635/1330/1 1285/1331/1 1284/1328/1
f 1634/1332/1 1376/1333/1 1635/1330/1
f 1376/1333/1 1285/1331/1 1635/1330/1
f 1634/1332/1 1377/1334/1 1376/1333/1
f 1375/1335/1 1285/1331/1 1376/1333/1
f 1634/1332/1 1378/1336/1 1377/1334/1
f 1375/1335/1 1286/1337/1 1285/1331/1
f 1374/1338/1 1286/1337/1 1375/1335/1
f 1634/1332/1 1379/1339/1 1378/1336/1
f 1634/1332/1 1380/1340/1 1379/1339/1
f 1373/1341/1 1286/1337/1 1374/1338/1
f 1634/1332/1 1381/1342/1 1380/1340/1
f 1633/1343/1 1508/1344/1 1634/1332/1
f 1508/1344/1 1381/1342/1 1634/1332/1
f 1508/1344/1 1382/1345/1 1381/1342/1
f 1633/1343/1 1509/1346/1 1508/1344/1
f 1507/1347/1 1382/1345/1 1508/1344/1
f 1372/1348/1 1286/1337/1 1373/1341/1
f 1507/1347/1 1383/1349/1 1382/1345/1
f 1506/1350/1 1383/1349/1 1507/1347/1
f 1506/1350/1 1384/1351/1 1383/1349/1
f 1632/1352/1 1509/1346/1 1633/1343/1
f 1632/1352/1 1510/1353/1 1509/1346/1
f 1371/1354/1 1286/1337/1 1372/1348/1
f 1506/1350/1 1385/1355/1 1384/1351/1
f 1505/1356/1 1385/1355/1 1506/1350/1
f 1371/1354/1 1287/1357/1 1286/1337/1
f 1505/1356/1 1386/1358/1 1385/1355/1
f 1504/1359/1 1386/1358/1 1505/1356/1
f 1370/1360/1 1287/1357/1 1371/1354/1
f 1504/1359/1 1387/1361/1 1386/1358/1
f 1631/1362/1 1510/1353/1 1632/1352/1
f 1631/1362/1 1511/1363/1 1510/1353/1
f 1503/1364/1 1387/1361/1 1504/1359/1
f 1503/1364/1 1388/1365/1 1387/1361/1
f 1502/1366/1 1388/1365/1 1503/1364/1
f 1369/1367/1 1287/1357/1 1370/1360/1
f 1369/1367/1 1288/1368/1 1287/1357/1
f 1502/1366/1 1389/1369/1 1388/1365/1
f 1630/1370/1 1511/1363/1 1631/1362/1
f 1630/1370/1 1512/1371/1 1511/1363/1
f 1501/1372/1 1389/1369/1 1502/1366/1
f 1501/1372/1 1390/1373/1 1389/1369/1
f 1368/928/1 1288/1368/1 1369/1367/1
f 1501/1372/1 1391/1374/1 1390/1373/1
f 1500/1375/1 1391/1374/1 1501/1372/1
f 1629/1376/1 1512/1371/1 1630/1370/1
f 1629/1376/1 1513/1377/1 1512/1371/1
f 1500/1375/1 1392/1378/1 1391/1374/1
f 1499/1379/1 1392/1378/1 1500/1375/1
f 1368/928/1 1289/1380/1 1288/1368/1
f 1499/1379/1 1393/1381/1 1392/1378/1
f 1628/1382/1 1513/1377/1 1629/1376/1
f 1628/1382/1 1514/1383/1 1513/1377/1
f 1367/1384/1 1289/1380/1 1368/928/1
f 1498/1385/1 1393/1381/1 1499/1379/1
f 1498/1385/1 1394/1386/1 1393/1381/1
f 1498/1385/1 1395/1387/1 1394/1386/1
f 1497/1388/1 1395/1387/1 1498/1385/1
f 1627/1389/1 1514/1383/1 1628/1382/1
f 1497/1388/1 1396/1390/1 1395/1387/1
f 1627/1389/1 1515/1391/1 1514/1383/1
f 1496/818/1 1396/1390/1 1497/1388/1
f 1366/1392/1 1289/1380/1 1367/1384/1
f 1366/1392/1 1290/1393/1 1289/1380/1
f 1496/818/1 1397/1394/1 1396/1390/1
f 1496/818/1 1398/1395/1 1397/1394/1
f 1626/1396/1 1515/1391/1 1627/1389/1
f 1495/1397/1 1398/1395/1 1496/818/1
f 1495/1397/1 1399/1398/1 1398/1395/1
f 1626/1396/1 1516/1399/1 1515/1391/1
f 1495/1397/1 1400/619/1 1399/1398/1
f 1625/1400/1 1516/1399/1 1626/1396/1
f 1365/1401/1 1290/1393/1 1366/1392/1
f 1495/1397/1 1401/1402/1 1400/619/1
f 1494/1403/1 1401/1402/1 1495/1397/1
f 1365/1401/1 1291/1404/1 1290/1393/1
f 1624/1405/1 1516/1399/1 1625/1400/1
f 1624/1405/1 1517/1406/1 1516/1399/1
f 1494/1403/1 1402/1407/1 1401/1402/1
f 1623/1408/1 1517/1406/1 1624/1405/1
f 1364/1409/1 1291/1404/1 1365/1401/1
f 1493/1410/1 1402/1407/1 1494/1403/1
f 1623/1408/1 1518/1411/1 1517/1406/1
f 1622/1412/1 1518/1411/1 1623/1408/1
f 1493/1410/1 1403/1413/1 1402/1407/1
f 1364/1409/1 1292/1414/1 1291/1404/1
f 1492/1415/1 1403/1413/1 1493/1410/1
f 1621/1416/1 1518/1411/1 1622/1412/1
f 1363/1417/1 1292/1414/1 1364/1409/1
f 1621/1416/1 1519/1418/1 1518/1411/1
f 1620/1419/1 1519/1418/1 1621/1416/1
f 1492/1415/1 1404/1420/1 1403/1413/1
f 1362/1421/1 1292/1414/1 1363/1417/1
f 1619/1422/1 1519/1418/1 1620/1419/1
f 1491/1423/1 1404/1420/1 1492/1415/1
f 1362/1421/1 1293/1424/1 1292/1414/1
f 1619/1422/1 1520/1425/1 1519/1418/1
f 1618/1426/1 1520/1425/1 1619/1422/1
f 1361/1427/1 1293/1424/1 1362/1421/1
f 1491/1423/1 1405/1428/1 1404/1420/1
f 1617/1429/1 1520/1425/1 1618/1426/1
f 1490/1430/1 1405/1428/1 1491/1423/1
f 1616/1431/1 1520/1425/1 1617/1429/1
f 1360/1432/1 1293/1424/1 1361/1427/1
f 1616/1431/1 1521/1433/1 1520/1425/1
f 1616/1431/3 1522/1434/3 1521/1433/3
f 1360/1432/1 1294/1435/1 1293/1424/1
f 1616/1431/2 1523/1436/2 1522/1434/2
f 1616/1431/4 1524/1437/4 1523/1436/4
f 1616/1431/5 1525/1438/5 1524/1437/5
f 1490/1430/1 1406/1439/1 1405/1428/1
f 1616/1431/5 1532/1440/5 1525/1438/5
f 1532/1440/6 1526/1441/6 1525/1438/6
f 1532/1440/7 1527/1442/7 1526/1441/7
f 1532/1440/8 1528/1029/8 1527/1442/8
f 1532/1440/9 1529/1443/9 1528/1029/9
f 1532/1440/7 1530/1444/7 1529/1443/7
f 1532/1440/1 1531/1445/1 1530/1444/1
f 1359/1446/1 1294/1435/1 1360/1432/1
f 1489/1447/1 1406/1439/1 1490/1430/1
f 1616/1431/1 1533/1448/1 1532/1440/1
f 1489/1447/1 1407/1449/1 1406/1439/1
f 1359/1446/1 1295/1450/1 1294/1435/1
f 1358/1451/1 1295/1450/1 1359/1446/1
f 1488/1452/1 1407/1449/1 1489/1447/1
f 1616/1431/1 1534/1453/1 1533/1448/1
f 1488/1452/1 1408/1454/1 1407/1449/1
f 1357/1455/1 1295/1450/1 1358/1451/1
f 1357/1455/1 1296/1456/1 1295/1450/1
f 1487/1457/1 1408/1454/1 1488/1452/1
f 1616/1431/1 1535/1458/1 1534/1453/1
f 1356/1459/1 1296/1456/1 1357/1455/1
f 1487/1457/1 1409/1460/1 1408/1454/1
f 1356/1459/1 1297/1461/1 1296/1456/1
f 1486/1462/1 1409/1460/1 1487/1457/1
f 1355/1463/1 1297/1461/1 1356/1459/1
f 1616/1431/1 1536/1464/1 1535/1458/1
f 1486/1462/1 1410/1465/1 1409/1460/1
f 1485/1466/1 1410/1465/1 1486/1462/1
f 1354/1467/1 1297/1461/1 1355/1463/1
f 1616/1431/1 1537/1468/1 1536/1464/1
f 1354/1467/1 1298/1469/1 1297/1461/1
f 1485/1466/1 1411/1470/1 1410/1465/1
f 1616/1431/1 1538/1471/1 1537/1468/1
f 1353/1472/1 1298/1469/1 1354/1467/1
f 1484/1473/1 1411/1470/1 1485/1466/1
f 1484/1473/1 1412/1474/1 1411/1470/1
f 1353/1472/1 1299/1475/1 1298/1469/1
f 1616/1431/1 1539/1476/1 1538/1471/1
f 1352/1477/1 1299/1475/1 1353/1472/1
f 1483/1478/1 1412/1474/1 1484/1473/1
f 1483/1478/1 1413/1479/1 1412/1474/1
f 1616/1431/1 1540/1480/1 1539/1476/1
f 1352/1477/1 1300/1481/1 1299/1475/1
f 1351/1482/1 1300/1481/1 1352/1477/1
f 1482/1483/1 1413/1479/1 1483/1478/1
f 1616/1431/1 1541/1484/1 1540/1480/1
f 1482/1483/1 1414/1485/1 1413/1479/1
f 1350/1486/1 1300/1481/1 1351/1482/1
f 1616/1431/1 1542/1487/1 1541/1484/1
f 1481/1488/1 1414/1485/1 1482/1483/1
f 1350/1486/1 1301/1489/1 1300/1481/1
f 1481/1488/1 1415/1490/1 1414/1485/1
f 1616/1431/1 1543/1491/1 1542/1487/1
f 1349/1492/1 1301/1489/1 1350/1486/1
f 1616/1431/1 1544/1493/1 1543/1491/1
f 1480/1494/1 1415/1490/1 1481/1488/1
f 1480/1494/1 1416/1495/1 1415/1490/1
f 1348/1496/1 1301/1489/1 1349/1492/1
f 1616/1431/1 1545/1497/1 1544/1493/1
f 1348/1496/1 1302/1498/1 1301/1489/1
f 1616/1431/1 1546/1499/1 1545/1497/1
f 1616/1431/1 1547/1500/1 1546/1499/1
f 1479/1501/1 1416/1495/1 1480/1494/1
f 1616/1431/1 1548/1502/1 1547/1500/1
f 1479/1501/1 1417/1503/1 1416/1495/1
f 1347/1504/1 1302/1498/1 1348/1496/1
f 1616/1431/1 1549/1505/1 1548/1502/1
f 1616/1431/1 1550/1506/1 1549/1505/1
f 1615/1507/1 1550/1506/1 1616/1431/1
f 1615/1507/1 1551/1508/1 1550/1506/1
f 1615/1507/1 1552/1509/1 1551/1508/1
f 1478/1510/1 1417/1503/1 1479/1501/1
f 1346/1511/1 1302/1498/1 1347/1504/1
f 1614/1512/1 1552/1509/1 1615/1507/1
f 1614/1512/1 1553/1513/1 1552/1509/1
f 1478/1510/1 1418/1514/1 1417/1503/1
f 1614/1512/1 1554/1515/1 1553/1513/1
f 1346/1511/1 1303/1516/1 1302/1498/1
f 1614/1512/1 1555/1517/1 1554/1515/1
f 1613/1518/1 1555/1517/1 1614/1512/1
f 1613/1518/1 1556/1519/1 1555/1517/1
f 1345/1520/1 1303/1516/1 1346/1511/1
f 1477/1521/1 1418/1514/1 1478/1510/1
f 1613/1518/1 1557/1522/1 1556/1519/1
f 1477/1521/1 1419/1523/1 1418/1514/1
f 1612/1524/1 1557/1522/1 1613/1518/1
f 1612/1524/1 1558/1525/1 1557/1522/1
f 1612/1524/1 1559/1526/1 1558/1525/1
f 1344/1527/1 1303/1516/1 1345/1520/1
f 1611/1528/1 1559/1526/1 1612/1524/1
f 1611/1528/1 1560/1529/1 1559/1526/1
f 1476/1530/1 1419/1523/1 1477/1521/1
f 1476/1530/1 1420/1531/1 1419/1523/1
f 1611/1528/1 1561/1532/1 1560/1529/1
f 1610/1533/1 1561/1532/1 1611/1528/1
f 1610/1533/1 1562/1534/1 1561/1532/1
f 1344/1527/1 1304/721/1 1303/1516/1
f 1343/1535/1 1304/721/1 1344/1527/1
f 1610/1533/1 1563/1536/1 1562/1534/1
f 1609/1537/1 1563/1536/1 1610/1533/1
f 1609/1537/1 1564/1538/1 1563/1536/1
f 1475/1539/1 1420/1531/1 1476/1530/1
f 1475/1539/1 1421/1540/1 1420/1531/1
f 1609/1537/1 1565/1541/1 1564/1538/1
f 1609/1537/1 1566/1542/1 1565/1541/1
f 1608/1543/1 1566/1542/1 1609/1537/1
f 1342/1544/1 1304/721/1 1343/1535/1
f 1608/1543/1 1567/1545/1 1566/1542/1
f 1608/1543/1 1568/1546/1 1567/1545/1
f 1608/1543/1 1569/1547/1 1568/1546/1
f 1607/1548/1 1569/1547/1 1608/1543/1
f 1474/1549/1 1421/1540/1 1475/1539/1
f 1474/1549/1 1422/1550/1 1421/1540/1
f 1607/1548/1 1570/1551/1 1569/1547/1
f 1341/1552/1 1304/721/1 1342/1544/1
f 1606/1553/1 1570/1551/1 1607/1548/1
f 1606/1553/1 1571/1554/1 1570/1551/1
f 1605/1555/1 1571/1554/1 1606/1553/1
f 1473/1556/1 1422/1550/1 1474/1549/1
f 1605/1555/1 1572/1557/1 1571/1554/1
f 1473/1556/1 1423/1558/1 1422/1550/1
f 1340/1559/1 1304/721/1 1341/1552/1
f 1340/1559/1 1305/1560/1 1304/721/1
f 1604/1561/1 1572/1557/1 1605/1555/1
f 1604/1561/1 1573/1562/1 1572/1557/1
f 1340/1559/1 1306/1563/1 1305/1560/1
f 1603/1564/1 1573/1562/1 1604/1561/1
f 1603/1564/1 1574/1565/1 1573/1562/1
f 1472/1566/1 1423/1558/1 1473/1556/1
f 1339/1567/1 1306/1563/1 1340/1559/1
f 1472/1566/1 1424/1568/1 1423/1558/1
f 1603/1564/1 1575/1569/1 1574/1565/1
f 1339/1567/1 1307/1570/1 1306/1563/1
f 1602/1571/1 1575/1569/1 1603/1564/1
f 1602/1571/1 1576/1572/1 1575/1569/1
f 1339/1567/1 1308/1573/1 1307/1570/1
f 1602/1571/1 1577/1574/1 1576/1572/1
f 1601/1575/1 1577/1574/1 1602/1571/1
f 1338/1576/1 1308/1573/1 1339/1567/1
f 1338/1576/1 1309/1577/1 1308/1573/1
f 1471/1578/1 1424/1568/1 1472/1566/1
f 1471/1578/1 1425/1579/1 1424/1568/1
f 1601/1575/1 1578/1580/1 1577/1574/1
f 1600/1581/1 1578/1580/1 1601/1575/1
f 1600/1581/1 1579/1582/1 1578/1580/1
f 1338/1576/1 1310/1583/1 1309/1577/1
f 1471/1578/1 1426/1584/1 1425/1579/1
f 1470/1585/1 1426/1584/1 1471/1578/1
f 1600/1581/1 1580/1586/1 1579/1582/1
f 1599/1587/1 1580/1586/1 1600/1581/1
f 1337/1588/1 1310/1583/1 1338/1576/1
f 1337/1588/1 1311/1589/1 1310/1583/1
f 1469/1590/1 1426/1584/1 1470/1585/1
f 1469/1590/1 1427/1591/1 1426/1584/1
f 1599/1587/1 1581/1592/1 1580/1586/1
f 1598/1593/1 1581/1592/1 1599/1587/1
f 1598/1593/1 1582/1594/1 1581/1592/1
f 1337/1588/1 1312/1595/1 1311/1589/1
f 1468/1596/1 1427/1591/1 1469/1590/1
f 1468/1596/1 1428/1597/1 1427/1591/1
f 1598/1593/1 1583/1598/1 1582/1594/1
f 1597/1599/1 1583/1598/1 1598/1593/1
f 1336/1600/1 1312/1595/1 1337/1588/1
f 1336/1600/1 1313/1601/1 1312/1595/1
f 1597/1599/1 1584/1602/1 1583/1598/1
f 1597/1599/1 1585/1603/1 1584/1602/1
f 1596/1604/1 1585/1603/1 1597/1599/1
f 1467/1605/1 1428/1597/1 1468/1596/1
f 1467/1605/1 1429/1606/1 1428/1597/1
f 1596/1604/1 1586/1607/1 1585/1603/1
f 1336/1600/1 1314/1608/1 1313/1601/1
f 1595/1609/1 1586/1607/1 1596/1604/1
f 1595/1609/1 1587/1610/1 1586/1607/1
f 1595/1609/1 1588/1611/1 1587/1610/1
f 1594/1612/1 1588/1611/1 1595/1609/1
f 1466/1613/1 1429/1606/1 1467/1605/1
f 1466/1613/1 1430/1614/1 1429/1606/1
f 1335/1615/1 1314/1608/1 1336/1600/1
f 1594/1612/1 1589/1616/1 1588/1611/1
f 1335/1615/1 1315/1617/1 1314/1608/1
f 1593/1618/1 1589/1616/1 1594/1612/1
f 1593/1618/1 1590/1619/1 1589/1616/1
f 1593/1618/1 1591/1620/1 1590/1619/1
f 1592/597/1 1591/1620/1 1593/1618/1
f 1335/1615/1 1316/1621/1 1315/1617/1
f 1465/1622/1 1430/1614/1 1466/1613/1
f 1465/1622/1 1431/1623/1 1430/1614/1
f 1334/1624/1 1316/1621/1 1335/1615/1
f 1334/1624/1 1317/1625/1 1316/1621/1
f 1464/1626/1 1431/1623/1 1465/1622/1
f 1464/1626/1 1432/1627/1 1431/1623/1
f 1334/1624/1 1318/1628/1 1317/1625/1
f 1333/1629/1 1318/1628/1 1334/1624/1
f 1463/1630/1 1432/1627/1 1464/1626/1
f 1463/1630/1 1433/1631/1 1432/1627/1
f 1333/1629/1 1319/1632/1 1318/1628/1
f 1333/1629/1 1320/1633/1 1319/1632/1
f 1462/1634/1 1433/1631/1 1463/1630/1
f 1462/1634/1 1434/1635/1 1433/1631/1
f 1332/1636/1 1320/1633/1 1333/1629/1
f 1332/1636/1 1321/1637/1 1320/1633/1
f 1461/1638/1 1434/1635/1 1462/1634/1
f 1461/1638/1 1435/1639/1 1434/1635/1
f 1331/1640/1 1321/1637/1 1332/1636/1
f 1331/1640/1 1322/1641/1 1321/1637/1
f 1331/1640/1 1323/1642/1 1322/1641/1
f 1330/1643/1 1323/1642/1 1331/1640/1
f 1460/1644/1 1435/1639/1 1461/1638/1
f 1460/1644/1 1436/1645/1 1435/1639/1
f 1330/1643/1 1324/1646/1 1323/1642/1
f 1330/1643/1 1325/1647/1 1324/1646/1
f 1329/1648/1 1325/1647/1 1330/1643/1
f 1329/1648/1 1326/1649/1 1325/1647/1
f 1329/1648/1 1327/1650/1 1326/1649/1
f 1328/1651/1 1327/1650/1 1329/1648/1
f 1459/1652/1 1436/1645/1 1460/1644/1
f 1459/1652/1 1437/1653/1 1436/1645/1
f 1458/1654/1 1437/1653/1 1459/1652/1
f 1458/1654/1 1438/1655/1 1437/1653/1
f 1457/1656/1 1438/1655/1 1458/1654/1
f 1457/1656/1 1439/1657/1 1438/1655/1
f 1456/1658/1 1439/1657/1 1457/1656/1
f 1456/1658/1 1440/1659/1 1439/1657/1
f 1455/1660/1 1440/1659/1 1456/1658/1
f 1455/1660/1 1441/1661/1 1440/1659/1
f 1454/1662/1 1441/1661/1 1455/1660/1
f 1454/1662/1 1442/1663/1 1441/1661/1
f 1453/1664/1 1442/1663/1 1454/1662/1
f 1453/1664/1 1443/1665/1 1442/1663/1
f 1452/1666/1 1443/1665/1 1453/1664/1
f 1452/1666/1 1444/1667/1 1443/1665/1
f 1451/1668/1 1444/1667/1 1452/1666/1
f 1451/1668/1 1445/1669/1 1444/1667/1
f 1450/1670/1 1445/1669/1 1451/1668/1
f 1450/1670/1 1446/1671/1 1445/1669/1
f 1449/1672/1 1446/1671/1 1450/1670/1
f 1449/1672/1 1447/1673/1 1446/1671/1
f 1448/495/1 1447/1673/1 1449/1672/1
f 1856/1/1 1858/2/1 1857/3/1
f 1856/1/1 1859/4/1 1858/2/1
f 1855/5/1 1859/4/1 1856/1/1
f 1855/5/1 1860/6/1 1859/4/1
f 1855/5/1 1861/7/1 1860/6/1
f 1854/8/1 1861/7/1 1855/5/1
f 1854/8/1 1862/9/1 1861/7/1
f 2012/10/1 2014/11/1 2013/12/1
f 2012/10/1 2015/13/1 2014/11/1
f 1854/8/1 1863/14/1 1862/9/1
f 2011/15/1 2015/13/1 2012/10/1
f 2011/15/1 2016/16/1 2015/13/1
f 1853/17/1 1863/14/1 1854/8/1
f 2011/15/1 2017/18/1 2016/16/1
f 1853/17/1 1864/19/1 1863/14/1
f 2010/20/1 2017/18/1 2011/15/1
f 2010/20/1 2018/21/1 2017/18/1
f 1853/17/1 1865/22/1 1864/19/1
f 2010/20/1 2019/23/1 2018/21/1
f 1852/24/1 1865/22/1 1853/17/1
f 2009/25/1 2019/23/1 2010/20/1
f 2009/25/1 2020/26/1 2019/23/1
f 1852/24/1 1866/27/1 1865/22/1
f 2009/25/1 2021/28/1 2020/26/1
f 2008/29/1 2021/28/1 2009/25/1
f 1851/30/1 1866/27/1 1852/24/1
f 1851/30/1 1867/31/1 1866/27/1
f 2008/29/1 2022/32/1 2021/28/1
f 1851/30/1 1868/33/1 1867/31/1
f 2007/34/1 2022/32/1 2008/29/1
f 2007/34/1 2023/35/1 2022/32/1
f 1850/36/1 1868/33/1 1851/30/1
f 1850/36/1 1869/37/1 1868/33/1
f 2007/34/1 2024/38/1 2023/35/1
f 2006/39/1 2024/38/1 2007/34/1
f 1850/36/1 1870/40/1 1869/37/1
f 2006/39/1 2025/41/1 2024/38/1
f 1849/42/1 1870/40/1 1850/36/1
f 1849/42/1 1871/43/1 1870/40/1
f 2006/39/1 2026/44/1 2025/41/1
f 2005/45/1 2026/44/1 2006/39/1
f 1849/42/1 1872/46/1 1871/43/1
f 2005/45/1 2027/47/1 2026/44/1
f 1848/48/1 1872/46/1 1849/42/1
f 2005/45/1 2028/49/1 2027/47/1
f 1848/48/1 1873/50/1 1872/46/1
f 2004/51/1 2028/49/1 2005/45/1
f 2004/51/1 2029/52/1 2028/49/1
f 1848/48/1 1874/53/1 1873/50/1
f 1847/54/1 1874/53/1 1848/48/1
f 2004/51/1 2030/55/1 2029/52/1
f 1847/54/1 1875/56/1 1874/53/1
f 2003/57/1 2030/55/1 2004/51/1
f 2003/57/1 2031/58/1 2030/55/1
f 1847/54/1 1876/59/1 1875/56/1
f 1846/60/1 1876/59/1 1847/54/1
f 2003/57/1 2032/61/1 2031/58/1
f 1846/60/1 1877/62/1 1876/59/1
f 2002/63/1 2032/61/1 2003/57/1
f 2002/63/1 2033/64/1 2032/61/1
f 1846/60/1 1878/65/1 1877/62/1
f 1845/66/1 1878/65/1 1846/60/1
f 2002/63/1 2034/67/1 2033/64/1
f 1845/66/1 1879/68/1 1878/65/1
f 2001/69/1 2034/67/1 2002/63/1
f 2001/69/1 2035/70/1 2034/67/1
f 1845/66/1 1880/71/1 1879/68/1
f 1844/72/1 1880/71/1 1845/66/1
f 2001/69/1 2036/73/1 2035/70/1
f 1844/72/1 1881/74/1 1880/71/1
f 2000/75/1 2036/73/1 2001/69/1
f 2000/75/1 1689/76/1 2036/73/1
f 1844/72/1 1882/77/1 1881/74/1
f 2000/75/1 1690/78/1 1689/76/1
f 1844/72/1 1883/79/1 1882/77/1
f 1843/80/1 1883/79/1 1844/72/1
f 1843/80/1 1884/81/1 1883/79/1
f 1999/82/1 1690/78/1 2000/75/1
f 1843/80/1 1885/83/1 1884/81/1
f 1843/80/1 1886/84/1 1885/83/1
f 1842/85/1 1886/84/1 1843/80/1
f 1842/85/1 1887/86/1 1886/84/1
f 1998/87/1 1690/78/1 1999/82/1
f 1842/85/1 1888/88/1 1887/86/1
f 1841/89/1 1888/88/1 1842/85/1
f 1998/87/1 1691/90/1 1690/78/1
f 1841/89/1 1889/91/1 1888/88/1
f 1997/92/1 1691/90/1 1998/87/1
f 1841/89/1 1890/93/1 1889/91/1
f 1840/94/1 1890/93/1 1841/89/1
f 1840/94/1 1891/95/1 1890/93/1
f 1996/96/1 1691/90/1 1997/92/1
f 1840/94/1 1892/97/1 1891/95/1
f 1839/98/1 1892/97/1 1840/94/1
f 1996/96/1 1692/99/1 1691/90/1
f 1839/98/1 1893/100/1 1892/97/1
f 1995/101/1 1692/99/1 1996/96/1
f 1839/98/1 1894/102/1 1893/100/1
f 1838/103/1 1894/102/1 1839/98/1
f 1838/103/1 1895/104/1 1894/102/1
f 1994/105/1 1692/99/1 1995/101/1
f 1837/106/1 1895/104/1 1838/103/1
f 1837/106/1 1896/107/1 1895/104/1
f 1994/105/1 1693/108/1 1692/99/1
f 1837/106/1 1897/109/1 1896/107/1
f 1993/110/1 1693/108/1 1994/105/1
f 1836/111/1 1897/109/1 1837/106/1
f 1836/111/1 1898/112/1 1897/109/1
f 1836/111/1 1899/113/1 1898/112/1
f 1835/114/1 1899/113/1 1836/111/1
f 1993/110/1 1694/115/1 1693/108/1
f 1992/116/1 1694/115/1 1993/110/1
f 1835/114/1 1900/117/1 1899/113/1
f 1835/114/1 1901/118/1 1900/117/1
f 1834/119/1 1901/118/1 1835/114/1
f 1834/119/1 1902/120/1 1901/118/1
f 1991/121/1 1694/115/1 1992/116/1
f 1991/121/1 1695/122/1 1694/115/1
f 1834/119/1 1903/123/1 1902/120/1
f 1833/124/1 1903/123/1 1834/119/1
f 1833/124/1 1904/125/1 1903/123/1
f 1833/124/1 1905/126/1 1904/125/1
f 1832/127/1 1905/126/1 1833/124/1
f 1832/127/1 1906/128/1 1905/126/1
f 1990/129/1 1695/122/1 1991/121/1
f 1990/129/1 1696/130/1 1695/122/1
f 1832/127/1 1907/131/1 1906/128/1
f 1990/129/1 1697/132/1 1696/130/1
f 1831/133/1 1907/131/1 1832/127/1
f 1989/134/1 1697/132/1 1990/129/1
f 1831/133/1 1908/135/1 1907/131/1
f 1989/134/1 1698/136/1 1697/132/1
f 1989/134/1 1699/137/1 1698/136/1
f 1830/138/1 1908/135/1 1831/133/1
f 1830/138/1 1909/139/1 1908/135/1
f 1988/140/1 1699/137/1 1989/134/1
f 1988/140/1 1701/141/1 1699/137/1
f 1701/141/1 1700/142/1 1699/137/1
f 1987/143/1 1701/141/1 1988/140/1
f 1987/143/1 1702/144/1 1701/141/1
f 1986/145/1 1702/144/1 1987/143/1
f 1986/145/1 1703/146/1 1702/144/1
f 1830/138/1 1910/147/1 1909/139/1
f 1985/148/1 1703/146/1 1986/145/1
f 1829/149/1 1910/147/1 1830/138/1
f 1985/148/1 1704/150/1 1703/146/1
f 1984/151/1 1704/150/1 1985/148/1
f 1829/149/1 1911/152/1 1910/147/1
f 1984/151/1 1705/153/1 1704/150/1
f 1983/154/1 1705/153/1 1984/151/1
f 1983/154/1 1706/155/1 1705/153/1
f 1829/149/1 1912/156/1 1911/152/1
f 1982/157/1 1706/155/1 1983/154/1
f 1828/158/1 1912/156/1 1829/149/1
f 1982/157/1 1707/159/1 1706/155/1
f 1981/160/1 1707/159/1 1982/157/1
f 1828/158/1 1913/161/1 1912/156/1
f 1981/160/1 1708/162/1 1707/159/1
f 1980/163/1 1708/162/1 1981/160/1
f 1828/158/1 1914/164/1 1913/161/1
f 1827/165/1 1914/164/1 1828/158/1
f 1980/163/1 1709/166/1 1708/162/1
f 1979/167/1 1709/166/1 1980/163/1
f 1827/165/1 1915/168/1 1914/164/1
f 1979/167/1 1710/169/1 1709/166/1
f 1978/170/1 1710/169/1 1979/167/1
f 1826/171/1 1915/168/1 1827/165/1
f 1826/171/1 1916/172/1 1915/168/1
f 1978/170/1 1711/173/1 1710/169/1
f 1977/174/1 1711/173/1 1978/170/1
f 1826/171/1 1917/175/1 1916/172/1
f 1977/174/1 1712/176/1 1711/173/1
f 1976/177/1 1712/176/1 1977/174/1
f 1826/171/1 1918/178/1 1917/175/1
f 1825/179/1 1918/178/1 1826/171/1
f 1975/180/1 1712/176/1 1976/177/1
f 1975/180/1 1713/181/1 1712/176/1
f 1825/179/1 1919/182/1 1918/178/1
f 1974/183/1 1713/181/1 1975/180/1
f 1974/183/1 1714/184/1 1713/181/1
f 1825/179/1 1920/185/1 1919/182/1
f 1973/186/1 1714/184/1 1974/183/1
f 1824/187/1 1920/185/1 1825/179/1
f 1824/187/1 1921/188/1 1920/185/1
f 1972/189/1 1714/184/1 1973/186/1
f 1972/189/1 1715/190/1 1714/184/1
f 1824/187/1 1922/191/1 1921/188/1
f 1971/192/1 1715/190/1 1972/189/1
f 1971/192/1 1716/193/1 1715/190/1
f 1823/194/1 1922/191/1 1824/187/1
f 1823/194/1 1923/195/1 1922/191/1
f 1970/196/1 1716/193/1 1971/192/1
f 1823/194/1 1924/197/1 1923/195/1
f 1970/196/1 1717/198/1 1716/193/1
f 1969/199/1 1717/198/1 1970/196/1
f 1823/194/1 1925/200/1 1924/197/1
f 1968/201/1 1717/198/1 1969/199/1
f 1968/201/1 1718/202/1 1717/198/1
f 1822/203/1 1925/200/1 1823/194/1
f 1822/203/1 1926/204/1 1925/200/1
f 1967/205/1 1718/202/1 1968/201/1
f 1967/205/1 1719/206/1 1718/202/1
f 1822/203/1 1927/207/1 1926/204/1
f 1966/208/1 1719/206/1 1967/205/1
f 1822/203/1 1928/209/1 1927/207/1
f 1966/208/1 1720/210/1 1719/206/1
f 1965/211/1 1720/210/1 1966/208/1
f 1821/212/1 1928/209/1 1822/203/1
f 1821/212/1 1929/213/1 1928/209/1
f 1964/214/1 1720/210/1 1965/211/1
f 1964/214/1 1721/215/1 1720/210/1
f 1963/216/1 1721/215/1 1964/214/1
f 1821/212/1 1930/217/1 1929/213/1
f 1962/218/1 1721/215/1 1963/216/1
f 1821/212/1 1931/219/1 1930/217/1
f 1821/212/1 1932/220/1 1931/219/1
f 1961/221/1 1721/215/1 1962/218/1
f 1821/212/1 1933/222/1 1932/220/1
f 1821/212/1 1934/223/1 1933/222/1
f 1821/212/1 1935/224/1 1934/223/1
f 1960/225/1 1721/215/1 1961/221/1
f 1960/225/1 1722/226/1 1721/215/1
f 1821/212/1 1936/227/1 1935/224/1
f 1821/212/1 1937/228/1 1936/227/1
f 1959/229/1 1722/226/1 1960/225/1
f 1821/212/1 1938/230/1 1937/228/1
f 1821/212/1 1939/231/1 1938/230/1
f 1821/212/1 1940/232/1 1939/231/1
f 1958/233/1 1722/226/1 1959/229/1
f 1821/212/1 1941/234/1 1940/232/1
f 1821/212/1 1942/235/1 1941/234/1
f 1957/236/1 1722/226/1 1958/233/1
f 1821/212/1 1943/237/1 1942/235/1
f 1821/212/1 1944/238/1 1943/237/1
f 1956/239/1 1722/226/1 1957/236/1
f 1821/212/1 1945/240/1 1944/238/1
f 1821/212/1 1946/241/1 1945/240/1
f 1821/212/1 1947/242/1 1946/241/1
f 1955/243/1 1722/226/1 1956/239/1
f 1821/212/1 1948/244/1 1947/242/1
f 1821/212/1 1949/245/1 1948/244/1
f 1954/246/1 1722/226/1 1955/243/1
f 1821/212/1 1950/247/1 1949/245/1
f 1821/212/1 1951/248/1 1950/247/1
f 1953/249/1 1722/226/1 1954/246/1
f 1821/212/1 1952/250/1 1951/248/1
f 1821/212/1 1953/249/1 1952/250/1
f 1821/212/1 1722/226/1 1953/249/1
f 1821/212/1 1723/251/1 1722/226/1
f 1820/252/1 1723/251/1 1821/212/1
f 1820/252/1 1724/253/1 1723/251/1
f 1819/254/1 1724/253/1 1820/252/1
f 1819/254/1 1725/255/1 1724/253/1
f 1819/254/1 1726/256/1 1725/255/1
f 1819/254/1 1727/257/1 1726/256/1
f 1818/258/1 1727/257/1 1819/254/1
f 1818/258/1 1728/259/1 1727/257/1
f 1818/258/1 1729/260/1 1728/259/1
f 1818/258/1 1730/261/1 1729/260/1
f 1818/258/1 1731/262/1 1730/261/1
f 1818/258/1 1732/263/1 1731/262/1
f 1817/264/1 1732/263/1 1818/258/1
f 1817/264/1 1733/265/1 1732/263/1
f 1817/264/1 1734/266/1 1733/265/1
f 1817/264/1 1735/267/1 1734/266/1
f 1816/268/1 1735/267/1 1817/264/1
f 1816/268/1 1736/269/1 1735/267/1
f 1816/268/1 1737/270/1 1736/269/1
f 1816/268/1 1738/271/1 1737/270/1
f 1815/272/1 1738/271/1 1816/268/1
f 1815/272/1 1739/273/1 1738/271/1
f 1815/272/1 1740/274/1 1739/273/1
f 1814/275/1 1740/274/1 1815/272/1
f 1814/275/1 1741/276/1 1740/274/1
f 1814/275/1 1742/277/1 1741/276/1
f 1814/275/1 1743/278/1 1742/277/1
f 1813/279/1 1743/278/1 1814/275/1
f 1813/279/1 1744/280/1 1743/278/1
f 1813/279/1 1745/281/1 1744/280/1
f 1813/279/1 1746/282/1 1745/281/1
f 1812/283/1 1746/282/1 1813/279/1
f 1812/283/1 1747/284/1 1746/282/1
f 1812/283/1 1748/285/1 1747/284/1
f 1812/283/1 1749/286/1 1748/285/1
f 1812/283/1 1750/287/1 1749/286/1
f 1811/288/1 1750/287/1 1812/283/1
f 1811/288/1 1751/289/1 1750/287/1
f 1810/290/1 1751/289/1 1811/288/1
f 1810/290/1 1752/291/1 1751/289/1
f 1810/290/1 1753/292/1 1752/291/1
f 1809/293/1 1753/292/1 1810/290/1
f 1809/293/1 1754/294/1 1753/292/1
f 1808/295/1 1754/294/1 1809/293/1
f 1808/295/1 1755/296/1 1754/294/1
f 1807/297/1 1755/296/1 1808/295/1
f 1807/297/1 1785/298/1 1755/296/1
f 1785/298/1 1756/299/1 1755/296/1
f 1807/297/1 1786/300/1 1785/298/1
f 1784/301/1 1756/299/1 1785/298/1
f 1784/301/1 1757/302/1 1756/299/1
f 1806/303/1 1786/300/1 1807/297/1
f 1806/303/1 1787/304/1 1786/300/1
f 1783/305/1 1757/302/1 1784/301/1
f 1783/305/1 1758/306/1 1757/302/1
f 1805/307/1 1787/304/1 1806/303/1
f 1805/307/1 1788/308/1 1787/304/1
f 1783/305/1 1759/309/1 1758/306/1
f 1804/310/1 1788/308/1 1805/307/1
f 1804/310/1 1789/311/1 1788/308/1
f 1782/312/1 1759/309/1 1783/305/1
f 1782/312/1 1760/313/1 1759/309/1
f 1804/310/1 1790/314/1 1789/311/1
f 1803/315/1 1790/314/1 1804/310/1
f 1803/315/1 1791/316/1 1790/314/1
f 1802/317/1 1791/316/1 1803/315/1
f 1782/312/1 1761/318/1 1760/313/1
f 1781/319/1 1761/318/1 1782/312/1
f 1802/317/1 1792/320/1 1791/316/1
f 1801/321/1 1792/320/1 1802/317/1
f 1781/319/1 1762/322/1 1761/318/1
f 1801/321/1 1793/323/1 1792/320/1
f 1800/324/1 1793/323/1 1801/321/1
f 1780/325/1 1762/322/1 1781/319/1
f 1800/324/1 1794/326/1 1793/323/1
f 1799/327/1 1794/326/1 1800/324/1
f 1799/327/1 1795/328/1 1794/326/1
f 1780/325/1 1763/329/1 1762/322/1
f 1798/330/1 1795/328/1 1799/327/1
f 1798/330/1 1796/331/1 1795/328/1
f 1797/332/1 1796/331/1 1798/330/1
f 1779/333/1 1763/329/1 1780/325/1
f 1779/333/1 1764/334/1 1763/329/1
f 1779/333/1 1765/335/1 1764/334/1
f 1778/336/1 1765/335/1 1779/333/1
f 1778/336/1 1766/337/1 1765/335/1
f 1777/338/1 1766/337/1 1778/336/1
f 1777/338/1 1767/339/1 1766/337/1
f 1777/338/1 1768/340/1 1767/339/1
f 1776/341/1 1768/340/1 1777/338/1
f 1776/341/1 1769/342/1 1768/340/1
f 1775/343/1 1769/342/1 1776/341/1
f 1775/343/1 1770/344/1 1769/342/1
f 1775/343/1 1771/345/1 1770/344/1
f 1774/346/1 1771/345/1 1775/343/1
f 1774/346/1 1772/347/1 1771/345/1
f 1773/348/1 1772/347/1 1774/346/1
f 2180/1674/1 2182/1675/1 2181/1676/1
f 2179/1677/1 2182/1675/1 2180/1674/1
f 2179/1677/1 2183/1678/1 2182/1675/1
f 2178/1679/1 2183/1678/1 2179/1677/1
f 2178/1679/1 2184/1680/1 2183/1678/1
f 2177/1681/1 2184/1680/1 2178/1679/1
f 2177/1681/1 2185/1682/1 2184/1680/1
f 2176/1683/1 2185/1682/1 2177/1681/1
f 2176/1683/1 2186/1684/1 2185/1682/1
f 2176/1683/1 2187/509/1 2186/1684/1
f 2175/1685/1 2187/509/1 2176/1683/1
f 2175/1685/1 2188/1686/1 2187/509/1
f 2175/1685/1 2189/1687/1 2188/1686/1
f 2175/1685/1 2190/1688/1 2189/1687/1
f 2175/1685/1 2191/1689/1 2190/1688/1
f 2174/1690/1 2191/1689/1 2175/1685/1
f 2174/1690/1 2192/1691/1 2191/1689/1
f 2174/1690/1 2193/1692/1 2192/1691/1
f 2174/1690/1 2194/1693/1 2193/1692/1
f 2174/1690/1 2195/1694/1 2194/1693/1
f 2174/1690/1 2196/1695/1 2195/1694/1
f 2173/1696/1 2196/1695/1 2174/1690/1
f 2173/1696/1 2197/1697/1 2196/1695/1
f 2173/1696/1 2198/1698/1 2197/1697/1
f 2172/1699/1 2198/1698/1 2173/1696/1
f 2172/1699/1 2199/1700/1 2198/1698/1
f 2172/1699/1 2200/1701/1 2199/1700/1
f 2171/1702/1 2200/1701/1 2172/1699/1
f 2171/1702/1 2201/1703/1 2200/1701/1
f 2171/1702/1 2202/1704/1 2201/1703/1
f 2170/1705/1 2202/1704/1 2171/1702/1
f 2170/1705/1 2203/1706/1 2202/1704/1
f 2169/1707/1 2203/1706/1 2170/1705/1
f 2169/1707/1 2204/1708/1 2203/1706/1
f 2168/1709/1 2204/1708/1 2169/1707/1
f 2168/1709/1 2205/1710/1 2204/1708/1
f 2168/1709/1 2206/1711/1 2205/1710/1
f 2167/619/1 2206/1711/1 2168/1709/1
f 2167/619/1 2207/1712/1 2206/1711/1
f 2166/1713/1 2207/1712/1 2167/619/1
f 2165/1714/1 2207/1712/1 2166/1713/1
f 2164/1715/1 2207/1712/1 2165/1714/1
f 2163/1716/1 2207/1712/1 2164/1715/1
f 2163/1716/1 2208/1717/1 2207/1712/1
f 2162/522/1 2208/1717/1 2163/1716/1
f 2161/1718/1 2208/1717/1 2162/522/1
f 2160/1719/1 2208/1717/1 2161/1718/1
f 2159/1720/1 2208/1717/1 2160/1719/1
f 2159/1720/1 2209/1721/1 2208/1717/1
f 2158/1722/1 2209/1721/1 2159/1720/1
f 2157/1723/1 2302/1724/1 2158/1722/1
f 2302/1724/1 2209/1721/1 2158/1722/1
f 2302/1724/1 2210/1725/1 2209/1721/1
f 2302/1724/1 2211/1726/1 2210/1725/1
f 2157/1723/1 2303/1727/1 2302/1724/1
f 2301/1728/1 2211/1726/1 2302/1724/1
f 2301/1728/1 2212/454/1 2211/1726/1
f 2300/1729/1 2212/454/1 2301/1728/1
f 2299/1730/1 2212/454/1 2300/1729/1
f 2298/1731/1 2212/454/1 2299/1730/1
f 2297/597/1 2212/454/1 2298/1731/1
f 2296/1732/1 2212/454/1 2297/597/1
f 2295/1733/1 2212/454/1 2296/1732/1
f 2294/1734/1 2212/454/1 2295/1733/1
f 2293/1735/1 2212/454/1 2294/1734/1
f 2292/1736/1 2212/454/1 2293/1735/1
f 2291/1737/1 2212/454/1 2292/1736/1
f 2290/1738/1 2212/454/1 2291/1737/1
f 2289/1739/1 2212/454/1 2290/1738/1
f 2288/1740/1 2212/454/1 2289/1739/1
f 2287/371/1 2212/454/1 2288/1740/1
f 2286/1741/1 2212/454/1 2287/371/1
f 2285/1742/1 2212/454/1 2286/1741/1
f 2284/1743/1 2212/454/1 2285/1742/1
f 2283/1744/1 2212/454/1 2284/1743/1
f 2283/1744/1 2213/1745/1 2212/454/1
f 2282/1746/1 2213/1745/1 2283/1744/1
f 2281/1747/1 2213/1745/1 2282/1746/1
f 2280/1748/1 2213/1745/1 2281/1747/1
f 2280/1748/1 2214/1749/1 2213/1745/1
f 2279/1750/1 2214/1749/1 2280/1748/1
f 2278/1751/1 2214/1749/1 2279/1750/1
f 2362/73/1 2214/1749/1 2278/1751/1
f 2362/73/1 2215/1752/1 2214/1749/1
f 2361/1753/1 2215/1752/1 2362/73/1
f 2360/1754/1 2215/1752/1 2361/1753/1
f 2359/1755/1 2215/1752/1 2360/1754/1
f 2359/1755/1 2216/1756/1 2215/1752/1
f 2358/1757/1 2216/1756/1 2359/1755/1
f 2357/1758/1 2216/1756/1 2358/1757/1
f 2356/1759/1 2216/1756/1 2357/1758/1
f 2356/1759/1 2217/1760/1 2216/1756/1
f 2355/1761/1 2217/1760/1 2356/1759/1
f 2354/1762/1 2217/1760/1 2355/1761/1
f 2353/1763/1 2217/1760/1 2354/1762/1
f 2353/1763/1 2218/1764/1 2217/1760/1
f 2352/1765/1 2218/1764/1 2353/1763/1
f 2351/1766/1 2218/1764/1 2352/1765/1
f 2350/1767/1 2218/1764/1 2351/1766/1
f 2350/1767/1 2219/1768/1 2218/1764/1
f 2349/1769/1 2219/1768/1 2350/1767/1
f 2348/1770/1 2219/1768/1 2349/1769/1
f 2347/1771/1 2219/1768/1 2348/1770/1
f 2346/1772/1 2219/1768/1 2347/1771/1
f 2346/1772/1 2220/1773/1 2219/1768/1
f 2345/1774/1 2220/1773/1 2346/1772/1
f 2344/1775/1 2220/1773/1 2345/1774/1
f 2343/1776/1 2220/1773/1 2344/1775/1
f 2342/1777/1 2220/1773/1 2343/1776/1
f 2342/1777/1 2221/1778/1 2220/1773/1
f 2341/1779/1 2221/1778/1 2342/1777/1
f 2340/1780/1 2221/1778/1 2341/1779/1
f 2339/1781/1 2221/1778/1 2340/1780/1
f 2339/1781/1 2222/1782/1 2221/1778/1
f 2338/1783/1 2222/1782/1 2339/1781/1
f 2337/354/1 2222/1782/1 2338/1783/1
f 2336/1784/1 2222/1782/1 2337/354/1
f 2336/1784/1 2223/1785/1 2222/1782/1
f 2335/1786/1 2223/1785/1 2336/1784/1
f 2334/1787/1 2223/1785/1 2335/1786/1
f 2333/1788/1 2223/1785/1 2334/1787/1
f 2332/1789/1 2223/1785/1 2333/1788/1
f 2332/1789/1 2224/1790/1 2223/1785/1
f 2331/1791/1 2224/1790/1 2332/1789/1
f 2330/1792/1 2224/1790/1 2331/1791/1
f 2329/1793/1 2224/1790/1 2330/1792/1
f 2329/1793/1 2225/1794/1 2224/1790/1
f 2328/1795/1 2225/1794/1 2329/1793/1
f 2327/1796/1 2225/1794/1 2328/1795/1
f 2326/1797/1 2225/1794/1 2327/1796/1
f 2326/1797/1 2226/1798/1 2225/1794/1
f 2325/1799/1 2226/1798/1 2326/1797/1
f 2324/1800/1 2226/1798/1 2325/1799/1
f 2323/1801/1 2226/1798/1 2324/1800/1
f 2323/1801/1 2227/1802/1 2226/1798/1
f 2322/1803/1 2227/1802/1 2323/1801/1
f 2321/1804/1 2227/1802/1 2322/1803/1
f 2321/1804/1 2228/1805/1 2227/1802/1
f 2320/1806/1 2228/1805/1 2321/1804/1
f 2319/1807/1 2228/1805/1 2320/1806/1
f 2318/1808/1 2228/1805/1 2319/1807/1
f 2317/1809/1 2228/1805/1 2318/1808/1
f 2316/1810/1 2228/1805/1 2317/1809/1
f 2157/1723/1 2304/1811/1 2303/1727/1
f 2157/1723/1 2305/1812/1 2304/1811/1
f 2157/1723/1 2306/1813/1 2305/1812/1
f 2157/1723/1 2307/1814/1 2306/1813/1
f 2157/1723/1 2308/1815/1 2307/1814/1
f 2315/1816/1 2228/1805/1 2316/1810/1
f 2157/1723/1 2309/1817/1 2308/1815/1
f 2157/1723/1 2310/1818/1 2309/1817/1
f 2157/1723/1 2311/1819/1 2310/1818/1
f 2157/1723/1 2312/382/1 2311/1819/1
f 2157/1723/1 2313/1820/1 2312/382/1
f 2157/1723/1 2314/1821/1 2313/1820/1
f 2157/1723/1 2315/1816/1 2314/1821/1
f 2157/1723/1 2228/1805/1 2315/1816/1
f 2157/1723/1 2229/1822/1 2228/1805/1
f 2157/1723/1 2230/1823/1 2229/1822/1
f 2157/1723/1 2231/1824/1 2230/1823/1
f 2157/1723/1 2232/818/1 2231/1824/1
f 2157/1723/1 2233/1825/1 2232/818/1
f 2157/1723/1 2234/1826/1 2233/1825/1
f 2157/1723/1 2235/1827/1 2234/1826/1
f 2157/1723/1 2236/1828/1 2235/1827/1
f 2157/1723/1 2237/418/1 2236/1828/1
f 2157/1723/1 2238/1829/1 2237/418/1
f 2157/1723/1 2239/1830/1 2238/1829/1
f 2157/1723/1 2240/1831/1 2239/1830/1
f 2156/1832/1 2240/1831/1 2157/1723/1
f 2156/1832/1 2241/1833/1 2240/1831/1
f 2155/1834/1 2241/1833/1 2156/1832/1
f 2155/1834/1 2242/1835/1 2241/1833/1
f 2154/1836/1 2242/1835/1 2155/1834/1
f 2154/1836/1 2243/1837/1 2242/1835/1
f 2153/1838/1 2243/1837/1 2154/1836/1
f 2152/1839/1 2243/1837/1 2153/1838/1
f 2152/1839/1 2244/1840/1 2243/1837/1
f 2151/1841/1 2244/1840/1 2152/1839/1
f 2151/1841/1 2245/1842/1 2244/1840/1
f 2150/1843/1 2245/1842/1 2151/1841/1
f 2150/1843/1 2246/1844/1 2245/1842/1
f 2149/1845/1 2073/1846/1 2150/1843/1
f 2073/1846/1 2246/1844/1 2150/1843/1
f 2149/1845/1 2074/1847/1 2073/1846/1
f 2072/1848/1 2246/1844/1 2073/1846/1
f 2148/1849/1 2074/1847/1 2149/1845/1
f 2072/1848/1 2247/1850/1 2246/1844/1
f 2071/1851/1 2247/1850/1 2072/1848/1
f 2147/1852/1 2074/1847/1 2148/1849/1
f 2071/1851/1 2248/1853/1 2247/1850/1
f 2070/1854/1 2248/1853/1 2071/1851/1
f 2147/1852/1 2075/1855/1 2074/1847/1
f 2146/1856/1 2075/1855/1 2147/1852/1
f 2070/1854/1 2249/1857/1 2248/1853/1
f 2069/1858/1 2249/1857/1 2070/1854/1
f 2145/1859/1 2075/1855/1 2146/1856/1
f 2069/1858/1 2250/1860/1 2249/1857/1
f 2145/1859/1 2076/1861/1 2075/1855/1
f 2068/1862/1 2250/1860/1 2069/1858/1
f 2144/1863/1 2076/1861/1 2145/1859/1
f 2068/1862/1 2251/1864/1 2250/1860/1
f 2067/1865/1 2251/1864/1 2068/1862/1
f 2143/1866/1 2076/1861/1 2144/1863/1
f 2143/1866/1 2077/1867/1 2076/1861/1
f 2067/1865/1 2252/1868/1 2251/1864/1
f 2142/1869/1 2077/1867/1 2143/1866/1
f 2066/1870/1 2252/1868/1 2067/1865/1
f 2066/1870/1 2253/1871/1 2252/1868/1
f 2142/1869/1 2078/1872/1 2077/1867/1
f 2141/1873/1 2078/1872/1 2142/1869/1
f 2066/1870/1 2254/1874/1 2253/1871/1
f 2065/1875/1 2254/1874/1 2066/1870/1
f 2140/1876/1 2078/1872/1 2141/1873/1
f 2140/1876/1 2079/1877/1 2078/1872/1
f 2065/1875/1 2255/1878/1 2254/1874/1
f 2139/1879/1 2079/1877/1 2140/1876/1
f 2065/1875/1 2256/1880/1 2255/1878/1
f 2065/1875/1 2257/1881/1 2256/1880/1
f 2064/1882/1 2257/1881/1 2065/1875/1
f 2139/1879/1 2080/1883/1 2079/1877/1
f 2138/1884/1 2080/1883/1 2139/1879/1
f 2064/1882/1 2258/1885/1 2257/1881/1
f 2064/1882/1 2259/1886/1 2258/1885/1
f 2064/1882/1 2260/1887/1 2259/1886/1
f 2137/494/1 2080/1883/1 2138/1884/1
f 2137/494/1 2081/1888/1 2080/1883/1
f 2064/1882/1 2261/1889/1 2260/1887/1
f 2064/1882/1 2262/402/1 2261/1889/1
f 2063/1890/1 2262/402/1 2064/1882/1
f 2136/1891/1 2081/1888/1 2137/494/1
f 2063/1890/1 2263/1892/1 2262/402/1
f 2136/1891/1 2082/1893/1 2081/1888/1
f 2063/1890/1 2264/1894/1 2263/1892/1
f 2135/1895/1 2082/1893/1 2136/1891/1
f 2063/1890/1 2265/1896/1 2264/1894/1
f 2135/1895/1 2083/1897/1 2082/1893/1
f 2063/1890/1 2266/1898/1 2265/1896/1
f 2134/1899/1 2083/1897/1 2135/1895/1
f 2063/1890/1 2267/1900/1 2266/1898/1
f 2062/461/1 2267/1900/1 2063/1890/1
f 2134/1899/1 2084/1901/1 2083/1897/1
f 2062/461/1 2268/1902/1 2267/1900/1
f 2133/1903/1 2084/1901/1 2134/1899/1
f 2133/1903/1 2085/1904/1 2084/1901/1
f 2062/461/1 2269/1905/1 2268/1902/1
f 2132/1906/1 2085/1904/1 2133/1903/1
f 2132/1906/1 2086/1907/1 2085/1904/1
f 2062/461/1 2270/1908/1 2269/1905/1
f 2131/1909/1 2086/1907/1 2132/1906/1
f 2131/1909/1 2087/474/1 2086/1907/1
f 2062/461/1 2271/1910/1 2270/1908/1
f 2130/1911/1 2087/474/1 2131/1909/1
f 2130/1911/1 2088/1912/1 2087/474/1
f 2062/461/1 2272/1913/1 2271/1910/1
f 2061/1914/1 2272/1913/1 2062/461/1
f 2129/1915/1 2088/1912/1 2130/1911/1
f 2129/1915/1 2089/1916/1 2088/1912/1
f 2061/1914/1 2273/1917/1 2272/1913/1
f 2128/1918/1 2089/1916/1 2129/1915/1
f 2128/1918/1 2090/1919/1 2089/1916/1
f 2061/1914/1 2274/1920/1 2273/1917/1
f 2061/1914/1 2275/1921/1 2274/1920/1
f 2127/1922/1 2090/1919/1 2128/1918/1
f 2127/1922/1 2091/1923/1 2090/1919/1
f 2061/1914/1 2276/1924/1 2275/1921/1
f 2126/1925/1 2091/1923/1 2127/1922/1
f 2126/1925/1 2092/1926/1 2091/1923/1
f 2061/1914/1 2277/1927/1 2276/1924/1
f 2125/1928/1 2092/1926/1 2126/1925/1
f 2125/1928/1 2093/1929/1 2092/1926/1
f 2061/1914/1 2037/76/1 2277/1927/1
f 2124/1930/1 2093/1929/1 2125/1928/1
f 2124/1930/1 2094/1931/1 2093/1929/1
f 2060/1932/1 2037/76/1 2061/1914/1
f 2060/1932/1 2038/1933/1 2037/76/1
f 2123/1934/1 2094/1931/1 2124/1930/1
f 2123/1934/1 2095/1935/1 2094/1931/1
f 2059/1936/1 2038/1933/1 2060/1932/1
f 2059/1936/1 2039/1937/1 2038/1933/1
f 2122/1938/1 2095/1935/1 2123/1934/1
f 2122/1938/1 2096/1939/1 2095/1935/1
f 2058/1940/1 2039/1937/1 2059/1936/1
f 2058/1940/1 2040/1941/1 2039/1937/1
f 2057/1942/1 2040/1941/1 2058/1940/1
f 2121/1943/1 2096/1939/1 2122/1938/1
f 2121/1943/1 2097/1944/1 2096/1939/1
f 2057/1942/1 2041/1945/1 2040/1941/1
f 2056/1946/1 2041/1945/1 2057/1942/1
f 2056/1946/1 2042/1947/1 2041/1945/1
f 2120/1948/1 2097/1944/1 2121/1943/1
f 2120/1948/1 2098/1949/1 2097/1944/1
f 2055/1950/1 2042/1947/1 2056/1946/1
f 2055/1950/1 2043/1951/1 2042/1947/1
f 2054/1952/1 2043/1951/1 2055/1950/1
f 2119/1953/1 2098/1949/1 2120/1948/1
f 2119/1953/1 2099/1954/1 2098/1949/1
f 2054/1952/1 2044/1955/1 2043/1951/1
f 2053/1956/1 2044/1955/1 2054/1952/1
f 2053/1956/1 2045/1957/1 2044/1955/1
f 2052/1958/1 2045/1957/1 2053/1956/1
f 2052/1958/1 2046/1959/1 2045/1957/1
f 2118/1960/1 2099/1954/1 2119/1953/1
f 2118/1960/1 2100/1961/1 2099/1954/1
f 2051/1962/1 2046/1959/1 2052/1958/1
f 2051/1962/1 2047/1963/1 2046/1959/1
f 2050/1964/1 2047/1963/1 2051/1962/1
f 2050/1964/1 2048/1965/1 2047/1963/1
f 2049/1966/1 2048/1965/1 2050/1964/1
f 2117/1967/1 2100/1961/1 2118/1960/1
f 2117/1967/1 2101/1968/1 2100/1961/1
f 2116/1969/1 2101/1968/1 2117/1967/1
f 2116/1969/1 2102/721/1 2101/1968/1
f 2115/1970/1 2102/721/1 2116/1969/1
f 2115/1970/1 2103/1971/1 2102/721/1
f 2114/1972/1 2103/1971/1 2115/1970/1
f 2114/1972/1 2104/1973/1 2103/1971/1
f 2113/1974/1 2104/1973/1 2114/1972/1
f 2113/1974/1 2105/1975/1 2104/1973/1
f 2112/438/1 2105/1975/1 2113/1974/1
f 2112/438/1 2106/1976/1 2105/1975/1
f 2111/1977/1 2106/1976/1 2112/438/1
f 2111/1977/1 2107/1978/1 2106/1976/1
f 2110/1979/1 2107/1978/1 2111/1977/1
f 2110/1979/1 2108/1980/1 2107/1978/1
f 2109/1981/1 2108/1980/1 2110/1979/1
f 2530/1/10 2531/3/10 2532/2/10
f 2530/1/10 2532/2/10 2533/4/10
f 2529/5/10 2530/1/10 2533/4/10
f 2529/5/10 2533/4/10 2534/6/10
f 2529/5/10 2534/6/10 2535/7/10
f 2528/8/10 2529/5/10 2535/7/10
f 2528/8/10 2535/7/10 2536/9/10
f 2686/10/10 2687/12/10 2688/11/10
f 2686/10/10 2688/11/10 2689/13/10
f 2528/8/10 2536/9/10 2537/14/10
f 2685/15/10 2686/10/10 2689/13/10
f 2685/15/10 2689/13/10 2690/16/10
f 2527/17/10 2528/8/10 2537/14/10
f 2685/15/10 2690/16/10 2691/18/10
f 2527/17/10 2537/14/10 2538/19/10
f 2684/20/10 2685/15/10 2691/18/10
f 2684/20/10 2691/18/10 2692/21/10
f 2527/17/10 2538/19/10 2539/22/10
f 2684/20/10 2692/21/10 2693/23/10
f 2526/24/10 2527/17/10 2539/22/10
f 2683/25/10 2684/20/10 2693/23/10
f 2683/25/10 2693/23/10 2694/26/10
f 2526/24/10 2539/22/10 2540/27/10
f 2683/25/10 2694/26/10 2695/28/10
f 2682/29/10 2683/25/10 2695/28/10
f 2525/30/10 2526/24/10 2540/27/10
f 2525/30/10 2540/27/10 2541/31/10
f 2682/29/10 2695/28/10 2696/32/10
f 2525/30/10 2541/31/10 2542/33/10
f 2681/34/10 2682/29/10 2696/32/10
f 2681/34/10 2696/32/10 2697/35/10
f 2524/36/10 2525/30/10 2542/33/10
f 2524/36/10 2542/33/10 2543/37/10
f 2681/34/10 2697/35/10 2698/38/10
f 2680/39/10 2681/34/10 2698/38/10
f 2524/36/10 2543/37/10 2544/40/10
f 2680/39/10 2698/38/10 2699/41/10
f 2523/42/10 2524/36/10 2544/40/10
f 2523/42/10 2544/40/10 2545/43/10
f 2680/39/10 2699/41/10 2700/44/10
f 2679/45/10 2680/39/10 2700/44/10
f 2523/42/10 2545/43/10 2546/46/10
f 2679/45/10 2700/44/10 2701/47/10
f 2522/48/10 2523/42/10 2546/46/10
f 2679/45/10 2701/47/10 2702/49/10
f 2522/48/10 2546/46/10 2547/50/10
f 2678/51/10 2679/45/10 2702/49/10
f 2678/51/10 2702/49/10 2703/52/10
f 2522/48/10 2547/50/10 2548/53/10
f 2521/54/10 2522/48/10 2548/53/10
f 2678/51/10 2703/52/10 2704/55/10
f 2521/54/10 2548/53/10 2549/56/10
f 2677/57/10 2678/51/10 2704/55/10
f 2677/57/10 2704/55/10 2705/58/10
f 2521/54/10 2549/56/10 2550/59/10
f 2520/60/10 2521/54/10 2550/59/10
f 2677/57/10 2705/58/10 2706/61/10
f 2520/60/10 2550/59/10 2551/62/10
f 2676/63/10 2677/57/10 2706/61/10
f 2676/63/10 2706/61/10 2707/64/10
f 2520/60/10 2551/62/10 2552/65/10
f 2519/66/10 2520/60/10 2552/65/10
f 2676/63/10 2707/64/10 2708/67/10
f 2519/66/10 2552/65/10 2553/68/10
f 2675/69/10 2676/63/10 2708/67/10
f 2675/69/10 2708/67/10 2709/70/10
f 2519/66/10 2553/68/10 2554/71/10
f 2518/72/10 2519/66/10 2554/71/10
f 2675/69/10 2709/70/10 2710/73/10
f 2518/72/10 2554/71/10 2555/74/10
f 2674/75/10 2675/69/10 2710/73/10
f 2674/75/10 2710/73/10 2363/76/10
f 2518/72/10 2555/74/10 2556/77/10
f 2674/75/10 2363/76/10 2364/78/10
f 2518/72/10 2556/77/10 2557/79/10
f 2517/80/10 2518/72/10 2557/79/10
f 2517/80/10 2557/79/10 2558/81/10
f 2673/82/10 2674/75/10 2364/78/10
f 2517/80/10 2558/81/10 2559/83/10
f 2517/80/10 2559/83/10 2560/84/10
f 2516/85/10 2517/80/10 2560/84/10
f 2516/85/10 2560/84/10 2561/86/10
f 2672/87/10 2673/82/10 2364/78/10
f 2516/85/10 2561/86/10 2562/88/10
f 2515/89/10 2516/85/10 2562/88/10
f 2672/87/10 2364/78/10 2365/90/10
f 2515/89/10 2562/88/10 2563/91/10
f 2671/92/10 2672/87/10 2365/90/10
f 2515/89/10 2563/91/10 2564/93/10
f 2514/94/10 2515/89/10 2564/93/10
f 2514/94/10 2564/93/10 2565/95/10
f 2670/96/10 2671/92/10 2365/90/10
f 2514/94/10 2565/95/10 2566/97/10
f 2513/98/10 2514/94/10 2566/97/10
f 2670/96/10 2365/90/10 2366/99/10
f 2513/98/10 2566/97/10 2567/100/10
f 2669/101/10 2670/96/10 2366/99/10
f 2513/98/10 2567/100/10 2568/102/10
f 2512/103/10 2513/98/10 2568/102/10
f 2512/103/10 2568/102/10 2569/104/10
f 2668/105/10 2669/101/10 2366/99/10
f 2511/106/10 2512/103/10 2569/104/10
f 2511/106/10 2569/104/10 2570/107/10
f 2668/105/10 2366/99/10 2367/108/10
f 2511/106/10 2570/107/10 2571/109/10
f 2667/110/10 2668/105/10 2367/108/10
f 2510/111/10 2511/106/10 2571/109/10
f 2510/111/10 2571/109/10 2572/112/10
f 2510/111/10 2572/112/10 2573/113/10
f 2509/114/10 2510/111/10 2573/113/10
f 2667/110/10 2367/108/10 2368/115/10
f 2666/116/10 2667/110/10 2368/115/10
f 2509/114/10 2573/113/10 2574/117/10
f 2509/114/10 2574/117/10 2575/118/10
f 2508/119/10 2509/114/10 2575/118/10
f 2508/119/10 2575/118/10 2576/120/10
f 2665/121/10 2666/116/10 2368/115/10
f 2665/121/10 2368/115/10 2369/122/10
f 2508/119/10 2576/120/10 2577/123/10
f 2507/124/10 2508/119/10 2577/123/10
f 2507/124/10 2577/123/10 2578/125/10
f 2507/124/10 2578/125/10 2579/126/10
f 2506/127/10 2507/124/10 2579/126/10
f 2506/127/10 2579/126/10 2580/128/10
f 2664/129/10 2665/121/10 2369/122/10
f 2664/129/10 2369/122/10 2370/130/10
f 2506/127/10 2580/128/10 2581/131/10
f 2664/129/10 2370/130/10 2371/132/10
f 2505/133/10 2506/127/10 2581/131/10
f 2663/134/10 2664/129/10 2371/132/10
f 2505/133/10 2581/131/10 2582/135/10
f 2663/134/10 2371/132/10 2372/136/10
f 2663/134/10 2372/136/10 2373/137/10
f 2504/138/10 2505/133/10 2582/135/10
f 2504/138/10 2582/135/10 2583/139/10
f 2662/140/10 2663/134/10 2373/137/10
f 2662/140/10 2373/137/10 2375/141/10
f 2375/141/10 2373/137/10 2374/142/10
f 2661/143/10 2662/140/10 2375/141/10
f 2661/143/10 2375/141/10 2376/144/10
f 2660/145/10 2661/143/10 2376/144/10
f 2660/145/10 2376/144/10 2377/146/10
f 2504/138/10 2583/139/10 2584/147/10
f 2659/148/10 2660/145/10 2377/146/10
f 2503/149/10 2504/138/10 2584/147/10
f 2659/148/10 2377/146/10 2378/150/10
f 2658/151/10 2659/148/10 2378/150/10
f 2503/149/10 2584/147/10 2585/152/10
f 2658/151/10 2378/150/10 2379/153/10
f 2657/154/10 2658/151/10 2379/153/10
f 2657/154/10 2379/153/10 2380/155/10
f 2503/149/10 2585/152/10 2586/156/10
f 2656/157/10 2657/154/10 2380/155/10
f 2502/158/10 2503/149/10 2586/156/10
f 2656/157/10 2380/155/10 2381/159/10
f 2655/160/10 2656/157/10 2381/159/10
f 2502/158/10 2586/156/10 2587/161/10
f 2655/160/10 2381/159/10 2382/162/10
f 2654/163/10 2655/160/10 2382/162/10
f 2502/158/10 2587/161/10 2588/164/10
f 2501/165/10 2502/158/10 2588/164/10
f 2654/163/10 2382/162/10 2383/166/10
f 2653/167/10 2654/163/10 2383/166/10
f 2501/165/10 2588/164/10 2589/168/10
f 2653/167/10 2383/166/10 2384/169/10
f 2652/170/10 2653/167/10 2384/169/10
f 2500/171/10 2501/165/10 2589/168/10
f 2500/171/10 2589/168/10 2590/172/10
f 2652/170/10 2384/169/10 2385/173/10
f 2651/174/10 2652/170/10 2385/173/10
f 2500/171/10 2590/172/10 2591/175/10
f 2651/174/10 2385/173/10 2386/176/10
f 2650/177/10 2651/174/10 2386/176/10
f 2500/171/10 2591/175/10 2592/178/10
f 2499/179/10 2500/171/10 2592/178/10
f 2649/180/10 2650/177/10 2386/176/10
f 2649/180/10 2386/176/10 2387/181/10
f 2499/179/10 2592/178/10 2593/182/10
f 2648/183/10 2649/180/10 2387/181/10
f 2648/183/10 2387/181/10 2388/184/10
f 2499/179/10 2593/182/10 2594/185/10
f 2647/186/10 2648/183/10 2388/184/10
f 2498/187/10 2499/179/10 2594/185/10
f 2498/187/10 2594/185/10 2595/188/10
f 2646/189/10 2647/186/10 2388/184/10
f 2646/189/10 2388/184/10 2389/190/10
f 2498/187/10 2595/188/10 2596/191/10
f 2645/192/10 2646/189/10 2389/190/10
f 2645/192/10 2389/190/10 2390/193/10
f 2497/194/10 2498/187/10 2596/191/10
f 2497/194/10 2596/191/10 2597/195/10
f 2644/196/10 2645/192/10 2390/193/10
f 2497/194/10 2597/195/10 2598/197/10
f 2644/196/10 2390/193/10 2391/198/10
f 2643/199/10 2644/196/10 2391/198/10
f 2497/194/10 2598/197/10 2599/200/10
f 2642/201/10 2643/199/10 2391/198/10
f 2642/201/10 2391/198/10 2392/202/10
f 2496/203/10 2497/194/10 2599/200/10
f 2496/203/10 2599/200/10 2600/204/10
f 2641/205/10 2642/201/10 2392/202/10
f 2641/205/10 2392/202/10 2393/206/10
f 2496/203/10 2600/204/10 2601/207/10
f 2640/208/10 2641/205/10 2393/206/10
f 2496/203/10 2601/207/10 2602/209/10
f 2640/208/10 2393/206/10 2394/210/10
f 2639/211/10 2640/208/10 2394/210/10
f 2495/212/10 2496/203/10 2602/209/10
f 2495/212/10 2602/209/10 2603/213/10
f 2638/214/10 2639/211/10 2394/210/10
f 2638/214/10 2394/210/10 2395/215/10
f 2637/216/10 2638/214/10 2395/215/10
f 2495/212/10 2603/213/10 2604/217/10
f 2636/218/10 2637/216/10 2395/215/10
f 2495/212/10 2604/217/10 2605/219/10
f 2495/212/10 2605/219/10 2606/220/10
f 2635/221/10 2636/218/10 2395/215/10
f 2495/212/10 2606/220/10 2607/222/10
f 2495/212/10 2607/222/10 2608/223/10
f 2495/212/10 2608/223/10 2609/224/10
f 2634/225/10 2635/221/10 2395/215/10
f 2634/225/10 2395/215/10 2396/226/10
f 2495/212/10 2609/224/10 2610/227/10
f 2495/212/10 2610/227/10 2611/228/10
f 2633/229/10 2634/225/10 2396/226/10
f 2495/212/10 2611/228/10 2612/230/10
f 2495/212/10 2612/230/10 2613/231/10
f 2495/212/10 2613/231/10 2614/232/10
f 2632/233/10 2633/229/10 2396/226/10
f 2495/212/10 2614/232/10 2615/234/10
f 2495/212/10 2615/234/10 2616/235/10
f 2631/236/10 2632/233/10 2396/226/10
f 2495/212/10 2616/235/10 2617/237/10
f 2495/212/10 2617/237/10 2618/238/10
f 2630/239/10 2631/236/10 2396/226/10
f 2495/212/10 2618/238/10 2619/240/10
f 2495/212/10 2619/240/10 2620/241/10
f 2495/212/10 2620/241/10 2621/242/10
f 2629/243/10 2630/239/10 2396/226/10
f 2495/212/10 2621/242/10 2622/244/10
f 2495/212/10 2622/244/10 2623/245/10
f 2628/246/10 2629/243/10 2396/226/10
f 2495/212/10 2623/245/10 2624/247/10
f 2495/212/10 2624/247/10 2625/248/10
f 2627/249/10 2628/246/10 2396/226/10
f 2495/212/10 2625/248/10 2626/250/10
f 2495/212/10 2626/250/10 2627/249/10
f 2495/212/10 2627/249/10 2396/226/10
f 2495/212/10 2396/226/10 2397/251/10
f 2494/252/10 2495/212/10 2397/251/10
f 2494/252/10 2397/251/10 2398/253/10
f 2493/254/10 2494/252/10 2398/253/10
f 2493/254/10 2398/253/10 2399/255/10
f 2493/254/10 2399/255/10 2400/256/10
f 2493/254/10 2400/256/10 2401/257/10
f 2492/258/10 2493/254/10 2401/257/10
f 2492/258/10 2401/257/10 2402/259/10
f 2492/258/10 2402/259/10 2403/260/10
f 2492/258/10 2403/260/10 2404/261/10
f 2492/258/10 2404/261/10 2405/262/10
f 2492/258/10 2405/262/10 2406/263/10
f 2491/264/10 2492/258/10 2406/263/10
f 2491/264/10 2406/263/10 2407/265/10
f 2491/264/10 2407/265/10 2408/266/10
f 2491/264/10 2408/266/10 2409/267/10
f 2490/268/10 2491/264/10 2409/267/10
f 2490/268/10 2409/267/10 2410/269/10
f 2490/268/10 2410/269/10 2411/270/10
f 2490/268/10 2411/270/10 2412/271/10
f 2489/272/10 2490/268/10 2412/271/10
f 2489/272/10 2412/271/10 2413/273/10
f 2489/272/10 2413/273/10 2414/274/10
f 2488/275/10 2489/272/10 2414/274/10
f 2488/275/10 2414/274/10 2415/276/10
f 2488/275/10 2415/276/10 2416/277/10
f 2488/275/10 2416/277/10 2417/278/10
f 2487/279/10 2488/275/10 2417/278/10
f 2487/279/10 2417/278/10 2418/280/10
f 2487/279/10 2418/280/10 2419/281/10
f 2487/279/10 2419/281/10 2420/282/10
f 2486/283/10 2487/279/10 2420/282/10
f 2486/283/10 2420/282/10 2421/284/10
f 2486/283/10 2421/284/10 2422/285/10
f 2486/283/10 2422/285/10 2423/286/10
f 2486/283/10 2423/286/10 2424/287/10
f 2485/288/10 2486/283/10 2424/287/10
f 2485/288/10 2424/287/10 2425/289/10
f 2484/290/10 2485/288/10 2425/289/10
f 2484/290/10 2425/289/10 2426/291/10
f 2484/290/10 2426/291/10 2427/292/10
f 2483/293/10 2484/290/10 2427/292/10
f 2483/293/10 2427/292/10 2428/294/10
f 2482/295/10 2483/293/10 2428/294/10
f 2482/295/10 2428/294/10 2429/296/10
f 2481/297/10 2482/295/10 2429/296/10
f 2481/297/10 2429/296/10 2459/298/10
f 2459/298/10 2429/296/10 2430/299/10
f 2481/297/10 2459/298/10 2460/300/10
f 2458/301/10 2459/298/10 2430/299/10
f 2458/301/10 2430/299/10 2431/302/10
f 2480/303/10 2481/297/10 2460/300/10
f 2480/303/10 2460/300/10 2461/304/10
f 2457/305/10 2458/301/10 2431/302/10
f 2457/305/10 2431/302/10 2432/306/10
f 2479/307/10 2480/303/10 2461/304/10
f 2479/307/10 2461/304/10 2462/308/10
f 2457/305/10 2432/306/10 2433/309/10
f 2478/310/10 2479/307/10 2462/308/10
f 2478/310/10 2462/308/10 2463/311/10
f 2456/312/10 2457/305/10 2433/309/10
f 2456/312/10 2433/309/10 2434/313/10
f 2478/310/10 2463/311/10 2464/314/10
f 2477/315/10 2478/310/10 2464/314/10
f 2477/315/10 2464/314/10 2465/316/10
f 2476/317/10 2477/315/10 2465/316/10
f 2456/312/10 2434/313/10 2435/318/10
f 2455/319/10 2456/312/10 2435/318/10
f 2476/317/10 2465/316/10 2466/320/10
f 2475/321/10 2476/317/10 2466/320/10
f 2455/319/10 2435/318/10 2436/322/10
f 2475/321/10 2466/320/10 2467/323/10
f 2474/324/10 2475/321/10 2467/323/10
f 2454/325/10 2455/319/10 2436/322/10
f 2474/324/10 2467/323/10 2468/326/10
f 2473/327/10 2474/324/10 2468/326/10
f 2473/327/10 2468/326/10 2469/328/10
f 2454/325/10 2436/322/10 2437/329/10
f 2472/330/10 2473/327/10 2469/328/10
f 2472/330/10 2469/328/10 2470/331/10
f 2471/332/10 2472/330/10 2470/331/10
f 2453/333/10 2454/325/10 2437/329/10
f 2453/333/10 2437/329/10 2438/334/10
f 2453/333/10 2438/334/10 2439/335/10
f 2452/336/10 2453/333/10 2439/335/10
f 2452/336/10 2439/335/10 2440/337/10
f 2451/338/10 2452/336/10 2440/337/10
f 2451/338/10 2440/337/10 2441/339/10
f 2451/338/10 2441/339/10 2442/340/10
f 2450/341/10 2451/338/10 2442/340/10
f 2450/341/10 2442/340/10 2443/342/10
f 2449/343/10 2450/341/10 2443/342/10
f 2449/343/10 2443/342/10 2444/344/10
f 2449/343/10 2444/344/10 2445/345/10
f 2448/346/10 2449/343/10 2445/345/10
f 2448/346/10 2445/345/10 2446/347/10
f 2447/348/10 2448/346/10 2446/347/10
f 2881/349/10 2882/351/10 2883/350/10
f 2880/352/10 2881/349/10 2883/350/10
f 2880/352/10 2883/350/10 2884/353/10
f 2879/354/10 2880/352/10 2884/353/10
f 2879/354/10 2884/353/10 2885/355/10
f 2878/356/10 2879/354/10 2885/355/10
f 2877/357/10 2878/356/10 2885/355/10
f 2877/357/10 2885/355/10 2886/358/10
f 2857/359/10 2858/361/10 2859/360/10
f 2856/362/10 2857/359/10 2859/360/10
f 2856/362/10 2859/360/10 2860/363/10
f 2855/364/10 2856/362/10 2860/363/10
f 2854/365/10 2855/364/10 2860/363/10
f 2854/365/10 2860/363/10 2861/366/10
f 2853/367/10 2854/365/10 2861/366/10
f 2876/368/10 2877/357/10 2886/358/10
f 2852/369/10 2853/367/10 2861/366/10
f 2852/369/10 2861/366/10 2862/370/10
f 2851/371/10 2852/369/10 2862/370/10
f 2876/368/10 2886/358/10 2887/372/10
f 2851/371/10 2862/370/10 2863/373/10
f 2850/374/10 2851/371/10 2863/373/10
f 2875/375/10 2876/368/10 2887/372/10
f 2849/376/10 2850/374/10 2863/373/10
f 2849/376/10 2863/373/10 2864/377/10
f 2848/378/10 2849/376/10 2864/377/10
f 2847/379/10 2848/378/10 2864/377/10
f 2874/380/10 2875/375/10 2887/372/10
f 2874/380/10 2887/372/10 2888/381/10
f 2847/379/10 2864/377/10 2865/382/10
f 2846/383/10 2847/379/10 2865/382/10
f 2845/384/10 2846/383/10 2865/382/10
f 2845/384/10 2865/382/10 2866/385/10
f 2873/386/10 2874/380/10 2888/381/10
f 2844/387/10 2845/384/10 2866/385/10
f 2873/386/10 2888/381/10 2889/388/10
f 2843/389/10 2844/387/10 2866/385/10
f 2843/389/10 2866/385/10 2867/390/10
f 2872/391/10 2873/386/10 2889/388/10
f 2842/392/10 2843/389/10 2867/390/10
f 2842/392/10 2867/390/10 2868/393/10
f 2841/394/10 2842/392/10 2868/393/10
f 2840/395/10 2841/394/10 2868/393/10
f 2872/391/10 2889/388/10 2890/396/10
f 2871/397/10 2872/391/10 2890/396/10
f 2840/395/10 2868/393/10 2869/398/10
f 2839/399/10 2840/395/10 2869/398/10
f 2838/400/10 2839/399/10 2869/398/10
f 2870/401/10 2871/397/10 2890/396/10
f 2837/402/10 2838/400/10 2869/398/10
f 2837/402/10 2869/398/10 2870/401/10
f 2870/401/10 2890/396/10 2891/403/10
f 2836/404/10 2837/402/10 2870/401/10
f 2835/405/10 2836/404/10 2870/401/10
f 2835/405/10 2870/401/10 2891/403/10
f 2834/406/10 2835/405/10 2891/403/10
f 2833/407/10 2834/406/10 2891/403/10
f 2833/407/10 2891/403/10 2892/408/10
f 2832/409/10 2833/407/10 2892/408/10
f 2831/410/10 2832/409/10 2892/408/10
f 2830/411/10 2831/410/10 2892/408/10
f 2829/412/10 2830/411/10 2892/408/10
f 2828/413/10 2829/412/10 2892/408/10
f 2828/413/10 2892/408/10 2893/73/10
f 2827/414/10 2828/413/10 2893/73/10
f 2826/415/10 2827/414/10 2893/73/10
f 2825/416/10 2826/415/10 2893/73/10
f 2824/417/10 2825/416/10 2893/73/10
f 2823/418/10 2824/417/10 2893/73/10
f 2823/418/10 2893/73/10 2748/419/10
f 2748/419/10 2893/73/10 2711/76/10
f 2822/420/10 2823/418/10 2748/419/10
f 2821/421/10 2822/420/10 2748/419/10
f 2820/422/10 2821/421/10 2748/419/10
f 2820/422/10 2748/419/10 2749/423/10
f 2747/424/10 2748/419/10 2711/76/10
f 2819/425/10 2820/422/10 2749/423/10
f 2819/425/10 2749/423/10 2750/426/10
f 2747/424/10 2711/76/10 2712/427/10
f 2818/428/10 2819/425/10 2750/426/10
f 2818/428/10 2750/426/10 2751/429/10
f 2747/424/10 2712/427/10 2713/430/10
f 2817/431/10 2818/428/10 2751/429/10
f 2747/424/10 2713/430/10 2714/432/10
f 2817/431/10 2751/429/10 2752/433/10
f 2816/434/10 2817/431/10 2752/433/10
f 2747/424/10 2714/432/10 2715/435/10
f 2815/436/10 2816/434/10 2752/433/10
f 2747/424/10 2715/435/10 2716/437/10
f 2815/436/10 2752/433/10 2753/438/10
f 2747/424/10 2716/437/10 2717/439/10
f 2814/440/10 2815/436/10 2753/438/10
f 2747/424/10 2717/439/10 2718/441/10
f 2813/442/10 2814/440/10 2753/438/10
f 2813/442/10 2753/438/10 2754/443/10
f 2747/424/10 2718/441/10 2719/444/10
f 2812/445/10 2813/442/10 2754/443/10
f 2747/424/10 2719/444/10 2720/446/10
f 2747/424/10 2720/446/10 2721/447/10
f 2811/448/10 2812/445/10 2754/443/10
f 2747/424/10 2721/447/10 2722/449/10
f 2810/450/10 2811/448/10 2754/443/10
f 2747/424/10 2722/449/10 2723/451/10
f 2810/450/10 2754/443/10 2755/452/10
f 2747/424/10 2723/451/10 2724/453/10
f 2809/454/10 2810/450/10 2760/455/10
f 2760/455/10 2810/450/10 2759/456/10
f 2759/456/10 2810/450/10 2758/457/10
f 2758/457/10 2810/450/10 2757/458/10
f 2757/458/10 2810/450/10 2756/459/10
f 2756/459/10 2810/450/10 2755/452/10
f 2746/460/10 2747/424/10 2724/453/10
f 2746/460/10 2724/453/10 2725/461/10
f 2745/462/10 2746/460/10 2725/461/10
f 2745/462/10 2725/461/10 2726/463/10
f 2744/464/10 2745/462/10 2726/463/10
f 2744/464/10 2726/463/10 2727/465/10
f 2743/466/10 2744/464/10 2727/465/10
f 2743/466/10 2727/465/10 2728/467/10
f 2742/468/10 2743/466/10 2728/467/10
f 2742/468/10 2728/467/10 2729/469/10
f 2741/470/10 2742/468/10 2729/469/10
f 2741/470/10 2729/469/10 2730/471/10
f 2740/472/10 2741/470/10 2730/471/10
f 2740/472/10 2730/471/10 2731/473/10
f 2739/474/10 2740/472/10 2731/473/10
f 2739/474/10 2731/473/10 2732/475/10
f 2738/476/10 2739/474/10 2732/475/10
f 2738/476/10 2732/475/10 2733/477/10
f 2737/478/10 2738/476/10 2733/477/10
f 2737/478/10 2733/477/10 2734/479/10
f 2736/480/10 2737/478/10 2734/479/10
f 2736/480/10 2734/479/10 2735/481/10
f 2809/454/10 2760/455/10 2761/482/10
f 2808/483/10 2809/454/10 2761/482/10
f 2808/483/10 2761/482/10 2762/484/10
f 2807/485/10 2808/483/10 2762/484/10
f 2807/485/10 2762/484/10 2763/486/10
f 2806/487/10 2807/485/10 2763/486/10
f 2806/487/10 2763/486/10 2764/488/10
f 2805/489/10 2806/487/10 2764/488/10
f 2805/489/10 2764/488/10 2765/490/10
f 2804/491/10 2805/489/10 2765/490/10
f 2804/491/10 2765/490/10 2766/492/10
f 2803/493/10 2804/491/10 2766/492/10
f 2803/493/10 2766/492/10 2767/494/10
f 2802/495/10 2803/493/10 2767/494/10
f 2802/495/10 2767/494/10 2768/496/10
f 2801/497/10 2802/495/10 2768/496/10
f 2801/497/10 2768/496/10 2769/498/10
f 2800/499/10 2801/497/10 2769/498/10
f 2800/499/10 2769/498/10 2770/500/10
f 2799/501/10 2800/499/10 2770/500/10
f 2799/501/10 2770/500/10 2771/502/10
f 2798/503/10 2799/501/10 2771/502/10
f 2798/503/10 2771/502/10 2772/504/10
f 2797/505/10 2798/503/10 2772/504/10
f 2797/505/10 2772/504/10 2773/506/10
f 2796/507/10 2797/505/10 2773/506/10
f 2796/507/10 2773/506/10 2774/508/10
f 2795/509/10 2796/507/10 2774/508/10
f 2795/509/10 2774/508/10 2775/510/10
f 2794/511/10 2795/509/10 2775/510/10
f 2794/511/10 2775/510/10 2776/512/10
f 2793/513/10 2794/511/10 2776/512/10
f 2793/513/10 2776/512/10 2777/514/10
f 2792/515/10 2793/513/10 2777/514/10
f 2792/515/10 2777/514/10 2778/516/10
f 2791/517/10 2792/515/10 2778/516/10
f 2791/517/10 2778/516/10 2779/518/10
f 2790/519/10 2791/517/10 2779/518/10
f 2790/519/10 2779/518/10 2780/520/10
f 2789/521/10 2790/519/10 2780/520/10
f 2789/521/10 2780/520/10 2781/522/10
f 2788/523/10 2789/521/10 2781/522/10
f 2788/523/10 2781/522/10 2782/524/10
f 2787/525/10 2788/523/10 2782/524/10
f 2787/525/10 2782/524/10 2783/526/10
f 2786/527/10 2787/525/10 2783/526/10
f 2786/527/10 2783/526/10 2784/528/10
f 2785/529/10 2786/527/10 2784/528/10
f 2989/530/10 2990/532/10 2991/531/10
f 2989/530/10 2991/531/10 2992/533/10
f 2988/534/10 2989/530/10 2992/533/10
f 2988/534/10 2992/533/10 2993/535/10
f 2988/534/10 2993/535/10 2994/536/10
f 2987/537/10 2988/534/10 2994/536/10
f 2987/537/10 2994/536/10 2995/538/10
f 2987/537/10 2995/538/10 2996/539/10
f 2986/540/10 2987/537/10 2996/539/10
f 2986/540/10 2996/539/10 2997/541/10
f 2986/540/10 2997/541/10 2998/542/10
f 2985/543/10 2986/540/10 2998/542/10
f 2985/543/10 2998/542/10 2999/544/10
f 2984/545/10 2985/543/10 2999/544/10
f 2984/545/10 2999/544/10 3000/546/10
f 2984/545/10 3000/546/10 3001/547/10
f 2983/548/10 2984/545/10 3001/547/10
f 2983/548/10 3001/547/10 3002/549/10
f 2983/548/10 3002/549/10 3003/550/10
f 2982/551/10 2983/548/10 3003/550/10
f 2982/551/10 3003/550/10 3004/552/10
f 2981/553/10 2982/551/10 3004/552/10
f 2981/553/10 3004/552/10 3005/554/10
f 2981/553/10 3005/554/10 3006/555/10
f 2980/556/10 2981/553/10 3006/555/10
f 2980/556/10 3006/555/10 3007/557/10
f 2980/556/10 3007/557/10 3008/558/10
f 2979/559/10 2980/556/10 3008/558/10
f 2979/559/10 3008/558/10 3009/560/10
f 2979/559/10 3009/560/10 3010/561/10
f 2978/562/10 2979/559/10 3010/561/10
f 2978/562/10 3010/561/10 3011/563/10
f 2978/562/10 3011/563/10 3012/564/10
f 2977/565/10 2978/562/10 3012/564/10
f 2977/565/10 3012/564/10 3013/566/10
f 2977/565/10 3013/566/10 3014/567/10
f 2976/568/10 2977/565/10 3014/567/10
f 2976/568/10 3014/567/10 3015/569/10
f 2976/568/10 3015/569/10 3016/570/10
f 2976/568/10 3016/570/10 3017/571/10
f 2976/568/10 3017/571/10 3018/572/10
f 2976/568/10 3018/572/10 3019/573/10
f 2975/574/10 2976/568/10 3159/575/10
f 3159/575/10 2976/568/10 3158/576/10
f 3158/576/10 2976/568/10 3019/573/10
f 3158/576/10 3019/573/10 3020/577/10
f 3158/576/10 3020/577/10 3021/578/10
f 3157/579/10 3158/576/10 3021/578/10
f 3156/580/10 3157/579/10 3021/578/10
f 3155/581/10 3156/580/10 3021/578/10
f 3154/582/10 3155/581/10 3021/578/10
f 3153/583/10 3154/582/10 3021/578/10
f 2975/574/10 3159/575/10 3160/584/10
f 3152/585/10 3153/583/10 3021/578/10
f 3151/586/10 3152/585/10 3021/578/10
f 3150/587/10 3151/586/10 3021/578/10
f 3149/588/10 3150/587/10 3021/578/10
f 3148/589/10 3149/588/10 3021/578/10
f 2975/574/10 3160/584/10 3161/590/10
f 3147/591/10 3148/589/10 3021/578/10
f 3146/592/10 3147/591/10 3021/578/10
f 3145/593/10 3146/592/10 3021/578/10
f 3145/593/10 3021/578/10 3022/594/10
f 3144/595/10 3145/593/10 3022/594/10
f 3143/596/10 3144/595/10 3022/594/10
f 2975/574/10 3161/590/10 3162/597/10
f 3142/598/10 3143/596/10 3022/594/10
f 3141/599/10 3142/598/10 3022/594/10
f 3140/600/10 3141/599/10 3022/594/10
f 3140/600/10 3022/594/10 3023/601/10
f 3139/602/10 3140/600/10 3023/601/10
f 3138/603/10 3139/602/10 3023/601/10
f 2975/574/10 3162/597/10 3163/604/10
f 3137/605/10 3138/603/10 3023/601/10
f 3136/606/10 3137/605/10 3023/601/10
f 3136/606/10 3023/601/10 3024/607/10
f 3135/608/10 3136/606/10 3024/607/10
f 3134/609/10 3135/608/10 3024/607/10
f 2975/574/10 3163/604/10 3164/610/10
f 3133/611/10 3134/609/10 3024/607/10
f 3133/611/10 3024/607/10 3025/612/10
f 2974/613/10 2975/574/10 3164/610/10
f 3133/611/10 3025/612/10 3026/614/10
f 2974/613/10 3164/610/10 3165/615/10
f 3132/616/10 3133/611/10 3026/614/10
f 3132/616/10 3026/614/10 3027/617/10
f 3131/618/10 3132/616/10 3027/617/10
f 3131/618/10 3027/617/10 3028/619/10
f 2974/613/10 3165/615/10 3166/620/10
f 3131/618/10 3028/619/10 3029/621/10
f 3130/622/10 3131/618/10 3029/621/10
f 2974/613/10 3166/620/10 3167/623/10
f 3130/622/10 3029/621/10 3030/624/10
f 3129/625/10 3130/622/10 3030/624/10
f 2973/626/10 2974/613/10 3167/623/10
f 3129/625/10 3030/624/10 3031/627/10
f 3128/628/10 3129/625/10 3031/627/10
f 2973/626/10 3167/623/10 3168/629/10
f 3128/628/10 3031/627/10 3032/630/10
f 3127/631/10 3128/628/10 3032/630/10
f 2973/626/10 3168/629/10 3169/632/10
f 3127/631/10 3032/630/10 3033/633/10
f 3126/634/10 3127/631/10 3033/633/10
f 3126/634/10 3033/633/10 3034/635/10
f 3125/636/10 3126/634/10 3034/635/10
f 2972/637/10 2973/626/10 3169/632/10
f 2972/637/10 3169/632/10 3170/638/10
f 3124/639/10 3125/636/10 3034/635/10
f 3124/639/10 3034/635/10 3035/640/10
f 3123/641/10 3124/639/10 3035/640/10
f 3123/641/10 3035/640/10 3036/642/10
f 3122/643/10 3123/641/10 3036/642/10
f 2972/637/10 3170/638/10 3171/644/10
f 3122/643/10 3036/642/10 3037/645/10
f 3121/646/10 3122/643/10 3037/645/10
f 3120/647/10 3121/646/10 3037/645/10
f 3120/647/10 3037/645/10 3038/648/10
f 2971/649/10 2972/637/10 3171/644/10
f 2971/649/10 3171/644/10 3172/650/10
f 3119/651/10 3120/647/10 3038/648/10
f 3119/651/10 3038/648/10 3039/652/10
f 3118/653/10 3119/651/10 3039/652/10
f 3117/654/10 3118/653/10 3039/652/10
f 3117/654/10 3039/652/10 3040/655/10
f 2971/649/10 3172/650/10 3173/656/10
f 3116/657/10 3117/654/10 3040/655/10
f 3116/657/10 3040/655/10 3041/658/10
f 3115/659/10 3116/657/10 3041/658/10
f 2970/660/10 2971/649/10 3173/656/10
f 3114/661/10 3115/659/10 3041/658/10
f 3114/661/10 3041/658/10 3042/662/10
f 2970/660/10 3173/656/10 3174/663/10
f 3113/664/10 3114/661/10 3042/662/10
f 3112/665/10 3113/664/10 3042/662/10
f 3112/665/10 3042/662/10 3043/666/10
f 3111/667/10 3112/665/10 3043/666/10
f 3110/668/10 3111/667/10 3043/666/10
f 2970/660/10 3174/663/10 3175/669/10
f 3110/668/10 3043/666/10 3044/670/10
f 3109/671/10 3110/668/10 3044/670/10
f 2969/672/10 2970/660/10 3175/669/10
f 3109/671/10 3044/670/10 3045/673/10
f 2969/672/10 3175/669/10 3176/674/10
f 3108/675/10 3109/671/10 3045/673/10
f 3108/675/10 3045/673/10 3046/676/10
f 3108/675/10 3046/676/10 3047/677/10
f 2969/672/10 3176/674/10 3177/678/10
f 3107/679/10 3108/675/10 3047/677/10
f 2968/680/10 2969/672/10 3177/678/10
f 3107/679/10 3047/677/10 3048/681/10
f 2968/680/10 3177/678/10 3178/682/10
f 3107/679/10 3048/681/10 3049/683/10
f 3106/684/10 3107/679/10 3049/683/10
f 3106/684/10 3049/683/10 3050/685/10
f 2968/680/10 3178/682/10 3179/686/10
f 2967/687/10 2968/680/10 3179/686/10
f 3106/684/10 3050/685/10 3051/688/10
f 3105/689/10 3106/684/10 3051/688/10
f 2967/687/10 3179/686/10 3180/690/10
f 3105/689/10 3051/688/10 3052/691/10
f 3104/692/10 3105/689/10 3052/691/10
f 2966/693/10 2967/687/10 3180/690/10
f 2966/693/10 3180/690/10 3181/694/10
f 2966/693/10 3181/694/10 3182/695/10
f 3104/692/10 3052/691/10 3053/696/10
f 3103/697/10 3104/692/10 3053/696/10
f 2965/698/10 2966/693/10 3182/695/10
f 2965/698/10 3182/695/10 3183/699/10
f 3103/697/10 3053/696/10 3054/700/10
f 3102/701/10 3103/697/10 3054/700/10
f 2965/698/10 3183/699/10 3184/702/10
f 3102/701/10 3054/700/10 3055/703/10
f 2964/704/10 2965/698/10 3184/702/10
f 3101/705/10 3102/701/10 3055/703/10
f 2964/704/10 3184/702/10 3185/706/10
f 3101/705/10 3055/703/10 3056/707/10
f 2964/704/10 3185/706/10 3186/708/10
f 2963/709/10 2964/704/10 3186/708/10
f 3100/710/10 3101/705/10 3056/707/10
f 2963/709/10 3186/708/10 3187/711/10
f 3100/710/10 3056/707/10 3057/712/10
f 2963/709/10 3187/711/10 3188/713/10
f 3100/710/10 3057/712/10 3058/714/10
f 3099/715/10 3100/710/10 3058/714/10
f 2962/716/10 2963/709/10 3188/713/10
f 2962/716/10 3188/713/10 3189/717/10
f 3099/715/10 3058/714/10 3059/718/10
f 2962/716/10 3189/717/10 3190/719/10
f 3099/715/10 3059/718/10 3060/720/10
f 2961/721/10 2962/716/10 3190/719/10
f 2961/721/10 3190/719/10 3191/722/10
f 3098/723/10 3099/715/10 3060/720/10
f 3098/723/10 3060/720/10 3061/724/10
f 2961/721/10 3191/722/10 3192/725/10
f 2961/721/10 3192/725/10 3193/726/10
f 3098/723/10 3061/724/10 3062/727/10
f 2960/728/10 2961/721/10 3193/726/10
f 3229/73/10 3098/723/10 3062/727/10
f 2960/728/10 3193/726/10 3194/729/10
f 3229/73/10 3062/727/10 3063/730/10
f 3228/731/10 3229/73/10 3063/730/10
f 3228/731/10 3063/730/10 3064/732/10
f 3228/731/10 3064/732/10 3065/733/10
f 3227/734/10 3228/731/10 3065/733/10
f 2960/728/10 3194/729/10 3195/735/10
f 3227/734/10 3065/733/10 3066/736/10
f 3226/737/10 3227/734/10 3066/736/10
f 3226/737/10 3066/736/10 3067/738/10
f 2960/728/10 3195/735/10 3196/739/10
f 3225/740/10 3226/737/10 3067/738/10
f 3225/740/10 3067/738/10 3068/741/10
f 2959/742/10 2960/728/10 3196/739/10
f 3224/743/10 3225/740/10 3068/741/10
f 2959/742/10 3196/739/10 3197/744/10
f 3223/745/10 3224/743/10 3068/741/10
f 3223/745/10 3068/741/10 3069/746/10
f 3222/747/10 3223/745/10 3069/746/10
f 2959/742/10 3197/744/10 3198/748/10
f 3221/749/10 3222/747/10 3069/746/10
f 3221/749/10 3069/746/10 3070/750/10
f 3220/751/10 3221/749/10 3070/750/10
f 2959/742/10 3198/748/10 3199/752/10
f 3219/753/10 3220/751/10 3070/750/10
f 3219/753/10 3070/750/10 3071/754/10
f 3218/755/10 3219/753/10 3071/754/10
f 2959/742/10 3199/752/10 3200/756/10
f 2958/757/10 2959/742/10 3200/756/10
f 3217/758/10 3218/755/10 3071/754/10
f 3216/759/10 3217/758/10 3071/754/10
f 2958/757/10 3200/756/10 3201/760/10
f 3215/761/10 3216/759/10 3071/754/10
f 3215/761/10 3071/754/10 3072/762/10
f 2958/757/10 3201/760/10 3202/763/10
f 3214/764/10 3215/761/10 3072/762/10
f 3213/765/10 3214/764/10 3072/762/10
f 2958/757/10 3202/763/10 3203/766/10
f 3212/767/10 3213/765/10 3072/762/10
f 3211/768/10 3212/767/10 3072/762/10
f 2958/757/10 3203/766/10 3204/769/10
f 3210/770/10 3211/768/10 3072/762/10
f 3209/771/10 3210/770/10 3072/762/10
f 2958/757/10 3204/769/10 3205/772/10
f 3208/773/10 3209/771/10 3072/762/10
f 3208/773/10 3072/762/10 3073/774/10
f 3207/775/10 3208/773/10 3073/774/10
f 2958/757/10 3205/772/10 3206/776/10
f 3206/776/10 3207/775/10 3073/774/10
f 2958/757/10 3206/776/10 3073/774/10
f 2957/777/10 2958/757/10 3073/774/10
f 2957/777/10 3073/774/10 3074/778/10
f 2957/777/10 3074/778/10 3075/779/10
f 2956/780/10 2957/777/10 3075/779/10
f 2956/780/10 3075/779/10 3076/781/10
f 2956/780/10 3076/781/10 3077/782/10
f 2955/783/10 2956/780/10 3077/782/10
f 2955/783/10 3077/782/10 3078/784/10
f 2955/783/10 3078/784/10 3079/785/10
f 2954/786/10 2955/783/10 3079/785/10
f 2954/786/10 3079/785/10 3080/787/10
f 2954/786/10 3080/787/10 3081/788/10
f 2954/786/10 3081/788/10 3082/789/10
f 2953/790/10 2954/786/10 3082/789/10
f 2953/790/10 3082/789/10 3083/791/10
f 2953/790/10 3083/791/10 3084/792/10
f 2953/790/10 3084/792/10 3085/793/10
f 2953/790/10 3085/793/10 3086/794/10
f 2953/790/10 3086/794/10 3087/795/10
f 2952/796/10 2953/790/10 3087/795/10
f 2952/796/10 3087/795/10 3088/797/10
f 2952/796/10 3088/797/10 2918/798/10
f 2918/798/10 3088/797/10 3089/799/10
f 2951/800/10 2952/796/10 2918/798/10
f 2951/800/10 2918/798/10 2919/801/10
f 2917/802/10 2918/798/10 3089/799/10
f 2917/802/10 3089/799/10 3090/803/10
f 2951/800/10 2919/801/10 2920/804/10
f 2917/802/10 3090/803/10 3091/805/10
f 2951/800/10 2920/804/10 2921/806/10
f 2916/807/10 2917/802/10 3091/805/10
f 2950/808/10 2951/800/10 2921/806/10
f 2916/807/10 3091/805/10 3092/809/10
f 2950/808/10 2921/806/10 2922/810/10
f 2916/807/10 3092/809/10 3093/811/10
f 2950/808/10 2922/810/10 2923/812/10
f 2915/813/10 2916/807/10 3093/811/10
f 2949/814/10 2950/808/10 2923/812/10
f 2915/813/10 3093/811/10 3094/815/10
f 2949/814/10 2923/812/10 2924/816/10
f 2949/814/10 2924/816/10 2925/817/10
f 2915/813/10 3094/815/10 3095/818/10
f 2914/819/10 2915/813/10 3095/818/10
f 2949/814/10 2925/817/10 2926/820/10
f 2948/821/10 2949/814/10 2926/820/10
f 2914/819/10 3095/818/10 3096/822/10
f 2948/821/10 2926/820/10 2927/823/10
f 2914/819/10 3096/822/10 3097/824/10
f 2948/821/10 2927/823/10 2928/825/10
f 2913/826/10 2914/819/10 3097/824/10
f 2947/827/10 2948/821/10 2928/825/10
f 2947/827/10 2928/825/10 2929/828/10
f 2913/826/10 3097/824/10 2894/76/10
f 2947/827/10 2929/828/10 2930/829/10
f 2913/826/10 2894/76/10 2895/830/10
f 2912/831/10 2913/826/10 2895/830/10
f 2947/827/10 2930/829/10 2931/832/10
f 2946/833/10 2947/827/10 2931/832/10
f 2946/833/10 2931/832/10 2932/834/10
f 2912/831/10 2895/830/10 2896/835/10
f 2946/833/10 2932/834/10 2933/836/10
f 2945/837/10 2946/833/10 2933/836/10
f 2911/838/10 2912/831/10 2896/835/10
f 2911/838/10 2896/835/10 2897/839/10
f 2945/837/10 2933/836/10 2934/840/10
f 2945/837/10 2934/840/10 2935/841/10
f 2911/838/10 2897/839/10 2898/842/10
f 2944/843/10 2945/837/10 2935/841/10
f 2944/843/10 2935/841/10 2936/844/10
f 2910/845/10 2911/838/10 2898/842/10
f 2944/843/10 2936/844/10 2937/846/10
f 2910/845/10 2898/842/10 2899/847/10
f 2944/843/10 2937/846/10 2938/848/10
f 2943/849/10 2944/843/10 2938/848/10
f 2943/849/10 2938/848/10 2939/850/10
f 2943/849/10 2939/850/10 2940/851/10
f 2910/845/10 2899/847/10 2900/852/10
f 2942/853/10 2943/849/10 2940/851/10
f 2942/853/10 2940/851/10 2941/854/10
f 2909/855/10 2910/845/10 2900/852/10
f 2909/855/10 2900/852/10 2901/856/10
f 2908/857/10 2909/855/10 2901/856/10
f 2908/857/10 2901/856/10 2902/858/10
f 2908/857/10 2902/858/10 2903/859/10
f 2907/860/10 2908/857/10 2903/859/10
f 2907/860/10 2903/859/10 2904/861/10
f 2907/860/10 2904/861/10 2905/862/10
f 2906/863/10 2907/860/10 2905/862/10
f 3422/864/10 3423/866/10 3424/865/10
f 3421/867/10 3422/864/10 3424/865/10
f 3421/867/10 3424/865/10 3425/868/10
f 3420/869/10 3421/867/10 3425/868/10
f 3420/869/10 3425/868/10 3426/870/10
f 3419/871/10 3420/869/10 3426/870/10
f 3419/871/10 3426/870/10 3427/872/10
f 3361/873/10 3362/875/10 3363/874/10
f 3360/876/10 3361/873/10 3363/874/10
f 3360/876/10 3363/874/10 3364/877/10
f 3418/878/10 3419/871/10 3427/872/10
f 3359/879/10 3360/876/10 3364/877/10
f 3359/879/10 3364/877/10 3365/880/10
f 3418/878/10 3427/872/10 3428/881/10
f 3358/882/10 3359/879/10 3365/880/10
f 3358/882/10 3365/880/10 3366/883/10
f 3357/884/10 3358/882/10 3366/883/10
f 3417/885/10 3418/878/10 3428/881/10
f 3357/884/10 3366/883/10 3367/886/10
f 3356/887/10 3357/884/10 3367/886/10
f 3417/885/10 3428/881/10 3429/888/10
f 3356/887/10 3367/886/10 3368/889/10
f 3355/890/10 3356/887/10 3368/889/10
f 3416/891/10 3417/885/10 3429/888/10
f 3355/890/10 3368/889/10 3369/892/10
f 3354/893/10 3355/890/10 3369/892/10
f 3416/891/10 3429/888/10 3430/894/10
f 3354/893/10 3369/892/10 3370/895/10
f 3353/896/10 3354/893/10 3370/895/10
f 3415/897/10 3416/891/10 3430/894/10
f 3352/898/10 3353/896/10 3370/895/10
f 3352/898/10 3370/895/10 3371/899/10
f 3415/897/10 3430/894/10 3431/900/10
f 3414/901/10 3415/897/10 3431/900/10
f 3351/902/10 3352/898/10 3371/899/10
f 3351/902/10 3371/899/10 3372/903/10
f 3414/901/10 3431/900/10 3432/904/10
f 3350/905/10 3351/902/10 3372/903/10
f 3350/905/10 3372/903/10 3373/906/10
f 3413/907/10 3414/901/10 3432/904/10
f 3349/908/10 3350/905/10 3373/906/10
f 3349/908/10 3373/906/10 3374/909/10
f 3413/907/10 3432/904/10 3433/910/10
f 3348/911/10 3349/908/10 3374/909/10
f 3412/912/10 3413/907/10 3433/910/10
f 3348/911/10 3374/909/10 3375/913/10
f 3347/914/10 3348/911/10 3375/913/10
f 3412/912/10 3433/910/10 3434/915/10
f 3411/916/10 3412/912/10 3434/915/10
f 3347/914/10 3375/913/10 3376/917/10
f 3346/918/10 3347/914/10 3376/917/10
f 3411/916/10 3434/915/10 3435/919/10
f 3346/918/10 3376/917/10 3377/920/10
f 3410/921/10 3411/916/10 3435/919/10
f 3345/922/10 3346/918/10 3377/920/10
f 3345/922/10 3377/920/10 3378/923/10
f 3410/921/10 3435/919/10 3436/924/10
f 3344/925/10 3345/922/10 3378/923/10
f 3410/921/10 3436/924/10 3437/926/10
f 3344/925/10 3378/923/10 3379/927/10
f 3343/928/10 3344/925/10 3379/927/10
f 3410/921/10 3437/926/10 3438/929/10
f 3410/921/10 3438/929/10 3439/930/10
f 3343/928/10 3379/927/10 3380/931/10
f 3342/932/10 3343/928/10 3380/931/10
f 3410/921/10 3439/930/10 3440/933/10
f 3342/932/10 3380/931/10 3381/934/10
f 3410/921/10 3440/933/10 3441/935/10
f 3341/936/10 3342/932/10 3381/934/10
f 3410/921/10 3441/935/10 3442/937/10
f 3341/936/10 3381/934/10 3382/938/10
f 3340/939/10 3341/936/10 3382/938/10
f 3410/921/10 3442/937/10 3443/940/10
f 3339/941/10 3340/939/10 3382/938/10
f 3339/941/10 3382/938/10 3383/942/10
f 3410/921/10 3443/940/10 3444/943/10
f 3410/921/10 3444/943/10 3445/944/10
f 3338/945/10 3339/941/10 3383/942/10
f 3338/945/10 3383/942/10 3384/946/10
f 3410/921/10 3445/944/10 3446/947/10
f 3337/948/10 3338/945/10 3384/946/10
f 3409/949/10 3410/921/10 3446/947/10
f 3337/948/10 3384/946/10 3385/950/10
f 3409/949/10 3446/947/10 3447/951/10
f 3336/952/10 3337/948/10 3385/950/10
f 3409/949/10 3447/951/10 3448/953/10
f 3335/954/10 3336/952/10 3385/950/10
f 3335/954/10 3385/950/10 3386/955/10
f 3408/956/10 3409/949/10 3448/953/10
f 3334/957/10 3335/954/10 3386/955/10
f 3334/957/10 3386/955/10 3387/958/10
f 3333/959/10 3334/957/10 3387/958/10
f 3408/956/10 3448/953/10 3449/960/10
f 3407/961/10 3408/956/10 3449/960/10
f 3332/962/10 3333/959/10 3387/958/10
f 3332/962/10 3387/958/10 3388/963/10
f 3331/964/10 3332/962/10 3388/963/10
f 3406/965/10 3407/961/10 3449/960/10
f 3330/966/10 3331/964/10 3388/963/10
f 3330/966/10 3388/963/10 3389/967/10
f 3406/965/10 3449/960/10 3450/968/10
f 3329/969/10 3330/966/10 3389/967/10
f 3329/969/10 3389/967/10 3390/970/10
f 3328/971/10 3329/969/10 3390/970/10
f 3405/972/10 3406/965/10 3450/968/10
f 3405/972/10 3450/968/10 3451/973/10
f 3327/974/10 3328/971/10 3390/970/10
f 3327/974/10 3390/970/10 3391/975/10
f 3326/976/10 3327/974/10 3391/975/10
f 3404/977/10 3405/972/10 3451/973/10
f 3325/978/10 3326/976/10 3391/975/10
f 3324/979/10 3325/978/10 3391/975/10
f 3404/977/10 3451/973/10 3520/980/10
f 3520/980/10 3451/973/10 3452/981/10
f 3324/979/10 3391/975/10 3392/982/10
f 3323/983/10 3324/979/10 3392/982/10
f 3404/977/10 3520/980/10 3521/984/10
f 3519/985/10 3520/980/10 3452/981/10
f 3403/986/10 3404/977/10 3521/984/10
f 3322/987/10 3323/983/10 3392/982/10
f 3403/986/10 3521/984/10 3522/988/10
f 3322/987/10 3392/982/10 3242/989/10
f 3242/989/10 3392/982/10 3393/990/10
f 3321/991/10 3322/987/10 3242/989/10
f 3321/991/10 3242/989/10 3243/992/10
f 3241/993/10 3242/989/10 3393/990/10
f 3519/985/10 3452/981/10 3453/994/10
f 3403/986/10 3522/988/10 3523/995/10
f 3518/996/10 3519/985/10 3453/994/10
f 3320/997/10 3321/991/10 3243/992/10
f 3402/998/10 3403/986/10 3523/995/10
f 3320/997/10 3243/992/10 3244/999/10
f 3402/998/10 3523/995/10 3524/1000/10
f 3241/993/10 3393/990/10 3394/1001/10
f 3240/1002/10 3241/993/10 3394/1001/10
f 3319/1003/10 3320/997/10 3244/999/10
f 3319/1003/10 3244/999/10 3245/1004/10
f 3402/998/10 3524/1000/10 3525/1005/10
f 3517/1006/10 3518/996/10 3453/994/10
f 3517/1006/10 3453/994/10 3454/1007/10
f 3401/1008/10 3402/998/10 3525/1005/10
f 3318/1009/10 3319/1003/10 3245/1004/10
f 3240/1002/10 3394/1001/10 3395/1010/10
f 3318/1009/10 3245/1004/10 3246/1011/10
f 3239/1012/10 3240/1002/10 3395/1010/10
f 3401/1008/10 3525/1005/10 3526/1013/10
f 3516/1014/10 3517/1006/10 3454/1007/10
f 3317/1015/10 3318/1009/10 3246/1011/10
f 3317/1015/10 3246/1011/10 3247/1016/10
f 3516/1014/10 3454/1007/10 3455/1017/10
f 3400/1018/10 3401/1008/10 3526/1013/10
f 3400/1018/10 3526/1013/10 3527/1019/10
f 3239/1012/10 3395/1010/10 3396/1020/10
f 3238/1021/10 3239/1012/10 3396/1020/10
f 3317/1015/10 3247/1016/10 3248/1022/10
f 3316/1023/10 3317/1015/10 3248/1022/10
f 3515/1024/10 3516/1014/10 3455/1017/10
f 3400/1018/10 3527/1019/10 3528/1025/10
f 3399/1026/10 3400/1018/10 3528/1025/10
f 3238/1021/10 3396/1020/10 3397/1027/10
f 3237/1028/10 3238/1021/10 3397/1027/10
f 3515/1024/10 3455/1017/10 3456/1029/10
f 3316/1023/10 3248/1022/10 3249/1030/10
f 3399/1026/10 3528/1025/10 3529/1031/10
f 3315/1032/10 3316/1023/10 3249/1030/10
f 3514/1033/10 3515/1024/10 3456/1029/10
f 3236/1034/10 3237/1028/10 3397/1027/10
f 3398/1035/10 3399/1026/10 3529/1031/10
f 3236/1034/10 3397/1027/10 3398/1035/10
f 3514/1033/10 3456/1029/10 3457/1036/10
f 3398/1035/10 3529/1031/10 3530/1037/10
f 3315/1032/10 3249/1030/10 3250/1038/10
f 3513/1039/10 3514/1033/10 3457/1036/10
f 3314/1040/10 3315/1032/10 3250/1038/10
f 3235/1041/10 3236/1034/10 3398/1035/10
f 3235/1041/10 3398/1035/10 3530/1037/10
f 3235/1041/10 3530/1037/10 3531/1042/10
f 3314/1040/10 3250/1038/10 3251/1043/10
f 3513/1039/10 3457/1036/10 3458/1044/10
f 3512/1045/10 3513/1039/10 3458/1044/10
f 3313/1046/10 3314/1040/10 3251/1043/10
f 3234/1047/10 3235/1041/10 3531/1042/10
f 3234/1047/10 3531/1042/10 3532/1048/10
f 3313/1046/10 3251/1043/10 3252/1049/10
f 3511/1050/10 3512/1045/10 3458/1044/10
f 3511/1050/10 3458/1044/10 3459/1051/10
f 3312/1052/10 3313/1046/10 3252/1049/10
f 3233/1053/10 3234/1047/10 3532/1048/10
f 3510/1054/10 3511/1050/10 3459/1051/10
f 3233/1053/10 3532/1048/10 3533/1055/10
f 3312/1052/10 3252/1049/10 3253/1056/10
f 3311/1057/10 3312/1052/10 3253/1056/10
f 3510/1054/10 3459/1051/10 3460/1058/10
f 3232/1059/10 3233/1053/10 3533/1055/10
f 3509/1060/10 3510/1054/10 3460/1058/10
f 3310/1061/10 3311/1057/10 3253/1056/10
f 3310/1061/10 3253/1056/10 3254/1062/10
f 3508/1063/10 3509/1060/10 3460/1058/10
f 3508/1063/10 3460/1058/10 3461/1064/10
f 3231/1065/10 3232/1059/10 3533/1055/10
f 3309/1066/10 3310/1061/10 3254/1062/10
f 3507/1067/10 3508/1063/10 3461/1064/10
f 3309/1066/10 3254/1062/10 3255/1068/10
f 3230/76/10 3231/1065/10 3533/1055/10
f 3507/1067/10 3461/1064/10 3462/1069/10
f 3308/1070/10 3309/1066/10 3255/1068/10
f 3308/1070/10 3255/1068/10 3256/1071/10
f 3308/1070/10 3256/1071/10 3257/1072/10
f 3307/1073/10 3308/1070/10 3257/1072/10
f 3569/73/10 3230/76/10 3533/1055/10
f 3507/1067/10 3462/1069/10 3463/1074/10
f 3307/1073/10 3257/1072/10 3258/1075/10
f 3569/73/10 3533/1055/10 3534/1076/10
f 3307/1073/10 3258/1075/10 3259/1077/10
f 3306/1078/10 3307/1073/10 3259/1077/10
f 3507/1067/10 3463/1074/10 3464/1079/10
f 3569/73/10 3534/1076/10 3535/1080/10
f 3306/1078/10 3259/1077/10 3260/1081/10
f 3305/1082/10 3306/1078/10 3260/1081/10
f 3569/73/10 3535/1080/10 3536/1083/10
f 3305/1082/10 3260/1081/10 3261/1084/10
f 3507/1067/10 3464/1079/10 3465/1085/10
f 3569/73/10 3536/1083/10 3537/1086/10
f 3305/1082/10 3261/1084/10 3262/1087/10
f 3304/1088/10 3305/1082/10 3262/1087/10
f 3569/73/10 3537/1086/10 3538/1089/10
f 3304/1088/10 3262/1087/10 3263/1090/10
f 3507/1067/10 3465/1085/10 3466/1091/10
f 3569/73/10 3538/1089/10 3539/1092/10
f 3304/1088/10 3263/1090/10 3264/1093/10
f 3303/1094/10 3304/1088/10 3264/1093/10
f 3569/73/10 3539/1092/10 3540/1095/10
f 3507/1067/10 3466/1091/10 3467/1096/10
f 3303/1094/10 3264/1093/10 3265/1097/10
f 3569/73/10 3540/1095/10 3541/1098/10
f 3302/1099/10 3303/1094/10 3265/1097/10
f 3507/1067/10 3467/1096/10 3468/1100/10
f 3569/73/10 3541/1098/10 3542/1101/10
f 3302/1099/10 3265/1097/10 3266/1102/10
f 3569/73/10 3542/1101/10 3543/1103/10
f 3507/1067/10 3468/1100/10 3469/1104/10
f 3301/1105/10 3302/1099/10 3266/1102/10
f 3301/1105/10 3266/1102/10 3267/1106/10
f 3506/1107/10 3507/1067/10 3469/1104/10
f 3569/73/10 3543/1103/10 3544/1108/10
f 3506/1107/10 3469/1104/10 3470/1109/10
f 3300/1110/10 3301/1105/10 3267/1106/10
f 3568/1111/10 3569/73/10 3544/1108/10
f 3568/1111/10 3544/1108/10 3545/1112/10
f 3506/1107/10 3470/1109/10 3471/1113/10
f 3299/1114/10 3300/1110/10 3267/1106/10
f 3299/1114/10 3267/1106/10 3268/1115/10
f 3506/1107/10 3471/1113/10 3472/1116/10
f 3298/1117/10 3299/1114/10 3268/1115/10
f 3567/1118/10 3568/1111/10 3545/1112/10
f 3505/1119/10 3506/1107/10 3472/1116/10
f 3567/1118/10 3545/1112/10 3546/1120/10
f 3505/1119/10 3472/1116/10 3473/1121/10
f 3297/1122/10 3298/1117/10 3268/1115/10
f 3567/1118/10 3546/1120/10 3547/1123/10
f 3505/1119/10 3473/1121/10 3474/1124/10
f 3296/1125/10 3297/1122/10 3268/1115/10
f 3296/1125/10 3268/1115/10 3269/1126/10
f 3566/1127/10 3567/1118/10 3547/1123/10
f 3504/1128/10 3505/1119/10 3474/1124/10
f 3295/1129/10 3296/1125/10 3269/1126/10
f 3504/1128/10 3474/1124/10 3475/1130/10
f 3566/1127/10 3547/1123/10 3548/1131/10
f 3565/1132/10 3566/1127/10 3548/1131/10
f 3294/1133/10 3295/1129/10 3269/1126/10
f 3504/1128/10 3475/1130/10 3476/1134/10
f 3294/1133/10 3269/1126/10 3270/1135/10
f 3293/1136/10 3294/1133/10 3270/1135/10
f 3565/1132/10 3548/1131/10 3549/1137/10
f 3504/1128/10 3476/1134/10 3477/1138/10
f 3503/1139/10 3504/1128/10 3477/1138/10
f 3564/1140/10 3565/1132/10 3549/1137/10
f 3292/1141/10 3293/1136/10 3270/1135/10
f 3503/1139/10 3477/1138/10 3478/1142/10
f 3292/1141/10 3270/1135/10 3271/1143/10
f 3564/1140/10 3549/1137/10 3550/1144/10
f 3291/1145/10 3292/1141/10 3271/1143/10
f 3563/1146/10 3564/1140/10 3550/1144/10
f 3503/1139/10 3478/1142/10 3479/1147/10
f 3290/1148/10 3291/1145/10 3271/1143/10
f 3563/1146/10 3550/1144/10 3551/1149/10
f 3502/1150/10 3503/1139/10 3479/1147/10
f 3562/1151/10 3563/1146/10 3551/1149/10
f 3290/1148/10 3271/1143/10 3272/1152/10
f 3502/1150/10 3479/1147/10 3480/1153/10
f 3289/1154/10 3290/1148/10 3272/1152/10
f 3562/1151/10 3551/1149/10 3552/1155/10
f 3561/1156/10 3562/1151/10 3552/1155/10
f 3502/1150/10 3480/1153/10 3481/1157/10
f 3288/1158/10 3289/1154/10 3272/1152/10
f 3561/1156/10 3552/1155/10 3553/1159/10
f 3501/1160/10 3502/1150/10 3481/1157/10
f 3288/1158/10 3272/1152/10 3273/1161/10
f 3560/1162/10 3561/1156/10 3553/1159/10
f 3501/1160/10 3481/1157/10 3482/1163/10
f 3287/1164/10 3288/1158/10 3273/1161/10
f 3560/1162/10 3553/1159/10 3554/1165/10
f 3559/1166/10 3560/1162/10 3554/1165/10
f 3559/1166/10 3554/1165/10 3555/1167/10
f 3286/1168/10 3287/1164/10 3273/1161/10
f 3501/1160/10 3482/1163/10 3483/1169/10
f 3286/1168/10 3273/1161/10 3274/1170/10
f 3558/1171/10 3559/1166/10 3555/1167/10
f 3558/1171/10 3555/1167/10 3556/1172/10
f 3500/1173/10 3501/1160/10 3483/1169/10
f 3557/1174/10 3558/1171/10 3556/1172/10
f 3285/1175/10 3286/1168/10 3274/1170/10
f 3500/1173/10 3483/1169/10 3484/1176/10
f 3284/1177/10 3285/1175/10 3274/1170/10
f 3284/1177/10 3274/1170/10 3275/1178/10
f 3500/1173/10 3484/1176/10 3485/1179/10
f 3283/1180/10 3284/1177/10 3275/1178/10
f 3499/1181/10 3500/1173/10 3485/1179/10
f 3283/1180/10 3275/1178/10 3276/1182/10
f 3282/1183/10 3283/1180/10 3276/1182/10
f 3499/1181/10 3485/1179/10 3486/1184/10
f 3281/1185/10 3282/1183/10 3276/1182/10
f 3281/1185/10 3276/1182/10 3277/1186/10
f 3499/1181/10 3486/1184/10 3487/1187/10
f 3280/1188/10 3281/1185/10 3277/1186/10
f 3279/1189/10 3280/1188/10 3277/1186/10
f 3279/1189/10 3277/1186/10 3278/1190/10
f 3498/1191/10 3499/1181/10 3487/1187/10
f 3498/1191/10 3487/1187/10 3488/1192/10
f 3498/1191/10 3488/1192/10 3489/1193/10
f 3497/1194/10 3498/1191/10 3489/1193/10
f 3497/1194/10 3489/1193/10 3490/1195/10
f 3497/1194/10 3490/1195/10 3491/1196/10
f 3496/1197/10 3497/1194/10 3491/1196/10
f 3496/1197/10 3491/1196/10 3492/1198/10
f 3496/1197/10 3492/1198/10 3493/1199/10
f 3495/1200/10 3496/1197/10 3493/1199/10
f 3495/1200/10 3493/1199/10 3494/1201/10
f 4026/1202/10 4027/1204/10 4028/1203/10
f 4026/1202/10 4028/1203/10 4029/1205/10
f 4025/1206/10 4026/1202/10 4029/1205/10
f 4025/1206/10 4029/1205/10 4030/1207/10
f 4024/1208/10 4025/1206/10 4030/1207/10
f 4024/1208/10 4030/1207/10 4031/1209/10
f 4024/1208/10 4031/1209/10 4032/1210/10
f 4023/1211/10 4024/1208/10 4032/1210/10
f 4023/1211/10 4032/1210/10 4033/1212/10
f 4022/1213/10 4023/1211/10 4033/1212/10
f 4022/1213/10 4033/1212/10 4034/1214/10
f 4022/1213/10 4034/1214/10 4035/1215/10
f 4021/1216/10 4022/1213/10 4035/1215/10
f 4021/1216/10 4035/1215/10 4036/1217/10
f 4020/1218/10 4021/1216/10 4036/1217/10
f 4020/1218/10 4036/1217/10 4037/1219/10
f 4020/1218/10 4037/1219/10 4038/1220/10
f 4019/1221/10 4020/1218/10 4038/1220/10
f 4019/1221/10 4038/1220/10 4039/1222/10
f 4018/1223/10 4019/1221/10 4039/1222/10
f 4018/1223/10 4039/1222/10 4040/1224/10
f 3593/1225/10 3594/1227/10 3595/1226/10
f 4017/1228/10 4018/1223/10 4040/1224/10
f 4017/1228/10 4040/1224/10 4041/1229/10
f 3593/1225/10 3595/1226/10 3596/1230/10
f 3592/1231/10 3593/1225/10 3596/1230/10
f 3592/1231/10 3596/1230/10 3597/1232/10
f 3591/1233/10 3592/1231/10 3597/1232/10
f 3591/1233/10 3597/1232/10 3598/1234/10
f 4017/1228/10 4041/1229/10 4042/1235/10
f 3629/1236/10 3630/1238/10 3631/1237/10
f 3628/1239/10 3629/1236/10 3631/1237/10
f 3627/1240/10 3628/1239/10 3631/1237/10
f 3627/1240/10 3631/1237/10 3632/1241/10
f 3626/1242/10 3627/1240/10 3632/1241/10
f 3590/1243/10 3591/1233/10 3598/1234/10
f 3625/1244/10 3626/1242/10 3632/1241/10
f 4016/1245/10 4017/1228/10 4042/1235/10
f 3590/1243/10 3598/1234/10 3599/1246/10
f 3624/1247/10 3625/1244/10 3632/1241/10
f 3624/1247/10 3632/1241/10 3633/1248/10
f 3623/1249/10 3624/1247/10 3633/1248/10
f 4016/1245/10 4042/1235/10 4043/1250/10
f 3622/1251/10 3623/1249/10 3633/1248/10
f 3589/1252/10 3590/1243/10 3599/1246/10
f 3589/1252/10 3599/1246/10 3600/1253/10
f 3621/1254/10 3622/1251/10 3633/1248/10
f 3621/1254/10 3633/1248/10 3634/1255/10
f 4016/1245/10 4043/1250/10 4044/1256/10
f 3620/1257/10 3621/1254/10 3634/1255/10
f 4015/1258/10 4016/1245/10 4044/1256/10
f 3619/1259/10 3620/1257/10 3634/1255/10
f 3589/1252/10 3600/1253/10 3601/1260/10
f 3588/1261/10 3589/1252/10 3601/1260/10
f 3619/1259/10 3634/1255/10 3635/1262/10
f 4015/1258/10 4044/1256/10 4045/1263/10
f 3618/1264/10 3619/1259/10 3635/1262/10
f 3617/1265/10 3618/1264/10 3635/1262/10
f 4015/1258/10 4045/1263/10 4046/1266/10
f 3588/1261/10 3601/1260/10 3602/1267/10
f 4014/1268/10 4015/1258/10 4046/1266/10
f 3616/1269/10 3617/1265/10 3635/1262/10
f 3616/1269/10 3635/1262/10 3636/1270/10
f 3587/1271/10 3588/1261/10 3602/1267/10
f 3615/1272/10 3616/1269/10 3636/1270/10
f 4014/1268/10 4046/1266/10 4047/1273/10
f 3614/1274/10 3615/1272/10 3636/1270/10
f 3587/1271/10 3602/1267/10 3603/1275/10
f 4013/1276/10 4014/1268/10 4047/1273/10
f 4013/1276/10 4047/1273/10 4048/1277/10
f 3613/1278/10 3614/1274/10 3636/1270/10
f 3613/1278/10 3636/1270/10 3637/1279/10
f 3586/1280/10 3587/1271/10 3603/1275/10
f 3612/1281/10 3613/1278/10 3637/1279/10
f 4013/1276/10 4048/1277/10 4049/1282/10
f 4012/1283/10 4013/1276/10 4049/1282/10
f 3586/1280/10 3603/1275/10 3604/1284/10
f 3611/1285/10 3612/1281/10 3637/1279/10
f 4012/1283/10 4049/1282/10 4050/73/10
f 3611/1285/10 3637/1279/10 3638/1286/10
f 3610/1287/10 3611/1285/10 3638/1286/10
f 4011/1288/10 4012/1283/10 4050/73/10
f 3585/1289/10 3586/1280/10 3604/1284/10
f 4011/1288/10 4050/73/10 3572/1290/10
f 3572/1290/10 4050/73/10 3570/76/10
f 3585/1289/10 3604/1284/10 3605/1291/10
f 3609/1292/10 3610/1287/10 3638/1286/10
f 4011/1288/10 3572/1290/10 3573/1293/10
f 3570/76/11 3572/1290/11 3571/1294/11
f 4011/1288/10 3573/1293/10 3574/1295/10
f 4011/1288/10 3574/1295/10 3575/1296/10
f 4010/1297/10 4011/1288/10 3575/1296/10
f 3608/1298/10 3609/1292/10 3638/1286/10
f 4010/1297/10 3575/1296/10 3576/1299/10
f 3608/1298/10 3638/1286/10 3639/1300/10
f 3585/1289/10 3605/1291/10 3606/1301/10
f 3584/1302/10 3585/1289/10 3606/1301/10
f 3607/1303/10 3608/1298/10 3639/1300/10
f 4010/1297/10 3576/1299/10 3577/1304/10
f 4009/1305/10 4010/1297/10 3577/1304/10
f 4009/1305/10 3577/1304/10 3578/1306/10
f 3606/1301/10 3607/1303/10 3639/1300/10
f 4008/1307/10 4009/1305/10 3578/1306/10
f 3584/1302/10 3606/1301/10 3639/1300/10
f 4008/1307/10 3578/1306/10 3579/1308/10
f 3584/1302/10 3639/1300/10 3640/1309/10
f 3583/1310/10 3584/1302/10 3640/1309/10
f 4008/1307/10 3579/1308/10 3580/1311/10
f 4007/1312/10 4008/1307/10 3580/1311/10
f 4007/1312/10 3580/1311/10 3581/1313/10
f 4006/1314/10 4007/1312/10 3581/1313/10
f 3583/1310/10 3640/1309/10 3641/1315/10
f 3582/1316/10 3583/1310/10 3641/1315/10
f 4005/1317/10 4006/1314/10 3581/1313/10
f 4005/1317/10 3581/1313/10 3582/1316/10
f 4004/1318/10 4005/1317/10 3582/1316/10
f 3582/1316/10 3641/1315/10 3642/1319/10
f 4004/1318/10 3582/1316/10 3642/1319/10
f 4003/1320/10 4004/1318/10 3642/1319/10
f 4002/1321/10 4003/1320/10 3642/1319/10
f 4002/1321/10 3642/1319/10 3643/1322/10
f 4001/1323/10 4002/1321/10 3643/1322/10
f 4001/1323/10 3643/1322/10 3644/1324/10
f 4000/1325/10 4001/1323/10 3644/1324/10
f 4000/1325/10 3644/1324/10 3645/1326/10
f 3999/1327/10 4000/1325/10 3645/1326/10
f 3999/1327/10 3645/1326/10 3646/1328/10
f 3998/1329/10 3999/1327/10 3646/1328/10
f 3997/1330/10 3998/1329/10 3646/1328/10
f 3997/1330/10 3646/1328/10 3647/1331/10
f 3996/1332/10 3997/1330/10 3738/1333/10
f 3738/1333/10 3997/1330/10 3647/1331/10
f 3996/1332/10 3738/1333/10 3739/1334/10
f 3737/1335/10 3738/1333/10 3647/1331/10
f 3996/1332/10 3739/1334/10 3740/1336/10
f 3737/1335/10 3647/1331/10 3648/1337/10
f 3736/1338/10 3737/1335/10 3648/1337/10
f 3996/1332/10 3740/1336/10 3741/1339/10
f 3996/1332/10 3741/1339/10 3742/1340/10
f 3735/1341/10 3736/1338/10 3648/1337/10
f 3996/1332/10 3742/1340/10 3743/1342/10
f 3995/1343/10 3996/1332/10 3870/1344/10
f 3870/1344/10 3996/1332/10 3743/1342/10
f 3870/1344/10 3743/1342/10 3744/1345/10
f 3995/1343/10 3870/1344/10 3871/1346/10
f 3869/1347/10 3870/1344/10 3744/1345/10
f 3734/1348/10 3735/1341/10 3648/1337/10
f 3869/1347/10 3744/1345/10 3745/1349/10
f 3868/1350/10 3869/1347/10 3745/1349/10
f 3868/1350/10 3745/1349/10 3746/1351/10
f 3994/1352/10 3995/1343/10 3871/1346/10
f 3994/1352/10 3871/1346/10 3872/1353/10
f 3733/1354/10 3734/1348/10 3648/1337/10
f 3868/1350/10 3746/1351/10 3747/1355/10
f 3867/1356/10 3868/1350/10 3747/1355/10
f 3733/1354/10 3648/1337/10 3649/1357/10
f 3867/1356/10 3747/1355/10 3748/1358/10
f 3866/1359/10 3867/1356/10 3748/1358/10
f 3732/1360/10 3733/1354/10 3649/1357/10
f 3866/1359/10 3748/1358/10 3749/1361/10
f 3993/1362/10 3994/1352/10 3872/1353/10
f 3993/1362/10 3872/1353/10 3873/1363/10
f 3865/1364/10 3866/1359/10 3749/1361/10
f 3865/1364/10 3749/1361/10 3750/1365/10
f 3864/1366/10 3865/1364/10 3750/1365/10
f 3731/1367/10 3732/1360/10 3649/1357/10
f 3731/1367/10 3649/1357/10 3650/1368/10
f 3864/1366/10 3750/1365/10 3751/1369/10
f 3992/1370/10 3993/1362/10 3873/1363/10
f 3992/1370/10 3873/1363/10 3874/1371/10
f 3863/1372/10 3864/1366/10 3751/1369/10
f 3863/1372/10 3751/1369/10 3752/1373/10
f 3730/928/10 3731/1367/10 3650/1368/10
f 3863/1372/10 3752/1373/10 3753/1374/10
f 3862/1375/10 3863/1372/10 3753/1374/10
f 3991/1376/10 3992/1370/10 3874/1371/10
f 3991/1376/10 3874/1371/10 3875/1377/10
f 3862/1375/10 3753/1374/10 3754/1378/10
f 3861/1379/10 3862/1375/10 3754/1378/10
f 3730/928/10 3650/1368/10 3651/1380/10
f 3861/1379/10 3754/1378/10 3755/1381/10
f 3990/1382/10 3991/1376/10 3875/1377/10
f 3990/1382/10 3875/1377/10 3876/1383/10
f 3729/1384/10 3730/928/10 3651/1380/10
f 3860/1385/10 3861/1379/10 3755/1381/10
f 3860/1385/10 3755/1381/10 3756/1386/10
f 3860/1385/10 3756/1386/10 3757/1387/10
f 3859/1388/10 3860/1385/10 3757/1387/10
f 3989/1389/10 3990/1382/10 3876/1383/10
f 3859/1388/10 3757/1387/10 3758/1390/10
f 3989/1389/10 3876/1383/10 3877/1391/10
f 3858/818/10 3859/1388/10 3758/1390/10
f 3728/1392/10 3729/1384/10 3651/1380/10
f 3728/1392/10 3651/1380/10 3652/1393/10
f 3858/818/10 3758/1390/10 3759/1394/10
f 3858/818/10 3759/1394/10 3760/1395/10
f 3988/1396/10 3989/1389/10 3877/1391/10
f 3857/1397/10 3858/818/10 3760/1395/10
f 3857/1397/10 3760/1395/10 3761/1398/10
f 3988/1396/10 3877/1391/10 3878/1399/10
f 3857/1397/10 3761/1398/10 3762/619/10
f 3987/1400/10 3988/1396/10 3878/1399/10
f 3727/1401/10 3728/1392/10 3652/1393/10
f 3857/1397/10 3762/619/10 3763/1402/10
f 3856/1403/10 3857/1397/10 3763/1402/10
f 3727/1401/10 3652/1393/10 3653/1404/10
f 3986/1405/10 3987/1400/10 3878/1399/10
f 3986/1405/10 3878/1399/10 3879/1406/10
f 3856/1403/10 3763/1402/10 3764/1407/10
f 3985/1408/10 3986/1405/10 3879/1406/10
f 3726/1409/10 3727/1401/10 3653/1404/10
f 3855/1410/10 3856/1403/10 3764/1407/10
f 3985/1408/10 3879/1406/10 3880/1411/10
f 3984/1412/10 3985/1408/10 3880/1411/10
f 3855/1410/10 3764/1407/10 3765/1413/10
f 3726/1409/10 3653/1404/10 3654/1414/10
f 3854/1415/10 3855/1410/10 3765/1413/10
f 3983/1416/10 3984/1412/10 3880/1411/10
f 3725/1417/10 3726/1409/10 3654/1414/10
f 3983/1416/10 3880/1411/10 3881/1418/10
f 3982/1419/10 3983/1416/10 3881/1418/10
f 3854/1415/10 3765/1413/10 3766/1420/10
f 3724/1421/10 3725/1417/10 3654/1414/10
f 3981/1422/10 3982/1419/10 3881/1418/10
f 3853/1423/10 3854/1415/10 3766/1420/10
f 3724/1421/10 3654/1414/10 3655/1424/10
f 3981/1422/10 3881/1418/10 3882/1425/10
f 3980/1426/10 3981/1422/10 3882/1425/10
f 3723/1427/10 3724/1421/10 3655/1424/10
f 3853/1423/10 3766/1420/10 3767/1428/10
f 3979/1429/10 3980/1426/10 3882/1425/10
f 3852/1430/10 3853/1423/10 3767/1428/10
f 3978/1431/10 3979/1429/10 3882/1425/10
f 3722/1432/10 3723/1427/10 3655/1424/10
f 3978/1431/10 3882/1425/10 3883/1433/10
f 3978/1431/12 3883/1433/12 3884/1434/12
f 3722/1432/10 3655/1424/10 3656/1435/10
f 3978/1431/11 3884/1434/11 3885/1436/11
f 3978/1431/13 3885/1436/13 3886/1437/13
f 3978/1431/14 3886/1437/14 3887/1438/14
f 3852/1430/10 3767/1428/10 3768/1439/10
f 3978/1431/14 3887/1438/14 3894/1440/14
f 3894/1440/15 3887/1438/15 3888/1441/15
f 3894/1440/16 3888/1441/16 3889/1442/16
f 3894/1440/17 3889/1442/17 3890/1029/17
f 3894/1440/18 3890/1029/18 3891/1443/18
f 3894/1440/16 3891/1443/16 3892/1444/16
f 3894/1440/10 3892/1444/10 3893/1445/10
f 3721/1446/10 3722/1432/10 3656/1435/10
f 3851/1447/10 3852/1430/10 3768/1439/10
f 3978/1431/10 3894/1440/10 3895/1448/10
f 3851/1447/10 3768/1439/10 3769/1449/10
f 3721/1446/10 3656/1435/10 3657/1450/10
f 3720/1451/10 3721/1446/10 3657/1450/10
f 3850/1452/10 3851/1447/10 3769/1449/10
f 3978/1431/10 3895/1448/10 3896/1453/10
f 3850/1452/10 3769/1449/10 3770/1454/10
f 3719/1455/10 3720/1451/10 3657/1450/10
f 3719/1455/10 3657/1450/10 3658/1456/10
f 3849/1457/10 3850/1452/10 3770/1454/10
f 3978/1431/10 3896/1453/10 3897/1458/10
f 3718/1459/10 3719/1455/10 3658/1456/10
f 3849/1457/10 3770/1454/10 3771/1460/10
f 3718/1459/10 3658/1456/10 3659/1461/10
f 3848/1462/10 3849/1457/10 3771/1460/10
f 3717/1463/10 3718/1459/10 3659/1461/10
f 3978/1431/10 3897/1458/10 3898/1464/10
f 3848/1462/10 3771/1460/10 3772/1465/10
f 3847/1466/10 3848/1462/10 3772/1465/10
f 3716/1467/10 3717/1463/10 3659/1461/10
f 3978/1431/10 3898/1464/10 3899/1468/10
f 3716/1467/10 3659/1461/10 3660/1469/10
f 3847/1466/10 3772/1465/10 3773/1470/10
f 3978/1431/10 3899/1468/10 3900/1471/10
f 3715/1472/10 3716/1467/10 3660/1469/10
f 3846/1473/10 3847/1466/10 3773/1470/10
f 3846/1473/10 3773/1470/10 3774/1474/10
f 3715/1472/10 3660/1469/10 3661/1475/10
f 3978/1431/10 3900/1471/10 3901/1476/10
f 3714/1477/10 3715/1472/10 3661/1475/10
f 3845/1478/10 3846/1473/10 3774/1474/10
f 3845/1478/10 3774/1474/10 3775/1479/10
f 3978/1431/10 3901/1476/10 3902/1480/10
f 3714/1477/10 3661/1475/10 3662/1481/10
f 3713/1482/10 3714/1477/10 3662/1481/10
f 3844/1483/10 3845/1478/10 3775/1479/10
f 3978/1431/10 3902/1480/10 3903/1484/10
f 3844/1483/10 3775/1479/10 3776/1485/10
f 3712/1486/10 3713/1482/10 3662/1481/10
f 3978/1431/10 3903/1484/10 3904/1487/10
f 3843/1488/10 3844/1483/10 3776/1485/10
f 3712/1486/10 3662/1481/10 3663/1489/10
f 3843/1488/10 3776/1485/10 3777/1490/10
f 3978/1431/10 3904/1487/10 3905/1491/10
f 3711/1492/10 3712/1486/10 3663/1489/10
f 3978/1431/10 3905/1491/10 3906/1493/10
f 3842/1494/10 3843/1488/10 3777/1490/10
f 3842/1494/10 3777/1490/10 3778/1495/10
f 3710/1496/10 3711/1492/10 3663/1489/10
f 3978/1431/10 3906/1493/10 3907/1497/10
f 3710/1496/10 3663/1489/10 3664/1498/10
f 3978/1431/10 3907/1497/10 3908/1499/10
f 3978/1431/10 3908/1499/10 3909/1500/10
f 3841/1501/10 3842/1494/10 3778/1495/10
f 3978/1431/10 3909/1500/10 3910/1502/10
f 3841/1501/10 3778/1495/10 3779/1503/10
f 3709/1504/10 3710/1496/10 3664/1498/10
f 3978/1431/10 3910/1502/10 3911/1505/10
f 3978/1431/10 3911/1505/10 3912/1506/10
f 3977/1507/10 3978/1431/10 3912/1506/10
f 3977/1507/10 3912/1506/10 3913/1508/10
f 3977/1507/10 3913/1508/10 3914/1509/10
f 3840/1510/10 3841/1501/10 3779/1503/10
f 3708/1511/10 3709/1504/10 3664/1498/10
f 3976/1512/10 3977/1507/10 3914/1509/10
f 3976/1512/10 3914/1509/10 3915/1513/10
f 3840/1510/10 3779/1503/10 3780/1514/10
f 3976/1512/10 3915/1513/10 3916/1515/10
f 3708/1511/10 3664/1498/10 3665/1516/10
f 3976/1512/10 3916/1515/10 3917/1517/10
f 3975/1518/10 3976/1512/10 3917/1517/10
f 3975/1518/10 3917/1517/10 3918/1519/10
f 3707/1520/10 3708/1511/10 3665/1516/10
f 3839/1521/10 3840/1510/10 3780/1514/10
f 3975/1518/10 3918/1519/10 3919/1522/10
f 3839/1521/10 3780/1514/10 3781/1523/10
f 3974/1524/10 3975/1518/10 3919/1522/10
f 3974/1524/10 3919/1522/10 3920/1525/10
f 3974/1524/10 3920/1525/10 3921/1526/10
f 3706/1527/10 3707/1520/10 3665/1516/10
f 3973/1528/10 3974/1524/10 3921/1526/10
f 3973/1528/10 3921/1526/10 3922/1529/10
f 3838/1530/10 3839/1521/10 3781/1523/10
f 3838/1530/10 3781/1523/10 3782/1531/10
f 3973/1528/10 3922/1529/10 3923/1532/10
f 3972/1533/10 3973/1528/10 3923/1532/10
f 3972/1533/10 3923/1532/10 3924/1534/10
f 3706/1527/10 3665/1516/10 3666/721/10
f 3705/1535/10 3706/1527/10 3666/721/10
f 3972/1533/10 3924/1534/10 3925/1536/10
f 3971/1537/10 3972/1533/10 3925/1536/10
f 3971/1537/10 3925/1536/10 3926/1538/10
f 3837/1539/10 3838/1530/10 3782/1531/10
f 3837/1539/10 3782/1531/10 3783/1540/10
f 3971/1537/10 3926/1538/10 3927/1541/10
f 3971/1537/10 3927/1541/10 3928/1542/10
f 3970/1543/10 3971/1537/10 3928/1542/10
f 3704/1544/10 3705/1535/10 3666/721/10
f 3970/1543/10 3928/1542/10 3929/1545/10
f 3970/1543/10 3929/1545/10 3930/1546/10
f 3970/1543/10 3930/1546/10 3931/1547/10
f 3969/1548/10 3970/1543/10 3931/1547/10
f 3836/1549/10 3837/1539/10 3783/1540/10
f 3836/1549/10 3783/1540/10 3784/1550/10
f 3969/1548/10 3931/1547/10 3932/1551/10
f 3703/1552/10 3704/1544/10 3666/721/10
f 3968/1553/10 3969/1548/10 3932/1551/10
f 3968/1553/10 3932/1551/10 3933/1554/10
f 3967/1555/10 3968/1553/10 3933/1554/10
f 3835/1556/10 3836/1549/10 3784/1550/10
f 3967/1555/10 3933/1554/10 3934/1557/10
f 3835/1556/10 3784/1550/10 3785/1558/10
f 3702/1559/10 3703/1552/10 3666/721/10
f 3702/1559/10 3666/721/10 3667/1560/10
f 3966/1561/10 3967/1555/10 3934/1557/10
f 3966/1561/10 3934/1557/10 3935/1562/10
f 3702/1559/10 3667/1560/10 3668/1563/10
f 3965/1564/10 3966/1561/10 3935/1562/10
f 3965/1564/10 3935/1562/10 3936/1565/10
f 3834/1566/10 3835/1556/10 3785/1558/10
f 3701/1567/10 3702/1559/10 3668/1563/10
f 3834/1566/10 3785/1558/10 3786/1568/10
f 3965/1564/10 3936/1565/10 3937/1569/10
f 3701/1567/10 3668/1563/10 3669/1570/10
f 3964/1571/10 3965/1564/10 3937/1569/10
f 3964/1571/10 3937/1569/10 3938/1572/10
f 3701/1567/10 3669/1570/10 3670/1573/10
f 3964/1571/10 3938/1572/10 3939/1574/10
f 3963/1575/10 3964/1571/10 3939/1574/10
f 3700/1576/10 3701/1567/10 3670/1573/10
f 3700/1576/10 3670/1573/10 3671/1577/10
f 3833/1578/10 3834/1566/10 3786/1568/10
f 3833/1578/10 3786/1568/10 3787/1579/10
f 3963/1575/10 3939/1574/10 3940/1580/10
f 3962/1581/10 3963/1575/10 3940/1580/10
f 3962/1581/10 3940/1580/10 3941/1582/10
f 3700/1576/10 3671/1577/10 3672/1583/10
f 3833/1578/10 3787/1579/10 3788/1584/10
f 3832/1585/10 3833/1578/10 3788/1584/10
f 3962/1581/10 3941/1582/10 3942/1586/10
f 3961/1587/10 3962/1581/10 3942/1586/10
f 3699/1588/10 3700/1576/10 3672/1583/10
f 3699/1588/10 3672/1583/10 3673/1589/10
f 3831/1590/10 3832/1585/10 3788/1584/10
f 3831/1590/10 3788/1584/10 3789/1591/10
f 3961/1587/10 3942/1586/10 3943/1592/10
f 3960/1593/10 3961/1587/10 3943/1592/10
f 3960/1593/10 3943/1592/10 3944/1594/10
f 3699/1588/10 3673/1589/10 3674/1595/10
f 3830/1596/10 3831/1590/10 3789/1591/10
f 3830/1596/10 3789/1591/10 3790/1597/10
f 3960/1593/10 3944/1594/10 3945/1598/10
f 3959/1599/10 3960/1593/10 3945/1598/10
f 3698/1600/10 3699/1588/10 3674/1595/10
f 3698/1600/10 3674/1595/10 3675/1601/10
f 3959/1599/10 3945/1598/10 3946/1602/10
f 3959/1599/10 3946/1602/10 3947/1603/10
f 3958/1604/10 3959/1599/10 3947/1603/10
f 3829/1605/10 3830/1596/10 3790/1597/10
f 3829/1605/10 3790/1597/10 3791/1606/10
f 3958/1604/10 3947/1603/10 3948/1607/10
f 3698/1600/10 3675/1601/10 3676/1608/10
f 3957/1609/10 3958/1604/10 3948/1607/10
f 3957/1609/10 3948/1607/10 3949/1610/10
f 3957/1609/10 3949/1610/10 3950/1611/10
f 3956/1612/10 3957/1609/10 3950/1611/10
f 3828/1613/10 3829/1605/10 3791/1606/10
f 3828/1613/10 3791/1606/10 3792/1614/10
f 3697/1615/10 3698/1600/10 3676/1608/10
f 3956/1612/10 3950/1611/10 3951/1616/10
f 3697/1615/10 3676/1608/10 3677/1617/10
f 3955/1618/10 3956/1612/10 3951/1616/10
f 3955/1618/10 3951/1616/10 3952/1619/10
f 3955/1618/10 3952/1619/10 3953/1620/10
f 3954/597/10 3955/1618/10 3953/1620/10
f 3697/1615/10 3677/1617/10 3678/1621/10
f 3827/1622/10 3828/1613/10 3792/1614/10
f 3827/1622/10 3792/1614/10 3793/1623/10
f 3696/1624/10 3697/1615/10 3678/1621/10
f 3696/1624/10 3678/1621/10 3679/1625/10
f 3826/1626/10 3827/1622/10 3793/1623/10
f 3826/1626/10 3793/1623/10 3794/1627/10
f 3696/1624/10 3679/1625/10 3680/1628/10
f 3695/1629/10 3696/1624/10 3680/1628/10
f 3825/1630/10 3826/1626/10 3794/1627/10
f 3825/1630/10 3794/1627/10 3795/1631/10
f 3695/1629/10 3680/1628/10 3681/1632/10
f 3695/1629/10 3681/1632/10 3682/1633/10
f 3824/1634/10 3825/1630/10 3795/1631/10
f 3824/1634/10 3795/1631/10 3796/1635/10
f 3694/1636/10 3695/1629/10 3682/1633/10
f 3694/1636/10 3682/1633/10 3683/1637/10
f 3823/1638/10 3824/1634/10 3796/1635/10
f 3823/1638/10 3796/1635/10 3797/1639/10
f 3693/1640/10 3694/1636/10 3683/1637/10
f 3693/1640/10 3683/1637/10 3684/1641/10
f 3693/1640/10 3684/1641/10 3685/1642/10
f 3692/1643/10 3693/1640/10 3685/1642/10
f 3822/1644/10 3823/1638/10 3797/1639/10
f 3822/1644/10 3797/1639/10 3798/1645/10
f 3692/1643/10 3685/1642/10 3686/1646/10
f 3692/1643/10 3686/1646/10 3687/1647/10
f 3691/1648/10 3692/1643/10 3687/1647/10
f 3691/1648/10 3687/1647/10 3688/1649/10
f 3691/1648/10 3688/1649/10 3689/1650/10
f 3690/1651/10 3691/1648/10 3689/1650/10
f 3821/1652/10 3822/1644/10 3798/1645/10
f 3821/1652/10 3798/1645/10 3799/1653/10
f 3820/1654/10 3821/1652/10 3799/1653/10
f 3820/1654/10 3799/1653/10 3800/1655/10
f 3819/1656/10 3820/1654/10 3800/1655/10
f 3819/1656/10 3800/1655/10 3801/1657/10
f 3818/1658/10 3819/1656/10 3801/1657/10
f 3818/1658/10 3801/1657/10 3802/1659/10
f 3817/1660/10 3818/1658/10 3802/1659/10
f 3817/1660/10 3802/1659/10 3803/1661/10
f 3816/1662/10 3817/1660/10 3803/1661/10
f 3816/1662/10 3803/1661/10 3804/1663/10
f 3815/1664/10 3816/1662/10 3804/1663/10
f 3815/1664/10 3804/1663/10 3805/1665/10
f 3814/1666/10 3815/1664/10 3805/1665/10
f 3814/1666/10 3805/1665/10 3806/1667/10
f 3813/1668/10 3814/1666/10 3806/1667/10
f 3813/1668/10 3806/1667/10 3807/1669/10
f 3812/1670/10 3813/1668/10 3807/1669/10
f 3812/1670/10 3807/1669/10 3808/1671/10
f 3811/1672/10 3812/1670/10 3808/1671/10
f 3811/1672/10 3808/1671/10 3809/1673/10
f 3810/495/10 3811/1672/10 3809/1673/10
f 4218/1/10 4219/3/10 4220/2/10
f 4218/1/10 4220/2/10 4221/4/10
f 4217/5/10 4218/1/10 4221/4/10
f 4217/5/10 4221/4/10 4222/6/10
f 4217/5/10 4222/6/10 4223/7/10
f 4216/8/10 4217/5/10 4223/7/10
f 4216/8/10 4223/7/10 4224/9/10
f 4374/10/10 4375/12/10 4376/11/10
f 4374/10/10 4376/11/10 4377/13/10
f 4216/8/10 4224/9/10 4225/14/10
f 4373/15/10 4374/10/10 4377/13/10
f 4373/15/10 4377/13/10 4378/16/10
f 4215/17/10 4216/8/10 4225/14/10
f 4373/15/10 4378/16/10 4379/18/10
f 4215/17/10 4225/14/10 4226/19/10
f 4372/20/10 4373/15/10 4379/18/10
f 4372/20/10 4379/18/10 4380/21/10
f 4215/17/10 4226/19/10 4227/22/10
f 4372/20/10 4380/21/10 4381/23/10
f 4214/24/10 4215/17/10 4227/22/10
f 4371/25/10 4372/20/10 4381/23/10
f 4371/25/10 4381/23/10 4382/26/10
f 4214/24/10 4227/22/10 4228/27/10
f 4371/25/10 4382/26/10 4383/28/10
f 4370/29/10 4371/25/10 4383/28/10
f 4213/30/10 4214/24/10 4228/27/10
f 4213/30/10 4228/27/10 4229/31/10
f 4370/29/10 4383/28/10 4384/32/10
f 4213/30/10 4229/31/10 4230/33/10
f 4369/34/10 4370/29/10 4384/32/10
f 4369/34/10 4384/32/10 4385/35/10
f 4212/36/10 4213/30/10 4230/33/10
f 4212/36/10 4230/33/10 4231/37/10
f 4369/34/10 4385/35/10 4386/38/10
f 4368/39/10 4369/34/10 4386/38/10
f 4212/36/10 4231/37/10 4232/40/10
f 4368/39/10 4386/38/10 4387/41/10
f 4211/42/10 4212/36/10 4232/40/10
f 4211/42/10 4232/40/10 4233/43/10
f 4368/39/10 4387/41/10 4388/44/10
f 4367/45/10 4368/39/10 4388/44/10
f 4211/42/10 4233/43/10 4234/46/10
f 4367/45/10 4388/44/10 4389/47/10
f 4210/48/10 4211/42/10 4234/46/10
f 4367/45/10 4389/47/10 4390/49/10
f 4210/48/10 4234/46/10 4235/50/10
f 4366/51/10 4367/45/10 4390/49/10
f 4366/51/10 4390/49/10 4391/52/10
f 4210/48/10 4235/50/10 4236/53/10
f 4209/54/10 4210/48/10 4236/53/10
f 4366/51/10 4391/52/10 4392/55/10
f 4209/54/10 4236/53/10 4237/56/10
f 4365/57/10 4366/51/10 4392/55/10
f 4365/57/10 4392/55/10 4393/58/10
f 4209/54/10 4237/56/10 4238/59/10
f 4208/60/10 4209/54/10 4238/59/10
f 4365/57/10 4393/58/10 4394/61/10
f 4208/60/10 4238/59/10 4239/62/10
f 4364/63/10 4365/57/10 4394/61/10
f 4364/63/10 4394/61/10 4395/64/10
f 4208/60/10 4239/62/10 4240/65/10
f 4207/66/10 4208/60/10 4240/65/10
f 4364/63/10 4395/64/10 4396/67/10
f 4207/66/10 4240/65/10 4241/68/10
f 4363/69/10 4364/63/10 4396/67/10
f 4363/69/10 4396/67/10 4397/70/10
f 4207/66/10 4241/68/10 4242/71/10
f 4206/72/10 4207/66/10 4242/71/10
f 4363/69/10 4397/70/10 4398/73/10
f 4206/72/10 4242/71/10 4243/74/10
f 4362/75/10 4363/69/10 4398/73/10
f 4362/75/10 4398/73/10 4051/76/10
f 4206/72/10 4243/74/10 4244/77/10
f 4362/75/10 4051/76/10 4052/78/10
f 4206/72/10 4244/77/10 4245/79/10
f 4205/80/10 4206/72/10 4245/79/10
f 4205/80/10 4245/79/10 4246/81/10
f 4361/82/10 4362/75/10 4052/78/10
f 4205/80/10 4246/81/10 4247/83/10
f 4205/80/10 4247/83/10 4248/84/10
f 4204/85/10 4205/80/10 4248/84/10
f 4204/85/10 4248/84/10 4249/86/10
f 4360/87/10 4361/82/10 4052/78/10
f 4204/85/10 4249/86/10 4250/88/10
f 4203/89/10 4204/85/10 4250/88/10
f 4360/87/10 4052/78/10 4053/90/10
f 4203/89/10 4250/88/10 4251/91/10
f 4359/92/10 4360/87/10 4053/90/10
f 4203/89/10 4251/91/10 4252/93/10
f 4202/94/10 4203/89/10 4252/93/10
f 4202/94/10 4252/93/10 4253/95/10
f 4358/96/10 4359/92/10 4053/90/10
f 4202/94/10 4253/95/10 4254/97/10
f 4201/98/10 4202/94/10 4254/97/10
f 4358/96/10 4053/90/10 4054/99/10
f 4201/98/10 4254/97/10 4255/100/10
f 4357/101/10 4358/96/10 4054/99/10
f 4201/98/10 4255/100/10 4256/102/10
f 4200/103/10 4201/98/10 4256/102/10
f 4200/103/10 4256/102/10 4257/104/10
f 4356/105/10 4357/101/10 4054/99/10
f 4199/106/10 4200/103/10 4257/104/10
f 4199/106/10 4257/104/10 4258/107/10
f 4356/105/10 4054/99/10 4055/108/10
f 4199/106/10 4258/107/10 4259/109/10
f 4355/110/10 4356/105/10 4055/108/10
f 4198/111/10 4199/106/10 4259/109/10
f 4198/111/10 4259/109/10 4260/112/10
f 4198/111/10 4260/112/10 4261/113/10
f 4197/114/10 4198/111/10 4261/113/10
f 4355/110/10 4055/108/10 4056/115/10
f 4354/116/10 4355/110/10 4056/115/10
f 4197/114/10 4261/113/10 4262/117/10
f 4197/114/10 4262/117/10 4263/118/10
f 4196/119/10 4197/114/10 4263/118/10
f 4196/119/10 4263/118/10 4264/120/10
f 4353/121/10 4354/116/10 4056/115/10
f 4353/121/10 4056/115/10 4057/122/10
f 4196/119/10 4264/120/10 4265/123/10
f 4195/124/10 4196/119/10 4265/123/10
f 4195/124/10 4265/123/10 4266/125/10
f 4195/124/10 4266/125/10 4267/126/10
f 4194/127/10 4195/124/10 4267/126/10
f 4194/127/10 4267/126/10 4268/128/10
f 4352/129/10 4353/121/10 4057/122/10
f 4352/129/10 4057/122/10 4058/130/10
f 4194/127/10 4268/128/10 4269/131/10
f 4352/129/10 4058/130/10 4059/132/10
f 4193/133/10 4194/127/10 4269/131/10
f 4351/134/10 4352/129/10 4059/132/10
f 4193/133/10 4269/131/10 4270/135/10
f 4351/134/10 4059/132/10 4060/136/10
f 4351/134/10 4060/136/10 4061/137/10
f 4192/138/10 4193/133/10 4270/135/10
f 4192/138/10 4270/135/10 4271/139/10
f 4350/140/10 4351/134/10 4061/137/10
f 4350/140/10 4061/137/10 4063/141/10
f 4063/141/10 4061/137/10 4062/142/10
f 4349/143/10 4350/140/10 4063/141/10
f 4349/143/10 4063/141/10 4064/144/10
f 4348/145/10 4349/143/10 4064/144/10
f 4348/145/10 4064/144/10 4065/146/10
f 4192/138/10 4271/139/10 4272/147/10
f 4347/148/10 4348/145/10 4065/146/10
f 4191/149/10 4192/138/10 4272/147/10
f 4347/148/10 4065/146/10 4066/150/10
f 4346/151/10 4347/148/10 4066/150/10
f 4191/149/10 4272/147/10 4273/152/10
f 4346/151/10 4066/150/10 4067/153/10
f 4345/154/10 4346/151/10 4067/153/10
f 4345/154/10 4067/153/10 4068/155/10
f 4191/149/10 4273/152/10 4274/156/10
f 4344/157/10 4345/154/10 4068/155/10
f 4190/158/10 4191/149/10 4274/156/10
f 4344/157/10 4068/155/10 4069/159/10
f 4343/160/10 4344/157/10 4069/159/10
f 4190/158/10 4274/156/10 4275/161/10
f 4343/160/10 4069/159/10 4070/162/10
f 4342/163/10 4343/160/10 4070/162/10
f 4190/158/10 4275/161/10 4276/164/10
f 4189/165/10 4190/158/10 4276/164/10
f 4342/163/10 4070/162/10 4071/166/10
f 4341/167/10 4342/163/10 4071/166/10
f 4189/165/10 4276/164/10 4277/168/10
f 4341/167/10 4071/166/10 4072/169/10
f 4340/170/10 4341/167/10 4072/169/10
f 4188/171/10 4189/165/10 4277/168/10
f 4188/171/10 4277/168/10 4278/172/10
f 4340/170/10 4072/169/10 4073/173/10
f 4339/174/10 4340/170/10 4073/173/10
f 4188/171/10 4278/172/10 4279/175/10
f 4339/174/10 4073/173/10 4074/176/10
f 4338/177/10 4339/174/10 4074/176/10
f 4188/171/10 4279/175/10 4280/178/10
f 4187/179/10 4188/171/10 4280/178/10
f 4337/180/10 4338/177/10 4074/176/10
f 4337/180/10 4074/176/10 4075/181/10
f 4187/179/10 4280/178/10 4281/182/10
f 4336/183/10 4337/180/10 4075/181/10
f 4336/183/10 4075/181/10 4076/184/10
f 4187/179/10 4281/182/10 4282/185/10
f 4335/186/10 4336/183/10 4076/184/10
f 4186/187/10 4187/179/10 4282/185/10
f 4186/187/10 4282/185/10 4283/188/10
f 4334/189/10 4335/186/10 4076/184/10
f 4334/189/10 4076/184/10 4077/190/10
f 4186/187/10 4283/188/10 4284/191/10
f 4333/192/10 4334/189/10 4077/190/10
f 4333/192/10 4077/190/10 4078/193/10
f 4185/194/10 4186/187/10 4284/191/10
f 4185/194/10 4284/191/10 4285/195/10
f 4332/196/10 4333/192/10 4078/193/10
f 4185/194/10 4285/195/10 4286/197/10
f 4332/196/10 4078/193/10 4079/198/10
f 4331/199/10 4332/196/10 4079/198/10
f 4185/194/10 4286/197/10 4287/200/10
f 4330/201/10 4331/199/10 4079/198/10
f 4330/201/10 4079/198/10 4080/202/10
f 4184/203/10 4185/194/10 4287/200/10
f 4184/203/10 4287/200/10 4288/204/10
f 4329/205/10 4330/201/10 4080/202/10
f 4329/205/10 4080/202/10 4081/206/10
f 4184/203/10 4288/204/10 4289/207/10
f 4328/208/10 4329/205/10 4081/206/10
f 4184/203/10 4289/207/10 4290/209/10
f 4328/208/10 4081/206/10 4082/210/10
f 4327/211/10 4328/208/10 4082/210/10
f 4183/212/10 4184/203/10 4290/209/10
f 4183/212/10 4290/209/10 4291/213/10
f 4326/214/10 4327/211/10 4082/210/10
f 4326/214/10 4082/210/10 4083/215/10
f 4325/216/10 4326/214/10 4083/215/10
f 4183/212/10 4291/213/10 4292/217/10
f 4324/218/10 4325/216/10 4083/215/10
f 4183/212/10 4292/217/10 4293/219/10
f 4183/212/10 4293/219/10 4294/220/10
f 4323/221/10 4324/218/10 4083/215/10
f 4183/212/10 4294/220/10 4295/222/10
f 4183/212/10 4295/222/10 4296/223/10
f 4183/212/10 4296/223/10 4297/224/10
f 4322/225/10 4323/221/10 4083/215/10
f 4322/225/10 4083/215/10 4084/226/10
f 4183/212/10 4297/224/10 4298/227/10
f 4183/212/10 4298/227/10 4299/228/10
f 4321/229/10 4322/225/10 4084/226/10
f 4183/212/10 4299/228/10 4300/230/10
f 4183/212/10 4300/230/10 4301/231/10
f 4183/212/10 4301/231/10 4302/232/10
f 4320/233/10 4321/229/10 4084/226/10
f 4183/212/10 4302/232/10 4303/234/10
f 4183/212/10 4303/234/10 4304/235/10
f 4319/236/10 4320/233/10 4084/226/10
f 4183/212/10 4304/235/10 4305/237/10
f 4183/212/10 4305/237/10 4306/238/10
f 4318/239/10 4319/236/10 4084/226/10
f 4183/212/10 4306/238/10 4307/240/10
f 4183/212/10 4307/240/10 4308/241/10
f 4183/212/10 4308/241/10 4309/242/10
f 4317/243/10 4318/239/10 4084/226/10
f 4183/212/10 4309/242/10 4310/244/10
f 4183/212/10 4310/244/10 4311/245/10
f 4316/246/10 4317/243/10 4084/226/10
f 4183/212/10 4311/245/10 4312/247/10
f 4183/212/10 4312/247/10 4313/248/10
f 4315/249/10 4316/246/10 4084/226/10
f 4183/212/10 4313/248/10 4314/250/10
f 4183/212/10 4314/250/10 4315/249/10
f 4183/212/10 4315/249/10 4084/226/10
f 4183/212/10 4084/226/10 4085/251/10
f 4182/252/10 4183/212/10 4085/251/10
f 4182/252/10 4085/251/10 4086/253/10
f 4181/254/10 4182/252/10 4086/253/10
f 4181/254/10 4086/253/10 4087/255/10
f 4181/254/10 4087/255/10 4088/256/10
f 4181/254/10 4088/256/10 4089/257/10
f 4180/258/10 4181/254/10 4089/257/10
f 4180/258/10 4089/257/10 4090/259/10
f 4180/258/10 4090/259/10 4091/260/10
f 4180/258/10 4091/260/10 4092/261/10
f 4180/258/10 4092/261/10 4093/262/10
f 4180/258/10 4093/262/10 4094/263/10
f 4179/264/10 4180/258/10 4094/263/10
f 4179/264/10 4094/263/10 4095/265/10
f 4179/264/10 4095/265/10 4096/266/10
f 4179/264/10 4096/266/10 4097/267/10
f 4178/268/10 4179/264/10 4097/267/10
f 4178/268/10 4097/267/10 4098/269/10
f 4178/268/10 4098/269/10 4099/270/10
f 4178/268/10 4099/270/10 4100/271/10
f 4177/272/10 4178/268/10 4100/271/10
f 4177/272/10 4100/271/10 4101/273/10
f 4177/272/10 4101/273/10 4102/274/10
f 4176/275/10 4177/272/10 4102/274/10
f 4176/275/10 4102/274/10 4103/276/10
f 4176/275/10 4103/276/10 4104/277/10
f 4176/275/10 4104/277/10 4105/278/10
f 4175/279/10 4176/275/10 4105/278/10
f 4175/279/10 4105/278/10 4106/280/10
f 4175/279/10 4106/280/10 4107/281/10
f 4175/279/10 4107/281/10 4108/282/10
f 4174/283/10 4175/279/10 4108/282/10
f 4174/283/10 4108/282/10 4109/284/10
f 4174/283/10 4109/284/10 4110/285/10
f 4174/283/10 4110/285/10 4111/286/10
f 4174/283/10 4111/286/10 4112/287/10
f 4173/288/10 4174/283/10 4112/287/10
f 4173/288/10 4112/287/10 4113/289/10
f 4172/290/10 4173/288/10 4113/289/10
f 4172/290/10 4113/289/10 4114/291/10
f 4172/290/10 4114/291/10 4115/292/10
f 4171/293/10 4172/290/10 4115/292/10
f 4171/293/10 4115/292/10 4116/294/10
f 4170/295/10 4171/293/10 4116/294/10
f 4170/295/10 4116/294/10 4117/296/10
f 4169/297/10 4170/295/10 4117/296/10
f 4169/297/10 4117/296/10 4147/298/10
f 4147/298/10 4117/296/10 4118/299/10
f 4169/297/10 4147/298/10 4148/300/10
f 4146/301/10 4147/298/10 4118/299/10
f 4146/301/10 4118/299/10 4119/302/10
f 4168/303/10 4169/297/10 4148/300/10
f 4168/303/10 4148/300/10 4149/304/10
f 4145/305/10 4146/301/10 4119/302/10
f 4145/305/10 4119/302/10 4120/306/10
f 4167/307/10 4168/303/10 4149/304/10
f 4167/307/10 4149/304/10 4150/308/10
f 4145/305/10 4120/306/10 4121/309/10
f 4166/310/10 4167/307/10 4150/308/10
f 4166/310/10 4150/308/10 4151/311/10
f 4144/312/10 4145/305/10 4121/309/10
f 4144/312/10 4121/309/10 4122/313/10
f 4166/310/10 4151/311/10 4152/314/10
f 4165/315/10 4166/310/10 4152/314/10
f 4165/315/10 4152/314/10 4153/316/10
f 4164/317/10 4165/315/10 4153/316/10
f 4144/312/10 4122/313/10 4123/318/10
f 4143/319/10 4144/312/10 4123/318/10
f 4164/317/10 4153/316/10 4154/320/10
f 4163/321/10 4164/317/10 4154/320/10
f 4143/319/10 4123/318/10 4124/322/10
f 4163/321/10 4154/320/10 4155/323/10
f 4162/324/10 4163/321/10 4155/323/10
f 4142/325/10 4143/319/10 4124/322/10
f 4162/324/10 4155/323/10 4156/326/10
f 4161/327/10 4162/324/10 4156/326/10
f 4161/327/10 4156/326/10 4157/328/10
f 4142/325/10 4124/322/10 4125/329/10
f 4160/330/10 4161/327/10 4157/328/10
f 4160/330/10 4157/328/10 4158/331/10
f 4159/332/10 4160/330/10 4158/331/10
f 4141/333/10 4142/325/10 4125/329/10
f 4141/333/10 4125/329/10 4126/334/10
f 4141/333/10 4126/334/10 4127/335/10
f 4140/336/10 4141/333/10 4127/335/10
f 4140/336/10 4127/335/10 4128/337/10
f 4139/338/10 4140/336/10 4128/337/10
f 4139/338/10 4128/337/10 4129/339/10
f 4139/338/10 4129/339/10 4130/340/10
f 4138/341/10 4139/338/10 4130/340/10
f 4138/341/10 4130/340/10 4131/342/10
f 4137/343/10 4138/341/10 4131/342/10
f 4137/343/10 4131/342/10 4132/344/10
f 4137/343/10 4132/344/10 4133/345/10
f 4136/346/10 4137/343/10 4133/345/10
f 4136/346/10 4133/345/10 4134/347/10
f 4135/348/10 4136/346/10 4134/347/10
f 4542/1674/10 4543/1676/10 4544/1675/10
f 4541/1677/10 4542/1674/10 4544/1675/10
f 4541/1677/10 4544/1675/10 4545/1678/10
f 4540/1679/10 4541/1677/10 4545/1678/10
f 4540/1679/10 4545/1678/10 4546/1680/10
f 4539/1681/10 4540/1679/10 4546/1680/10
f 4539/1681/10 4546/1680/10 4547/1682/10
f 4538/1683/10 4539/1681/10 4547/1682/10
f 4538/1683/10 4547/1682/10 4548/1684/10
f 4538/1683/10 4548/1684/10 4549/509/10
f 4537/1685/10 4538/1683/10 4549/509/10
f 4537/1685/10 4549/509/10 4550/1686/10
f 4537/1685/10 4550/1686/10 4551/1687/10
f 4537/1685/10 4551/1687/10 4552/1688/10
f 4537/1685/10 4552/1688/10 4553/1689/10
f 4536/1690/10 4537/1685/10 4553/1689/10
f 4536/1690/10 4553/1689/10 4554/1691/10
f 4536/1690/10 4554/1691/10 4555/1692/10
f 4536/1690/10 4555/1692/10 4556/1693/10
f 4536/1690/10 4556/1693/10 4557/1694/10
f 4536/1690/10 4557/1694/10 4558/1695/10
f 4535/1696/10 4536/1690/10 4558/1695/10
f 4535/1696/10 4558/1695/10 4559/1697/10
f 4535/1696/10 4559/1697/10 4560/1698/10
f 4534/1699/10 4535/1696/10 4560/1698/10
f 4534/1699/10 4560/1698/10 4561/1700/10
f 4534/1699/10 4561/1700/10 4562/1701/10
f 4533/1702/10 4534/1699/10 4562/1701/10
f 4533/1702/10 4562/1701/10 4563/1703/10
f 4533/1702/10 4563/1703/10 4564/1704/10
f 4532/1705/10 4533/1702/10 4564/1704/10
f 4532/1705/10 4564/1704/10 4565/1706/10
f 4531/1707/10 4532/1705/10 4565/1706/10
f 4531/1707/10 4565/1706/10 4566/1708/10
f 4530/1709/10 4531/1707/10 4566/1708/10
f 4530/1709/10 4566/1708/10 4567/1710/10
f 4530/1709/10 4567/1710/10 4568/1711/10
f 4529/619/10 4530/1709/10 4568/1711/10
f 4529/619/10 4568/1711/10 4569/1712/10
f 4528/1713/10 4529/619/10 4569/1712/10
f 4527/1714/10 4528/1713/10 4569/1712/10
f 4526/1715/10 4527/1714/10 4569/1712/10
f 4525/1716/10 4526/1715/10 4569/1712/10
f 4525/1716/10 4569/1712/10 4570/1717/10
f 4524/522/10 4525/1716/10 4570/1717/10
f 4523/1718/10 4524/522/10 4570/1717/10
f 4522/1719/10 4523/1718/10 4570/1717/10
f 4521/1720/10 4522/1719/10 4570/1717/10
f 4521/1720/10 4570/1717/10 4571/1721/10
f 4520/1722/10 4521/1720/10 4571/1721/10
f 4519/1723/10 4520/1722/10 4664/1724/10
f 4664/1724/10 4520/1722/10 4571/1721/10
f 4664/1724/10 4571/1721/10 4572/1725/10
f 4664/1724/10 4572/1725/10 4573/1726/10
f 4519/1723/10 4664/1724/10 4665/1727/10
f 4663/1728/10 4664/1724/10 4573/1726/10
f 4663/1728/10 4573/1726/10 4574/454/10
f 4662/1729/10 4663/1728/10 4574/454/10
f 4661/1730/10 4662/1729/10 4574/454/10
f 4660/1731/10 4661/1730/10 4574/454/10
f 4659/597/10 4660/1731/10 4574/454/10
f 4658/1732/10 4659/597/10 4574/454/10
f 4657/1733/10 4658/1732/10 4574/454/10
f 4656/1734/10 4657/1733/10 4574/454/10
f 4655/1735/10 4656/1734/10 4574/454/10
f 4654/1736/10 4655/1735/10 4574/454/10
f 4653/1737/10 4654/1736/10 4574/454/10
f 4652/1738/10 4653/1737/10 4574/454/10
f 4651/1739/10 4652/1738/10 4574/454/10
f 4650/1740/10 4651/1739/10 4574/454/10
f 4649/371/10 4650/1740/10 4574/454/10
f 4648/1741/10 4649/371/10 4574/454/10
f 4647/1742/10 4648/1741/10 4574/454/10
f 4646/1743/10 4647/1742/10 4574/454/10
f 4645/1744/10 4646/1743/10 4574/454/10
f 4645/1744/10 4574/454/10 4575/1745/10
f 4644/1746/10 4645/1744/10 4575/1745/10
f 4643/1747/10 4644/1746/10 4575/1745/10
f 4642/1748/10 4643/1747/10 4575/1745/10
f 4642/1748/10 4575/1745/10 4576/1749/10
f 4641/1750/10 4642/1748/10 4576/1749/10
f 4640/1751/10 4641/1750/10 4576/1749/10
f 4724/73/10 4640/1751/10 4576/1749/10
f 4724/73/10 4576/1749/10 4577/1752/10
f 4723/1753/10 4724/73/10 4577/1752/10
f 4722/1754/10 4723/1753/10 4577/1752/10
f 4721/1755/10 4722/1754/10 4577/1752/10
f 4721/1755/10 4577/1752/10 4578/1756/10
f 4720/1757/10 4721/1755/10 4578/1756/10
f 4719/1758/10 4720/1757/10 4578/1756/10
f 4718/1759/10 4719/1758/10 4578/1756/10
f 4718/1759/10 4578/1756/10 4579/1760/10
f 4717/1761/10 4718/1759/10 4579/1760/10
f 4716/1762/10 4717/1761/10 4579/1760/10
f 4715/1763/10 4716/1762/10 4579/1760/10
f 4715/1763/10 4579/1760/10 4580/1764/10
f 4714/1765/10 4715/1763/10 4580/1764/10
f 4713/1766/10 4714/1765/10 4580/1764/10
f 4712/1767/10 4713/1766/10 4580/1764/10
f 4712/1767/10 4580/1764/10 4581/1768/10
f 4711/1769/10 4712/1767/10 4581/1768/10
f 4710/1770/10 4711/1769/10 4581/1768/10
f 4709/1771/10 4710/1770/10 4581/1768/10
f 4708/1772/10 4709/1771/10 4581/1768/10
f 4708/1772/10 4581/1768/10 4582/1773/10
f 4707/1774/10 4708/1772/10 4582/1773/10
f 4706/1775/10 4707/1774/10 4582/1773/10
f 4705/1776/10 4706/1775/10 4582/1773/10
f 4704/1777/10 4705/1776/10 4582/1773/10
f 4704/1777/10 4582/1773/10 4583/1778/10
f 4703/1779/10 4704/1777/10 4583/1778/10
f 4702/1780/10 4703/1779/10 4583/1778/10
f 4701/1781/10 4702/1780/10 4583/1778/10
f 4701/1781/10 4583/1778/10 4584/1782/10
f 4700/1783/10 4701/1781/10 4584/1782/10
f 4699/354/10 4700/1783/10 4584/1782/10
f 4698/1784/10 4699/354/10 4584/1782/10
f 4698/1784/10 4584/1782/10 4585/1785/10
f 4697/1786/10 4698/1784/10 4585/1785/10
f 4696/1787/10 4697/1786/10 4585/1785/10
f 4695/1788/10 4696/1787/10 4585/1785/10
f 4694/1789/10 4695/1788/10 4585/1785/10
f 4694/1789/10 4585/1785/10 4586/1790/10
f 4693/1791/10 4694/1789/10 4586/1790/10
f 4692/1792/10 4693/1791/10 4586/1790/10
f 4691/1793/10 4692/1792/10 4586/1790/10
f 4691/1793/10 4586/1790/10 4587/1794/10
f 4690/1795/10 4691/1793/10 4587/1794/10
f 4689/1796/10 4690/1795/10 4587/1794/10
f 4688/1797/10 4689/1796/10 4587/1794/10
f 4688/1797/10 4587/1794/10 4588/1798/10
f 4687/1799/10 4688/1797/10 4588/1798/10
f 4686/1800/10 4687/1799/10 4588/1798/10
f 4685/1801/10 4686/1800/10 4588/1798/10
f 4685/1801/10 4588/1798/10 4589/1802/10
f 4684/1803/10 4685/1801/10 4589/1802/10
f 4683/1804/10 4684/1803/10 4589/1802/10
f 4683/1804/10 4589/1802/10 4590/1805/10
f 4682/1806/10 4683/1804/10 4590/1805/10
f 4681/1807/10 4682/1806/10 4590/1805/10
f 4680/1808/10 4681/1807/10 4590/1805/10
f 4679/1809/10 4680/1808/10 4590/1805/10
f 4678/1810/10 4679/1809/10 4590/1805/10
f 4519/1723/10 4665/1727/10 4666/1811/10
f 4519/1723/10 4666/1811/10 4667/1812/10
f 4519/1723/10 4667/1812/10 4668/1813/10
f 4519/1723/10 4668/1813/10 4669/1814/10
f 4519/1723/10 4669/1814/10 4670/1815/10
f 4677/1816/10 4678/1810/10 4590/1805/10
f 4519/1723/10 4670/1815/10 4671/1817/10
f 4519/1723/10 4671/1817/10 4672/1818/10
f 4519/1723/10 4672/1818/10 4673/1819/10
f 4519/1723/10 4673/1819/10 4674/382/10
f 4519/1723/10 4674/382/10 4675/1820/10
f 4519/1723/10 4675/1820/10 4676/1821/10
f 4519/1723/10 4676/1821/10 4677/1816/10
f 4519/1723/10 4677/1816/10 4590/1805/10
f 4519/1723/10 4590/1805/10 4591/1822/10
f 4519/1723/10 4591/1822/10 4592/1823/10
f 4519/1723/10 4592/1823/10 4593/1824/10
f 4519/1723/10 4593/1824/10 4594/818/10
f 4519/1723/10 4594/818/10 4595/1825/10
f 4519/1723/10 4595/1825/10 4596/1826/10
f 4519/1723/10 4596/1826/10 4597/1827/10
f 4519/1723/10 4597/1827/10 4598/1828/10
f 4519/1723/10 4598/1828/10 4599/418/10
f 4519/1723/10 4599/418/10 4600/1829/10
f 4519/1723/10 4600/1829/10 4601/1830/10
f 4519/1723/10 4601/1830/10 4602/1831/10
f 4518/1832/10 4519/1723/10 4602/1831/10
f 4518/1832/10 4602/1831/10 4603/1833/10
f 4517/1834/10 4518/1832/10 4603/1833/10
f 4517/1834/10 4603/1833/10 4604/1835/10
f 4516/1836/10 4517/1834/10 4604/1835/10
f 4516/1836/10 4604/1835/10 4605/1837/10
f 4515/1838/10 4516/1836/10 4605/1837/10
f 4514/1839/10 4515/1838/10 4605/1837/10
f 4514/1839/10 4605/1837/10 4606/1840/10
f 4513/1841/10 4514/1839/10 4606/1840/10
f 4513/1841/10 4606/1840/10 4607/1842/10
f 4512/1843/10 4513/1841/10 4607/1842/10
f 4512/1843/10 4607/1842/10 4608/1844/10
f 4511/1845/10 4512/1843/10 4435/1846/10
f 4435/1846/10 4512/1843/10 4608/1844/10
f 4511/1845/10 4435/1846/10 4436/1847/10
f 4434/1848/10 4435/1846/10 4608/1844/10
f 4510/1849/10 4511/1845/10 4436/1847/10
f 4434/1848/10 4608/1844/10 4609/1850/10
f 4433/1851/10 4434/1848/10 4609/1850/10
f 4509/1852/10 4510/1849/10 4436/1847/10
f 4433/1851/10 4609/1850/10 4610/1853/10
f 4432/1854/10 4433/1851/10 4610/1853/10
f 4509/1852/10 4436/1847/10 4437/1855/10
f 4508/1856/10 4509/1852/10 4437/1855/10
f 4432/1854/10 4610/1853/10 4611/1857/10
f 4431/1858/10 4432/1854/10 4611/1857/10
f 4507/1859/10 4508/1856/10 4437/1855/10
f 4431/1858/10 4611/1857/10 4612/1860/10
f 4507/1859/10 4437/1855/10 4438/1861/10
f 4430/1862/10 4431/1858/10 4612/1860/10
f 4506/1863/10 4507/1859/10 4438/1861/10
f 4430/1862/10 4612/1860/10 4613/1864/10
f 4429/1865/10 4430/1862/10 4613/1864/10
f 4505/1866/10 4506/1863/10 4438/1861/10
f 4505/1866/10 4438/1861/10 4439/1867/10
f 4429/1865/10 4613/1864/10 4614/1868/10
f 4504/1869/10 4505/1866/10 4439/1867/10
f 4428/1870/10 4429/1865/10 4614/1868/10
f 4428/1870/10 4614/1868/10 4615/1871/10
f 4504/1869/10 4439/1867/10 4440/1872/10
f 4503/1873/10 4504/1869/10 4440/1872/10
f 4428/1870/10 4615/1871/10 4616/1874/10
f 4427/1875/10 4428/1870/10 4616/1874/10
f 4502/1876/10 4503/1873/10 4440/1872/10
f 4502/1876/10 4440/1872/10 4441/1877/10
f 4427/1875/10 4616/1874/10 4617/1878/10
f 4501/1879/10 4502/1876/10 4441/1877/10
f 4427/1875/10 4617/1878/10 4618/1880/10
f 4427/1875/10 4618/1880/10 4619/1881/10
f 4426/1882/10 4427/1875/10 4619/1881/10
f 4501/1879/10 4441/1877/10 4442/1883/10
f 4500/1884/10 4501/1879/10 4442/1883/10
f 4426/1882/10 4619/1881/10 4620/1885/10
f 4426/1882/10 4620/1885/10 4621/1886/10
f 4426/1882/10 4621/1886/10 4622/1887/10
f 4499/494/10 4500/1884/10 4442/1883/10
f 4499/494/10 4442/1883/10 4443/1888/10
f 4426/1882/10 4622/1887/10 4623/1889/10
f 4426/1882/10 4623/1889/10 4624/402/10
f 4425/1890/10 4426/1882/10 4624/402/10
f 4498/1891/10 4499/494/10 4443/1888/10
f 4425/1890/10 4624/402/10 4625/1892/10
f 4498/1891/10 4443/1888/10 4444/1893/10
f 4425/1890/10 4625/1892/10 4626/1894/10
f 4497/1895/10 4498/1891/10 4444/1893/10
f 4425/1890/10 4626/1894/10 4627/1896/10
f 4497/1895/10 4444/1893/10 4445/1897/10
f 4425/1890/10 4627/1896/10 4628/1898/10
f 4496/1899/10 4497/1895/10 4445/1897/10
f 4425/1890/10 4628/1898/10 4629/1900/10
f 4424/461/10 4425/1890/10 4629/1900/10
f 4496/1899/10 4445/1897/10 4446/1901/10
f 4424/461/10 4629/1900/10 4630/1902/10
f 4495/1903/10 4496/1899/10 4446/1901/10
f 4495/1903/10 4446/1901/10 4447/1904/10
f 4424/461/10 4630/1902/10 4631/1905/10
f 4494/1906/10 4495/1903/10 4447/1904/10
f 4494/1906/10 4447/1904/10 4448/1907/10
f 4424/461/10 4631/1905/10 4632/1908/10
f 4493/1909/10 4494/1906/10 4448/1907/10
f 4493/1909/10 4448/1907/10 4449/474/10
f 4424/461/10 4632/1908/10 4633/1910/10
f 4492/1911/10 4493/1909/10 4449/474/10
f 4492/1911/10 4449/474/10 4450/1912/10
f 4424/461/10 4633/1910/10 4634/1913/10
f 4423/1914/10 4424/461/10 4634/1913/10
f 4491/1915/10 4492/1911/10 4450/1912/10
f 4491/1915/10 4450/1912/10 4451/1916/10
f 4423/1914/10 4634/1913/10 4635/1917/10
f 4490/1918/10 4491/1915/10 4451/1916/10
f 4490/1918/10 4451/1916/10 4452/1919/10
f 4423/1914/10 4635/1917/10 4636/1920/10
f 4423/1914/10 4636/1920/10 4637/1921/10
f 4489/1922/10 4490/1918/10 4452/1919/10
f 4489/1922/10 4452/1919/10 4453/1923/10
f 4423/1914/10 4637/1921/10 4638/1924/10
f 4488/1925/10 4489/1922/10 4453/1923/10
f 4488/1925/10 4453/1923/10 4454/1926/10
f 4423/1914/10 4638/1924/10 4639/1927/10
f 4487/1928/10 4488/1925/10 4454/1926/10
f 4487/1928/10 4454/1926/10 4455/1929/10
f 4423/1914/10 4639/1927/10 4399/76/10
f 4486/1930/10 4487/1928/10 4455/1929/10
f 4486/1930/10 4455/1929/10 4456/1931/10
f 4422/1932/10 4423/1914/10 4399/76/10
f 4422/1932/10 4399/76/10 4400/1933/10
f 4485/1934/10 4486/1930/10 4456/1931/10
f 4485/1934/10 4456/1931/10 4457/1935/10
f 4421/1936/10 4422/1932/10 4400/1933/10
f 4421/1936/10 4400/1933/10 4401/1937/10
f 4484/1938/10 4485/1934/10 4457/1935/10
f 4484/1938/10 4457/1935/10 4458/1939/10
f 4420/1940/10 4421/1936/10 4401/1937/10
f 4420/1940/10 4401/1937/10 4402/1941/10
f 4419/1942/10 4420/1940/10 4402/1941/10
f 4483/1943/10 4484/1938/10 4458/1939/10
f 4483/1943/10 4458/1939/10 4459/1944/10
f 4419/1942/10 4402/1941/10 4403/1945/10
f 4418/1946/10 4419/1942/10 4403/1945/10
f 4418/1946/10 4403/1945/10 4404/1947/10
f 4482/1948/10 4483/1943/10 4459/1944/10
f 4482/1948/10 4459/1944/10 4460/1949/10
f 4417/1950/10 4418/1946/10 4404/1947/10
f 4417/1950/10 4404/1947/10 4405/1951/10
f 4416/1952/10 4417/1950/10 4405/1951/10
f 4481/1953/10 4482/1948/10 4460/1949/10
f 4481/1953/10 4460/1949/10 4461/1954/10
f 4416/1952/10 4405/1951/10 4406/1955/10
f 4415/1956/10 4416/1952/10 4406/1955/10
f 4415/1956/10 4406/1955/10 4407/1957/10
f 4414/1958/10 4415/1956/10 4407/1957/10
f 4414/1958/10 4407/1957/10 4408/1959/10
f 4480/1960/10 4481/1953/10 4461/1954/10
f 4480/1960/10 4461/1954/10 4462/1961/10
f 4413/1962/10 4414/1958/10 4408/1959/10
f 4413/1962/10 4408/1959/10 4409/1963/10
f 4412/1964/10 4413/1962/10 4409/1963/10
f 4412/1964/10 4409/1963/10 4410/1965/10
f 4411/1966/10 4412/1964/10 4410/1965/10
f 4479/1967/10 4480/1960/10 4462/1961/10
f 4479/1967/10 4462/1961/10 4463/1968/10
f 4478/1969/10 4479/1967/10 4463/1968/10
f 4478/1969/10 4463/1968/10 4464/721/10
f 4477/1970/10 4478/1969/10 4464/721/10
f 4477/1970/10 4464/721/10 4465/1971/10
f 4476/1972/10 4477/1970/10 4465/1971/10
f 4476/1972/10 4465/1971/10 4466/1973/10
f 4475/1974/10 4476/1972/10 4466/1973/10
f 4475/1974/10 4466/1973/10 4467/1975/10
f 4474/438/10 4475/1974/10 4467/1975/10
f 4474/438/10 4467/1975/10 4468/1976/10
f 4473/1977/10 4474/438/10 4468/1976/10
f 4473/1977/10 4468/1976/10 4469/1978/10
f 4472/1979/10 4473/1977/10 4469/1978/10
f 4472/1979/10 4469/1978/10 4470/1980/10
f 4471/1981/10 4472/1979/10 4470/1980/10
s 1
f 4726/1982/19 4728/1983/20 4727/1984/20 4725/76/19
f 4728/1983/20 4730/1985/21 4729/1986/21 4727/1984/20
f 4730/1985/21 4732/1987/22 4731/1988/22 4729/1986/21
f 4732/1987/22 4734/1989/23 4733/1990/23 4731/1988/22
f 4734/1989/23 4736/1991/24 4735/1992/24 4733/1990/23
f 4736/1991/24 4738/1993/25 4737/1994/25 4735/1992/24
f 4738/1993/25 4740/1995/26 4739/1996/26 4737/1994/25
f 4740/1995/26 4742/1997/27 4741/1998/27 4739/1996/26
f 4742/1997/27 4744/1999/28 4743/2000/28 4741/1998/27
f 4744/1999/28 4746/2001/29 4745/2002/29 4743/2000/28
f 4746/2001/29 4748/2003/30 4747/2004/30 4745/2002/29
f 4748/2003/30 4750/2005/31 4749/2006/31 4747/2004/30
f 4750/2005/31 4752/2007/32 4751/2008/32 4749/2006/31
f 4752/2007/32 4754/2009/33 4753/2010/33 4751/2008/32
f 4754/2009/33 4756/2011/34 4755/2012/34 4753/2010/33
f 4756/2011/34 4758/2013/35 4757/2014/35 4755/2012/34
f 4758/2013/35 4760/2015/36 4759/2016/36 4757/2014/35
f 4760/2015/36 4762/2017/37 4761/2018/37 4759/2016/36
f 4762/2017/37 4764/2019/38 4763/2020/38 4761/2018/37
f 4764/2019/38 4766/2021/39 4765/2022/39 4763/2020/38
f 4766/2021/39 4768/2023/40 4767/2024/40 4765/2022/39
f 4768/2023/40 4770/2025/41 4769/2026/41 4767/2024/40
f 4770/2025/41 4772/2027/42 4771/2028/42 4769/2026/41
f 4772/2027/42 4774/2029/43 4773/2030/43 4771/2028/42
f 4774/2029/43 4776/2031/44 4775/2032/44 4773/2030/43
f 4776/2031/44 4778/2033/45 4777/2034/45 4775/2032/44
f 4778/2033/45 4780/2035/46 4779/2036/46 4777/2034/45
f 4780/2035/46 4782/2037/47 4781/2038/47 4779/2036/46
f 4782/2037/47 4784/2039/48 4783/2040/48 4781/2038/47
f 4784/2039/48 4786/2041/49 4785/2042/49 4783/2040/48
f 4786/2041/49 4788/2043/50 4787/2044/50 4785/2042/49
f 4788/2043/50 4790/2045/51 4789/2046/51 4787/2044/50
f 4790/2045/51 4792/2047/52 4791/2048/52 4789/2046/51
f 4792/2047/52 4794/2049/53 4793/2050/53 4791/2048/52
f 4794/2049/53 4796/2051/54 4795/2052/54 4793/2050/53
f 4796/2051/54 4798/2053/55 4797/2054/55 4795/2052/54
f 4798/2053/55 4800/2055/56 4799/2056/56 4797/2054/55
f 4800/2055/56 4802/2057/57 4801/2058/57 4799/2056/56
f 4802/2057/57 4804/2059/58 4803/2060/58 4801/2058/57
f 4804/2059/58 4806/2061/59 4805/2062/59 4803/2060/58
f 4806/2061/59 4808/2063/60 4807/2064/60 4805/2062/59
f 4808/2063/60 4810/2065/61 4809/2066/61 4807/2064/60
f 4810/2065/61 4812/2067/62 4811/2068/62 4809/2066/61
f 4812/2067/62 4814/2069/63 4813/2070/63 4811/2068/62
f 4814/2069/63 4816/2071/64 4815/2072/64 4813/2070/63
f 4816/2071/64 4818/2073/65 4817/2074/65 4815/2072/64
f 4818/2073/65 4820/2075/66 4819/2076/66 4817/2074/65
f 4820/2075/66 4822/2077/67 4821/2078/67 4819/2076/66
f 4822/2077/67 4824/2079/68 4823/2080/68 4821/2078/67
f 4824/2079/68 4826/2081/69 4825/2082/69 4823/2080/68
f 4826/2081/69 4828/2083/70 4827/2084/70 4825/2082/69
f 4828/2083/70 4830/2085/71 4829/2086/71 4827/2084/70
f 4830/2085/71 4832/2087/72 4831/2088/72 4829/2086/71
f 4832/2087/72 4834/2089/73 4833/2090/73 4831/2088/72
f 4834/2089/73 4836/2091/74 4835/2092/74 4833/2090/73
f 4836/2091/74 4838/2093/75 4837/2094/75 4835/2092/74
f 4838/2093/75 4840/2095/76 4839/2096/76 4837/2094/75
f 4840/2095/76 4842/2097/77 4841/2098/77 4839/2096/76
f 4842/2097/77 4844/2099/78 4843/2100/78 4841/2098/77
f 4844/2099/78 4846/2101/79 4845/2102/79 4843/2100/78
f 4846/2101/79 4848/2103/80 4847/2104/80 4845/2102/79
f 4848/2103/80 4850/2105/81 4849/2106/81 4847/2104/80
f 4850/2105/81 4852/2107/82 4851/2108/82 4849/2106/81
f 4852/2107/82 4854/2109/83 4853/2110/83 4851/2108/82
f 4854/2109/83 4856/2111/84 4855/2112/84 4853/2110/83
f 4856/2111/84 4858/2113/85 4857/2114/85 4855/2112/84
f 4858/2113/85 4860/2115/86 4859/2116/86 4857/2114/85
f 4860/2115/86 4862/2117/87 4861/2118/87 4859/2116/86
f 4862/2117/87 4864/2119/88 4863/2120/88 4861/2118/87
f 4864/2119/88 4866/2121/89 4865/2122/89 4863/2120/88
f 4866/2121/89 4868/2123/90 4867/2124/90 4865/2122/89
f 4868/2123/90 4870/2125/91 4869/2126/91 4867/2124/90
f 4870/2125/91 4872/2127/92 4871/2128/92 4869/2126/91
f 4872/2127/92 4874/2129/93 4873/2130/93 4871/2128/92
f 4874/2129/93 4876/2131/94 4875/2132/94 4873/2130/93
f 4876/2131/94 4878/2133/95 4877/2134/95 4875/2132/94
f 4878/2133/95 4880/2135/96 4879/2136/96 4877/2134/95
f 4880/2135/96 4882/2137/97 4881/2138/97 4879/2136/96
f 4882/2137/97 4884/2139/98 4883/2140/98 4881/2138/97
f 4884/2139/98 4886/2141/99 4885/2142/99 4883/2140/98
f 4886/2141/99 4888/2143/100 4887/2144/100 4885/2142/99
f 4888/2143/100 4890/2145/101 4889/2146/101 4887/2144/100
f 4890/2145/101 4892/2147/102 4891/2148/102 4889/2146/101
f 4892/2147/102 4894/2149/103 4893/2150/103 4891/2148/102
f 4894/2149/103 4896/2151/104 4895/2152/104 4893/2150/103
f 4896/2151/104 4898/2153/105 4897/2154/105 4895/2152/104
f 4898/2153/105 4900/2155/106 4899/2156/106 4897/2154/105
f 4900/2155/106 4902/2157/107 4901/2158/107 4899/2156/106
f 4902/2157/107 4904/2159/108 4903/2160/108 4901/2158/107
f 4904/2159/108 4906/2161/109 4905/2162/109 4903/2160/108
f 4906/2161/109 4908/2163/110 4907/2164/110 4905/2162/109
f 4908/2163/110 4910/2165/111 4909/2166/111 4907/2164/110
f 4910/2165/111 4912/2167/112 4911/2168/112 4909/2166/111
f 4912/2167/112 4914/2169/113 4913/2170/113 4911/2168/112
f 4914/2169/113 4916/2171/114 4915/2172/114 4913/2170/113
f 4916/2171/114 4918/2173/115 4917/2174/115 4915/2172/114
f 4918/2173/115 4920/2175/116 4919/2176/116 4917/2174/115
f 4920/2175/116 4922/2177/117 4921/2178/117 4919/2176/116
f 4922/2177/117 4924/2179/118 4923/2180/118 4921/2178/117
f 4924/2179/118 4926/2181/119 4925/2182/119 4923/2180/118
f 4926/2181/119 4928/2183/120 4927/2184/120 4925/2182/119
f 4928/2183/120 4930/2185/121 4929/2186/121 4927/2184/120
f 4930/2185/121 4932/2187/122 4931/2188/122 4929/2186/121
f 4932/2187/122 4934/2189/123 4933/2190/123 4931/2188/122
f 4934/2189/123 4936/2191/124 4935/2192/124 4933/2190/123
f 4936/2191/124 4938/2193/125 4937/2194/125 4935/2192/124
f 4938/2193/125 4940/2195/126 4939/2196/126 4937/2194/125
f 4940/2195/126 4942/2197/127 4941/2198/127 4939/2196/126
f 4942/2197/127 4944/2199/126 4943/2200/126 4941/2198/127
f 4944/2199/126 4946/2201/125 4945/2202/125 4943/2200/126
f 4946/2201/125 4948/2203/124 4947/2204/124 4945/2202/125
f 4948/2203/124 4950/2205/123 4949/2206/123 4947/2204/124
f 4950/2205/123 4952/2207/122 4951/2208/122 4949/2206/123
f 4952/2207/122 4954/2209/121 4953/2210/121 4951/2208/122
f 4954/2209/121 4956/2211/120 4955/2212/120 4953/2210/121
f 4956/2211/120 4958/2213/119 4957/2214/119 4955/2212/120
f 4958/2213/119 4960/2215/118 4959/2216/118 4957/2214/119
f 4960/2215/118 4962/2217/117 4961/2218/117 4959/2216/118
f 4962/2217/117 4964/2219/116 4963/2220/116 4961/2218/117
f 4964/2219/116 4966/2221/128 4965/2222/128 4963/2220/116
f 4966/2221/128 4968/2223/129 4967/2224/129 4965/2222/128
f 4968/2223/129 4970/2225/130 4969/2226/130 4967/2224/129
f 4970/2225/130 4972/2227/131 4971/2228/131 4969/2226/130
f 4972/2227/131 4974/2229/132 4973/2230/132 4971/2228/131
f 4974/2229/132 4976/2231/133 4975/2232/133 4973/2230/132
f 4976/2231/133 4978/2233/134 4977/2234/134 4975/2232/133
f 4978/2233/134 4980/2235/135 4979/2236/135 4977/2234/134
f 4980/2235/135 4982/2237/136 4981/2238/136 4979/2236/135
f 4982/2237/136 4984/2239/137 4983/2240/137 4981/2238/136
f 4984/2239/137 4986/2241/138 4985/2242/138 4983/2240/137
f 4986/2241/138 4988/2243/139 4987/2244/139 4985/2242/138
f 4988/2243/139 4990/2245/140 4989/2246/140 4987/2244/139
f 4990/2245/140 4992/2247/141 4991/2248/141 4989/2246/140
f 4992/2247/141 4994/2249/142 4993/2250/142 4991/2248/141
f 4994/2249/142 4996/2251/143 4995/2252/143 4993/2250/142
f 4996/2251/143 4998/2253/144 4997/2254/144 4995/2252/143
f 4998/2253/144 5000/2255/145 4999/2256/145 4997/2254/144
f 5000/2255/145 5002/2257/146 5001/2258/146 4999/2256/145
f 5002/2257/146 5004/2259/147 5003/2260/147 5001/2258/146
f 5004/2259/147 5006/2261/148 5005/2262/148 5003/2260/147
f 5006/2261/148 5008/2263/149 5007/2264/149 5005/2262/148
f 5008/2263/149 5010/2265/150 5009/2266/150 5007/2264/149
f 5010/2265/150 5012/2267/151 5011/2268/151 5009/2266/150
f 5012/2267/151 5014/2269/152 5013/2270/152 5011/2268/151
f 5014/2269/152 5016/2271/153 5015/2272/153 5013/2270/152
f 5016/2271/153 5018/2273/154 5017/2274/154 5015/2272/153
f 5018/2273/154 5020/2275/155 5019/2276/155 5017/2274/154
f 5020/2275/155 5022/2277/156 5021/2278/156 5019/2276/155
f 5022/2277/156 5024/2279/157 5023/2280/157 5021/2278/156
f 5024/2279/157 5026/2281/158 5025/2282/158 5023/2280/157
f 5026/2281/158 5028/2283/159 5027/2284/159 5025/2282/158
f 5028/2283/159 5030/2285/160 5029/2286/160 5027/2284/159
f 5030/2285/160 5032/2287/161 5031/2288/161 5029/2286/160
f 5032/2287/161 5034/2289/162 5033/2290/162 5031/2288/161
f 5034/2289/162 5036/2291/163 5035/2292/163 5033/2290/162
f 5036/2291/163 5038/2293/164 5037/2294/164 5035/2292/163
f 5038/2293/164 5040/2295/165 5039/2296/165 5037/2294/164
f 5040/2295/165 5042/2297/166 5041/2298/166 5039/2296/165
f 5042/2297/166 5044/2299/167 5043/2300/167 5041/2298/166
f 5044/2299/167 5046/2301/168 5045/2302/168 5043/2300/167
f 5046/2301/168 5048/2303/169 5047/2304/169 5045/2302/168
f 5048/2303/169 5050/2305/170 5049/2306/170 5047/2304/169
f 5050/2305/170 5052/2307/171 5051/2308/171 5049/2306/170
f 5052/2307/171 5054/2309/172 5053/2310/172 5051/2308/171
f 5054/2309/172 5056/2311/173 5055/2312/173 5053/2310/172
f 5056/2311/173 5058/2313/174 5057/2314/174 5055/2312/173
f 5058/2313/174 5060/2315/175 5059/2316/175 5057/2314/174
f 5060/2315/175 5062/2317/176 5061/2318/176 5059/2316/175
f 5062/2317/176 5064/2319/177 5063/2320/177 5061/2318/176
f 5064/2319/177 5066/2321/178 5065/2322/178 5063/2320/177
f 5066/2321/178 5068/2323/179 5067/2324/179 5065/2322/178
f 5068/2323/179 5070/2325/180 5069/2326/180 5067/2324/179
f 5070/2325/180 5072/2327/181 5071/2328/181 5069/2326/180
f 5072/2327/181 5074/2329/182 5073/2330/182 5071/2328/181
f 5074/2329/182 5076/2331/183 5075/2332/183 5073/2330/182
f 5076/2331/183 5078/2333/184 5077/2334/184 5075/2332/183
f 5078/2333/184 5080/2335/185 5079/2336/185 5077/2334/184
f 5080/2335/185 5082/2337/186 5081/2338/186 5079/2336/185
f 5082/2337/186 5084/2339/187 5083/2340/187 5081/2338/186
f 5084/2339/187 5086/2341/188 5085/2342/188 5083/2340/187
f 5086/2341/188 5088/2343/189 5087/2344/189 5085/2342/188
f 5088/2343/189 5090/2345/190 5089/2346/190 5087/2344/189
f 5090/2345/190 5092/2347/191 5091/2348/191 5089/2346/190
f 5092/2347/191 5094/2349/192 5093/2350/192 5091/2348/191
f 5094/2349/192 5096/2351/193 5095/2352/193 5093/2350/192
f 5096/2351/193 5098/2353/194 5097/2354/194 5095/2352/193
f 5098/2353/194 5100/2355/195 5099/2356/195 5097/2354/194
f 5100/2355/195 5102/2357/196 5101/2358/196 5099/2356/195
f 5102/2357/196 5104/2359/197 5103/2360/197 5101/2358/196
f 5104/2359/197 5106/2361/198 5105/2362/198 5103/2360/197
f 5106/2361/198 5108/2363/199 5107/2364/199 5105/2362/198
f 5108/2363/199 5110/2365/200 5109/2366/200 5107/2364/199
f 5110/2365/200 5112/2367/201 5111/2368/201 5109/2366/200
f 5112/2367/201 5114/2369/202 5113/2370/202 5111/2368/201
f 5114/2369/202 5116/2371/203 5115/2372/203 5113/2370/202
f 5116/2371/203 5118/2373/204 5117/2374/204 5115/2372/203
f 5118/2373/204 5120/2375/205 5119/2376/205 5117/2374/204
f 5120/2375/205 5122/2377/206 5121/2378/206 5119/2376/205
f 5122/2377/206 5124/2379/207 5123/2380/207 5121/2378/206
f 5124/2379/207 5126/2381/208 5125/2382/208 5123/2380/207
f 5126/2381/208 5128/2383/209 5127/2384/209 5125/2382/208
f 5128/2383/209 5130/2385/210 5129/2386/210 5127/2384/209
f 5130/2385/210 5132/2387/211 5131/2388/211 5129/2386/210
f 5132/2387/211 5134/2389/212 5133/2390/212 5131/2388/211
f 5134/2389/212 5136/2391/213 5135/2392/213 5133/2390/212
f 5136/2391/213 5138/2393/214 5137/2394/214 5135/2392/213
f 5138/2393/214 5140/2395/215 5139/2396/215 5137/2394/214
f 5140/2395/215 5142/2397/216 5141/2398/216 5139/2396/215
f 5142/2397/216 5144/2399/217 5143/2400/217 5141/2398/216
f 5144/2399/217 5146/2401/218 5145/2402/218 5143/2400/217
f 5146/2401/218 5148/2403/219 5147/2404/219 5145/2402/218
f 5148/2403/219 5150/2405/220 5149/2406/220 5147/2404/219
f 5150/2405/220 5152/2407/221 5151/2408/221 5149/2406/220
f 5152/2407/221 5154/2409/222 5153/2410/222 5151/2408/221
f 5154/2409/222 5156/2411/223 5155/2412/223 5153/2410/222
f 5156/2411/223 5158/2413/224 5157/2414/224 5155/2412/223
f 5158/2413/224 5160/2415/225 5159/2416/225 5157/2414/224
f 5160/2415/225 5162/2417/226 5161/2418/226 5159/2416/225
f 5162/2417/226 5164/2419/227 5163/2420/227 5161/2418/226
f 5164/2419/227 5166/2421/228 5165/2422/228 5163/2420/227
f 5166/2421/228 5168/2423/229 5167/2424/229 5165/2422/228
f 5168/2423/229 5170/2425/230 5169/2426/230 5167/2424/229
f 5170/2425/230 5172/2427/231 5171/2428/231 5169/2426/230
f 5172/2427/231 5174/2429/232 5173/2430/232 5171/2428/231
f 5174/2429/232 5176/2431/233 5175/2432/233 5173/2430/232
f 5176/2431/233 5178/2433/234 5177/2434/234 5175/2432/233
f 5178/2433/234 5180/2435/235 5179/2436/235 5177/2434/234
f 5180/2435/235 5182/2437/236 5181/2438/236 5179/2436/235
f 5182/2437/236 5184/2439/237 5183/2440/237 5181/2438/236
f 5184/2439/237 5186/2441/238 5185/2442/238 5183/2440/237
f 5186/2441/238 5188/2443/239 5187/2444/239 5185/2442/238
f 5188/2443/239 5190/2445/240 5189/2446/240 5187/2444/239
f 5190/2445/240 5192/2447/241 5191/2448/241 5189/2446/240
f 5192/2447/241 5194/2449/242 5193/2450/242 5191/2448/241
f 5194/2449/242 5196/2451/243 5195/2452/243 5193/2450/242
f 5196/2451/243 5198/2453/244 5197/2454/244 5195/2452/243
f 5198/2453/244 5200/2455/245 5199/2456/245 5197/2454/244
f 5200/2455/245 5202/2457/246 5201/2458/246 5199/2456/245
f 5202/2457/246 5204/2459/247 5203/2460/247 5201/2458/246
f 5204/2459/247 5206/2461/248 5205/2462/248 5203/2460/247
f 5206/2461/248 4726/2463/19 4725/73/19 5205/2462/248
f 5208/1982/249 5210/2464/250 5209/2465/250 5207/76/249
f 5210/2464/250 5212/2466/251 5211/2467/251 5209/2465/250
f 5212/2466/251 5214/2468/252 5213/2469/252 5211/2467/251
f 5214/2468/252 5216/2470/253 5215/2471/253 5213/2469/252
f 5216/2470/253 5218/2472/254 5217/2473/254 5215/2471/253
f 5218/2472/254 5220/2474/255 5219/2475/255 5217/2473/254
f 5220/2474/255 5222/2476/256 5221/2477/256 5219/2475/255
f 5222/2476/256 5224/2478/257 5223/2479/257 5221/2477/256
f 5224/2478/257 5226/2480/258 5225/2481/258 5223/2479/257
f 5226/2480/258 5228/2482/259 5227/2483/259 5225/2481/258
f 5228/2482/259 5230/2484/260 5229/2485/260 5227/2483/259
f 5230/2484/260 5232/2486/261 5231/2487/261 5229/2485/260
f 5232/2486/261 5234/2488/262 5233/2489/262 5231/2487/261
f 5234/2488/262 5236/2490/263 5235/2491/263 5233/2489/262
f 5236/2490/263 5238/2492/264 5237/2493/264 5235/2491/263
f 5238/2492/264 5240/2494/265 5239/2495/265 5237/2493/264
f 5240/2494/265 5242/2496/266 5241/721/266 5239/2495/265
f 5242/2496/266 5244/2497/267 5243/2498/267 5241/721/266
f 5244/2497/267 5246/2499/268 5245/2500/268 5243/2498/267
f 5246/2499/268 5248/2501/269 5247/2502/269 5245/2500/268
f 5248/2501/269 5250/2503/270 5249/2504/270 5247/2502/269
f 5250/2503/270 5252/2505/271 5251/2506/271 5249/2504/270
f 5252/2505/271 5254/2507/272 5253/2508/272 5251/2506/271
f 5254/2507/272 5256/2509/273 5255/2510/273 5253/2508/272
f 5256/2509/273 5258/2511/274 5257/2512/274 5255/2510/273
f 5258/2511/274 5260/2513/275 5259/2514/275 5257/2512/274
f 5260/2513/275 5262/2515/276 5261/2516/276 5259/2514/275
f 5262/2515/276 5264/2517/277 5263/2518/277 5261/2516/276
f 5264/2517/277 5266/2519/278 5265/2520/278 5263/2518/277
f 5266/2519/278 5268/2521/279 5267/2522/279 5265/2520/278
f 5268/2521/279 5270/2523/280 5269/2524/280 5267/2522/279
f 5270/2523/280 5272/2525/281 5271/2526/281 5269/2524/280
f 5272/2525/281 5274/2527/282 5273/2528/282 5271/2526/281
f 5274/2527/282 5276/2529/283 5275/619/283 5273/2528/282
f 5276/2529/283 5278/2530/284 5277/2531/284 5275/619/283
f 5278/2530/284 5280/2532/285 5279/2533/285 5277/2531/284
f 5280/2532/285 5282/2534/286 5281/2535/286 5279/2533/285
f 5282/2534/286 5284/2536/287 5283/2537/287 5281/2535/286
f 5284/2536/287 5286/2538/288 5285/2539/288 5283/2537/287
f 5286/2538/288 5288/2540/289 5287/2541/289 5285/2539/288
f 5288/2540/289 5290/2542/290 5289/2543/290 5287/2541/289
f 5290/2542/290 5292/2544/291 5291/2545/291 5289/2543/290
f 5292/2544/291 5294/2546/292 5293/2547/292 5291/2545/291
f 5294/2546/292 5296/2548/293 5295/2549/293 5293/2547/292
f 5296/2548/293 5298/2550/294 5297/2551/294 5295/2549/293
f 5298/2550/294 5300/2552/295 5299/2553/295 5297/2551/294
f 5300/2552/295 5302/2554/296 5301/2555/296 5299/2553/295
f 5302/2554/296 5304/2556/297 5303/2557/297 5301/2555/296
f 5304/2556/297 5306/2558/298 5305/2559/298 5303/2557/297
f 5306/2558/298 5308/2560/299 5307/2561/299 5305/2559/298
f 5308/2560/299 5310/2562/300 5309/818/300 5307/2561/299
f 5310/2562/300 5312/2563/301 5311/2564/301 5309/818/300
f 5312/2563/301 5314/2565/302 5313/2566/302 5311/2564/301
f 5314/2565/302 5316/2567/303 5315/2568/303 5313/2566/302
f 5316/2567/303 5318/2569/304 5317/2570/304 5315/2568/303
f 5318/2569/304 5320/2571/305 5319/2572/305 5317/2570/304
f 5320/2571/305 5322/2573/306 5321/2574/306 5319/2572/305
f 5322/2573/306 5324/2575/307 5323/2576/307 5321/2574/306
f 5324/2575/307 5326/2577/308 5325/2578/308 5323/2576/307
f 5326/2577/308 5328/2579/309 5327/2580/309 5325/2578/308
f 5328/2579/309 5330/2581/310 5329/2582/310 5327/2580/309
f 5330/2581/310 5332/2583/311 5331/2584/311 5329/2582/310
f 5332/2583/311 5334/2585/312 5333/2586/312 5331/2584/311
f 5334/2585/312 5336/2587/313 5335/2588/313 5333/2586/312
f 5336/2587/313 5338/2589/314 5337/2590/314 5335/2588/313
f 5338/2589/314 5340/2591/315 5339/2592/315 5337/2590/314
f 5340/2591/315 5342/2593/316 5341/2594/316 5339/2592/315
f 5342/2593/316 5344/2595/317 5343/597/317 5341/2594/316
f 5344/2595/317 5346/2596/318 5345/2597/318 5343/597/317
f 5346/2596/318 5348/2598/319 5347/2599/319 5345/2597/318
f 5348/2598/319 5350/2600/320 5349/2601/320 5347/2599/319
f 5350/2600/320 5352/2602/321 5351/2603/321 5349/2601/320
f 5352/2602/321 5354/2604/322 5353/2605/322 5351/2603/321
f 5354/2604/322 5356/2606/323 5355/2607/323 5353/2605/322
f 5356/2606/323 5358/2608/324 5357/2609/324 5355/2607/323
f 5358/2608/324 5360/2610/325 5359/2611/325 5357/2609/324
f 5360/2610/325 5362/2612/326 5361/2613/326 5359/2611/325
f 5362/2612/326 5364/2614/327 5363/2615/327 5361/2613/326
f 5364/2614/327 5366/2616/328 5365/2617/328 5363/2615/327
f 5366/2616/328 5368/2618/329 5367/2619/329 5365/2617/328
f 5368/2618/329 5370/2620/330 5369/2621/330 5367/2619/329
f 5370/2620/330 5372/2622/331 5371/2623/331 5369/2621/330
f 5372/2622/331 5374/2624/332 5373/2625/332 5371/2623/331
f 5374/2624/332 5376/2626/333 5375/2627/333 5373/2625/332
f 5376/2626/333 5208/2463/249 5207/73/249 5375/2627/333
f 5378/1982/334 5380/2628/335 5379/2629/335 5377/76/334
f 5380/2628/335 5382/2630/336 5381/2631/336 5379/2629/335
f 5382/2630/336 5384/2632/337 5383/2633/337 5381/2631/336
f 5384/2632/337 5386/2634/338 5385/2635/338 5383/2633/337
f 5386/2634/338 5388/2636/339 5387/2637/339 5385/2635/338
f 5388/2636/339 5390/2638/340 5389/2639/340 5387/2637/339
f 5390/2638/340 5392/2640/341 5391/2641/341 5389/2639/340
f 5392/2640/341 5394/2642/342 5393/2643/342 5391/2641/341
f 5394/2642/342 5396/2644/343 5395/2645/343 5393/2643/342
f 5396/2644/343 5398/2646/344 5397/2647/344 5395/2645/343
f 5398/2646/344 5400/2648/345 5399/2649/345 5397/2647/344
f 5400/2648/345 5402/2650/346 5401/2651/346 5399/2649/345
f 5402/2650/346 5404/2652/347 5403/2653/347 5401/2651/346
f 5404/2652/347 5406/2654/348 5405/2655/348 5403/2653/347
f 5406/2654/348 5408/2656/349 5407/2657/349 5405/2655/348
f 5408/2656/349 5410/2658/350 5409/2659/350 5407/2657/349
f 5410/2658/350 5412/2660/351 5411/2661/351 5409/2659/350
f 5412/2660/351 5414/2662/352 5413/2663/352 5411/2661/351
f 5414/2662/352 5416/2664/353 5415/2665/353 5413/2663/352
f 5416/2664/353 5418/2666/354 5417/2667/354 5415/2665/353
f 5418/2666/354 5420/2668/355 5419/2669/355 5417/2667/354
f 5420/2668/355 5422/2670/356 5421/2671/356 5419/2669/355
f 5422/2670/356 5424/2672/357 5423/2673/357 5421/2671/356
f 5424/2672/357 5426/2674/358 5425/2675/358 5423/2673/357
f 5426/2674/358 5428/2676/357 5427/2677/357 5425/2675/358
f 5428/2676/357 5430/2678/356 5429/2679/356 5427/2677/357
f 5430/2678/356 5432/2680/355 5431/2681/355 5429/2679/356
f 5432/2680/355 5434/2682/354 5433/2683/354 5431/2681/355
f 5434/2682/354 5436/2684/353 5435/1287/353 5433/2683/354
f 5436/2684/353 5438/2685/352 5437/2686/352 5435/1287/353
f 5438/2685/352 5440/2687/351 5439/2688/351 5437/2686/352
f 5440/2687/351 5442/2689/350 5441/2690/350 5439/2688/351
f 5442/2689/350 5444/2691/349 5443/2692/349 5441/2690/350
f 5444/2691/349 5446/2693/348 5445/2694/348 5443/2692/349
f 5446/2693/348 5448/2695/359 5447/2696/359 5445/2694/348
f 5448/2695/359 5450/2697/350 5449/2698/350 5447/2696/359
f 5450/2697/350 5452/2699/360 5451/2700/360 5449/2698/350
f 5452/2699/360 5454/2701/361 5453/2702/361 5451/2700/360
f 5454/2701/361 5456/2703/362 5455/2704/362 5453/2702/361
f 5456/2703/362 5458/2705/363 5457/2706/363 5455/2704/362
f 5458/2705/363 5460/2707/364 5459/2708/364 5457/2706/363
f 5460/2707/364 5462/2709/365 5461/2710/365 5459/2708/364
f 5462/2709/365 5464/2711/366 5463/2712/366 5461/2710/365
f 5464/2711/366 5466/2713/367 5465/2714/367 5463/2712/366
f 5466/2713/367 5468/2715/368 5467/2716/368 5465/2714/367
f 5468/2715/368 5470/2717/369 5469/2718/369 5467/2716/368
f 5470/2717/369 5472/2719/370 5471/2720/370 5469/2718/369
f 5472/2719/370 5474/2721/371 5473/2722/371 5471/2720/370
f 5474/2721/371 5476/2723/370 5475/2724/370 5473/2722/371
f 5476/2723/370 5478/2725/369 5477/2726/369 5475/2724/370
f 5478/2725/369 5480/2727/368 5479/2728/368 5477/2726/369
f 5480/2727/368 5482/2729/367 5481/2730/367 5479/2728/368
f 5482/2729/367 5484/2731/372 5483/2732/372 5481/2730/367
f 5484/2731/372 5486/2733/365 5485/2734/365 5483/2732/372
f 5486/2733/365 5488/2735/364 5487/2736/364 5485/2734/365
f 5488/2735/364 5490/2737/363 5489/2738/363 5487/2736/364
f 5490/2737/363 5492/2739/362 5491/2740/362 5489/2738/363
f 5492/2739/362 5494/2741/361 5493/1368/361 5491/2740/362
f 5494/2741/361 5496/2742/360 5495/2743/360 5493/1368/361
f 5496/2742/360 5498/2744/373 5497/2745/373 5495/2743/360
f 5498/2744/373 5500/2746/374 5499/2747/374 5497/2745/373
f 5500/2746/374 5502/2748/375 5501/2749/375 5499/2747/374
f 5502/2748/375 5504/2750/376 5503/2751/376 5501/2749/375
f 5504/2750/376 5506/2752/377 5505/2753/377 5503/2751/376
f 5506/2752/377 5508/2754/378 5507/2755/378 5505/2753/377
f 5508/2754/378 5510/2756/379 5509/2757/379 5507/2755/378
f 5510/2756/379 5512/2758/380 5511/2759/380 5509/2757/379
f 5512/2758/380 5514/2760/381 5513/2761/381 5511/2759/380
f 5514/2760/381 5516/2762/382 5515/2763/382 5513/2761/381
f 5516/2762/382 5518/2764/383 5517/2765/383 5515/2763/382
f 5518/2764/383 5520/2766/384 5519/2767/384 5517/2765/383
f 5520/2766/384 5522/2768/385 5521/2769/385 5519/2767/384
f 5522/2768/385 5524/2770/386 5523/2771/386 5521/2769/385
f 5524/2770/386 5526/2772/387 5525/2773/387 5523/2771/386
f 5526/2772/387 5528/2774/388 5527/2775/388 5525/2773/387
f 5528/2774/388 5530/2776/389 5529/2777/389 5527/2775/388
f 5530/2776/389 5532/2778/390 5531/2779/390 5529/2777/389
f 5532/2778/390 5534/2780/391 5533/2781/391 5531/2779/390
f 5534/2780/391 5536/2782/392 5535/2783/392 5533/2781/391
f 5536/2782/392 5538/2784/393 5537/2785/393 5535/2783/392
f 5538/2784/393 5540/2786/394 5539/2787/394 5537/2785/393
f 5540/2786/394 5542/2788/395 5541/2789/395 5539/2787/394
f 5542/2788/395 5544/2790/396 5543/2791/396 5541/2789/395
f 5544/2790/396 5546/2792/397 5545/2793/397 5543/2791/396
f 5546/2792/397 5548/2794/398 5547/2795/398 5545/2793/397
f 5548/2794/398 5550/2796/399 5549/2797/399 5547/2795/398
f 5550/2796/399 5552/2798/400 5551/1651/400 5549/2797/399
f 5552/2798/400 5554/2799/401 5553/2800/401 5551/1651/400
f 5554/2799/401 5556/2801/402 5555/2802/402 5553/2800/401
f 5556/2801/402 5558/2803/403 5557/2804/403 5555/2802/402
f 5558/2803/403 5560/2805/404 5559/2806/404 5557/2804/403
f 5560/2805/404 5562/2807/405 5561/2808/405 5559/2806/404
f 5562/2807/405 5564/2809/406 5563/2810/406 5561/2808/405
f 5564/2809/406 5566/2811/407 5565/2812/407 5563/2810/406
f 5566/2811/407 5568/2813/408 5567/2814/408 5565/2812/407
f 5568/2813/408 5570/2815/409 5569/2816/409 5567/2814/408
f 5570/2815/409 5572/2817/410 5571/2818/410 5569/2816/409
f 5572/2817/410 5574/2819/411 5573/2820/411 5571/2818/410
f 5574/2819/411 5576/2821/412 5575/2822/412 5573/2820/411
f 5576/2821/412 5578/2823/413 5577/2824/413 5575/2822/412
f 5578/2823/413 5580/2825/414 5579/2826/414 5577/2824/413
f 5580/2825/414 5582/2827/415 5581/2828/415 5579/2826/414
f 5582/2827/415 5584/2829/416 5583/2830/416 5581/2828/415
f 5584/2829/416 5586/2831/417 5585/2832/417 5583/2830/416
f 5586/2831/417 5588/2833/418 5587/2834/418 5585/2832/417
f 5588/2833/418 5590/2835/419 5589/2836/419 5587/2834/418
f 5590/2835/419 5592/2837/420 5591/2838/420 5589/2836/419
f 5592/2837/420 5594/2839/421 5593/2840/421 5591/2838/420
f 5594/2839/421 5596/2841/422 5595/2842/422 5593/2840/421
f 5596/2841/422 5598/2843/423 5597/2844/423 5595/2842/422
f 5598/2843/423 5600/2845/424 5599/2846/424 5597/2844/423
f 5600/2845/424 5602/2847/425 5601/2848/425 5599/2846/424
f 5602/2847/425 5604/2849/426 5603/2850/426 5601/2848/425
f 5604/2849/426 5606/2851/427 5605/2852/427 5603/2850/426
f 5606/2851/427 5608/2853/428 5607/2854/428 5605/2852/427
f 5608/2853/428 5610/2855/429 5609/928/429 5607/2854/428
f 5610/2855/429 5612/2856/430 5611/2857/430 5609/928/429
f 5612/2856/430 5614/2858/431 5613/2859/431 5611/2857/430
f 5614/2858/431 5616/2860/432 5615/2861/432 5613/2859/431
f 5616/2860/432 5618/2862/433 5617/2863/433 5615/2861/432
f 5618/2862/433 5620/2864/434 5619/2865/434 5617/2863/433
f 5620/2864/434 5622/2866/435 5621/2867/435 5619/2865/434
f 5622/2866/435 5624/2868/436 5623/2869/436 5621/2867/435
f 5624/2868/436 5626/2870/437 5625/2871/437 5623/2869/436
f 5626/2870/437 5628/2872/438 5627/2873/438 5625/2871/437
f 5628/2872/438 5630/2874/439 5629/2875/439 5627/2873/438
f 5630/2874/439 5632/2876/440 5631/2877/440 5629/2875/439
f 5632/2876/440 5634/2878/441 5633/2879/441 5631/2877/440
f 5634/2878/441 5636/2880/442 5635/2881/442 5633/2879/441
f 5636/2880/442 5638/2882/443 5637/2883/443 5635/2881/442
f 5638/2882/443 5640/2884/444 5639/2885/444 5637/2883/443
f 5640/2884/444 5642/2886/445 5641/2887/445 5639/2885/444
f 5642/2886/445 5644/2888/446 5643/2889/446 5641/2887/445
f 5644/2888/446 5646/2890/447 5645/2891/447 5643/2889/446
f 5646/2890/447 5648/2892/113 5647/2893/113 5645/2891/447
f 5648/2892/113 5650/2894/448 5649/2895/448 5647/2893/113
f 5650/2894/448 5652/2896/449 5651/2897/449 5649/2895/448
f 5652/2896/449 5654/2898/450 5653/2899/450 5651/2897/449
f 5654/2898/450 5656/2900/451 5655/2901/451 5653/2899/450
f 5656/2900/451 5658/2902/452 5657/2903/452 5655/2901/451
f 5658/2902/452 5660/2904/453 5659/2905/453 5657/2903/452
f 5660/2904/453 5662/2906/454 5661/2907/454 5659/2905/453
f 5662/2906/454 5664/2908/455 5663/2909/455 5661/2907/454
f 5664/2908/455 5666/2910/456 5665/2911/456 5663/2909/455
f 5666/2910/456 5668/2912/457 5667/1454/457 5665/2911/456
f 5668/2912/457 5670/2913/458 5669/2914/458 5667/1454/457
f 5670/2913/458 5672/2915/459 5671/2916/459 5669/2914/458
f 5672/2915/459 5674/2917/460 5673/2918/460 5671/2916/459
f 5674/2917/460 5676/2919/461 5675/2920/461 5673/2918/460
f 5676/2919/461 5678/2921/462 5677/2922/462 5675/2920/461
f 5678/2921/462 5680/2923/463 5679/2924/463 5677/2922/462
f 5680/2923/463 5682/2925/464 5681/2926/464 5679/2924/463
f 5682/2925/464 5684/2927/465 5683/2928/465 5681/2926/464
f 5684/2927/465 5686/2929/466 5685/2930/466 5683/2928/465
f 5686/2929/466 5688/2931/467 5687/2932/467 5685/2930/466
f 5688/2931/467 5690/2933/468 5689/2934/468 5687/2932/467
f 5690/2933/468 5692/2935/469 5691/2936/469 5689/2934/468
f 5692/2935/469 5694/2937/470 5693/2938/470 5691/2936/469
f 5694/2937/470 5696/2939/471 5695/2940/471 5693/2938/470
f 5696/2939/471 5698/2941/472 5697/2942/472 5695/2940/471
f 5698/2941/472 5700/2943/473 5699/2944/473 5697/2942/472
f 5700/2943/473 5702/2945/474 5701/2946/474 5699/2944/473
f 5702/2945/474 5704/2947/475 5703/2948/475 5701/2946/474
f 5704/2947/475 5706/2949/476 5705/2950/476 5703/2948/475
f 5706/2949/476 5708/2951/477 5707/2952/477 5705/2950/476
f 5708/2951/477 5710/2953/478 5709/2954/478 5707/2952/477
f 5710/2953/478 5712/2955/479 5711/2956/479 5709/2954/478
f 5712/2955/479 5714/2957/480 5713/2958/480 5711/2956/479
f 5714/2957/480 5716/2959/481 5715/2960/481 5713/2958/480
f 5716/2959/481 5718/2961/482 5717/2962/482 5715/2960/481
f 5718/2961/482 5720/2963/483 5719/2964/483 5717/2962/482
f 5720/2963/483 5722/2965/484 5721/2966/484 5719/2964/483
f 5722/2965/484 5724/2967/485 5723/2968/485 5721/2966/484
f 5724/2967/485 5726/2969/486 5725/495/486 5723/2968/485
f 5726/2969/486 5728/2970/487 5727/2971/487 5725/495/486
f 5728/2970/487 5730/2972/488 5729/2973/488 5727/2971/487
f 5730/2972/488 5732/2974/489 5731/2975/489 5729/2973/488
f 5732/2974/489 5734/2976/490 5733/2977/490 5731/2975/489
f 5734/2976/490 5736/2978/491 5735/2979/491 5733/2977/490
f 5736/2978/491 5738/2980/492 5737/2981/492 5735/2979/491
f 5738/2980/492 5740/2982/493 5739/2983/493 5737/2981/492
f 5740/2982/493 5742/2984/494 5741/2985/494 5739/2983/493
f 5742/2984/494 5744/2986/495 5743/2987/495 5741/2985/494
f 5744/2986/495 5746/2988/496 5745/2989/496 5743/2987/495
f 5746/2988/496 5748/2990/497 5747/2991/497 5745/2989/496
f 5748/2990/497 5750/2992/498 5749/2993/498 5747/2991/497
f 5750/2992/498 5752/2994/499 5751/2995/499 5749/2993/498
f 5752/2994/499 5754/2996/500 5753/2997/500 5751/2995/499
f 5754/2996/500 5756/2998/501 5755/2999/501 5753/2997/500
f 5756/2998/501 5758/3000/502 5757/3001/502 5755/2999/501
f 5758/3000/502 5760/3002/503 5759/3003/503 5757/3001/502
f 5760/3002/503 5762/3004/504 5761/3005/504 5759/3003/503
f 5762/3004/504 5764/3006/505 5763/3007/505 5761/3005/504
f 5764/3006/505 5766/3008/506 5765/3009/506 5763/3007/505
f 5766/3008/506 5768/3010/507 5767/3011/507 5765/3009/506
f 5768/3010/507 5770/3012/508 5769/3013/508 5767/3011/507
f 5770/3012/508 5772/3014/509 5771/3015/509 5769/3013/508
f 5772/3014/509 5774/3016/510 5773/3017/510 5771/3015/509
f 5774/3016/510 5776/3018/511 5775/3019/511 5773/3017/510
f 5776/3018/511 5778/3020/512 5777/3021/512 5775/3019/511
f 5778/3020/512 5780/3022/513 5779/3023/513 5777/3021/512
f 5780/3022/513 5782/3024/514 5781/3025/514 5779/3023/513
f 5782/3024/514 5784/3026/515 5783/1452/515 5781/3025/514
f 5784/3026/515 5786/3027/516 5785/3028/516 5783/1452/515
f 5786/3027/516 5788/3029/517 5787/3030/517 5785/3028/516
f 5788/3029/517 5790/3031/518 5789/3032/518 5787/3030/517
f 5790/3031/518 5792/3033/239 5791/3034/239 5789/3032/518
f 5792/3033/239 5794/3035/519 5793/3036/519 5791/3034/239
f 5794/3035/519 5796/3037/520 5795/3038/520 5793/3036/519
f 5796/3037/520 5798/3039/521 5797/3040/521 5795/3038/520
f 5798/3039/521 5800/3041/522 5799/3042/522 5797/3040/521
f 5800/3041/522 5802/3043/523 5801/3044/523 5799/3042/522
f 5802/3043/523 5804/3045/524 5803/3046/524 5801/3044/523
f 5804/3045/524 5806/3047/525 5805/3048/525 5803/3046/524
f 5806/3047/525 5808/3049/526 5807/3050/526 5805/3048/525
f 5808/3049/526 5810/3051/527 5809/3052/527 5807/3050/526
f 5810/3051/527 5812/3053/528 5811/3054/528 5809/3052/527
f 5812/3053/528 5814/3055/529 5813/3056/529 5811/3054/528
f 5814/3055/529 5816/3057/530 5815/3058/530 5813/3056/529
f 5816/3057/530 5818/3059/531 5817/3060/531 5815/3058/530
f 5818/3059/531 5820/3061/532 5819/3062/532 5817/3060/531
f 5820/3061/532 5822/3063/533 5821/3064/533 5819/3062/532
f 5822/3063/533 5824/3065/534 5823/3066/534 5821/3064/533
f 5824/3065/534 5826/3067/535 5825/3068/535 5823/3066/534
f 5826/3067/535 5828/3069/536 5827/3070/536 5825/3068/535
f 5828/3069/536 5830/3071/537 5829/3072/537 5827/3070/536
f 5830/3071/537 5832/3073/538 5831/3074/538 5829/3072/537
f 5832/3073/538 5834/3075/539 5833/3076/539 5831/3074/538
f 5834/3075/539 5836/3077/540 5835/3078/540 5833/3076/539
f 5836/3077/540 5838/3079/541 5837/3080/541 5835/3078/540
f 5838/3079/541 5840/3081/542 5839/3082/542 5837/3080/541
f 5840/3081/542 5842/3083/543 5841/1029/543 5839/3082/542
f 5842/3083/543 5844/3084/544 5843/3085/544 5841/1029/543
f 5844/3084/544 5846/3086/545 5845/3087/545 5843/3085/544
f 5846/3086/545 5848/3088/546 5847/3089/546 5845/3087/545
f 5848/3088/546 5850/3090/547 5849/3091/547 5847/3089/546
f 5850/3090/547 5852/3092/548 5851/3093/548 5849/3091/547
f 5852/3092/548 5854/3094/549 5853/3095/549 5851/3093/548
f 5854/3094/549 5856/3096/550 5855/3097/550 5853/3095/549
f 5856/3096/550 5858/3098/551 5857/3099/551 5855/3097/550
f 5858/3098/551 5860/3100/552 5859/3101/552 5857/3099/551
f 5860/3100/552 5862/3102/553 5861/3103/553 5859/3101/552
f 5862/3102/553 5864/3104/554 5863/3105/554 5861/3103/553
f 5864/3104/554 5866/3106/555 5865/3107/555 5863/3105/554
f 5866/3106/555 5868/3108/556 5867/3109/556 5865/3107/555
f 5868/3108/556 5870/3110/557 5869/3111/557 5867/3109/556
f 5870/3110/557 5872/3112/558 5871/3113/558 5869/3111/557
f 5872/3112/558 5874/3114/559 5873/3115/559 5871/3113/558
f 5874/3114/559 5876/3116/560 5875/3117/560 5873/3115/559
f 5876/3116/560 5878/3118/561 5877/3119/561 5875/3117/560
f 5878/3118/561 5880/3120/562 5879/3121/562 5877/3119/561
f 5880/3120/562 5882/3122/563 5881/3123/563 5879/3121/562
f 5882/3122/563 5884/3124/564 5883/3125/564 5881/3123/563
f 5884/3124/564 5886/3126/565 5885/3127/565 5883/3125/564
f 5886/3126/565 5888/3128/566 5887/3129/566 5885/3127/565
f 5888/3128/566 5890/3130/567 5889/3131/567 5887/3129/566
f 5890/3130/567 5892/3132/568 5891/3133/568 5889/3131/567
f 5892/3132/568 5894/3134/569 5893/3135/569 5891/3133/568
f 5894/3134/569 5896/3136/570 5895/3137/570 5893/3135/569
f 5896/3136/570 5898/3138/571 5897/3139/571 5895/3137/570
f 5898/3138/571 5900/3140/572 5899/1546/572 5897/3139/571
f 5900/3140/572 5902/3141/573 5901/3142/573 5899/1546/572
f 5902/3141/573 5904/3143/574 5903/3144/574 5901/3142/573
f 5904/3143/574 5906/3145/575 5905/3146/575 5903/3144/574
f 5906/3145/575 5908/3147/576 5907/3148/576 5905/3146/575
f 5908/3147/576 5910/3149/577 5909/3150/577 5907/3148/576
f 5910/3149/577 5912/3151/578 5911/3152/578 5909/3150/577
f 5912/3151/578 5914/3153/579 5913/3154/579 5911/3152/578
f 5914/3153/579 5916/3155/580 5915/3156/580 5913/3154/579
f 5916/3155/580 5918/3157/581 5917/3158/581 5915/3156/580
f 5918/3157/581 5920/3159/582 5919/3160/582 5917/3158/581
f 5920/3159/582 5922/3161/583 5921/3162/583 5919/3160/582
f 5922/3161/583 5924/3163/584 5923/3164/584 5921/3162/583
f 5924/3163/584 5926/3165/585 5925/3166/585 5923/3164/584
f 5926/3165/585 5928/3167/586 5927/3168/586 5925/3166/585
f 5928/3167/586 5930/3169/587 5929/3170/587 5927/3168/586
f 5930/3169/587 5932/3171/588 5931/3172/588 5929/3170/587
f 5932/3171/588 5934/3173/589 5933/3174/589 5931/3172/588
f 5934/3173/589 5936/3175/590 5935/3176/590 5933/3174/589
f 5936/3175/590 5938/3177/591 5937/3178/591 5935/3176/590
f 5938/3177/591 5940/3179/592 5939/3180/592 5937/3178/591
f 5940/3179/592 5942/3181/593 5941/3182/593 5939/3180/592
f 5942/3181/593 5944/3183/594 5943/3184/594 5941/3182/593
f 5944/3183/594 5946/3185/595 5945/3186/595 5943/3184/594
f 5946/3185/595 5948/3187/596 5947/3188/596 5945/3186/595
f 5948/3187/596 5950/3189/597 5949/3190/597 5947/3188/596
f 5950/3189/597 5952/3191/598 5951/3192/598 5949/3190/597
f 5952/3191/598 5954/3193/599 5953/3194/599 5951/3192/598
f 5954/3193/599 5956/3195/600 5955/3196/600 5953/3194/599
f 5956/3195/600 5958/3197/601 5957/1543/601 5955/3196/600
f 5958/3197/601 5960/3198/602 5959/3199/602 5957/1543/601
f 5960/3198/602 5962/3200/603 5961/3201/603 5959/3199/602
f 5962/3200/603 5964/3202/604 5963/3203/604 5961/3201/603
f 5964/3202/604 5966/3204/605 5965/3205/605 5963/3203/604
f 5966/3204/605 5968/3206/606 5967/3207/606 5965/3205/605
f 5968/3206/606 5970/3208/607 5969/3209/607 5967/3207/606
f 5970/3208/607 5972/3210/608 5971/3211/608 5969/3209/607
f 5972/3210/608 5974/3212/609 5973/3213/609 5971/3211/608
f 5974/3212/609 5976/3214/610 5975/3215/610 5973/3213/609
f 5976/3214/610 5978/3216/611 5977/3217/611 5975/3215/610
f 5978/3216/611 5980/3218/612 5979/3219/612 5977/3217/611
f 5980/3218/612 5982/3220/613 5981/3221/613 5979/3219/612
f 5982/3220/613 5984/3222/614 5983/3223/614 5981/3221/613
f 5984/3222/614 5986/3224/615 5985/3225/615 5983/3223/614
f 5986/3224/615 5988/3226/616 5987/3227/616 5985/3225/615
f 5988/3226/616 5990/3228/459 5989/3229/459 5987/3227/616
f 5990/3228/459 5992/3230/617 5991/3231/617 5989/3229/459
f 5992/3230/617 5994/3232/618 5993/3233/618 5991/3231/617
f 5994/3232/618 5996/3234/619 5995/3235/619 5993/3233/618
f 5996/3234/619 5998/3236/620 5997/3237/620 5995/3235/619
f 5998/3236/620 6000/3238/621 5999/3239/621 5997/3237/620
f 6000/3238/621 6002/3240/622 6001/3241/622 5999/3239/621
f 6002/3240/622 6004/3242/623 6003/3243/623 6001/3241/622
f 6004/3242/623 6006/3244/624 6005/3245/624 6003/3243/623
f 6006/3244/624 6008/3246/625 6007/3247/625 6005/3245/624
f 6008/3246/625 6010/3248/626 6009/3249/626 6007/3247/625
f 6010/3248/626 6012/3250/627 6011/3251/627 6009/3249/626
f 6012/3250/627 6014/3252/628 6013/3253/628 6011/3251/627
f 6014/3252/628 6016/3254/629 6015/1297/629 6013/3253/628
f 6016/3254/629 6018/3255/630 6017/3256/630 6015/1297/629
f 6018/3255/630 6020/3257/631 6019/3258/631 6017/3256/630
f 6020/3257/631 6022/3259/632 6021/3260/632 6019/3258/631
f 6022/3259/632 6024/3261/579 6023/3262/579 6021/3260/632
f 6024/3261/579 6026/3263/633 6025/3264/633 6023/3262/579
f 6026/3263/633 6028/3265/634 6027/3266/634 6025/3264/633
f 6028/3265/634 6030/3267/635 6029/3268/635 6027/3266/634
f 6030/3267/635 6032/3269/636 6031/3270/636 6029/3268/635
f 6032/3269/636 6034/3271/637 6033/3272/637 6031/3270/636
f 6034/3271/637 6036/3273/638 6035/3274/638 6033/3272/637
f 6036/3273/638 6038/3275/639 6037/3276/639 6035/3274/638
f 6038/3275/639 6040/3277/640 6039/3278/640 6037/3276/639
f 6040/3277/640 6042/3279/641 6041/3280/641 6039/3278/640
f 6042/3279/641 6044/3281/642 6043/3282/642 6041/3280/641
f 6044/3281/642 6046/3283/643 6045/3284/643 6043/3282/642
f 6046/3283/643 6048/3285/644 6047/3286/644 6045/3284/643
f 6048/3285/644 6050/3287/645 6049/3288/645 6047/3286/644
f 6050/3287/645 6052/3289/646 6051/3290/646 6049/3288/645
f 6052/3289/646 6054/3291/647 6053/3292/647 6051/3290/646
f 6054/3291/647 6056/3293/648 6055/3294/648 6053/3292/647
f 6056/3293/648 6058/3295/649 6057/3296/649 6055/3294/648
f 6058/3295/649 6060/3297/650 6059/3298/650 6057/3296/649
f 6060/3297/650 6062/3299/651 6061/3300/651 6059/3298/650
f 6062/3299/651 6064/3301/652 6063/3302/652 6061/3300/651
f 6064/3301/652 6066/3303/653 6065/3304/653 6063/3302/652
f 6066/3303/653 6068/3305/654 6067/3306/654 6065/3304/653
f 6068/3305/654 6070/3307/655 6069/3308/655 6067/3306/654
f 6070/3307/655 6072/3309/656 6071/3310/656 6069/3308/655
f 6072/3309/656 5378/2463/334 5377/73/334 6071/3310/656
f 6074/1982/657 6076/3311/658 6075/3312/658 6073/76/657
f 6076/3311/658 6078/3313/659 6077/3314/659 6075/3312/658
f 6078/3313/659 6080/3315/660 6079/3316/660 6077/3314/659
f 6080/3315/660 6082/3317/661 6081/3318/661 6079/3316/660
f 6082/3317/661 6084/3319/662 6083/3320/662 6081/3318/661
f 6084/3319/662 6086/3321/663 6085/3322/663 6083/3320/662
f 6086/3321/663 6088/3323/664 6087/3324/664 6085/3322/663
f 6088/3323/664 6090/3325/665 6089/3326/665 6087/3324/664
f 6090/3325/665 6092/3327/666 6091/3328/666 6089/3326/665
f 6092/3327/666 6094/3329/667 6093/3330/667 6091/3328/666
f 6094/3329/667 6096/3331/668 6095/3332/668 6093/3330/667
f 6096/3331/668 6098/3333/669 6097/3334/669 6095/3332/668
f 6098/3333/669 6100/3335/670 6099/3336/670 6097/3334/669
f 6100/3335/670 6102/3337/671 6101/3338/671 6099/3336/670
f 6102/3337/671 6104/3339/672 6103/3340/672 6101/3338/671
f 6104/3339/672 6106/3341/673 6105/3342/673 6103/3340/672
f 6106/3341/673 6108/3343/674 6107/3344/674 6105/3342/673
f 6108/3343/674 6110/3345/675 6109/3346/675 6107/3344/674
f 6110/3345/675 6112/3347/676 6111/3348/676 6109/3346/675
f 6112/3347/676 6114/3349/677 6113/3350/677 6111/3348/676
f 6114/3349/677 6116/3351/678 6115/3352/678 6113/3350/677
f 6116/3351/678 6118/3353/679 6117/3354/679 6115/3352/678
f 6118/3353/679 6120/3355/680 6119/3356/680 6117/3354/679
f 6120/3355/680 6122/3357/681 6121/3358/681 6119/3356/680
f 6122/3357/681 6124/3359/682 6123/3360/682 6121/3358/681
f 6124/3359/682 6126/3361/683 6125/3362/683 6123/3360/682
f 6126/3361/683 6128/3363/684 6127/3364/684 6125/3362/683
f 6128/3363/684 6130/3365/685 6129/3366/685 6127/3364/684
f 6130/3365/685 6132/3367/686 6131/3368/686 6129/3366/685
f 6132/3367/686 6134/3369/687 6133/3370/687 6131/3368/686
f 6134/3369/687 6136/3371/688 6135/3372/688 6133/3370/687
f 6136/3371/688 6138/3373/689 6137/3374/689 6135/3372/688
f 6138/3373/689 6140/3375/690 6139/3376/690 6137/3374/689
f 6140/3375/690 6142/3377/691 6141/3378/691 6139/3376/690
f 6142/3377/691 6144/3379/692 6143/3380/692 6141/3378/691
f 6144/3379/692 6146/3381/693 6145/3382/693 6143/3380/692
f 6146/3381/693 6148/3383/694 6147/461/694 6145/3382/693
f 6148/3383/694 6150/3384/695 6149/3385/695 6147/461/694
f 6150/3384/695 6152/3386/696 6151/3387/696 6149/3385/695
f 6152/3386/696 6154/3388/697 6153/3389/697 6151/3387/696
f 6154/3388/697 6156/3390/698 6155/3391/698 6153/3389/697
f 6156/3390/698 6158/3392/699 6157/3393/699 6155/3391/698
f 6158/3392/699 6160/3394/700 6159/3395/700 6157/3393/699
f 6160/3394/700 6162/3396/701 6161/3397/701 6159/3395/700
f 6162/3396/701 6164/3398/702 6163/3399/702 6161/3397/701
f 6164/3398/702 6166/3400/703 6165/3401/703 6163/3399/702
f 6166/3400/703 6168/3402/704 6167/3403/704 6165/3401/703
f 6168/3402/704 6170/3404/705 6169/3405/705 6167/3403/704
f 6170/3404/705 6172/3406/706 6171/3407/706 6169/3405/705
f 6172/3406/706 6174/3408/707 6173/3409/707 6171/3407/706
f 6174/3408/707 6176/3410/708 6175/3411/708 6173/3409/707
f 6176/3410/708 6178/3412/709 6177/3413/709 6175/3411/708
f 6178/3412/709 6180/3414/710 6179/3415/710 6177/3413/709
f 6180/3414/710 6182/3416/711 6181/3417/711 6179/3415/710
f 6182/3416/711 6184/3418/712 6183/3419/712 6181/3417/711
f 6184/3418/712 6186/3420/713 6185/3421/713 6183/3419/712
f 6186/3420/713 6188/3422/714 6187/3423/714 6185/3421/713
f 6188/3422/714 6190/3424/715 6189/3425/715 6187/3423/714
f 6190/3424/715 6192/3426/716 6191/3427/716 6189/3425/715
f 6192/3426/716 6194/3428/717 6193/3429/717 6191/3427/716
f 6194/3428/717 6196/3430/718 6195/3431/718 6193/3429/717
f 6196/3430/718 6198/3432/719 6197/3433/719 6195/3431/718
f 6198/3432/719 6200/3434/720 6199/3435/720 6197/3433/719
f 6200/3434/720 6202/3436/721 6201/3437/721 6199/3435/720
f 6202/3436/721 6204/3438/722 6203/3439/722 6201/3437/721
f 6204/3438/722 6206/3440/723 6205/3441/723 6203/3439/722
f 6206/3440/723 6208/3442/724 6207/3443/724 6205/3441/723
f 6208/3442/724 6210/3444/725 6209/3445/725 6207/3443/724
f 6210/3444/725 6212/3446/726 6211/3447/726 6209/3445/725
f 6212/3446/726 6214/3448/727 6213/3449/727 6211/3447/726
f 6214/3448/727 6216/3450/728 6215/3451/728 6213/3449/727
f 6216/3450/728 6218/3452/729 6217/3453/729 6215/3451/728
f 6218/3452/729 6220/3454/730 6219/3455/730 6217/3453/729
f 6220/3454/730 6222/3456/731 6221/474/731 6219/3455/730
f 6222/3456/731 6224/3457/732 6223/3458/732 6221/474/731
f 6224/3457/732 6226/3459/733 6225/3460/733 6223/3458/732
f 6226/3459/733 6228/3461/734 6227/3462/734 6225/3460/733
f 6228/3461/734 6230/3463/735 6229/3464/735 6227/3462/734
f 6230/3463/735 6232/3465/736 6231/3466/736 6229/3464/735
f 6232/3465/736 6234/3467/737 6233/3468/737 6231/3466/736
f 6234/3467/737 6236/3469/738 6235/3470/738 6233/3468/737
f 6236/3469/738 6238/3471/739 6237/3472/739 6235/3470/738
f 6238/3471/739 6240/3473/740 6239/3474/740 6237/3472/739
f 6240/3473/740 6242/3475/741 6241/3476/741 6239/3474/740
f 6242/3475/741 6244/3477/742 6243/3478/742 6241/3476/741
f 6244/3477/742 6246/3479/743 6245/3480/743 6243/3478/742
f 6246/3479/743 6248/3481/744 6247/3482/744 6245/3480/743
f 6248/3481/744 6250/3483/745 6249/3484/745 6247/3482/744
f 6250/3483/745 6252/3485/746 6251/3486/746 6249/3484/745
f 6252/3485/746 6254/3487/747 6253/3488/747 6251/3486/746
f 6254/3487/747 6256/3489/748 6255/3490/748 6253/3488/747
f 6256/3489/748 6258/3491/749 6257/3492/749 6255/3490/748
f 6258/3491/749 6260/3493/750 6259/3494/750 6257/3492/749
f 6260/3493/750 6262/3495/751 6261/3496/751 6259/3494/750
f 6262/3495/751 6264/3497/752 6263/3498/752 6261/3496/751
f 6264/3497/752 6266/3499/753 6265/3500/753 6263/3498/752
f 6266/3499/753 6268/3501/754 6267/3502/754 6265/3500/753
f 6268/3501/754 6270/3503/755 6269/3504/755 6267/3502/754
f 6270/3503/755 6272/3505/756 6271/3506/756 6269/3504/755
f 6272/3505/756 6274/3507/757 6273/3508/757 6271/3506/756
f 6274/3507/757 6276/3509/758 6275/3510/758 6273/3508/757
f 6276/3509/758 6278/3511/759 6277/3512/759 6275/3510/758
f 6278/3511/759 6280/3513/760 6279/3514/760 6277/3512/759
f 6280/3513/760 6282/3515/761 6281/3516/761 6279/3514/760
f 6282/3515/761 6284/3517/762 6283/3518/762 6281/3516/761
f 6284/3517/762 6286/3519/763 6285/3520/763 6283/3518/762
f 6286/3519/763 6288/3521/764 6287/3522/764 6285/3520/763
f 6288/3521/764 6290/3523/765 6289/3524/765 6287/3522/764
f 6290/3523/765 6292/3525/766 6291/3526/766 6289/3524/765
f 6292/3525/766 6294/3527/767 6293/3528/767 6291/3526/766
f 6294/3527/767 6296/3529/768 6295/438/768 6293/3528/767
f 6296/3529/768 6298/3530/769 6297/3531/769 6295/438/768
f 6298/3530/769 6300/3532/770 6299/3533/770 6297/3531/769
f 6300/3532/770 6302/3534/771 6301/3535/771 6299/3533/770
f 6302/3534/771 6304/3536/772 6303/3537/772 6301/3535/771
f 6304/3536/772 6306/3538/773 6305/3539/773 6303/3537/772
f 6306/3538/773 6308/3540/774 6307/3541/774 6305/3539/773
f 6308/3540/774 6310/3542/775 6309/3543/775 6307/3541/774
f 6310/3542/775 6312/3544/776 6311/3545/776 6309/3543/775
f 6312/3544/776 6314/3546/777 6313/3547/777 6311/3545/776
f 6314/3546/777 6316/3548/778 6315/3549/778 6313/3547/777
f 6316/3548/778 6318/3550/779 6317/3551/779 6315/3549/778
f 6318/3550/779 6320/3552/780 6319/3553/780 6317/3551/779
f 6320/3552/780 6322/3554/781 6321/3555/781 6319/3553/780
f 6322/3554/781 6324/3556/782 6323/3557/782 6321/3555/781
f 6324/3556/782 6326/3558/783 6325/3559/783 6323/3557/782
f 6326/3558/783 6328/3560/784 6327/3561/784 6325/3559/783
f 6328/3560/784 6330/3562/785 6329/3563/785 6327/3561/784
f 6330/3562/785 6332/3564/786 6331/3565/786 6329/3563/785
f 6332/3564/786 6334/3566/787 6333/3567/787 6331/3565/786
f 6334/3566/787 6336/3568/788 6335/3569/788 6333/3567/787
f 6336/3568/788 6338/3570/789 6337/3571/789 6335/3569/788
f 6338/3570/789 6340/3572/790 6339/3573/790 6337/3571/789
f 6340/3572/790 6342/3574/791 6341/3575/791 6339/3573/790
f 6342/3574/791 6344/3576/792 6343/3577/792 6341/3575/791
f 6344/3576/792 6346/3578/793 6345/3579/793 6343/3577/792
f 6346/3578/793 6348/3580/794 6347/3581/794 6345/3579/793
f 6348/3580/794 6350/3582/795 6349/3583/795 6347/3581/794
f 6350/3582/795 6352/3584/796 6351/3585/796 6349/3583/795
f 6352/3584/796 6354/3586/797 6353/3587/797 6351/3585/796
f 6354/3586/797 6356/3588/798 6355/3589/798 6353/3587/797
f 6356/3588/798 6358/3590/799 6357/3591/799 6355/3589/798
f 6358/3590/799 6360/3592/800 6359/3593/800 6357/3591/799
f 6360/3592/800 6362/3594/801 6361/3595/801 6359/3593/800
f 6362/3594/801 6364/3596/802 6363/3597/802 6361/3595/801
f 6364/3596/802 6366/3598/803 6365/3599/803 6363/3597/802
f 6366/3598/803 6368/3600/804 6367/3601/804 6365/3599/803
f 6368/3600/804 6370/3602/805 6369/494/805 6367/3601/804
f 6370/3602/805 6372/3603/806 6371/3604/806 6369/494/805
f 6372/3603/806 6374/3605/807 6373/3606/807 6371/3604/806
f 6374/3605/807 6376/3607/808 6375/3608/808 6373/3606/807
f 6376/3607/808 6378/3609/809 6377/3610/809 6375/3608/808
f 6378/3609/809 6380/3611/810 6379/3612/810 6377/3610/809
f 6380/3611/810 6382/3613/811 6381/3614/811 6379/3612/810
f 6382/3613/811 6384/3615/812 6383/3616/812 6381/3614/811
f 6384/3615/812 6386/3617/813 6385/3618/813 6383/3616/812
f 6386/3617/813 6388/3619/814 6387/3620/814 6385/3618/813
f 6388/3619/814 6390/3621/815 6389/3622/815 6387/3620/814
f 6390/3621/815 6392/3623/816 6391/3624/816 6389/3622/815
f 6392/3623/816 6394/3625/817 6393/3626/817 6391/3624/816
f 6394/3625/817 6396/3627/818 6395/3628/818 6393/3626/817
f 6396/3627/818 6398/3629/819 6397/3630/819 6395/3628/818
f 6398/3629/819 6400/3631/820 6399/3632/820 6397/3630/819
f 6400/3631/820 6402/3633/821 6401/3634/821 6399/3632/820
f 6402/3633/821 6404/3635/822 6403/3636/822 6401/3634/821
f 6404/3635/822 6406/3637/823 6405/3638/823 6403/3636/822
f 6406/3637/823 6408/3639/824 6407/3640/824 6405/3638/823
f 6408/3639/824 6410/3641/825 6409/3642/825 6407/3640/824
f 6410/3641/825 6412/3643/826 6411/3644/826 6409/3642/825
f 6412/3643/826 6414/3645/827 6413/3646/827 6411/3644/826
f 6414/3645/827 6416/3647/828 6415/3648/828 6413/3646/827
f 6416/3647/828 6418/3649/829 6417/3650/829 6415/3648/828
f 6418/3649/829 6420/3651/830 6419/3652/830 6417/3650/829
f 6420/3651/830 6422/3653/831 6421/3654/831 6419/3652/830
f 6422/3653/831 6424/3655/832 6423/3656/832 6421/3654/831
f 6424/3655/832 6426/3657/833 6425/3658/833 6423/3656/832
f 6426/3657/833 6428/3659/834 6427/3660/834 6425/3658/833
f 6428/3659/834 6430/3661/835 6429/3662/835 6427/3660/834
f 6430/3661/835 6432/3663/836 6431/3664/836 6429/3662/835
f 6432/3663/836 6434/3665/837 6433/3666/837 6431/3664/836
f 6434/3665/837 6436/3667/838 6435/3668/838 6433/3666/837
f 6436/3667/838 6438/3669/839 6437/3670/839 6435/3668/838
f 6438/3669/839 6440/3671/840 6439/3672/840 6437/3670/839
f 6440/3671/840 6442/3673/841 6441/3674/841 6439/3672/840
f 6442/3673/841 6444/3675/842 6443/522/842 6441/3674/841
f 6444/3675/842 6446/3676/843 6445/3677/843 6443/522/842
f 6446/3676/843 6448/3678/844 6447/3679/844 6445/3677/843
f 6448/3678/844 6450/3680/845 6449/3681/845 6447/3679/844
f 6450/3680/845 6452/3682/846 6451/3683/846 6449/3681/845
f 6452/3682/846 6454/3684/847 6453/3685/847 6451/3683/846
f 6454/3684/847 6456/3686/848 6455/3687/848 6453/3685/847
f 6456/3686/848 6458/3688/849 6457/3689/849 6455/3687/848
f 6458/3688/849 6460/3690/850 6459/3691/850 6457/3689/849
f 6460/3690/850 6462/3692/851 6461/3693/851 6459/3691/850
f 6462/3692/851 6464/3694/852 6463/3695/852 6461/3693/851
f 6464/3694/852 6466/3696/853 6465/3697/853 6463/3695/852
f 6466/3696/853 6468/3698/368 6467/3699/368 6465/3697/853
f 6468/3698/368 6470/3700/854 6469/3701/854 6467/3699/368
f 6470/3700/854 6472/3702/855 6471/3703/855 6469/3701/854
f 6472/3702/855 6474/3704/856 6473/3705/856 6471/3703/855
f 6474/3704/856 6476/3706/857 6475/3707/857 6473/3705/856
f 6476/3706/857 6478/3708/858 6477/3709/858 6475/3707/857
f 6478/3708/858 6480/3710/859 6479/3711/859 6477/3709/858
f 6480/3710/859 6482/3712/860 6481/3713/860 6479/3711/859
f 6482/3712/860 6484/3714/861 6483/3715/861 6481/3713/860
f 6484/3714/861 6486/3716/862 6485/3717/862 6483/3715/861
f 6486/3716/862 6488/3718/863 6487/3719/863 6485/3717/862
f 6488/3718/863 6490/3720/864 6489/3721/864 6487/3719/863
f 6490/3720/864 6492/3722/865 6491/3723/865 6489/3721/864
f 6492/3722/865 6494/3724/866 6493/3725/866 6491/3723/865
f 6494/3724/866 6496/3726/867 6495/3727/867 6493/3725/866
f 6496/3726/867 6498/3728/868 6497/3729/868 6495/3727/867
f 6498/3728/868 6500/3730/869 6499/3731/869 6497/3729/868
f 6500/3730/869 6502/3732/870 6501/3733/870 6499/3731/869
f 6502/3732/870 6504/3734/871 6503/3735/871 6501/3733/870
f 6504/3734/871 6506/3736/872 6505/3737/872 6503/3735/871
f 6506/3736/872 6508/3738/873 6507/3739/873 6505/3737/872
f 6508/3738/873 6510/3740/874 6509/3741/874 6507/3739/873
f 6510/3740/874 6512/3742/875 6511/3743/875 6509/3741/874
f 6512/3742/875 6514/3744/876 6513/3745/876 6511/3743/875
f 6514/3744/876 6516/3746/877 6515/3747/877 6513/3745/876
f 6516/3746/877 6518/3748/878 6517/509/878 6515/3747/877
f 6518/3748/878 6520/3749/879 6519/3750/879 6517/509/878
f 6520/3749/879 6522/3751/880 6521/3752/880 6519/3750/879
f 6522/3751/880 6524/3753/881 6523/3754/881 6521/3752/880
f 6524/3753/881 6526/3755/882 6525/3756/882 6523/3754/881
f 6526/3755/882 6528/3757/883 6527/3758/883 6525/3756/882
f 6528/3757/883 6530/3759/884 6529/3760/884 6527/3758/883
f 6530/3759/884 6532/3761/885 6531/3762/885 6529/3760/884
f 6532/3761/885 6534/3763/886 6533/3764/886 6531/3762/885
f 6534/3763/886 6536/3765/887 6535/3766/887 6533/3764/886
f 6536/3765/887 6538/3767/888 6537/3768/888 6535/3766/887
f 6538/3767/888 6540/3769/889 6539/3770/889 6537/3768/888
f 6540/3769/889 6542/3771/890 6541/3772/890 6539/3770/889
f 6542/3771/890 6544/3773/891 6543/3774/891 6541/3772/890
f 6544/3773/891 6546/3775/892 6545/3776/892 6543/3774/891
f 6546/3775/892 6548/3777/893 6547/3778/893 6545/3776/892
f 6548/3777/893 6550/3779/894 6549/3780/894 6547/3778/893
f 6550/3779/894 6552/3781/895 6551/3782/895 6549/3780/894
f 6552/3781/895 6554/3783/91 6553/3784/91 6551/3782/895
f 6554/3783/91 6556/3785/896 6555/3786/896 6553/3784/91
f 6556/3785/896 6558/3787/897 6557/3788/897 6555/3786/896
f 6558/3787/897 6560/3789/898 6559/3790/898 6557/3788/897
f 6560/3789/898 6562/3791/899 6561/3792/899 6559/3790/898
f 6562/3791/899 6564/3793/900 6563/3794/900 6561/3792/899
f 6564/3793/900 6566/3795/901 6565/3796/901 6563/3794/900
f 6566/3795/901 6568/3797/902 6567/3798/902 6565/3796/901
f 6568/3797/902 6570/3799/903 6569/3800/903 6567/3798/902
f 6570/3799/903 6572/3801/904 6571/3802/904 6569/3800/903
f 6572/3801/904 6574/3803/905 6573/3804/905 6571/3802/904
f 6574/3803/905 6576/3805/906 6575/3806/906 6573/3804/905
f 6576/3805/906 6578/3807/907 6577/3808/907 6575/3806/906
f 6578/3807/907 6580/3809/908 6579/3810/908 6577/3808/907
f 6580/3809/908 6582/3811/909 6581/3812/909 6579/3810/908
f 6582/3811/909 6584/3813/910 6583/3814/910 6581/3812/909
f 6584/3813/910 6586/3815/911 6585/3816/911 6583/3814/910
f 6586/3815/911 6588/3817/912 6587/3818/912 6585/3816/911
f 6588/3817/912 6590/3819/913 6589/3820/913 6587/3818/912
f 6590/3819/913 6592/3821/914 6591/454/914 6589/3820/913
f 6592/3821/914 6594/3822/915 6593/3823/915 6591/454/914
f 6594/3822/915 6596/3824/916 6595/3825/916 6593/3823/915
f 6596/3824/916 6598/3826/917 6597/3827/917 6595/3825/916
f 6598/3826/917 6600/3828/918 6599/3829/918 6597/3827/917
f 6600/3828/918 6602/3830/919 6601/3831/919 6599/3829/918
f 6602/3830/919 6604/3832/920 6603/3833/920 6601/3831/919
f 6604/3832/920 6606/3834/921 6605/3835/921 6603/3833/920
f 6606/3834/921 6608/3836/922 6607/3837/922 6605/3835/921
f 6608/3836/922 6610/3838/923 6609/3839/923 6607/3837/922
f 6610/3838/923 6612/3840/924 6611/3841/924 6609/3839/923
f 6612/3840/924 6614/3842/925 6613/3843/925 6611/3841/924
f 6614/3842/925 6616/3844/926 6615/3845/926 6613/3843/925
f 6616/3844/926 6618/3846/927 6617/3847/927 6615/3845/926
f 6618/3846/927 6620/3848/928 6619/3849/928 6617/3847/927
f 6620/3848/928 6622/3850/929 6621/3851/929 6619/3849/928
f 6622/3850/929 6624/3852/930 6623/3853/930 6621/3851/929
f 6624/3852/930 6626/3854/931 6625/3855/931 6623/3853/930
f 6626/3854/931 6628/3856/930 6627/3857/930 6625/3855/931
f 6628/3856/930 6630/3858/929 6629/3859/929 6627/3857/930
f 6630/3858/929 6632/3860/928 6631/3861/928 6629/3859/929
f 6632/3860/928 6634/3862/927 6633/3863/927 6631/3861/928
f 6634/3862/927 6636/3864/926 6635/3865/926 6633/3863/927
f 6636/3864/926 6638/3866/925 6637/3867/925 6635/3865/926
f 6638/3866/925 6640/3868/924 6639/3869/924 6637/3867/925
f 6640/3868/924 6642/3870/923 6641/3871/923 6639/3869/924
f 6642/3870/923 6644/3872/922 6643/3873/922 6641/3871/923
f 6644/3872/922 6646/3874/921 6645/3875/921 6643/3873/922
f 6646/3874/921 6648/3876/920 6647/3877/920 6645/3875/921
f 6648/3876/920 6650/3878/932 6649/3879/932 6647/3877/920
f 6650/3878/932 6652/3880/933 6651/3881/933 6649/3879/932
f 6652/3880/933 6654/3882/934 6653/3883/934 6651/3881/933
f 6654/3882/934 6656/3884/935 6655/3885/935 6653/3883/934
f 6656/3884/935 6658/3886/936 6657/3887/936 6655/3885/935
f 6658/3886/936 6660/3888/937 6659/3889/937 6657/3887/936
f 6660/3888/937 6662/3890/938 6661/3891/938 6659/3889/937
f 6662/3890/938 6664/3892/939 6663/3893/939 6661/3891/938
f 6664/3892/939 6666/3894/940 6665/418/940 6663/3893/939
f 6666/3894/940 6668/3895/941 6667/3896/941 6665/418/940
f 6668/3895/941 6670/3897/942 6669/3898/942 6667/3896/941
f 6670/3897/942 6672/3899/943 6671/3900/943 6669/3898/942
f 6672/3899/943 6674/3901/944 6673/3902/944 6671/3900/943
f 6674/3901/944 6676/3903/945 6675/3904/945 6673/3902/944
f 6676/3903/945 6678/3905/946 6677/3906/946 6675/3904/945
f 6678/3905/946 6680/3907/947 6679/3908/947 6677/3906/946
f 6680/3907/947 6682/3909/948 6681/3910/948 6679/3908/947
f 6682/3909/948 6684/3911/949 6683/3912/949 6681/3910/948
f 6684/3911/949 6686/3913/950 6685/3914/950 6683/3912/949
f 6686/3913/950 6688/3915/951 6687/3916/951 6685/3914/950
f 6688/3915/951 6690/3917/952 6689/3918/952 6687/3916/951
f 6690/3917/952 6692/3919/953 6691/3920/953 6689/3918/952
f 6692/3919/953 6694/3921/954 6693/3922/954 6691/3920/953
f 6694/3921/954 6696/3923/955 6695/3924/955 6693/3922/954
f 6696/3923/955 6698/3925/956 6697/3926/956 6695/3924/955
f 6698/3925/956 6700/3927/957 6699/3928/957 6697/3926/956
f 6700/3927/957 6702/3929/958 6701/3930/958 6699/3928/957
f 6702/3929/958 6704/3931/959 6703/3932/959 6701/3930/958
f 6704/3931/959 6706/3933/77 6705/3934/77 6703/3932/959
f 6706/3933/77 6708/3935/960 6707/3936/960 6705/3934/77
f 6708/3935/960 6710/3937/961 6709/3938/961 6707/3936/960
f 6710/3937/961 6712/3939/962 6711/3940/962 6709/3938/961
f 6712/3939/962 6714/3941/963 6713/3942/963 6711/3940/962
f 6714/3941/963 6716/3943/964 6715/3944/964 6713/3942/963
f 6716/3943/964 6718/3945/965 6717/3946/965 6715/3944/964
f 6718/3945/965 6720/3947/966 6719/3948/966 6717/3946/965
f 6720/3947/966 6722/3949/967 6721/3950/967 6719/3948/966
f 6722/3949/967 6724/3951/968 6723/3952/968 6721/3950/967
f 6724/3951/968 6726/3953/969 6725/3954/969 6723/3952/968
f 6726/3953/969 6728/3955/970 6727/3956/970 6725/3954/969
f 6728/3955/970 6730/3957/971 6729/3958/971 6727/3956/970
f 6730/3957/971 6732/3959/972 6731/3960/972 6729/3958/971
f 6732/3959/972 6734/3961/973 6733/3962/973 6731/3960/972
f 6734/3961/973 6736/3963/974 6735/3964/974 6733/3962/973
f 6736/3963/974 6738/3965/975 6737/3966/975 6735/3964/974
f 6738/3965/975 6740/3967/976 6739/402/976 6737/3966/975
f 6740/3967/976 6742/3968/977 6741/3969/977 6739/402/976
f 6742/3968/977 6744/3970/978 6743/3971/978 6741/3969/977
f 6744/3970/978 6746/3972/979 6745/3973/979 6743/3971/978
f 6746/3972/979 6748/3974/980 6747/3975/980 6745/3973/979
f 6748/3974/980 6750/3976/981 6749/3977/981 6747/3975/980
f 6750/3976/981 6752/3978/982 6751/3979/982 6749/3977/981
f 6752/3978/982 6754/3980/983 6753/3981/983 6751/3979/982
f 6754/3980/983 6756/3982/984 6755/3983/984 6753/3981/983
f 6756/3982/984 6758/3984/985 6757/3985/985 6755/3983/984
f 6758/3984/985 6760/3986/986 6759/3987/986 6757/3985/985
f 6760/3986/986 6762/3988/987 6761/3989/987 6759/3987/986
f 6762/3988/987 6764/3990/988 6763/3991/988 6761/3989/987
f 6764/3990/988 6766/3992/989 6765/3993/989 6763/3991/988
f 6766/3992/989 6768/3994/990 6767/3995/990 6765/3993/989
f 6768/3994/990 6770/3996/991 6769/3997/991 6767/3995/990
f 6770/3996/991 6772/3998/992 6771/3999/992 6769/3997/991
f 6772/3998/992 6774/4000/993 6773/4001/993 6771/3999/992
f 6774/4000/993 6776/4002/994 6775/4003/994 6773/4001/993
f 6776/4002/994 6778/4004/995 6777/4005/995 6775/4003/994
f 6778/4004/995 6780/4006/996 6779/4007/996 6777/4005/995
f 6780/4006/996 6782/4008/997 6781/4009/997 6779/4007/996
f 6782/4008/997 6784/4010/998 6783/4011/998 6781/4009/997
f 6784/4010/998 6786/4012/999 6785/4013/999 6783/4011/998
f 6786/4012/999 6788/4014/1000 6787/4015/1000 6785/4013/999
f 6788/4014/1000 6790/4016/1001 6789/4017/1001 6787/4015/1000
f 6790/4016/1001 6792/4018/1002 6791/4019/1002 6789/4017/1001
f 6792/4018/1002 6794/4020/1003 6793/4021/1003 6791/4019/1002
f 6794/4020/1003 6796/4022/1004 6795/4023/1004 6793/4021/1003
f 6796/4022/1004 6798/4024/1005 6797/4025/1005 6795/4023/1004
f 6798/4024/1005 6800/4026/1006 6799/4027/1006 6797/4025/1005
f 6800/4026/1006 6802/4028/1007 6801/4029/1007 6799/4027/1006
f 6802/4028/1007 6804/4030/1008 6803/4031/1008 6801/4029/1007
f 6804/4030/1008 6806/4032/1009 6805/4033/1009 6803/4031/1008
f 6806/4032/1009 6808/4034/1010 6807/4035/1010 6805/4033/1009
f 6808/4034/1010 6810/4036/1011 6809/4037/1011 6807/4035/1010
f 6810/4036/1011 6812/4038/1012 6811/4039/1012 6809/4037/1011
f 6812/4038/1012 6814/4040/1013 6813/371/1013 6811/4039/1012
f 6814/4040/1013 6816/4041/1014 6815/4042/1014 6813/371/1013
f 6816/4041/1014 6818/4043/1015 6817/4044/1015 6815/4042/1014
f 6818/4043/1015 6820/4045/1016 6819/4046/1016 6817/4044/1015
f 6820/4045/1016 6822/4047/1017 6821/4048/1017 6819/4046/1016
f 6822/4047/1017 6824/4049/1018 6823/4050/1018 6821/4048/1017
f 6824/4049/1018 6826/4051/1019 6825/4052/1019 6823/4050/1018
f 6826/4051/1019 6828/4053/1020 6827/4054/1020 6825/4052/1019
f 6828/4053/1020 6830/4055/1021 6829/4056/1021 6827/4054/1020
f 6830/4055/1021 6832/4057/1022 6831/4058/1022 6829/4056/1021
f 6832/4057/1022 6834/4059/1023 6833/4060/1023 6831/4058/1022
f 6834/4059/1023 6836/4061/1024 6835/4062/1024 6833/4060/1023
f 6836/4061/1024 6838/4063/1025 6837/4064/1025 6835/4062/1024
f 6838/4063/1025 6840/4065/1026 6839/4066/1026 6837/4064/1025
f 6840/4065/1026 6842/4067/1027 6841/4068/1027 6839/4066/1026
f 6842/4067/1027 6844/4069/1028 6843/4070/1028 6841/4068/1027
f 6844/4069/1028 6846/4071/1029 6845/4072/1029 6843/4070/1028
f 6846/4071/1029 6848/4073/1030 6847/4074/1030 6845/4072/1029
f 6848/4073/1030 6850/4075/1031 6849/4076/1031 6847/4074/1030
f 6850/4075/1031 6852/4077/1032 6851/4078/1032 6849/4076/1031
f 6852/4077/1032 6854/4079/1033 6853/4080/1033 6851/4078/1032
f 6854/4079/1033 6856/4081/1034 6855/4082/1034 6853/4080/1033
f 6856/4081/1034 6858/4083/1035 6857/4084/1035 6855/4082/1034
f 6858/4083/1035 6860/4085/1036 6859/4086/1036 6857/4084/1035
f 6860/4085/1036 6862/4087/1037 6861/4088/1037 6859/4086/1036
f 6862/4087/1037 6864/4089/1038 6863/4090/1038 6861/4088/1037
f 6864/4089/1038 6866/4091/1039 6865/4092/1039 6863/4090/1038
f 6866/4091/1039 6868/4093/1040 6867/4094/1040 6865/4092/1039
f 6868/4093/1040 6870/4095/1041 6869/4096/1041 6867/4094/1040
f 6870/4095/1041 6872/4097/1042 6871/4098/1042 6869/4096/1041
f 6872/4097/1042 6874/4099/1043 6873/4100/1043 6871/4098/1042
f 6874/4099/1043 6876/4101/1044 6875/4102/1044 6873/4100/1043
f 6876/4101/1044 6878/4103/1045 6877/4104/1045 6875/4102/1044
f 6878/4103/1045 6880/4105/1046 6879/4106/1046 6877/4104/1045
f 6880/4105/1046 6882/4107/1047 6881/4108/1047 6879/4106/1046
f 6882/4107/1047 6884/4109/1048 6883/4110/1048 6881/4108/1047
f 6884/4109/1048 6886/4111/1049 6885/4112/1049 6883/4110/1048
f 6886/4111/1049 6888/4113/1050 6887/382/1050 6885/4112/1049
f 6888/4113/1050 6890/4114/1051 6889/4115/1051 6887/382/1050
f 6890/4114/1051 6892/4116/1052 6891/4117/1052 6889/4115/1051
f 6892/4116/1052 6894/4118/1053 6893/4119/1053 6891/4117/1052
f 6894/4118/1053 6896/4120/1054 6895/4121/1054 6893/4119/1053
f 6896/4120/1054 6898/4122/1055 6897/4123/1055 6895/4121/1054
f 6898/4122/1055 6900/4124/1056 6899/4125/1056 6897/4123/1055
f 6900/4124/1056 6902/4126/1057 6901/4127/1057 6899/4125/1056
f 6902/4126/1057 6904/4128/1058 6903/4129/1058 6901/4127/1057
f 6904/4128/1058 6906/4130/1059 6905/4131/1059 6903/4129/1058
f 6906/4130/1059 6908/4132/1060 6907/4133/1060 6905/4131/1059
f 6908/4132/1060 6910/4134/1061 6909/4135/1061 6907/4133/1060
f 6910/4134/1061 6912/4136/1062 6911/4137/1062 6909/4135/1061
f 6912/4136/1062 6914/4138/1063 6913/4139/1063 6911/4137/1062
f 6914/4138/1063 6916/4140/1064 6915/4141/1064 6913/4139/1063
f 6916/4140/1064 6918/4142/1063 6917/4143/1063 6915/4141/1064
f 6918/4142/1063 6920/4144/1062 6919/4145/1062 6917/4143/1063
f 6920/4144/1062 6922/4146/1061 6921/4147/1061 6919/4145/1062
f 6922/4146/1061 6924/4148/1060 6923/4149/1060 6921/4147/1061
f 6924/4148/1060 6926/4150/1059 6925/4151/1059 6923/4149/1060
f 6926/4150/1059 6928/4152/1058 6927/4153/1058 6925/4151/1059
f 6928/4152/1058 6930/4154/1057 6929/4155/1057 6927/4153/1058
f 6930/4154/1057 6932/4156/1056 6931/4157/1056 6929/4155/1057
f 6932/4156/1056 6934/4158/1055 6933/4159/1055 6931/4157/1056
f 6934/4158/1055 6936/4160/1054 6935/4161/1054 6933/4159/1055
f 6936/4160/1054 6938/4162/1053 6937/4163/1053 6935/4161/1054
f 6938/4162/1053 6940/4164/1065 6939/4165/1065 6937/4163/1053
f 6940/4164/1065 6942/4166/1066 6941/4167/1066 6939/4165/1065
f 6942/4166/1066 6944/4168/1067 6943/4169/1067 6941/4167/1066
f 6944/4168/1067 6946/4170/1068 6945/4171/1068 6943/4169/1067
f 6946/4170/1068 6948/4172/1069 6947/4173/1069 6945/4171/1068
f 6948/4172/1069 6950/4174/1070 6949/4175/1070 6947/4173/1069
f 6950/4174/1070 6952/4176/1071 6951/4177/1071 6949/4175/1070
f 6952/4176/1071 6954/4178/1072 6953/4179/1072 6951/4177/1071
f 6954/4178/1072 6956/4180/1073 6955/4181/1073 6953/4179/1072
f 6956/4180/1073 6958/4182/1074 6957/4183/1074 6955/4181/1073
f 6958/4182/1074 6960/4184/1075 6959/4185/1075 6957/4183/1074
f 6960/4184/1075 6962/4186/1076 6961/354/1076 6959/4185/1075
f 6962/4186/1076 6964/4187/1077 6963/4188/1077 6961/354/1076
f 6964/4187/1077 6966/4189/1078 6965/4190/1078 6963/4188/1077
f 6966/4189/1078 6968/4191/1079 6967/4192/1079 6965/4190/1078
f 6968/4191/1079 6970/4193/1080 6969/4194/1080 6967/4192/1079
f 6970/4193/1080 6972/4195/1081 6971/4196/1081 6969/4194/1080
f 6972/4195/1081 6974/4197/1082 6973/4198/1082 6971/4196/1081
f 6974/4197/1082 6976/4199/1083 6975/4200/1083 6973/4198/1082
f 6976/4199/1083 6978/4201/1084 6977/4202/1084 6975/4200/1083
f 6978/4201/1084 6980/4203/1085 6979/4204/1085 6977/4202/1084
f 6980/4203/1085 6982/4205/1086 6981/4206/1086 6979/4204/1085
f 6982/4205/1086 6984/4207/1087 6983/4208/1087 6981/4206/1086
f 6984/4207/1087 6986/4209/1088 6985/4210/1088 6983/4208/1087
f 6986/4209/1088 6988/4211/1089 6987/4212/1089 6985/4210/1088
f 6988/4211/1089 6990/4213/1090 6989/4214/1090 6987/4212/1089
f 6990/4213/1090 6992/4215/1091 6991/4216/1091 6989/4214/1090
f 6992/4215/1091 6994/4217/1092 6993/4218/1092 6991/4216/1091
f 6994/4217/1092 6996/4219/1093 6995/4220/1093 6993/4218/1092
f 6996/4219/1093 6998/4221/1094 6997/4222/1094 6995/4220/1093
f 6998/4221/1094 7000/4223/1095 6999/4224/1095 6997/4222/1094
f 7000/4223/1095 7002/4225/1096 7001/4226/1096 6999/4224/1095
f 7002/4225/1096 7004/4227/1097 7003/4228/1097 7001/4226/1096
f 7004/4227/1097 7006/4229/490 7005/4230/490 7003/4228/1097
f 7006/4229/490 7008/4231/1098 7007/4232/1098 7005/4230/490
f 7008/4231/1098 7010/4233/1099 7009/4234/1099 7007/4232/1098
f 7010/4233/1099 7012/4235/1100 7011/4236/1100 7009/4234/1099
f 7012/4235/1100 7014/4237/1101 7013/4238/1101 7011/4236/1100
f 7014/4237/1101 7016/4239/1102 7015/4240/1102 7013/4238/1101
f 7016/4239/1102 7018/4241/1103 7017/4242/1103 7015/4240/1102
f 7018/4241/1103 7020/4243/1104 7019/4244/1104 7017/4242/1103
f 7020/4243/1104 7022/4245/1105 7021/4246/1105 7019/4244/1104
f 7022/4245/1105 7024/4247/1106 7023/4248/1106 7021/4246/1105
f 7024/4247/1106 7026/4249/1107 7025/4250/1107 7023/4248/1106
f 7026/4249/1107 7028/4251/1108 7027/4252/1108 7025/4250/1107
f 7028/4251/1108 7030/4253/1109 7029/4254/1109 7027/4252/1108
f 7030/4253/1109 7032/4255/1110 7031/4256/1110 7029/4254/1109
f 7032/4255/1110 7034/4257/1111 7033/4258/1111 7031/4256/1110
f 7034/4257/1111 6074/2463/657 6073/73/657 7033/4258/1111
f 7036/1982/1112 7038/4259/1113 7037/4260/1113 7035/76/1112
f 7038/4259/1113 7040/4261/1114 7039/4262/1114 7037/4260/1113
f 7040/4261/1114 7042/4263/1115 7041/4264/1115 7039/4262/1114
f 7042/4263/1115 7044/2464/1116 7043/2465/1116 7041/4264/1115
f 7044/2464/1116 7046/4265/1117 7045/4266/1117 7043/2465/1116
f 7046/4265/1117 7048/4267/1118 7047/4268/1118 7045/4266/1117
f 7048/4267/1118 7050/4269/1119 7049/4270/1119 7047/4268/1118
f 7050/4269/1119 7052/2466/1120 7051/2467/1120 7049/4270/1119
f 7052/2466/1120 7054/4271/1121 7053/4272/1121 7051/2467/1120
f 7054/4271/1121 7056/4273/1122 7055/4274/1122 7053/4272/1121
f 7056/4273/1122 7058/4275/1123 7057/4276/1123 7055/4274/1122
f 7058/4275/1123 7060/2468/1124 7059/2469/1124 7057/4276/1123
f 7060/2468/1124 7062/4277/1125 7061/4278/1125 7059/2469/1124
f 7062/4277/1125 7064/4279/1126 7063/4280/1126 7061/4278/1125
f 7064/4279/1126 7066/4281/1127 7065/4282/1127 7063/4280/1126
f 7066/4281/1127 7068/2470/1128 7067/2471/1128 7065/4282/1127
f 7068/2470/1128 7070/4283/1129 7069/1227/1129 7067/2471/1128
f 7070/4283/1129 7072/4284/1130 7071/4285/1130 7069/1227/1129
f 7072/4284/1130 7074/4286/1131 7073/4287/1131 7071/4285/1130
f 7074/4286/1131 7076/2472/1132 7075/2473/1132 7073/4287/1131
f 7076/2472/1132 7078/4288/1133 7077/4289/1133 7075/2473/1132
f 7078/4288/1133 7080/4290/1134 7079/4291/1134 7077/4289/1133
f 7080/4290/1134 7082/4292/1135 7081/4293/1135 7079/4291/1134
f 7082/4292/1135 7084/2474/1136 7083/2475/1136 7081/4293/1135
f 7084/2474/1136 7086/4294/1137 7085/4295/1137 7083/2475/1136
f 7086/4294/1137 7088/4296/1138 7087/4297/1138 7085/4295/1137
f 7088/4296/1138 7090/4298/1139 7089/4299/1139 7087/4297/1138
f 7090/4298/1139 7092/2476/1140 7091/2477/1140 7089/4299/1139
f 7092/2476/1140 7094/4300/1141 7093/4301/1141 7091/2477/1140
f 7094/4300/1141 7096/4302/1142 7095/4303/1142 7093/4301/1141
f 7096/4302/1142 7098/4304/1143 7097/4305/1143 7095/4303/1142
f 7098/4304/1143 7100/2478/1144 7099/2479/1144 7097/4305/1143
f 7100/2478/1144 7102/4306/1145 7101/4307/1145 7099/2479/1144
f 7102/4306/1145 7104/4308/1146 7103/1264/1146 7101/4307/1145
f 7104/4308/1146 7106/4309/1147 7105/4310/1147 7103/1264/1146
f 7106/4309/1147 7108/2480/1148 7107/2481/1148 7105/4310/1147
f 7108/2480/1148 7110/4311/1149 7109/4312/1149 7107/2481/1148
f 7110/4311/1149 7112/4313/1150 7111/4314/1150 7109/4312/1149
f 7112/4313/1150 7114/4315/1151 7113/4316/1151 7111/4314/1150
f 7114/4315/1151 7116/2482/1152 7115/2483/1152 7113/4316/1151
f 7116/2482/1152 7118/4317/1153 7117/4318/1153 7115/2483/1152
f 7118/4317/1153 7120/4319/1154 7119/4320/1154 7117/4318/1153
f 7120/4319/1154 7122/4321/1155 7121/4322/1155 7119/4320/1154
f 7122/4321/1155 7124/2484/1156 7123/2485/1156 7121/4322/1155
f 7124/2484/1156 7126/4323/1157 7125/4324/1157 7123/2485/1156
f 7126/4323/1157 7128/4325/1158 7127/4326/1158 7125/4324/1157
f 7128/4325/1158 7130/4327/1159 7129/4328/1159 7127/4326/1158
f 7130/4327/1159 7132/2486/1160 7131/2487/1160 7129/4328/1159
f 7132/2486/1160 7134/4329/1161 7133/4330/1161 7131/2487/1160
f 7134/4329/1161 7136/4331/1162 7135/4332/1162 7133/4330/1161
f 7136/4331/1162 7138/4333/1163 7137/1319/1163 7135/4332/1162
f 7138/4333/1163 7140/2488/1164 7139/2489/1164 7137/1319/1163
f 7140/2488/1164 7142/4334/1165 7141/4335/1165 7139/2489/1164
f 7142/4334/1165 7144/4336/1166 7143/4337/1166 7141/4335/1165
f 7144/4336/1166 7146/4338/1167 7145/4339/1167 7143/4337/1166
f 7146/4338/1167 7148/2490/1168 7147/2491/1168 7145/4339/1167
f 7148/2490/1168 7150/4340/1169 7149/4341/1169 7147/2491/1168
f 7150/4340/1169 7152/4342/1170 7151/4343/1170 7149/4341/1169
f 7152/4342/1170 7154/4344/1171 7153/4345/1171 7151/4343/1170
f 7154/4344/1171 7156/2492/1172 7155/2493/1172 7153/4345/1171
f 7156/2492/1172 7158/4346/1173 7157/4347/1173 7155/2493/1172
f 7158/4346/1173 7160/4348/1174 7159/4349/1174 7157/4347/1173
f 7160/4348/1174 7162/4350/1175 7161/4351/1175 7159/4349/1174
f 7162/4350/1175 7164/2494/1176 7163/2495/1176 7161/4351/1175
f 7164/2494/1176 7166/4352/1177 7165/4353/1177 7163/2495/1176
f 7166/4352/1177 7168/4354/1178 7167/4355/1178 7165/4353/1177
f 7168/4354/1178 7170/4356/1179 7169/4357/1179 7167/4355/1178
f 7170/4356/1179 7172/2496/1180 7171/721/1180 7169/4357/1179
f 7172/2496/1180 7174/4358/1181 7173/4359/1181 7171/721/1180
f 7174/4358/1181 7176/4360/931 7175/4361/931 7173/4359/1181
f 7176/4360/931 7178/4362/1182 7177/4363/1182 7175/4361/931
f 7178/4362/1182 7180/2497/1183 7179/2498/1183 7177/4363/1182
f 7180/2497/1183 7182/4364/1184 7181/4365/1184 7179/2498/1183
f 7182/4364/1184 7184/4366/1185 7183/4367/1185 7181/4365/1184
f 7184/4366/1185 7186/4368/1186 7185/4369/1186 7183/4367/1185
f 7186/4368/1186 7188/2499/1187 7187/2500/1187 7185/4369/1186
f 7188/2499/1187 7190/4370/1188 7189/4371/1188 7187/2500/1187
f 7190/4370/1188 7192/4372/1189 7191/4373/1189 7189/4371/1188
f 7192/4372/1189 7194/4374/1190 7193/4375/1190 7191/4373/1189
f 7194/4374/1190 7196/2501/1191 7195/2502/1191 7193/4375/1190
f 7196/2501/1191 7198/4376/1192 7197/4377/1192 7195/2502/1191
f 7198/4376/1192 7200/4378/1193 7199/4379/1193 7197/4377/1192
f 7200/4378/1193 7202/4380/1194 7201/4381/1194 7199/4379/1193
f 7202/4380/1194 7204/2503/1195 7203/2504/1195 7201/4381/1194
f 7204/2503/1195 7206/2798/1196 7205/1651/1196 7203/2504/1195
f 7206/2798/1196 7208/4382/1197 7207/4383/1197 7205/1651/1196
f 7208/4382/1197 7210/4384/1198 7209/4385/1198 7207/4383/1197
f 7210/4384/1198 7212/2505/1199 7211/2506/1199 7209/4385/1198
f 7212/2505/1199 7214/4386/1200 7213/4387/1200 7211/2506/1199
f 7214/4386/1200 7216/4388/1201 7215/4389/1201 7213/4387/1200
f 7216/4388/1201 7218/4390/1202 7217/4391/1202 7215/4389/1201
f 7218/4390/1202 7220/2507/1203 7219/2508/1203 7217/4391/1202
f 7220/2507/1203 7222/4392/1204 7221/4393/1204 7219/2508/1203
f 7222/4392/1204 7224/4394/1205 7223/4395/1205 7221/4393/1204
f 7224/4394/1205 7226/4396/1206 7225/4397/1206 7223/4395/1205
f 7226/4396/1206 7228/2509/1207 7227/2510/1207 7225/4397/1206
f 7228/2509/1207 7230/4398/1208 7229/4399/1208 7227/2510/1207
f 7230/4398/1208 7232/4400/1209 7231/4401/1209 7229/4399/1208
f 7232/4400/1209 7234/4402/1210 7233/4403/1210 7231/4401/1209
f 7234/4402/1210 7236/2511/1211 7235/2512/1211 7233/4403/1210
f 7236/2511/1211 7238/4404/1212 7237/4405/1212 7235/2512/1211
f 7238/4404/1212 7240/4406/1213 7239/1477/1213 7237/4405/1212
f 7240/4406/1213 7242/4407/1214 7241/4408/1214 7239/1477/1213
f 7242/4407/1214 7244/2513/1215 7243/2514/1215 7241/4408/1214
f 7244/2513/1215 7246/4409/1216 7245/4410/1216 7243/2514/1215
f 7246/4409/1216 7248/4411/1217 7247/4412/1217 7245/4410/1216
f 7248/4411/1217 7250/4413/1218 7249/4414/1218 7247/4412/1217
f 7250/4413/1218 7252/2515/1219 7251/2516/1219 7249/4414/1218
f 7252/2515/1219 7254/4415/1220 7253/4416/1220 7251/2516/1219
f 7254/4415/1220 7256/4417/1221 7255/4418/1221 7253/4416/1220
f 7256/4417/1221 7258/4419/1222 7257/4420/1222 7255/4418/1221
f 7258/4419/1222 7260/2517/1223 7259/2518/1223 7257/4420/1222
f 7260/2517/1223 7262/4421/1224 7261/4422/1224 7259/2518/1223
f 7262/4421/1224 7264/4423/1225 7263/4424/1225 7261/4422/1224
f 7264/4423/1225 7266/4425/1226 7265/4426/1226 7263/4424/1225
f 7266/4425/1226 7268/2519/1227 7267/2520/1227 7265/4426/1226
f 7268/2519/1227 7270/4427/1228 7269/4428/1228 7267/2520/1227
f 7270/4427/1228 7272/4429/1229 7271/4430/1229 7269/4428/1228
f 7272/4429/1229 7274/4431/1230 7273/1333/1230 7271/4430/1229
f 7274/4431/1230 7276/2521/1231 7275/2522/1231 7273/1333/1230
f 7276/2521/1231 7278/4432/1232 7277/4433/1232 7275/2522/1231
f 7278/4432/1232 7280/4434/1233 7279/4435/1233 7277/4433/1232
f 7280/4434/1233 7282/4436/1234 7281/4437/1234 7279/4435/1233
f 7282/4436/1234 7284/2523/1235 7283/2524/1235 7281/4437/1234
f 7284/2523/1235 7286/4438/1236 7285/4439/1236 7283/2524/1235
f 7286/4438/1236 7288/4440/1237 7287/4441/1237 7285/4439/1236
f 7288/4440/1237 7290/4442/1238 7289/4443/1238 7287/4441/1237
f 7290/4442/1238 7292/2525/1239 7291/2526/1239 7289/4443/1238
f 7292/2525/1239 7294/4444/1240 7293/4445/1240 7291/2526/1239
f 7294/4444/1240 7296/4446/1241 7295/4447/1241 7293/4445/1240
f 7296/4446/1241 7298/4448/1242 7297/4449/1242 7295/4447/1241
f 7298/4448/1242 7300/2527/1243 7299/2528/1243 7297/4449/1242
f 7300/2527/1243 7302/4450/1244 7301/4451/1244 7299/2528/1243
f 7302/4450/1244 7304/4452/1245 7303/4453/1245 7301/4451/1244
f 7304/4452/1245 7306/4454/1246 7305/4455/1246 7303/4453/1245
f 7306/4454/1246 7308/2529/1247 7307/619/1247 7305/4455/1246
f 7308/2529/1247 7310/4456/1248 7309/4457/1248 7307/619/1247
f 7310/4456/1248 7312/4458/1249 7311/4459/1249 7309/4457/1248
f 7312/4458/1249 7314/4460/1250 7313/4461/1250 7311/4459/1249
f 7314/4460/1250 7316/2530/1251 7315/2531/1251 7313/4461/1250
f 7316/2530/1251 7318/4462/1252 7317/4463/1252 7315/2531/1251
f 7318/4462/1252 7320/4464/1253 7319/4465/1253 7317/4463/1252
f 7320/4464/1253 7322/4466/1254 7321/4467/1254 7319/4465/1253
f 7322/4466/1254 7324/2532/1255 7323/2533/1255 7321/4467/1254
f 7324/2532/1255 7326/4468/1256 7325/4469/1256 7323/2533/1255
f 7326/4468/1256 7328/4470/1257 7327/4471/1257 7325/4469/1256
f 7328/4470/1257 7330/4472/1258 7329/4473/1258 7327/4471/1257
f 7330/4472/1258 7332/2534/1259 7331/2535/1259 7329/4473/1258
f 7332/2534/1259 7334/4474/1260 7333/4475/1260 7331/2535/1259
f 7334/4474/1260 7336/4476/653 7335/4477/653 7333/4475/1260
f 7336/4476/653 7338/4478/1261 7337/4479/1261 7335/4477/653
f 7338/4478/1261 7340/2536/1262 7339/2537/1262 7337/4479/1261
f 7340/2536/1262 7342/4480/1263 7341/1568/1263 7339/2537/1262
f 7342/4480/1263 7344/4481/1264 7343/4482/1264 7341/1568/1263
f 7344/4481/1264 7346/4483/1265 7345/4484/1265 7343/4482/1264
f 7346/4483/1265 7348/2538/1266 7347/2539/1266 7345/4484/1265
f 7348/2538/1266 7350/4485/1267 7349/4486/1267 7347/2539/1266
f 7350/4485/1267 7352/4487/1268 7351/4488/1268 7349/4486/1267
f 7352/4487/1268 7354/4489/1269 7353/4490/1269 7351/4488/1268
f 7354/4489/1269 7356/2540/1270 7355/2541/1270 7353/4490/1269
f 7356/2540/1270 7358/4491/1271 7357/4492/1271 7355/2541/1270
f 7358/4491/1271 7360/4493/1272 7359/4494/1272 7357/4492/1271
f 7360/4493/1272 7362/4495/1273 7361/4496/1273 7359/4494/1272
f 7362/4495/1273 7364/2542/1274 7363/2543/1274 7361/4496/1273
f 7364/2542/1274 7366/4497/1275 7365/4498/1275 7363/2543/1274
f 7366/4497/1275 7368/4499/1276 7367/4500/1276 7365/4498/1275
f 7368/4499/1276 7370/4501/1277 7369/4502/1277 7367/4500/1276
f 7370/4501/1277 7372/2544/1278 7371/2545/1278 7369/4502/1277
f 7372/2544/1278 7374/4503/1279 7373/4504/1279 7371/2545/1278
f 7374/4503/1279 7376/2969/1280 7375/495/1280 7373/4504/1279
f 7376/2969/1280 7378/4505/1281 7377/4506/1281 7375/495/1280
f 7378/4505/1281 7380/2546/1282 7379/2547/1282 7377/4506/1281
f 7380/2546/1282 7382/4507/1283 7381/4508/1283 7379/2547/1282
f 7382/4507/1283 7384/4509/1284 7383/4510/1284 7381/4508/1283
f 7384/4509/1284 7386/4511/1285 7385/4512/1285 7383/4510/1284
f 7386/4511/1285 7388/2548/1286 7387/2549/1286 7385/4512/1285
f 7388/2548/1286 7390/4513/1287 7389/4514/1287 7387/2549/1286
f 7390/4513/1287 7392/4515/1288 7391/4516/1288 7389/4514/1287
f 7392/4515/1288 7394/4517/1289 7393/4518/1289 7391/4516/1288
f 7394/4517/1289 7396/2550/1290 7395/2551/1290 7393/4518/1289
f 7396/2550/1290 7398/4519/1291 7397/4520/1291 7395/2551/1290
f 7398/4519/1291 7400/4521/1292 7399/4522/1292 7397/4520/1291
f 7400/4521/1292 7402/4523/1293 7401/4524/1293 7399/4522/1292
f 7402/4523/1293 7404/2552/1294 7403/2553/1294 7401/4524/1293
f 7404/2552/1294 7406/4525/1295 7405/4526/1295 7403/2553/1294
f 7406/4525/1295 7408/4527/1296 7407/4528/1296 7405/4526/1295
f 7408/4527/1296 7410/4529/1297 7409/1566/1297 7407/4528/1296
f 7410/4529/1297 7412/2554/1298 7411/2555/1298 7409/1566/1297
f 7412/2554/1298 7414/4530/1299 7413/4531/1299 7411/2555/1298
f 7414/4530/1299 7416/4532/1300 7415/4533/1300 7413/4531/1299
f 7416/4532/1300 7418/4534/1301 7417/4535/1301 7415/4533/1300
f 7418/4534/1301 7420/2556/1302 7419/2557/1302 7417/4535/1301
f 7420/2556/1302 7422/4536/1303 7421/4537/1303 7419/2557/1302
f 7422/4536/1303 7424/4538/1304 7423/4539/1304 7421/4537/1303
f 7424/4538/1304 7426/4540/1305 7425/4541/1305 7423/4539/1304
f 7426/4540/1305 7428/2558/1306 7427/2559/1306 7425/4541/1305
f 7428/2558/1306 7430/4542/1307 7429/4543/1307 7427/2559/1306
f 7430/4542/1307 7432/4544/1308 7431/4545/1308 7429/4543/1307
f 7432/4544/1308 7434/4546/1309 7433/4547/1309 7431/4545/1308
f 7434/4546/1309 7436/2560/1310 7435/2561/1310 7433/4547/1309
f 7436/2560/1310 7438/4548/1311 7437/4549/1311 7435/2561/1310
f 7438/4548/1311 7440/4550/1312 7439/4551/1312 7437/4549/1311
f 7440/4550/1312 7442/4552/1313 7441/4553/1313 7439/4551/1312
f 7442/4552/1313 7444/2562/1314 7443/818/1314 7441/4553/1313
f 7444/2562/1314 7446/4554/1315 7445/4555/1315 7443/818/1314
f 7446/4554/1315 7448/4556/1316 7447/4557/1316 7445/4555/1315
f 7448/4556/1316 7450/4558/1317 7449/4559/1317 7447/4557/1316
f 7450/4558/1317 7452/2563/1318 7451/2564/1318 7449/4559/1317
f 7452/2563/1318 7454/4560/1319 7453/4561/1319 7451/2564/1318
f 7454/4560/1319 7456/4562/1320 7455/4563/1320 7453/4561/1319
f 7456/4562/1320 7458/4564/1321 7457/4565/1321 7455/4563/1320
f 7458/4564/1321 7460/2565/1322 7459/2566/1322 7457/4565/1321
f 7460/2565/1322 7462/4566/1323 7461/4567/1323 7459/2566/1322
f 7462/4566/1323 7464/4568/1324 7463/4569/1324 7461/4567/1323
f 7464/4568/1324 7466/4570/1325 7465/4571/1325 7463/4569/1324
f 7466/4570/1325 7468/2567/1326 7467/2568/1326 7465/4571/1325
f 7468/2567/1326 7470/4572/1327 7469/4573/1327 7467/2568/1326
f 7470/4572/1327 7472/4574/1328 7471/4575/1328 7469/4573/1327
f 7472/4574/1328 7474/4576/1329 7473/4577/1329 7471/4575/1328
f 7474/4576/1329 7476/2569/1330 7475/2570/1330 7473/4577/1329
f 7476/2569/1330 7478/4578/1322 7477/1425/1322 7475/2570/1330
f 7478/4578/1322 7480/4579/1331 7479/4580/1331 7477/1425/1322
f 7480/4579/1331 7482/4581/1332 7481/4582/1332 7479/4580/1331
f 7482/4581/1332 7484/2571/1333 7483/2572/1333 7481/4582/1332
f 7484/2571/1333 7486/4583/1334 7485/4584/1334 7483/2572/1333
f 7486/4583/1334 7488/4585/1335 7487/4586/1335 7485/4584/1334
f 7488/4585/1335 7490/4587/1336 7489/4588/1336 7487/4586/1335
f 7490/4587/1336 7492/2573/1337 7491/2574/1337 7489/4588/1336
f 7492/2573/1337 7494/4589/1338 7493/4590/1338 7491/2574/1337
f 7494/4589/1338 7496/4591/1339 7495/4592/1339 7493/4590/1338
f 7496/4591/1339 7498/4593/1340 7497/4594/1340 7495/4592/1339
f 7498/4593/1340 7500/2575/1341 7499/2576/1341 7497/4594/1340
f 7500/2575/1341 7502/4595/1342 7501/4596/1342 7499/2576/1341
f 7502/4595/1342 7504/4597/1343 7503/4598/1343 7501/4596/1342
f 7504/4597/1343 7506/4599/1344 7505/4600/1344 7503/4598/1343
f 7506/4599/1344 7508/2577/1345 7507/2578/1345 7505/4600/1344
f 7508/2577/1345 7510/4601/1346 7509/4602/1346 7507/2578/1345
f 7510/4601/1346 7512/4603/1347 7511/1493/1347 7509/4602/1346
f 7512/4603/1347 7514/4604/1348 7513/4605/1348 7511/1493/1347
f 7514/4604/1348 7516/2579/1349 7515/2580/1349 7513/4605/1348
f 7516/2579/1349 7518/4606/63 7517/4607/63 7515/2580/1349
f 7518/4606/63 7520/4608/1350 7519/4609/1350 7517/4607/63
f 7520/4608/1350 7522/4610/1351 7521/4611/1351 7519/4609/1350
f 7522/4610/1351 7524/2581/1352 7523/2582/1352 7521/4611/1351
f 7524/2581/1352 7526/4612/1353 7525/4613/1353 7523/2582/1352
f 7526/4612/1353 7528/4614/1354 7527/4615/1354 7525/4613/1353
f 7528/4614/1354 7530/4616/1355 7529/4617/1355 7527/4615/1354
f 7530/4616/1355 7532/2583/1356 7531/2584/1356 7529/4617/1355
f 7532/2583/1356 7534/4618/1357 7533/4619/1357 7531/2584/1356
f 7534/4618/1357 7536/4620/955 7535/4621/955 7533/4619/1357
f 7536/4620/955 7538/4622/1358 7537/4623/1358 7535/4621/955
f 7538/4622/1358 7540/2585/1359 7539/2586/1359 7537/4623/1358
f 7540/2585/1359 7542/4624/1360 7541/4625/1360 7539/2586/1359
f 7542/4624/1360 7544/4626/1361 7543/4627/1361 7541/4625/1360
f 7544/4626/1361 7546/3140/1362 7545/1546/1362 7543/4627/1361
f 7546/3140/1362 7548/2587/1363 7547/2588/1363 7545/1546/1362
f 7548/2587/1363 7550/4628/1364 7549/4629/1364 7547/2588/1363
f 7550/4628/1364 7552/4630/1365 7551/4631/1365 7549/4629/1364
f 7552/4630/1365 7554/4632/1366 7553/4633/1366 7551/4631/1365
f 7554/4632/1366 7556/2589/1367 7555/2590/1367 7553/4633/1366
f 7556/2589/1367 7558/4634/1368 7557/4635/1368 7555/2590/1367
f 7558/4634/1368 7560/4636/1369 7559/4637/1369 7557/4635/1368
f 7560/4636/1369 7562/4638/1370 7561/4639/1370 7559/4637/1369
f 7562/4638/1370 7564/2591/1371 7563/2592/1371 7561/4639/1370
f 7564/2591/1371 7566/4640/1372 7565/4641/1372 7563/2592/1371
f 7566/4640/1372 7568/4642/1373 7567/4643/1373 7565/4641/1372
f 7568/4642/1373 7570/4644/1374 7569/4645/1374 7567/4643/1373
f 7570/4644/1374 7572/2593/1375 7571/2594/1375 7569/4645/1374
f 7572/2593/1375 7574/4646/1376 7573/4647/1376 7571/2594/1375
f 7574/4646/1376 7576/4648/1377 7575/4649/1377 7573/4647/1376
f 7576/4648/1377 7578/4650/1378 7577/4651/1378 7575/4649/1377
f 7578/4650/1378 7580/2595/1379 7579/597/1379 7577/4651/1378
f 7580/2595/1379 7582/4652/1380 7581/4653/1380 7579/597/1379
f 7582/4652/1380 7584/4654/1381 7583/4655/1381 7581/4653/1380
f 7584/4654/1381 7586/4656/1382 7585/4657/1382 7583/4655/1381
f 7586/4656/1382 7588/2596/1383 7587/2597/1383 7585/4657/1382
f 7588/2596/1383 7590/4658/1384 7589/4659/1384 7587/2597/1383
f 7590/4658/1384 7592/4660/1385 7591/4661/1385 7589/4659/1384
f 7592/4660/1385 7594/4662/1386 7593/4663/1386 7591/4661/1385
f 7594/4662/1386 7596/2598/1387 7595/2599/1387 7593/4663/1386
f 7596/2598/1387 7598/4664/1388 7597/4665/1388 7595/2599/1387
f 7598/4664/1388 7600/4666/1389 7599/4667/1389 7597/4665/1388
f 7600/4666/1389 7602/4668/1390 7601/4669/1390 7599/4667/1389
f 7602/4668/1390 7604/2600/1391 7603/2601/1391 7601/4669/1390
f 7604/2600/1391 7606/4670/1392 7605/4671/1392 7603/2601/1391
f 7606/4670/1392 7608/4672/1393 7607/4673/1393 7605/4671/1392
f 7608/4672/1393 7610/4674/1394 7609/4675/1394 7607/4673/1393
f 7610/4674/1394 7612/2602/1395 7611/2603/1395 7609/4675/1394
f 7612/2602/1395 7614/4676/1396 7613/1431/1396 7611/2603/1395
f 7614/4676/1396 7616/4677/398 7615/4678/398 7613/1431/1396
f 7616/4677/398 7618/4679/1397 7617/4680/1397 7615/4678/398
f 7618/4679/1397 7620/2604/1398 7619/2605/1398 7617/4680/1397
f 7620/2604/1398 7622/4681/1399 7621/4682/1399 7619/2605/1398
f 7622/4681/1399 7624/4683/1400 7623/4684/1400 7621/4682/1399
f 7624/4683/1400 7626/4685/1401 7625/4686/1401 7623/4684/1400
f 7626/4685/1401 7628/2606/1402 7627/2607/1402 7625/4686/1401
f 7628/2606/1402 7630/4687/1403 7629/4688/1403 7627/2607/1402
f 7630/4687/1403 7632/4689/1404 7631/4690/1404 7629/4688/1403
f 7632/4689/1404 7634/4691/1405 7633/4692/1405 7631/4690/1404
f 7634/4691/1405 7636/2608/1406 7635/2609/1406 7633/4692/1405
f 7636/2608/1406 7638/4693/1407 7637/4694/1407 7635/2609/1406
f 7638/4693/1407 7640/4695/1408 7639/4696/1408 7637/4694/1407
f 7640/4695/1408 7642/4697/1409 7641/4698/1409 7639/4696/1408
f 7642/4697/1409 7644/2610/1410 7643/2611/1410 7641/4698/1409
f 7644/2610/1410 7646/4699/1411 7645/4700/1411 7643/2611/1410
f 7646/4699/1411 7648/4701/1412 7647/1321/1412 7645/4700/1411
f 7648/4701/1412 7650/4702/1413 7649/4703/1413 7647/1321/1412
f 7650/4702/1413 7652/2612/1414 7651/2613/1414 7649/4703/1413
f 7652/2612/1414 7654/4704/1415 7653/4705/1415 7651/2613/1414
f 7654/4704/1415 7656/4706/1416 7655/4707/1416 7653/4705/1415
f 7656/4706/1416 7658/4708/1417 7657/4709/1417 7655/4707/1416
f 7658/4708/1417 7660/2614/1418 7659/2615/1418 7657/4709/1417
f 7660/2614/1418 7662/4710/1419 7661/4711/1419 7659/2615/1418
f 7662/4710/1419 7664/4712/1420 7663/4713/1420 7661/4711/1419
f 7664/4712/1420 7666/4714/1421 7665/4715/1421 7663/4713/1420
f 7666/4714/1421 7668/2616/1422 7667/2617/1422 7665/4715/1421
f 7668/2616/1422 7670/4716/1423 7669/4717/1423 7667/2617/1422
f 7670/4716/1423 7672/4718/1424 7671/4719/1424 7669/4717/1423
f 7672/4718/1424 7674/4720/1425 7673/4721/1425 7671/4719/1424
f 7674/4720/1425 7676/2618/1426 7675/2619/1426 7673/4721/1425
f 7676/2618/1426 7678/4722/1427 7677/4723/1427 7675/2619/1426
f 7678/4722/1427 7680/4724/1428 7679/4725/1428 7677/4723/1427
f 7680/4724/1428 7682/4726/1429 7681/1202/1429 7679/4725/1428
f 7682/4726/1429 7684/2620/1430 7683/2621/1430 7681/1202/1429
f 7684/2620/1430 7686/4727/1431 7685/4728/1431 7683/2621/1430
f 7686/4727/1431 7688/4729/1432 7687/4730/1432 7685/4728/1431
f 7688/4729/1432 7690/4731/1433 7689/4732/1433 7687/4730/1432
f 7690/4731/1433 7692/2622/1434 7691/2623/1434 7689/4732/1433
f 7692/2622/1434 7694/4733/1435 7693/4734/1435 7691/2623/1434
f 7694/4733/1435 7696/4735/1436 7695/4736/1436 7693/4734/1435
f 7696/4735/1436 7698/4737/1437 7697/4738/1437 7695/4736/1436
f 7698/4737/1437 7700/2624/1438 7699/2625/1438 7697/4738/1437
f 7700/2624/1438 7702/4739/1439 7701/4740/1439 7699/2625/1438
f 7702/4739/1439 7704/4741/1440 7703/4742/1440 7701/4740/1439
f 7704/4741/1440 7706/4743/1441 7705/4744/1441 7703/4742/1440
f 7706/4743/1441 7708/2626/1442 7707/2627/1442 7705/4744/1441
f 7708/2626/1442 7710/4745/1443 7709/4746/1443 7707/2627/1442
f 7710/4745/1443 7712/4747/1444 7711/4748/1444 7709/4746/1443
f 7712/4747/1444 7714/4749/1445 7713/4750/1445 7711/4748/1444
f 7714/4749/1445 7036/2463/1112 7035/73/1112 7713/4750/1445
f 7716/1982/1446 7718/4751/1447 7717/4752/1447 7715/76/1446
f 7718/4751/1447 7720/4753/1448 7719/4754/1448 7717/4752/1447
f 7720/4753/1448 7722/4265/1449 7721/4266/1449 7719/4754/1448
f 7722/4265/1449 7724/4755/1450 7723/4756/1450 7721/4266/1449
f 7724/4755/1450 7726/4757/1451 7725/4758/1451 7723/4756/1450
f 7726/4757/1451 7728/4273/1452 7727/4274/1452 7725/4758/1451
f 7728/4273/1452 7730/4759/1453 7729/4760/1453 7727/4274/1452
f 7730/4759/1453 7732/4761/1454 7731/4762/1454 7729/4760/1453
f 7732/4761/1454 7734/4281/1455 7733/4282/1455 7731/4762/1454
f 7734/4281/1455 7736/4763/1159 7735/4764/1159 7733/4282/1455
f 7736/4763/1159 7738/4765/1456 7737/4766/1456 7735/4764/1159
f 7738/4765/1456 7740/2472/1457 7739/2473/1457 7737/4766/1456
f 7740/2472/1457 7742/4767/1458 7741/4768/1458 7739/2473/1457
f 7742/4767/1458 7744/4769/1459 7743/4770/1459 7741/4768/1458
f 7744/4769/1459 7746/4294/1460 7745/4295/1460 7743/4770/1459
f 7746/4294/1460 7748/4771/1461 7747/4772/1461 7745/4295/1460
f 7748/4771/1461 7750/2684/1462 7749/1287/1462 7747/4772/1461
f 7750/2684/1462 7752/4302/1463 7751/4303/1463 7749/1287/1462
f 7752/4302/1463 7754/4773/1464 7753/4774/1464 7751/4303/1463
f 7754/4773/1464 7756/4775/1465 7755/4776/1465 7753/4774/1464
f 7756/4775/1465 7758/4309/1466 7757/4310/1466 7755/4776/1465
f 7758/4309/1466 7760/4777/1467 7759/4778/1467 7757/4310/1466
f 7760/4777/1467 7762/4779/1468 7761/4780/1468 7759/4778/1467
f 7762/4779/1468 7764/2482/1469 7763/2483/1469 7761/4780/1468
f 7764/2482/1469 7766/4781/1470 7765/4782/1470 7763/2483/1469
f 7766/4781/1470 7768/4783/1471 7767/4784/1471 7765/4782/1470
f 7768/4783/1471 7770/4323/1472 7769/4324/1472 7767/4784/1471
f 7770/4323/1472 7772/4785/1473 7771/4786/1473 7769/4324/1472
f 7772/4785/1473 7774/4787/1474 7773/4788/1474 7771/4786/1473
f 7774/4787/1474 7776/4331/1475 7775/4332/1475 7773/4788/1474
f 7776/4331/1475 7778/4789/1476 7777/4790/1476 7775/4332/1475
f 7778/4789/1476 7780/4791/1477 7779/4792/1477 7777/4790/1476
f 7780/4791/1477 7782/4338/1478 7781/4339/1478 7779/4792/1477
f 7782/4338/1478 7784/2741/1479 7783/1368/1479 7781/4339/1478
f 7784/2741/1479 7786/4793/1480 7785/4794/1480 7783/1368/1479
f 7786/4793/1480 7788/2492/1481 7787/2493/1481 7785/4794/1480
f 7788/2492/1481 7790/4795/1482 7789/4796/1482 7787/2493/1481
f 7790/4795/1482 7792/4797/1483 7791/4798/1483 7789/4796/1482
f 7792/4797/1483 7794/4352/1484 7793/4353/1484 7791/4798/1483
f 7794/4352/1484 7796/4799/1485 7795/4800/1485 7793/4353/1484
f 7796/4799/1485 7798/4801/1486 7797/4802/1486 7795/4800/1485
f 7798/4801/1486 7800/4360/1487 7799/4361/1487 7797/4802/1486
f 7800/4360/1487 7802/4803/1488 7801/4804/1488 7799/4361/1487
f 7802/4803/1488 7804/4805/1489 7803/4806/1489 7801/4804/1488
f 7804/4805/1489 7806/4368/1490 7805/4369/1490 7803/4806/1489
f 7806/4368/1490 7808/4807/1491 7807/4808/1491 7805/4369/1490
f 7808/4807/1491 7810/4809/1492 7809/4810/1492 7807/4808/1491
f 7810/4809/1492 7812/2501/1493 7811/2502/1493 7809/4810/1492
f 7812/2501/1493 7814/4811/1494 7813/4812/1494 7811/2502/1493
f 7814/4811/1494 7816/4813/1495 7815/4814/1495 7813/4812/1494
f 7816/4813/1495 7818/2798/1496 7817/1651/1496 7815/4814/1495
f 7818/2798/1496 7820/4815/1497 7819/4816/1497 7817/1651/1496
f 7820/4815/1497 7822/4817/1498 7821/4818/1498 7819/4816/1497
f 7822/4817/1498 7824/4388/1499 7823/4389/1499 7821/4818/1498
f 7824/4388/1499 7826/4819/1500 7825/4820/1500 7823/4389/1499
f 7826/4819/1500 7828/4821/1501 7827/4822/1501 7825/4820/1500
f 7828/4821/1501 7830/4396/1502 7829/4397/1502 7827/4822/1501
f 7830/4396/1502 7832/4823/1503 7831/4824/1503 7829/4397/1502
f 7832/4823/1503 7834/4825/1504 7833/4826/1504 7831/4824/1503
f 7834/4825/1504 7836/2511/1505 7835/2512/1505 7833/4826/1504
f 7836/2511/1505 7838/4827/1506 7837/4828/1506 7835/2512/1505
f 7838/4827/1506 7840/4829/1507 7839/4830/1507 7837/4828/1506
f 7840/4829/1507 7842/4409/1508 7841/4410/1508 7839/4830/1507
f 7842/4409/1508 7844/4831/1509 7843/4832/1509 7841/4410/1508
f 7844/4831/1509 7846/4833/1510 7845/4834/1510 7843/4832/1509
f 7846/4833/1510 7848/4417/1511 7847/4418/1511 7845/4834/1510
f 7848/4417/1511 7850/4835/1512 7849/4836/1512 7847/4418/1511
f 7850/4835/1512 7852/2855/1513 7851/928/1513 7849/4836/1512
f 7852/2855/1513 7854/4425/1514 7853/4426/1514 7851/928/1513
f 7854/4425/1514 7856/4837/1515 7855/4838/1515 7853/4426/1514
f 7856/4837/1515 7858/4839/1516 7857/4840/1516 7855/4838/1515
f 7858/4839/1516 7860/2521/1517 7859/2522/1517 7857/4840/1516
f 7860/2521/1517 7862/4841/1518 7861/4842/1518 7859/2522/1517
f 7862/4841/1518 7864/4843/1519 7863/4844/1519 7861/4842/1518
f 7864/4843/1519 7866/4438/1520 7865/4439/1520 7863/4844/1519
f 7866/4438/1520 7868/4845/1521 7867/4846/1521 7865/4439/1520
f 7868/4845/1521 7870/4847/1522 7869/4848/1522 7867/4846/1521
f 7870/4847/1522 7872/4446/1523 7871/4447/1523 7869/4848/1522
f 7872/4446/1523 7874/4849/1524 7873/4850/1524 7871/4447/1523
f 7874/4849/1524 7876/4851/1525 7875/4852/1525 7873/4850/1524
f 7876/4851/1525 7878/4454/1526 7877/4455/1526 7875/4852/1525
f 7878/4454/1526 7880/4853/1527 7879/4854/1527 7877/4455/1526
f 7880/4853/1527 7882/4855/1528 7881/4856/1528 7879/4854/1527
f 7882/4855/1528 7884/2530/1529 7883/2531/1529 7881/4856/1528
f 7884/2530/1529 7886/2912/1530 7885/1454/1530 7883/2531/1529
f 7886/2912/1530 7888/4857/1531 7887/4858/1531 7885/1454/1530
f 7888/4857/1531 7890/4468/1532 7889/4469/1532 7887/4858/1531
f 7890/4468/1532 7892/4859/1533 7891/4860/1533 7889/4469/1532
f 7892/4859/1533 7894/4861/1534 7893/4862/1534 7891/4860/1533
f 7894/4861/1534 7896/4476/1535 7895/4477/1535 7893/4862/1534
f 7896/4476/1535 7898/4863/1536 7897/4864/1536 7895/4477/1535
f 7898/4863/1536 7900/4865/1537 7899/4866/1537 7897/4864/1536
f 7900/4865/1537 7902/4483/1538 7901/4484/1538 7899/4866/1537
f 7902/4483/1538 7904/4867/1539 7903/4868/1539 7901/4484/1538
f 7904/4867/1539 7906/4869/1540 7905/4870/1540 7903/4868/1539
f 7906/4869/1540 7908/2540/1541 7907/2541/1541 7905/4870/1540
f 7908/2540/1541 7910/4871/1542 7909/4872/1542 7907/2541/1541
f 7910/4871/1542 7912/4873/1543 7911/4874/1543 7909/4872/1542
f 7912/4873/1543 7914/4497/1544 7913/4498/1544 7911/4874/1543
f 7914/4497/1544 7916/4875/1545 7915/4876/1545 7913/4498/1544
f 7916/4875/1545 7918/4877/1546 7917/4878/1546 7915/4876/1545
f 7918/4877/1546 7920/2969/1547 7919/495/1547 7917/4878/1546
f 7920/2969/1547 7922/4879/1548 7921/4880/1548 7919/495/1547
f 7922/4879/1548 7924/4881/1549 7923/4882/1549 7921/4880/1548
f 7924/4881/1549 7926/4511/1550 7925/4512/1550 7923/4882/1549
f 7926/4511/1550 7928/4883/1551 7927/4884/1551 7925/4512/1550
f 7928/4883/1551 7930/4885/1552 7929/4886/1552 7927/4884/1551
f 7930/4885/1552 7932/2550/1553 7931/2551/1553 7929/4886/1552
f 7932/2550/1553 7934/4887/1554 7933/4888/1554 7931/2551/1553
f 7934/4887/1554 7936/4889/1555 7935/4890/1555 7933/4888/1554
f 7936/4889/1555 7938/4525/1556 7937/4526/1556 7935/4890/1555
f 7938/4525/1556 7940/4891/1557 7939/4892/1557 7937/4526/1556
f 7940/4891/1557 7942/4893/1558 7941/4894/1558 7939/4892/1557
f 7942/4893/1558 7944/4532/1559 7943/4533/1559 7941/4894/1558
f 7944/4532/1559 7946/4895/1560 7945/4896/1560 7943/4533/1559
f 7946/4895/1560 7948/4897/1561 7947/4898/1561 7945/4896/1560
f 7948/4897/1561 7950/4540/1562 7949/4541/1562 7947/4898/1561
f 7950/4540/1562 7952/4899/1563 7951/4900/1563 7949/4541/1562
f 7952/4899/1563 7954/3026/1564 7953/1452/1564 7951/4900/1563
f 7954/3026/1564 7956/2560/1565 7955/2561/1565 7953/1452/1564
f 7956/2560/1565 7958/4901/1566 7957/4902/1566 7955/2561/1565
f 7958/4901/1566 7960/4903/1567 7959/4904/1567 7957/4902/1566
f 7960/4903/1567 7962/4554/1568 7961/4555/1568 7959/4904/1567
f 7962/4554/1568 7964/4905/1569 7963/4906/1569 7961/4555/1568
f 7964/4905/1569 7966/4907/1570 7965/4908/1570 7963/4906/1569
f 7966/4907/1570 7968/4562/1571 7967/4563/1571 7965/4908/1570
f 7968/4562/1571 7970/4909/1572 7969/4910/1572 7967/4563/1571
f 7970/4909/1572 7972/4911/1573 7971/4912/1573 7969/4910/1572
f 7972/4911/1573 7974/4570/1574 7973/4571/1574 7971/4912/1573
f 7974/4570/1574 7976/4913/1575 7975/4914/1575 7973/4571/1574
f 7976/4913/1575 7978/4915/1576 7977/4916/1576 7975/4914/1575
f 7978/4915/1576 7980/2569/1577 7979/2570/1577 7977/4916/1576
f 7980/2569/1577 7982/4917/1578 7981/4918/1578 7979/2570/1577
f 7982/4917/1578 7984/4919/1579 7983/4920/1579 7981/4918/1578
f 7984/4919/1579 7986/4583/1580 7985/4584/1580 7983/4920/1579
f 7986/4583/1580 7988/3083/192 7987/1029/192 7985/4584/1580
f 7988/3083/192 7990/4921/1137 7989/4922/1137 7987/1029/192
f 7990/4921/1137 7992/4591/1581 7991/4592/1581 7989/4922/1137
f 7992/4591/1581 7994/4923/1582 7993/4924/1582 7991/4592/1581
f 7994/4923/1582 7996/4925/1583 7995/4926/1583 7993/4924/1582
f 7996/4925/1583 7998/4599/1584 7997/4600/1584 7995/4926/1583
f 7998/4599/1584 8000/4927/1585 7999/4928/1585 7997/4600/1584
f 8000/4927/1585 8002/4929/1586 8001/4930/1586 7999/4928/1585
f 8002/4929/1586 8004/2579/1587 8003/2580/1587 8001/4930/1586
f 8004/2579/1587 8006/4931/1588 8005/4932/1588 8003/2580/1587
f 8006/4931/1588 8008/4933/1589 8007/4934/1589 8005/4932/1588
f 8008/4933/1589 8010/4612/1590 8009/4613/1590 8007/4934/1589
f 8010/4612/1590 8012/4935/1591 8011/4936/1591 8009/4613/1590
f 8012/4935/1591 8014/4937/1592 8013/4938/1592 8011/4936/1591
f 8014/4937/1592 8016/4620/1593 8015/4621/1593 8013/4938/1592
f 8016/4620/1593 8018/4939/1594 8017/4940/1594 8015/4621/1593
f 8018/4939/1594 8020/4941/1595 8019/4942/1595 8017/4940/1594
f 8020/4941/1595 8022/3140/1596 8021/1546/1596 8019/4942/1595
f 8022/3140/1596 8024/4943/373 8023/4944/373 8021/1546/1596
f 8024/4943/373 8026/4945/1597 8025/4946/1597 8023/4944/373
f 8026/4945/1597 8028/2589/1598 8027/2590/1598 8025/4946/1597
f 8028/2589/1598 8030/4947/1599 8029/4948/1599 8027/2590/1598
f 8030/4947/1599 8032/4949/1600 8031/4950/1600 8029/4948/1599
f 8032/4949/1600 8034/4640/1601 8033/4641/1601 8031/4950/1600
f 8034/4640/1601 8036/4951/1602 8035/4952/1602 8033/4641/1601
f 8036/4951/1602 8038/4953/1603 8037/4954/1603 8035/4952/1602
f 8038/4953/1603 8040/4648/1604 8039/4649/1604 8037/4954/1603
f 8040/4648/1604 8042/4955/235 8041/4956/235 8039/4649/1604
f 8042/4955/235 8044/4957/1605 8043/4958/1605 8041/4956/235
f 8044/4957/1605 8046/4656/1606 8045/4657/1606 8043/4958/1605
f 8046/4656/1606 8048/4959/1607 8047/4960/1607 8045/4657/1606
f 8048/4959/1607 8050/4961/1608 8049/4962/1608 8047/4960/1607
f 8050/4961/1608 8052/2598/1609 8051/2599/1609 8049/4962/1608
f 8052/2598/1609 8054/4963/1610 8053/4964/1610 8051/2599/1609
f 8054/4963/1610 8056/3197/1611 8055/1543/1611 8053/4964/1610
f 8056/3197/1611 8058/4670/1612 8057/4671/1612 8055/1543/1611
f 8058/4670/1612 8060/4965/1613 8059/4966/1613 8057/4671/1612
f 8060/4965/1613 8062/4967/1614 8061/4968/1614 8059/4966/1613
f 8062/4967/1614 8064/4677/1615 8063/4678/1615 8061/4968/1614
f 8064/4677/1615 8066/4969/1616 8065/4970/1616 8063/4678/1615
f 8066/4969/1616 8068/4971/1617 8067/4972/1617 8065/4970/1616
f 8068/4971/1617 8070/4685/1618 8069/4686/1618 8067/4972/1617
f 8070/4685/1618 8072/4973/1619 8071/4974/1619 8069/4686/1618
f 8072/4973/1619 8074/4975/1620 8073/4976/1620 8071/4974/1619
f 8074/4975/1620 8076/2608/1621 8075/2609/1621 8073/4976/1620
f 8076/2608/1621 8078/4977/1622 8077/4978/1622 8075/2609/1621
f 8078/4977/1622 8080/4979/1623 8079/4980/1623 8077/4978/1622
f 8080/4979/1623 8082/4699/1624 8081/4700/1624 8079/4980/1623
f 8082/4699/1624 8084/4981/1625 8083/4982/1625 8081/4700/1624
f 8084/4981/1625 8086/4983/1626 8085/4984/1626 8083/4982/1625
f 8086/4983/1626 8088/4706/1627 8087/4707/1627 8085/4984/1626
f 8088/4706/1627 8090/3254/1628 8089/1297/1628 8087/4707/1627
f 8090/3254/1628 8092/4985/1629 8091/4986/1629 8089/1297/1628
f 8092/4985/1629 8094/4714/1630 8093/4715/1630 8091/4986/1629
f 8094/4714/1630 8096/4987/1631 8095/4988/1631 8093/4715/1630
f 8096/4987/1631 8098/4989/1632 8097/4990/1632 8095/4988/1631
f 8098/4989/1632 8100/2618/1633 8099/2619/1633 8097/4990/1632
f 8100/2618/1633 8102/4991/1634 8101/4992/1634 8099/2619/1633
f 8102/4991/1634 8104/4993/1635 8103/4994/1635 8101/4992/1634
f 8104/4993/1635 8106/4727/1636 8105/4728/1636 8103/4994/1635
f 8106/4727/1636 8108/4995/1637 8107/4996/1637 8105/4728/1636
f 8108/4995/1637 8110/4997/1638 8109/4998/1638 8107/4996/1637
f 8110/4997/1638 8112/4735/1639 8111/4736/1639 8109/4998/1638
f 8112/4735/1639 8114/4999/1640 8113/5000/1640 8111/4736/1639
f 8114/4999/1640 8116/5001/1641 8115/5002/1641 8113/5000/1640
f 8116/5001/1641 8118/4743/1642 8117/4744/1642 8115/5002/1641
f 8118/4743/1642 8120/5003/1643 8119/5004/1643 8117/4744/1642
f 8120/5003/1643 8122/5005/1644 8121/5006/1644 8119/5004/1643
f 8122/5005/1644 7716/2463/1446 7715/73/1446 8121/5006/1644
f 8124/1982/1645 8126/5007/1646 8125/5008/1646 8123/76/1645
f 8126/5007/1646 8128/5009/1647 8127/5010/1647 8125/5008/1646
f 8128/5009/1647 8130/5011/1648 8129/5012/1648 8127/5010/1647
f 8130/5011/1648 8132/5013/1649 8131/5014/1649 8129/5012/1648
f 8132/5013/1649 8134/5015/1650 8133/5016/1650 8131/5014/1649
f 8134/5015/1650 8136/5017/1651 8135/5018/1651 8133/5016/1650
f 8136/5017/1651 8138/5019/1652 8137/5020/1652 8135/5018/1651
f 8138/5019/1652 8140/5021/1653 8139/5022/1653 8137/5020/1652
f 8140/5021/1653 8142/5023/1654 8141/5024/1654 8139/5022/1653
f 8142/5023/1654 8144/5025/1655 8143/5026/1655 8141/5024/1654
f 8144/5025/1655 8146/2684/1656 8145/1287/1656 8143/5026/1655
f 8146/2684/1656 8148/5027/1657 8147/5028/1657 8145/1287/1656
f 8148/5027/1657 8150/5029/1658 8149/5030/1658 8147/5028/1657
f 8150/5029/1658 8152/5031/1659 8151/5032/1659 8149/5030/1658
f 8152/5031/1659 8154/5033/1660 8153/5034/1660 8151/5032/1659
f 8154/5033/1660 8156/5035/1661 8155/5036/1661 8153/5034/1660
f 8156/5035/1661 8158/5037/1662 8157/5038/1662 8155/5036/1661
f 8158/5037/1662 8160/5039/1663 8159/5040/1663 8157/5038/1662
f 8160/5039/1663 8162/5041/1664 8161/5042/1664 8159/5040/1663
f 8162/5041/1664 8164/5043/1665 8163/5044/1665 8161/5042/1664
f 8164/5043/1665 8166/5045/1666 8165/5046/1666 8163/5044/1665
f 8166/5045/1666 8168/2741/1667 8167/1368/1667 8165/5046/1666
f 8168/2741/1667 8170/5047/1668 8169/5048/1668 8167/1368/1667
f 8170/5047/1668 8172/5049/1669 8171/5050/1669 8169/5048/1668
f 8172/5049/1669 8174/5051/1670 8173/5052/1670 8171/5050/1669
f 8174/5051/1670 8176/5053/1671 8175/5054/1671 8173/5052/1670
f 8176/5053/1671 8178/5055/1672 8177/5056/1672 8175/5054/1671
f 8178/5055/1672 8180/5057/1673 8179/5058/1673 8177/5056/1672
f 8180/5057/1673 8182/5059/1674 8181/5060/1674 8179/5058/1673
f 8182/5059/1674 8184/5061/321 8183/5062/321 8181/5060/1674
f 8184/5061/321 8186/5063/1675 8185/5064/1675 8183/5062/321
f 8186/5063/1675 8188/5065/1676 8187/5066/1676 8185/5064/1675
f 8188/5065/1676 8190/2798/1677 8189/1651/1677 8187/5066/1676
f 8190/2798/1677 8192/5067/1678 8191/5068/1678 8189/1651/1677
f 8192/5067/1678 8194/5069/1679 8193/5070/1679 8191/5068/1678
f 8194/5069/1679 8196/5071/1680 8195/5072/1680 8193/5070/1679
f 8196/5071/1680 8198/5073/1681 8197/5074/1681 8195/5072/1680
f 8198/5073/1681 8200/5075/1682 8199/5076/1682 8197/5074/1681
f 8200/5075/1682 8202/5077/1683 8201/5078/1683 8199/5076/1682
f 8202/5077/1683 8204/5079/1684 8203/5080/1684 8201/5078/1683
f 8204/5079/1684 8206/5081/1685 8205/5082/1685 8203/5080/1684
f 8206/5081/1685 8208/5083/1686 8207/5084/1686 8205/5082/1685
f 8208/5083/1686 8210/5085/1687 8209/5086/1687 8207/5084/1686
f 8210/5085/1687 8212/2855/1688 8211/928/1688 8209/5086/1687
f 8212/2855/1688 8214/5087/1689 8213/5088/1689 8211/928/1688
f 8214/5087/1689 8216/5089/1690 8215/5090/1690 8213/5088/1689
f 8216/5089/1690 8218/5091/1691 8217/5092/1691 8215/5090/1690
f 8218/5091/1691 8220/5093/1692 8219/5094/1692 8217/5092/1691
f 8220/5093/1692 8222/5095/1693 8221/5096/1693 8219/5094/1692
f 8222/5095/1693 8224/5097/1694 8223/5098/1694 8221/5096/1693
f 8224/5097/1694 8226/5099/1695 8225/5100/1695 8223/5098/1694
f 8226/5099/1695 8228/5101/1696 8227/5102/1696 8225/5100/1695
f 8228/5101/1696 8230/5103/1697 8229/5104/1697 8227/5102/1696
f 8230/5103/1697 8232/5105/1698 8231/5106/1698 8229/5104/1697
f 8232/5105/1698 8234/2912/1699 8233/1454/1699 8231/5106/1698
f 8234/2912/1699 8236/5107/1700 8235/5108/1700 8233/1454/1699
f 8236/5107/1700 8238/5109/1701 8237/5110/1701 8235/5108/1700
f 8238/5109/1701 8240/5111/1702 8239/5112/1702 8237/5110/1701
f 8240/5111/1702 8242/5113/1703 8241/5114/1703 8239/5112/1702
f 8242/5113/1703 8244/5115/1704 8243/5116/1704 8241/5114/1703
f 8244/5115/1704 8246/5117/1705 8245/5118/1705 8243/5116/1704
f 8246/5117/1705 8248/5119/1706 8247/5120/1706 8245/5118/1705
f 8248/5119/1706 8250/5121/1707 8249/5122/1707 8247/5120/1706
f 8250/5121/1707 8252/5123/1708 8251/5124/1708 8249/5122/1707
f 8252/5123/1708 8254/5125/1709 8253/5126/1709 8251/5124/1708
f 8254/5125/1709 8256/2969/1710 8255/495/1710 8253/5126/1709
f 8256/2969/1710 8258/5127/1711 8257/5128/1711 8255/495/1710
f 8258/5127/1711 8260/5129/1712 8259/5130/1712 8257/5128/1711
f 8260/5129/1712 8262/5131/1713 8261/5132/1713 8259/5130/1712
f 8262/5131/1713 8264/5133/1714 8263/5134/1714 8261/5132/1713
f 8264/5133/1714 8266/5135/1715 8265/5136/1715 8263/5134/1714
f 8266/5135/1715 8268/5137/1716 8267/5138/1716 8265/5136/1715
f 8268/5137/1716 8270/5139/1717 8269/5140/1717 8267/5138/1716
f 8270/5139/1717 8272/5141/1718 8271/5142/1718 8269/5140/1717
f 8272/5141/1718 8274/5143/1719 8273/5144/1719 8271/5142/1718
f 8274/5143/1719 8276/5145/1720 8275/5146/1720 8273/5144/1719
f 8276/5145/1720 8278/3026/1721 8277/1452/1721 8275/5146/1720
f 8278/3026/1721 8280/5147/1722 8279/5148/1722 8277/1452/1721
f 8280/5147/1722 8282/5149/1723 8281/5150/1723 8279/5148/1722
f 8282/5149/1723 8284/5151/1724 8283/5152/1724 8281/5150/1723
f 8284/5151/1724 8286/5153/1725 8285/5154/1725 8283/5152/1724
f 8286/5153/1725 8288/5155/1726 8287/5156/1726 8285/5154/1725
f 8288/5155/1726 8290/5157/1727 8289/5158/1727 8287/5156/1726
f 8290/5157/1727 8292/5159/1728 8291/5160/1728 8289/5158/1727
f 8292/5159/1728 8294/5161/1729 8293/5162/1729 8291/5160/1728
f 8294/5161/1729 8296/5163/1730 8295/5164/1730 8293/5162/1729
f 8296/5163/1730 8298/5165/1731 8297/5166/1731 8295/5164/1730
f 8298/5165/1731 8300/3083/737 8299/1029/737 8297/5166/1731
f 8300/3083/737 8302/5167/1264 8301/5168/1264 8299/1029/737
f 8302/5167/1264 8304/5169/1732 8303/5170/1732 8301/5168/1264
f 8304/5169/1732 8306/5171/1733 8305/5172/1733 8303/5170/1732
f 8306/5171/1733 8308/5173/1734 8307/5174/1734 8305/5172/1733
f 8308/5173/1734 8310/5175/1735 8309/5176/1735 8307/5174/1734
f 8310/5175/1735 8312/5177/1736 8311/5178/1736 8309/5176/1735
f 8312/5177/1736 8314/5179/1737 8313/5180/1737 8311/5178/1736
f 8314/5179/1737 8316/5181/1738 8315/5182/1738 8313/5180/1737
f 8316/5181/1738 8318/5183/1739 8317/5184/1739 8315/5182/1738
f 8318/5183/1739 8320/5185/1740 8319/5186/1740 8317/5184/1739
f 8320/5185/1740 8322/3140/1741 8321/1546/1741 8319/5186/1740
f 8322/3140/1741 8324/5187/1742 8323/5188/1742 8321/1546/1741
f 8324/5187/1742 8326/5189/1743 8325/5190/1743 8323/5188/1742
f 8326/5189/1743 8328/5191/1744 8327/5192/1744 8325/5190/1743
f 8328/5191/1744 8330/5193/1745 8329/5194/1745 8327/5192/1744
f 8330/5193/1745 8332/5195/1746 8331/5196/1746 8329/5194/1745
f 8332/5195/1746 8334/5197/1747 8333/5198/1747 8331/5196/1746
f 8334/5197/1747 8336/5199/1748 8335/5200/1748 8333/5198/1747
f 8336/5199/1748 8338/5201/1749 8337/5202/1749 8335/5200/1748
f 8338/5201/1749 8340/5203/152 8339/5204/152 8337/5202/1749
f 8340/5203/152 8342/5205/1750 8341/5206/1750 8339/5204/152
f 8342/5205/1750 8344/3197/1751 8343/1543/1751 8341/5206/1750
f 8344/3197/1751 8346/5207/1752 8345/5208/1752 8343/1543/1751
f 8346/5207/1752 8348/5209/1753 8347/5210/1753 8345/5208/1752
f 8348/5209/1753 8350/5211/1754 8349/5212/1754 8347/5210/1753
f 8350/5211/1754 8352/5213/1755 8351/5214/1755 8349/5212/1754
f 8352/5213/1755 8354/5215/1756 8353/5216/1756 8351/5214/1755
f 8354/5215/1756 8356/5217/1757 8355/5218/1757 8353/5216/1756
f 8356/5217/1757 8358/5219/1758 8357/5220/1758 8355/5218/1757
f 8358/5219/1758 8360/5221/1759 8359/5222/1759 8357/5220/1758
f 8360/5221/1759 8362/5223/1760 8361/5224/1760 8359/5222/1759
f 8362/5223/1760 8364/5225/1761 8363/5226/1761 8361/5224/1760
f 8364/5225/1761 8366/3254/1762 8365/1297/1762 8363/5226/1761
f 8366/3254/1762 8368/5227/1763 8367/5228/1763 8365/1297/1762
f 8368/5227/1763 8370/5229/1764 8369/5230/1764 8367/5228/1763
f 8370/5229/1764 8372/5231/1765 8371/5232/1765 8369/5230/1764
f 8372/5231/1765 8374/5233/1766 8373/5234/1766 8371/5232/1765
f 8374/5233/1766 8376/5235/1767 8375/5236/1767 8373/5234/1766
f 8376/5235/1767 8378/5237/1768 8377/5238/1768 8375/5236/1767
f 8378/5237/1768 8380/5239/1769 8379/5240/1769 8377/5238/1768
f 8380/5239/1769 8382/5241/1770 8381/5242/1770 8379/5240/1769
f 8382/5241/1770 8384/5243/1771 8383/5244/1771 8381/5242/1770
f 8384/5243/1771 8386/5245/1772 8385/5246/1772 8383/5244/1771
f 8386/5245/1772 8124/2463/1645 8123/73/1645 8385/5246/1772
f 8388/1982/1773 8390/5247/1774 8389/5248/1774 8387/76/1773
f 8390/5247/1774 8392/5249/1775 8391/5250/1775 8389/5248/1774
f 8392/5249/1775 8394/5251/1776 8393/5252/1776 8391/5250/1775
f 8394/5251/1776 8396/5253/1777 8395/5254/1777 8393/5252/1776
f 8396/5253/1777 8398/5255/1778 8397/5256/1778 8395/5254/1777
f 8398/5255/1778 8400/5257/1779 8399/5258/1779 8397/5256/1778
f 8400/5257/1779 8402/5259/1780 8401/5260/1780 8399/5258/1779
f 8402/5259/1780 8404/5261/1781 8403/5262/1781 8401/5260/1780
f 8404/5261/1781 8406/5263/1782 8405/5264/1782 8403/5262/1781
f 8406/5263/1782 8408/5265/1783 8407/5266/1783 8405/5264/1782
f 8408/5265/1783 8410/5267/1784 8409/5268/1784 8407/5266/1783
f 8410/5267/1784 8412/5269/523 8411/5270/523 8409/5268/1784
f 8412/5269/523 8414/5271/1785 8413/5272/1785 8411/5270/523
f 8414/5271/1785 8416/5273/1786 8415/5274/1786 8413/5272/1785
f 8416/5273/1786 8418/5275/1787 8417/5276/1787 8415/5274/1786
f 8418/5275/1787 8420/5277/1788 8419/5278/1788 8417/5276/1787
f 8420/5277/1788 8422/5279/1789 8421/5280/1789 8419/5278/1788
f 8422/5279/1789 8424/5281/1790 8423/5282/1790 8421/5280/1789
f 8424/5281/1790 8426/5283/1791 8425/5284/1791 8423/5282/1790
f 8426/5283/1791 8428/5285/1792 8427/5286/1792 8425/5284/1791
f 8428/5285/1792 8430/5287/1793 8429/5288/1793 8427/5286/1792
f 8430/5287/1793 8432/5289/1794 8431/5290/1794 8429/5288/1793
f 8432/5289/1794 8434/5291/1795 8433/5292/1795 8431/5290/1794
f 8434/5291/1795 8436/5293/1796 8435/5294/1796 8433/5292/1795
f 8436/5293/1796 8438/5295/1797 8437/5296/1797 8435/5294/1796
f 8438/5295/1797 8440/5297/1798 8439/5298/1798 8437/5296/1797
f 8440/5297/1798 8442/5299/1799 8441/5300/1799 8439/5298/1798
f 8442/5299/1799 8444/5301/1800 8443/5302/1800 8441/5300/1799
f 8444/5301/1800 8446/5303/1801 8445/5304/1801 8443/5302/1800
f 8446/5303/1801 8448/5305/1802 8447/5306/1802 8445/5304/1801
f 8448/5305/1802 8450/5307/1803 8449/5308/1803 8447/5306/1802
f 8450/5307/1803 8452/5309/1804 8451/5310/1804 8449/5308/1803
f 8452/5309/1804 8454/5311/1805 8453/5312/1805 8451/5310/1804
f 8454/5311/1805 8456/5313/1806 8455/5314/1806 8453/5312/1805
f 8456/5313/1806 8458/5315/1807 8457/5316/1807 8455/5314/1806
f 8458/5315/1807 8460/5317/1808 8459/5318/1808 8457/5316/1807
f 8460/5317/1808 8462/5319/1809 8461/5320/1809 8459/5318/1808
f 8462/5319/1809 8464/5321/1810 8463/5322/1810 8461/5320/1809
f 8464/5321/1810 8466/5323/1811 8465/5324/1811 8463/5322/1810
f 8466/5323/1811 8468/5325/1812 8467/5326/1812 8465/5324/1811
f 8468/5325/1812 8470/5327/1813 8469/5328/1813 8467/5326/1812
f 8470/5327/1813 8472/5329/1814 8471/5330/1814 8469/5328/1813
f 8472/5329/1814 8474/5331/1815 8473/5332/1815 8471/5330/1814
f 8474/5331/1815 8476/5333/20 8475/5334/20 8473/5332/1815
f 8476/5333/20 8478/5335/1816 8477/5336/1816 8475/5334/20
f 8478/5335/1816 8480/5337/1817 8479/5338/1817 8477/5336/1816
f 8480/5337/1817 8482/5339/1818 8481/5340/1818 8479/5338/1817
f 8482/5339/1818 8484/5341/1819 8483/5342/1819 8481/5340/1818
f 8484/5341/1819 8486/5343/1820 8485/5344/1820 8483/5342/1819
f 8486/5343/1820 8488/5345/1821 8487/5346/1821 8485/5344/1820
f 8488/5345/1821 8490/5347/342 8489/5348/342 8487/5346/1821
f 8490/5347/342 8492/5349/1822 8491/5350/1822 8489/5348/342
f 8492/5349/1822 8494/5351/1823 8493/5352/1823 8491/5350/1822
f 8494/5351/1823 8496/5353/1130 8495/5354/1130 8493/5352/1823
f 8496/5353/1130 8498/5355/1824 8497/5356/1824 8495/5354/1130
f 8498/5355/1824 8500/5357/1825 8499/5358/1825 8497/5356/1824
f 8500/5357/1825 8502/5359/74 8501/5360/74 8499/5358/1825
f 8502/5359/74 8504/5361/1826 8503/5362/1826 8501/5360/74
f 8504/5361/1826 8506/5363/1827 8505/5364/1827 8503/5362/1826
f 8506/5363/1827 8508/5365/1828 8507/5366/1828 8505/5364/1827
f 8508/5365/1828 8510/2855/1829 8509/928/1829 8507/5366/1828
f 8510/2855/1829 8512/5367/1830 8511/5368/1830 8509/928/1829
f 8512/5367/1830 8514/5369/1831 8513/5370/1831 8511/5368/1830
f 8514/5369/1831 8516/5371/1832 8515/5372/1832 8513/5370/1831
f 8516/5371/1832 8518/5373/1833 8517/5374/1833 8515/5372/1832
f 8518/5373/1833 8520/5375/1834 8519/5376/1834 8517/5374/1833
f 8520/5375/1834 8522/5377/1835 8521/5378/1835 8519/5376/1834
f 8522/5377/1835 8524/5379/1836 8523/5380/1836 8521/5378/1835
f 8524/5379/1836 8526/5381/1837 8525/5382/1837 8523/5380/1836
f 8526/5381/1837 8528/5383/1838 8527/5384/1838 8525/5382/1837
f 8528/5383/1838 8530/5385/1839 8529/5386/1839 8527/5384/1838
f 8530/5385/1839 8532/5387/1840 8531/5388/1840 8529/5386/1839
f 8532/5387/1840 8534/5389/1841 8533/5390/1841 8531/5388/1840
f 8534/5389/1841 8536/5391/1842 8535/5392/1842 8533/5390/1841
f 8536/5391/1842 8538/5393/1843 8537/5394/1843 8535/5392/1842
f 8538/5393/1843 8540/5395/1844 8539/5396/1844 8537/5394/1843
f 8540/5395/1844 8542/5397/1845 8541/5398/1845 8539/5396/1844
f 8542/5397/1845 8544/5399/1846 8543/5400/1846 8541/5398/1845
f 8544/5399/1846 8546/5401/1847 8545/5402/1847 8543/5400/1846
f 8546/5401/1847 8548/5403/1848 8547/5404/1848 8545/5402/1847
f 8548/5403/1848 8550/5405/1849 8549/5406/1849 8547/5404/1848
f 8550/5405/1849 8552/5407/1850 8551/5408/1850 8549/5406/1849
f 8552/5407/1850 8554/5409/1851 8553/5410/1851 8551/5408/1850
f 8554/5409/1851 8556/5411/1852 8555/5412/1852 8553/5410/1851
f 8556/5411/1852 8558/5413/1853 8557/5414/1853 8555/5412/1852
f 8558/5413/1853 8560/5415/1854 8559/5416/1854 8557/5414/1853
f 8560/5415/1854 8562/5417/1855 8561/5418/1855 8559/5416/1854
f 8562/5417/1855 8564/5419/1856 8563/5420/1856 8561/5418/1855
f 8564/5419/1856 8566/5421/1857 8565/5422/1857 8563/5420/1856
f 8566/5421/1857 8568/5423/1858 8567/5424/1858 8565/5422/1857
f 8568/5423/1858 8570/5425/1859 8569/5426/1859 8567/5424/1858
f 8570/5425/1859 8572/5427/1860 8571/5428/1860 8569/5426/1859
f 8572/5427/1860 8574/5429/1861 8573/5430/1861 8571/5428/1860
f 8574/5429/1861 8576/5431/1862 8575/5432/1862 8573/5430/1861
f 8576/5431/1862 8578/5433/1863 8577/5434/1863 8575/5432/1862
f 8578/5433/1863 8580/5435/1864 8579/5436/1864 8577/5434/1863
f 8580/5435/1864 8582/5437/1865 8581/5438/1865 8579/5436/1864
f 8582/5437/1865 8584/5439/1866 8583/5440/1866 8581/5438/1865
f 8584/5439/1866 8586/5441/1867 8585/5442/1867 8583/5440/1866
f 8586/5441/1867 8588/5443/1868 8587/5444/1868 8585/5442/1867
f 8588/5443/1868 8590/5445/1869 8589/5446/1869 8587/5444/1868
f 8590/5445/1869 8592/5447/1870 8591/5448/1870 8589/5446/1869
f 8592/5447/1870 8594/5449/613 8593/5450/613 8591/5448/1870
f 8594/5449/613 8596/5451/1871 8595/5452/1871 8593/5450/613
f 8596/5451/1871 8598/5453/1872 8597/5454/1872 8595/5452/1871
f 8598/5453/1872 8600/5455/1873 8599/5456/1873 8597/5454/1872
f 8600/5455/1873 8602/5457/1874 8601/5458/1874 8599/5456/1873
f 8602/5457/1874 8604/5459/1875 8603/5460/1875 8601/5458/1874
f 8604/5459/1875 8606/5461/1876 8605/5462/1876 8603/5460/1875
f 8606/5461/1876 8608/5463/1877 8607/5464/1877 8605/5462/1876
f 8608/5463/1877 8610/5465/1878 8609/5466/1878 8607/5464/1877
f 8610/5465/1878 8612/5467/1879 8611/5468/1879 8609/5466/1878
f 8612/5467/1879 8614/5469/1876 8613/5470/1876 8611/5468/1879
f 8614/5469/1876 8616/5471/1875 8615/5472/1875 8613/5470/1876
f 8616/5471/1875 8618/5473/1874 8617/5474/1874 8615/5472/1875
f 8618/5473/1874 8620/5475/1873 8619/5476/1873 8617/5474/1874
f 8620/5475/1873 8622/5477/1872 8621/5478/1872 8619/5476/1873
f 8622/5477/1872 8624/5479/1871 8623/5480/1871 8621/5478/1872
f 8624/5479/1871 8626/5481/613 8625/5482/613 8623/5480/1871
f 8626/5481/613 8628/5483/1870 8627/5484/1870 8625/5482/613
f 8628/5483/1870 8630/5485/1869 8629/5486/1869 8627/5484/1870
f 8630/5485/1869 8632/3083/1868 8631/1029/1868 8629/5486/1869
f 8632/3083/1868 8634/5487/129 8633/5488/129 8631/1029/1868
f 8634/5487/129 8636/5489/1880 8635/5490/1880 8633/5488/129
f 8636/5489/1880 8638/5491/1881 8637/5492/1881 8635/5490/1880
f 8638/5491/1881 8640/5493/1882 8639/5494/1882 8637/5492/1881
f 8640/5493/1882 8642/5495/1883 8641/5496/1883 8639/5494/1882
f 8642/5495/1883 8644/5497/1884 8643/5498/1884 8641/5496/1883
f 8644/5497/1884 8646/5499/1885 8645/5500/1885 8643/5498/1884
f 8646/5499/1885 8648/5501/1886 8647/5502/1886 8645/5500/1885
f 8648/5501/1886 8650/5503/1887 8649/5504/1887 8647/5502/1886
f 8650/5503/1887 8652/5505/1888 8651/5506/1888 8649/5504/1887
f 8652/5505/1888 8654/5507/1889 8653/5508/1889 8651/5506/1888
f 8654/5507/1889 8656/5509/1890 8655/5510/1890 8653/5508/1889
f 8656/5509/1890 8658/5511/1891 8657/5512/1891 8655/5510/1890
f 8658/5511/1891 8660/5513/1892 8659/5514/1892 8657/5512/1891
f 8660/5513/1892 8662/5515/1893 8661/5516/1893 8659/5514/1892
f 8662/5515/1893 8664/5517/1894 8663/5518/1894 8661/5516/1893
f 8664/5517/1894 8666/5519/1895 8665/5520/1895 8663/5518/1894
f 8666/5519/1895 8668/5521/1896 8667/5522/1896 8665/5520/1895
f 8668/5521/1896 8670/5523/1897 8669/5524/1897 8667/5522/1896
f 8670/5523/1897 8672/5525/1898 8671/5526/1898 8669/5524/1897
f 8672/5525/1898 8674/5527/1899 8673/5528/1899 8671/5526/1898
f 8674/5527/1899 8676/5529/1900 8675/5530/1900 8673/5528/1899
f 8676/5529/1900 8678/5531/1901 8677/5532/1901 8675/5530/1900
f 8678/5531/1901 8680/5533/1902 8679/5534/1902 8677/5532/1901
f 8680/5533/1902 8682/5535/1903 8681/5536/1903 8679/5534/1902
f 8682/5535/1903 8684/5537/1904 8683/5538/1904 8681/5536/1903
f 8684/5537/1904 8686/5539/1905 8685/5540/1905 8683/5538/1904
f 8686/5539/1905 8688/5541/1906 8687/5542/1906 8685/5540/1905
f 8688/5541/1906 8690/5543/1907 8689/5544/1907 8687/5542/1906
f 8690/5543/1907 8692/5545/1908 8691/5546/1908 8689/5544/1907
f 8692/5545/1908 8694/5547/1909 8693/5548/1909 8691/5546/1908
f 8694/5547/1909 8696/5549/1910 8695/5550/1910 8693/5548/1909
f 8696/5549/1910 8698/5551/1911 8697/5552/1911 8695/5550/1910
f 8698/5551/1911 8700/5553/1912 8699/5554/1912 8697/5552/1911
f 8700/5553/1912 8702/5555/1913 8701/5556/1913 8699/5554/1912
f 8702/5555/1913 8704/5557/1914 8703/5558/1914 8701/5556/1913
f 8704/5557/1914 8706/5559/1915 8705/5560/1915 8703/5558/1914
f 8706/5559/1915 8708/5561/1916 8707/5562/1916 8705/5560/1915
f 8708/5561/1916 8710/5563/1917 8709/5564/1917 8707/5562/1916
f 8710/5563/1917 8712/5565/1918 8711/5566/1918 8709/5564/1917
f 8712/5565/1918 8714/5567/1919 8713/5568/1919 8711/5566/1918
f 8714/5567/1919 8716/5569/1920 8715/5570/1920 8713/5568/1919
f 8716/5569/1920 8718/5571/1921 8717/5572/1921 8715/5570/1920
f 8718/5571/1921 8720/5573/1922 8719/5574/1922 8717/5572/1921
f 8720/5573/1922 8722/5575/1923 8721/5576/1923 8719/5574/1922
f 8722/5575/1923 8724/5577/1924 8723/5578/1924 8721/5576/1923
f 8724/5577/1924 8726/5579/1925 8725/5580/1925 8723/5578/1924
f 8726/5579/1925 8728/5581/1926 8727/5582/1926 8725/5580/1925
f 8728/5581/1926 8730/5583/1927 8729/5584/1927 8727/5582/1926
f 8730/5583/1927 8732/5585/1928 8731/5586/1928 8729/5584/1927
f 8732/5585/1928 8734/5587/1929 8733/5588/1929 8731/5586/1928
f 8734/5587/1929 8736/5589/1930 8735/5590/1930 8733/5588/1929
f 8736/5589/1930 8738/5591/1931 8737/5592/1931 8735/5590/1930
f 8738/5591/1931 8740/5593/1932 8739/5594/1932 8737/5592/1931
f 8740/5593/1932 8742/5595/1933 8741/5596/1933 8739/5594/1932
f 8742/5595/1933 8744/5597/1934 8743/5598/1934 8741/5596/1933
f 8744/5597/1934 8746/5599/1935 8745/5600/1935 8743/5598/1934
f 8746/5599/1935 8748/5601/1936 8747/5602/1936 8745/5600/1935
f 8748/5601/1936 8750/5603/1937 8749/5604/1937 8747/5602/1936
f 8750/5603/1937 8752/5605/1938 8751/5606/1938 8749/5604/1937
f 8752/5605/1938 8388/2463/1773 8387/73/1773 8751/5606/1938
f 8754/1982/334 8756/2628/335 8755/2629/335 8753/76/334
f 8756/2628/335 8758/2630/336 8757/2631/336 8755/2629/335
f 8758/2630/336 8760/2632/337 8759/2633/337 8757/2631/336
f 8760/2632/337 8762/2634/338 8761/2635/338 8759/2633/337
f 8762/2634/338 8764/2636/339 8763/2637/339 8761/2635/338
f 8764/2636/339 8766/2638/340 8765/2639/340 8763/2637/339
f 8766/2638/340 8768/2640/341 8767/2641/341 8765/2639/340
f 8768/2640/341 8770/2642/342 8769/2643/342 8767/2641/341
f 8770/2642/342 8772/2644/343 8771/2645/343 8769/2643/342
f 8772/2644/343 8774/2646/344 8773/2647/344 8771/2645/343
f 8774/2646/344 8776/2648/345 8775/2649/345 8773/2647/344
f 8776/2648/345 8778/2650/346 8777/2651/346 8775/2649/345
f 8778/2650/346 8780/2652/347 8779/2653/347 8777/2651/346
f 8780/2652/347 8782/2654/348 8781/2655/348 8779/2653/347
f 8782/2654/348 8784/2656/349 8783/2657/349 8781/2655/348
f 8784/2656/349 8786/2658/350 8785/2659/350 8783/2657/349
f 8786/2658/350 8788/2660/351 8787/2661/351 8785/2659/350
f 8788/2660/351 8790/2662/352 8789/2663/352 8787/2661/351
f 8790/2662/352 8792/2664/353 8791/2665/353 8789/2663/352
f 8792/2664/353 8794/2666/354 8793/2667/354 8791/2665/353
f 8794/2666/354 8796/2668/355 8795/2669/355 8793/2667/354
f 8796/2668/355 8798/2670/356 8797/2671/356 8795/2669/355
f 8798/2670/356 8800/2672/357 8799/2673/357 8797/2671/356
f 8800/2672/357 8802/2674/1939 8801/2675/1939 8799/2673/357
f 8802/2674/1939 8804/2676/357 8803/2677/357 8801/2675/1939
f 8804/2676/357 8806/2678/356 8805/2679/356 8803/2677/357
f 8806/2678/356 8808/2680/355 8807/2681/355 8805/2679/356
f 8808/2680/355 8810/2682/354 8809/2683/354 8807/2681/355
f 8810/2682/354 8812/2684/353 8811/1287/353 8809/2683/354
f 8812/2684/353 8814/2685/352 8813/2686/352 8811/1287/353
f 8814/2685/352 8816/2687/351 8815/2688/351 8813/2686/352
f 8816/2687/351 8818/2689/350 8817/2690/350 8815/2688/351
f 8818/2689/350 8820/2691/349 8819/2692/349 8817/2690/350
f 8820/2691/349 8822/2693/348 8821/2694/348 8819/2692/349
f 8822/2693/348 8824/2695/347 8823/2696/347 8821/2694/348
f 8824/2695/347 8826/2697/1940 8825/2698/1940 8823/2696/347
f 8826/2697/1940 8828/2699/360 8827/2700/360 8825/2698/1940
f 8828/2699/360 8830/2701/361 8829/2702/361 8827/2700/360
f 8830/2701/361 8832/2703/362 8831/2704/362 8829/2702/361
f 8832/2703/362 8834/2705/363 8833/2706/363 8831/2704/362
f 8834/2705/363 8836/2707/364 8835/2708/364 8833/2706/363
f 8836/2707/364 8838/2709/1941 8837/2710/1941 8835/2708/364
f 8838/2709/1941 8840/2711/372 8839/2712/372 8837/2710/1941
f 8840/2711/372 8842/2713/367 8841/2714/367 8839/2712/372
f 8842/2713/367 8844/2715/368 8843/2716/368 8841/2714/367
f 8844/2715/368 8846/2717/369 8845/2718/369 8843/2716/368
f 8846/2717/369 8848/2719/370 8847/2720/370 8845/2718/369
f 8848/2719/370 8850/2721/1942 8849/2722/1942 8847/2720/370
f 8850/2721/1942 8852/2723/1943 8851/2724/1943 8849/2722/1942
f 8852/2723/1943 8854/2725/369 8853/2726/369 8851/2724/1943
f 8854/2725/369 8856/2727/368 8855/2728/368 8853/2726/369
f 8856/2727/368 8858/2729/367 8857/2730/367 8855/2728/368
f 8858/2729/367 8860/2731/366 8859/2732/366 8857/2730/367
f 8860/2731/366 8862/2733/365 8861/2734/365 8859/2732/366
f 8862/2733/365 8864/2735/1944 8863/2736/1944 8861/2734/365
f 8864/2735/1944 8866/2737/363 8865/2738/363 8863/2736/1944
f 8866/2737/363 8868/2739/362 8867/2740/362 8865/2738/363
f 8868/2739/362 8870/2741/361 8869/1368/361 8867/2740/362
f 8870/2741/361 8872/2742/360 8871/2743/360 8869/1368/361
f 8872/2742/360 8874/2744/373 8873/2745/373 8871/2743/360
f 8874/2744/373 8876/2746/374 8875/2747/374 8873/2745/373
f 8876/2746/374 8878/2748/375 8877/2749/375 8875/2747/374
f 8878/2748/375 8880/2750/1945 8879/2751/1945 8877/2749/375
f 8880/2750/1945 8882/2752/377 8881/2753/377 8879/2751/1945
f 8882/2752/377 8884/2754/378 8883/2755/378 8881/2753/377
f 8884/2754/378 8886/2756/379 8885/2757/379 8883/2755/378
f 8886/2756/379 8888/2758/1946 8887/2759/1946 8885/2757/379
f 8888/2758/1946 8890/2760/1947 8889/2761/1947 8887/2759/1946
f 8890/2760/1947 8892/2762/382 8891/2763/382 8889/2761/1947
f 8892/2762/382 8894/2764/383 8893/2765/383 8891/2763/382
f 8894/2764/383 8896/2766/384 8895/2767/384 8893/2765/383
f 8896/2766/384 8898/2768/385 8897/2769/385 8895/2767/384
f 8898/2768/385 8900/2770/386 8899/2771/386 8897/2769/385
f 8900/2770/386 8902/2772/387 8901/2773/387 8899/2771/386
f 8902/2772/387 8904/2774/388 8903/2775/388 8901/2773/387
f 8904/2774/388 8906/2776/389 8905/2777/389 8903/2775/388
f 8906/2776/389 8908/2778/390 8907/2779/390 8905/2777/389
f 8908/2778/390 8910/2780/391 8909/2781/391 8907/2779/390
f 8910/2780/391 8912/2782/392 8911/2783/392 8909/2781/391
f 8912/2782/392 8914/2784/393 8913/2785/393 8911/2783/392
f 8914/2784/393 8916/2786/394 8915/2787/394 8913/2785/393
f 8916/2786/394 8918/2788/395 8917/2789/395 8915/2787/394
f 8918/2788/395 8920/2790/396 8919/2791/396 8917/2789/395
f 8920/2790/396 8922/2792/397 8921/2793/397 8919/2791/396
f 8922/2792/397 8924/2794/398 8923/2795/398 8921/2793/397
f 8924/2794/398 8926/2796/399 8925/2797/399 8923/2795/398
f 8926/2796/399 8928/2798/400 8927/1651/400 8925/2797/399
f 8928/2798/400 8930/2799/401 8929/2800/401 8927/1651/400
f 8930/2799/401 8932/2801/402 8931/2802/402 8929/2800/401
f 8932/2801/402 8934/2803/403 8933/2804/403 8931/2802/402
f 8934/2803/403 8936/2805/404 8935/2806/404 8933/2804/403
f 8936/2805/404 8938/2807/1948 8937/2808/1948 8935/2806/404
f 8938/2807/1948 8940/2809/406 8939/2810/406 8937/2808/1948
f 8940/2809/406 8942/2811/407 8941/2812/407 8939/2810/406
f 8942/2811/407 8944/2813/408 8943/2814/408 8941/2812/407
f 8944/2813/408 8946/2815/409 8945/2816/409 8943/2814/408
f 8946/2815/409 8948/2817/410 8947/2818/410 8945/2816/409
f 8948/2817/410 8950/2819/411 8949/2820/411 8947/2818/410
f 8950/2819/411 8952/2821/412 8951/2822/412 8949/2820/411
f 8952/2821/412 8954/2823/413 8953/2824/413 8951/2822/412
f 8954/2823/413 8956/2825/414 8955/2826/414 8953/2824/413
f 8956/2825/414 8958/2827/415 8957/2828/415 8955/2826/414
f 8958/2827/415 8960/2829/416 8959/2830/416 8957/2828/415
f 8960/2829/416 8962/2831/417 8961/2832/417 8959/2830/416
f 8962/2831/417 8964/2833/418 8963/2834/418 8961/2832/417
f 8964/2833/418 8966/2835/419 8965/2836/419 8963/2834/418
f 8966/2835/419 8968/2837/420 8967/2838/420 8965/2836/419
f 8968/2837/420 8970/2839/421 8969/2840/421 8967/2838/420
f 8970/2839/421 8972/2841/422 8971/2842/422 8969/2840/421
f 8972/2841/422 8974/2843/423 8973/2844/423 8971/2842/422
f 8974/2843/423 8976/2845/424 8975/2846/424 8973/2844/423
f 8976/2845/424 8978/2847/425 8977/2848/425 8975/2846/424
f 8978/2847/425 8980/2849/426 8979/2850/426 8977/2848/425
f 8980/2849/426 8982/2851/427 8981/2852/427 8979/2850/426
f 8982/2851/427 8984/2853/428 8983/2854/428 8981/2852/427
f 8984/2853/428 8986/2855/429 8985/928/429 8983/2854/428
f 8986/2855/429 8988/2856/430 8987/2857/430 8985/928/429
f 8988/2856/430 8990/2858/431 8989/2859/431 8987/2857/430
f 8990/2858/431 8992/2860/1949 8991/2861/1949 8989/2859/431
f 8992/2860/1949 8994/2862/433 8993/2863/433 8991/2861/1949
f 8994/2862/433 8996/2864/434 8995/2865/434 8993/2863/433
f 8996/2864/434 8998/2866/435 8997/2867/435 8995/2865/434
f 8998/2866/435 9000/2868/436 8999/2869/436 8997/2867/435
f 9000/2868/436 9002/2870/437 9001/2871/437 8999/2869/436
f 9002/2870/437 9004/2872/438 9003/2873/438 9001/2871/437
f 9004/2872/438 9006/2874/439 9005/2875/439 9003/2873/438
f 9006/2874/439 9008/2876/440 9007/2877/440 9005/2875/439
f 9008/2876/440 9010/2878/441 9009/2879/441 9007/2877/440
f 9010/2878/441 9012/2880/442 9011/2881/442 9009/2879/441
f 9012/2880/442 9014/2882/1950 9013/2883/1950 9011/2881/442
f 9014/2882/1950 9016/2884/444 9015/2885/444 9013/2883/1950
f 9016/2884/444 9018/2886/445 9017/2887/445 9015/2885/444
f 9018/2886/445 9020/2888/446 9019/2889/446 9017/2887/445
f 9020/2888/446 9022/2890/447 9021/2891/447 9019/2889/446
f 9022/2890/447 9024/2892/113 9023/2893/113 9021/2891/447
f 9024/2892/113 9026/2894/448 9025/2895/448 9023/2893/113
f 9026/2894/448 9028/2896/449 9027/2897/449 9025/2895/448
f 9028/2896/449 9030/2898/450 9029/2899/450 9027/2897/449
f 9030/2898/450 9032/2900/451 9031/2901/451 9029/2899/450
f 9032/2900/451 9034/2902/452 9033/2903/452 9031/2901/451
f 9034/2902/452 9036/2904/1951 9035/2905/1951 9033/2903/452
f 9036/2904/1951 9038/2906/454 9037/2907/454 9035/2905/1951
f 9038/2906/454 9040/2908/455 9039/2909/455 9037/2907/454
f 9040/2908/455 9042/2910/456 9041/2911/456 9039/2909/455
f 9042/2910/456 9044/2912/457 9043/1454/457 9041/2911/456
f 9044/2912/457 9046/2913/458 9045/2914/458 9043/1454/457
f 9046/2913/458 9048/2915/459 9047/2916/459 9045/2914/458
f 9048/2915/459 9050/2917/460 9049/2918/460 9047/2916/459
f 9050/2917/460 9052/2919/461 9051/2920/461 9049/2918/460
f 9052/2919/461 9054/2921/462 9053/2922/462 9051/2920/461
f 9054/2921/462 9056/2923/463 9055/2924/463 9053/2922/462
f 9056/2923/463 9058/2925/464 9057/2926/464 9055/2924/463
f 9058/2925/464 9060/2927/465 9059/2928/465 9057/2926/464
f 9060/2927/465 9062/2929/466 9061/2930/466 9059/2928/465
f 9062/2929/466 9064/2931/467 9063/2932/467 9061/2930/466
f 9064/2931/467 9066/2933/1952 9065/2934/1952 9063/2932/467
f 9066/2933/1952 9068/2935/1953 9067/2936/1953 9065/2934/1952
f 9068/2935/1953 9070/2937/470 9069/2938/470 9067/2936/1953
f 9070/2937/470 9072/2939/471 9071/2940/471 9069/2938/470
f 9072/2939/471 9074/2941/472 9073/2942/472 9071/2940/471
f 9074/2941/472 9076/2943/473 9075/2944/473 9073/2942/472
f 9076/2943/473 9078/2945/474 9077/2946/474 9075/2944/473
f 9078/2945/474 9080/2947/475 9079/2948/475 9077/2946/474
f 9080/2947/475 9082/2949/1954 9081/2950/1954 9079/2948/475
f 9082/2949/1954 9084/2951/1955 9083/2952/1955 9081/2950/1954
f 9084/2951/1955 9086/2953/478 9085/2954/478 9083/2952/1955
f 9086/2953/478 9088/2955/479 9087/2956/479 9085/2954/478
f 9088/2955/479 9090/2957/480 9089/2958/480 9087/2956/479
f 9090/2957/480 9092/2959/481 9091/2960/481 9089/2958/480
f 9092/2959/481 9094/2961/482 9093/2962/482 9091/2960/481
f 9094/2961/482 9096/2963/483 9095/2964/483 9093/2962/482
f 9096/2963/483 9098/2965/484 9097/2966/484 9095/2964/483
f 9098/2965/484 9100/2967/485 9099/2968/485 9097/2966/484
f 9100/2967/485 9102/2969/486 9101/495/486 9099/2968/485
f 9102/2969/486 9104/2970/487 9103/2971/487 9101/495/486
f 9104/2970/487 9106/2972/488 9105/2973/488 9103/2971/487
f 9106/2972/488 9108/2974/489 9107/2975/489 9105/2973/488
f 9108/2974/489 9110/2976/490 9109/2977/490 9107/2975/489
f 9110/2976/490 9112/2978/491 9111/2979/491 9109/2977/490
f 9112/2978/491 9114/2980/492 9113/2981/492 9111/2979/491
f 9114/2980/492 9116/2982/1956 9115/2983/1956 9113/2981/492
f 9116/2982/1956 9118/2984/494 9117/2985/494 9115/2983/1956
f 9118/2984/494 9120/2986/495 9119/2987/495 9117/2985/494
f 9120/2986/495 9122/2988/496 9121/2989/496 9119/2987/495
f 9122/2988/496 9124/2990/497 9123/2991/497 9121/2989/496
f 9124/2990/497 9126/2992/1957 9125/2993/1957 9123/2991/497
f 9126/2992/1957 9128/2994/499 9127/2995/499 9125/2993/1957
f 9128/2994/499 9130/2996/1958 9129/2997/1958 9127/2995/499
f 9130/2996/1958 9132/2998/501 9131/2999/501 9129/2997/1958
f 9132/2998/501 9134/3000/502 9133/3001/502 9131/2999/501
f 9134/3000/502 9136/3002/503 9135/3003/503 9133/3001/502
f 9136/3002/503 9138/3004/504 9137/3005/504 9135/3003/503
f 9138/3004/504 9140/3006/505 9139/3007/505 9137/3005/504
f 9140/3006/505 9142/3008/1959 9141/3009/1959 9139/3007/505
f 9142/3008/1959 9144/3010/507 9143/3011/507 9141/3009/1959
f 9144/3010/507 9146/3012/508 9145/3013/508 9143/3011/507
f 9146/3012/508 9148/3014/509 9147/3015/509 9145/3013/508
f 9148/3014/509 9150/3016/510 9149/3017/510 9147/3015/509
f 9150/3016/510 9152/3018/511 9151/3019/511 9149/3017/510
f 9152/3018/511 9154/3020/512 9153/3021/512 9151/3019/511
f 9154/3020/512 9156/3022/1960 9155/3023/1960 9153/3021/512
f 9156/3022/1960 9158/3024/514 9157/3025/514 9155/3023/1960
f 9158/3024/514 9160/3026/515 9159/1452/515 9157/3025/514
f 9160/3026/515 9162/3027/516 9161/3028/516 9159/1452/515
f 9162/3027/516 9164/3029/517 9163/3030/517 9161/3028/516
f 9164/3029/517 9166/3031/518 9165/3032/518 9163/3030/517
f 9166/3031/518 9168/3033/239 9167/3034/239 9165/3032/518
f 9168/3033/239 9170/3035/519 9169/3036/519 9167/3034/239
f 9170/3035/519 9172/3037/520 9171/3038/520 9169/3036/519
f 9172/3037/520 9174/3039/1961 9173/3040/1961 9171/3038/520
f 9174/3039/1961 9176/3041/1962 9175/3042/1962 9173/3040/1961
f 9176/3041/1962 9178/3043/523 9177/3044/523 9175/3042/1962
f 9178/3043/523 9180/3045/524 9179/3046/524 9177/3044/523
f 9180/3045/524 9182/3047/525 9181/3048/525 9179/3046/524
f 9182/3047/525 9184/3049/526 9183/3050/526 9181/3048/525
f 9184/3049/526 9186/3051/527 9185/3052/527 9183/3050/526
f 9186/3051/527 9188/3053/528 9187/3054/528 9185/3052/527
f 9188/3053/528 9190/3055/529 9189/3056/529 9187/3054/528
f 9190/3055/529 9192/3057/530 9191/3058/530 9189/3056/529
f 9192/3057/530 9194/3059/531 9193/3060/531 9191/3058/530
f 9194/3059/531 9196/3061/532 9195/3062/532 9193/3060/531
f 9196/3061/532 9198/3063/533 9197/3064/533 9195/3062/532
f 9198/3063/533 9200/3065/534 9199/3066/534 9197/3064/533
f 9200/3065/534 9202/3067/1963 9201/3068/1963 9199/3066/534
f 9202/3067/1963 9204/3069/536 9203/3070/536 9201/3068/1963
f 9204/3069/536 9206/3071/537 9205/3072/537 9203/3070/536
f 9206/3071/537 9208/3073/538 9207/3074/538 9205/3072/537
f 9208/3073/538 9210/3075/539 9209/3076/539 9207/3074/538
f 9210/3075/539 9212/3077/540 9211/3078/540 9209/3076/539
f 9212/3077/540 9214/3079/541 9213/3080/541 9211/3078/540
f 9214/3079/541 9216/3081/542 9215/3082/542 9213/3080/541
f 9216/3081/542 9218/3083/543 9217/1029/543 9215/3082/542
f 9218/3083/543 9220/3084/544 9219/3085/544 9217/1029/543
f 9220/3084/544 9222/3086/545 9221/3087/545 9219/3085/544
f 9222/3086/545 9224/3088/546 9223/3089/546 9221/3087/545
f 9224/3088/546 9226/3090/547 9225/3091/547 9223/3089/546
f 9226/3090/547 9228/3092/548 9227/3093/548 9225/3091/547
f 9228/3092/548 9230/3094/549 9229/3095/549 9227/3093/548
f 9230/3094/549 9232/3096/550 9231/3097/550 9229/3095/549
f 9232/3096/550 9234/3098/1964 9233/3099/1964 9231/3097/550
f 9234/3098/1964 9236/3100/552 9235/3101/552 9233/3099/1964
f 9236/3100/552 9238/3102/553 9237/3103/553 9235/3101/552
f 9238/3102/553 9240/3104/554 9239/3105/554 9237/3103/553
f 9240/3104/554 9242/3106/555 9241/3107/555 9239/3105/554
f 9242/3106/555 9244/3108/1965 9243/3109/1965 9241/3107/555
f 9244/3108/1965 9246/3110/557 9245/3111/557 9243/3109/1965
f 9246/3110/557 9248/3112/558 9247/3113/558 9245/3111/557
f 9248/3112/558 9250/3114/559 9249/3115/559 9247/3113/558
f 9250/3114/559 9252/3116/560 9251/3117/560 9249/3115/559
f 9252/3116/560 9254/3118/1966 9253/3119/1966 9251/3117/560
f 9254/3118/1966 9256/3120/562 9255/3121/562 9253/3119/1966
f 9256/3120/562 9258/3122/563 9257/3123/563 9255/3121/562
f 9258/3122/563 9260/3124/564 9259/3125/564 9257/3123/563
f 9260/3124/564 9262/3126/565 9261/3127/565 9259/3125/564
f 9262/3126/565 9264/3128/566 9263/3129/566 9261/3127/565
f 9264/3128/566 9266/3130/567 9265/3131/567 9263/3129/566
f 9266/3130/567 9268/3132/568 9267/3133/568 9265/3131/567
f 9268/3132/568 9270/3134/569 9269/3135/569 9267/3133/568
f 9270/3134/569 9272/3136/570 9271/3137/570 9269/3135/569
f 9272/3136/570 9274/3138/571 9273/3139/571 9271/3137/570
f 9274/3138/571 9276/3140/682 9275/1546/682 9273/3139/571
f 9276/3140/682 9278/3141/573 9277/3142/573 9275/1546/682
f 9278/3141/573 9280/3143/574 9279/3144/574 9277/3142/573
f 9280/3143/574 9282/3145/575 9281/3146/575 9279/3144/574
f 9282/3145/575 9284/3147/576 9283/3148/576 9281/3146/575
f 9284/3147/576 9286/3149/577 9285/3150/577 9283/3148/576
f 9286/3149/577 9288/3151/578 9287/3152/578 9285/3150/577
f 9288/3151/578 9290/3153/579 9289/3154/579 9287/3152/578
f 9290/3153/579 9292/3155/580 9291/3156/580 9289/3154/579
f 9292/3155/580 9294/3157/581 9293/3158/581 9291/3156/580
f 9294/3157/581 9296/3159/582 9295/3160/582 9293/3158/581
f 9296/3159/582 9298/3161/583 9297/3162/583 9295/3160/582
f 9298/3161/583 9300/3163/584 9299/3164/584 9297/3162/583
f 9300/3163/584 9302/3165/585 9301/3166/585 9299/3164/584
f 9302/3165/585 9304/3167/586 9303/3168/586 9301/3166/585
f 9304/3167/586 9306/3169/1967 9305/3170/1967 9303/3168/586
f 9306/3169/1967 9308/3171/588 9307/3172/588 9305/3170/1967
f 9308/3171/588 9310/3173/589 9309/3174/589 9307/3172/588
f 9310/3173/589 9312/3175/590 9311/3176/590 9309/3174/589
f 9312/3175/590 9314/3177/591 9313/3178/591 9311/3176/590
f 9314/3177/591 9316/3179/1968 9315/3180/1968 9313/3178/591
f 9316/3179/1968 9318/3181/593 9317/3182/593 9315/3180/1968
f 9318/3181/593 9320/3183/1969 9319/3184/1969 9317/3182/593
f 9320/3183/1969 9322/3185/595 9321/3186/595 9319/3184/1969
f 9322/3185/595 9324/3187/596 9323/3188/596 9321/3186/595
f 9324/3187/596 9326/3189/597 9325/3190/597 9323/3188/596
f 9326/3189/597 9328/3191/598 9327/3192/598 9325/3190/597
f 9328/3191/598 9330/3193/599 9329/3194/599 9327/3192/598
f 9330/3193/599 9332/3195/1970 9331/3196/1970 9329/3194/599
f 9332/3195/1970 9334/3197/601 9333/1543/601 9331/3196/1970
f 9334/3197/601 9336/3198/602 9335/3199/602 9333/1543/601
f 9336/3198/602 9338/3200/603 9337/3201/603 9335/3199/602
f 9338/3200/603 9340/3202/604 9339/3203/604 9337/3201/603
f 9340/3202/604 9342/3204/605 9341/3205/605 9339/3203/604
f 9342/3204/605 9344/3206/606 9343/3207/606 9341/3205/605
f 9344/3206/606 9346/3208/607 9345/3209/607 9343/3207/606
f 9346/3208/607 9348/3210/608 9347/3211/608 9345/3209/607
f 9348/3210/608 9350/3212/609 9349/3213/609 9347/3211/608
f 9350/3212/609 9352/3214/610 9351/3215/610 9349/3213/609
f 9352/3214/610 9354/3216/611 9353/3217/611 9351/3215/610
f 9354/3216/611 9356/3218/1971 9355/3219/1971 9353/3217/611
f 9356/3218/1971 9358/3220/613 9357/3221/613 9355/3219/1971
f 9358/3220/613 9360/3222/614 9359/3223/614 9357/3221/613
f 9360/3222/614 9362/3224/615 9361/3225/615 9359/3223/614
f 9362/3224/615 9364/3226/616 9363/3227/616 9361/3225/615
f 9364/3226/616 9366/3228/459 9365/3229/459 9363/3227/616
f 9366/3228/459 9368/3230/1972 9367/3231/1972 9365/3229/459
f 9368/3230/1972 9370/3232/618 9369/3233/618 9367/3231/1972
f 9370/3232/618 9372/3234/619 9371/3235/619 9369/3233/618
f 9372/3234/619 9374/3236/620 9373/3237/620 9371/3235/619
f 9374/3236/620 9376/3238/621 9375/3239/621 9373/3237/620
f 9376/3238/621 9378/3240/622 9377/3241/622 9375/3239/621
f 9378/3240/622 9380/3242/623 9379/3243/623 9377/3241/622
f 9380/3242/623 9382/3244/624 9381/3245/624 9379/3243/623
f 9382/3244/624 9384/3246/625 9383/3247/625 9381/3245/624
f 9384/3246/625 9386/3248/626 9385/3249/626 9383/3247/625
f 9386/3248/626 9388/3250/627 9387/3251/627 9385/3249/626
f 9388/3250/627 9390/3252/1973 9389/3253/1973 9387/3251/627
f 9390/3252/1973 9392/3254/629 9391/1297/629 9389/3253/1973
f 9392/3254/629 9394/3255/630 9393/3256/630 9391/1297/629
f 9394/3255/630 9396/3257/631 9395/3258/631 9393/3256/630
f 9396/3257/631 9398/3259/632 9397/3260/632 9395/3258/631
f 9398/3259/632 9400/3261/579 9399/3262/579 9397/3260/632
f 9400/3261/579 9402/3263/633 9401/3264/633 9399/3262/579
f 9402/3263/633 9404/3265/634 9403/3266/634 9401/3264/633
f 9404/3265/634 9406/3267/635 9405/3268/635 9403/3266/634
f 9406/3267/635 9408/3269/636 9407/3270/636 9405/3268/635
f 9408/3269/636 9410/3271/637 9409/3272/637 9407/3270/636
f 9410/3271/637 9412/3273/638 9411/3274/638 9409/3272/637
f 9412/3273/638 9414/3275/639 9413/3276/639 9411/3274/638
f 9414/3275/639 9416/3277/640 9415/3278/640 9413/3276/639
f 9416/3277/640 9418/3279/641 9417/3280/641 9415/3278/640
f 9418/3279/641 9420/3281/1974 9419/3282/1974 9417/3280/641
f 9420/3281/1974 9422/3283/1975 9421/3284/1975 9419/3282/1974
f 9422/3283/1975 9424/3285/1976 9423/3286/1976 9421/3284/1975
f 9424/3285/1976 9426/3287/645 9425/3288/645 9423/3286/1976
f 9426/3287/645 9428/3289/646 9427/3290/646 9425/3288/645
f 9428/3289/646 9430/3291/647 9429/3292/647 9427/3290/646
f 9430/3291/647 9432/3293/692 9431/3294/692 9429/3292/647
f 9432/3293/692 9434/3295/649 9433/3296/649 9431/3294/692
f 9434/3295/649 9436/3297/650 9435/3298/650 9433/3296/649
f 9436/3297/650 9438/3299/651 9437/3300/651 9435/3298/650
f 9438/3299/651 9440/3301/652 9439/3302/652 9437/3300/651
f 9440/3301/652 9442/3303/653 9441/3304/653 9439/3302/652
f 9442/3303/653 9444/3305/654 9443/3306/654 9441/3304/653
f 9444/3305/654 9446/3307/655 9445/3308/655 9443/3306/654
f 9446/3307/655 9448/3309/656 9447/3310/656 9445/3308/655
f 9448/3309/656 8754/2463/334 8753/73/334 9447/3310/656
