# Blender 4.4.1
# www.blender.org
mtllib GameOverFont.mtl
o テキスト.001
v -15.127956 0.311155 -0.596975
v -15.127937 0.290365 -0.596975
v -15.127880 0.270800 -0.596975
v -15.127783 0.252458 -0.596975
v -15.127647 0.235340 -0.596975
v -15.127476 0.219446 -0.596975
v -15.127264 0.204777 -0.596975
v -15.127012 0.191331 -0.596975
v -15.126724 0.179109 -0.596975
v -15.126396 0.168111 -0.596975
v -15.126032 0.158337 -0.596975
v -15.125628 0.149787 -0.596975
v -15.125185 0.142461 -0.596975
v -15.118694 0.080931 -0.596975
v -15.107544 0.024752 -0.596975
v -15.091736 -0.026076 -0.596975
v -15.071266 -0.071555 -0.596975
v -15.046137 -0.111683 -0.596975
v -15.016348 -0.146460 -0.596975
v -14.981897 -0.175887 -0.596975
v -14.942787 -0.199964 -0.596975
v -14.899019 -0.218690 -0.596975
v -14.850590 -0.232066 -0.596975
v -14.797501 -0.240092 -0.596975
v -14.739752 -0.242767 -0.596975
v -14.683947 -0.240494 -0.596975
v -14.632994 -0.233675 -0.596976
v -14.586895 -0.222309 -0.596976
v -14.545649 -0.206398 -0.596976
v -14.509254 -0.185941 -0.596976
v -14.477711 -0.160937 -0.596976
v -14.451023 -0.131388 -0.596976
v -14.429186 -0.097292 -0.596976
v -14.412201 -0.058651 -0.596976
v -14.400070 -0.015463 -0.596976
v -14.392790 0.032271 -0.596976
v -14.390366 0.084550 -0.596976
v -14.376499 0.338851 -0.596976
v -14.274981 0.320964 -0.596976
v -14.178391 0.297516 -0.596976
v -14.086731 0.268509 -0.596976
v -14.000002 0.233941 -0.596976
v -13.918201 0.193814 -0.596976
v -13.841331 0.148126 -0.596976
v -13.769390 0.096877 -0.596976
v -13.702377 0.040069 -0.596976
v -13.640295 -0.022300 -0.596976
v -13.583143 -0.090229 -0.596976
v -13.530920 -0.163718 -0.596976
v -13.483627 -0.242767 -0.596976
v -13.486399 -1.509233 -0.596976
v -13.485647 -1.532811 -0.596976
v -13.483395 -1.555708 -0.596976
v -13.479641 -1.577922 -0.596976
v -13.474384 -1.599455 -0.596976
v -13.467625 -1.620306 -0.596976
v -13.459364 -1.640475 -0.596976
v -13.449602 -1.659962 -0.596976
v -13.438335 -1.678767 -0.596976
v -13.425570 -1.696890 -0.596976
v -13.411301 -1.714331 -0.596976
v -13.395529 -1.731090 -0.596976
v -13.378258 -1.747167 -0.596976
v -13.359827 -1.762248 -0.596976
v -13.340590 -1.776018 -0.596976
v -13.320543 -1.788476 -0.596976
v -13.299688 -1.799622 -0.596976
v -13.278025 -1.809457 -0.596976
v -13.255550 -1.817981 -0.596976
v -13.232269 -1.825194 -0.596976
v -13.208179 -1.831095 -0.596976
v -13.183281 -1.835685 -0.596976
v -13.157576 -1.838963 -0.596976
v -13.131060 -1.840930 -0.596976
v -13.103741 -1.841586 -0.596976
v -13.075626 -1.840887 -0.596976
v -13.048592 -1.838788 -0.596976
v -13.022633 -1.835291 -0.596976
v -12.997753 -1.830396 -0.596976
v -12.973953 -1.824101 -0.596976
v -12.951231 -1.816408 -0.596976
v -12.929586 -1.807315 -0.596976
v -12.909021 -1.796825 -0.596976
v -12.889534 -1.784935 -0.596976
v -12.871124 -1.771646 -0.596976
v -12.853794 -1.756959 -0.596976
v -12.837542 -1.740873 -0.596976
v -12.823368 -1.725416 -0.596976
v -12.810427 -1.709260 -0.596976
v -12.798721 -1.692405 -0.596976
v -12.788244 -1.674850 -0.596976
v -12.779001 -1.656596 -0.596976
v -12.770990 -1.637642 -0.596976
v -12.764214 -1.617989 -0.596976
v -12.758667 -1.597637 -0.596976
v -12.754354 -1.576585 -0.596976
v -12.751274 -1.554834 -0.596976
v -12.749424 -1.532383 -0.596976
v -12.748810 -1.509233 -0.596976
v -12.748810 0.139943 -0.596976
v -12.748848 0.153485 -0.596976
v -12.748964 0.168093 -0.596976
v -12.749155 0.183769 -0.596976
v -12.749426 0.200510 -0.596976
v -12.749773 0.218319 -0.596976
v -12.750196 0.237194 -0.596976
v -12.750696 0.257135 -0.596976
v -12.751276 0.278143 -0.596976
v -12.751930 0.300218 -0.596976
v -12.752663 0.323359 -0.596976
v -12.753471 0.347567 -0.596976
v -12.754354 0.372842 -0.596976
v -12.755241 0.398116 -0.596976
v -12.756048 0.422324 -0.596976
v -12.756783 0.445465 -0.596976
v -12.757437 0.467540 -0.596976
v -12.758015 0.488548 -0.596976
v -12.758514 0.508489 -0.596976
v -12.758940 0.527364 -0.596976
v -12.759285 0.545173 -0.596976
v -12.759556 0.561915 -0.596976
v -12.759748 0.577590 -0.596976
v -12.759865 0.592198 -0.596976
v -12.759901 0.605740 -0.596976
v -12.760546 0.628917 -0.596976
v -12.762480 0.651446 -0.596976
v -12.765705 0.673328 -0.596976
v -12.770220 0.694564 -0.596976
v -12.776026 0.715152 -0.596976
v -12.783121 0.735094 -0.596976
v -12.791508 0.754388 -0.596976
v -12.801184 0.773036 -0.596976
v -12.812151 0.791037 -0.596976
v -12.824408 0.808390 -0.596976
v -12.837955 0.825097 -0.596976
v -12.852793 0.841157 -0.596976
v -12.868822 0.856238 -0.596976
v -12.885950 0.870007 -0.596976
v -12.904177 0.882465 -0.596976
v -12.923500 0.893612 -0.596976
v -12.943922 0.903447 -0.596976
v -12.965441 0.911971 -0.596976
v -12.988058 0.919183 -0.596976
v -13.011770 0.925084 -0.596976
v -13.036581 0.929674 -0.596976
v -13.062490 0.932953 -0.596976
v -13.089497 0.934920 -0.596976
v -13.117603 0.935575 -0.596976
v -13.167170 0.933582 -0.596976
v -13.213270 0.927602 -0.596976
v -13.255903 0.917636 -0.596976
v -13.295071 0.903683 -0.596976
v -13.330772 0.885743 -0.596976
v -13.363007 0.863817 -0.596976
v -13.391775 0.837905 -0.596976
v -13.417078 0.808006 -0.596976
v -13.438913 0.774120 -0.596976
v -13.457285 0.736248 -0.596976
v -13.472189 0.694389 -0.596976
v -13.483627 0.648543 -0.596976
v -13.566179 0.701627 -0.596976
v -13.650230 0.750096 -0.596976
v -13.735786 0.793948 -0.596976
v -13.822844 0.833184 -0.596976
v -13.911404 0.867804 -0.596976
v -14.001465 0.897808 -0.596976
v -14.093029 0.923196 -0.596976
v -14.186096 0.943968 -0.596976
v -14.280663 0.960124 -0.596976
v -14.376732 0.971664 -0.596976
v -14.474304 0.978588 -0.596976
v -14.573378 0.980896 -0.596976
v -14.661957 0.976245 -0.596976
v -14.742832 0.962292 -0.596976
v -14.816006 0.939037 -0.596976
v -14.881475 0.906481 -0.596976
v -14.939245 0.864622 -0.596976
v -14.989313 0.813461 -0.596976
v -15.031675 0.752998 -0.596976
v -15.066336 0.683233 -0.596976
v -15.093296 0.604167 -0.596976
v -15.112553 0.515798 -0.596975
v -15.124105 0.418128 -0.596975
v -11.847616 -1.637642 -0.596976
v -11.782589 -1.661771 -0.596976
v -11.716906 -1.683802 -0.596976
v -11.650570 -1.703735 -0.596976
v -11.583576 -1.721570 -0.596976
v -11.515928 -1.737306 -0.596976
v -11.447626 -1.750944 -0.596976
v -11.378670 -1.762484 -0.596976
v -11.309057 -1.771926 -0.596976
v -11.238792 -1.779270 -0.596976
v -11.167871 -1.784515 -0.596976
v -11.096296 -1.787663 -0.596976
v -11.024065 -1.788712 -0.596976
v -10.915287 -1.786718 -0.596976
v -10.809860 -1.780738 -0.596976
v -10.707783 -1.770772 -0.596976
v -10.609056 -1.756819 -0.596976
v -10.513681 -1.738880 -0.596976
v -10.421658 -1.716954 -0.596976
v -10.332983 -1.691041 -0.596976
v -10.247660 -1.661142 -0.596976
v -10.165686 -1.627256 -0.596976
v -10.087063 -1.589384 -0.596976
v -10.011789 -1.547525 -0.596976
v -9.939861 -1.501680 -0.596976
v -9.865456 -1.447004 -0.596976
v -9.797520 -1.388727 -0.596976
v -9.736053 -1.326848 -0.596976
v -9.681059 -1.261367 -0.596976
v -9.632532 -1.192284 -0.596976
v -9.590479 -1.119599 -0.596976
v -9.554892 -1.043313 -0.596976
v -9.525778 -0.963424 -0.596976
v -9.503132 -0.879934 -0.596976
v -9.486958 -0.792842 -0.596976
v -9.477251 -0.702147 -0.596976
v -9.474012 -0.607852 -0.596976
v -9.476574 -0.503047 -0.596976
v -9.484257 -0.400970 -0.596976
v -9.497063 -0.301621 -0.596976
v -9.514990 -0.204999 -0.596976
v -9.538038 -0.111105 -0.596976
v -9.566210 -0.019939 -0.596976
v -9.599504 0.068500 -0.596976
v -9.637920 0.154211 -0.596976
v -9.681459 0.237194 -0.596976
v -9.730122 0.317450 -0.596976
v -9.783905 0.394978 -0.596976
v -9.842810 0.469778 -0.596976
v -9.913191 0.547795 -0.596976
v -9.987539 0.619029 -0.596976
v -10.065857 0.683478 -0.596976
v -10.148138 0.741143 -0.596976
v -10.234386 0.792024 -0.596976
v -10.324602 0.836121 -0.596976
v -10.418783 0.873434 -0.596976
v -10.516933 0.903963 -0.596976
v -10.619049 0.927707 -0.596976
v -10.725132 0.944667 -0.596976
v -10.835180 0.954844 -0.596976
v -10.949196 0.958236 -0.596976
v -11.028473 0.957257 -0.596976
v -11.105478 0.954319 -0.596976
v -11.180212 0.949424 -0.596976
v -11.252674 0.942569 -0.596976
v -11.322863 0.933757 -0.596976
v -11.390779 0.922987 -0.596976
v -11.456423 0.910258 -0.596976
v -11.519796 0.895571 -0.596976
v -11.580896 0.878925 -0.596976
v -11.639725 0.860321 -0.596976
v -11.696280 0.839759 -0.596976
v -11.750565 0.817238 -0.596976
v -11.817442 0.784751 -0.596976
v -11.878504 0.749396 -0.596976
v -11.933750 0.711174 -0.596976
v -11.983181 0.670085 -0.596976
v -12.026796 0.626128 -0.596976
v -12.064598 0.579303 -0.596976
v -12.096581 0.529611 -0.596976
v -12.122751 0.477051 -0.596976
v -12.143105 0.421624 -0.596976
v -12.157642 0.363330 -0.596976
v -12.166367 0.302168 -0.596976
v -12.169273 0.238138 -0.596976
v -12.166904 0.192415 -0.596976
v -12.159798 0.147566 -0.596976
v -12.147955 0.103592 -0.596976
v -12.131376 0.060491 -0.596976
v -12.110058 0.018265 -0.596976
v -12.084005 -0.023087 -0.596976
v -12.053213 -0.063564 -0.596976
v -12.017685 -0.103167 -0.596976
v -11.977421 -0.141896 -0.596976
v -11.932419 -0.179751 -0.596976
v -11.882681 -0.216732 -0.596976
v -11.828207 -0.252838 -0.596976
v -11.800150 -0.269833 -0.596976
v -11.767742 -0.288088 -0.596976
v -11.730982 -0.307601 -0.596976
v -11.689869 -0.328373 -0.596976
v -11.644405 -0.350404 -0.596976
v -11.594589 -0.373694 -0.596976
v -11.540421 -0.398243 -0.596976
v -11.481901 -0.424050 -0.596976
v -11.419029 -0.451117 -0.596976
v -11.351805 -0.479442 -0.596976
v -11.280230 -0.509027 -0.596976
v -11.204304 -0.539870 -0.596976
v -10.269836 -0.915026 -0.596976
v -10.292404 -0.936393 -0.596976
v -10.315742 -0.956850 -0.596976
v -10.339851 -0.976398 -0.596976
v -10.364731 -0.995037 -0.596976
v -10.390381 -1.012767 -0.596976
v -10.416800 -1.029587 -0.596976
v -10.443989 -1.045498 -0.596976
v -10.471949 -1.060500 -0.596976
v -10.500679 -1.074593 -0.596976
v -10.530180 -1.087777 -0.596976
v -10.560452 -1.100051 -0.596976
v -10.591492 -1.111417 -0.596976
v -10.623302 -1.121872 -0.596976
v -10.655884 -1.131419 -0.596976
v -10.689236 -1.140057 -0.596976
v -10.723358 -1.147785 -0.596976
v -10.758251 -1.154604 -0.596976
v -10.793913 -1.160514 -0.596976
v -10.830345 -1.165515 -0.596976
v -10.867550 -1.169606 -0.596976
v -10.905523 -1.172789 -0.596976
v -10.944267 -1.175062 -0.596976
v -10.983782 -1.176425 -0.596976
v -11.024065 -1.176880 -0.596976
v -11.085203 -1.175918 -0.596976
v -11.144764 -1.173033 -0.596976
v -11.202744 -1.168225 -0.596976
v -11.259144 -1.161493 -0.596976
v -11.313967 -1.152838 -0.596976
v -11.367208 -1.142260 -0.596976
v -11.418875 -1.129758 -0.596976
v -11.468960 -1.115333 -0.596976
v -11.517467 -1.098985 -0.596976
v -11.564396 -1.080713 -0.596976
v -11.609743 -1.060518 -0.596976
v -11.653513 -1.038400 -0.596976
v -11.691235 -1.018694 -0.596976
v -11.727686 -1.000702 -0.596976
v -11.762867 -0.984424 -0.596976
v -11.796776 -0.969859 -0.596976
v -11.829414 -0.957007 -0.596976
v -11.860783 -0.945870 -0.596976
v -11.890881 -0.936445 -0.596976
v -11.919708 -0.928734 -0.596976
v -11.947266 -0.922737 -0.596976
v -11.973551 -0.918453 -0.596976
v -11.998566 -0.915883 -0.596976
v -12.022308 -0.915026 -0.596976
v -12.068369 -0.916792 -0.596976
v -12.110424 -0.922090 -0.596976
v -12.148474 -0.930920 -0.596976
v -12.182518 -0.943282 -0.596976
v -12.212557 -0.959176 -0.596976
v -12.238592 -0.978601 -0.596976
v -12.260620 -1.001559 -0.596976
v -12.278645 -1.028049 -0.596976
v -12.292664 -1.058070 -0.596976
v -12.302677 -1.091624 -0.596976
v -12.308685 -1.128709 -0.596976
v -12.310690 -1.169327 -0.596976
v -12.307474 -1.216431 -0.596976
v -12.297827 -1.262066 -0.596976
v -12.281748 -1.306233 -0.596976
v -12.259237 -1.348932 -0.596976
v -12.230295 -1.390161 -0.596976
v -12.194923 -1.429922 -0.596976
v -12.153118 -1.468213 -0.596976
v -12.104881 -1.505037 -0.596976
v -12.050213 -1.540391 -0.596976
v -11.989113 -1.574277 -0.596976
v -11.921581 -1.606694 -0.596976
v -11.434454 0.253245 -0.596976
v -11.402700 0.268527 -0.596976
v -11.369368 0.282479 -0.596976
v -11.334455 0.295104 -0.596976
v -11.297962 0.306399 -0.596976
v -11.259893 0.316365 -0.596976
v -11.220247 0.325003 -0.596976
v -11.179020 0.332311 -0.596976
v -11.136213 0.338291 -0.596976
v -11.091827 0.342942 -0.596976
v -11.045862 0.346264 -0.596976
v -10.998318 0.348258 -0.596976
v -10.949196 0.348922 -0.596976
v -10.906736 0.347838 -0.596976
v -10.865316 0.344586 -0.596976
v -10.824936 0.339166 -0.596976
v -10.785597 0.331577 -0.596976
v -10.747295 0.321821 -0.596976
v -10.710035 0.309896 -0.596976
v -10.673815 0.295803 -0.596976
v -10.638634 0.279542 -0.596976
v -10.604492 0.261113 -0.596976
v -10.571392 0.240516 -0.596976
v -10.539330 0.217751 -0.596976
v -10.508305 0.192817 -0.596976
v -10.478304 0.165715 -0.596976
v -10.449303 0.136446 -0.596976
v -10.421305 0.105008 -0.596976
v -10.394308 0.071402 -0.596976
v -10.368311 0.035628 -0.596976
v -10.343315 -0.002315 -0.596976
v -10.319323 -0.042425 -0.596976
v -10.296331 -0.084703 -0.596976
v -10.274340 -0.129150 -0.596976
v -10.253349 -0.175765 -0.596976
v -10.233362 -0.224548 -0.596976
v -10.214376 -0.275499 -0.596976
v -10.266581 -0.254954 -0.596976
v -10.318747 -0.234444 -0.596976
v -10.370874 -0.213969 -0.596976
v -10.422962 -0.193529 -0.596976
v -10.475012 -0.173124 -0.596976
v -10.527023 -0.152754 -0.596976
v -10.578997 -0.132419 -0.596976
v -10.630930 -0.112120 -0.596976
v -10.682825 -0.091855 -0.596976
v -10.734684 -0.071625 -0.596976
v -10.786503 -0.051429 -0.596976
v -10.838280 -0.031269 -0.596976
v -10.899611 -0.005829 -0.596976
v -10.958824 0.019297 -0.596976
v -11.015921 0.044108 -0.596976
v -11.070896 0.068604 -0.596976
v -11.123755 0.092786 -0.596976
v -11.174494 0.116653 -0.596976
v -11.223118 0.140205 -0.596976
v -11.269621 0.163442 -0.596976
v -11.314007 0.186365 -0.596976
v -11.356274 0.208973 -0.596976
v -11.396423 0.231266 -0.596976
v -8.933300 -0.351033 -0.596976
v -8.873354 -0.472011 -0.596976
v -8.815527 -0.588199 -0.596976
v -8.759819 -0.699595 -0.596976
v -8.706228 -0.806200 -0.596976
v -8.654757 -0.908015 -0.596976
v -8.605404 -1.005038 -0.596976
v -8.558167 -1.097271 -0.596976
v -8.513050 -1.184713 -0.596976
v -8.470051 -1.267364 -0.596976
v -8.429171 -1.345224 -0.596976
v -8.390406 -1.418294 -0.596976
v -8.353764 -1.486573 -0.596976
v -8.350855 -1.507240 -0.596976
v -8.346754 -1.527277 -0.596976
v -8.341457 -1.546686 -0.596976
v -8.334969 -1.565464 -0.596976
v -8.327286 -1.583614 -0.596976
v -8.318407 -1.601134 -0.596976
v -8.308336 -1.618024 -0.596976
v -8.297071 -1.634285 -0.596976
v -8.284613 -1.649917 -0.596976
v -8.270958 -1.664919 -0.596976
v -8.256111 -1.679291 -0.596976
v -8.240074 -1.693034 -0.596976
v -8.223110 -1.705903 -0.596976
v -8.205490 -1.717653 -0.596976
v -8.187218 -1.728284 -0.596976
v -8.168287 -1.737796 -0.596976
v -8.148705 -1.746188 -0.596976
v -8.128466 -1.753462 -0.596976
v -8.107573 -1.759617 -0.596976
v -8.086023 -1.764652 -0.596976
v -8.063822 -1.768569 -0.596976
v -8.040964 -1.771367 -0.596976
v -8.017454 -1.773045 -0.596976
v -7.993286 -1.773605 -0.596976
v -7.947744 -1.771786 -0.596976
v -7.904476 -1.766331 -0.596976
v -7.863480 -1.757239 -0.596976
v -7.824755 -1.744510 -0.596976
v -7.788303 -1.728144 -0.596976
v -7.754124 -1.708141 -0.596976
v -7.722216 -1.684502 -0.596976
v -7.692579 -1.657225 -0.596976
v -7.665216 -1.626312 -0.596976
v -7.640125 -1.591762 -0.596976
v -7.617308 -1.553575 -0.596976
v -7.596762 -1.511751 -0.596976
v -7.544634 -1.393798 -0.596976
v -7.488079 -1.266543 -0.596976
v -7.427094 -1.129986 -0.596976
v -7.361681 -0.984127 -0.596976
v -7.291840 -0.828966 -0.596976
v -7.217567 -0.664503 -0.596976
v -7.138868 -0.490738 -0.596976
v -7.055738 -0.307671 -0.596976
v -6.968180 -0.115302 -0.596976
v -6.876194 0.086369 -0.596976
v -6.779778 0.297342 -0.596976
v -6.678932 0.517617 -0.596976
v -6.673174 0.530153 -0.596976
v -6.667917 0.542585 -0.596976
v -6.663160 0.554912 -0.596976
v -6.658903 0.567134 -0.596976
v -6.655148 0.579251 -0.596976
v -6.651894 0.591263 -0.596976
v -6.649141 0.603170 -0.596976
v -6.646889 0.614972 -0.596976
v -6.645136 0.626670 -0.596976
v -6.643885 0.638262 -0.596976
v -6.643133 0.649750 -0.596976
v -6.642883 0.661133 -0.596976
v -6.643721 0.683504 -0.596976
v -6.646235 0.705299 -0.596976
v -6.650421 0.726517 -0.596976
v -6.656286 0.747158 -0.596976
v -6.663824 0.767222 -0.596976
v -6.673038 0.786709 -0.596976
v -6.683928 0.805619 -0.596976
v -6.696493 0.823952 -0.596976
v -6.710733 0.841708 -0.596976
v -6.726648 0.858887 -0.596976
v -6.744240 0.875489 -0.596976
v -6.763506 0.891514 -0.596976
v -6.783850 0.906594 -0.596976
v -6.804674 0.920364 -0.596976
v -6.825979 0.932822 -0.596976
v -6.847767 0.943968 -0.596976
v -6.870037 0.953804 -0.596976
v -6.892786 0.962327 -0.596976
v -6.916019 0.969540 -0.596976
v -6.939735 0.975441 -0.596976
v -6.963932 0.980031 -0.596976
v -6.988609 0.983309 -0.596976
v -7.013769 0.985276 -0.596976
v -7.039410 0.985932 -0.596976
v -7.078211 0.984551 -0.596976
v -7.115124 0.980407 -0.596976
v -7.150150 0.973500 -0.596976
v -7.183290 0.963831 -0.596976
v -7.214544 0.951400 -0.596976
v -7.243910 0.936205 -0.596976
v -7.271389 0.918248 -0.596976
v -7.296980 0.897529 -0.596976
v -7.320683 0.874047 -0.596976
v -7.342501 0.847802 -0.596976
v -7.362432 0.818794 -0.596976
v -7.380476 0.787024 -0.596976
v -7.408897 0.730582 -0.596976
v -7.441479 0.662811 -0.596976
v -7.478220 0.583709 -0.596976
v -7.519119 0.493278 -0.596976
v -7.564178 0.391515 -0.596976
v -7.613398 0.278423 -0.596976
v -7.666775 0.154000 -0.596976
v -7.724312 0.018248 -0.596976
v -7.786007 -0.128835 -0.596976
v -7.851866 -0.287248 -0.596976
v -7.921883 -0.456992 -0.596976
v -7.996059 -0.638065 -0.596976
v -8.021324 -0.588583 -0.596976
v -8.048128 -0.534974 -0.596976
v -8.076473 -0.477239 -0.596976
v -8.106358 -0.415378 -0.596976
v -8.137785 -0.349390 -0.596976
v -8.170750 -0.279275 -0.596976
v -8.205257 -0.205034 -0.596976
v -8.241304 -0.126667 -0.596976
v -8.278893 -0.044173 -0.596976
v -8.318022 0.042447 -0.596976
v -8.358690 0.133194 -0.596976
v -8.400902 0.228067 -0.596976
v -8.414438 0.261445 -0.596976
v -8.429171 0.296957 -0.596976
v -8.445095 0.334602 -0.596976
v -8.462214 0.374380 -0.596976
v -8.480526 0.416291 -0.596976
v -8.500032 0.460336 -0.596976
v -8.520735 0.506514 -0.596976
v -8.542627 0.554825 -0.596976
v -8.565718 0.605268 -0.596976
v -8.589998 0.657845 -0.596976
v -8.615477 0.712556 -0.596976
v -8.642143 0.769399 -0.596976
v -8.661901 0.801571 -0.596976
v -8.683275 0.830946 -0.596976
v -8.706268 0.857523 -0.596976
v -8.730877 0.881303 -0.596976
v -8.757103 0.902284 -0.596976
v -8.784948 0.920469 -0.596976
v -8.814411 0.935855 -0.596976
v -8.845491 0.948445 -0.596976
v -8.878187 0.958236 -0.596976
v -8.912502 0.965230 -0.596976
v -8.948435 0.969426 -0.596976
v -8.985985 0.970825 -0.596976
v -9.011625 0.970178 -0.596976
v -9.036781 0.968237 -0.596976
v -9.061460 0.965003 -0.596976
v -9.085653 0.960474 -0.596976
v -9.109369 0.954652 -0.596976
v -9.132601 0.947535 -0.596976
v -9.155354 0.939125 -0.596976
v -9.177622 0.929421 -0.596976
v -9.199411 0.918423 -0.596976
v -9.220718 0.906131 -0.596976
v -9.241545 0.892545 -0.596976
v -9.261889 0.877666 -0.596976
v -9.281155 0.861824 -0.596976
v -9.298744 0.845354 -0.596976
v -9.314661 0.828253 -0.596976
v -9.328899 0.810524 -0.596976
v -9.341465 0.792165 -0.596976
v -9.352354 0.773176 -0.596976
v -9.361568 0.753558 -0.596976
v -9.369108 0.733310 -0.596976
v -9.374971 0.712433 -0.596976
v -9.379160 0.690927 -0.596976
v -9.381672 0.668791 -0.596976
v -9.382507 0.646026 -0.596976
v -9.379387 0.625253 -0.596976
v -9.370028 0.593151 -0.596976
v -9.354429 0.549719 -0.596976
v -9.332594 0.494956 -0.596976
v -9.304518 0.428863 -0.596976
v -9.270203 0.351440 -0.596976
v -9.229649 0.262687 -0.596976
v -9.182856 0.162603 -0.596976
v -9.129826 0.051190 -0.596976
v -9.070555 -0.071555 -0.596976
v -9.005045 -0.205629 -0.596976
v -5.863699 -1.023293 -0.596976
v -5.756596 -1.151579 -0.596976
v -5.644178 -1.268711 -0.596976
v -5.526445 -1.374687 -0.596976
v -5.403399 -1.469507 -0.596976
v -5.275036 -1.553172 -0.596976
v -5.141359 -1.625682 -0.596976
v -5.002367 -1.687037 -0.596976
v -4.858061 -1.737236 -0.596976
v -4.708439 -1.776280 -0.596976
v -4.553505 -1.804168 -0.596976
v -4.393253 -1.820901 -0.596976
v -4.227688 -1.826479 -0.596976
v -4.092587 -1.823507 -0.596976
v -3.960875 -1.814589 -0.596976
v -3.832550 -1.799727 -0.596976
v -3.707617 -1.778920 -0.596976
v -3.586071 -1.752168 -0.596976
v -3.467915 -1.719471 -0.596976
v -3.353148 -1.680830 -0.596976
v -3.241768 -1.636243 -0.596976
v -3.133780 -1.585712 -0.596976
v -3.029181 -1.529236 -0.596976
v -2.927969 -1.466815 -0.596976
v -2.830147 -1.398449 -0.596976
v -2.731825 -1.320204 -0.596976
v -2.642052 -1.238217 -0.596976
v -2.560829 -1.152489 -0.596977
v -2.488155 -1.063018 -0.596977
v -2.424032 -0.969806 -0.596977
v -2.368460 -0.872853 -0.596977
v -2.321434 -0.772157 -0.596977
v -2.282961 -0.667720 -0.596977
v -2.253036 -0.559541 -0.596977
v -2.231663 -0.447620 -0.596977
v -2.218838 -0.331957 -0.596977
v -2.214563 -0.212553 -0.596977
v -2.218664 -0.070925 -0.596977
v -2.230970 0.068604 -0.596977
v -2.251476 0.206036 -0.596977
v -2.280188 0.341369 -0.596977
v -2.317102 0.474603 -0.596977
v -2.362221 0.605740 -0.596977
v -2.415541 0.734779 -0.596977
v -2.477064 0.861719 -0.596977
v -2.546791 0.986562 -0.596977
v -2.624722 1.109306 -0.596977
v -2.710854 1.229951 -0.596977
v -2.805189 1.348499 -0.596977
v -2.918032 1.475177 -0.596977
v -3.035650 1.590840 -0.596977
v -3.158043 1.695487 -0.596977
v -3.285212 1.789119 -0.596977
v -3.417156 1.871735 -0.596977
v -3.553875 1.943335 -0.596977
v -3.695368 2.003921 -0.596977
v -3.841639 2.053491 -0.596977
v -3.992685 2.092045 -0.596977
v -4.148506 2.119584 -0.596977
v -4.309103 2.136107 -0.596976
v -4.474476 2.141614 -0.596976
v -4.632397 2.138816 -0.596976
v -4.783579 2.130423 -0.596976
v -4.928020 2.116436 -0.596976
v -5.065720 2.096853 -0.596976
v -5.196682 2.071674 -0.596976
v -5.320904 2.040901 -0.596976
v -5.438387 2.004532 -0.596976
v -5.549129 1.962569 -0.596976
v -5.653131 1.915010 -0.596976
v -5.750395 1.861856 -0.596976
v -5.840918 1.803106 -0.596976
v -5.924704 1.738762 -0.596976
v -6.001766 1.668805 -0.596976
v -6.072130 1.593217 -0.596976
v -6.135792 1.512000 -0.596976
v -6.192751 1.425153 -0.596976
v -6.243011 1.332675 -0.596976
v -6.286570 1.234567 -0.596976
v -6.323425 1.130829 -0.596976
v -6.353580 1.021461 -0.596976
v -6.377035 0.906463 -0.596976
v -6.393789 0.785835 -0.596976
v -6.403841 0.659576 -0.596976
v -6.407187 0.527688 -0.596976
v -6.403412 0.386130 -0.596976
v -6.392090 0.246810 -0.596976
v -6.373219 0.109729 -0.596976
v -6.346800 -0.025115 -0.596976
v -6.312832 -0.157720 -0.596976
v -6.271315 -0.288088 -0.596976
v -6.222250 -0.416217 -0.596976
v -6.165636 -0.542108 -0.596976
v -6.101475 -0.665761 -0.596976
v -6.029764 -0.787176 -0.596976
v -5.950506 -0.906354 -0.596976
v -5.359032 1.262893 -0.596976
v -5.314762 1.294261 -0.596976
v -5.265139 1.322901 -0.596976
v -5.210161 1.348814 -0.596976
v -5.149832 1.371999 -0.596976
v -5.084150 1.392456 -0.596976
v -5.013113 1.410185 -0.596976
v -4.936724 1.425188 -0.596976
v -4.854982 1.437462 -0.596976
v -4.767887 1.447009 -0.596976
v -4.675438 1.453828 -0.596976
v -4.577635 1.457919 -0.596976
v -4.474476 1.459283 -0.596976
v -4.372650 1.455507 -0.596976
v -4.273287 1.444176 -0.596976
v -4.176390 1.425293 -0.596976
v -4.081957 1.398855 -0.596976
v -3.989988 1.364865 -0.596976
v -3.900484 1.323321 -0.596976
v -3.813446 1.274223 -0.596977
v -3.728872 1.217572 -0.596977
v -3.646765 1.153368 -0.596977
v -3.567120 1.081609 -0.596977
v -3.489943 1.002298 -0.596977
v -3.415228 0.915433 -0.596977
v -3.349237 0.829897 -0.596977
v -3.288986 0.742822 -0.596977
v -3.234472 0.654209 -0.596977
v -3.185694 0.564056 -0.596977
v -3.142656 0.472366 -0.596977
v -3.105356 0.379136 -0.596977
v -3.073795 0.284368 -0.596977
v -3.047972 0.188061 -0.596977
v -3.027887 0.090215 -0.596977
v -3.013540 -0.009169 -0.596977
v -3.004932 -0.110092 -0.596977
v -3.002066 -0.212553 -0.596977
v -3.004551 -0.281129 -0.596977
v -3.012003 -0.347536 -0.596977
v -3.024424 -0.411776 -0.596976
v -3.041813 -0.473847 -0.596976
v -3.064169 -0.533750 -0.596976
v -3.091494 -0.591486 -0.596976
v -3.123785 -0.647053 -0.596976
v -3.161045 -0.700452 -0.596976
v -3.203276 -0.751682 -0.596976
v -3.250473 -0.800745 -0.596976
v -3.302639 -0.847639 -0.596976
v -3.359770 -0.892366 -0.596976
v -3.418329 -0.932581 -0.596976
v -3.479389 -0.969299 -0.596976
v -3.542955 -1.002521 -0.596976
v -3.609024 -1.032245 -0.596976
v -3.677595 -1.058472 -0.596976
v -3.748671 -1.081203 -0.596976
v -3.822248 -1.100436 -0.596976
v -3.898331 -1.116172 -0.596976
v -3.976915 -1.128412 -0.596976
v -4.058004 -1.137154 -0.596976
v -4.141596 -1.142400 -0.596976
v -4.227688 -1.144148 -0.596976
v -4.327955 -1.140372 -0.596976
v -4.425411 -1.129041 -0.596976
v -4.520056 -1.110158 -0.596976
v -4.611889 -1.083720 -0.596976
v -4.700911 -1.049730 -0.596976
v -4.787121 -1.008186 -0.596976
v -4.870520 -0.959088 -0.596976
v -4.951107 -0.902437 -0.596976
v -5.028883 -0.838232 -0.596976
v -5.103848 -0.766474 -0.596976
v -5.176001 -0.687163 -0.596976
v -5.245342 -0.600298 -0.596976
v -5.305132 -0.516685 -0.596976
v -5.359724 -0.431184 -0.596976
v -5.409115 -0.343795 -0.596976
v -5.453308 -0.254517 -0.596976
v -5.492302 -0.163350 -0.596976
v -5.526098 -0.070296 -0.596976
v -5.554693 0.024647 -0.596976
v -5.578091 0.121479 -0.596976
v -5.596287 0.220198 -0.596976
v -5.609285 0.320807 -0.596976
v -5.617085 0.423303 -0.596976
v -5.619684 0.527688 -0.596976
v -5.617876 0.613574 -0.596976
v -5.612446 0.694983 -0.596976
v -5.603394 0.771917 -0.596976
v -5.590723 0.844374 -0.596976
v -5.574432 0.912356 -0.596976
v -5.554522 0.975861 -0.596976
v -5.530991 1.034889 -0.596976
v -5.503839 1.089442 -0.596976
v -5.473068 1.139519 -0.596976
v -5.438677 1.185120 -0.596976
v -5.400665 1.226244 -0.596976
v 1.085187 -1.637642 -0.596977
v 1.150216 -1.661771 -0.596977
v 1.215899 -1.683802 -0.596977
v 1.282237 -1.703735 -0.596977
v 1.349229 -1.721570 -0.596977
v 1.416876 -1.737306 -0.596977
v 1.485178 -1.750944 -0.596977
v 1.554135 -1.762484 -0.596977
v 1.623747 -1.771926 -0.596977
v 1.694013 -1.779270 -0.596977
v 1.764933 -1.784515 -0.596977
v 1.836508 -1.787663 -0.596977
v 1.908738 -1.788712 -0.596977
v 2.017517 -1.786718 -0.596977
v 2.122945 -1.780738 -0.596977
v 2.225022 -1.770772 -0.596977
v 2.323750 -1.756819 -0.596977
v 2.419127 -1.738880 -0.596977
v 2.511152 -1.716954 -0.596977
v 2.599828 -1.691041 -0.596977
v 2.685152 -1.661142 -0.596977
v 2.767126 -1.627256 -0.596977
v 2.845749 -1.589384 -0.596977
v 2.921022 -1.547525 -0.596977
v 2.992942 -1.501680 -0.596977
v 3.067348 -1.447004 -0.596977
v 3.135284 -1.388727 -0.596977
v 3.196751 -1.326848 -0.596977
v 3.251746 -1.261367 -0.596977
v 3.300272 -1.192284 -0.596977
v 3.342328 -1.119599 -0.596977
v 3.377913 -1.043313 -0.596977
v 3.407029 -0.963424 -0.596977
v 3.429675 -0.879934 -0.596977
v 3.445850 -0.792842 -0.596977
v 3.455556 -0.702147 -0.596977
v 3.458789 -0.607852 -0.596977
v 3.456228 -0.503047 -0.596977
v 3.448545 -0.400970 -0.596977
v 3.435740 -0.301621 -0.596977
v 3.417813 -0.204999 -0.596977
v 3.394763 -0.111105 -0.596977
v 3.366590 -0.019939 -0.596977
v 3.333297 0.068500 -0.596977
v 3.294881 0.154211 -0.596977
v 3.251343 0.237194 -0.596977
v 3.202682 0.317450 -0.596977
v 3.148899 0.394978 -0.596977
v 3.089994 0.469778 -0.596977
v 3.019612 0.547795 -0.596977
v 2.945264 0.619029 -0.596977
v 2.866949 0.683478 -0.596977
v 2.784667 0.741143 -0.596977
v 2.698419 0.792024 -0.596977
v 2.608203 0.836121 -0.596977
v 2.514020 0.873434 -0.596977
v 2.415872 0.903963 -0.596977
v 2.313756 0.927707 -0.596977
v 2.207673 0.944667 -0.596977
v 2.097623 0.954844 -0.596977
v 1.983606 0.958236 -0.596977
v 1.904328 0.957257 -0.596977
v 1.827322 0.954319 -0.596977
v 1.752589 0.949424 -0.596977
v 1.680127 0.942569 -0.596977
v 1.609939 0.933757 -0.596977
v 1.542022 0.922987 -0.596977
v 1.476377 0.910258 -0.596977
v 1.413005 0.895571 -0.596977
v 1.351905 0.878925 -0.596977
v 1.293077 0.860321 -0.596977
v 1.236523 0.839759 -0.596977
v 1.182239 0.817238 -0.596977
v 1.115361 0.784751 -0.596977
v 1.054300 0.749396 -0.596977
v 0.999054 0.711174 -0.596977
v 0.949623 0.670085 -0.596977
v 0.906008 0.626128 -0.596977
v 0.868209 0.579303 -0.596977
v 0.836224 0.529611 -0.596977
v 0.810054 0.477051 -0.596977
v 0.789701 0.421624 -0.596977
v 0.775162 0.363330 -0.596977
v 0.766439 0.302168 -0.596977
v 0.763531 0.238138 -0.596977
v 0.765900 0.192415 -0.596977
v 0.773005 0.147566 -0.596977
v 0.784847 0.103592 -0.596977
v 0.801428 0.060491 -0.596977
v 0.822744 0.018265 -0.596977
v 0.848798 -0.023087 -0.596977
v 0.879588 -0.063564 -0.596977
v 0.915116 -0.103167 -0.596977
v 0.955380 -0.141896 -0.596977
v 1.000382 -0.179751 -0.596977
v 1.050121 -0.216732 -0.596977
v 1.104597 -0.252838 -0.596977
v 1.132653 -0.269833 -0.596977
v 1.165061 -0.288088 -0.596977
v 1.201822 -0.307601 -0.596977
v 1.242934 -0.328373 -0.596977
v 1.288399 -0.350404 -0.596977
v 1.338215 -0.373694 -0.596977
v 1.392383 -0.398243 -0.596977
v 1.450903 -0.424050 -0.596977
v 1.513775 -0.451117 -0.596977
v 1.580998 -0.479442 -0.596977
v 1.652574 -0.509027 -0.596977
v 1.728500 -0.539870 -0.596977
v 2.662967 -0.915026 -0.596977
v 2.640398 -0.936393 -0.596977
v 2.617060 -0.956850 -0.596977
v 2.592951 -0.976398 -0.596977
v 2.568071 -0.995037 -0.596977
v 2.542422 -1.012767 -0.596977
v 2.516003 -1.029587 -0.596977
v 2.488812 -1.045498 -0.596977
v 2.460853 -1.060500 -0.596977
v 2.432122 -1.074593 -0.596977
v 2.402621 -1.087777 -0.596977
v 2.372351 -1.100051 -0.596977
v 2.341311 -1.111417 -0.596977
v 2.309499 -1.121872 -0.596977
v 2.276917 -1.131419 -0.596977
v 2.243566 -1.140057 -0.596977
v 2.209444 -1.147785 -0.596977
v 2.174551 -1.154604 -0.596977
v 2.138888 -1.160514 -0.596977
v 2.102456 -1.165515 -0.596977
v 2.065253 -1.169606 -0.596977
v 2.027280 -1.172789 -0.596977
v 1.988536 -1.175062 -0.596977
v 1.949022 -1.176425 -0.596977
v 1.908738 -1.176880 -0.596977
v 1.847599 -1.175918 -0.596977
v 1.788040 -1.173033 -0.596977
v 1.730060 -1.168225 -0.596977
v 1.673658 -1.161493 -0.596977
v 1.618835 -1.152838 -0.596977
v 1.565592 -1.142260 -0.596977
v 1.513927 -1.129758 -0.596977
v 1.463842 -1.115333 -0.596977
v 1.415336 -1.098985 -0.596977
v 1.368408 -1.080713 -0.596977
v 1.323060 -1.060518 -0.596977
v 1.279290 -1.038400 -0.596977
v 1.241568 -1.018694 -0.596977
v 1.205114 -1.000702 -0.596977
v 1.169933 -0.984424 -0.596977
v 1.136023 -0.969859 -0.596977
v 1.103383 -0.957007 -0.596977
v 1.072015 -0.945870 -0.596977
v 1.041918 -0.936445 -0.596977
v 1.013091 -0.928734 -0.596977
v 0.985536 -0.922737 -0.596977
v 0.959250 -0.918453 -0.596977
v 0.934237 -0.915883 -0.596977
v 0.910495 -0.915026 -0.596977
v 0.864433 -0.916792 -0.596977
v 0.822378 -0.922090 -0.596977
v 0.784328 -0.930920 -0.596977
v 0.750281 -0.943282 -0.596977
v 0.720243 -0.959176 -0.596977
v 0.694208 -0.978601 -0.596977
v 0.672178 -1.001559 -0.596977
v 0.654155 -1.028049 -0.596977
v 0.640136 -1.058070 -0.596977
v 0.630123 -1.091624 -0.596977
v 0.624115 -1.128709 -0.596977
v 0.622112 -1.169327 -0.596977
v 0.625328 -1.216431 -0.596977
v 0.634975 -1.262066 -0.596977
v 0.651054 -1.306233 -0.596977
v 0.673565 -1.348932 -0.596977
v 0.702507 -1.390161 -0.596977
v 0.737881 -1.429922 -0.596977
v 0.779687 -1.468213 -0.596977
v 0.827923 -1.505037 -0.596977
v 0.882592 -1.540391 -0.596977
v 0.943691 -1.574277 -0.596977
v 1.011224 -1.606694 -0.596977
v 1.498349 0.253245 -0.596977
v 1.530104 0.268527 -0.596977
v 1.563436 0.282479 -0.596977
v 1.598347 0.295104 -0.596977
v 1.634837 0.306399 -0.596977
v 1.672907 0.316365 -0.596977
v 1.712556 0.325003 -0.596977
v 1.753783 0.332311 -0.596977
v 1.796590 0.338291 -0.596977
v 1.840975 0.342942 -0.596977
v 1.886940 0.346264 -0.596977
v 1.934484 0.348258 -0.596977
v 1.983606 0.348922 -0.596977
v 2.026067 0.347838 -0.596977
v 2.067487 0.344586 -0.596977
v 2.107867 0.339166 -0.596977
v 2.147208 0.331577 -0.596977
v 2.185509 0.321821 -0.596977
v 2.222770 0.309896 -0.596977
v 2.258991 0.295803 -0.596977
v 2.294172 0.279542 -0.596977
v 2.328315 0.261113 -0.596977
v 2.361416 0.240516 -0.596977
v 2.393478 0.217751 -0.596977
v 2.424498 0.192817 -0.596977
v 2.454499 0.165715 -0.596977
v 2.483499 0.136446 -0.596977
v 2.511497 0.105008 -0.596977
v 2.538494 0.071402 -0.596977
v 2.564490 0.035628 -0.596977
v 2.589485 -0.002315 -0.596977
v 2.613479 -0.042425 -0.596977
v 2.636471 -0.084703 -0.596977
v 2.658462 -0.129150 -0.596977
v 2.679451 -0.175765 -0.596977
v 2.699438 -0.224548 -0.596977
v 2.718425 -0.275499 -0.596977
v 2.666222 -0.254954 -0.596977
v 2.614057 -0.234444 -0.596977
v 2.561930 -0.213969 -0.596977
v 2.509841 -0.193529 -0.596977
v 2.457791 -0.173124 -0.596977
v 2.405780 -0.152754 -0.596977
v 2.353807 -0.132419 -0.596977
v 2.301873 -0.112120 -0.596977
v 2.249977 -0.091855 -0.596977
v 2.198120 -0.071625 -0.596977
v 2.146301 -0.051429 -0.596977
v 2.094522 -0.031269 -0.596977
v 2.033192 -0.005829 -0.596977
v 1.973979 0.019297 -0.596977
v 1.916884 0.044108 -0.596977
v 1.861907 0.068604 -0.596977
v 1.809049 0.092786 -0.596977
v 1.758308 0.116653 -0.596977
v 1.709686 0.140205 -0.596977
v 1.663182 0.163442 -0.596977
v 1.618796 0.186365 -0.596977
v 1.576530 0.208973 -0.596977
v 1.536380 0.231266 -0.596977
v 6.974827 0.771917 -0.596977
v 6.974999 0.778491 -0.596977
v 6.975519 0.780589 -0.596977
v 6.976386 0.778212 -0.596977
v 6.977598 0.771358 -0.596977
v 6.979158 0.760027 -0.596977
v 6.981065 0.744221 -0.596977
v 6.983318 0.723939 -0.596977
v 6.985917 0.699180 -0.596977
v 6.988863 0.669945 -0.596977
v 6.992156 0.636235 -0.596977
v 6.995795 0.598047 -0.596977
v 6.999782 0.555384 -0.596977
v 6.930305 0.625761 -0.596977
v 6.861445 0.690018 -0.596977
v 6.793201 0.748155 -0.596977
v 6.725574 0.800172 -0.596977
v 6.658563 0.846070 -0.596977
v 6.592167 0.885848 -0.596977
v 6.526387 0.919507 -0.596977
v 6.461225 0.947046 -0.596977
v 6.396677 0.968465 -0.596977
v 6.332747 0.983764 -0.596977
v 6.269432 0.992944 -0.596977
v 6.206733 0.996003 -0.596977
v 6.137140 0.993958 -0.596977
v 6.070706 0.987820 -0.596977
v 6.007430 0.977592 -0.596977
v 5.947312 0.963271 -0.596977
v 5.890352 0.944860 -0.596977
v 5.836550 0.922357 -0.596977
v 5.785907 0.895762 -0.596977
v 5.738420 0.865076 -0.596977
v 5.694093 0.830299 -0.596977
v 5.652923 0.791430 -0.596977
v 5.614911 0.748469 -0.596977
v 5.580058 0.701418 -0.596977
v 5.551617 0.723606 -0.596977
v 5.522675 0.744850 -0.596977
v 5.493232 0.765150 -0.596977
v 5.463288 0.784506 -0.596977
v 5.432845 0.802917 -0.596977
v 5.401899 0.820385 -0.596977
v 5.370454 0.836908 -0.596977
v 5.338508 0.852487 -0.596977
v 5.306062 0.867122 -0.596977
v 5.273114 0.880813 -0.596977
v 5.239666 0.893559 -0.596977
v 5.205716 0.905362 -0.596977
v 5.171287 0.916220 -0.596977
v 5.136395 0.926134 -0.596977
v 5.101040 0.935103 -0.596977
v 5.065223 0.943129 -0.596977
v 5.028944 0.950210 -0.596977
v 4.992204 0.956348 -0.596977
v 4.955001 0.961541 -0.596977
v 4.917336 0.965790 -0.596977
v 4.879208 0.969094 -0.596977
v 4.840618 0.971455 -0.596977
v 4.801567 0.972871 -0.596977
v 4.762053 0.973343 -0.596977
v 4.673898 0.969933 -0.596977
v 4.590594 0.959705 -0.596977
v 4.512144 0.942657 -0.596977
v 4.438547 0.918790 -0.596977
v 4.369802 0.888104 -0.596977
v 4.305910 0.850599 -0.596977
v 4.246870 0.806275 -0.596977
v 4.192683 0.755131 -0.596977
v 4.143349 0.697169 -0.596977
v 4.098866 0.632387 -0.596977
v 4.059237 0.560787 -0.596977
v 4.024462 0.482367 -0.596977
v 4.017702 0.462242 -0.596977
v 4.010365 0.435437 -0.596977
v 4.002451 0.401954 -0.596977
v 3.993959 0.361791 -0.596977
v 3.984890 0.314949 -0.596977
v 3.975242 0.261428 -0.596977
v 3.965017 0.201227 -0.596977
v 3.954214 0.134348 -0.596977
v 3.942834 0.060789 -0.596977
v 3.930876 -0.019450 -0.596977
v 3.918340 -0.106367 -0.596977
v 3.905227 -0.199964 -0.596977
v 3.891978 -0.271722 -0.596977
v 3.878113 -0.351033 -0.596977
v 3.863633 -0.437898 -0.596977
v 3.848536 -0.532317 -0.596977
v 3.832823 -0.634289 -0.596977
v 3.816493 -0.743814 -0.596977
v 3.799548 -0.860893 -0.596977
v 3.781986 -0.985525 -0.596977
v 3.763808 -1.117711 -0.596977
v 3.745014 -1.257450 -0.596977
v 3.725604 -1.404743 -0.596977
v 3.705578 -1.559590 -0.596977
v 3.704634 -1.583159 -0.596977
v 3.705501 -1.606029 -0.596977
v 3.708178 -1.628200 -0.596977
v 3.712664 -1.649672 -0.596977
v 3.718961 -1.670444 -0.596977
v 3.727068 -1.690516 -0.596977
v 3.736985 -1.709890 -0.596977
v 3.748713 -1.728564 -0.596977
v 3.762250 -1.746538 -0.596977
v 3.777596 -1.763813 -0.596977
v 3.794754 -1.780389 -0.596977
v 3.813721 -1.796265 -0.596977
v 3.833882 -1.811145 -0.596977
v 3.854622 -1.824731 -0.596977
v 3.875938 -1.837022 -0.596977
v 3.897833 -1.848020 -0.596977
v 3.920304 -1.857724 -0.596977
v 3.943354 -1.866135 -0.596977
v 3.966982 -1.873251 -0.596977
v 3.991186 -1.879074 -0.596977
v 4.015968 -1.883602 -0.596977
v 4.041329 -1.886837 -0.596977
v 4.067267 -1.888778 -0.596977
v 4.093783 -1.889425 -0.596977
v 4.145102 -1.887431 -0.596977
v 4.192760 -1.881451 -0.596977
v 4.236761 -1.871485 -0.596977
v 4.277102 -1.857532 -0.596977
v 4.313787 -1.839593 -0.596977
v 4.346811 -1.817667 -0.596977
v 4.376177 -1.791754 -0.596977
v 4.401884 -1.761855 -0.596977
v 4.423932 -1.727969 -0.596977
v 4.442322 -1.690097 -0.596977
v 4.457053 -1.648238 -0.596977
v 4.468124 -1.602393 -0.596977
v 4.476462 -1.557684 -0.596977
v 4.484838 -1.510002 -0.596977
v 4.493254 -1.459349 -0.596977
v 4.501707 -1.405722 -0.596977
v 4.510199 -1.349124 -0.596977
v 4.518729 -1.289553 -0.596977
v 4.527298 -1.227009 -0.596977
v 4.535906 -1.161493 -0.596977
v 4.544552 -1.093005 -0.596977
v 4.553236 -1.021544 -0.596977
v 4.561959 -0.947111 -0.596977
v 4.570722 -0.869705 -0.596977
v 4.579830 -0.785358 -0.596977
v 4.588669 -0.705207 -0.596977
v 4.597238 -0.629253 -0.596977
v 4.605537 -0.557495 -0.596977
v 4.613567 -0.489933 -0.596977
v 4.621327 -0.426568 -0.596977
v 4.628819 -0.367399 -0.596977
v 4.636039 -0.312427 -0.596977
v 4.642990 -0.261650 -0.596977
v 4.649673 -0.215071 -0.596977
v 4.656084 -0.172687 -0.596977
v 4.662229 -0.134500 -0.596977
v 4.674995 -0.062515 -0.596977
v 4.688339 0.003211 -0.596977
v 4.702262 0.062677 -0.596977
v 4.716762 0.115883 -0.596977
v 4.731839 0.162830 -0.596977
v 4.747495 0.203518 -0.596977
v 4.763727 0.237946 -0.596977
v 4.780539 0.266114 -0.596977
v 4.797927 0.288022 -0.596977
v 4.815893 0.303671 -0.596977
v 4.834436 0.313061 -0.596977
v 4.853559 0.316190 -0.596977
v 4.865324 0.315386 -0.596977
v 4.879362 0.312973 -0.596977
v 4.895672 0.308952 -0.596977
v 4.914254 0.303322 -0.596977
v 4.935108 0.296083 -0.596977
v 4.958236 0.287235 -0.596977
v 4.983634 0.276780 -0.596977
v 5.011306 0.264715 -0.596977
v 5.041249 0.251042 -0.596977
v 5.073464 0.235760 -0.596977
v 5.107952 0.218869 -0.596977
v 5.144711 0.200370 -0.596977
v 5.181761 0.181294 -0.596977
v 5.217115 0.162673 -0.596977
v 5.250775 0.144506 -0.596977
v 5.282742 0.126794 -0.596977
v 5.313012 0.109536 -0.596977
v 5.341589 0.092733 -0.596977
v 5.368470 0.076385 -0.596977
v 5.393658 0.060491 -0.596977
v 5.417150 0.045052 -0.596977
v 5.438949 0.030067 -0.596977
v 5.459052 0.015538 -0.596977
v 5.477461 0.001462 -0.596977
v 5.476940 -0.048125 -0.596977
v 5.475380 -0.101209 -0.596977
v 5.472780 -0.157790 -0.596977
v 5.469140 -0.217868 -0.596977
v 5.464460 -0.281444 -0.596977
v 5.458741 -0.348516 -0.596977
v 5.451982 -0.419085 -0.596977
v 5.444182 -0.493151 -0.596977
v 5.435344 -0.570714 -0.596977
v 5.425466 -0.651774 -0.596977
v 5.414547 -0.736331 -0.596977
v 5.402592 -0.824384 -0.596977
v 5.390191 -0.914362 -0.596977
v 5.378869 -1.000492 -0.596977
v 5.368625 -1.082776 -0.596977
v 5.359459 -1.161214 -0.596977
v 5.351371 -1.235804 -0.596977
v 5.344361 -1.306548 -0.596977
v 5.338431 -1.373445 -0.596977
v 5.333578 -1.436496 -0.596977
v 5.329804 -1.495700 -0.596977
v 5.327108 -1.551057 -0.596977
v 5.325491 -1.602567 -0.596977
v 5.324950 -1.650231 -0.596977
v 5.325701 -1.673818 -0.596977
v 5.327954 -1.696741 -0.596977
v 5.331709 -1.718999 -0.596977
v 5.336966 -1.740593 -0.596977
v 5.343725 -1.761523 -0.596977
v 5.351987 -1.781788 -0.596977
v 5.361750 -1.801388 -0.596977
v 5.373014 -1.820324 -0.596977
v 5.385781 -1.838596 -0.596977
v 5.400050 -1.856203 -0.596977
v 5.415821 -1.873146 -0.596977
v 5.433094 -1.889425 -0.596977
v 5.451522 -1.904706 -0.596977
v 5.470759 -1.918659 -0.596977
v 5.490805 -1.931283 -0.596977
v 5.511660 -1.942579 -0.596977
v 5.533322 -1.952545 -0.596977
v 5.555794 -1.961183 -0.596977
v 5.579075 -1.968491 -0.596977
v 5.603165 -1.974471 -0.596977
v 5.628063 -1.979122 -0.596977
v 5.653770 -1.982444 -0.596977
v 5.680286 -1.984438 -0.596977
v 5.707611 -1.985102 -0.596977
v 5.734936 -1.984438 -0.596977
v 5.761452 -1.982444 -0.596977
v 5.787158 -1.979122 -0.596977
v 5.812057 -1.974471 -0.596977
v 5.836146 -1.968491 -0.596977
v 5.859427 -1.961183 -0.596977
v 5.881900 -1.952545 -0.596977
v 5.903563 -1.942579 -0.596977
v 5.924417 -1.931283 -0.596977
v 5.944463 -1.918659 -0.596977
v 5.963700 -1.904706 -0.596977
v 5.982128 -1.889425 -0.596977
v 5.999401 -1.873146 -0.596977
v 6.015172 -1.856203 -0.596977
v 6.029442 -1.838596 -0.596977
v 6.042209 -1.820324 -0.596977
v 6.053473 -1.801388 -0.596977
v 6.063236 -1.781788 -0.596977
v 6.071496 -1.761523 -0.596977
v 6.078256 -1.740593 -0.596977
v 6.083512 -1.718999 -0.596977
v 6.087268 -1.696741 -0.596977
v 6.089520 -1.673818 -0.596977
v 6.090271 -1.650231 -0.596977
v 6.090743 -1.600513 -0.596977
v 6.092158 -1.547035 -0.596977
v 6.094518 -1.489799 -0.596977
v 6.097820 -1.428802 -0.596977
v 6.102066 -1.364047 -0.596977
v 6.107255 -1.295533 -0.596977
v 6.113388 -1.223259 -0.596977
v 6.120465 -1.147226 -0.596977
v 6.128486 -1.067433 -0.596977
v 6.137448 -0.983882 -0.596977
v 6.147356 -0.896571 -0.596977
v 6.158207 -0.805501 -0.596977
v 6.169058 -0.714431 -0.596977
v 6.178966 -0.627120 -0.596977
v 6.187929 -0.543568 -0.596977
v 6.195949 -0.463776 -0.596977
v 6.203026 -0.387743 -0.596977
v 6.209159 -0.315469 -0.596977
v 6.214349 -0.246955 -0.596977
v 6.218595 -0.182199 -0.596977
v 6.221896 -0.121203 -0.596977
v 6.224256 -0.063966 -0.596977
v 6.225671 -0.010489 -0.596977
v 6.226143 0.039230 -0.596977
v 6.226356 0.065632 -0.596977
v 6.226991 0.091125 -0.596977
v 6.228049 0.115709 -0.596977
v 6.229532 0.139383 -0.596977
v 6.231439 0.162148 -0.596977
v 6.233769 0.184005 -0.596977
v 6.236523 0.204952 -0.596977
v 6.239700 0.224989 -0.596977
v 6.243301 0.244118 -0.596977
v 6.247327 0.262337 -0.596977
v 6.251775 0.279647 -0.596977
v 6.256646 0.296048 -0.596977
v 6.310275 0.266376 -0.596977
v 6.363941 0.233592 -0.596977
v 6.417647 0.197695 -0.596977
v 6.471392 0.158686 -0.596977
v 6.525174 0.116565 -0.596977
v 6.578996 0.071332 -0.596977
v 6.632855 0.022986 -0.596977
v 6.686753 -0.028472 -0.596977
v 6.740690 -0.083042 -0.596977
v 6.794665 -0.140725 -0.596977
v 6.848680 -0.201520 -0.596977
v 6.902731 -0.265427 -0.596977
v 6.905177 -0.268487 -0.596977
v 6.907892 -0.271792 -0.596977
v 6.910876 -0.275341 -0.596977
v 6.914131 -0.279136 -0.596977
v 6.917655 -0.283175 -0.596977
v 6.921448 -0.287458 -0.596977
v 6.925511 -0.291987 -0.596977
v 6.929843 -0.296760 -0.596977
v 6.934446 -0.301779 -0.596977
v 6.939318 -0.307042 -0.596977
v 6.944459 -0.312549 -0.596977
v 6.949870 -0.318302 -0.596977
v 6.951641 -0.401547 -0.596977
v 6.953259 -0.481750 -0.596977
v 6.954721 -0.558911 -0.596977
v 6.956031 -0.633030 -0.596977
v 6.957186 -0.704106 -0.596977
v 6.958187 -0.772140 -0.596977
v 6.959035 -0.837131 -0.596977
v 6.959728 -0.899080 -0.596977
v 6.960268 -0.957987 -0.596977
v 6.960653 -1.013851 -0.596977
v 6.960884 -1.066673 -0.596977
v 6.960961 -1.116452 -0.596977
v 6.960999 -1.128543 -0.596977
v 6.961115 -1.141316 -0.596977
v 6.961307 -1.154770 -0.596977
v 6.961576 -1.168907 -0.596977
v 6.961923 -1.183725 -0.596977
v 6.962346 -1.199226 -0.596977
v 6.962846 -1.215408 -0.596977
v 6.963424 -1.232272 -0.596977
v 6.964078 -1.249818 -0.596977
v 6.964809 -1.268046 -0.596977
v 6.965618 -1.286956 -0.596977
v 6.966508 -1.306548 -0.596977
v 6.967394 -1.326052 -0.596977
v 6.968203 -1.344700 -0.596977
v 6.968934 -1.362491 -0.596977
v 6.969588 -1.379425 -0.596977
v 6.970166 -1.395502 -0.596977
v 6.970666 -1.410723 -0.596977
v 6.971089 -1.425087 -0.596977
v 6.971436 -1.438594 -0.596977
v 6.971705 -1.451244 -0.596977
v 6.971897 -1.463038 -0.596977
v 6.972013 -1.473975 -0.596977
v 6.972054 -1.484055 -0.596977
v 6.972901 -1.506313 -0.596977
v 6.975443 -1.527767 -0.596977
v 6.979679 -1.548417 -0.596977
v 6.985610 -1.568262 -0.596977
v 6.993236 -1.587303 -0.596977
v 7.002556 -1.605540 -0.596977
v 7.013571 -1.622972 -0.596977
v 7.026279 -1.639600 -0.596977
v 7.040683 -1.655424 -0.596977
v 7.056781 -1.670444 -0.596977
v 7.074574 -1.684659 -0.596977
v 7.094061 -1.698070 -0.596977
v 7.112913 -1.709732 -0.596977
v 7.132496 -1.720381 -0.596977
v 7.152812 -1.730015 -0.596977
v 7.173859 -1.738635 -0.596977
v 7.195638 -1.746241 -0.596977
v 7.218148 -1.752833 -0.596977
v 7.241391 -1.758410 -0.596977
v 7.265365 -1.762974 -0.596977
v 7.290071 -1.766523 -0.596977
v 7.315508 -1.769059 -0.596977
v 7.341677 -1.770580 -0.596977
v 7.368578 -1.771087 -0.596977
v 7.406802 -1.769793 -0.596977
v 7.442907 -1.765911 -0.596977
v 7.476894 -1.759442 -0.596977
v 7.508763 -1.750385 -0.596977
v 7.538514 -1.738740 -0.596977
v 7.566146 -1.724507 -0.596977
v 7.591660 -1.707687 -0.596977
v 7.615057 -1.688278 -0.596977
v 7.636335 -1.666282 -0.596977
v 7.655495 -1.641699 -0.596977
v 7.672536 -1.614527 -0.596977
v 7.687462 -1.584768 -0.596977
v 7.696763 -1.562754 -0.596977
v 7.705255 -1.538678 -0.596977
v 7.712937 -1.512538 -0.596977
v 7.719812 -1.484334 -0.596977
v 7.725878 -1.454068 -0.596977
v 7.731135 -1.421739 -0.596977
v 7.735583 -1.387346 -0.596977
v 7.739222 -1.350890 -0.596977
v 7.742053 -1.312371 -0.596977
v 7.744075 -1.271788 -0.596977
v 7.745288 -1.229142 -0.596977
v 7.745693 -1.184433 -0.596977
v 7.745693 -0.247802 -0.596977
v 7.745770 -0.226008 -0.596977
v 7.746001 -0.202587 -0.596977
v 7.746386 -0.177539 -0.596977
v 7.746925 -0.150866 -0.596977
v 7.747618 -0.122567 -0.596977
v 7.748465 -0.092641 -0.596977
v 7.749466 -0.061090 -0.596977
v 7.750622 -0.027912 -0.596977
v 7.751932 0.006891 -0.596977
v 7.753395 0.043321 -0.596977
v 7.755013 0.081377 -0.596977
v 7.756784 0.121059 -0.596977
v 7.758556 0.160741 -0.596977
v 7.760173 0.198797 -0.596977
v 7.761637 0.235227 -0.596977
v 7.762946 0.270030 -0.596977
v 7.764102 0.303208 -0.596977
v 7.765103 0.334759 -0.596977
v 7.765950 0.364685 -0.596977
v 7.766643 0.392984 -0.596977
v 7.767182 0.419657 -0.596977
v 7.767567 0.444705 -0.596977
v 7.767798 0.468126 -0.596977
v 7.767876 0.489920 -0.596977
v 7.767260 0.526971 -0.596977
v 7.765411 0.563427 -0.596977
v 7.762330 0.599289 -0.596977
v 7.758017 0.634556 -0.596977
v 7.752471 0.669228 -0.596977
v 7.745693 0.703306 -0.596977
v 7.737682 0.736790 -0.596977
v 7.728439 0.769679 -0.596977
v 7.717964 0.801973 -0.596977
v 7.706256 0.833673 -0.596977
v 7.693316 0.864779 -0.596977
v 7.679142 0.895290 -0.596977
v 7.660502 0.931484 -0.596977
v 7.640630 0.964530 -0.596977
v 7.619525 0.994430 -0.596977
v 7.597188 1.021182 -0.596977
v 7.573618 1.044786 -0.596977
v 7.548817 1.065243 -0.596977
v 7.522782 1.082554 -0.596977
v 7.495515 1.096716 -0.596977
v 7.467016 1.107732 -0.596977
v 7.437284 1.115600 -0.596977
v 7.406320 1.120321 -0.596977
v 7.374124 1.121895 -0.596977
v 7.348475 1.121134 -0.596977
v 7.323287 1.118852 -0.596977
v 7.298562 1.115049 -0.596977
v 7.274299 1.109725 -0.596977
v 7.250499 1.102880 -0.596977
v 7.227160 1.094513 -0.596977
v 7.204284 1.084625 -0.596977
v 7.181869 1.073216 -0.596977
v 7.159917 1.060286 -0.596977
v 7.138427 1.045835 -0.596977
v 7.117399 1.029862 -0.596977
v 7.096834 1.012369 -0.596977
v 7.077346 0.993966 -0.596977
v 7.059554 0.975266 -0.596977
v 7.043456 0.956269 -0.596977
v 7.029052 0.936974 -0.596977
v 7.016343 0.917382 -0.596977
v 7.005328 0.897493 -0.596977
v 6.996008 0.877307 -0.596977
v 6.988383 0.856824 -0.596977
v 6.982452 0.836043 -0.596977
v 6.978216 0.814965 -0.596977
v 6.975674 0.793589 -0.596977
v 8.221245 -1.750944 -0.596977
v 8.240202 -1.765020 -0.596977
v 8.259642 -1.777871 -0.596977
v 8.279562 -1.789498 -0.596977
v 8.299964 -1.799902 -0.596977
v 8.320847 -1.809082 -0.596977
v 8.342212 -1.817037 -0.596977
v 8.364058 -1.823769 -0.596977
v 8.386385 -1.829277 -0.596977
v 8.409194 -1.833560 -0.596977
v 8.432485 -1.836620 -0.596977
v 8.456257 -1.838456 -0.596977
v 8.480511 -1.839068 -0.596977
v 8.502810 -1.837320 -0.596977
v 8.527188 -1.832074 -0.596977
v 8.553646 -1.823332 -0.596977
v 8.582184 -1.811092 -0.596977
v 8.612802 -1.795356 -0.596977
v 8.645498 -1.776122 -0.596977
v 8.680275 -1.753392 -0.596977
v 8.717132 -1.727165 -0.596977
v 8.756067 -1.697440 -0.596977
v 8.797083 -1.664219 -0.596977
v 8.840179 -1.627501 -0.596977
v 8.885353 -1.587286 -0.596977
v 8.927448 -1.605374 -0.596977
v 8.968695 -1.622710 -0.596977
v 9.009094 -1.639294 -0.596977
v 9.048647 -1.655127 -0.596977
v 9.087353 -1.670208 -0.596977
v 9.125210 -1.684537 -0.596977
v 9.162220 -1.698114 -0.596977
v 9.198383 -1.710939 -0.596977
v 9.233700 -1.723012 -0.596977
v 9.268168 -1.734334 -0.596978
v 9.301790 -1.744903 -0.596978
v 9.334564 -1.754721 -0.596978
v 9.366510 -1.763769 -0.596978
v 9.397647 -1.772031 -0.596978
v 9.427976 -1.779506 -0.596978
v 9.457496 -1.786194 -0.596978
v 9.486206 -1.792095 -0.596978
v 9.514109 -1.797209 -0.596978
v 9.541203 -1.801537 -0.596978
v 9.567488 -1.805077 -0.596978
v 9.592964 -1.807831 -0.596978
v 9.617631 -1.809798 -0.596978
v 9.641489 -1.810979 -0.596978
v 9.664539 -1.811372 -0.596978
v 9.773597 -1.809116 -0.596978
v 9.878014 -1.802350 -0.596978
v 9.977790 -1.791072 -0.596978
v 10.072926 -1.775283 -0.596978
v 10.163420 -1.754983 -0.596978
v 10.249273 -1.730172 -0.596978
v 10.330487 -1.700850 -0.596978
v 10.407060 -1.667017 -0.596978
v 10.478991 -1.628672 -0.596978
v 10.546282 -1.585817 -0.596978
v 10.608932 -1.538450 -0.596978
v 10.666943 -1.486573 -0.596978
v 10.720310 -1.430201 -0.596978
v 10.769039 -1.369354 -0.596978
v 10.813126 -1.304030 -0.596978
v 10.852572 -1.234231 -0.596978
v 10.887378 -1.159955 -0.596978
v 10.917543 -1.081203 -0.596978
v 10.943068 -0.997975 -0.596978
v 10.963951 -0.910270 -0.596978
v 10.980194 -0.818090 -0.596978
v 10.991796 -0.721433 -0.596978
v 10.998756 -0.620301 -0.596978
v 11.001077 -0.514692 -0.596978
v 10.997649 -0.414775 -0.596978
v 10.987366 -0.317288 -0.596978
v 10.970228 -0.222231 -0.596978
v 10.946235 -0.129605 -0.596978
v 10.915386 -0.039409 -0.596978
v 10.877682 0.048357 -0.596978
v 10.833124 0.133692 -0.596978
v 10.781710 0.216596 -0.596978
v 10.723440 0.297071 -0.596978
v 10.658316 0.375114 -0.596978
v 10.586336 0.450728 -0.596978
v 10.507501 0.523911 -0.596978
v 10.423889 0.592880 -0.596978
v 10.337584 0.655852 -0.596978
v 10.248581 0.712826 -0.596978
v 10.156883 0.763804 -0.596978
v 10.062489 0.808784 -0.596978
v 9.965399 0.847766 -0.596978
v 9.865613 0.880751 -0.596978
v 9.763130 0.907739 -0.596978
v 9.657953 0.928730 -0.596978
v 9.550079 0.943723 -0.596978
v 9.439510 0.952719 -0.596978
v 9.326244 0.955718 -0.596978
v 9.281763 0.954774 -0.596978
v 9.236126 0.951941 -0.596978
v 9.189333 0.947221 -0.596978
v 9.141386 0.940611 -0.596978
v 9.092282 0.932113 -0.596978
v 9.042024 0.921727 -0.596978
v 8.990609 0.909453 -0.596978
v 8.938040 0.895290 -0.596978
v 8.884315 0.879239 -0.596978
v 8.829434 0.861300 -0.596978
v 8.773399 0.841472 -0.596978
v 8.716208 0.819756 -0.596978
v 8.649330 0.792112 -0.596978
v 8.588268 0.763734 -0.596978
v 8.533023 0.734622 -0.596978
v 8.483592 0.704775 -0.596978
v 8.439977 0.674194 -0.596978
v 8.402176 0.642878 -0.596978
v 8.370192 0.610828 -0.596978
v 8.344023 0.578044 -0.596978
v 8.323669 0.544526 -0.596978
v 8.309130 0.510273 -0.596978
v 8.300407 0.475285 -0.596978
v 8.297499 0.439564 -0.596978
v 8.297941 0.424614 -0.596978
v 8.299271 0.409979 -0.596978
v 8.301485 0.395659 -0.596978
v 8.304585 0.381654 -0.596978
v 8.308571 0.367963 -0.596978
v 8.313443 0.354587 -0.596978
v 8.319201 0.341526 -0.596978
v 8.325844 0.328779 -0.596978
v 8.333374 0.316348 -0.596978
v 8.341788 0.304231 -0.596978
v 8.351089 0.292428 -0.596978
v 8.361276 0.280941 -0.596978
v 8.365810 0.263797 -0.596978
v 8.370173 0.245936 -0.596978
v 8.374361 0.227358 -0.596978
v 8.378376 0.208064 -0.596978
v 8.382217 0.188052 -0.596978
v 8.385885 0.167324 -0.596978
v 8.389380 0.145879 -0.596978
v 8.392702 0.123717 -0.596978
v 8.395851 0.100838 -0.596978
v 8.398827 0.077242 -0.596978
v 8.401628 0.052929 -0.596978
v 8.404257 0.027900 -0.596978
v 8.406693 0.002153 -0.596978
v 8.408916 -0.024311 -0.596978
v 8.410929 -0.051491 -0.596978
v 8.412729 -0.079388 -0.596977
v 8.414318 -0.108002 -0.596977
v 8.415695 -0.137333 -0.596977
v 8.416860 -0.167381 -0.596977
v 8.417812 -0.198145 -0.596977
v 8.418554 -0.229627 -0.596977
v 8.419084 -0.261825 -0.596977
v 8.419401 -0.294741 -0.596977
v 8.419507 -0.328373 -0.596977
v 8.418987 -0.406653 -0.596977
v 8.417427 -0.481191 -0.596977
v 8.414827 -0.551987 -0.596977
v 8.411188 -0.619042 -0.596977
v 8.406509 -0.682354 -0.596977
v 8.400790 -0.741925 -0.596977
v 8.394032 -0.797755 -0.596977
v 8.386232 -0.849842 -0.596977
v 8.377395 -0.898188 -0.596977
v 8.367517 -0.942792 -0.596977
v 8.356598 -0.983654 -0.596977
v 8.344639 -1.020775 -0.596977
v 8.342482 -1.026055 -0.596977
v 8.338785 -1.034343 -0.596977
v 8.333548 -1.045638 -0.596977
v 8.326769 -1.059941 -0.596977
v 8.318450 -1.077251 -0.596977
v 8.308591 -1.097569 -0.596977
v 8.297192 -1.120893 -0.596977
v 8.284251 -1.147226 -0.596977
v 8.269770 -1.176565 -0.596977
v 8.253750 -1.208912 -0.596977
v 8.236187 -1.244267 -0.596977
v 8.217085 -1.282629 -0.596977
v 8.199812 -1.317424 -0.596977
v 8.184042 -1.349631 -0.596977
v 8.169773 -1.379250 -0.596977
v 8.157005 -1.406282 -0.596977
v 8.145741 -1.430726 -0.596977
v 8.135978 -1.452582 -0.596977
v 8.127717 -1.471850 -0.596977
v 8.120958 -1.488531 -0.596977
v 8.115701 -1.502624 -0.596977
v 8.111946 -1.514129 -0.596977
v 8.109693 -1.523046 -0.596977
v 8.108942 -1.529376 -0.596977
v 8.109722 -1.551302 -0.596977
v 8.112062 -1.572598 -0.596977
v 8.115961 -1.593265 -0.596977
v 8.121420 -1.613303 -0.596977
v 8.128439 -1.632711 -0.596977
v 8.137018 -1.651490 -0.596977
v 8.147157 -1.669639 -0.596977
v 8.158854 -1.687159 -0.596977
v 8.172112 -1.704050 -0.596977
v 8.186930 -1.720311 -0.596977
v 8.203307 -1.735942 -0.596977
v 9.085003 -1.008186 -0.596978
v 9.098289 -0.910410 -0.596978
v 9.110420 -0.816831 -0.596978
v 9.121397 -0.727448 -0.596978
v 9.131218 -0.642262 -0.596978
v 9.139883 -0.561272 -0.596978
v 9.147392 -0.484478 -0.596978
v 9.153748 -0.411881 -0.596978
v 9.158947 -0.343480 -0.596978
v 9.162991 -0.279275 -0.596978
v 9.165878 -0.219267 -0.596978
v 9.167611 -0.163455 -0.596978
v 9.168190 -0.111840 -0.596978
v 9.168102 -0.098245 -0.596978
v 9.167843 -0.084319 -0.596978
v 9.167410 -0.070060 -0.596978
v 9.166803 -0.055469 -0.596978
v 9.166023 -0.040545 -0.596978
v 9.165070 -0.025290 -0.596978
v 9.163944 -0.009702 -0.596978
v 9.162643 0.006218 -0.596978
v 9.161171 0.022470 -0.596978
v 9.159525 0.039055 -0.596978
v 9.157704 0.055971 -0.596978
v 9.155712 0.073220 -0.596978
v 9.153545 0.090801 -0.596978
v 9.151205 0.108715 -0.596978
v 9.148693 0.126960 -0.596978
v 9.146007 0.145538 -0.596978
v 9.143147 0.164448 -0.596978
v 9.140114 0.183690 -0.596978
v 9.136908 0.203264 -0.596978
v 9.133528 0.223171 -0.596978
v 9.129976 0.243410 -0.596978
v 9.126249 0.263981 -0.596978
v 9.122351 0.284884 -0.596978
v 9.118278 0.306119 -0.596978
v 9.127434 0.310219 -0.596978
v 9.136417 0.314127 -0.596978
v 9.145226 0.317843 -0.596978
v 9.153863 0.321366 -0.596978
v 9.162326 0.324697 -0.596978
v 9.170616 0.327835 -0.596978
v 9.178732 0.330782 -0.596978
v 9.186676 0.333535 -0.596978
v 9.194446 0.336097 -0.596978
v 9.202042 0.338466 -0.596978
v 9.209465 0.340643 -0.596978
v 9.216715 0.342628 -0.596978
v 9.223792 0.344437 -0.596978
v 9.230696 0.346090 -0.596978
v 9.237425 0.347584 -0.596978
v 9.243982 0.348922 -0.596978
v 9.250366 0.350102 -0.596978
v 9.256577 0.351125 -0.596978
v 9.262613 0.351991 -0.596978
v 9.268476 0.352699 -0.596978
v 9.274166 0.353250 -0.596978
v 9.279684 0.353643 -0.596978
v 9.285027 0.353879 -0.596978
v 9.290197 0.353958 -0.596978
v 9.352394 0.352096 -0.596978
v 9.413283 0.346509 -0.596978
v 9.472862 0.337198 -0.596978
v 9.531132 0.324164 -0.596978
v 9.588092 0.307404 -0.596978
v 9.643742 0.286921 -0.596978
v 9.698083 0.262713 -0.596978
v 9.751115 0.234781 -0.596978
v 9.802837 0.203125 -0.596978
v 9.853251 0.167744 -0.596978
v 9.902353 0.128639 -0.596978
v 9.950148 0.085809 -0.596978
v 9.995323 0.040532 -0.596978
v 10.036570 -0.005916 -0.596978
v 10.073888 -0.053537 -0.596978
v 10.107279 -0.102328 -0.596978
v 10.136741 -0.152291 -0.596978
v 10.162274 -0.203426 -0.596978
v 10.183880 -0.255732 -0.596978
v 10.201557 -0.309209 -0.596978
v 10.215305 -0.363858 -0.596978
v 10.225126 -0.419679 -0.596978
v 10.231019 -0.476671 -0.596978
v 10.232983 -0.534835 -0.596978
v 10.232059 -0.589903 -0.596978
v 10.229286 -0.642646 -0.596978
v 10.224665 -0.693064 -0.596978
v 10.218195 -0.741156 -0.596978
v 10.209876 -0.786923 -0.596978
v 10.199709 -0.830364 -0.596978
v 10.187693 -0.871480 -0.596978
v 10.173828 -0.910270 -0.596978
v 10.158115 -0.946735 -0.596978
v 10.140553 -0.980874 -0.596978
v 10.121143 -1.012688 -0.596978
v 10.099884 -1.042176 -0.596978
v 10.076777 -1.069322 -0.596978
v 10.051821 -1.094107 -0.596978
v 10.025016 -1.116531 -0.596978
v 9.996363 -1.136595 -0.596978
v 9.965860 -1.154298 -0.596978
v 9.933510 -1.169641 -0.596978
v 9.899311 -1.182624 -0.596978
v 9.863263 -1.193246 -0.596978
v 9.825367 -1.201508 -0.596978
v 9.785622 -1.207409 -0.596978
v 9.744028 -1.210950 -0.596978
v 9.700586 -1.212130 -0.596978
v 9.672058 -1.211771 -0.596978
v 9.643780 -1.210696 -0.596978
v 9.615753 -1.208904 -0.596978
v 9.587976 -1.206395 -0.596978
v 9.560449 -1.203169 -0.596978
v 9.533173 -1.199226 -0.596978
v 9.506146 -1.194566 -0.596978
v 9.479370 -1.189189 -0.596978
v 9.452845 -1.183096 -0.596978
v 9.426570 -1.176286 -0.596978
v 9.400545 -1.168758 -0.596978
v 9.374771 -1.160514 -0.596978
v 9.349247 -1.151571 -0.596978
v 9.323973 -1.141945 -0.596978
v 9.298950 -1.131638 -0.596978
v 9.274176 -1.120649 -0.596978
v 9.249653 -1.108977 -0.596978
v 9.225381 -1.096624 -0.596978
v 9.201359 -1.083589 -0.596978
v 9.177588 -1.069872 -0.596978
v 9.154066 -1.055474 -0.596978
v 9.130795 -1.040393 -0.596978
v 9.107773 -1.024630 -0.596978
v 11.148041 0.092104 -0.596978
v 11.149196 0.062047 -0.596978
v 11.152662 0.033145 -0.596978
v 11.158439 0.005396 -0.596978
v 11.166526 -0.021198 -0.596978
v 11.176925 -0.046639 -0.596978
v 11.189633 -0.070925 -0.596978
v 11.204654 -0.094058 -0.596978
v 11.221984 -0.116036 -0.596978
v 11.241626 -0.136861 -0.596978
v 11.263577 -0.156531 -0.596978
v 11.287841 -0.175048 -0.596978
v 11.314414 -0.192410 -0.596978
v 11.348497 -0.315382 -0.596978
v 11.387896 -0.434192 -0.596978
v 11.432609 -0.548840 -0.596978
v 11.482636 -0.659327 -0.596978
v 11.537979 -0.765653 -0.596978
v 11.598637 -0.867817 -0.596978
v 11.664608 -0.965820 -0.596978
v 11.735895 -1.059661 -0.596978
v 11.812496 -1.149341 -0.596978
v 11.894412 -1.234860 -0.596978
v 11.981644 -1.316217 -0.596978
v 12.074188 -1.393413 -0.596978
v 12.172165 -1.465801 -0.596978
v 12.272913 -1.531893 -0.596978
v 12.376434 -1.591692 -0.596978
v 12.482729 -1.645196 -0.596978
v 12.591797 -1.692405 -0.596978
v 12.703636 -1.733319 -0.596978
v 12.818250 -1.767940 -0.596978
v 12.935637 -1.796265 -0.596978
v 13.055795 -1.818296 -0.596978
v 13.178727 -1.834032 -0.596978
v 13.304432 -1.843474 -0.596978
v 13.432910 -1.846622 -0.596978
v 13.553280 -1.844165 -0.596978
v 13.668530 -1.836795 -0.596978
v 13.778656 -1.824512 -0.596978
v 13.883660 -1.807316 -0.596978
v 13.983542 -1.785206 -0.596978
v 14.078302 -1.758183 -0.596978
v 14.167940 -1.726247 -0.596978
v 14.252456 -1.689397 -0.596978
v 14.331849 -1.647635 -0.596978
v 14.406120 -1.600959 -0.596978
v 14.475269 -1.549370 -0.596978
v 14.539296 -1.492867 -0.596978
v 14.598202 -1.431451 -0.596978
v 14.651984 -1.365122 -0.596978
v 14.700644 -1.293880 -0.596978
v 14.744183 -1.217725 -0.596978
v 14.782599 -1.136656 -0.596978
v 14.815893 -1.050674 -0.596978
v 14.844065 -0.959779 -0.596978
v 14.867115 -0.863970 -0.596978
v 14.885042 -0.763249 -0.596978
v 14.897848 -0.657614 -0.596978
v 14.905531 -0.547065 -0.596978
v 14.908092 -0.431604 -0.596978
v 14.905666 -0.323949 -0.596978
v 14.898387 -0.215840 -0.596978
v 14.886255 -0.107276 -0.596978
v 14.869271 0.001742 -0.596978
v 14.847435 0.111215 -0.596978
v 14.820745 0.221142 -0.596978
v 14.789204 0.331525 -0.596978
v 14.752810 0.442361 -0.596978
v 14.711563 0.553653 -0.596978
v 14.665463 0.665398 -0.596978
v 14.614511 0.777599 -0.596978
v 14.558707 0.890254 -0.596978
v 14.499089 1.001354 -0.596978
v 14.436699 1.108886 -0.596978
v 14.371536 1.212851 -0.596978
v 14.303600 1.313249 -0.596978
v 14.232891 1.410080 -0.596978
v 14.159410 1.503345 -0.596978
v 14.083155 1.593043 -0.596978
v 14.004127 1.679173 -0.596978
v 13.922326 1.761737 -0.596978
v 13.837752 1.840734 -0.596978
v 13.750406 1.916163 -0.596978
v 13.660287 1.988026 -0.596978
v 13.595663 2.035078 -0.596978
v 13.530270 2.078038 -0.596978
v 13.464105 2.116908 -0.596978
v 13.397170 2.151685 -0.596978
v 13.329465 2.182371 -0.596978
v 13.260990 2.208966 -0.596978
v 13.191744 2.231469 -0.596978
v 13.121729 2.249881 -0.596978
v 13.050942 2.264201 -0.596978
v 12.979386 2.274429 -0.596978
v 12.907060 2.280566 -0.596978
v 12.833963 2.282612 -0.596978
v 12.787786 2.281388 -0.596978
v 12.738914 2.277716 -0.596978
v 12.687346 2.271596 -0.596978
v 12.633081 2.263029 -0.596978
v 12.576122 2.252013 -0.596978
v 12.516466 2.238550 -0.596978
v 12.454115 2.222639 -0.596978
v 12.389067 2.204280 -0.596978
v 12.321323 2.183473 -0.596978
v 12.250884 2.160218 -0.596978
v 12.177750 2.134515 -0.596978
v 12.101917 2.106364 -0.596978
v 12.014225 2.071342 -0.596978
v 11.934157 2.035935 -0.596978
v 11.861715 2.000143 -0.596978
v 11.796899 1.963967 -0.596978
v 11.739708 1.927406 -0.596978
v 11.690142 1.890460 -0.596978
v 11.648202 1.853130 -0.596978
v 11.613888 1.815415 -0.596978
v 11.587198 1.777316 -0.596978
v 11.568134 1.738832 -0.596978
v 11.556696 1.699962 -0.596978
v 11.552883 1.660709 -0.596978
v 11.553673 1.638250 -0.596978
v 11.556042 1.616193 -0.596978
v 11.559989 1.594538 -0.596978
v 11.565516 1.573285 -0.596978
v 11.572621 1.552434 -0.596978
v 11.581306 1.531986 -0.596978
v 11.591570 1.511939 -0.596978
v 11.603412 1.492295 -0.596978
v 11.616834 1.473053 -0.596978
v 11.631834 1.454213 -0.596978
v 11.648414 1.435775 -0.596978
v 11.666573 1.417739 -0.596978
v 11.685886 1.400648 -0.596978
v 11.705933 1.385042 -0.596978
v 11.726709 1.370924 -0.596978
v 11.748219 1.358291 -0.596978
v 11.770460 1.347144 -0.596978
v 11.793432 1.337484 -0.596978
v 11.817137 1.329309 -0.596978
v 11.841573 1.322622 -0.596978
v 11.866741 1.317420 -0.596978
v 11.892641 1.313704 -0.596978
v 11.919271 1.311475 -0.596978
v 11.946635 1.310732 -0.596978
v 11.961896 1.311719 -0.596978
v 11.979949 1.314683 -0.596978
v 12.000793 1.319623 -0.596978
v 12.024430 1.326538 -0.596978
v 12.050859 1.335429 -0.596978
v 12.080081 1.346296 -0.596978
v 12.112095 1.359139 -0.596978
v 12.146900 1.373957 -0.596978
v 12.184498 1.390751 -0.596978
v 12.224888 1.409522 -0.596978
v 12.268070 1.430267 -0.596978
v 12.314045 1.452989 -0.596978
v 12.361078 1.475710 -0.596978
v 12.407437 1.496456 -0.596978
v 12.453123 1.515226 -0.596978
v 12.498135 1.532021 -0.596978
v 12.542472 1.546839 -0.596978
v 12.586136 1.559682 -0.596978
v 12.629126 1.570549 -0.596978
v 12.671440 1.579440 -0.596978
v 12.713082 1.586355 -0.596978
v 12.754049 1.591295 -0.596978
v 12.794344 1.594259 -0.596978
v 12.833963 1.595246 -0.596978
v 12.876770 1.591854 -0.596978
v 12.922003 1.581677 -0.596978
v 12.969662 1.564717 -0.596978
v 13.019748 1.540973 -0.596978
v 13.072259 1.510444 -0.596978
v 13.127197 1.473131 -0.596978
v 13.184562 1.429034 -0.596978
v 13.244352 1.378153 -0.596978
v 13.306569 1.320488 -0.596978
v 13.371212 1.256039 -0.596978
v 13.438282 1.184805 -0.596978
v 13.507778 1.106787 -0.596978
v 13.606543 0.987628 -0.596978
v 13.696720 0.866825 -0.596978
v 13.778309 0.744378 -0.596978
v 13.851309 0.620288 -0.596978
v 13.915722 0.494554 -0.596978
v 13.971545 0.367176 -0.596978
v 14.018781 0.238155 -0.596978
v 14.057428 0.107491 -0.596978
v 14.087487 -0.024818 -0.596978
v 14.108957 -0.158769 -0.596978
v 14.121840 -0.294365 -0.596978
v 14.126135 -0.431604 -0.596978
v 14.125191 -0.499812 -0.596978
v 14.122360 -0.564279 -0.596978
v 14.117642 -0.625004 -0.596978
v 14.111037 -0.681987 -0.596978
v 14.102546 -0.735229 -0.596978
v 14.092167 -0.784729 -0.596978
v 14.079900 -0.830487 -0.596978
v 14.065746 -0.872503 -0.596978
v 14.049706 -0.910777 -0.596978
v 14.031778 -0.945310 -0.596978
v 14.011964 -0.976101 -0.596978
v 13.990262 -1.003150 -0.596978
v 13.964363 -1.028486 -0.596978
v 13.934728 -1.051618 -0.596978
v 13.901357 -1.072548 -0.596978
v 13.864249 -1.091274 -0.596978
v 13.823407 -1.107797 -0.596978
v 13.778829 -1.122117 -0.596978
v 13.730515 -1.134234 -0.596978
v 13.678465 -1.144148 -0.596978
v 13.622680 -1.151859 -0.596978
v 13.563159 -1.157367 -0.596978
v 13.499902 -1.160671 -0.596978
v 13.432910 -1.161773 -0.596978
v 13.362913 -1.160252 -0.596978
v 13.294342 -1.155688 -0.596978
v 13.227195 -1.148082 -0.596978
v 13.161473 -1.137434 -0.596978
v 13.097177 -1.123744 -0.596978
v 13.034306 -1.107010 -0.596978
v 12.972858 -1.087235 -0.596978
v 12.912837 -1.064417 -0.596978
v 12.854240 -1.038557 -0.596978
v 12.797069 -1.009655 -0.596978
v 12.741322 -0.977710 -0.596978
v 12.686999 -0.942722 -0.596978
v 12.631388 -0.902647 -0.596978
v 12.578240 -0.859634 -0.596978
v 12.527557 -0.813684 -0.596978
v 12.479340 -0.764796 -0.596978
v 12.433587 -0.712971 -0.596978
v 12.390299 -0.658208 -0.596978
v 12.349476 -0.600508 -0.596978
v 12.311118 -0.539870 -0.596978
v 12.275225 -0.476295 -0.596978
v 12.241796 -0.409783 -0.596978
v 12.210832 -0.340333 -0.596978
v 12.182332 -0.267945 -0.596978
v 12.288395 -0.276530 -0.596978
v 12.392148 -0.287178 -0.596978
v 12.493589 -0.299890 -0.596978
v 12.592721 -0.314665 -0.596978
v 12.689541 -0.331503 -0.596978
v 12.784051 -0.350404 -0.596978
v 12.876250 -0.371368 -0.596978
v 12.966138 -0.394396 -0.596978
v 13.053716 -0.419487 -0.596978
v 13.138982 -0.446641 -0.596978
v 13.221938 -0.475858 -0.596978
v 13.302584 -0.507138 -0.596978
v 13.316910 -0.512769 -0.596978
v 13.331237 -0.517909 -0.596978
v 13.345563 -0.522560 -0.596978
v 13.359890 -0.526721 -0.596978
v 13.374217 -0.530393 -0.596978
v 13.388543 -0.533575 -0.596978
v 13.402870 -0.536268 -0.596978
v 13.417196 -0.538471 -0.596978
v 13.431523 -0.540185 -0.596978
v 13.445850 -0.541409 -0.596978
v 13.460176 -0.542143 -0.596978
v 13.474503 -0.542388 -0.596978
v 13.502752 -0.541584 -0.596978
v 13.530192 -0.539171 -0.596978
v 13.556824 -0.535149 -0.596978
v 13.582646 -0.529519 -0.596978
v 13.607660 -0.522280 -0.596978
v 13.631866 -0.513433 -0.596978
v 13.655262 -0.502977 -0.596978
v 13.677849 -0.490913 -0.596978
v 13.699628 -0.477239 -0.596978
v 13.720598 -0.461957 -0.596978
v 13.740759 -0.445067 -0.596978
v 13.760112 -0.426568 -0.596978
v 13.776499 -0.409171 -0.596978
v 13.791461 -0.391388 -0.596978
v 13.804998 -0.373222 -0.596978
v 13.817110 -0.354670 -0.596978
v 13.827797 -0.335734 -0.596978
v 13.837060 -0.316413 -0.596978
v 13.844897 -0.296708 -0.596978
v 13.851309 -0.276618 -0.596978
v 13.856297 -0.256143 -0.596978
v 13.859859 -0.235283 -0.596978
v 13.861997 -0.214039 -0.596978
v 13.862709 -0.192410 -0.596978
v 13.855739 -0.129814 -0.596978
v 13.834826 -0.070436 -0.596978
v 13.799973 -0.014274 -0.596978
v 13.751177 0.038670 -0.596978
v 13.688440 0.088397 -0.596978
v 13.611761 0.134907 -0.596978
v 13.521142 0.178199 -0.596978
v 13.416580 0.218275 -0.596978
v 13.298078 0.255133 -0.596978
v 13.165632 0.288774 -0.596978
v 13.019247 0.319198 -0.596978
v 12.858919 0.346404 -0.596978
v 12.763331 0.360078 -0.596978
v 12.665125 0.372562 -0.596978
v 12.564299 0.383857 -0.596978
v 12.460855 0.393963 -0.596978
v 12.354791 0.402881 -0.596978
v 12.246109 0.410609 -0.596978
v 12.134808 0.417148 -0.596978
v 12.020887 0.422499 -0.596978
v 11.904348 0.426660 -0.596978
v 11.785191 0.429632 -0.596978
v 11.663414 0.431416 -0.596978
v 11.539019 0.432010 -0.596978
v 11.511665 0.431328 -0.596978
v 11.485063 0.429283 -0.596978
v 11.459211 0.425873 -0.596978
v 11.434111 0.421100 -0.596978
v 11.409761 0.414963 -0.596978
v 11.386163 0.407462 -0.596978
v 11.363316 0.398597 -0.596978
v 11.341219 0.388368 -0.596978
v 11.319874 0.376776 -0.596978
v 11.299278 0.363819 -0.596978
v 11.279435 0.349499 -0.596978
v 11.260343 0.333815 -0.596978
v 11.242405 0.317135 -0.596978
v 11.226027 0.299825 -0.596978
v 11.211210 0.281885 -0.596978
v 11.197952 0.263316 -0.596978
v 11.186255 0.244118 -0.596978
v 11.176116 0.224290 -0.596978
v 11.167538 0.203833 -0.596978
v 11.160519 0.182746 -0.596978
v 11.155059 0.161030 -0.596978
v 11.151159 0.138684 -0.596978
v 11.148820 0.115709 -0.596978
v -15.127956 0.311155 0.417507
v -15.127937 0.290365 0.417507
v -15.127880 0.270800 0.417507
v -15.127783 0.252458 0.417507
v -15.127647 0.235340 0.417507
v -15.127476 0.219446 0.417507
v -15.127264 0.204777 0.417507
v -15.127012 0.191331 0.417507
v -15.126724 0.179109 0.417507
v -15.126396 0.168111 0.417507
v -15.126032 0.158337 0.417507
v -15.125628 0.149787 0.417507
v -15.125185 0.142461 0.417507
v -15.118694 0.080931 0.417507
v -15.107544 0.024752 0.417507
v -15.091736 -0.026076 0.417507
v -15.071266 -0.071555 0.417507
v -15.046137 -0.111683 0.417507
v -15.016348 -0.146460 0.417507
v -14.981897 -0.175887 0.417507
v -14.942787 -0.199964 0.417507
v -14.899019 -0.218690 0.417507
v -14.850590 -0.232066 0.417507
v -14.797501 -0.240092 0.417507
v -14.739752 -0.242767 0.417507
v -14.683947 -0.240494 0.417507
v -14.632994 -0.233675 0.417507
v -14.586895 -0.222309 0.417507
v -14.545649 -0.206398 0.417507
v -14.509254 -0.185941 0.417507
v -14.477711 -0.160937 0.417507
v -14.451023 -0.131388 0.417507
v -14.429186 -0.097292 0.417507
v -14.412201 -0.058651 0.417507
v -14.400070 -0.015463 0.417507
v -14.392790 0.032271 0.417507
v -14.390366 0.084550 0.417507
v -14.376499 0.338851 0.417507
v -14.274981 0.320964 0.417507
v -14.178391 0.297516 0.417507
v -14.086731 0.268509 0.417507
v -14.000002 0.233941 0.417507
v -13.918201 0.193814 0.417507
v -13.841331 0.148126 0.417507
v -13.769390 0.096877 0.417507
v -13.702377 0.040069 0.417507
v -13.640295 -0.022300 0.417507
v -13.583143 -0.090229 0.417507
v -13.530920 -0.163718 0.417507
v -13.483627 -0.242767 0.417507
v -13.486399 -1.509233 0.417507
v -13.485647 -1.532811 0.417507
v -13.483395 -1.555708 0.417507
v -13.479641 -1.577922 0.417507
v -13.474384 -1.599455 0.417507
v -13.467625 -1.620306 0.417507
v -13.459364 -1.640475 0.417507
v -13.449602 -1.659961 0.417507
v -13.438335 -1.678766 0.417507
v -13.425570 -1.696890 0.417507
v -13.411301 -1.714331 0.417507
v -13.395529 -1.731090 0.417507
v -13.378258 -1.747167 0.417507
v -13.359827 -1.762248 0.417507
v -13.340590 -1.776018 0.417507
v -13.320543 -1.788476 0.417507
v -13.299688 -1.799622 0.417507
v -13.278025 -1.809457 0.417507
v -13.255550 -1.817981 0.417507
v -13.232269 -1.825194 0.417507
v -13.208179 -1.831095 0.417507
v -13.183281 -1.835685 0.417507
v -13.157576 -1.838963 0.417507
v -13.131060 -1.840930 0.417507
v -13.103741 -1.841586 0.417507
v -13.075626 -1.840886 0.417507
v -13.048592 -1.838788 0.417507
v -13.022633 -1.835291 0.417507
v -12.997753 -1.830396 0.417507
v -12.973953 -1.824101 0.417507
v -12.951231 -1.816408 0.417507
v -12.929586 -1.807315 0.417507
v -12.909021 -1.796825 0.417507
v -12.889534 -1.784935 0.417507
v -12.871124 -1.771646 0.417507
v -12.853794 -1.756959 0.417507
v -12.837542 -1.740873 0.417507
v -12.823368 -1.725416 0.417507
v -12.810427 -1.709260 0.417507
v -12.798721 -1.692405 0.417507
v -12.788244 -1.674850 0.417507
v -12.779001 -1.656596 0.417507
v -12.770990 -1.637642 0.417507
v -12.764214 -1.617989 0.417507
v -12.758667 -1.597637 0.417507
v -12.754354 -1.576585 0.417507
v -12.751274 -1.554834 0.417507
v -12.749424 -1.532383 0.417507
v -12.748810 -1.509233 0.417507
v -12.748810 0.139943 0.417506
v -12.748848 0.153485 0.417506
v -12.748964 0.168093 0.417506
v -12.749155 0.183769 0.417506
v -12.749426 0.200510 0.417506
v -12.749773 0.218319 0.417506
v -12.750196 0.237194 0.417506
v -12.750696 0.257135 0.417506
v -12.751276 0.278143 0.417506
v -12.751930 0.300218 0.417506
v -12.752663 0.323359 0.417506
v -12.753471 0.347567 0.417506
v -12.754354 0.372842 0.417506
v -12.755241 0.398116 0.417506
v -12.756048 0.422324 0.417506
v -12.756783 0.445465 0.417506
v -12.757437 0.467540 0.417506
v -12.758015 0.488548 0.417506
v -12.758514 0.508489 0.417506
v -12.758940 0.527364 0.417506
v -12.759285 0.545173 0.417506
v -12.759556 0.561915 0.417506
v -12.759748 0.577590 0.417506
v -12.759865 0.592198 0.417506
v -12.759901 0.605740 0.417506
v -12.760546 0.628917 0.417506
v -12.762480 0.651446 0.417506
v -12.765705 0.673328 0.417506
v -12.770220 0.694564 0.417506
v -12.776026 0.715152 0.417506
v -12.783121 0.735094 0.417506
v -12.791508 0.754388 0.417506
v -12.801184 0.773036 0.417506
v -12.812151 0.791037 0.417506
v -12.824408 0.808390 0.417506
v -12.837955 0.825097 0.417506
v -12.852793 0.841157 0.417506
v -12.868822 0.856238 0.417506
v -12.885950 0.870007 0.417506
v -12.904177 0.882465 0.417506
v -12.923500 0.893612 0.417506
v -12.943922 0.903447 0.417506
v -12.965441 0.911971 0.417506
v -12.988058 0.919183 0.417506
v -13.011770 0.925084 0.417506
v -13.036581 0.929674 0.417506
v -13.062490 0.932953 0.417506
v -13.089497 0.934920 0.417506
v -13.117603 0.935575 0.417506
v -13.167170 0.933582 0.417506
v -13.213270 0.927602 0.417506
v -13.255903 0.917636 0.417507
v -13.295071 0.903683 0.417507
v -13.330772 0.885743 0.417507
v -13.363007 0.863817 0.417507
v -13.391775 0.837905 0.417507
v -13.417078 0.808006 0.417507
v -13.438913 0.774120 0.417507
v -13.457285 0.736248 0.417507
v -13.472189 0.694389 0.417507
v -13.483627 0.648543 0.417507
v -13.566179 0.701627 0.417507
v -13.650230 0.750096 0.417507
v -13.735786 0.793948 0.417507
v -13.822844 0.833184 0.417507
v -13.911404 0.867804 0.417507
v -14.001465 0.897808 0.417507
v -14.093029 0.923196 0.417507
v -14.186096 0.943968 0.417507
v -14.280663 0.960124 0.417507
v -14.376732 0.971664 0.417507
v -14.474304 0.978588 0.417507
v -14.573378 0.980896 0.417507
v -14.661957 0.976245 0.417507
v -14.742832 0.962292 0.417507
v -14.816006 0.939037 0.417507
v -14.881475 0.906481 0.417507
v -14.939245 0.864622 0.417507
v -14.989313 0.813461 0.417507
v -15.031675 0.752998 0.417507
v -15.066336 0.683233 0.417507
v -15.093296 0.604167 0.417507
v -15.112553 0.515798 0.417507
v -15.124105 0.418128 0.417507
v -11.847616 -1.637642 0.417506
v -11.782589 -1.661771 0.417506
v -11.716906 -1.683802 0.417506
v -11.650570 -1.703735 0.417506
v -11.583576 -1.721570 0.417506
v -11.515928 -1.737306 0.417506
v -11.447626 -1.750944 0.417506
v -11.378670 -1.762484 0.417506
v -11.309057 -1.771926 0.417506
v -11.238792 -1.779270 0.417506
v -11.167871 -1.784515 0.417506
v -11.096296 -1.787663 0.417506
v -11.024065 -1.788712 0.417506
v -10.915287 -1.786718 0.417506
v -10.809860 -1.780738 0.417506
v -10.707783 -1.770772 0.417506
v -10.609056 -1.756819 0.417506
v -10.513681 -1.738880 0.417506
v -10.421658 -1.716954 0.417506
v -10.332983 -1.691041 0.417506
v -10.247660 -1.661142 0.417506
v -10.165686 -1.627256 0.417506
v -10.087063 -1.589384 0.417506
v -10.011789 -1.547525 0.417506
v -9.939861 -1.501679 0.417506
v -9.865456 -1.447004 0.417506
v -9.797520 -1.388727 0.417506
v -9.736053 -1.326848 0.417506
v -9.681059 -1.261367 0.417506
v -9.632532 -1.192284 0.417506
v -9.590479 -1.119599 0.417506
v -9.554892 -1.043313 0.417506
v -9.525778 -0.963424 0.417506
v -9.503132 -0.879934 0.417506
v -9.486958 -0.792842 0.417506
v -9.477251 -0.702147 0.417506
v -9.474012 -0.607852 0.417506
v -9.476574 -0.503047 0.417506
v -9.484257 -0.400970 0.417506
v -9.497063 -0.301621 0.417506
v -9.514990 -0.204999 0.417506
v -9.538038 -0.111105 0.417506
v -9.566210 -0.019939 0.417506
v -9.599504 0.068500 0.417506
v -9.637920 0.154211 0.417506
v -9.681459 0.237194 0.417506
v -9.730122 0.317450 0.417506
v -9.783905 0.394978 0.417506
v -9.842810 0.469778 0.417506
v -9.913191 0.547795 0.417506
v -9.987539 0.619029 0.417506
v -10.065857 0.683478 0.417506
v -10.148138 0.741143 0.417506
v -10.234386 0.792024 0.417506
v -10.324602 0.836121 0.417506
v -10.418783 0.873434 0.417506
v -10.516933 0.903963 0.417506
v -10.619049 0.927707 0.417506
v -10.725132 0.944667 0.417506
v -10.835180 0.954844 0.417506
v -10.949196 0.958236 0.417506
v -11.028473 0.957257 0.417506
v -11.105478 0.954319 0.417506
v -11.180212 0.949424 0.417506
v -11.252674 0.942569 0.417506
v -11.322863 0.933757 0.417506
v -11.390779 0.922987 0.417506
v -11.456423 0.910258 0.417506
v -11.519796 0.895571 0.417506
v -11.580896 0.878925 0.417506
v -11.639725 0.860321 0.417506
v -11.696280 0.839759 0.417506
v -11.750565 0.817238 0.417506
v -11.817442 0.784751 0.417506
v -11.878504 0.749396 0.417506
v -11.933750 0.711174 0.417506
v -11.983181 0.670085 0.417506
v -12.026796 0.626128 0.417506
v -12.064598 0.579303 0.417506
v -12.096581 0.529611 0.417506
v -12.122751 0.477051 0.417506
v -12.143105 0.421624 0.417506
v -12.157642 0.363330 0.417506
v -12.166367 0.302168 0.417506
v -12.169273 0.238138 0.417506
v -12.166904 0.192415 0.417506
v -12.159798 0.147566 0.417506
v -12.147955 0.103592 0.417506
v -12.131376 0.060491 0.417506
v -12.110058 0.018265 0.417506
v -12.084005 -0.023087 0.417506
v -12.053213 -0.063564 0.417506
v -12.017685 -0.103167 0.417506
v -11.977421 -0.141896 0.417506
v -11.932419 -0.179751 0.417506
v -11.882681 -0.216732 0.417506
v -11.828207 -0.252838 0.417506
v -11.800150 -0.269833 0.417506
v -11.767742 -0.288088 0.417506
v -11.730982 -0.307601 0.417506
v -11.689869 -0.328373 0.417506
v -11.644405 -0.350404 0.417506
v -11.594589 -0.373694 0.417506
v -11.540421 -0.398243 0.417506
v -11.481901 -0.424050 0.417506
v -11.419029 -0.451117 0.417506
v -11.351805 -0.479442 0.417506
v -11.280230 -0.509027 0.417506
v -11.204304 -0.539870 0.417506
v -10.269836 -0.915026 0.417506
v -10.292404 -0.936393 0.417506
v -10.315742 -0.956850 0.417506
v -10.339851 -0.976398 0.417506
v -10.364731 -0.995037 0.417506
v -10.390381 -1.012767 0.417506
v -10.416800 -1.029587 0.417506
v -10.443989 -1.045498 0.417506
v -10.471949 -1.060500 0.417506
v -10.500679 -1.074593 0.417506
v -10.530180 -1.087777 0.417506
v -10.560452 -1.100051 0.417506
v -10.591492 -1.111417 0.417506
v -10.623302 -1.121872 0.417506
v -10.655884 -1.131419 0.417506
v -10.689236 -1.140057 0.417506
v -10.723358 -1.147785 0.417506
v -10.758251 -1.154604 0.417506
v -10.793913 -1.160514 0.417506
v -10.830345 -1.165515 0.417506
v -10.867550 -1.169606 0.417506
v -10.905523 -1.172789 0.417506
v -10.944267 -1.175062 0.417506
v -10.983782 -1.176425 0.417506
v -11.024065 -1.176880 0.417506
v -11.085203 -1.175918 0.417506
v -11.144764 -1.173033 0.417506
v -11.202744 -1.168225 0.417506
v -11.259144 -1.161493 0.417506
v -11.313967 -1.152838 0.417506
v -11.367208 -1.142260 0.417506
v -11.418875 -1.129758 0.417506
v -11.468960 -1.115333 0.417506
v -11.517467 -1.098985 0.417506
v -11.564396 -1.080713 0.417506
v -11.609743 -1.060518 0.417506
v -11.653513 -1.038400 0.417506
v -11.691235 -1.018694 0.417506
v -11.727686 -1.000702 0.417506
v -11.762867 -0.984424 0.417506
v -11.796776 -0.969859 0.417506
v -11.829414 -0.957007 0.417506
v -11.860783 -0.945870 0.417506
v -11.890881 -0.936445 0.417506
v -11.919708 -0.928734 0.417506
v -11.947266 -0.922737 0.417506
v -11.973551 -0.918453 0.417506
v -11.998566 -0.915883 0.417506
v -12.022308 -0.915026 0.417506
v -12.068369 -0.916792 0.417506
v -12.110424 -0.922090 0.417506
v -12.148474 -0.930920 0.417506
v -12.182518 -0.943282 0.417506
v -12.212557 -0.959176 0.417506
v -12.238592 -0.978601 0.417506
v -12.260620 -1.001559 0.417507
v -12.278645 -1.028049 0.417507
v -12.292664 -1.058070 0.417507
v -12.302677 -1.091624 0.417507
v -12.308685 -1.128709 0.417507
v -12.310690 -1.169327 0.417507
v -12.307474 -1.216431 0.417507
v -12.297827 -1.262066 0.417507
v -12.281748 -1.306233 0.417507
v -12.259237 -1.348931 0.417507
v -12.230295 -1.390161 0.417507
v -12.194923 -1.429922 0.417507
v -12.153118 -1.468213 0.417507
v -12.104881 -1.505037 0.417507
v -12.050213 -1.540391 0.417507
v -11.989113 -1.574277 0.417507
v -11.921581 -1.606694 0.417506
v -11.434454 0.253245 0.417506
v -11.402700 0.268527 0.417506
v -11.369368 0.282479 0.417506
v -11.334455 0.295104 0.417506
v -11.297962 0.306399 0.417506
v -11.259893 0.316365 0.417506
v -11.220247 0.325003 0.417506
v -11.179020 0.332311 0.417506
v -11.136213 0.338291 0.417506
v -11.091827 0.342942 0.417506
v -11.045862 0.346264 0.417506
v -10.998318 0.348258 0.417506
v -10.949196 0.348922 0.417506
v -10.906736 0.347838 0.417506
v -10.865316 0.344586 0.417506
v -10.824936 0.339166 0.417506
v -10.785597 0.331577 0.417506
v -10.747295 0.321821 0.417506
v -10.710035 0.309896 0.417506
v -10.673815 0.295803 0.417506
v -10.638634 0.279542 0.417506
v -10.604492 0.261113 0.417506
v -10.571392 0.240516 0.417506
v -10.539330 0.217751 0.417506
v -10.508305 0.192817 0.417506
v -10.478304 0.165715 0.417506
v -10.449303 0.136446 0.417506
v -10.421305 0.105008 0.417506
v -10.394308 0.071402 0.417506
v -10.368311 0.035628 0.417506
v -10.343315 -0.002315 0.417506
v -10.319323 -0.042425 0.417506
v -10.296331 -0.084703 0.417506
v -10.274340 -0.129150 0.417506
v -10.253349 -0.175765 0.417506
v -10.233362 -0.224548 0.417506
v -10.214376 -0.275499 0.417506
v -10.266581 -0.254954 0.417506
v -10.318747 -0.234444 0.417506
v -10.370874 -0.213969 0.417506
v -10.422962 -0.193529 0.417506
v -10.475012 -0.173124 0.417506
v -10.527023 -0.152754 0.417506
v -10.578997 -0.132419 0.417506
v -10.630930 -0.112120 0.417506
v -10.682825 -0.091855 0.417506
v -10.734684 -0.071625 0.417506
v -10.786503 -0.051429 0.417506
v -10.838280 -0.031269 0.417506
v -10.899611 -0.005829 0.417506
v -10.958824 0.019297 0.417506
v -11.015921 0.044108 0.417506
v -11.070896 0.068604 0.417506
v -11.123755 0.092786 0.417506
v -11.174494 0.116653 0.417506
v -11.223118 0.140205 0.417506
v -11.269621 0.163442 0.417506
v -11.314007 0.186365 0.417506
v -11.356274 0.208973 0.417506
v -11.396423 0.231266 0.417506
v -8.933300 -0.351033 0.417506
v -8.873354 -0.472011 0.417506
v -8.815527 -0.588199 0.417506
v -8.759819 -0.699595 0.417506
v -8.706228 -0.806200 0.417506
v -8.654757 -0.908015 0.417506
v -8.605404 -1.005038 0.417506
v -8.558167 -1.097271 0.417506
v -8.513050 -1.184713 0.417506
v -8.470051 -1.267364 0.417506
v -8.429171 -1.345224 0.417506
v -8.390406 -1.418294 0.417506
v -8.353764 -1.486573 0.417506
v -8.350855 -1.507240 0.417506
v -8.346754 -1.527277 0.417506
v -8.341457 -1.546686 0.417506
v -8.334969 -1.565464 0.417506
v -8.327286 -1.583614 0.417506
v -8.318407 -1.601134 0.417506
v -8.308336 -1.618024 0.417506
v -8.297071 -1.634285 0.417506
v -8.284613 -1.649916 0.417506
v -8.270958 -1.664919 0.417506
v -8.256111 -1.679291 0.417506
v -8.240074 -1.693034 0.417506
v -8.223110 -1.705903 0.417506
v -8.205490 -1.717653 0.417506
v -8.187218 -1.728284 0.417506
v -8.168287 -1.737796 0.417506
v -8.148705 -1.746188 0.417506
v -8.128466 -1.753462 0.417506
v -8.107573 -1.759617 0.417506
v -8.086023 -1.764652 0.417506
v -8.063822 -1.768569 0.417506
v -8.040964 -1.771366 0.417506
v -8.017454 -1.773045 0.417506
v -7.993286 -1.773605 0.417506
v -7.947744 -1.771786 0.417506
v -7.904476 -1.766331 0.417506
v -7.863480 -1.757239 0.417506
v -7.824755 -1.744510 0.417506
v -7.788303 -1.728144 0.417506
v -7.754124 -1.708141 0.417506
v -7.722216 -1.684502 0.417506
v -7.692579 -1.657225 0.417506
v -7.665216 -1.626312 0.417506
v -7.640125 -1.591762 0.417506
v -7.617308 -1.553575 0.417506
v -7.596762 -1.511751 0.417506
v -7.544634 -1.393798 0.417506
v -7.488079 -1.266543 0.417506
v -7.427094 -1.129986 0.417506
v -7.361681 -0.984127 0.417506
v -7.291840 -0.828966 0.417506
v -7.217567 -0.664503 0.417506
v -7.138868 -0.490738 0.417506
v -7.055738 -0.307671 0.417506
v -6.968180 -0.115302 0.417506
v -6.876194 0.086369 0.417506
v -6.779778 0.297342 0.417506
v -6.678932 0.517617 0.417506
v -6.673174 0.530153 0.417506
v -6.667917 0.542585 0.417506
v -6.663160 0.554912 0.417506
v -6.658903 0.567134 0.417506
v -6.655148 0.579251 0.417506
v -6.651894 0.591263 0.417506
v -6.649141 0.603170 0.417506
v -6.646889 0.614972 0.417506
v -6.645136 0.626670 0.417506
v -6.643885 0.638262 0.417506
v -6.643133 0.649750 0.417506
v -6.642883 0.661133 0.417506
v -6.643721 0.683504 0.417506
v -6.646235 0.705299 0.417506
v -6.650421 0.726517 0.417506
v -6.656286 0.747158 0.417506
v -6.663824 0.767222 0.417506
v -6.673038 0.786709 0.417506
v -6.683928 0.805619 0.417506
v -6.696493 0.823952 0.417506
v -6.710733 0.841708 0.417506
v -6.726648 0.858887 0.417506
v -6.744240 0.875489 0.417506
v -6.763506 0.891514 0.417506
v -6.783850 0.906594 0.417506
v -6.804674 0.920364 0.417506
v -6.825979 0.932822 0.417506
v -6.847767 0.943968 0.417506
v -6.870037 0.953804 0.417506
v -6.892786 0.962327 0.417506
v -6.916019 0.969540 0.417506
v -6.939735 0.975441 0.417506
v -6.963932 0.980031 0.417506
v -6.988609 0.983309 0.417506
v -7.013769 0.985276 0.417506
v -7.039410 0.985932 0.417506
v -7.078211 0.984551 0.417506
v -7.115124 0.980407 0.417506
v -7.150150 0.973500 0.417506
v -7.183290 0.963831 0.417506
v -7.214544 0.951400 0.417506
v -7.243910 0.936205 0.417506
v -7.271389 0.918248 0.417506
v -7.296980 0.897529 0.417506
v -7.320683 0.874047 0.417506
v -7.342501 0.847802 0.417506
v -7.362432 0.818794 0.417506
v -7.380476 0.787024 0.417506
v -7.408897 0.730582 0.417506
v -7.441479 0.662811 0.417506
v -7.478220 0.583709 0.417506
v -7.519119 0.493278 0.417506
v -7.564178 0.391515 0.417506
v -7.613398 0.278423 0.417506
v -7.666775 0.154000 0.417506
v -7.724312 0.018248 0.417506
v -7.786007 -0.128835 0.417506
v -7.851866 -0.287248 0.417506
v -7.921883 -0.456992 0.417506
v -7.996059 -0.638065 0.417506
v -8.021324 -0.588583 0.417506
v -8.048128 -0.534974 0.417506
v -8.076473 -0.477239 0.417506
v -8.106358 -0.415378 0.417506
v -8.137785 -0.349390 0.417506
v -8.170750 -0.279275 0.417506
v -8.205257 -0.205034 0.417506
v -8.241304 -0.126667 0.417506
v -8.278893 -0.044173 0.417506
v -8.318022 0.042447 0.417506
v -8.358690 0.133194 0.417506
v -8.400902 0.228067 0.417506
v -8.414438 0.261445 0.417506
v -8.429171 0.296957 0.417506
v -8.445095 0.334602 0.417506
v -8.462214 0.374380 0.417506
v -8.480526 0.416291 0.417506
v -8.500032 0.460336 0.417506
v -8.520735 0.506514 0.417506
v -8.542627 0.554825 0.417506
v -8.565718 0.605268 0.417506
v -8.589998 0.657845 0.417506
v -8.615477 0.712556 0.417506
v -8.642143 0.769399 0.417506
v -8.661901 0.801571 0.417506
v -8.683275 0.830946 0.417506
v -8.706268 0.857523 0.417506
v -8.730877 0.881303 0.417506
v -8.757103 0.902284 0.417506
v -8.784948 0.920469 0.417506
v -8.814411 0.935855 0.417506
v -8.845491 0.948445 0.417506
v -8.878187 0.958236 0.417506
v -8.912502 0.965230 0.417506
v -8.948435 0.969426 0.417506
v -8.985985 0.970825 0.417506
v -9.011625 0.970178 0.417506
v -9.036781 0.968237 0.417506
v -9.061460 0.965003 0.417506
v -9.085653 0.960474 0.417506
v -9.109369 0.954652 0.417506
v -9.132601 0.947535 0.417506
v -9.155354 0.939125 0.417506
v -9.177622 0.929421 0.417506
v -9.199411 0.918423 0.417506
v -9.220718 0.906131 0.417506
v -9.241545 0.892545 0.417506
v -9.261889 0.877666 0.417506
v -9.281155 0.861824 0.417506
v -9.298744 0.845354 0.417506
v -9.314661 0.828253 0.417506
v -9.328899 0.810524 0.417506
v -9.341465 0.792165 0.417506
v -9.352354 0.773176 0.417506
v -9.361568 0.753558 0.417506
v -9.369108 0.733310 0.417506
v -9.374971 0.712433 0.417506
v -9.379160 0.690927 0.417506
v -9.381672 0.668791 0.417506
v -9.382507 0.646026 0.417506
v -9.379387 0.625253 0.417506
v -9.370028 0.593151 0.417506
v -9.354429 0.549719 0.417506
v -9.332594 0.494956 0.417506
v -9.304518 0.428863 0.417506
v -9.270203 0.351440 0.417506
v -9.229649 0.262687 0.417506
v -9.182856 0.162603 0.417506
v -9.129826 0.051190 0.417506
v -9.070555 -0.071555 0.417506
v -9.005045 -0.205629 0.417506
v -5.863699 -1.023293 0.417506
v -5.756596 -1.151579 0.417506
v -5.644178 -1.268711 0.417506
v -5.526445 -1.374687 0.417506
v -5.403399 -1.469507 0.417506
v -5.275036 -1.553172 0.417506
v -5.141359 -1.625682 0.417506
v -5.002367 -1.687037 0.417506
v -4.858061 -1.737236 0.417506
v -4.708439 -1.776280 0.417506
v -4.553505 -1.804168 0.417506
v -4.393253 -1.820901 0.417506
v -4.227688 -1.826479 0.417506
v -4.092587 -1.823506 0.417506
v -3.960875 -1.814589 0.417506
v -3.832550 -1.799727 0.417506
v -3.707617 -1.778920 0.417506
v -3.586071 -1.752168 0.417506
v -3.467915 -1.719471 0.417506
v -3.353148 -1.680830 0.417506
v -3.241768 -1.636243 0.417506
v -3.133780 -1.585712 0.417506
v -3.029181 -1.529236 0.417506
v -2.927969 -1.466815 0.417506
v -2.830147 -1.398449 0.417506
v -2.731825 -1.320204 0.417506
v -2.642052 -1.238217 0.417506
v -2.560829 -1.152489 0.417506
v -2.488155 -1.063018 0.417506
v -2.424032 -0.969806 0.417506
v -2.368460 -0.872853 0.417506
v -2.321434 -0.772157 0.417506
v -2.282961 -0.667720 0.417506
v -2.253036 -0.559541 0.417506
v -2.231663 -0.447620 0.417506
v -2.218838 -0.331957 0.417506
v -2.214563 -0.212553 0.417506
v -2.218664 -0.070925 0.417506
v -2.230970 0.068604 0.417506
v -2.251476 0.206036 0.417506
v -2.280188 0.341369 0.417506
v -2.317102 0.474603 0.417506
v -2.362221 0.605740 0.417506
v -2.415541 0.734779 0.417506
v -2.477064 0.861719 0.417506
v -2.546791 0.986562 0.417506
v -2.624722 1.109306 0.417506
v -2.710854 1.229951 0.417506
v -2.805189 1.348499 0.417506
v -2.918032 1.475177 0.417506
v -3.035650 1.590840 0.417506
v -3.158043 1.695487 0.417506
v -3.285212 1.789119 0.417506
v -3.417156 1.871735 0.417506
v -3.553875 1.943335 0.417506
v -3.695368 2.003921 0.417506
v -3.841639 2.053491 0.417506
v -3.992685 2.092045 0.417506
v -4.148506 2.119584 0.417506
v -4.309103 2.136107 0.417506
v -4.474476 2.141614 0.417506
v -4.632397 2.138816 0.417506
v -4.783579 2.130423 0.417506
v -4.928020 2.116436 0.417506
v -5.065720 2.096853 0.417506
v -5.196682 2.071674 0.417506
v -5.320904 2.040901 0.417506
v -5.438387 2.004532 0.417506
v -5.549129 1.962569 0.417506
v -5.653131 1.915010 0.417506
v -5.750395 1.861856 0.417506
v -5.840918 1.803106 0.417506
v -5.924704 1.738762 0.417506
v -6.001766 1.668805 0.417506
v -6.072130 1.593217 0.417506
v -6.135792 1.512000 0.417506
v -6.192751 1.425153 0.417506
v -6.243011 1.332675 0.417506
v -6.286570 1.234567 0.417506
v -6.323425 1.130829 0.417506
v -6.353580 1.021461 0.417506
v -6.377035 0.906463 0.417506
v -6.393789 0.785835 0.417506
v -6.403841 0.659576 0.417506
v -6.407187 0.527688 0.417506
v -6.403412 0.386130 0.417506
v -6.392090 0.246810 0.417506
v -6.373219 0.109729 0.417506
v -6.346800 -0.025115 0.417506
v -6.312832 -0.157720 0.417506
v -6.271315 -0.288088 0.417506
v -6.222250 -0.416217 0.417506
v -6.165636 -0.542108 0.417506
v -6.101475 -0.665761 0.417506
v -6.029764 -0.787176 0.417506
v -5.950506 -0.906354 0.417506
v -5.359032 1.262893 0.417506
v -5.314762 1.294261 0.417506
v -5.265139 1.322901 0.417506
v -5.210161 1.348814 0.417506
v -5.149832 1.371999 0.417506
v -5.084150 1.392456 0.417506
v -5.013113 1.410185 0.417506
v -4.936724 1.425188 0.417506
v -4.854982 1.437462 0.417506
v -4.767887 1.447009 0.417506
v -4.675438 1.453828 0.417506
v -4.577635 1.457919 0.417506
v -4.474476 1.459283 0.417506
v -4.372650 1.455507 0.417506
v -4.273287 1.444176 0.417506
v -4.176390 1.425293 0.417506
v -4.081957 1.398855 0.417506
v -3.989988 1.364865 0.417506
v -3.900484 1.323321 0.417506
v -3.813446 1.274223 0.417506
v -3.728872 1.217572 0.417506
v -3.646765 1.153368 0.417506
v -3.567120 1.081609 0.417506
v -3.489943 1.002298 0.417506
v -3.415228 0.915433 0.417506
v -3.349237 0.829897 0.417506
v -3.288986 0.742822 0.417506
v -3.234472 0.654209 0.417506
v -3.185694 0.564056 0.417506
v -3.142656 0.472366 0.417506
v -3.105356 0.379136 0.417506
v -3.073795 0.284368 0.417506
v -3.047972 0.188061 0.417506
v -3.027887 0.090215 0.417506
v -3.013540 -0.009169 0.417506
v -3.004932 -0.110092 0.417506
v -3.002066 -0.212553 0.417506
v -3.004551 -0.281129 0.417506
v -3.012003 -0.347536 0.417506
v -3.024424 -0.411776 0.417506
v -3.041813 -0.473847 0.417506
v -3.064169 -0.533750 0.417506
v -3.091494 -0.591486 0.417506
v -3.123785 -0.647053 0.417506
v -3.161045 -0.700452 0.417506
v -3.203276 -0.751682 0.417506
v -3.250473 -0.800745 0.417506
v -3.302639 -0.847639 0.417506
v -3.359770 -0.892366 0.417506
v -3.418329 -0.932581 0.417506
v -3.479389 -0.969299 0.417506
v -3.542955 -1.002521 0.417506
v -3.609024 -1.032245 0.417506
v -3.677595 -1.058472 0.417506
v -3.748671 -1.081203 0.417506
v -3.822248 -1.100436 0.417506
v -3.898331 -1.116172 0.417506
v -3.976915 -1.128412 0.417506
v -4.058004 -1.137154 0.417506
v -4.141596 -1.142400 0.417506
v -4.227688 -1.144148 0.417506
v -4.327955 -1.140372 0.417506
v -4.425411 -1.129041 0.417506
v -4.520056 -1.110158 0.417506
v -4.611889 -1.083720 0.417506
v -4.700911 -1.049730 0.417506
v -4.787121 -1.008186 0.417506
v -4.870520 -0.959088 0.417506
v -4.951107 -0.902437 0.417506
v -5.028883 -0.838232 0.417506
v -5.103848 -0.766474 0.417506
v -5.176001 -0.687163 0.417506
v -5.245342 -0.600298 0.417506
v -5.305132 -0.516685 0.417506
v -5.359724 -0.431184 0.417506
v -5.409115 -0.343795 0.417506
v -5.453308 -0.254517 0.417506
v -5.492302 -0.163350 0.417506
v -5.526098 -0.070296 0.417506
v -5.554693 0.024647 0.417506
v -5.578091 0.121479 0.417506
v -5.596287 0.220198 0.417506
v -5.609285 0.320807 0.417506
v -5.617085 0.423303 0.417506
v -5.619684 0.527688 0.417506
v -5.617876 0.613574 0.417506
v -5.612446 0.694983 0.417506
v -5.603394 0.771917 0.417506
v -5.590723 0.844374 0.417506
v -5.574432 0.912356 0.417506
v -5.554522 0.975861 0.417506
v -5.530991 1.034889 0.417506
v -5.503839 1.089442 0.417506
v -5.473068 1.139519 0.417506
v -5.438677 1.185120 0.417506
v -5.400665 1.226244 0.417506
v 1.085187 -1.637642 0.417505
v 1.150216 -1.661771 0.417505
v 1.215899 -1.683802 0.417505
v 1.282237 -1.703735 0.417505
v 1.349229 -1.721570 0.417505
v 1.416876 -1.737306 0.417505
v 1.485178 -1.750944 0.417505
v 1.554135 -1.762484 0.417505
v 1.623747 -1.771926 0.417505
v 1.694013 -1.779270 0.417505
v 1.764933 -1.784515 0.417505
v 1.836508 -1.787663 0.417505
v 1.908738 -1.788712 0.417505
v 2.017517 -1.786718 0.417505
v 2.122945 -1.780738 0.417505
v 2.225022 -1.770772 0.417505
v 2.323750 -1.756819 0.417505
v 2.419127 -1.738880 0.417505
v 2.511152 -1.716954 0.417505
v 2.599828 -1.691041 0.417505
v 2.685152 -1.661142 0.417505
v 2.767126 -1.627256 0.417505
v 2.845749 -1.589384 0.417505
v 2.921022 -1.547525 0.417505
v 2.992942 -1.501679 0.417505
v 3.067348 -1.447004 0.417505
v 3.135284 -1.388727 0.417505
v 3.196751 -1.326848 0.417505
v 3.251746 -1.261367 0.417505
v 3.300272 -1.192284 0.417505
v 3.342328 -1.119599 0.417505
v 3.377913 -1.043313 0.417505
v 3.407029 -0.963424 0.417505
v 3.429675 -0.879934 0.417505
v 3.445850 -0.792842 0.417505
v 3.455556 -0.702147 0.417505
v 3.458789 -0.607852 0.417505
v 3.456228 -0.503047 0.417505
v 3.448545 -0.400970 0.417505
v 3.435740 -0.301621 0.417505
v 3.417813 -0.204999 0.417505
v 3.394763 -0.111105 0.417505
v 3.366590 -0.019939 0.417505
v 3.333297 0.068500 0.417505
v 3.294881 0.154211 0.417505
v 3.251343 0.237194 0.417505
v 3.202682 0.317450 0.417505
v 3.148899 0.394978 0.417505
v 3.089994 0.469778 0.417505
v 3.019612 0.547795 0.417505
v 2.945264 0.619029 0.417505
v 2.866949 0.683478 0.417505
v 2.784667 0.741143 0.417505
v 2.698419 0.792024 0.417505
v 2.608203 0.836121 0.417505
v 2.514020 0.873434 0.417505
v 2.415872 0.903963 0.417505
v 2.313756 0.927707 0.417505
v 2.207673 0.944667 0.417505
v 2.097623 0.954844 0.417505
v 1.983606 0.958236 0.417505
v 1.904328 0.957257 0.417505
v 1.827322 0.954319 0.417505
v 1.752589 0.949424 0.417505
v 1.680127 0.942569 0.417505
v 1.609939 0.933757 0.417505
v 1.542022 0.922987 0.417505
v 1.476377 0.910258 0.417505
v 1.413005 0.895571 0.417505
v 1.351905 0.878925 0.417505
v 1.293077 0.860321 0.417505
v 1.236523 0.839759 0.417505
v 1.182239 0.817238 0.417505
v 1.115361 0.784751 0.417505
v 1.054300 0.749396 0.417505
v 0.999054 0.711174 0.417505
v 0.949623 0.670085 0.417505
v 0.906008 0.626128 0.417505
v 0.868209 0.579303 0.417505
v 0.836224 0.529611 0.417505
v 0.810054 0.477051 0.417505
v 0.789701 0.421624 0.417505
v 0.775162 0.363330 0.417505
v 0.766439 0.302168 0.417505
v 0.763531 0.238138 0.417505
v 0.765900 0.192415 0.417505
v 0.773005 0.147566 0.417505
v 0.784847 0.103592 0.417505
v 0.801428 0.060491 0.417505
v 0.822744 0.018265 0.417505
v 0.848798 -0.023087 0.417505
v 0.879588 -0.063564 0.417505
v 0.915116 -0.103167 0.417505
v 0.955380 -0.141896 0.417505
v 1.000382 -0.179751 0.417505
v 1.050121 -0.216732 0.417505
v 1.104597 -0.252838 0.417505
v 1.132653 -0.269833 0.417505
v 1.165061 -0.288088 0.417505
v 1.201822 -0.307601 0.417505
v 1.242934 -0.328373 0.417505
v 1.288399 -0.350404 0.417505
v 1.338215 -0.373694 0.417505
v 1.392383 -0.398243 0.417505
v 1.450903 -0.424050 0.417505
v 1.513775 -0.451117 0.417505
v 1.580998 -0.479442 0.417505
v 1.652574 -0.509027 0.417505
v 1.728500 -0.539870 0.417505
v 2.662967 -0.915026 0.417505
v 2.640398 -0.936393 0.417505
v 2.617060 -0.956850 0.417505
v 2.592951 -0.976398 0.417505
v 2.568071 -0.995037 0.417505
v 2.542422 -1.012767 0.417505
v 2.516003 -1.029587 0.417505
v 2.488812 -1.045498 0.417505
v 2.460853 -1.060500 0.417505
v 2.432122 -1.074593 0.417505
v 2.402621 -1.087777 0.417505
v 2.372351 -1.100051 0.417505
v 2.341311 -1.111417 0.417505
v 2.309499 -1.121872 0.417505
v 2.276917 -1.131419 0.417505
v 2.243566 -1.140057 0.417505
v 2.209444 -1.147785 0.417505
v 2.174551 -1.154604 0.417505
v 2.138888 -1.160514 0.417505
v 2.102456 -1.165515 0.417505
v 2.065253 -1.169606 0.417505
v 2.027280 -1.172789 0.417505
v 1.988536 -1.175062 0.417505
v 1.949022 -1.176425 0.417505
v 1.908738 -1.176880 0.417505
v 1.847599 -1.175918 0.417505
v 1.788040 -1.173033 0.417505
v 1.730060 -1.168225 0.417505
v 1.673658 -1.161493 0.417505
v 1.618835 -1.152838 0.417505
v 1.565592 -1.142260 0.417505
v 1.513927 -1.129758 0.417505
v 1.463842 -1.115333 0.417505
v 1.415336 -1.098985 0.417505
v 1.368408 -1.080713 0.417505
v 1.323060 -1.060518 0.417505
v 1.279290 -1.038400 0.417505
v 1.241568 -1.018694 0.417505
v 1.205114 -1.000702 0.417505
v 1.169933 -0.984424 0.417505
v 1.136023 -0.969859 0.417505
v 1.103383 -0.957007 0.417505
v 1.072015 -0.945870 0.417505
v 1.041918 -0.936445 0.417505
v 1.013091 -0.928734 0.417505
v 0.985536 -0.922737 0.417505
v 0.959250 -0.918453 0.417505
v 0.934237 -0.915883 0.417505
v 0.910495 -0.915026 0.417505
v 0.864433 -0.916792 0.417505
v 0.822378 -0.922090 0.417505
v 0.784328 -0.930920 0.417505
v 0.750281 -0.943282 0.417505
v 0.720243 -0.959176 0.417505
v 0.694208 -0.978601 0.417505
v 0.672178 -1.001559 0.417505
v 0.654155 -1.028049 0.417505
v 0.640136 -1.058070 0.417505
v 0.630123 -1.091624 0.417505
v 0.624115 -1.128709 0.417505
v 0.622112 -1.169327 0.417505
v 0.625328 -1.216431 0.417505
v 0.634975 -1.262066 0.417505
v 0.651054 -1.306233 0.417505
v 0.673565 -1.348931 0.417505
v 0.702507 -1.390161 0.417505
v 0.737881 -1.429922 0.417505
v 0.779687 -1.468213 0.417505
v 0.827923 -1.505037 0.417505
v 0.882592 -1.540391 0.417505
v 0.943691 -1.574277 0.417505
v 1.011224 -1.606694 0.417505
v 1.498349 0.253245 0.417505
v 1.530104 0.268527 0.417505
v 1.563436 0.282479 0.417505
v 1.598347 0.295104 0.417505
v 1.634837 0.306399 0.417505
v 1.672907 0.316365 0.417505
v 1.712556 0.325003 0.417505
v 1.753783 0.332311 0.417505
v 1.796590 0.338291 0.417505
v 1.840975 0.342942 0.417505
v 1.886940 0.346264 0.417505
v 1.934484 0.348258 0.417505
v 1.983606 0.348922 0.417505
v 2.026067 0.347838 0.417505
v 2.067487 0.344586 0.417505
v 2.107867 0.339166 0.417505
v 2.147208 0.331577 0.417505
v 2.185509 0.321821 0.417505
v 2.222770 0.309896 0.417505
v 2.258991 0.295803 0.417505
v 2.294172 0.279542 0.417505
v 2.328315 0.261113 0.417505
v 2.361416 0.240516 0.417505
v 2.393478 0.217751 0.417505
v 2.424498 0.192817 0.417505
v 2.454499 0.165715 0.417505
v 2.483499 0.136446 0.417505
v 2.511497 0.105008 0.417505
v 2.538494 0.071402 0.417505
v 2.564490 0.035628 0.417505
v 2.589485 -0.002315 0.417505
v 2.613479 -0.042425 0.417505
v 2.636471 -0.084703 0.417505
v 2.658462 -0.129150 0.417505
v 2.679451 -0.175765 0.417505
v 2.699438 -0.224548 0.417505
v 2.718425 -0.275499 0.417505
v 2.666222 -0.254954 0.417505
v 2.614057 -0.234444 0.417505
v 2.561930 -0.213969 0.417505
v 2.509841 -0.193529 0.417505
v 2.457791 -0.173124 0.417505
v 2.405780 -0.152754 0.417505
v 2.353807 -0.132419 0.417505
v 2.301873 -0.112120 0.417505
v 2.249977 -0.091855 0.417505
v 2.198120 -0.071625 0.417505
v 2.146301 -0.051429 0.417505
v 2.094522 -0.031269 0.417505
v 2.033192 -0.005829 0.417505
v 1.973979 0.019297 0.417505
v 1.916884 0.044108 0.417505
v 1.861907 0.068604 0.417505
v 1.809049 0.092786 0.417505
v 1.758308 0.116653 0.417505
v 1.709686 0.140205 0.417505
v 1.663182 0.163442 0.417505
v 1.618796 0.186365 0.417505
v 1.576530 0.208973 0.417505
v 1.536380 0.231266 0.417505
v 6.974827 0.771917 0.417505
v 6.974999 0.778491 0.417505
v 6.975519 0.780589 0.417505
v 6.976386 0.778212 0.417505
v 6.977598 0.771358 0.417505
v 6.979158 0.760027 0.417505
v 6.981065 0.744221 0.417505
v 6.983318 0.723939 0.417505
v 6.985917 0.699180 0.417505
v 6.988863 0.669945 0.417505
v 6.992156 0.636235 0.417505
v 6.995795 0.598047 0.417505
v 6.999782 0.555384 0.417505
v 6.930305 0.625761 0.417505
v 6.861445 0.690018 0.417505
v 6.793201 0.748155 0.417505
v 6.725574 0.800172 0.417505
v 6.658563 0.846070 0.417505
v 6.592167 0.885848 0.417505
v 6.526387 0.919507 0.417505
v 6.461225 0.947046 0.417505
v 6.396677 0.968465 0.417505
v 6.332747 0.983764 0.417505
v 6.269432 0.992944 0.417505
v 6.206733 0.996003 0.417505
v 6.137140 0.993958 0.417505
v 6.070706 0.987820 0.417505
v 6.007430 0.977592 0.417505
v 5.947312 0.963271 0.417505
v 5.890352 0.944860 0.417505
v 5.836550 0.922357 0.417505
v 5.785907 0.895762 0.417505
v 5.738420 0.865076 0.417505
v 5.694093 0.830299 0.417505
v 5.652923 0.791430 0.417505
v 5.614911 0.748469 0.417505
v 5.580058 0.701418 0.417505
v 5.551617 0.723606 0.417505
v 5.522675 0.744850 0.417505
v 5.493232 0.765150 0.417505
v 5.463288 0.784506 0.417505
v 5.432845 0.802917 0.417505
v 5.401899 0.820385 0.417505
v 5.370454 0.836908 0.417505
v 5.338508 0.852487 0.417505
v 5.306062 0.867122 0.417505
v 5.273114 0.880813 0.417505
v 5.239666 0.893559 0.417505
v 5.205716 0.905362 0.417505
v 5.171287 0.916220 0.417505
v 5.136395 0.926134 0.417505
v 5.101040 0.935103 0.417505
v 5.065223 0.943129 0.417505
v 5.028944 0.950210 0.417505
v 4.992204 0.956348 0.417505
v 4.955001 0.961541 0.417505
v 4.917336 0.965790 0.417505
v 4.879208 0.969094 0.417505
v 4.840618 0.971455 0.417505
v 4.801567 0.972871 0.417505
v 4.762053 0.973343 0.417505
v 4.673898 0.969933 0.417505
v 4.590594 0.959705 0.417505
v 4.512144 0.942657 0.417505
v 4.438547 0.918790 0.417505
v 4.369802 0.888104 0.417505
v 4.305910 0.850599 0.417505
v 4.246870 0.806275 0.417505
v 4.192683 0.755131 0.417505
v 4.143349 0.697169 0.417505
v 4.098866 0.632387 0.417505
v 4.059237 0.560787 0.417505
v 4.024462 0.482367 0.417505
v 4.017702 0.462242 0.417505
v 4.010365 0.435437 0.417505
v 4.002451 0.401954 0.417505
v 3.993959 0.361791 0.417505
v 3.984890 0.314949 0.417505
v 3.975242 0.261428 0.417505
v 3.965017 0.201227 0.417505
v 3.954214 0.134348 0.417505
v 3.942834 0.060789 0.417505
v 3.930876 -0.019450 0.417505
v 3.918340 -0.106367 0.417505
v 3.905227 -0.199964 0.417505
v 3.891978 -0.271722 0.417505
v 3.878113 -0.351033 0.417505
v 3.863633 -0.437898 0.417505
v 3.848536 -0.532317 0.417505
v 3.832823 -0.634289 0.417505
v 3.816493 -0.743814 0.417505
v 3.799548 -0.860893 0.417505
v 3.781986 -0.985525 0.417505
v 3.763808 -1.117711 0.417505
v 3.745014 -1.257450 0.417505
v 3.725604 -1.404743 0.417505
v 3.705578 -1.559590 0.417505
v 3.704634 -1.583159 0.417505
v 3.705501 -1.606029 0.417505
v 3.708178 -1.628200 0.417505
v 3.712664 -1.649672 0.417505
v 3.718961 -1.670444 0.417505
v 3.727068 -1.690516 0.417505
v 3.736985 -1.709890 0.417505
v 3.748713 -1.728564 0.417505
v 3.762250 -1.746538 0.417505
v 3.777596 -1.763813 0.417505
v 3.794754 -1.780389 0.417505
v 3.813721 -1.796265 0.417505
v 3.833882 -1.811145 0.417505
v 3.854622 -1.824730 0.417505
v 3.875938 -1.837022 0.417505
v 3.897833 -1.848020 0.417505
v 3.920304 -1.857724 0.417505
v 3.943354 -1.866135 0.417505
v 3.966982 -1.873251 0.417505
v 3.991186 -1.879074 0.417505
v 4.015968 -1.883602 0.417505
v 4.041329 -1.886837 0.417505
v 4.067267 -1.888778 0.417505
v 4.093783 -1.889425 0.417505
v 4.145102 -1.887431 0.417505
v 4.192760 -1.881451 0.417505
v 4.236761 -1.871485 0.417505
v 4.277102 -1.857532 0.417505
v 4.313787 -1.839593 0.417505
v 4.346811 -1.817667 0.417505
v 4.376177 -1.791754 0.417505
v 4.401884 -1.761855 0.417505
v 4.423932 -1.727969 0.417505
v 4.442322 -1.690097 0.417505
v 4.457053 -1.648238 0.417505
v 4.468124 -1.602392 0.417505
v 4.476462 -1.557684 0.417505
v 4.484838 -1.510002 0.417505
v 4.493254 -1.459349 0.417505
v 4.501707 -1.405722 0.417505
v 4.510199 -1.349124 0.417505
v 4.518729 -1.289553 0.417505
v 4.527298 -1.227009 0.417505
v 4.535906 -1.161493 0.417505
v 4.544552 -1.093005 0.417505
v 4.553236 -1.021544 0.417505
v 4.561959 -0.947111 0.417505
v 4.570722 -0.869705 0.417505
v 4.579830 -0.785358 0.417505
v 4.588669 -0.705207 0.417505
v 4.597238 -0.629253 0.417505
v 4.605537 -0.557495 0.417505
v 4.613567 -0.489933 0.417505
v 4.621327 -0.426568 0.417505
v 4.628819 -0.367399 0.417505
v 4.636039 -0.312427 0.417505
v 4.642990 -0.261650 0.417505
v 4.649673 -0.215071 0.417505
v 4.656084 -0.172687 0.417505
v 4.662229 -0.134500 0.417505
v 4.674995 -0.062515 0.417505
v 4.688339 0.003211 0.417505
v 4.702262 0.062677 0.417505
v 4.716762 0.115883 0.417505
v 4.731839 0.162830 0.417505
v 4.747495 0.203518 0.417505
v 4.763727 0.237946 0.417505
v 4.780539 0.266114 0.417505
v 4.797927 0.288022 0.417505
v 4.815893 0.303671 0.417505
v 4.834436 0.313061 0.417505
v 4.853559 0.316190 0.417505
v 4.865324 0.315386 0.417505
v 4.879362 0.312973 0.417505
v 4.895672 0.308952 0.417505
v 4.914254 0.303322 0.417505
v 4.935108 0.296083 0.417505
v 4.958236 0.287235 0.417505
v 4.983634 0.276780 0.417505
v 5.011306 0.264715 0.417505
v 5.041249 0.251042 0.417505
v 5.073464 0.235760 0.417505
v 5.107952 0.218869 0.417505
v 5.144711 0.200370 0.417505
v 5.181761 0.181294 0.417505
v 5.217115 0.162673 0.417505
v 5.250775 0.144506 0.417505
v 5.282742 0.126794 0.417505
v 5.313012 0.109536 0.417505
v 5.341589 0.092733 0.417505
v 5.368470 0.076385 0.417505
v 5.393658 0.060491 0.417505
v 5.417150 0.045052 0.417505
v 5.438949 0.030067 0.417505
v 5.459052 0.015538 0.417505
v 5.477461 0.001462 0.417505
v 5.476940 -0.048125 0.417505
v 5.475380 -0.101209 0.417505
v 5.472780 -0.157790 0.417505
v 5.469140 -0.217868 0.417505
v 5.464460 -0.281444 0.417505
v 5.458741 -0.348516 0.417505
v 5.451982 -0.419085 0.417505
v 5.444182 -0.493151 0.417505
v 5.435344 -0.570714 0.417505
v 5.425466 -0.651774 0.417505
v 5.414547 -0.736331 0.417505
v 5.402592 -0.824384 0.417505
v 5.390191 -0.914362 0.417505
v 5.378869 -1.000492 0.417505
v 5.368625 -1.082776 0.417505
v 5.359459 -1.161214 0.417505
v 5.351371 -1.235804 0.417505
v 5.344361 -1.306548 0.417505
v 5.338431 -1.373445 0.417505
v 5.333578 -1.436496 0.417505
v 5.329804 -1.495700 0.417505
v 5.327108 -1.551057 0.417505
v 5.325491 -1.602567 0.417505
v 5.324950 -1.650231 0.417505
v 5.325701 -1.673818 0.417505
v 5.327954 -1.696741 0.417505
v 5.331709 -1.718999 0.417505
v 5.336966 -1.740593 0.417505
v 5.343725 -1.761523 0.417505
v 5.351987 -1.781788 0.417505
v 5.361750 -1.801388 0.417505
v 5.373014 -1.820324 0.417505
v 5.385781 -1.838596 0.417505
v 5.400050 -1.856203 0.417505
v 5.415821 -1.873146 0.417505
v 5.433094 -1.889425 0.417505
v 5.451522 -1.904706 0.417505
v 5.470759 -1.918659 0.417505
v 5.490805 -1.931283 0.417505
v 5.511660 -1.942579 0.417505
v 5.533322 -1.952545 0.417505
v 5.555794 -1.961183 0.417505
v 5.579075 -1.968491 0.417505
v 5.603165 -1.974471 0.417505
v 5.628063 -1.979122 0.417505
v 5.653770 -1.982444 0.417505
v 5.680286 -1.984437 0.417505
v 5.707611 -1.985102 0.417505
v 5.734936 -1.984437 0.417505
v 5.761452 -1.982444 0.417505
v 5.787158 -1.979122 0.417505
v 5.812057 -1.974471 0.417505
v 5.836146 -1.968491 0.417505
v 5.859427 -1.961183 0.417505
v 5.881900 -1.952545 0.417505
v 5.903563 -1.942579 0.417505
v 5.924417 -1.931283 0.417505
v 5.944463 -1.918659 0.417505
v 5.963700 -1.904706 0.417505
v 5.982128 -1.889425 0.417505
v 5.999401 -1.873146 0.417505
v 6.015172 -1.856203 0.417505
v 6.029442 -1.838596 0.417505
v 6.042209 -1.820324 0.417505
v 6.053473 -1.801388 0.417505
v 6.063236 -1.781788 0.417505
v 6.071496 -1.761523 0.417505
v 6.078256 -1.740593 0.417505
v 6.083512 -1.718999 0.417505
v 6.087268 -1.696741 0.417505
v 6.089520 -1.673818 0.417505
v 6.090271 -1.650231 0.417505
v 6.090743 -1.600513 0.417505
v 6.092158 -1.547035 0.417505
v 6.094518 -1.489799 0.417505
v 6.097820 -1.428802 0.417505
v 6.102066 -1.364047 0.417505
v 6.107255 -1.295532 0.417505
v 6.113388 -1.223259 0.417505
v 6.120465 -1.147226 0.417505
v 6.128486 -1.067433 0.417505
v 6.137448 -0.983882 0.417505
v 6.147356 -0.896571 0.417505
v 6.158207 -0.805501 0.417505
v 6.169058 -0.714431 0.417505
v 6.178966 -0.627120 0.417505
v 6.187929 -0.543568 0.417505
v 6.195949 -0.463776 0.417505
v 6.203026 -0.387743 0.417505
v 6.209159 -0.315469 0.417505
v 6.214349 -0.246955 0.417505
v 6.218595 -0.182199 0.417505
v 6.221896 -0.121203 0.417505
v 6.224256 -0.063966 0.417505
v 6.225671 -0.010489 0.417505
v 6.226143 0.039230 0.417505
v 6.226356 0.065632 0.417505
v 6.226991 0.091125 0.417505
v 6.228049 0.115709 0.417505
v 6.229532 0.139383 0.417505
v 6.231439 0.162148 0.417505
v 6.233769 0.184005 0.417505
v 6.236523 0.204952 0.417505
v 6.239700 0.224989 0.417505
v 6.243301 0.244118 0.417505
v 6.247327 0.262337 0.417505
v 6.251775 0.279647 0.417505
v 6.256646 0.296048 0.417505
v 6.310275 0.266376 0.417505
v 6.363941 0.233592 0.417505
v 6.417647 0.197695 0.417505
v 6.471392 0.158686 0.417505
v 6.525174 0.116565 0.417505
v 6.578996 0.071332 0.417505
v 6.632855 0.022986 0.417505
v 6.686753 -0.028472 0.417505
v 6.740690 -0.083042 0.417505
v 6.794665 -0.140725 0.417505
v 6.848680 -0.201520 0.417505
v 6.902731 -0.265427 0.417505
v 6.905177 -0.268487 0.417505
v 6.907892 -0.271792 0.417505
v 6.910876 -0.275341 0.417505
v 6.914131 -0.279136 0.417505
v 6.917655 -0.283175 0.417505
v 6.921448 -0.287458 0.417505
v 6.925511 -0.291987 0.417505
v 6.929843 -0.296760 0.417505
v 6.934446 -0.301779 0.417505
v 6.939318 -0.307042 0.417505
v 6.944459 -0.312549 0.417505
v 6.949870 -0.318302 0.417505
v 6.951641 -0.401547 0.417505
v 6.953259 -0.481750 0.417505
v 6.954721 -0.558911 0.417505
v 6.956031 -0.633030 0.417505
v 6.957186 -0.704106 0.417505
v 6.958187 -0.772140 0.417505
v 6.959035 -0.837131 0.417505
v 6.959728 -0.899080 0.417505
v 6.960268 -0.957987 0.417505
v 6.960653 -1.013851 0.417505
v 6.960884 -1.066673 0.417505
v 6.960961 -1.116452 0.417505
v 6.960999 -1.128543 0.417505
v 6.961115 -1.141316 0.417505
v 6.961307 -1.154770 0.417505
v 6.961576 -1.168907 0.417505
v 6.961923 -1.183725 0.417505
v 6.962346 -1.199226 0.417505
v 6.962846 -1.215408 0.417505
v 6.963424 -1.232272 0.417505
v 6.964078 -1.249818 0.417505
v 6.964809 -1.268046 0.417505
v 6.965618 -1.286956 0.417505
v 6.966508 -1.306548 0.417505
v 6.967394 -1.326052 0.417505
v 6.968203 -1.344700 0.417505
v 6.968934 -1.362491 0.417505
v 6.969588 -1.379425 0.417505
v 6.970166 -1.395502 0.417505
v 6.970666 -1.410723 0.417505
v 6.971089 -1.425087 0.417505
v 6.971436 -1.438594 0.417505
v 6.971705 -1.451244 0.417505
v 6.971897 -1.463038 0.417505
v 6.972013 -1.473975 0.417505
v 6.972054 -1.484055 0.417505
v 6.972901 -1.506313 0.417505
v 6.975443 -1.527767 0.417505
v 6.979679 -1.548417 0.417505
v 6.985610 -1.568262 0.417505
v 6.993236 -1.587303 0.417505
v 7.002556 -1.605540 0.417505
v 7.013571 -1.622972 0.417505
v 7.026279 -1.639600 0.417505
v 7.040683 -1.655424 0.417505
v 7.056781 -1.670444 0.417505
v 7.074574 -1.684659 0.417505
v 7.094061 -1.698070 0.417505
v 7.112913 -1.709732 0.417505
v 7.132496 -1.720381 0.417505
v 7.152812 -1.730015 0.417505
v 7.173859 -1.738635 0.417505
v 7.195638 -1.746241 0.417505
v 7.218148 -1.752833 0.417505
v 7.241391 -1.758410 0.417505
v 7.265365 -1.762974 0.417505
v 7.290071 -1.766523 0.417505
v 7.315508 -1.769059 0.417505
v 7.341677 -1.770580 0.417505
v 7.368578 -1.771087 0.417505
v 7.406802 -1.769793 0.417505
v 7.442907 -1.765911 0.417505
v 7.476894 -1.759442 0.417505
v 7.508763 -1.750385 0.417505
v 7.538514 -1.738740 0.417505
v 7.566146 -1.724507 0.417505
v 7.591660 -1.707687 0.417505
v 7.615057 -1.688278 0.417505
v 7.636335 -1.666282 0.417505
v 7.655495 -1.641698 0.417505
v 7.672536 -1.614527 0.417505
v 7.687462 -1.584768 0.417505
v 7.696763 -1.562754 0.417505
v 7.705255 -1.538678 0.417505
v 7.712937 -1.512538 0.417505
v 7.719812 -1.484334 0.417505
v 7.725878 -1.454068 0.417505
v 7.731135 -1.421739 0.417505
v 7.735583 -1.387346 0.417505
v 7.739222 -1.350890 0.417505
v 7.742053 -1.312371 0.417505
v 7.744075 -1.271788 0.417505
v 7.745288 -1.229142 0.417505
v 7.745693 -1.184433 0.417505
v 7.745693 -0.247802 0.417505
v 7.745770 -0.226008 0.417505
v 7.746001 -0.202587 0.417505
v 7.746386 -0.177539 0.417505
v 7.746925 -0.150866 0.417505
v 7.747618 -0.122567 0.417505
v 7.748465 -0.092641 0.417505
v 7.749466 -0.061090 0.417505
v 7.750622 -0.027912 0.417505
v 7.751932 0.006891 0.417505
v 7.753395 0.043321 0.417505
v 7.755013 0.081377 0.417505
v 7.756784 0.121059 0.417505
v 7.758556 0.160741 0.417505
v 7.760173 0.198797 0.417505
v 7.761637 0.235227 0.417505
v 7.762946 0.270030 0.417505
v 7.764102 0.303208 0.417505
v 7.765103 0.334759 0.417505
v 7.765950 0.364685 0.417505
v 7.766643 0.392984 0.417505
v 7.767182 0.419657 0.417505
v 7.767567 0.444705 0.417505
v 7.767798 0.468126 0.417505
v 7.767876 0.489920 0.417505
v 7.767260 0.526971 0.417505
v 7.765411 0.563427 0.417505
v 7.762330 0.599289 0.417505
v 7.758017 0.634556 0.417505
v 7.752471 0.669228 0.417505
v 7.745693 0.703306 0.417505
v 7.737682 0.736790 0.417505
v 7.728439 0.769679 0.417505
v 7.717964 0.801973 0.417505
v 7.706256 0.833673 0.417505
v 7.693316 0.864779 0.417505
v 7.679142 0.895290 0.417505
v 7.660502 0.931484 0.417505
v 7.640630 0.964530 0.417505
v 7.619525 0.994430 0.417505
v 7.597188 1.021182 0.417505
v 7.573618 1.044786 0.417505
v 7.548817 1.065243 0.417505
v 7.522782 1.082554 0.417505
v 7.495515 1.096716 0.417505
v 7.467016 1.107732 0.417505
v 7.437284 1.115600 0.417505
v 7.406320 1.120321 0.417505
v 7.374124 1.121895 0.417505
v 7.348475 1.121134 0.417505
v 7.323287 1.118852 0.417505
v 7.298562 1.115049 0.417505
v 7.274299 1.109725 0.417505
v 7.250499 1.102880 0.417505
v 7.227160 1.094513 0.417505
v 7.204284 1.084625 0.417505
v 7.181869 1.073216 0.417505
v 7.159917 1.060286 0.417505
v 7.138427 1.045835 0.417505
v 7.117399 1.029862 0.417505
v 7.096834 1.012369 0.417505
v 7.077346 0.993966 0.417505
v 7.059554 0.975266 0.417505
v 7.043456 0.956269 0.417505
v 7.029052 0.936974 0.417505
v 7.016343 0.917382 0.417505
v 7.005328 0.897493 0.417505
v 6.996008 0.877307 0.417505
v 6.988383 0.856824 0.417505
v 6.982452 0.836043 0.417505
v 6.978216 0.814965 0.417505
v 6.975674 0.793589 0.417505
v 8.221245 -1.750944 0.417505
v 8.240202 -1.765020 0.417505
v 8.259642 -1.777871 0.417505
v 8.279562 -1.789498 0.417505
v 8.299964 -1.799902 0.417505
v 8.320847 -1.809082 0.417505
v 8.342212 -1.817037 0.417505
v 8.364058 -1.823769 0.417505
v 8.386385 -1.829277 0.417505
v 8.409194 -1.833560 0.417505
v 8.432485 -1.836620 0.417505
v 8.456257 -1.838456 0.417505
v 8.480511 -1.839068 0.417505
v 8.502810 -1.837320 0.417505
v 8.527188 -1.832074 0.417505
v 8.553646 -1.823332 0.417505
v 8.582184 -1.811092 0.417505
v 8.612802 -1.795356 0.417505
v 8.645498 -1.776122 0.417505
v 8.680275 -1.753392 0.417505
v 8.717132 -1.727165 0.417505
v 8.756067 -1.697440 0.417505
v 8.797083 -1.664219 0.417505
v 8.840179 -1.627501 0.417505
v 8.885353 -1.587286 0.417505
v 8.927448 -1.605374 0.417505
v 8.968695 -1.622710 0.417505
v 9.009094 -1.639294 0.417505
v 9.048647 -1.655127 0.417505
v 9.087353 -1.670208 0.417505
v 9.125210 -1.684537 0.417505
v 9.162220 -1.698114 0.417505
v 9.198383 -1.710939 0.417505
v 9.233700 -1.723012 0.417505
v 9.268168 -1.734334 0.417505
v 9.301790 -1.744903 0.417505
v 9.334564 -1.754721 0.417505
v 9.366510 -1.763769 0.417505
v 9.397647 -1.772031 0.417505
v 9.427976 -1.779506 0.417505
v 9.457496 -1.786194 0.417505
v 9.486206 -1.792095 0.417505
v 9.514109 -1.797209 0.417505
v 9.541203 -1.801537 0.417505
v 9.567488 -1.805077 0.417505
v 9.592964 -1.807831 0.417505
v 9.617631 -1.809798 0.417505
v 9.641489 -1.810979 0.417505
v 9.664539 -1.811372 0.417505
v 9.773597 -1.809116 0.417505
v 9.878014 -1.802350 0.417505
v 9.977790 -1.791072 0.417505
v 10.072926 -1.775283 0.417505
v 10.163420 -1.754983 0.417505
v 10.249273 -1.730172 0.417505
v 10.330487 -1.700850 0.417505
v 10.407060 -1.667017 0.417505
v 10.478991 -1.628672 0.417505
v 10.546282 -1.585817 0.417504
v 10.608932 -1.538450 0.417504
v 10.666943 -1.486573 0.417504
v 10.720310 -1.430201 0.417504
v 10.769039 -1.369354 0.417504
v 10.813126 -1.304030 0.417504
v 10.852572 -1.234230 0.417504
v 10.887378 -1.159955 0.417504
v 10.917543 -1.081203 0.417504
v 10.943068 -0.997975 0.417504
v 10.963951 -0.910270 0.417504
v 10.980194 -0.818090 0.417504
v 10.991796 -0.721433 0.417504
v 10.998756 -0.620301 0.417504
v 11.001077 -0.514692 0.417504
v 10.997649 -0.414775 0.417504
v 10.987366 -0.317288 0.417504
v 10.970228 -0.222231 0.417504
v 10.946235 -0.129605 0.417504
v 10.915386 -0.039409 0.417504
v 10.877682 0.048357 0.417504
v 10.833124 0.133692 0.417504
v 10.781710 0.216596 0.417504
v 10.723440 0.297071 0.417504
v 10.658316 0.375114 0.417504
v 10.586336 0.450728 0.417504
v 10.507501 0.523911 0.417504
v 10.423889 0.592880 0.417504
v 10.337584 0.655852 0.417504
v 10.248581 0.712826 0.417504
v 10.156883 0.763804 0.417504
v 10.062489 0.808784 0.417504
v 9.965399 0.847766 0.417504
v 9.865613 0.880751 0.417504
v 9.763130 0.907739 0.417504
v 9.657953 0.928730 0.417504
v 9.550079 0.943723 0.417504
v 9.439510 0.952719 0.417504
v 9.326244 0.955718 0.417504
v 9.281763 0.954774 0.417504
v 9.236126 0.951941 0.417505
v 9.189333 0.947221 0.417505
v 9.141386 0.940611 0.417505
v 9.092282 0.932113 0.417505
v 9.042024 0.921727 0.417505
v 8.990609 0.909453 0.417505
v 8.938040 0.895290 0.417505
v 8.884315 0.879239 0.417505
v 8.829434 0.861300 0.417505
v 8.773399 0.841472 0.417505
v 8.716208 0.819756 0.417505
v 8.649330 0.792112 0.417505
v 8.588268 0.763734 0.417505
v 8.533023 0.734622 0.417505
v 8.483592 0.704775 0.417505
v 8.439977 0.674194 0.417505
v 8.402176 0.642878 0.417505
v 8.370192 0.610828 0.417505
v 8.344023 0.578044 0.417505
v 8.323669 0.544526 0.417505
v 8.309130 0.510273 0.417505
v 8.300407 0.475285 0.417505
v 8.297499 0.439564 0.417505
v 8.297941 0.424614 0.417505
v 8.299271 0.409979 0.417505
v 8.301485 0.395659 0.417505
v 8.304585 0.381654 0.417505
v 8.308571 0.367963 0.417505
v 8.313443 0.354587 0.417505
v 8.319201 0.341526 0.417505
v 8.325844 0.328779 0.417505
v 8.333374 0.316348 0.417505
v 8.341788 0.304231 0.417505
v 8.351089 0.292428 0.417505
v 8.361276 0.280941 0.417505
v 8.365810 0.263797 0.417505
v 8.370173 0.245936 0.417505
v 8.374361 0.227358 0.417505
v 8.378376 0.208064 0.417505
v 8.382217 0.188052 0.417505
v 8.385885 0.167324 0.417505
v 8.389380 0.145879 0.417505
v 8.392702 0.123717 0.417505
v 8.395851 0.100838 0.417505
v 8.398827 0.077242 0.417505
v 8.401628 0.052929 0.417505
v 8.404257 0.027900 0.417505
v 8.406693 0.002153 0.417505
v 8.408916 -0.024311 0.417505
v 8.410929 -0.051491 0.417505
v 8.412729 -0.079388 0.417505
v 8.414318 -0.108002 0.417505
v 8.415695 -0.137333 0.417505
v 8.416860 -0.167381 0.417505
v 8.417812 -0.198145 0.417505
v 8.418554 -0.229627 0.417505
v 8.419084 -0.261825 0.417505
v 8.419401 -0.294741 0.417505
v 8.419507 -0.328373 0.417505
v 8.418987 -0.406653 0.417505
v 8.417427 -0.481191 0.417505
v 8.414827 -0.551987 0.417505
v 8.411188 -0.619042 0.417505
v 8.406509 -0.682354 0.417505
v 8.400790 -0.741925 0.417505
v 8.394032 -0.797755 0.417505
v 8.386232 -0.849842 0.417505
v 8.377395 -0.898188 0.417505
v 8.367517 -0.942792 0.417505
v 8.356598 -0.983654 0.417505
v 8.344639 -1.020775 0.417505
v 8.342482 -1.026055 0.417505
v 8.338785 -1.034343 0.417505
v 8.333548 -1.045638 0.417505
v 8.326769 -1.059941 0.417505
v 8.318450 -1.077251 0.417505
v 8.308591 -1.097569 0.417505
v 8.297192 -1.120893 0.417505
v 8.284251 -1.147226 0.417505
v 8.269770 -1.176565 0.417505
v 8.253750 -1.208912 0.417505
v 8.236187 -1.244267 0.417505
v 8.217085 -1.282629 0.417505
v 8.199812 -1.317424 0.417505
v 8.184042 -1.349631 0.417505
v 8.169773 -1.379250 0.417505
v 8.157005 -1.406282 0.417505
v 8.145741 -1.430726 0.417505
v 8.135978 -1.452582 0.417505
v 8.127717 -1.471850 0.417505
v 8.120958 -1.488531 0.417505
v 8.115701 -1.502624 0.417505
v 8.111946 -1.514129 0.417505
v 8.109693 -1.523046 0.417505
v 8.108942 -1.529376 0.417505
v 8.109722 -1.551302 0.417505
v 8.112062 -1.572598 0.417505
v 8.115961 -1.593265 0.417505
v 8.121420 -1.613303 0.417505
v 8.128439 -1.632711 0.417505
v 8.137018 -1.651490 0.417505
v 8.147157 -1.669639 0.417505
v 8.158854 -1.687159 0.417505
v 8.172112 -1.704050 0.417505
v 8.186930 -1.720311 0.417505
v 8.203307 -1.735942 0.417505
v 9.085003 -1.008186 0.417505
v 9.098289 -0.910410 0.417505
v 9.110420 -0.816831 0.417505
v 9.121397 -0.727448 0.417505
v 9.131218 -0.642262 0.417505
v 9.139883 -0.561272 0.417505
v 9.147392 -0.484478 0.417505
v 9.153748 -0.411881 0.417505
v 9.158947 -0.343480 0.417505
v 9.162991 -0.279275 0.417505
v 9.165878 -0.219267 0.417505
v 9.167611 -0.163455 0.417505
v 9.168190 -0.111840 0.417505
v 9.168102 -0.098245 0.417505
v 9.167843 -0.084319 0.417505
v 9.167410 -0.070060 0.417505
v 9.166803 -0.055469 0.417505
v 9.166023 -0.040545 0.417505
v 9.165070 -0.025290 0.417505
v 9.163944 -0.009702 0.417505
v 9.162643 0.006218 0.417505
v 9.161171 0.022470 0.417505
v 9.159525 0.039055 0.417505
v 9.157704 0.055971 0.417505
v 9.155712 0.073220 0.417505
v 9.153545 0.090801 0.417505
v 9.151205 0.108715 0.417505
v 9.148693 0.126960 0.417505
v 9.146007 0.145538 0.417505
v 9.143147 0.164448 0.417505
v 9.140114 0.183690 0.417505
v 9.136908 0.203264 0.417505
v 9.133528 0.223171 0.417505
v 9.129976 0.243410 0.417505
v 9.126249 0.263981 0.417505
v 9.122351 0.284884 0.417505
v 9.118278 0.306119 0.417505
v 9.127434 0.310219 0.417505
v 9.136417 0.314127 0.417505
v 9.145226 0.317843 0.417505
v 9.153863 0.321366 0.417505
v 9.162326 0.324697 0.417505
v 9.170616 0.327835 0.417505
v 9.178732 0.330782 0.417505
v 9.186676 0.333535 0.417505
v 9.194446 0.336097 0.417505
v 9.202042 0.338466 0.417505
v 9.209465 0.340643 0.417505
v 9.216715 0.342628 0.417505
v 9.223792 0.344437 0.417505
v 9.230696 0.346090 0.417505
v 9.237425 0.347584 0.417505
v 9.243982 0.348922 0.417505
v 9.250366 0.350102 0.417505
v 9.256577 0.351125 0.417505
v 9.262613 0.351991 0.417505
v 9.268476 0.352699 0.417505
v 9.274166 0.353250 0.417505
v 9.279684 0.353643 0.417505
v 9.285027 0.353879 0.417505
v 9.290197 0.353958 0.417505
v 9.352394 0.352096 0.417505
v 9.413283 0.346509 0.417505
v 9.472862 0.337198 0.417505
v 9.531132 0.324164 0.417505
v 9.588092 0.307404 0.417505
v 9.643742 0.286921 0.417504
v 9.698083 0.262713 0.417504
v 9.751115 0.234781 0.417504
v 9.802837 0.203125 0.417504
v 9.853251 0.167744 0.417504
v 9.902353 0.128639 0.417504
v 9.950148 0.085809 0.417504
v 9.995323 0.040532 0.417504
v 10.036570 -0.005916 0.417504
v 10.073888 -0.053537 0.417504
v 10.107279 -0.102328 0.417504
v 10.136741 -0.152291 0.417504
v 10.162274 -0.203426 0.417504
v 10.183880 -0.255732 0.417504
v 10.201557 -0.309209 0.417504
v 10.215305 -0.363858 0.417504
v 10.225126 -0.419679 0.417504
v 10.231019 -0.476671 0.417504
v 10.232983 -0.534835 0.417504
v 10.232059 -0.589903 0.417504
v 10.229286 -0.642646 0.417504
v 10.224665 -0.693064 0.417504
v 10.218195 -0.741156 0.417504
v 10.209876 -0.786923 0.417504
v 10.199709 -0.830364 0.417504
v 10.187693 -0.871480 0.417504
v 10.173828 -0.910270 0.417505
v 10.158115 -0.946735 0.417505
v 10.140553 -0.980874 0.417505
v 10.121143 -1.012688 0.417505
v 10.099884 -1.042176 0.417505
v 10.076777 -1.069322 0.417505
v 10.051821 -1.094107 0.417505
v 10.025016 -1.116531 0.417505
v 9.996363 -1.136595 0.417505
v 9.965860 -1.154298 0.417505
v 9.933510 -1.169641 0.417505
v 9.899311 -1.182624 0.417505
v 9.863263 -1.193246 0.417505
v 9.825367 -1.201508 0.417505
v 9.785622 -1.207409 0.417505
v 9.744028 -1.210950 0.417505
v 9.700586 -1.212130 0.417505
v 9.672058 -1.211771 0.417505
v 9.643780 -1.210696 0.417505
v 9.615753 -1.208904 0.417505
v 9.587976 -1.206394 0.417505
v 9.560449 -1.203169 0.417505
v 9.533173 -1.199226 0.417505
v 9.506146 -1.194566 0.417505
v 9.479370 -1.189189 0.417505
v 9.452845 -1.183096 0.417505
v 9.426570 -1.176286 0.417505
v 9.400545 -1.168758 0.417505
v 9.374771 -1.160514 0.417505
v 9.349247 -1.151571 0.417505
v 9.323973 -1.141945 0.417505
v 9.298950 -1.131638 0.417505
v 9.274176 -1.120649 0.417505
v 9.249653 -1.108977 0.417505
v 9.225381 -1.096624 0.417505
v 9.201359 -1.083589 0.417505
v 9.177588 -1.069872 0.417505
v 9.154066 -1.055474 0.417505
v 9.130795 -1.040393 0.417505
v 9.107773 -1.024630 0.417505
v 11.148041 0.092104 0.417504
v 11.149196 0.062047 0.417504
v 11.152662 0.033145 0.417504
v 11.158439 0.005396 0.417504
v 11.166526 -0.021198 0.417504
v 11.176925 -0.046639 0.417504
v 11.189633 -0.070925 0.417504
v 11.204654 -0.094058 0.417504
v 11.221984 -0.116036 0.417504
v 11.241626 -0.136861 0.417504
v 11.263577 -0.156531 0.417504
v 11.287841 -0.175048 0.417504
v 11.314414 -0.192410 0.417504
v 11.348497 -0.315382 0.417504
v 11.387896 -0.434192 0.417504
v 11.432609 -0.548840 0.417504
v 11.482636 -0.659327 0.417504
v 11.537979 -0.765653 0.417504
v 11.598637 -0.867817 0.417504
v 11.664608 -0.965820 0.417504
v 11.735895 -1.059661 0.417504
v 11.812496 -1.149341 0.417504
v 11.894412 -1.234860 0.417504
v 11.981644 -1.316217 0.417504
v 12.074188 -1.393413 0.417504
v 12.172165 -1.465801 0.417504
v 12.272913 -1.531893 0.417504
v 12.376434 -1.591692 0.417504
v 12.482729 -1.645195 0.417504
v 12.591797 -1.692405 0.417504
v 12.703636 -1.733319 0.417504
v 12.818250 -1.767939 0.417504
v 12.935637 -1.796265 0.417504
v 13.055795 -1.818296 0.417504
v 13.178727 -1.834032 0.417504
v 13.304432 -1.843474 0.417504
v 13.432910 -1.846622 0.417504
v 13.553280 -1.844165 0.417504
v 13.668530 -1.836795 0.417504
v 13.778656 -1.824512 0.417504
v 13.883660 -1.807315 0.417504
v 13.983542 -1.785206 0.417504
v 14.078302 -1.758183 0.417504
v 14.167940 -1.726247 0.417504
v 14.252456 -1.689397 0.417504
v 14.331849 -1.647635 0.417504
v 14.406120 -1.600959 0.417504
v 14.475269 -1.549370 0.417504
v 14.539297 -1.492867 0.417504
v 14.598202 -1.431451 0.417504
v 14.651984 -1.365122 0.417504
v 14.700644 -1.293880 0.417504
v 14.744184 -1.217725 0.417504
v 14.782599 -1.136656 0.417504
v 14.815893 -1.050674 0.417504
v 14.844066 -0.959779 0.417504
v 14.867115 -0.863970 0.417504
v 14.885042 -0.763249 0.417504
v 14.897848 -0.657614 0.417504
v 14.905531 -0.547065 0.417504
v 14.908092 -0.431604 0.417504
v 14.905666 -0.323949 0.417504
v 14.898387 -0.215840 0.417504
v 14.886255 -0.107276 0.417504
v 14.869271 0.001742 0.417504
v 14.847435 0.111215 0.417504
v 14.820746 0.221142 0.417504
v 14.789205 0.331525 0.417504
v 14.752810 0.442361 0.417504
v 14.711563 0.553653 0.417504
v 14.665463 0.665398 0.417504
v 14.614511 0.777599 0.417504
v 14.558707 0.890254 0.417504
v 14.499089 1.001354 0.417504
v 14.436699 1.108886 0.417504
v 14.371536 1.212851 0.417504
v 14.303600 1.313249 0.417504
v 14.232891 1.410080 0.417504
v 14.159410 1.503345 0.417504
v 14.083155 1.593043 0.417504
v 14.004127 1.679173 0.417504
v 13.922326 1.761737 0.417504
v 13.837752 1.840734 0.417504
v 13.750406 1.916163 0.417504
v 13.660287 1.988026 0.417504
v 13.595663 2.035078 0.417504
v 13.530270 2.078038 0.417504
v 13.464105 2.116908 0.417504
v 13.397170 2.151685 0.417504
v 13.329465 2.182371 0.417504
v 13.260990 2.208966 0.417504
v 13.191744 2.231469 0.417504
v 13.121729 2.249881 0.417504
v 13.050942 2.264201 0.417504
v 12.979386 2.274429 0.417504
v 12.907060 2.280566 0.417504
v 12.833963 2.282612 0.417504
v 12.787786 2.281388 0.417504
v 12.738914 2.277716 0.417504
v 12.687346 2.271596 0.417504
v 12.633081 2.263029 0.417504
v 12.576122 2.252013 0.417504
v 12.516466 2.238550 0.417504
v 12.454115 2.222639 0.417504
v 12.389067 2.204280 0.417504
v 12.321323 2.183473 0.417504
v 12.250884 2.160218 0.417504
v 12.177750 2.134515 0.417504
v 12.101917 2.106364 0.417504
v 12.014225 2.071342 0.417504
v 11.934157 2.035935 0.417504
v 11.861715 2.000143 0.417504
v 11.796899 1.963967 0.417504
v 11.739708 1.927406 0.417504
v 11.690142 1.890460 0.417504
v 11.648202 1.853130 0.417504
v 11.613888 1.815415 0.417504
v 11.587198 1.777316 0.417504
v 11.568134 1.738832 0.417504
v 11.556696 1.699962 0.417504
v 11.552883 1.660709 0.417504
v 11.553673 1.638250 0.417504
v 11.556042 1.616193 0.417504
v 11.559989 1.594538 0.417504
v 11.565516 1.573285 0.417504
v 11.572621 1.552434 0.417504
v 11.581306 1.531986 0.417504
v 11.591570 1.511939 0.417504
v 11.603412 1.492295 0.417504
v 11.616834 1.473053 0.417504
v 11.631834 1.454213 0.417504
v 11.648414 1.435775 0.417504
v 11.666573 1.417739 0.417504
v 11.685886 1.400648 0.417504
v 11.705933 1.385042 0.417504
v 11.726709 1.370924 0.417504
v 11.748219 1.358291 0.417504
v 11.770460 1.347144 0.417504
v 11.793432 1.337484 0.417504
v 11.817137 1.329309 0.417504
v 11.841573 1.322622 0.417504
v 11.866741 1.317420 0.417504
v 11.892641 1.313704 0.417504
v 11.919271 1.311475 0.417504
v 11.946635 1.310732 0.417504
v 11.961896 1.311719 0.417504
v 11.979949 1.314683 0.417504
v 12.000793 1.319623 0.417504
v 12.024430 1.326538 0.417504
v 12.050859 1.335429 0.417504
v 12.080081 1.346296 0.417504
v 12.112095 1.359139 0.417504
v 12.146900 1.373957 0.417504
v 12.184498 1.390751 0.417504
v 12.224888 1.409522 0.417504
v 12.268070 1.430267 0.417504
v 12.314045 1.452989 0.417504
v 12.361078 1.475710 0.417504
v 12.407437 1.496456 0.417504
v 12.453123 1.515226 0.417504
v 12.498135 1.532021 0.417504
v 12.542472 1.546839 0.417504
v 12.586136 1.559682 0.417504
v 12.629126 1.570549 0.417504
v 12.671440 1.579440 0.417504
v 12.713082 1.586355 0.417504
v 12.754049 1.591295 0.417504
v 12.794344 1.594259 0.417504
v 12.833963 1.595246 0.417504
v 12.876770 1.591854 0.417504
v 12.922003 1.581677 0.417504
v 12.969662 1.564717 0.417504
v 13.019748 1.540973 0.417504
v 13.072259 1.510444 0.417504
v 13.127197 1.473131 0.417504
v 13.184562 1.429034 0.417504
v 13.244352 1.378153 0.417504
v 13.306569 1.320488 0.417504
v 13.371212 1.256039 0.417504
v 13.438282 1.184805 0.417504
v 13.507778 1.106787 0.417504
v 13.606543 0.987628 0.417504
v 13.696720 0.866825 0.417504
v 13.778309 0.744378 0.417504
v 13.851309 0.620288 0.417504
v 13.915722 0.494554 0.417504
v 13.971545 0.367176 0.417504
v 14.018781 0.238155 0.417504
v 14.057428 0.107491 0.417504
v 14.087487 -0.024818 0.417504
v 14.108958 -0.158769 0.417504
v 14.121840 -0.294365 0.417504
v 14.126135 -0.431604 0.417504
v 14.125191 -0.499812 0.417504
v 14.122360 -0.564279 0.417504
v 14.117642 -0.625004 0.417504
v 14.111037 -0.681987 0.417504
v 14.102546 -0.735229 0.417504
v 14.092167 -0.784729 0.417504
v 14.079901 -0.830487 0.417504
v 14.065747 -0.872503 0.417504
v 14.049706 -0.910777 0.417504
v 14.031779 -0.945310 0.417504
v 14.011964 -0.976101 0.417504
v 13.990262 -1.003150 0.417504
v 13.964363 -1.028486 0.417504
v 13.934728 -1.051618 0.417504
v 13.901357 -1.072548 0.417504
v 13.864249 -1.091274 0.417504
v 13.823407 -1.107797 0.417504
v 13.778829 -1.122117 0.417504
v 13.730515 -1.134234 0.417504
v 13.678465 -1.144148 0.417504
v 13.622680 -1.151859 0.417504
v 13.563159 -1.157367 0.417504
v 13.499902 -1.160671 0.417504
v 13.432910 -1.161773 0.417504
v 13.362913 -1.160252 0.417504
v 13.294342 -1.155688 0.417504
v 13.227195 -1.148082 0.417504
v 13.161473 -1.137434 0.417504
v 13.097177 -1.123744 0.417504
v 13.034306 -1.107010 0.417504
v 12.972858 -1.087235 0.417504
v 12.912837 -1.064417 0.417504
v 12.854240 -1.038557 0.417504
v 12.797069 -1.009655 0.417504
v 12.741322 -0.977710 0.417504
v 12.686999 -0.942722 0.417504
v 12.631388 -0.902647 0.417504
v 12.578240 -0.859634 0.417504
v 12.527557 -0.813684 0.417504
v 12.479340 -0.764796 0.417504
v 12.433587 -0.712971 0.417504
v 12.390299 -0.658208 0.417504
v 12.349476 -0.600508 0.417504
v 12.311118 -0.539870 0.417504
v 12.275225 -0.476295 0.417504
v 12.241796 -0.409783 0.417504
v 12.210832 -0.340333 0.417504
v 12.182332 -0.267945 0.417504
v 12.288395 -0.276530 0.417504
v 12.392148 -0.287178 0.417504
v 12.493589 -0.299890 0.417504
v 12.592721 -0.314665 0.417504
v 12.689541 -0.331503 0.417504
v 12.784051 -0.350404 0.417504
v 12.876250 -0.371368 0.417504
v 12.966138 -0.394396 0.417504
v 13.053716 -0.419487 0.417504
v 13.138982 -0.446641 0.417504
v 13.221938 -0.475858 0.417504
v 13.302584 -0.507138 0.417504
v 13.316910 -0.512769 0.417504
v 13.331237 -0.517909 0.417504
v 13.345563 -0.522560 0.417504
v 13.359890 -0.526721 0.417504
v 13.374217 -0.530393 0.417504
v 13.388543 -0.533575 0.417504
v 13.402870 -0.536268 0.417504
v 13.417196 -0.538471 0.417504
v 13.431523 -0.540185 0.417504
v 13.445850 -0.541409 0.417504
v 13.460176 -0.542143 0.417504
v 13.474503 -0.542388 0.417504
v 13.502752 -0.541584 0.417504
v 13.530192 -0.539171 0.417504
v 13.556824 -0.535149 0.417504
v 13.582646 -0.529519 0.417504
v 13.607660 -0.522280 0.417504
v 13.631866 -0.513433 0.417504
v 13.655262 -0.502977 0.417504
v 13.677849 -0.490913 0.417504
v 13.699628 -0.477239 0.417504
v 13.720598 -0.461957 0.417504
v 13.740759 -0.445067 0.417504
v 13.760112 -0.426568 0.417504
v 13.776499 -0.409171 0.417504
v 13.791461 -0.391388 0.417504
v 13.804998 -0.373222 0.417504
v 13.817110 -0.354670 0.417504
v 13.827797 -0.335734 0.417504
v 13.837060 -0.316413 0.417504
v 13.844897 -0.296708 0.417504
v 13.851309 -0.276618 0.417504
v 13.856297 -0.256143 0.417504
v 13.859859 -0.235283 0.417504
v 13.861997 -0.214039 0.417504
v 13.862709 -0.192410 0.417504
v 13.855739 -0.129814 0.417504
v 13.834826 -0.070436 0.417504
v 13.799973 -0.014274 0.417504
v 13.751177 0.038670 0.417504
v 13.688440 0.088397 0.417504
v 13.611761 0.134907 0.417504
v 13.521142 0.178199 0.417504
v 13.416580 0.218275 0.417504
v 13.298078 0.255133 0.417504
v 13.165632 0.288774 0.417504
v 13.019247 0.319198 0.417504
v 12.858919 0.346404 0.417504
v 12.763331 0.360078 0.417504
v 12.665125 0.372562 0.417504
v 12.564299 0.383857 0.417504
v 12.460855 0.393963 0.417504
v 12.354791 0.402881 0.417504
v 12.246109 0.410609 0.417504
v 12.134808 0.417148 0.417504
v 12.020887 0.422499 0.417504
v 11.904348 0.426660 0.417504
v 11.785191 0.429632 0.417504
v 11.663414 0.431416 0.417504
v 11.539019 0.432010 0.417504
v 11.511665 0.431328 0.417504
v 11.485063 0.429283 0.417504
v 11.459211 0.425873 0.417504
v 11.434111 0.421100 0.417504
v 11.409761 0.414963 0.417504
v 11.386163 0.407462 0.417504
v 11.363316 0.398597 0.417504
v 11.341219 0.388368 0.417504
v 11.319874 0.376776 0.417504
v 11.299278 0.363819 0.417504
v 11.279435 0.349499 0.417504
v 11.260343 0.333815 0.417504
v 11.242405 0.317135 0.417504
v 11.226027 0.299825 0.417504
v 11.211210 0.281885 0.417504
v 11.197952 0.263316 0.417504
v 11.186255 0.244118 0.417504
v 11.176116 0.224290 0.417504
v 11.167538 0.203833 0.417504
v 11.160519 0.182746 0.417504
v 11.155059 0.161030 0.417504
v 11.151159 0.138684 0.417504
v 11.148820 0.115709 0.417504
v 11.148041 0.092104 0.417504
v 11.148041 0.092104 -0.596978
v 11.149196 0.062047 0.417504
v 11.149196 0.062047 -0.596978
v 11.152662 0.033145 0.417504
v 11.152662 0.033145 -0.596978
v 11.158439 0.005396 0.417504
v 11.158439 0.005396 -0.596978
v 11.166526 -0.021198 0.417504
v 11.166526 -0.021198 -0.596978
v 11.176925 -0.046639 0.417504
v 11.176925 -0.046639 -0.596978
v 11.189633 -0.070925 0.417504
v 11.189633 -0.070925 -0.596978
v 11.204654 -0.094058 0.417504
v 11.204654 -0.094058 -0.596978
v 11.221984 -0.116036 0.417504
v 11.221984 -0.116036 -0.596978
v 11.241626 -0.136861 0.417504
v 11.241626 -0.136861 -0.596978
v 11.263577 -0.156531 0.417504
v 11.263577 -0.156531 -0.596978
v 11.287841 -0.175048 0.417504
v 11.287841 -0.175048 -0.596978
v 11.314414 -0.192410 0.417504
v 11.314414 -0.192410 -0.596978
v 11.348497 -0.315382 0.417504
v 11.348497 -0.315382 -0.596978
v 11.387896 -0.434192 0.417504
v 11.387896 -0.434192 -0.596978
v 11.432609 -0.548840 0.417504
v 11.432609 -0.548840 -0.596978
v 11.482636 -0.659327 0.417504
v 11.482636 -0.659327 -0.596978
v 11.537979 -0.765653 0.417504
v 11.537979 -0.765653 -0.596978
v 11.598637 -0.867817 0.417504
v 11.598637 -0.867817 -0.596978
v 11.664608 -0.965820 0.417504
v 11.664608 -0.965820 -0.596978
v 11.735895 -1.059661 0.417504
v 11.735895 -1.059661 -0.596978
v 11.812496 -1.149341 0.417504
v 11.812496 -1.149341 -0.596978
v 11.894412 -1.234860 0.417504
v 11.894412 -1.234860 -0.596978
v 11.981644 -1.316217 0.417504
v 11.981644 -1.316217 -0.596978
v 12.074188 -1.393413 0.417504
v 12.074188 -1.393413 -0.596978
v 12.172165 -1.465801 0.417504
v 12.172165 -1.465801 -0.596978
v 12.272913 -1.531893 0.417504
v 12.272913 -1.531893 -0.596978
v 12.376434 -1.591692 0.417504
v 12.376434 -1.591692 -0.596978
v 12.482729 -1.645195 0.417504
v 12.482729 -1.645196 -0.596978
v 12.591797 -1.692405 0.417504
v 12.591797 -1.692405 -0.596978
v 12.703636 -1.733319 0.417504
v 12.703636 -1.733319 -0.596978
v 12.818250 -1.767939 0.417504
v 12.818250 -1.767940 -0.596978
v 12.935637 -1.796265 0.417504
v 12.935637 -1.796265 -0.596978
v 13.055795 -1.818296 0.417504
v 13.055795 -1.818296 -0.596978
v 13.178727 -1.834032 0.417504
v 13.178727 -1.834032 -0.596978
v 13.304432 -1.843474 0.417504
v 13.304432 -1.843474 -0.596978
v 13.432910 -1.846622 0.417504
v 13.432910 -1.846622 -0.596978
v 13.553280 -1.844165 0.417504
v 13.553280 -1.844165 -0.596978
v 13.668530 -1.836795 0.417504
v 13.668530 -1.836795 -0.596978
v 13.778656 -1.824512 0.417504
v 13.778656 -1.824512 -0.596978
v 13.883660 -1.807315 0.417504
v 13.883660 -1.807316 -0.596978
v 13.983542 -1.785206 0.417504
v 13.983542 -1.785206 -0.596978
v 14.078302 -1.758183 0.417504
v 14.078302 -1.758183 -0.596978
v 14.167940 -1.726247 0.417504
v 14.167940 -1.726247 -0.596978
v 14.252456 -1.689397 0.417504
v 14.252456 -1.689397 -0.596978
v 14.331849 -1.647635 0.417504
v 14.331849 -1.647635 -0.596978
v 14.406120 -1.600959 0.417504
v 14.406120 -1.600959 -0.596978
v 14.475269 -1.549370 0.417504
v 14.475269 -1.549370 -0.596978
v 14.539297 -1.492867 0.417504
v 14.539296 -1.492867 -0.596978
v 14.598202 -1.431451 0.417504
v 14.598202 -1.431451 -0.596978
v 14.651984 -1.365122 0.417504
v 14.651984 -1.365122 -0.596978
v 14.700644 -1.293880 0.417504
v 14.700644 -1.293880 -0.596978
v 14.744184 -1.217725 0.417504
v 14.744183 -1.217725 -0.596978
v 14.782599 -1.136656 0.417504
v 14.782599 -1.136656 -0.596978
v 14.815893 -1.050674 0.417504
v 14.815893 -1.050674 -0.596978
v 14.844066 -0.959779 0.417504
v 14.844065 -0.959779 -0.596978
v 14.867115 -0.863970 0.417504
v 14.867115 -0.863970 -0.596978
v 14.885042 -0.763249 0.417504
v 14.885042 -0.763249 -0.596978
v 14.897848 -0.657614 0.417504
v 14.897848 -0.657614 -0.596978
v 14.905531 -0.547065 0.417504
v 14.905531 -0.547065 -0.596978
v 14.908092 -0.431604 0.417504
v 14.908092 -0.431604 -0.596978
v 14.905666 -0.323949 0.417504
v 14.905666 -0.323949 -0.596978
v 14.898387 -0.215840 0.417504
v 14.898387 -0.215840 -0.596978
v 14.886255 -0.107276 0.417504
v 14.886255 -0.107276 -0.596978
v 14.869271 0.001742 0.417504
v 14.869271 0.001742 -0.596978
v 14.847435 0.111215 0.417504
v 14.847435 0.111215 -0.596978
v 14.820746 0.221142 0.417504
v 14.820745 0.221142 -0.596978
v 14.789205 0.331525 0.417504
v 14.789204 0.331525 -0.596978
v 14.752810 0.442361 0.417504
v 14.752810 0.442361 -0.596978
v 14.711563 0.553653 0.417504
v 14.711563 0.553653 -0.596978
v 14.665463 0.665398 0.417504
v 14.665463 0.665398 -0.596978
v 14.614511 0.777599 0.417504
v 14.614511 0.777599 -0.596978
v 14.558707 0.890254 0.417504
v 14.558707 0.890254 -0.596978
v 14.499089 1.001354 0.417504
v 14.499089 1.001354 -0.596978
v 14.436699 1.108886 0.417504
v 14.436699 1.108886 -0.596978
v 14.371536 1.212851 0.417504
v 14.371536 1.212851 -0.596978
v 14.303600 1.313249 0.417504
v 14.303600 1.313249 -0.596978
v 14.232891 1.410080 0.417504
v 14.232891 1.410080 -0.596978
v 14.159410 1.503345 0.417504
v 14.159410 1.503345 -0.596978
v 14.083155 1.593043 0.417504
v 14.083155 1.593043 -0.596978
v 14.004127 1.679173 0.417504
v 14.004127 1.679173 -0.596978
v 13.922326 1.761737 0.417504
v 13.922326 1.761737 -0.596978
v 13.837752 1.840734 0.417504
v 13.837752 1.840734 -0.596978
v 13.750406 1.916163 0.417504
v 13.750406 1.916163 -0.596978
v 13.660287 1.988026 0.417504
v 13.660287 1.988026 -0.596978
v 13.595663 2.035078 0.417504
v 13.595663 2.035078 -0.596978
v 13.530270 2.078038 0.417504
v 13.530270 2.078038 -0.596978
v 13.464105 2.116908 0.417504
v 13.464105 2.116908 -0.596978
v 13.397170 2.151685 0.417504
v 13.397170 2.151685 -0.596978
v 13.329465 2.182371 0.417504
v 13.329465 2.182371 -0.596978
v 13.260990 2.208966 0.417504
v 13.260990 2.208966 -0.596978
v 13.191744 2.231469 0.417504
v 13.191744 2.231469 -0.596978
v 13.121729 2.249881 0.417504
v 13.121729 2.249881 -0.596978
v 13.050942 2.264201 0.417504
v 13.050942 2.264201 -0.596978
v 12.979386 2.274429 0.417504
v 12.979386 2.274429 -0.596978
v 12.907060 2.280566 0.417504
v 12.907060 2.280566 -0.596978
v 12.833963 2.282612 0.417504
v 12.833963 2.282612 -0.596978
v 12.787786 2.281388 0.417504
v 12.787786 2.281388 -0.596978
v 12.738914 2.277716 0.417504
v 12.738914 2.277716 -0.596978
v 12.687346 2.271596 0.417504
v 12.687346 2.271596 -0.596978
v 12.633081 2.263029 0.417504
v 12.633081 2.263029 -0.596978
v 12.576122 2.252013 0.417504
v 12.576122 2.252013 -0.596978
v 12.516466 2.238550 0.417504
v 12.516466 2.238550 -0.596978
v 12.454115 2.222639 0.417504
v 12.454115 2.222639 -0.596978
v 12.389067 2.204280 0.417504
v 12.389067 2.204280 -0.596978
v 12.321323 2.183473 0.417504
v 12.321323 2.183473 -0.596978
v 12.250884 2.160218 0.417504
v 12.250884 2.160218 -0.596978
v 12.177750 2.134515 0.417504
v 12.177750 2.134515 -0.596978
v 12.101917 2.106364 0.417504
v 12.101917 2.106364 -0.596978
v 12.014225 2.071342 0.417504
v 12.014225 2.071342 -0.596978
v 11.934157 2.035935 0.417504
v 11.934157 2.035935 -0.596978
v 11.861715 2.000143 0.417504
v 11.861715 2.000143 -0.596978
v 11.796899 1.963967 0.417504
v 11.796899 1.963967 -0.596978
v 11.739708 1.927406 0.417504
v 11.739708 1.927406 -0.596978
v 11.690142 1.890460 0.417504
v 11.690142 1.890460 -0.596978
v 11.648202 1.853130 0.417504
v 11.648202 1.853130 -0.596978
v 11.613888 1.815415 0.417504
v 11.613888 1.815415 -0.596978
v 11.587198 1.777316 0.417504
v 11.587198 1.777316 -0.596978
v 11.568134 1.738832 0.417504
v 11.568134 1.738832 -0.596978
v 11.556696 1.699962 0.417504
v 11.556696 1.699962 -0.596978
v 11.552883 1.660709 0.417504
v 11.552883 1.660709 -0.596978
v 11.553673 1.638250 0.417504
v 11.553673 1.638250 -0.596978
v 11.556042 1.616193 0.417504
v 11.556042 1.616193 -0.596978
v 11.559989 1.594538 0.417504
v 11.559989 1.594538 -0.596978
v 11.565516 1.573285 0.417504
v 11.565516 1.573285 -0.596978
v 11.572621 1.552434 0.417504
v 11.572621 1.552434 -0.596978
v 11.581306 1.531986 0.417504
v 11.581306 1.531986 -0.596978
v 11.591570 1.511939 0.417504
v 11.591570 1.511939 -0.596978
v 11.603412 1.492295 0.417504
v 11.603412 1.492295 -0.596978
v 11.616834 1.473053 0.417504
v 11.616834 1.473053 -0.596978
v 11.631834 1.454213 0.417504
v 11.631834 1.454213 -0.596978
v 11.648414 1.435775 0.417504
v 11.648414 1.435775 -0.596978
v 11.666573 1.417739 0.417504
v 11.666573 1.417739 -0.596978
v 11.685886 1.400648 0.417504
v 11.685886 1.400648 -0.596978
v 11.705933 1.385042 0.417504
v 11.705933 1.385042 -0.596978
v 11.726709 1.370924 0.417504
v 11.726709 1.370924 -0.596978
v 11.748219 1.358291 0.417504
v 11.748219 1.358291 -0.596978
v 11.770460 1.347144 0.417504
v 11.770460 1.347144 -0.596978
v 11.793432 1.337484 0.417504
v 11.793432 1.337484 -0.596978
v 11.817137 1.329309 0.417504
v 11.817137 1.329309 -0.596978
v 11.841573 1.322622 0.417504
v 11.841573 1.322622 -0.596978
v 11.866741 1.317420 0.417504
v 11.866741 1.317420 -0.596978
v 11.892641 1.313704 0.417504
v 11.892641 1.313704 -0.596978
v 11.919271 1.311475 0.417504
v 11.919271 1.311475 -0.596978
v 11.946635 1.310732 0.417504
v 11.946635 1.310732 -0.596978
v 11.961896 1.311719 0.417504
v 11.961896 1.311719 -0.596978
v 11.979949 1.314683 0.417504
v 11.979949 1.314683 -0.596978
v 12.000793 1.319623 0.417504
v 12.000793 1.319623 -0.596978
v 12.024430 1.326538 0.417504
v 12.024430 1.326538 -0.596978
v 12.050859 1.335429 0.417504
v 12.050859 1.335429 -0.596978
v 12.080081 1.346296 0.417504
v 12.080081 1.346296 -0.596978
v 12.112095 1.359139 0.417504
v 12.112095 1.359139 -0.596978
v 12.146900 1.373957 0.417504
v 12.146900 1.373957 -0.596978
v 12.184498 1.390751 0.417504
v 12.184498 1.390751 -0.596978
v 12.224888 1.409522 0.417504
v 12.224888 1.409522 -0.596978
v 12.268070 1.430267 0.417504
v 12.268070 1.430267 -0.596978
v 12.314045 1.452989 0.417504
v 12.314045 1.452989 -0.596978
v 12.361078 1.475710 0.417504
v 12.361078 1.475710 -0.596978
v 12.407437 1.496456 0.417504
v 12.407437 1.496456 -0.596978
v 12.453123 1.515226 0.417504
v 12.453123 1.515226 -0.596978
v 12.498135 1.532021 0.417504
v 12.498135 1.532021 -0.596978
v 12.542472 1.546839 0.417504
v 12.542472 1.546839 -0.596978
v 12.586136 1.559682 0.417504
v 12.586136 1.559682 -0.596978
v 12.629126 1.570549 0.417504
v 12.629126 1.570549 -0.596978
v 12.671440 1.579440 0.417504
v 12.671440 1.579440 -0.596978
v 12.713082 1.586355 0.417504
v 12.713082 1.586355 -0.596978
v 12.754049 1.591295 0.417504
v 12.754049 1.591295 -0.596978
v 12.794344 1.594259 0.417504
v 12.794344 1.594259 -0.596978
v 12.833963 1.595246 0.417504
v 12.833963 1.595246 -0.596978
v 12.876770 1.591854 0.417504
v 12.876770 1.591854 -0.596978
v 12.922003 1.581677 0.417504
v 12.922003 1.581677 -0.596978
v 12.969662 1.564717 0.417504
v 12.969662 1.564717 -0.596978
v 13.019748 1.540973 0.417504
v 13.019748 1.540973 -0.596978
v 13.072259 1.510444 0.417504
v 13.072259 1.510444 -0.596978
v 13.127197 1.473131 0.417504
v 13.127197 1.473131 -0.596978
v 13.184562 1.429034 0.417504
v 13.184562 1.429034 -0.596978
v 13.244352 1.378153 0.417504
v 13.244352 1.378153 -0.596978
v 13.306569 1.320488 0.417504
v 13.306569 1.320488 -0.596978
v 13.371212 1.256039 0.417504
v 13.371212 1.256039 -0.596978
v 13.438282 1.184805 0.417504
v 13.438282 1.184805 -0.596978
v 13.507778 1.106787 0.417504
v 13.507778 1.106787 -0.596978
v 13.606543 0.987628 0.417504
v 13.606543 0.987628 -0.596978
v 13.696720 0.866825 0.417504
v 13.696720 0.866825 -0.596978
v 13.778309 0.744378 0.417504
v 13.778309 0.744378 -0.596978
v 13.851309 0.620288 0.417504
v 13.851309 0.620288 -0.596978
v 13.915722 0.494554 0.417504
v 13.915722 0.494554 -0.596978
v 13.971545 0.367176 0.417504
v 13.971545 0.367176 -0.596978
v 14.018781 0.238155 0.417504
v 14.018781 0.238155 -0.596978
v 14.057428 0.107491 0.417504
v 14.057428 0.107491 -0.596978
v 14.087487 -0.024818 0.417504
v 14.087487 -0.024818 -0.596978
v 14.108958 -0.158769 0.417504
v 14.108957 -0.158769 -0.596978
v 14.121840 -0.294365 0.417504
v 14.121840 -0.294365 -0.596978
v 14.126135 -0.431604 0.417504
v 14.126135 -0.431604 -0.596978
v 14.125191 -0.499812 0.417504
v 14.125191 -0.499812 -0.596978
v 14.122360 -0.564279 0.417504
v 14.122360 -0.564279 -0.596978
v 14.117642 -0.625004 0.417504
v 14.117642 -0.625004 -0.596978
v 14.111037 -0.681987 0.417504
v 14.111037 -0.681987 -0.596978
v 14.102546 -0.735229 0.417504
v 14.102546 -0.735229 -0.596978
v 14.092167 -0.784729 0.417504
v 14.092167 -0.784729 -0.596978
v 14.079901 -0.830487 0.417504
v 14.079900 -0.830487 -0.596978
v 14.065747 -0.872503 0.417504
v 14.065746 -0.872503 -0.596978
v 14.049706 -0.910777 0.417504
v 14.049706 -0.910777 -0.596978
v 14.031779 -0.945310 0.417504
v 14.031778 -0.945310 -0.596978
v 14.011964 -0.976101 0.417504
v 14.011964 -0.976101 -0.596978
v 13.990262 -1.003150 0.417504
v 13.990262 -1.003150 -0.596978
v 13.964363 -1.028486 0.417504
v 13.964363 -1.028486 -0.596978
v 13.934728 -1.051618 0.417504
v 13.934728 -1.051618 -0.596978
v 13.901357 -1.072548 0.417504
v 13.901357 -1.072548 -0.596978
v 13.864249 -1.091274 0.417504
v 13.864249 -1.091274 -0.596978
v 13.823407 -1.107797 0.417504
v 13.823407 -1.107797 -0.596978
v 13.778829 -1.122117 0.417504
v 13.778829 -1.122117 -0.596978
v 13.730515 -1.134234 0.417504
v 13.730515 -1.134234 -0.596978
v 13.678465 -1.144148 0.417504
v 13.678465 -1.144148 -0.596978
v 13.622680 -1.151859 0.417504
v 13.622680 -1.151859 -0.596978
v 13.563159 -1.157367 0.417504
v 13.563159 -1.157367 -0.596978
v 13.499902 -1.160671 0.417504
v 13.499902 -1.160671 -0.596978
v 13.432910 -1.161773 0.417504
v 13.432910 -1.161773 -0.596978
v 13.362913 -1.160252 0.417504
v 13.362913 -1.160252 -0.596978
v 13.294342 -1.155688 0.417504
v 13.294342 -1.155688 -0.596978
v 13.227195 -1.148082 0.417504
v 13.227195 -1.148082 -0.596978
v 13.161473 -1.137434 0.417504
v 13.161473 -1.137434 -0.596978
v 13.097177 -1.123744 0.417504
v 13.097177 -1.123744 -0.596978
v 13.034306 -1.107010 0.417504
v 13.034306 -1.107010 -0.596978
v 12.972858 -1.087235 0.417504
v 12.972858 -1.087235 -0.596978
v 12.912837 -1.064417 0.417504
v 12.912837 -1.064417 -0.596978
v 12.854240 -1.038557 0.417504
v 12.854240 -1.038557 -0.596978
v 12.797069 -1.009655 0.417504
v 12.797069 -1.009655 -0.596978
v 12.741322 -0.977710 0.417504
v 12.741322 -0.977710 -0.596978
v 12.686999 -0.942722 0.417504
v 12.686999 -0.942722 -0.596978
v 12.631388 -0.902647 0.417504
v 12.631388 -0.902647 -0.596978
v 12.578240 -0.859634 0.417504
v 12.578240 -0.859634 -0.596978
v 12.527557 -0.813684 0.417504
v 12.527557 -0.813684 -0.596978
v 12.479340 -0.764796 0.417504
v 12.479340 -0.764796 -0.596978
v 12.433587 -0.712971 0.417504
v 12.433587 -0.712971 -0.596978
v 12.390299 -0.658208 0.417504
v 12.390299 -0.658208 -0.596978
v 12.349476 -0.600508 0.417504
v 12.349476 -0.600508 -0.596978
v 12.311118 -0.539870 0.417504
v 12.311118 -0.539870 -0.596978
v 12.275225 -0.476295 0.417504
v 12.275225 -0.476295 -0.596978
v 12.241796 -0.409783 0.417504
v 12.241796 -0.409783 -0.596978
v 12.210832 -0.340333 0.417504
v 12.210832 -0.340333 -0.596978
v 12.182332 -0.267945 0.417504
v 12.182332 -0.267945 -0.596978
v 12.288395 -0.276530 0.417504
v 12.288395 -0.276530 -0.596978
v 12.392148 -0.287178 0.417504
v 12.392148 -0.287178 -0.596978
v 12.493589 -0.299890 0.417504
v 12.493589 -0.299890 -0.596978
v 12.592721 -0.314665 0.417504
v 12.592721 -0.314665 -0.596978
v 12.689541 -0.331503 0.417504
v 12.689541 -0.331503 -0.596978
v 12.784051 -0.350404 0.417504
v 12.784051 -0.350404 -0.596978
v 12.876250 -0.371368 0.417504
v 12.876250 -0.371368 -0.596978
v 12.966138 -0.394396 0.417504
v 12.966138 -0.394396 -0.596978
v 13.053716 -0.419487 0.417504
v 13.053716 -0.419487 -0.596978
v 13.138982 -0.446641 0.417504
v 13.138982 -0.446641 -0.596978
v 13.221938 -0.475858 0.417504
v 13.221938 -0.475858 -0.596978
v 13.302584 -0.507138 0.417504
v 13.302584 -0.507138 -0.596978
v 13.316910 -0.512769 0.417504
v 13.316910 -0.512769 -0.596978
v 13.331237 -0.517909 0.417504
v 13.331237 -0.517909 -0.596978
v 13.345563 -0.522560 0.417504
v 13.345563 -0.522560 -0.596978
v 13.359890 -0.526721 0.417504
v 13.359890 -0.526721 -0.596978
v 13.374217 -0.530393 0.417504
v 13.374217 -0.530393 -0.596978
v 13.388543 -0.533575 0.417504
v 13.388543 -0.533575 -0.596978
v 13.402870 -0.536268 0.417504
v 13.402870 -0.536268 -0.596978
v 13.417196 -0.538471 0.417504
v 13.417196 -0.538471 -0.596978
v 13.431523 -0.540185 0.417504
v 13.431523 -0.540185 -0.596978
v 13.445850 -0.541409 0.417504
v 13.445850 -0.541409 -0.596978
v 13.460176 -0.542143 0.417504
v 13.460176 -0.542143 -0.596978
v 13.474503 -0.542388 0.417504
v 13.474503 -0.542388 -0.596978
v 13.502752 -0.541584 0.417504
v 13.502752 -0.541584 -0.596978
v 13.530192 -0.539171 0.417504
v 13.530192 -0.539171 -0.596978
v 13.556824 -0.535149 0.417504
v 13.556824 -0.535149 -0.596978
v 13.582646 -0.529519 0.417504
v 13.582646 -0.529519 -0.596978
v 13.607660 -0.522280 0.417504
v 13.607660 -0.522280 -0.596978
v 13.631866 -0.513433 0.417504
v 13.631866 -0.513433 -0.596978
v 13.655262 -0.502977 0.417504
v 13.655262 -0.502977 -0.596978
v 13.677849 -0.490913 0.417504
v 13.677849 -0.490913 -0.596978
v 13.699628 -0.477239 0.417504
v 13.699628 -0.477239 -0.596978
v 13.720598 -0.461957 0.417504
v 13.720598 -0.461957 -0.596978
v 13.740759 -0.445067 0.417504
v 13.740759 -0.445067 -0.596978
v 13.760112 -0.426568 0.417504
v 13.760112 -0.426568 -0.596978
v 13.776499 -0.409171 0.417504
v 13.776499 -0.409171 -0.596978
v 13.791461 -0.391388 0.417504
v 13.791461 -0.391388 -0.596978
v 13.804998 -0.373222 0.417504
v 13.804998 -0.373222 -0.596978
v 13.817110 -0.354670 0.417504
v 13.817110 -0.354670 -0.596978
v 13.827797 -0.335734 0.417504
v 13.827797 -0.335734 -0.596978
v 13.837060 -0.316413 0.417504
v 13.837060 -0.316413 -0.596978
v 13.844897 -0.296708 0.417504
v 13.844897 -0.296708 -0.596978
v 13.851309 -0.276618 0.417504
v 13.851309 -0.276618 -0.596978
v 13.856297 -0.256143 0.417504
v 13.856297 -0.256143 -0.596978
v 13.859859 -0.235283 0.417504
v 13.859859 -0.235283 -0.596978
v 13.861997 -0.214039 0.417504
v 13.861997 -0.214039 -0.596978
v 13.862709 -0.192410 0.417504
v 13.862709 -0.192410 -0.596978
v 13.855739 -0.129814 0.417504
v 13.855739 -0.129814 -0.596978
v 13.834826 -0.070436 0.417504
v 13.834826 -0.070436 -0.596978
v 13.799973 -0.014274 0.417504
v 13.799973 -0.014274 -0.596978
v 13.751177 0.038670 0.417504
v 13.751177 0.038670 -0.596978
v 13.688440 0.088397 0.417504
v 13.688440 0.088397 -0.596978
v 13.611761 0.134907 0.417504
v 13.611761 0.134907 -0.596978
v 13.521142 0.178199 0.417504
v 13.521142 0.178199 -0.596978
v 13.416580 0.218275 0.417504
v 13.416580 0.218275 -0.596978
v 13.298078 0.255133 0.417504
v 13.298078 0.255133 -0.596978
v 13.165632 0.288774 0.417504
v 13.165632 0.288774 -0.596978
v 13.019247 0.319198 0.417504
v 13.019247 0.319198 -0.596978
v 12.858919 0.346404 0.417504
v 12.858919 0.346404 -0.596978
v 12.763331 0.360078 0.417504
v 12.763331 0.360078 -0.596978
v 12.665125 0.372562 0.417504
v 12.665125 0.372562 -0.596978
v 12.564299 0.383857 0.417504
v 12.564299 0.383857 -0.596978
v 12.460855 0.393963 0.417504
v 12.460855 0.393963 -0.596978
v 12.354791 0.402881 0.417504
v 12.354791 0.402881 -0.596978
v 12.246109 0.410609 0.417504
v 12.246109 0.410609 -0.596978
v 12.134808 0.417148 0.417504
v 12.134808 0.417148 -0.596978
v 12.020887 0.422499 0.417504
v 12.020887 0.422499 -0.596978
v 11.904348 0.426660 0.417504
v 11.904348 0.426660 -0.596978
v 11.785191 0.429632 0.417504
v 11.785191 0.429632 -0.596978
v 11.663414 0.431416 0.417504
v 11.663414 0.431416 -0.596978
v 11.539019 0.432010 0.417504
v 11.539019 0.432010 -0.596978
v 11.511665 0.431328 0.417504
v 11.511665 0.431328 -0.596978
v 11.485063 0.429283 0.417504
v 11.485063 0.429283 -0.596978
v 11.459211 0.425873 0.417504
v 11.459211 0.425873 -0.596978
v 11.434111 0.421100 0.417504
v 11.434111 0.421100 -0.596978
v 11.409761 0.414963 0.417504
v 11.409761 0.414963 -0.596978
v 11.386163 0.407462 0.417504
v 11.386163 0.407462 -0.596978
v 11.363316 0.398597 0.417504
v 11.363316 0.398597 -0.596978
v 11.341219 0.388368 0.417504
v 11.341219 0.388368 -0.596978
v 11.319874 0.376776 0.417504
v 11.319874 0.376776 -0.596978
v 11.299278 0.363819 0.417504
v 11.299278 0.363819 -0.596978
v 11.279435 0.349499 0.417504
v 11.279435 0.349499 -0.596978
v 11.260343 0.333815 0.417504
v 11.260343 0.333815 -0.596978
v 11.242405 0.317135 0.417504
v 11.242405 0.317135 -0.596978
v 11.226027 0.299825 0.417504
v 11.226027 0.299825 -0.596978
v 11.211210 0.281885 0.417504
v 11.211210 0.281885 -0.596978
v 11.197952 0.263316 0.417504
v 11.197952 0.263316 -0.596978
v 11.186255 0.244118 0.417504
v 11.186255 0.244118 -0.596978
v 11.176116 0.224290 0.417504
v 11.176116 0.224290 -0.596978
v 11.167538 0.203833 0.417504
v 11.167538 0.203833 -0.596978
v 11.160519 0.182746 0.417504
v 11.160519 0.182746 -0.596978
v 11.155059 0.161030 0.417504
v 11.155059 0.161030 -0.596978
v 11.151159 0.138684 0.417504
v 11.151159 0.138684 -0.596978
v 11.148820 0.115709 0.417504
v 11.148820 0.115709 -0.596978
v 8.221245 -1.750944 0.417505
v 8.221245 -1.750944 -0.596977
v 8.240202 -1.765020 0.417505
v 8.240202 -1.765020 -0.596977
v 8.259642 -1.777871 0.417505
v 8.259642 -1.777871 -0.596977
v 8.279562 -1.789498 0.417505
v 8.279562 -1.789498 -0.596977
v 8.299964 -1.799902 0.417505
v 8.299964 -1.799902 -0.596977
v 8.320847 -1.809082 0.417505
v 8.320847 -1.809082 -0.596977
v 8.342212 -1.817037 0.417505
v 8.342212 -1.817037 -0.596977
v 8.364058 -1.823769 0.417505
v 8.364058 -1.823769 -0.596977
v 8.386385 -1.829277 0.417505
v 8.386385 -1.829277 -0.596977
v 8.409194 -1.833560 0.417505
v 8.409194 -1.833560 -0.596977
v 8.432485 -1.836620 0.417505
v 8.432485 -1.836620 -0.596977
v 8.456257 -1.838456 0.417505
v 8.456257 -1.838456 -0.596977
v 8.480511 -1.839068 0.417505
v 8.480511 -1.839068 -0.596977
v 8.502810 -1.837320 0.417505
v 8.502810 -1.837320 -0.596977
v 8.527188 -1.832074 0.417505
v 8.527188 -1.832074 -0.596977
v 8.553646 -1.823332 0.417505
v 8.553646 -1.823332 -0.596977
v 8.582184 -1.811092 0.417505
v 8.582184 -1.811092 -0.596977
v 8.612802 -1.795356 0.417505
v 8.612802 -1.795356 -0.596977
v 8.645498 -1.776122 0.417505
v 8.645498 -1.776122 -0.596977
v 8.680275 -1.753392 0.417505
v 8.680275 -1.753392 -0.596977
v 8.717132 -1.727165 0.417505
v 8.717132 -1.727165 -0.596977
v 8.756067 -1.697440 0.417505
v 8.756067 -1.697440 -0.596977
v 8.797083 -1.664219 0.417505
v 8.797083 -1.664219 -0.596977
v 8.840179 -1.627501 0.417505
v 8.840179 -1.627501 -0.596977
v 8.885353 -1.587286 0.417505
v 8.885353 -1.587286 -0.596977
v 8.927448 -1.605374 0.417505
v 8.927448 -1.605374 -0.596977
v 8.968695 -1.622710 0.417505
v 8.968695 -1.622710 -0.596977
v 9.009094 -1.639294 0.417505
v 9.009094 -1.639294 -0.596977
v 9.048647 -1.655127 0.417505
v 9.048647 -1.655127 -0.596977
v 9.087353 -1.670208 0.417505
v 9.087353 -1.670208 -0.596977
v 9.125210 -1.684537 0.417505
v 9.125210 -1.684537 -0.596977
v 9.162220 -1.698114 0.417505
v 9.162220 -1.698114 -0.596977
v 9.198383 -1.710939 0.417505
v 9.198383 -1.710939 -0.596977
v 9.233700 -1.723012 0.417505
v 9.233700 -1.723012 -0.596977
v 9.268168 -1.734334 0.417505
v 9.268168 -1.734334 -0.596978
v 9.301790 -1.744903 0.417505
v 9.301790 -1.744903 -0.596978
v 9.334564 -1.754721 0.417505
v 9.334564 -1.754721 -0.596978
v 9.366510 -1.763769 0.417505
v 9.366510 -1.763769 -0.596978
v 9.397647 -1.772031 0.417505
v 9.397647 -1.772031 -0.596978
v 9.427976 -1.779506 0.417505
v 9.427976 -1.779506 -0.596978
v 9.457496 -1.786194 0.417505
v 9.457496 -1.786194 -0.596978
v 9.486206 -1.792095 0.417505
v 9.486206 -1.792095 -0.596978
v 9.514109 -1.797209 0.417505
v 9.514109 -1.797209 -0.596978
v 9.541203 -1.801537 0.417505
v 9.541203 -1.801537 -0.596978
v 9.567488 -1.805077 0.417505
v 9.567488 -1.805077 -0.596978
v 9.592964 -1.807831 0.417505
v 9.592964 -1.807831 -0.596978
v 9.617631 -1.809798 0.417505
v 9.617631 -1.809798 -0.596978
v 9.641489 -1.810979 0.417505
v 9.641489 -1.810979 -0.596978
v 9.664539 -1.811372 0.417505
v 9.664539 -1.811372 -0.596978
v 9.773597 -1.809116 0.417505
v 9.773597 -1.809116 -0.596978
v 9.878014 -1.802350 0.417505
v 9.878014 -1.802350 -0.596978
v 9.977790 -1.791072 0.417505
v 9.977790 -1.791072 -0.596978
v 10.072926 -1.775283 0.417505
v 10.072926 -1.775283 -0.596978
v 10.163420 -1.754983 0.417505
v 10.163420 -1.754983 -0.596978
v 10.249273 -1.730172 0.417505
v 10.249273 -1.730172 -0.596978
v 10.330487 -1.700850 0.417505
v 10.330487 -1.700850 -0.596978
v 10.407060 -1.667017 0.417505
v 10.407060 -1.667017 -0.596978
v 10.478991 -1.628672 0.417505
v 10.478991 -1.628672 -0.596978
v 10.546282 -1.585817 0.417504
v 10.546282 -1.585817 -0.596978
v 10.608932 -1.538450 0.417504
v 10.608932 -1.538450 -0.596978
v 10.666943 -1.486573 0.417504
v 10.666943 -1.486573 -0.596978
v 10.720310 -1.430201 0.417504
v 10.720310 -1.430201 -0.596978
v 10.769039 -1.369354 0.417504
v 10.769039 -1.369354 -0.596978
v 10.813126 -1.304030 0.417504
v 10.813126 -1.304030 -0.596978
v 10.852572 -1.234230 0.417504
v 10.852572 -1.234231 -0.596978
v 10.887378 -1.159955 0.417504
v 10.887378 -1.159955 -0.596978
v 10.917543 -1.081203 0.417504
v 10.917543 -1.081203 -0.596978
v 10.943068 -0.997975 0.417504
v 10.943068 -0.997975 -0.596978
v 10.963951 -0.910270 0.417504
v 10.963951 -0.910270 -0.596978
v 10.980194 -0.818090 0.417504
v 10.980194 -0.818090 -0.596978
v 10.991796 -0.721433 0.417504
v 10.991796 -0.721433 -0.596978
v 10.998756 -0.620301 0.417504
v 10.998756 -0.620301 -0.596978
v 11.001077 -0.514692 0.417504
v 11.001077 -0.514692 -0.596978
v 10.997649 -0.414775 0.417504
v 10.997649 -0.414775 -0.596978
v 10.987366 -0.317288 0.417504
v 10.987366 -0.317288 -0.596978
v 10.970228 -0.222231 0.417504
v 10.970228 -0.222231 -0.596978
v 10.946235 -0.129605 0.417504
v 10.946235 -0.129605 -0.596978
v 10.915386 -0.039409 0.417504
v 10.915386 -0.039409 -0.596978
v 10.877682 0.048357 0.417504
v 10.877682 0.048357 -0.596978
v 10.833124 0.133692 0.417504
v 10.833124 0.133692 -0.596978
v 10.781710 0.216596 0.417504
v 10.781710 0.216596 -0.596978
v 10.723440 0.297071 0.417504
v 10.723440 0.297071 -0.596978
v 10.658316 0.375114 0.417504
v 10.658316 0.375114 -0.596978
v 10.586336 0.450728 0.417504
v 10.586336 0.450728 -0.596978
v 10.507501 0.523911 0.417504
v 10.507501 0.523911 -0.596978
v 10.423889 0.592880 0.417504
v 10.423889 0.592880 -0.596978
v 10.337584 0.655852 0.417504
v 10.337584 0.655852 -0.596978
v 10.248581 0.712826 0.417504
v 10.248581 0.712826 -0.596978
v 10.156883 0.763804 0.417504
v 10.156883 0.763804 -0.596978
v 10.062489 0.808784 0.417504
v 10.062489 0.808784 -0.596978
v 9.965399 0.847766 0.417504
v 9.965399 0.847766 -0.596978
v 9.865613 0.880751 0.417504
v 9.865613 0.880751 -0.596978
v 9.763130 0.907739 0.417504
v 9.763130 0.907739 -0.596978
v 9.657953 0.928730 0.417504
v 9.657953 0.928730 -0.596978
v 9.550079 0.943723 0.417504
v 9.550079 0.943723 -0.596978
v 9.439510 0.952719 0.417504
v 9.439510 0.952719 -0.596978
v 9.326244 0.955718 0.417504
v 9.326244 0.955718 -0.596978
v 9.281763 0.954774 0.417504
v 9.281763 0.954774 -0.596978
v 9.236126 0.951941 0.417505
v 9.236126 0.951941 -0.596978
v 9.189333 0.947221 0.417505
v 9.189333 0.947221 -0.596978
v 9.141386 0.940611 0.417505
v 9.141386 0.940611 -0.596978
v 9.092282 0.932113 0.417505
v 9.092282 0.932113 -0.596978
v 9.042024 0.921727 0.417505
v 9.042024 0.921727 -0.596978
v 8.990609 0.909453 0.417505
v 8.990609 0.909453 -0.596978
v 8.938040 0.895290 0.417505
v 8.938040 0.895290 -0.596978
v 8.884315 0.879239 0.417505
v 8.884315 0.879239 -0.596978
v 8.829434 0.861300 0.417505
v 8.829434 0.861300 -0.596978
v 8.773399 0.841472 0.417505
v 8.773399 0.841472 -0.596978
v 8.716208 0.819756 0.417505
v 8.716208 0.819756 -0.596978
v 8.649330 0.792112 0.417505
v 8.649330 0.792112 -0.596978
v 8.588268 0.763734 0.417505
v 8.588268 0.763734 -0.596978
v 8.533023 0.734622 0.417505
v 8.533023 0.734622 -0.596978
v 8.483592 0.704775 0.417505
v 8.483592 0.704775 -0.596978
v 8.439977 0.674194 0.417505
v 8.439977 0.674194 -0.596978
v 8.402176 0.642878 0.417505
v 8.402176 0.642878 -0.596978
v 8.370192 0.610828 0.417505
v 8.370192 0.610828 -0.596978
v 8.344023 0.578044 0.417505
v 8.344023 0.578044 -0.596978
v 8.323669 0.544526 0.417505
v 8.323669 0.544526 -0.596978
v 8.309130 0.510273 0.417505
v 8.309130 0.510273 -0.596978
v 8.300407 0.475285 0.417505
v 8.300407 0.475285 -0.596978
v 8.297499 0.439564 0.417505
v 8.297499 0.439564 -0.596978
v 8.297941 0.424614 0.417505
v 8.297941 0.424614 -0.596978
v 8.299271 0.409979 0.417505
v 8.299271 0.409979 -0.596978
v 8.301485 0.395659 0.417505
v 8.301485 0.395659 -0.596978
v 8.304585 0.381654 0.417505
v 8.304585 0.381654 -0.596978
v 8.308571 0.367963 0.417505
v 8.308571 0.367963 -0.596978
v 8.313443 0.354587 0.417505
v 8.313443 0.354587 -0.596978
v 8.319201 0.341526 0.417505
v 8.319201 0.341526 -0.596978
v 8.325844 0.328779 0.417505
v 8.325844 0.328779 -0.596978
v 8.333374 0.316348 0.417505
v 8.333374 0.316348 -0.596978
v 8.341788 0.304231 0.417505
v 8.341788 0.304231 -0.596978
v 8.351089 0.292428 0.417505
v 8.351089 0.292428 -0.596978
v 8.361276 0.280941 0.417505
v 8.361276 0.280941 -0.596978
v 8.365810 0.263797 0.417505
v 8.365810 0.263797 -0.596978
v 8.370173 0.245936 0.417505
v 8.370173 0.245936 -0.596978
v 8.374361 0.227358 0.417505
v 8.374361 0.227358 -0.596978
v 8.378376 0.208064 0.417505
v 8.378376 0.208064 -0.596978
v 8.382217 0.188052 0.417505
v 8.382217 0.188052 -0.596978
v 8.385885 0.167324 0.417505
v 8.385885 0.167324 -0.596978
v 8.389380 0.145879 0.417505
v 8.389380 0.145879 -0.596978
v 8.392702 0.123717 0.417505
v 8.392702 0.123717 -0.596978
v 8.395851 0.100838 0.417505
v 8.395851 0.100838 -0.596978
v 8.398827 0.077242 0.417505
v 8.398827 0.077242 -0.596978
v 8.401628 0.052929 0.417505
v 8.401628 0.052929 -0.596978
v 8.404257 0.027900 0.417505
v 8.404257 0.027900 -0.596978
v 8.406693 0.002153 0.417505
v 8.406693 0.002153 -0.596978
v 8.408916 -0.024311 0.417505
v 8.408916 -0.024311 -0.596978
v 8.410929 -0.051491 0.417505
v 8.410929 -0.051491 -0.596978
v 8.412729 -0.079388 0.417505
v 8.412729 -0.079388 -0.596977
v 8.414318 -0.108002 0.417505
v 8.414318 -0.108002 -0.596977
v 8.415695 -0.137333 0.417505
v 8.415695 -0.137333 -0.596977
v 8.416860 -0.167381 0.417505
v 8.416860 -0.167381 -0.596977
v 8.417812 -0.198145 0.417505
v 8.417812 -0.198145 -0.596977
v 8.418554 -0.229627 0.417505
v 8.418554 -0.229627 -0.596977
v 8.419084 -0.261825 0.417505
v 8.419084 -0.261825 -0.596977
v 8.419401 -0.294741 0.417505
v 8.419401 -0.294741 -0.596977
v 8.419507 -0.328373 0.417505
v 8.419507 -0.328373 -0.596977
v 8.418987 -0.406653 0.417505
v 8.418987 -0.406653 -0.596977
v 8.417427 -0.481191 0.417505
v 8.417427 -0.481191 -0.596977
v 8.414827 -0.551987 0.417505
v 8.414827 -0.551987 -0.596977
v 8.411188 -0.619042 0.417505
v 8.411188 -0.619042 -0.596977
v 8.406509 -0.682354 0.417505
v 8.406509 -0.682354 -0.596977
v 8.400790 -0.741925 0.417505
v 8.400790 -0.741925 -0.596977
v 8.394032 -0.797755 0.417505
v 8.394032 -0.797755 -0.596977
v 8.386232 -0.849842 0.417505
v 8.386232 -0.849842 -0.596977
v 8.377395 -0.898188 0.417505
v 8.377395 -0.898188 -0.596977
v 8.367517 -0.942792 0.417505
v 8.367517 -0.942792 -0.596977
v 8.356598 -0.983654 0.417505
v 8.356598 -0.983654 -0.596977
v 8.344639 -1.020775 0.417505
v 8.344639 -1.020775 -0.596977
v 8.342482 -1.026055 0.417505
v 8.342482 -1.026055 -0.596977
v 8.338785 -1.034343 0.417505
v 8.338785 -1.034343 -0.596977
v 8.333548 -1.045638 0.417505
v 8.333548 -1.045638 -0.596977
v 8.326769 -1.059941 0.417505
v 8.326769 -1.059941 -0.596977
v 8.318450 -1.077251 0.417505
v 8.318450 -1.077251 -0.596977
v 8.308591 -1.097569 0.417505
v 8.308591 -1.097569 -0.596977
v 8.297192 -1.120893 0.417505
v 8.297192 -1.120893 -0.596977
v 8.284251 -1.147226 0.417505
v 8.284251 -1.147226 -0.596977
v 8.269770 -1.176565 0.417505
v 8.269770 -1.176565 -0.596977
v 8.253750 -1.208912 0.417505
v 8.253750 -1.208912 -0.596977
v 8.236187 -1.244267 0.417505
v 8.236187 -1.244267 -0.596977
v 8.217085 -1.282629 0.417505
v 8.217085 -1.282629 -0.596977
v 8.199812 -1.317424 0.417505
v 8.199812 -1.317424 -0.596977
v 8.184042 -1.349631 0.417505
v 8.184042 -1.349631 -0.596977
v 8.169773 -1.379250 0.417505
v 8.169773 -1.379250 -0.596977
v 8.157005 -1.406282 0.417505
v 8.157005 -1.406282 -0.596977
v 8.145741 -1.430726 0.417505
v 8.145741 -1.430726 -0.596977
v 8.135978 -1.452582 0.417505
v 8.135978 -1.452582 -0.596977
v 8.127717 -1.471850 0.417505
v 8.127717 -1.471850 -0.596977
v 8.120958 -1.488531 0.417505
v 8.120958 -1.488531 -0.596977
v 8.115701 -1.502624 0.417505
v 8.115701 -1.502624 -0.596977
v 8.111946 -1.514129 0.417505
v 8.111946 -1.514129 -0.596977
v 8.109693 -1.523046 0.417505
v 8.109693 -1.523046 -0.596977
v 8.108942 -1.529376 0.417505
v 8.108942 -1.529376 -0.596977
v 8.109722 -1.551302 0.417505
v 8.109722 -1.551302 -0.596977
v 8.112062 -1.572598 0.417505
v 8.112062 -1.572598 -0.596977
v 8.115961 -1.593265 0.417505
v 8.115961 -1.593265 -0.596977
v 8.121420 -1.613303 0.417505
v 8.121420 -1.613303 -0.596977
v 8.128439 -1.632711 0.417505
v 8.128439 -1.632711 -0.596977
v 8.137018 -1.651490 0.417505
v 8.137018 -1.651490 -0.596977
v 8.147157 -1.669639 0.417505
v 8.147157 -1.669639 -0.596977
v 8.158854 -1.687159 0.417505
v 8.158854 -1.687159 -0.596977
v 8.172112 -1.704050 0.417505
v 8.172112 -1.704050 -0.596977
v 8.186930 -1.720311 0.417505
v 8.186930 -1.720311 -0.596977
v 8.203307 -1.735942 0.417505
v 8.203307 -1.735942 -0.596977
v 9.085003 -1.008186 0.417505
v 9.085003 -1.008186 -0.596978
v 9.098289 -0.910410 0.417505
v 9.098289 -0.910410 -0.596978
v 9.110420 -0.816831 0.417505
v 9.110420 -0.816831 -0.596978
v 9.121397 -0.727448 0.417505
v 9.121397 -0.727448 -0.596978
v 9.131218 -0.642262 0.417505
v 9.131218 -0.642262 -0.596978
v 9.139883 -0.561272 0.417505
v 9.139883 -0.561272 -0.596978
v 9.147392 -0.484478 0.417505
v 9.147392 -0.484478 -0.596978
v 9.153748 -0.411881 0.417505
v 9.153748 -0.411881 -0.596978
v 9.158947 -0.343480 0.417505
v 9.158947 -0.343480 -0.596978
v 9.162991 -0.279275 0.417505
v 9.162991 -0.279275 -0.596978
v 9.165878 -0.219267 0.417505
v 9.165878 -0.219267 -0.596978
v 9.167611 -0.163455 0.417505
v 9.167611 -0.163455 -0.596978
v 9.168190 -0.111840 0.417505
v 9.168190 -0.111840 -0.596978
v 9.168102 -0.098245 0.417505
v 9.168102 -0.098245 -0.596978
v 9.167843 -0.084319 0.417505
v 9.167843 -0.084319 -0.596978
v 9.167410 -0.070060 0.417505
v 9.167410 -0.070060 -0.596978
v 9.166803 -0.055469 0.417505
v 9.166803 -0.055469 -0.596978
v 9.166023 -0.040545 0.417505
v 9.166023 -0.040545 -0.596978
v 9.165070 -0.025290 0.417505
v 9.165070 -0.025290 -0.596978
v 9.163944 -0.009702 0.417505
v 9.163944 -0.009702 -0.596978
v 9.162643 0.006218 0.417505
v 9.162643 0.006218 -0.596978
v 9.161171 0.022470 0.417505
v 9.161171 0.022470 -0.596978
v 9.159525 0.039055 0.417505
v 9.159525 0.039055 -0.596978
v 9.157704 0.055971 0.417505
v 9.157704 0.055971 -0.596978
v 9.155712 0.073220 0.417505
v 9.155712 0.073220 -0.596978
v 9.153545 0.090801 0.417505
v 9.153545 0.090801 -0.596978
v 9.151205 0.108715 0.417505
v 9.151205 0.108715 -0.596978
v 9.148693 0.126960 0.417505
v 9.148693 0.126960 -0.596978
v 9.146007 0.145538 0.417505
v 9.146007 0.145538 -0.596978
v 9.143147 0.164448 0.417505
v 9.143147 0.164448 -0.596978
v 9.140114 0.183690 0.417505
v 9.140114 0.183690 -0.596978
v 9.136908 0.203264 0.417505
v 9.136908 0.203264 -0.596978
v 9.133528 0.223171 0.417505
v 9.133528 0.223171 -0.596978
v 9.129976 0.243410 0.417505
v 9.129976 0.243410 -0.596978
v 9.126249 0.263981 0.417505
v 9.126249 0.263981 -0.596978
v 9.122351 0.284884 0.417505
v 9.122351 0.284884 -0.596978
v 9.118278 0.306119 0.417505
v 9.118278 0.306119 -0.596978
v 9.127434 0.310219 0.417505
v 9.127434 0.310219 -0.596978
v 9.136417 0.314127 0.417505
v 9.136417 0.314127 -0.596978
v 9.145226 0.317843 0.417505
v 9.145226 0.317843 -0.596978
v 9.153863 0.321366 0.417505
v 9.153863 0.321366 -0.596978
v 9.162326 0.324697 0.417505
v 9.162326 0.324697 -0.596978
v 9.170616 0.327835 0.417505
v 9.170616 0.327835 -0.596978
v 9.178732 0.330782 0.417505
v 9.178732 0.330782 -0.596978
v 9.186676 0.333535 0.417505
v 9.186676 0.333535 -0.596978
v 9.194446 0.336097 0.417505
v 9.194446 0.336097 -0.596978
v 9.202042 0.338466 0.417505
v 9.202042 0.338466 -0.596978
v 9.209465 0.340643 0.417505
v 9.209465 0.340643 -0.596978
v 9.216715 0.342628 0.417505
v 9.216715 0.342628 -0.596978
v 9.223792 0.344437 0.417505
v 9.223792 0.344437 -0.596978
v 9.230696 0.346090 0.417505
v 9.230696 0.346090 -0.596978
v 9.237425 0.347584 0.417505
v 9.237425 0.347584 -0.596978
v 9.243982 0.348922 0.417505
v 9.243982 0.348922 -0.596978
v 9.250366 0.350102 0.417505
v 9.250366 0.350102 -0.596978
v 9.256577 0.351125 0.417505
v 9.256577 0.351125 -0.596978
v 9.262613 0.351991 0.417505
v 9.262613 0.351991 -0.596978
v 9.268476 0.352699 0.417505
v 9.268476 0.352699 -0.596978
v 9.274166 0.353250 0.417505
v 9.274166 0.353250 -0.596978
v 9.279684 0.353643 0.417505
v 9.279684 0.353643 -0.596978
v 9.285027 0.353879 0.417505
v 9.285027 0.353879 -0.596978
v 9.290197 0.353958 0.417505
v 9.290197 0.353958 -0.596978
v 9.352394 0.352096 0.417505
v 9.352394 0.352096 -0.596978
v 9.413283 0.346509 0.417505
v 9.413283 0.346509 -0.596978
v 9.472862 0.337198 0.417505
v 9.472862 0.337198 -0.596978
v 9.531132 0.324164 0.417505
v 9.531132 0.324164 -0.596978
v 9.588092 0.307404 0.417505
v 9.588092 0.307404 -0.596978
v 9.643742 0.286921 0.417504
v 9.643742 0.286921 -0.596978
v 9.698083 0.262713 0.417504
v 9.698083 0.262713 -0.596978
v 9.751115 0.234781 0.417504
v 9.751115 0.234781 -0.596978
v 9.802837 0.203125 0.417504
v 9.802837 0.203125 -0.596978
v 9.853251 0.167744 0.417504
v 9.853251 0.167744 -0.596978
v 9.902353 0.128639 0.417504
v 9.902353 0.128639 -0.596978
v 9.950148 0.085809 0.417504
v 9.950148 0.085809 -0.596978
v 9.995323 0.040532 0.417504
v 9.995323 0.040532 -0.596978
v 10.036570 -0.005916 0.417504
v 10.036570 -0.005916 -0.596978
v 10.073888 -0.053537 0.417504
v 10.073888 -0.053537 -0.596978
v 10.107279 -0.102328 0.417504
v 10.107279 -0.102328 -0.596978
v 10.136741 -0.152291 0.417504
v 10.136741 -0.152291 -0.596978
v 10.162274 -0.203426 0.417504
v 10.162274 -0.203426 -0.596978
v 10.183880 -0.255732 0.417504
v 10.183880 -0.255732 -0.596978
v 10.201557 -0.309209 0.417504
v 10.201557 -0.309209 -0.596978
v 10.215305 -0.363858 0.417504
v 10.215305 -0.363858 -0.596978
v 10.225126 -0.419679 0.417504
v 10.225126 -0.419679 -0.596978
v 10.231019 -0.476671 0.417504
v 10.231019 -0.476671 -0.596978
v 10.232983 -0.534835 0.417504
v 10.232983 -0.534835 -0.596978
v 10.232059 -0.589903 0.417504
v 10.232059 -0.589903 -0.596978
v 10.229286 -0.642646 0.417504
v 10.229286 -0.642646 -0.596978
v 10.224665 -0.693064 0.417504
v 10.224665 -0.693064 -0.596978
v 10.218195 -0.741156 0.417504
v 10.218195 -0.741156 -0.596978
v 10.209876 -0.786923 0.417504
v 10.209876 -0.786923 -0.596978
v 10.199709 -0.830364 0.417504
v 10.199709 -0.830364 -0.596978
v 10.187693 -0.871480 0.417504
v 10.187693 -0.871480 -0.596978
v 10.173828 -0.910270 0.417505
v 10.173828 -0.910270 -0.596978
v 10.158115 -0.946735 0.417505
v 10.158115 -0.946735 -0.596978
v 10.140553 -0.980874 0.417505
v 10.140553 -0.980874 -0.596978
v 10.121143 -1.012688 0.417505
v 10.121143 -1.012688 -0.596978
v 10.099884 -1.042176 0.417505
v 10.099884 -1.042176 -0.596978
v 10.076777 -1.069322 0.417505
v 10.076777 -1.069322 -0.596978
v 10.051821 -1.094107 0.417505
v 10.051821 -1.094107 -0.596978
v 10.025016 -1.116531 0.417505
v 10.025016 -1.116531 -0.596978
v 9.996363 -1.136595 0.417505
v 9.996363 -1.136595 -0.596978
v 9.965860 -1.154298 0.417505
v 9.965860 -1.154298 -0.596978
v 9.933510 -1.169641 0.417505
v 9.933510 -1.169641 -0.596978
v 9.899311 -1.182624 0.417505
v 9.899311 -1.182624 -0.596978
v 9.863263 -1.193246 0.417505
v 9.863263 -1.193246 -0.596978
v 9.825367 -1.201508 0.417505
v 9.825367 -1.201508 -0.596978
v 9.785622 -1.207409 0.417505
v 9.785622 -1.207409 -0.596978
v 9.744028 -1.210950 0.417505
v 9.744028 -1.210950 -0.596978
v 9.700586 -1.212130 0.417505
v 9.700586 -1.212130 -0.596978
v 9.672058 -1.211771 0.417505
v 9.672058 -1.211771 -0.596978
v 9.643780 -1.210696 0.417505
v 9.643780 -1.210696 -0.596978
v 9.615753 -1.208904 0.417505
v 9.615753 -1.208904 -0.596978
v 9.587976 -1.206394 0.417505
v 9.587976 -1.206395 -0.596978
v 9.560449 -1.203169 0.417505
v 9.560449 -1.203169 -0.596978
v 9.533173 -1.199226 0.417505
v 9.533173 -1.199226 -0.596978
v 9.506146 -1.194566 0.417505
v 9.506146 -1.194566 -0.596978
v 9.479370 -1.189189 0.417505
v 9.479370 -1.189189 -0.596978
v 9.452845 -1.183096 0.417505
v 9.452845 -1.183096 -0.596978
v 9.426570 -1.176286 0.417505
v 9.426570 -1.176286 -0.596978
v 9.400545 -1.168758 0.417505
v 9.400545 -1.168758 -0.596978
v 9.374771 -1.160514 0.417505
v 9.374771 -1.160514 -0.596978
v 9.349247 -1.151571 0.417505
v 9.349247 -1.151571 -0.596978
v 9.323973 -1.141945 0.417505
v 9.323973 -1.141945 -0.596978
v 9.298950 -1.131638 0.417505
v 9.298950 -1.131638 -0.596978
v 9.274176 -1.120649 0.417505
v 9.274176 -1.120649 -0.596978
v 9.249653 -1.108977 0.417505
v 9.249653 -1.108977 -0.596978
v 9.225381 -1.096624 0.417505
v 9.225381 -1.096624 -0.596978
v 9.201359 -1.083589 0.417505
v 9.201359 -1.083589 -0.596978
v 9.177588 -1.069872 0.417505
v 9.177588 -1.069872 -0.596978
v 9.154066 -1.055474 0.417505
v 9.154066 -1.055474 -0.596978
v 9.130795 -1.040393 0.417505
v 9.130795 -1.040393 -0.596978
v 9.107773 -1.024630 0.417505
v 9.107773 -1.024630 -0.596978
v 6.974827 0.771917 0.417505
v 6.974827 0.771917 -0.596977
v 6.974999 0.778491 0.417505
v 6.974999 0.778491 -0.596977
v 6.975519 0.780589 0.417505
v 6.975519 0.780589 -0.596977
v 6.976386 0.778212 0.417505
v 6.976386 0.778212 -0.596977
v 6.977598 0.771358 0.417505
v 6.977598 0.771358 -0.596977
v 6.979158 0.760027 0.417505
v 6.979158 0.760027 -0.596977
v 6.981065 0.744221 0.417505
v 6.981065 0.744221 -0.596977
v 6.983318 0.723939 0.417505
v 6.983318 0.723939 -0.596977
v 6.985917 0.699180 0.417505
v 6.985917 0.699180 -0.596977
v 6.988863 0.669945 0.417505
v 6.988863 0.669945 -0.596977
v 6.992156 0.636235 0.417505
v 6.992156 0.636235 -0.596977
v 6.995795 0.598047 0.417505
v 6.995795 0.598047 -0.596977
v 6.999782 0.555384 0.417505
v 6.999782 0.555384 -0.596977
v 6.930305 0.625761 0.417505
v 6.930305 0.625761 -0.596977
v 6.861445 0.690018 0.417505
v 6.861445 0.690018 -0.596977
v 6.793201 0.748155 0.417505
v 6.793201 0.748155 -0.596977
v 6.725574 0.800172 0.417505
v 6.725574 0.800172 -0.596977
v 6.658563 0.846070 0.417505
v 6.658563 0.846070 -0.596977
v 6.592167 0.885848 0.417505
v 6.592167 0.885848 -0.596977
v 6.526387 0.919507 0.417505
v 6.526387 0.919507 -0.596977
v 6.461225 0.947046 0.417505
v 6.461225 0.947046 -0.596977
v 6.396677 0.968465 0.417505
v 6.396677 0.968465 -0.596977
v 6.332747 0.983764 0.417505
v 6.332747 0.983764 -0.596977
v 6.269432 0.992944 0.417505
v 6.269432 0.992944 -0.596977
v 6.206733 0.996003 0.417505
v 6.206733 0.996003 -0.596977
v 6.137140 0.993958 0.417505
v 6.137140 0.993958 -0.596977
v 6.070706 0.987820 0.417505
v 6.070706 0.987820 -0.596977
v 6.007430 0.977592 0.417505
v 6.007430 0.977592 -0.596977
v 5.947312 0.963271 0.417505
v 5.947312 0.963271 -0.596977
v 5.890352 0.944860 0.417505
v 5.890352 0.944860 -0.596977
v 5.836550 0.922357 0.417505
v 5.836550 0.922357 -0.596977
v 5.785907 0.895762 0.417505
v 5.785907 0.895762 -0.596977
v 5.738420 0.865076 0.417505
v 5.738420 0.865076 -0.596977
v 5.694093 0.830299 0.417505
v 5.694093 0.830299 -0.596977
v 5.652923 0.791430 0.417505
v 5.652923 0.791430 -0.596977
v 5.614911 0.748469 0.417505
v 5.614911 0.748469 -0.596977
v 5.580058 0.701418 0.417505
v 5.580058 0.701418 -0.596977
v 5.551617 0.723606 0.417505
v 5.551617 0.723606 -0.596977
v 5.522675 0.744850 0.417505
v 5.522675 0.744850 -0.596977
v 5.493232 0.765150 0.417505
v 5.493232 0.765150 -0.596977
v 5.463288 0.784506 0.417505
v 5.463288 0.784506 -0.596977
v 5.432845 0.802917 0.417505
v 5.432845 0.802917 -0.596977
v 5.401899 0.820385 0.417505
v 5.401899 0.820385 -0.596977
v 5.370454 0.836908 0.417505
v 5.370454 0.836908 -0.596977
v 5.338508 0.852487 0.417505
v 5.338508 0.852487 -0.596977
v 5.306062 0.867122 0.417505
v 5.306062 0.867122 -0.596977
v 5.273114 0.880813 0.417505
v 5.273114 0.880813 -0.596977
v 5.239666 0.893559 0.417505
v 5.239666 0.893559 -0.596977
v 5.205716 0.905362 0.417505
v 5.205716 0.905362 -0.596977
v 5.171287 0.916220 0.417505
v 5.171287 0.916220 -0.596977
v 5.136395 0.926134 0.417505
v 5.136395 0.926134 -0.596977
v 5.101040 0.935103 0.417505
v 5.101040 0.935103 -0.596977
v 5.065223 0.943129 0.417505
v 5.065223 0.943129 -0.596977
v 5.028944 0.950210 0.417505
v 5.028944 0.950210 -0.596977
v 4.992204 0.956348 0.417505
v 4.992204 0.956348 -0.596977
v 4.955001 0.961541 0.417505
v 4.955001 0.961541 -0.596977
v 4.917336 0.965790 0.417505
v 4.917336 0.965790 -0.596977
v 4.879208 0.969094 0.417505
v 4.879208 0.969094 -0.596977
v 4.840618 0.971455 0.417505
v 4.840618 0.971455 -0.596977
v 4.801567 0.972871 0.417505
v 4.801567 0.972871 -0.596977
v 4.762053 0.973343 0.417505
v 4.762053 0.973343 -0.596977
v 4.673898 0.969933 0.417505
v 4.673898 0.969933 -0.596977
v 4.590594 0.959705 0.417505
v 4.590594 0.959705 -0.596977
v 4.512144 0.942657 0.417505
v 4.512144 0.942657 -0.596977
v 4.438547 0.918790 0.417505
v 4.438547 0.918790 -0.596977
v 4.369802 0.888104 0.417505
v 4.369802 0.888104 -0.596977
v 4.305910 0.850599 0.417505
v 4.305910 0.850599 -0.596977
v 4.246870 0.806275 0.417505
v 4.246870 0.806275 -0.596977
v 4.192683 0.755131 0.417505
v 4.192683 0.755131 -0.596977
v 4.143349 0.697169 0.417505
v 4.143349 0.697169 -0.596977
v 4.098866 0.632387 0.417505
v 4.098866 0.632387 -0.596977
v 4.059237 0.560787 0.417505
v 4.059237 0.560787 -0.596977
v 4.024462 0.482367 0.417505
v 4.024462 0.482367 -0.596977
v 4.017702 0.462242 0.417505
v 4.017702 0.462242 -0.596977
v 4.010365 0.435437 0.417505
v 4.010365 0.435437 -0.596977
v 4.002451 0.401954 0.417505
v 4.002451 0.401954 -0.596977
v 3.993959 0.361791 0.417505
v 3.993959 0.361791 -0.596977
v 3.984890 0.314949 0.417505
v 3.984890 0.314949 -0.596977
v 3.975242 0.261428 0.417505
v 3.975242 0.261428 -0.596977
v 3.965017 0.201227 0.417505
v 3.965017 0.201227 -0.596977
v 3.954214 0.134348 0.417505
v 3.954214 0.134348 -0.596977
v 3.942834 0.060789 0.417505
v 3.942834 0.060789 -0.596977
v 3.930876 -0.019450 0.417505
v 3.930876 -0.019450 -0.596977
v 3.918340 -0.106367 0.417505
v 3.918340 -0.106367 -0.596977
v 3.905227 -0.199964 0.417505
v 3.905227 -0.199964 -0.596977
v 3.891978 -0.271722 0.417505
v 3.891978 -0.271722 -0.596977
v 3.878113 -0.351033 0.417505
v 3.878113 -0.351033 -0.596977
v 3.863633 -0.437898 0.417505
v 3.863633 -0.437898 -0.596977
v 3.848536 -0.532317 0.417505
v 3.848536 -0.532317 -0.596977
v 3.832823 -0.634289 0.417505
v 3.832823 -0.634289 -0.596977
v 3.816493 -0.743814 0.417505
v 3.816493 -0.743814 -0.596977
v 3.799548 -0.860893 0.417505
v 3.799548 -0.860893 -0.596977
v 3.781986 -0.985525 0.417505
v 3.781986 -0.985525 -0.596977
v 3.763808 -1.117711 0.417505
v 3.763808 -1.117711 -0.596977
v 3.745014 -1.257450 0.417505
v 3.745014 -1.257450 -0.596977
v 3.725604 -1.404743 0.417505
v 3.725604 -1.404743 -0.596977
v 3.705578 -1.559590 0.417505
v 3.705578 -1.559590 -0.596977
v 3.704634 -1.583159 0.417505
v 3.704634 -1.583159 -0.596977
v 3.705501 -1.606029 0.417505
v 3.705501 -1.606029 -0.596977
v 3.708178 -1.628200 0.417505
v 3.708178 -1.628200 -0.596977
v 3.712664 -1.649672 0.417505
v 3.712664 -1.649672 -0.596977
v 3.718961 -1.670444 0.417505
v 3.718961 -1.670444 -0.596977
v 3.727068 -1.690516 0.417505
v 3.727068 -1.690516 -0.596977
v 3.736985 -1.709890 0.417505
v 3.736985 -1.709890 -0.596977
v 3.748713 -1.728564 0.417505
v 3.748713 -1.728564 -0.596977
v 3.762250 -1.746538 0.417505
v 3.762250 -1.746538 -0.596977
v 3.777596 -1.763813 0.417505
v 3.777596 -1.763813 -0.596977
v 3.794754 -1.780389 0.417505
v 3.794754 -1.780389 -0.596977
v 3.813721 -1.796265 0.417505
v 3.813721 -1.796265 -0.596977
v 3.833882 -1.811145 0.417505
v 3.833882 -1.811145 -0.596977
v 3.854622 -1.824730 0.417505
v 3.854622 -1.824731 -0.596977
v 3.875938 -1.837022 0.417505
v 3.875938 -1.837022 -0.596977
v 3.897833 -1.848020 0.417505
v 3.897833 -1.848020 -0.596977
v 3.920304 -1.857724 0.417505
v 3.920304 -1.857724 -0.596977
v 3.943354 -1.866135 0.417505
v 3.943354 -1.866135 -0.596977
v 3.966982 -1.873251 0.417505
v 3.966982 -1.873251 -0.596977
v 3.991186 -1.879074 0.417505
v 3.991186 -1.879074 -0.596977
v 4.015968 -1.883602 0.417505
v 4.015968 -1.883602 -0.596977
v 4.041329 -1.886837 0.417505
v 4.041329 -1.886837 -0.596977
v 4.067267 -1.888778 0.417505
v 4.067267 -1.888778 -0.596977
v 4.093783 -1.889425 0.417505
v 4.093783 -1.889425 -0.596977
v 4.145102 -1.887431 0.417505
v 4.145102 -1.887431 -0.596977
v 4.192760 -1.881451 0.417505
v 4.192760 -1.881451 -0.596977
v 4.236761 -1.871485 0.417505
v 4.236761 -1.871485 -0.596977
v 4.277102 -1.857532 0.417505
v 4.277102 -1.857532 -0.596977
v 4.313787 -1.839593 0.417505
v 4.313787 -1.839593 -0.596977
v 4.346811 -1.817667 0.417505
v 4.346811 -1.817667 -0.596977
v 4.376177 -1.791754 0.417505
v 4.376177 -1.791754 -0.596977
v 4.401884 -1.761855 0.417505
v 4.401884 -1.761855 -0.596977
v 4.423932 -1.727969 0.417505
v 4.423932 -1.727969 -0.596977
v 4.442322 -1.690097 0.417505
v 4.442322 -1.690097 -0.596977
v 4.457053 -1.648238 0.417505
v 4.457053 -1.648238 -0.596977
v 4.468124 -1.602392 0.417505
v 4.468124 -1.602393 -0.596977
v 4.476462 -1.557684 0.417505
v 4.476462 -1.557684 -0.596977
v 4.484838 -1.510002 0.417505
v 4.484838 -1.510002 -0.596977
v 4.493254 -1.459349 0.417505
v 4.493254 -1.459349 -0.596977
v 4.501707 -1.405722 0.417505
v 4.501707 -1.405722 -0.596977
v 4.510199 -1.349124 0.417505
v 4.510199 -1.349124 -0.596977
v 4.518729 -1.289553 0.417505
v 4.518729 -1.289553 -0.596977
v 4.527298 -1.227009 0.417505
v 4.527298 -1.227009 -0.596977
v 4.535906 -1.161493 0.417505
v 4.535906 -1.161493 -0.596977
v 4.544552 -1.093005 0.417505
v 4.544552 -1.093005 -0.596977
v 4.553236 -1.021544 0.417505
v 4.553236 -1.021544 -0.596977
v 4.561959 -0.947111 0.417505
v 4.561959 -0.947111 -0.596977
v 4.570722 -0.869705 0.417505
v 4.570722 -0.869705 -0.596977
v 4.579830 -0.785358 0.417505
v 4.579830 -0.785358 -0.596977
v 4.588669 -0.705207 0.417505
v 4.588669 -0.705207 -0.596977
v 4.597238 -0.629253 0.417505
v 4.597238 -0.629253 -0.596977
v 4.605537 -0.557495 0.417505
v 4.605537 -0.557495 -0.596977
v 4.613567 -0.489933 0.417505
v 4.613567 -0.489933 -0.596977
v 4.621327 -0.426568 0.417505
v 4.621327 -0.426568 -0.596977
v 4.628819 -0.367399 0.417505
v 4.628819 -0.367399 -0.596977
v 4.636039 -0.312427 0.417505
v 4.636039 -0.312427 -0.596977
v 4.642990 -0.261650 0.417505
v 4.642990 -0.261650 -0.596977
v 4.649673 -0.215071 0.417505
v 4.649673 -0.215071 -0.596977
v 4.656084 -0.172687 0.417505
v 4.656084 -0.172687 -0.596977
v 4.662229 -0.134500 0.417505
v 4.662229 -0.134500 -0.596977
v 4.674995 -0.062515 0.417505
v 4.674995 -0.062515 -0.596977
v 4.688339 0.003211 0.417505
v 4.688339 0.003211 -0.596977
v 4.702262 0.062677 0.417505
v 4.702262 0.062677 -0.596977
v 4.716762 0.115883 0.417505
v 4.716762 0.115883 -0.596977
v 4.731839 0.162830 0.417505
v 4.731839 0.162830 -0.596977
v 4.747495 0.203518 0.417505
v 4.747495 0.203518 -0.596977
v 4.763727 0.237946 0.417505
v 4.763727 0.237946 -0.596977
v 4.780539 0.266114 0.417505
v 4.780539 0.266114 -0.596977
v 4.797927 0.288022 0.417505
v 4.797927 0.288022 -0.596977
v 4.815893 0.303671 0.417505
v 4.815893 0.303671 -0.596977
v 4.834436 0.313061 0.417505
v 4.834436 0.313061 -0.596977
v 4.853559 0.316190 0.417505
v 4.853559 0.316190 -0.596977
v 4.865324 0.315386 0.417505
v 4.865324 0.315386 -0.596977
v 4.879362 0.312973 0.417505
v 4.879362 0.312973 -0.596977
v 4.895672 0.308952 0.417505
v 4.895672 0.308952 -0.596977
v 4.914254 0.303322 0.417505
v 4.914254 0.303322 -0.596977
v 4.935108 0.296083 0.417505
v 4.935108 0.296083 -0.596977
v 4.958236 0.287235 0.417505
v 4.958236 0.287235 -0.596977
v 4.983634 0.276780 0.417505
v 4.983634 0.276780 -0.596977
v 5.011306 0.264715 0.417505
v 5.011306 0.264715 -0.596977
v 5.041249 0.251042 0.417505
v 5.041249 0.251042 -0.596977
v 5.073464 0.235760 0.417505
v 5.073464 0.235760 -0.596977
v 5.107952 0.218869 0.417505
v 5.107952 0.218869 -0.596977
v 5.144711 0.200370 0.417505
v 5.144711 0.200370 -0.596977
v 5.181761 0.181294 0.417505
v 5.181761 0.181294 -0.596977
v 5.217115 0.162673 0.417505
v 5.217115 0.162673 -0.596977
v 5.250775 0.144506 0.417505
v 5.250775 0.144506 -0.596977
v 5.282742 0.126794 0.417505
v 5.282742 0.126794 -0.596977
v 5.313012 0.109536 0.417505
v 5.313012 0.109536 -0.596977
v 5.341589 0.092733 0.417505
v 5.341589 0.092733 -0.596977
v 5.368470 0.076385 0.417505
v 5.368470 0.076385 -0.596977
v 5.393658 0.060491 0.417505
v 5.393658 0.060491 -0.596977
v 5.417150 0.045052 0.417505
v 5.417150 0.045052 -0.596977
v 5.438949 0.030067 0.417505
v 5.438949 0.030067 -0.596977
v 5.459052 0.015538 0.417505
v 5.459052 0.015538 -0.596977
v 5.477461 0.001462 0.417505
v 5.477461 0.001462 -0.596977
v 5.476940 -0.048125 0.417505
v 5.476940 -0.048125 -0.596977
v 5.475380 -0.101209 0.417505
v 5.475380 -0.101209 -0.596977
v 5.472780 -0.157790 0.417505
v 5.472780 -0.157790 -0.596977
v 5.469140 -0.217868 0.417505
v 5.469140 -0.217868 -0.596977
v 5.464460 -0.281444 0.417505
v 5.464460 -0.281444 -0.596977
v 5.458741 -0.348516 0.417505
v 5.458741 -0.348516 -0.596977
v 5.451982 -0.419085 0.417505
v 5.451982 -0.419085 -0.596977
v 5.444182 -0.493151 0.417505
v 5.444182 -0.493151 -0.596977
v 5.435344 -0.570714 0.417505
v 5.435344 -0.570714 -0.596977
v 5.425466 -0.651774 0.417505
v 5.425466 -0.651774 -0.596977
v 5.414547 -0.736331 0.417505
v 5.414547 -0.736331 -0.596977
v 5.402592 -0.824384 0.417505
v 5.402592 -0.824384 -0.596977
v 5.390191 -0.914362 0.417505
v 5.390191 -0.914362 -0.596977
v 5.378869 -1.000492 0.417505
v 5.378869 -1.000492 -0.596977
v 5.368625 -1.082776 0.417505
v 5.368625 -1.082776 -0.596977
v 5.359459 -1.161214 0.417505
v 5.359459 -1.161214 -0.596977
v 5.351371 -1.235804 0.417505
v 5.351371 -1.235804 -0.596977
v 5.344361 -1.306548 0.417505
v 5.344361 -1.306548 -0.596977
v 5.338431 -1.373445 0.417505
v 5.338431 -1.373445 -0.596977
v 5.333578 -1.436496 0.417505
v 5.333578 -1.436496 -0.596977
v 5.329804 -1.495700 0.417505
v 5.329804 -1.495700 -0.596977
v 5.327108 -1.551057 0.417505
v 5.327108 -1.551057 -0.596977
v 5.325491 -1.602567 0.417505
v 5.325491 -1.602567 -0.596977
v 5.324950 -1.650231 0.417505
v 5.324950 -1.650231 -0.596977
v 5.325701 -1.673818 0.417505
v 5.325701 -1.673818 -0.596977
v 5.327954 -1.696741 0.417505
v 5.327954 -1.696741 -0.596977
v 5.331709 -1.718999 0.417505
v 5.331709 -1.718999 -0.596977
v 5.336966 -1.740593 0.417505
v 5.336966 -1.740593 -0.596977
v 5.343725 -1.761523 0.417505
v 5.343725 -1.761523 -0.596977
v 5.351987 -1.781788 0.417505
v 5.351987 -1.781788 -0.596977
v 5.361750 -1.801388 0.417505
v 5.361750 -1.801388 -0.596977
v 5.373014 -1.820324 0.417505
v 5.373014 -1.820324 -0.596977
v 5.385781 -1.838596 0.417505
v 5.385781 -1.838596 -0.596977
v 5.400050 -1.856203 0.417505
v 5.400050 -1.856203 -0.596977
v 5.415821 -1.873146 0.417505
v 5.415821 -1.873146 -0.596977
v 5.433094 -1.889425 0.417505
v 5.433094 -1.889425 -0.596977
v 5.451522 -1.904706 0.417505
v 5.451522 -1.904706 -0.596977
v 5.470759 -1.918659 0.417505
v 5.470759 -1.918659 -0.596977
v 5.490805 -1.931283 0.417505
v 5.490805 -1.931283 -0.596977
v 5.511660 -1.942579 0.417505
v 5.511660 -1.942579 -0.596977
v 5.533322 -1.952545 0.417505
v 5.533322 -1.952545 -0.596977
v 5.555794 -1.961183 0.417505
v 5.555794 -1.961183 -0.596977
v 5.579075 -1.968491 0.417505
v 5.579075 -1.968491 -0.596977
v 5.603165 -1.974471 0.417505
v 5.603165 -1.974471 -0.596977
v 5.628063 -1.979122 0.417505
v 5.628063 -1.979122 -0.596977
v 5.653770 -1.982444 0.417505
v 5.653770 -1.982444 -0.596977
v 5.680286 -1.984437 0.417505
v 5.680286 -1.984438 -0.596977
v 5.707611 -1.985102 0.417505
v 5.707611 -1.985102 -0.596977
v 5.734936 -1.984437 0.417505
v 5.734936 -1.984438 -0.596977
v 5.761452 -1.982444 0.417505
v 5.761452 -1.982444 -0.596977
v 5.787158 -1.979122 0.417505
v 5.787158 -1.979122 -0.596977
v 5.812057 -1.974471 0.417505
v 5.812057 -1.974471 -0.596977
v 5.836146 -1.968491 0.417505
v 5.836146 -1.968491 -0.596977
v 5.859427 -1.961183 0.417505
v 5.859427 -1.961183 -0.596977
v 5.881900 -1.952545 0.417505
v 5.881900 -1.952545 -0.596977
v 5.903563 -1.942579 0.417505
v 5.903563 -1.942579 -0.596977
v 5.924417 -1.931283 0.417505
v 5.924417 -1.931283 -0.596977
v 5.944463 -1.918659 0.417505
v 5.944463 -1.918659 -0.596977
v 5.963700 -1.904706 0.417505
v 5.963700 -1.904706 -0.596977
v 5.982128 -1.889425 0.417505
v 5.982128 -1.889425 -0.596977
v 5.999401 -1.873146 0.417505
v 5.999401 -1.873146 -0.596977
v 6.015172 -1.856203 0.417505
v 6.015172 -1.856203 -0.596977
v 6.029442 -1.838596 0.417505
v 6.029442 -1.838596 -0.596977
v 6.042209 -1.820324 0.417505
v 6.042209 -1.820324 -0.596977
v 6.053473 -1.801388 0.417505
v 6.053473 -1.801388 -0.596977
v 6.063236 -1.781788 0.417505
v 6.063236 -1.781788 -0.596977
v 6.071496 -1.761523 0.417505
v 6.071496 -1.761523 -0.596977
v 6.078256 -1.740593 0.417505
v 6.078256 -1.740593 -0.596977
v 6.083512 -1.718999 0.417505
v 6.083512 -1.718999 -0.596977
v 6.087268 -1.696741 0.417505
v 6.087268 -1.696741 -0.596977
v 6.089520 -1.673818 0.417505
v 6.089520 -1.673818 -0.596977
v 6.090271 -1.650231 0.417505
v 6.090271 -1.650231 -0.596977
v 6.090743 -1.600513 0.417505
v 6.090743 -1.600513 -0.596977
v 6.092158 -1.547035 0.417505
v 6.092158 -1.547035 -0.596977
v 6.094518 -1.489799 0.417505
v 6.094518 -1.489799 -0.596977
v 6.097820 -1.428802 0.417505
v 6.097820 -1.428802 -0.596977
v 6.102066 -1.364047 0.417505
v 6.102066 -1.364047 -0.596977
v 6.107255 -1.295532 0.417505
v 6.107255 -1.295533 -0.596977
v 6.113388 -1.223259 0.417505
v 6.113388 -1.223259 -0.596977
v 6.120465 -1.147226 0.417505
v 6.120465 -1.147226 -0.596977
v 6.128486 -1.067433 0.417505
v 6.128486 -1.067433 -0.596977
v 6.137448 -0.983882 0.417505
v 6.137448 -0.983882 -0.596977
v 6.147356 -0.896571 0.417505
v 6.147356 -0.896571 -0.596977
v 6.158207 -0.805501 0.417505
v 6.158207 -0.805501 -0.596977
v 6.169058 -0.714431 0.417505
v 6.169058 -0.714431 -0.596977
v 6.178966 -0.627120 0.417505
v 6.178966 -0.627120 -0.596977
v 6.187929 -0.543568 0.417505
v 6.187929 -0.543568 -0.596977
v 6.195949 -0.463776 0.417505
v 6.195949 -0.463776 -0.596977
v 6.203026 -0.387743 0.417505
v 6.203026 -0.387743 -0.596977
v 6.209159 -0.315469 0.417505
v 6.209159 -0.315469 -0.596977
v 6.214349 -0.246955 0.417505
v 6.214349 -0.246955 -0.596977
v 6.218595 -0.182199 0.417505
v 6.218595 -0.182199 -0.596977
v 6.221896 -0.121203 0.417505
v 6.221896 -0.121203 -0.596977
v 6.224256 -0.063966 0.417505
v 6.224256 -0.063966 -0.596977
v 6.225671 -0.010489 0.417505
v 6.225671 -0.010489 -0.596977
v 6.226143 0.039230 0.417505
v 6.226143 0.039230 -0.596977
v 6.226356 0.065632 0.417505
v 6.226356 0.065632 -0.596977
v 6.226991 0.091125 0.417505
v 6.226991 0.091125 -0.596977
v 6.228049 0.115709 0.417505
v 6.228049 0.115709 -0.596977
v 6.229532 0.139383 0.417505
v 6.229532 0.139383 -0.596977
v 6.231439 0.162148 0.417505
v 6.231439 0.162148 -0.596977
v 6.233769 0.184005 0.417505
v 6.233769 0.184005 -0.596977
v 6.236523 0.204952 0.417505
v 6.236523 0.204952 -0.596977
v 6.239700 0.224989 0.417505
v 6.239700 0.224989 -0.596977
v 6.243301 0.244118 0.417505
v 6.243301 0.244118 -0.596977
v 6.247327 0.262337 0.417505
v 6.247327 0.262337 -0.596977
v 6.251775 0.279647 0.417505
v 6.251775 0.279647 -0.596977
v 6.256646 0.296048 0.417505
v 6.256646 0.296048 -0.596977
v 6.310275 0.266376 0.417505
v 6.310275 0.266376 -0.596977
v 6.363941 0.233592 0.417505
v 6.363941 0.233592 -0.596977
v 6.417647 0.197695 0.417505
v 6.417647 0.197695 -0.596977
v 6.471392 0.158686 0.417505
v 6.471392 0.158686 -0.596977
v 6.525174 0.116565 0.417505
v 6.525174 0.116565 -0.596977
v 6.578996 0.071332 0.417505
v 6.578996 0.071332 -0.596977
v 6.632855 0.022986 0.417505
v 6.632855 0.022986 -0.596977
v 6.686753 -0.028472 0.417505
v 6.686753 -0.028472 -0.596977
v 6.740690 -0.083042 0.417505
v 6.740690 -0.083042 -0.596977
v 6.794665 -0.140725 0.417505
v 6.794665 -0.140725 -0.596977
v 6.848680 -0.201520 0.417505
v 6.848680 -0.201520 -0.596977
v 6.902731 -0.265427 0.417505
v 6.902731 -0.265427 -0.596977
v 6.905177 -0.268487 0.417505
v 6.905177 -0.268487 -0.596977
v 6.907892 -0.271792 0.417505
v 6.907892 -0.271792 -0.596977
v 6.910876 -0.275341 0.417505
v 6.910876 -0.275341 -0.596977
v 6.914131 -0.279136 0.417505
v 6.914131 -0.279136 -0.596977
v 6.917655 -0.283175 0.417505
v 6.917655 -0.283175 -0.596977
v 6.921448 -0.287458 0.417505
v 6.921448 -0.287458 -0.596977
v 6.925511 -0.291987 0.417505
v 6.925511 -0.291987 -0.596977
v 6.929843 -0.296760 0.417505
v 6.929843 -0.296760 -0.596977
v 6.934446 -0.301779 0.417505
v 6.934446 -0.301779 -0.596977
v 6.939318 -0.307042 0.417505
v 6.939318 -0.307042 -0.596977
v 6.944459 -0.312549 0.417505
v 6.944459 -0.312549 -0.596977
v 6.949870 -0.318302 0.417505
v 6.949870 -0.318302 -0.596977
v 6.951641 -0.401547 0.417505
v 6.951641 -0.401547 -0.596977
v 6.953259 -0.481750 0.417505
v 6.953259 -0.481750 -0.596977
v 6.954721 -0.558911 0.417505
v 6.954721 -0.558911 -0.596977
v 6.956031 -0.633030 0.417505
v 6.956031 -0.633030 -0.596977
v 6.957186 -0.704106 0.417505
v 6.957186 -0.704106 -0.596977
v 6.958187 -0.772140 0.417505
v 6.958187 -0.772140 -0.596977
v 6.959035 -0.837131 0.417505
v 6.959035 -0.837131 -0.596977
v 6.959728 -0.899080 0.417505
v 6.959728 -0.899080 -0.596977
v 6.960268 -0.957987 0.417505
v 6.960268 -0.957987 -0.596977
v 6.960653 -1.013851 0.417505
v 6.960653 -1.013851 -0.596977
v 6.960884 -1.066673 0.417505
v 6.960884 -1.066673 -0.596977
v 6.960961 -1.116452 0.417505
v 6.960961 -1.116452 -0.596977
v 6.960999 -1.128543 0.417505
v 6.960999 -1.128543 -0.596977
v 6.961115 -1.141316 0.417505
v 6.961115 -1.141316 -0.596977
v 6.961307 -1.154770 0.417505
v 6.961307 -1.154770 -0.596977
v 6.961576 -1.168907 0.417505
v 6.961576 -1.168907 -0.596977
v 6.961923 -1.183725 0.417505
v 6.961923 -1.183725 -0.596977
v 6.962346 -1.199226 0.417505
v 6.962346 -1.199226 -0.596977
v 6.962846 -1.215408 0.417505
v 6.962846 -1.215408 -0.596977
v 6.963424 -1.232272 0.417505
v 6.963424 -1.232272 -0.596977
v 6.964078 -1.249818 0.417505
v 6.964078 -1.249818 -0.596977
v 6.964809 -1.268046 0.417505
v 6.964809 -1.268046 -0.596977
v 6.965618 -1.286956 0.417505
v 6.965618 -1.286956 -0.596977
v 6.966508 -1.306548 0.417505
v 6.966508 -1.306548 -0.596977
v 6.967394 -1.326052 0.417505
v 6.967394 -1.326052 -0.596977
v 6.968203 -1.344700 0.417505
v 6.968203 -1.344700 -0.596977
v 6.968934 -1.362491 0.417505
v 6.968934 -1.362491 -0.596977
v 6.969588 -1.379425 0.417505
v 6.969588 -1.379425 -0.596977
v 6.970166 -1.395502 0.417505
v 6.970166 -1.395502 -0.596977
v 6.970666 -1.410723 0.417505
v 6.970666 -1.410723 -0.596977
v 6.971089 -1.425087 0.417505
v 6.971089 -1.425087 -0.596977
v 6.971436 -1.438594 0.417505
v 6.971436 -1.438594 -0.596977
v 6.971705 -1.451244 0.417505
v 6.971705 -1.451244 -0.596977
v 6.971897 -1.463038 0.417505
v 6.971897 -1.463038 -0.596977
v 6.972013 -1.473975 0.417505
v 6.972013 -1.473975 -0.596977
v 6.972054 -1.484055 0.417505
v 6.972054 -1.484055 -0.596977
v 6.972901 -1.506313 0.417505
v 6.972901 -1.506313 -0.596977
v 6.975443 -1.527767 0.417505
v 6.975443 -1.527767 -0.596977
v 6.979679 -1.548417 0.417505
v 6.979679 -1.548417 -0.596977
v 6.985610 -1.568262 0.417505
v 6.985610 -1.568262 -0.596977
v 6.993236 -1.587303 0.417505
v 6.993236 -1.587303 -0.596977
v 7.002556 -1.605540 0.417505
v 7.002556 -1.605540 -0.596977
v 7.013571 -1.622972 0.417505
v 7.013571 -1.622972 -0.596977
v 7.026279 -1.639600 0.417505
v 7.026279 -1.639600 -0.596977
v 7.040683 -1.655424 0.417505
v 7.040683 -1.655424 -0.596977
v 7.056781 -1.670444 0.417505
v 7.056781 -1.670444 -0.596977
v 7.074574 -1.684659 0.417505
v 7.074574 -1.684659 -0.596977
v 7.094061 -1.698070 0.417505
v 7.094061 -1.698070 -0.596977
v 7.112913 -1.709732 0.417505
v 7.112913 -1.709732 -0.596977
v 7.132496 -1.720381 0.417505
v 7.132496 -1.720381 -0.596977
v 7.152812 -1.730015 0.417505
v 7.152812 -1.730015 -0.596977
v 7.173859 -1.738635 0.417505
v 7.173859 -1.738635 -0.596977
v 7.195638 -1.746241 0.417505
v 7.195638 -1.746241 -0.596977
v 7.218148 -1.752833 0.417505
v 7.218148 -1.752833 -0.596977
v 7.241391 -1.758410 0.417505
v 7.241391 -1.758410 -0.596977
v 7.265365 -1.762974 0.417505
v 7.265365 -1.762974 -0.596977
v 7.290071 -1.766523 0.417505
v 7.290071 -1.766523 -0.596977
v 7.315508 -1.769059 0.417505
v 7.315508 -1.769059 -0.596977
v 7.341677 -1.770580 0.417505
v 7.341677 -1.770580 -0.596977
v 7.368578 -1.771087 0.417505
v 7.368578 -1.771087 -0.596977
v 7.406802 -1.769793 0.417505
v 7.406802 -1.769793 -0.596977
v 7.442907 -1.765911 0.417505
v 7.442907 -1.765911 -0.596977
v 7.476894 -1.759442 0.417505
v 7.476894 -1.759442 -0.596977
v 7.508763 -1.750385 0.417505
v 7.508763 -1.750385 -0.596977
v 7.538514 -1.738740 0.417505
v 7.538514 -1.738740 -0.596977
v 7.566146 -1.724507 0.417505
v 7.566146 -1.724507 -0.596977
v 7.591660 -1.707687 0.417505
v 7.591660 -1.707687 -0.596977
v 7.615057 -1.688278 0.417505
v 7.615057 -1.688278 -0.596977
v 7.636335 -1.666282 0.417505
v 7.636335 -1.666282 -0.596977
v 7.655495 -1.641698 0.417505
v 7.655495 -1.641699 -0.596977
v 7.672536 -1.614527 0.417505
v 7.672536 -1.614527 -0.596977
v 7.687462 -1.584768 0.417505
v 7.687462 -1.584768 -0.596977
v 7.696763 -1.562754 0.417505
v 7.696763 -1.562754 -0.596977
v 7.705255 -1.538678 0.417505
v 7.705255 -1.538678 -0.596977
v 7.712937 -1.512538 0.417505
v 7.712937 -1.512538 -0.596977
v 7.719812 -1.484334 0.417505
v 7.719812 -1.484334 -0.596977
v 7.725878 -1.454068 0.417505
v 7.725878 -1.454068 -0.596977
v 7.731135 -1.421739 0.417505
v 7.731135 -1.421739 -0.596977
v 7.735583 -1.387346 0.417505
v 7.735583 -1.387346 -0.596977
v 7.739222 -1.350890 0.417505
v 7.739222 -1.350890 -0.596977
v 7.742053 -1.312371 0.417505
v 7.742053 -1.312371 -0.596977
v 7.744075 -1.271788 0.417505
v 7.744075 -1.271788 -0.596977
v 7.745288 -1.229142 0.417505
v 7.745288 -1.229142 -0.596977
v 7.745693 -1.184433 0.417505
v 7.745693 -1.184433 -0.596977
v 7.745693 -0.247802 0.417505
v 7.745693 -0.247802 -0.596977
v 7.745770 -0.226008 0.417505
v 7.745770 -0.226008 -0.596977
v 7.746001 -0.202587 0.417505
v 7.746001 -0.202587 -0.596977
v 7.746386 -0.177539 0.417505
v 7.746386 -0.177539 -0.596977
v 7.746925 -0.150866 0.417505
v 7.746925 -0.150866 -0.596977
v 7.747618 -0.122567 0.417505
v 7.747618 -0.122567 -0.596977
v 7.748465 -0.092641 0.417505
v 7.748465 -0.092641 -0.596977
v 7.749466 -0.061090 0.417505
v 7.749466 -0.061090 -0.596977
v 7.750622 -0.027912 0.417505
v 7.750622 -0.027912 -0.596977
v 7.751932 0.006891 0.417505
v 7.751932 0.006891 -0.596977
v 7.753395 0.043321 0.417505
v 7.753395 0.043321 -0.596977
v 7.755013 0.081377 0.417505
v 7.755013 0.081377 -0.596977
v 7.756784 0.121059 0.417505
v 7.756784 0.121059 -0.596977
v 7.758556 0.160741 0.417505
v 7.758556 0.160741 -0.596977
v 7.760173 0.198797 0.417505
v 7.760173 0.198797 -0.596977
v 7.761637 0.235227 0.417505
v 7.761637 0.235227 -0.596977
v 7.762946 0.270030 0.417505
v 7.762946 0.270030 -0.596977
v 7.764102 0.303208 0.417505
v 7.764102 0.303208 -0.596977
v 7.765103 0.334759 0.417505
v 7.765103 0.334759 -0.596977
v 7.765950 0.364685 0.417505
v 7.765950 0.364685 -0.596977
v 7.766643 0.392984 0.417505
v 7.766643 0.392984 -0.596977
v 7.767182 0.419657 0.417505
v 7.767182 0.419657 -0.596977
v 7.767567 0.444705 0.417505
v 7.767567 0.444705 -0.596977
v 7.767798 0.468126 0.417505
v 7.767798 0.468126 -0.596977
v 7.767876 0.489920 0.417505
v 7.767876 0.489920 -0.596977
v 7.767260 0.526971 0.417505
v 7.767260 0.526971 -0.596977
v 7.765411 0.563427 0.417505
v 7.765411 0.563427 -0.596977
v 7.762330 0.599289 0.417505
v 7.762330 0.599289 -0.596977
v 7.758017 0.634556 0.417505
v 7.758017 0.634556 -0.596977
v 7.752471 0.669228 0.417505
v 7.752471 0.669228 -0.596977
v 7.745693 0.703306 0.417505
v 7.745693 0.703306 -0.596977
v 7.737682 0.736790 0.417505
v 7.737682 0.736790 -0.596977
v 7.728439 0.769679 0.417505
v 7.728439 0.769679 -0.596977
v 7.717964 0.801973 0.417505
v 7.717964 0.801973 -0.596977
v 7.706256 0.833673 0.417505
v 7.706256 0.833673 -0.596977
v 7.693316 0.864779 0.417505
v 7.693316 0.864779 -0.596977
v 7.679142 0.895290 0.417505
v 7.679142 0.895290 -0.596977
v 7.660502 0.931484 0.417505
v 7.660502 0.931484 -0.596977
v 7.640630 0.964530 0.417505
v 7.640630 0.964530 -0.596977
v 7.619525 0.994430 0.417505
v 7.619525 0.994430 -0.596977
v 7.597188 1.021182 0.417505
v 7.597188 1.021182 -0.596977
v 7.573618 1.044786 0.417505
v 7.573618 1.044786 -0.596977
v 7.548817 1.065243 0.417505
v 7.548817 1.065243 -0.596977
v 7.522782 1.082554 0.417505
v 7.522782 1.082554 -0.596977
v 7.495515 1.096716 0.417505
v 7.495515 1.096716 -0.596977
v 7.467016 1.107732 0.417505
v 7.467016 1.107732 -0.596977
v 7.437284 1.115600 0.417505
v 7.437284 1.115600 -0.596977
v 7.406320 1.120321 0.417505
v 7.406320 1.120321 -0.596977
v 7.374124 1.121895 0.417505
v 7.374124 1.121895 -0.596977
v 7.348475 1.121134 0.417505
v 7.348475 1.121134 -0.596977
v 7.323287 1.118852 0.417505
v 7.323287 1.118852 -0.596977
v 7.298562 1.115049 0.417505
v 7.298562 1.115049 -0.596977
v 7.274299 1.109725 0.417505
v 7.274299 1.109725 -0.596977
v 7.250499 1.102880 0.417505
v 7.250499 1.102880 -0.596977
v 7.227160 1.094513 0.417505
v 7.227160 1.094513 -0.596977
v 7.204284 1.084625 0.417505
v 7.204284 1.084625 -0.596977
v 7.181869 1.073216 0.417505
v 7.181869 1.073216 -0.596977
v 7.159917 1.060286 0.417505
v 7.159917 1.060286 -0.596977
v 7.138427 1.045835 0.417505
v 7.138427 1.045835 -0.596977
v 7.117399 1.029862 0.417505
v 7.117399 1.029862 -0.596977
v 7.096834 1.012369 0.417505
v 7.096834 1.012369 -0.596977
v 7.077346 0.993966 0.417505
v 7.077346 0.993966 -0.596977
v 7.059554 0.975266 0.417505
v 7.059554 0.975266 -0.596977
v 7.043456 0.956269 0.417505
v 7.043456 0.956269 -0.596977
v 7.029052 0.936974 0.417505
v 7.029052 0.936974 -0.596977
v 7.016343 0.917382 0.417505
v 7.016343 0.917382 -0.596977
v 7.005328 0.897493 0.417505
v 7.005328 0.897493 -0.596977
v 6.996008 0.877307 0.417505
v 6.996008 0.877307 -0.596977
v 6.988383 0.856824 0.417505
v 6.988383 0.856824 -0.596977
v 6.982452 0.836043 0.417505
v 6.982452 0.836043 -0.596977
v 6.978216 0.814965 0.417505
v 6.978216 0.814965 -0.596977
v 6.975674 0.793589 0.417505
v 6.975674 0.793589 -0.596977
v 1.085187 -1.637642 0.417505
v 1.085187 -1.637642 -0.596977
v 1.150216 -1.661771 0.417505
v 1.150216 -1.661771 -0.596977
v 1.215899 -1.683802 0.417505
v 1.215899 -1.683802 -0.596977
v 1.282237 -1.703735 0.417505
v 1.282237 -1.703735 -0.596977
v 1.349229 -1.721570 0.417505
v 1.349229 -1.721570 -0.596977
v 1.416876 -1.737306 0.417505
v 1.416876 -1.737306 -0.596977
v 1.485178 -1.750944 0.417505
v 1.485178 -1.750944 -0.596977
v 1.554135 -1.762484 0.417505
v 1.554135 -1.762484 -0.596977
v 1.623747 -1.771926 0.417505
v 1.623747 -1.771926 -0.596977
v 1.694013 -1.779270 0.417505
v 1.694013 -1.779270 -0.596977
v 1.764933 -1.784515 0.417505
v 1.764933 -1.784515 -0.596977
v 1.836508 -1.787663 0.417505
v 1.836508 -1.787663 -0.596977
v 1.908738 -1.788712 0.417505
v 1.908738 -1.788712 -0.596977
v 2.017517 -1.786718 0.417505
v 2.017517 -1.786718 -0.596977
v 2.122945 -1.780738 0.417505
v 2.122945 -1.780738 -0.596977
v 2.225022 -1.770772 0.417505
v 2.225022 -1.770772 -0.596977
v 2.323750 -1.756819 0.417505
v 2.323750 -1.756819 -0.596977
v 2.419127 -1.738880 0.417505
v 2.419127 -1.738880 -0.596977
v 2.511152 -1.716954 0.417505
v 2.511152 -1.716954 -0.596977
v 2.599828 -1.691041 0.417505
v 2.599828 -1.691041 -0.596977
v 2.685152 -1.661142 0.417505
v 2.685152 -1.661142 -0.596977
v 2.767126 -1.627256 0.417505
v 2.767126 -1.627256 -0.596977
v 2.845749 -1.589384 0.417505
v 2.845749 -1.589384 -0.596977
v 2.921022 -1.547525 0.417505
v 2.921022 -1.547525 -0.596977
v 2.992942 -1.501679 0.417505
v 2.992942 -1.501680 -0.596977
v 3.067348 -1.447004 0.417505
v 3.067348 -1.447004 -0.596977
v 3.135284 -1.388727 0.417505
v 3.135284 -1.388727 -0.596977
v 3.196751 -1.326848 0.417505
v 3.196751 -1.326848 -0.596977
v 3.251746 -1.261367 0.417505
v 3.251746 -1.261367 -0.596977
v 3.300272 -1.192284 0.417505
v 3.300272 -1.192284 -0.596977
v 3.342328 -1.119599 0.417505
v 3.342328 -1.119599 -0.596977
v 3.377913 -1.043313 0.417505
v 3.377913 -1.043313 -0.596977
v 3.407029 -0.963424 0.417505
v 3.407029 -0.963424 -0.596977
v 3.429675 -0.879934 0.417505
v 3.429675 -0.879934 -0.596977
v 3.445850 -0.792842 0.417505
v 3.445850 -0.792842 -0.596977
v 3.455556 -0.702147 0.417505
v 3.455556 -0.702147 -0.596977
v 3.458789 -0.607852 0.417505
v 3.458789 -0.607852 -0.596977
v 3.456228 -0.503047 0.417505
v 3.456228 -0.503047 -0.596977
v 3.448545 -0.400970 0.417505
v 3.448545 -0.400970 -0.596977
v 3.435740 -0.301621 0.417505
v 3.435740 -0.301621 -0.596977
v 3.417813 -0.204999 0.417505
v 3.417813 -0.204999 -0.596977
v 3.394763 -0.111105 0.417505
v 3.394763 -0.111105 -0.596977
v 3.366590 -0.019939 0.417505
v 3.366590 -0.019939 -0.596977
v 3.333297 0.068500 0.417505
v 3.333297 0.068500 -0.596977
v 3.294881 0.154211 0.417505
v 3.294881 0.154211 -0.596977
v 3.251343 0.237194 0.417505
v 3.251343 0.237194 -0.596977
v 3.202682 0.317450 0.417505
v 3.202682 0.317450 -0.596977
v 3.148899 0.394978 0.417505
v 3.148899 0.394978 -0.596977
v 3.089994 0.469778 0.417505
v 3.089994 0.469778 -0.596977
v 3.019612 0.547795 0.417505
v 3.019612 0.547795 -0.596977
v 2.945264 0.619029 0.417505
v 2.945264 0.619029 -0.596977
v 2.866949 0.683478 0.417505
v 2.866949 0.683478 -0.596977
v 2.784667 0.741143 0.417505
v 2.784667 0.741143 -0.596977
v 2.698419 0.792024 0.417505
v 2.698419 0.792024 -0.596977
v 2.608203 0.836121 0.417505
v 2.608203 0.836121 -0.596977
v 2.514020 0.873434 0.417505
v 2.514020 0.873434 -0.596977
v 2.415872 0.903963 0.417505
v 2.415872 0.903963 -0.596977
v 2.313756 0.927707 0.417505
v 2.313756 0.927707 -0.596977
v 2.207673 0.944667 0.417505
v 2.207673 0.944667 -0.596977
v 2.097623 0.954844 0.417505
v 2.097623 0.954844 -0.596977
v 1.983606 0.958236 0.417505
v 1.983606 0.958236 -0.596977
v 1.904328 0.957257 0.417505
v 1.904328 0.957257 -0.596977
v 1.827322 0.954319 0.417505
v 1.827322 0.954319 -0.596977
v 1.752589 0.949424 0.417505
v 1.752589 0.949424 -0.596977
v 1.680127 0.942569 0.417505
v 1.680127 0.942569 -0.596977
v 1.609939 0.933757 0.417505
v 1.609939 0.933757 -0.596977
v 1.542022 0.922987 0.417505
v 1.542022 0.922987 -0.596977
v 1.476377 0.910258 0.417505
v 1.476377 0.910258 -0.596977
v 1.413005 0.895571 0.417505
v 1.413005 0.895571 -0.596977
v 1.351905 0.878925 0.417505
v 1.351905 0.878925 -0.596977
v 1.293077 0.860321 0.417505
v 1.293077 0.860321 -0.596977
v 1.236523 0.839759 0.417505
v 1.236523 0.839759 -0.596977
v 1.182239 0.817238 0.417505
v 1.182239 0.817238 -0.596977
v 1.115361 0.784751 0.417505
v 1.115361 0.784751 -0.596977
v 1.054300 0.749396 0.417505
v 1.054300 0.749396 -0.596977
v 0.999054 0.711174 0.417505
v 0.999054 0.711174 -0.596977
v 0.949623 0.670085 0.417505
v 0.949623 0.670085 -0.596977
v 0.906008 0.626128 0.417505
v 0.906008 0.626128 -0.596977
v 0.868209 0.579303 0.417505
v 0.868209 0.579303 -0.596977
v 0.836224 0.529611 0.417505
v 0.836224 0.529611 -0.596977
v 0.810054 0.477051 0.417505
v 0.810054 0.477051 -0.596977
v 0.789701 0.421624 0.417505
v 0.789701 0.421624 -0.596977
v 0.775162 0.363330 0.417505
v 0.775162 0.363330 -0.596977
v 0.766439 0.302168 0.417505
v 0.766439 0.302168 -0.596977
v 0.763531 0.238138 0.417505
v 0.763531 0.238138 -0.596977
v 0.765900 0.192415 0.417505
v 0.765900 0.192415 -0.596977
v 0.773005 0.147566 0.417505
v 0.773005 0.147566 -0.596977
v 0.784847 0.103592 0.417505
v 0.784847 0.103592 -0.596977
v 0.801428 0.060491 0.417505
v 0.801428 0.060491 -0.596977
v 0.822744 0.018265 0.417505
v 0.822744 0.018265 -0.596977
v 0.848798 -0.023087 0.417505
v 0.848798 -0.023087 -0.596977
v 0.879588 -0.063564 0.417505
v 0.879588 -0.063564 -0.596977
v 0.915116 -0.103167 0.417505
v 0.915116 -0.103167 -0.596977
v 0.955380 -0.141896 0.417505
v 0.955380 -0.141896 -0.596977
v 1.000382 -0.179751 0.417505
v 1.000382 -0.179751 -0.596977
v 1.050121 -0.216732 0.417505
v 1.050121 -0.216732 -0.596977
v 1.104597 -0.252838 0.417505
v 1.104597 -0.252838 -0.596977
v 1.132653 -0.269833 0.417505
v 1.132653 -0.269833 -0.596977
v 1.165061 -0.288088 0.417505
v 1.165061 -0.288088 -0.596977
v 1.201822 -0.307601 0.417505
v 1.201822 -0.307601 -0.596977
v 1.242934 -0.328373 0.417505
v 1.242934 -0.328373 -0.596977
v 1.288399 -0.350404 0.417505
v 1.288399 -0.350404 -0.596977
v 1.338215 -0.373694 0.417505
v 1.338215 -0.373694 -0.596977
v 1.392383 -0.398243 0.417505
v 1.392383 -0.398243 -0.596977
v 1.450903 -0.424050 0.417505
v 1.450903 -0.424050 -0.596977
v 1.513775 -0.451117 0.417505
v 1.513775 -0.451117 -0.596977
v 1.580998 -0.479442 0.417505
v 1.580998 -0.479442 -0.596977
v 1.652574 -0.509027 0.417505
v 1.652574 -0.509027 -0.596977
v 1.728500 -0.539870 0.417505
v 1.728500 -0.539870 -0.596977
v 2.662967 -0.915026 0.417505
v 2.662967 -0.915026 -0.596977
v 2.640398 -0.936393 0.417505
v 2.640398 -0.936393 -0.596977
v 2.617060 -0.956850 0.417505
v 2.617060 -0.956850 -0.596977
v 2.592951 -0.976398 0.417505
v 2.592951 -0.976398 -0.596977
v 2.568071 -0.995037 0.417505
v 2.568071 -0.995037 -0.596977
v 2.542422 -1.012767 0.417505
v 2.542422 -1.012767 -0.596977
v 2.516003 -1.029587 0.417505
v 2.516003 -1.029587 -0.596977
v 2.488812 -1.045498 0.417505
v 2.488812 -1.045498 -0.596977
v 2.460853 -1.060500 0.417505
v 2.460853 -1.060500 -0.596977
v 2.432122 -1.074593 0.417505
v 2.432122 -1.074593 -0.596977
v 2.402621 -1.087777 0.417505
v 2.402621 -1.087777 -0.596977
v 2.372351 -1.100051 0.417505
v 2.372351 -1.100051 -0.596977
v 2.341311 -1.111417 0.417505
v 2.341311 -1.111417 -0.596977
v 2.309499 -1.121872 0.417505
v 2.309499 -1.121872 -0.596977
v 2.276917 -1.131419 0.417505
v 2.276917 -1.131419 -0.596977
v 2.243566 -1.140057 0.417505
v 2.243566 -1.140057 -0.596977
v 2.209444 -1.147785 0.417505
v 2.209444 -1.147785 -0.596977
v 2.174551 -1.154604 0.417505
v 2.174551 -1.154604 -0.596977
v 2.138888 -1.160514 0.417505
v 2.138888 -1.160514 -0.596977
v 2.102456 -1.165515 0.417505
v 2.102456 -1.165515 -0.596977
v 2.065253 -1.169606 0.417505
v 2.065253 -1.169606 -0.596977
v 2.027280 -1.172789 0.417505
v 2.027280 -1.172789 -0.596977
v 1.988536 -1.175062 0.417505
v 1.988536 -1.175062 -0.596977
v 1.949022 -1.176425 0.417505
v 1.949022 -1.176425 -0.596977
v 1.908738 -1.176880 0.417505
v 1.908738 -1.176880 -0.596977
v 1.847599 -1.175918 0.417505
v 1.847599 -1.175918 -0.596977
v 1.788040 -1.173033 0.417505
v 1.788040 -1.173033 -0.596977
v 1.730060 -1.168225 0.417505
v 1.730060 -1.168225 -0.596977
v 1.673658 -1.161493 0.417505
v 1.673658 -1.161493 -0.596977
v 1.618835 -1.152838 0.417505
v 1.618835 -1.152838 -0.596977
v 1.565592 -1.142260 0.417505
v 1.565592 -1.142260 -0.596977
v 1.513927 -1.129758 0.417505
v 1.513927 -1.129758 -0.596977
v 1.463842 -1.115333 0.417505
v 1.463842 -1.115333 -0.596977
v 1.415336 -1.098985 0.417505
v 1.415336 -1.098985 -0.596977
v 1.368408 -1.080713 0.417505
v 1.368408 -1.080713 -0.596977
v 1.323060 -1.060518 0.417505
v 1.323060 -1.060518 -0.596977
v 1.279290 -1.038400 0.417505
v 1.279290 -1.038400 -0.596977
v 1.241568 -1.018694 0.417505
v 1.241568 -1.018694 -0.596977
v 1.205114 -1.000702 0.417505
v 1.205114 -1.000702 -0.596977
v 1.169933 -0.984424 0.417505
v 1.169933 -0.984424 -0.596977
v 1.136023 -0.969859 0.417505
v 1.136023 -0.969859 -0.596977
v 1.103383 -0.957007 0.417505
v 1.103383 -0.957007 -0.596977
v 1.072015 -0.945870 0.417505
v 1.072015 -0.945870 -0.596977
v 1.041918 -0.936445 0.417505
v 1.041918 -0.936445 -0.596977
v 1.013091 -0.928734 0.417505
v 1.013091 -0.928734 -0.596977
v 0.985536 -0.922737 0.417505
v 0.985536 -0.922737 -0.596977
v 0.959250 -0.918453 0.417505
v 0.959250 -0.918453 -0.596977
v 0.934237 -0.915883 0.417505
v 0.934237 -0.915883 -0.596977
v 0.910495 -0.915026 0.417505
v 0.910495 -0.915026 -0.596977
v 0.864433 -0.916792 0.417505
v 0.864433 -0.916792 -0.596977
v 0.822378 -0.922090 0.417505
v 0.822378 -0.922090 -0.596977
v 0.784328 -0.930920 0.417505
v 0.784328 -0.930920 -0.596977
v 0.750281 -0.943282 0.417505
v 0.750281 -0.943282 -0.596977
v 0.720243 -0.959176 0.417505
v 0.720243 -0.959176 -0.596977
v 0.694208 -0.978601 0.417505
v 0.694208 -0.978601 -0.596977
v 0.672178 -1.001559 0.417505
v 0.672178 -1.001559 -0.596977
v 0.654155 -1.028049 0.417505
v 0.654155 -1.028049 -0.596977
v 0.640136 -1.058070 0.417505
v 0.640136 -1.058070 -0.596977
v 0.630123 -1.091624 0.417505
v 0.630123 -1.091624 -0.596977
v 0.624115 -1.128709 0.417505
v 0.624115 -1.128709 -0.596977
v 0.622112 -1.169327 0.417505
v 0.622112 -1.169327 -0.596977
v 0.625328 -1.216431 0.417505
v 0.625328 -1.216431 -0.596977
v 0.634975 -1.262066 0.417505
v 0.634975 -1.262066 -0.596977
v 0.651054 -1.306233 0.417505
v 0.651054 -1.306233 -0.596977
v 0.673565 -1.348931 0.417505
v 0.673565 -1.348932 -0.596977
v 0.702507 -1.390161 0.417505
v 0.702507 -1.390161 -0.596977
v 0.737881 -1.429922 0.417505
v 0.737881 -1.429922 -0.596977
v 0.779687 -1.468213 0.417505
v 0.779687 -1.468213 -0.596977
v 0.827923 -1.505037 0.417505
v 0.827923 -1.505037 -0.596977
v 0.882592 -1.540391 0.417505
v 0.882592 -1.540391 -0.596977
v 0.943691 -1.574277 0.417505
v 0.943691 -1.574277 -0.596977
v 1.011224 -1.606694 0.417505
v 1.011224 -1.606694 -0.596977
v 1.498349 0.253245 0.417505
v 1.498349 0.253245 -0.596977
v 1.530104 0.268527 0.417505
v 1.530104 0.268527 -0.596977
v 1.563436 0.282479 0.417505
v 1.563436 0.282479 -0.596977
v 1.598347 0.295104 0.417505
v 1.598347 0.295104 -0.596977
v 1.634837 0.306399 0.417505
v 1.634837 0.306399 -0.596977
v 1.672907 0.316365 0.417505
v 1.672907 0.316365 -0.596977
v 1.712556 0.325003 0.417505
v 1.712556 0.325003 -0.596977
v 1.753783 0.332311 0.417505
v 1.753783 0.332311 -0.596977
v 1.796590 0.338291 0.417505
v 1.796590 0.338291 -0.596977
v 1.840975 0.342942 0.417505
v 1.840975 0.342942 -0.596977
v 1.886940 0.346264 0.417505
v 1.886940 0.346264 -0.596977
v 1.934484 0.348258 0.417505
v 1.934484 0.348258 -0.596977
v 1.983606 0.348922 0.417505
v 1.983606 0.348922 -0.596977
v 2.026067 0.347838 0.417505
v 2.026067 0.347838 -0.596977
v 2.067487 0.344586 0.417505
v 2.067487 0.344586 -0.596977
v 2.107867 0.339166 0.417505
v 2.107867 0.339166 -0.596977
v 2.147208 0.331577 0.417505
v 2.147208 0.331577 -0.596977
v 2.185509 0.321821 0.417505
v 2.185509 0.321821 -0.596977
v 2.222770 0.309896 0.417505
v 2.222770 0.309896 -0.596977
v 2.258991 0.295803 0.417505
v 2.258991 0.295803 -0.596977
v 2.294172 0.279542 0.417505
v 2.294172 0.279542 -0.596977
v 2.328315 0.261113 0.417505
v 2.328315 0.261113 -0.596977
v 2.361416 0.240516 0.417505
v 2.361416 0.240516 -0.596977
v 2.393478 0.217751 0.417505
v 2.393478 0.217751 -0.596977
v 2.424498 0.192817 0.417505
v 2.424498 0.192817 -0.596977
v 2.454499 0.165715 0.417505
v 2.454499 0.165715 -0.596977
v 2.483499 0.136446 0.417505
v 2.483499 0.136446 -0.596977
v 2.511497 0.105008 0.417505
v 2.511497 0.105008 -0.596977
v 2.538494 0.071402 0.417505
v 2.538494 0.071402 -0.596977
v 2.564490 0.035628 0.417505
v 2.564490 0.035628 -0.596977
v 2.589485 -0.002315 0.417505
v 2.589485 -0.002315 -0.596977
v 2.613479 -0.042425 0.417505
v 2.613479 -0.042425 -0.596977
v 2.636471 -0.084703 0.417505
v 2.636471 -0.084703 -0.596977
v 2.658462 -0.129150 0.417505
v 2.658462 -0.129150 -0.596977
v 2.679451 -0.175765 0.417505
v 2.679451 -0.175765 -0.596977
v 2.699438 -0.224548 0.417505
v 2.699438 -0.224548 -0.596977
v 2.718425 -0.275499 0.417505
v 2.718425 -0.275499 -0.596977
v 2.666222 -0.254954 0.417505
v 2.666222 -0.254954 -0.596977
v 2.614057 -0.234444 0.417505
v 2.614057 -0.234444 -0.596977
v 2.561930 -0.213969 0.417505
v 2.561930 -0.213969 -0.596977
v 2.509841 -0.193529 0.417505
v 2.509841 -0.193529 -0.596977
v 2.457791 -0.173124 0.417505
v 2.457791 -0.173124 -0.596977
v 2.405780 -0.152754 0.417505
v 2.405780 -0.152754 -0.596977
v 2.353807 -0.132419 0.417505
v 2.353807 -0.132419 -0.596977
v 2.301873 -0.112120 0.417505
v 2.301873 -0.112120 -0.596977
v 2.249977 -0.091855 0.417505
v 2.249977 -0.091855 -0.596977
v 2.198120 -0.071625 0.417505
v 2.198120 -0.071625 -0.596977
v 2.146301 -0.051429 0.417505
v 2.146301 -0.051429 -0.596977
v 2.094522 -0.031269 0.417505
v 2.094522 -0.031269 -0.596977
v 2.033192 -0.005829 0.417505
v 2.033192 -0.005829 -0.596977
v 1.973979 0.019297 0.417505
v 1.973979 0.019297 -0.596977
v 1.916884 0.044108 0.417505
v 1.916884 0.044108 -0.596977
v 1.861907 0.068604 0.417505
v 1.861907 0.068604 -0.596977
v 1.809049 0.092786 0.417505
v 1.809049 0.092786 -0.596977
v 1.758308 0.116653 0.417505
v 1.758308 0.116653 -0.596977
v 1.709686 0.140205 0.417505
v 1.709686 0.140205 -0.596977
v 1.663182 0.163442 0.417505
v 1.663182 0.163442 -0.596977
v 1.618796 0.186365 0.417505
v 1.618796 0.186365 -0.596977
v 1.576530 0.208973 0.417505
v 1.576530 0.208973 -0.596977
v 1.536380 0.231266 0.417505
v 1.536380 0.231266 -0.596977
v -5.863699 -1.023293 0.417506
v -5.863699 -1.023293 -0.596976
v -5.756596 -1.151579 0.417506
v -5.756596 -1.151579 -0.596976
v -5.644178 -1.268711 0.417506
v -5.644178 -1.268711 -0.596976
v -5.526445 -1.374687 0.417506
v -5.526445 -1.374687 -0.596976
v -5.403399 -1.469507 0.417506
v -5.403399 -1.469507 -0.596976
v -5.275036 -1.553172 0.417506
v -5.275036 -1.553172 -0.596976
v -5.141359 -1.625682 0.417506
v -5.141359 -1.625682 -0.596976
v -5.002367 -1.687037 0.417506
v -5.002367 -1.687037 -0.596976
v -4.858061 -1.737236 0.417506
v -4.858061 -1.737236 -0.596976
v -4.708439 -1.776280 0.417506
v -4.708439 -1.776280 -0.596976
v -4.553505 -1.804168 0.417506
v -4.553505 -1.804168 -0.596976
v -4.393253 -1.820901 0.417506
v -4.393253 -1.820901 -0.596976
v -4.227688 -1.826479 0.417506
v -4.227688 -1.826479 -0.596976
v -4.092587 -1.823506 0.417506
v -4.092587 -1.823507 -0.596976
v -3.960875 -1.814589 0.417506
v -3.960875 -1.814589 -0.596976
v -3.832550 -1.799727 0.417506
v -3.832550 -1.799727 -0.596976
v -3.707617 -1.778920 0.417506
v -3.707617 -1.778920 -0.596976
v -3.586071 -1.752168 0.417506
v -3.586071 -1.752168 -0.596976
v -3.467915 -1.719471 0.417506
v -3.467915 -1.719471 -0.596976
v -3.353148 -1.680830 0.417506
v -3.353148 -1.680830 -0.596976
v -3.241768 -1.636243 0.417506
v -3.241768 -1.636243 -0.596976
v -3.133780 -1.585712 0.417506
v -3.133780 -1.585712 -0.596976
v -3.029181 -1.529236 0.417506
v -3.029181 -1.529236 -0.596976
v -2.927969 -1.466815 0.417506
v -2.927969 -1.466815 -0.596976
v -2.830147 -1.398449 0.417506
v -2.830147 -1.398449 -0.596976
v -2.731825 -1.320204 0.417506
v -2.731825 -1.320204 -0.596976
v -2.642052 -1.238217 0.417506
v -2.642052 -1.238217 -0.596976
v -2.560829 -1.152489 0.417506
v -2.560829 -1.152489 -0.596977
v -2.488155 -1.063018 0.417506
v -2.488155 -1.063018 -0.596977
v -2.424032 -0.969806 0.417506
v -2.424032 -0.969806 -0.596977
v -2.368460 -0.872853 0.417506
v -2.368460 -0.872853 -0.596977
v -2.321434 -0.772157 0.417506
v -2.321434 -0.772157 -0.596977
v -2.282961 -0.667720 0.417506
v -2.282961 -0.667720 -0.596977
v -2.253036 -0.559541 0.417506
v -2.253036 -0.559541 -0.596977
v -2.231663 -0.447620 0.417506
v -2.231663 -0.447620 -0.596977
v -2.218838 -0.331957 0.417506
v -2.218838 -0.331957 -0.596977
v -2.214563 -0.212553 0.417506
v -2.214563 -0.212553 -0.596977
v -2.218664 -0.070925 0.417506
v -2.218664 -0.070925 -0.596977
v -2.230970 0.068604 0.417506
v -2.230970 0.068604 -0.596977
v -2.251476 0.206036 0.417506
v -2.251476 0.206036 -0.596977
v -2.280188 0.341369 0.417506
v -2.280188 0.341369 -0.596977
v -2.317102 0.474603 0.417506
v -2.317102 0.474603 -0.596977
v -2.362221 0.605740 0.417506
v -2.362221 0.605740 -0.596977
v -2.415541 0.734779 0.417506
v -2.415541 0.734779 -0.596977
v -2.477064 0.861719 0.417506
v -2.477064 0.861719 -0.596977
v -2.546791 0.986562 0.417506
v -2.546791 0.986562 -0.596977
v -2.624722 1.109306 0.417506
v -2.624722 1.109306 -0.596977
v -2.710854 1.229951 0.417506
v -2.710854 1.229951 -0.596977
v -2.805189 1.348499 0.417506
v -2.805189 1.348499 -0.596977
v -2.918032 1.475177 0.417506
v -2.918032 1.475177 -0.596977
v -3.035650 1.590840 0.417506
v -3.035650 1.590840 -0.596977
v -3.158043 1.695487 0.417506
v -3.158043 1.695487 -0.596977
v -3.285212 1.789119 0.417506
v -3.285212 1.789119 -0.596977
v -3.417156 1.871735 0.417506
v -3.417156 1.871735 -0.596977
v -3.553875 1.943335 0.417506
v -3.553875 1.943335 -0.596977
v -3.695368 2.003921 0.417506
v -3.695368 2.003921 -0.596977
v -3.841639 2.053491 0.417506
v -3.841639 2.053491 -0.596977
v -3.992685 2.092045 0.417506
v -3.992685 2.092045 -0.596977
v -4.148506 2.119584 0.417506
v -4.148506 2.119584 -0.596977
v -4.309103 2.136107 0.417506
v -4.309103 2.136107 -0.596976
v -4.474476 2.141614 0.417506
v -4.474476 2.141614 -0.596976
v -4.632397 2.138816 0.417506
v -4.632397 2.138816 -0.596976
v -4.783579 2.130423 0.417506
v -4.783579 2.130423 -0.596976
v -4.928020 2.116436 0.417506
v -4.928020 2.116436 -0.596976
v -5.065720 2.096853 0.417506
v -5.065720 2.096853 -0.596976
v -5.196682 2.071674 0.417506
v -5.196682 2.071674 -0.596976
v -5.320904 2.040901 0.417506
v -5.320904 2.040901 -0.596976
v -5.438387 2.004532 0.417506
v -5.438387 2.004532 -0.596976
v -5.549129 1.962569 0.417506
v -5.549129 1.962569 -0.596976
v -5.653131 1.915010 0.417506
v -5.653131 1.915010 -0.596976
v -5.750395 1.861856 0.417506
v -5.750395 1.861856 -0.596976
v -5.840918 1.803106 0.417506
v -5.840918 1.803106 -0.596976
v -5.924704 1.738762 0.417506
v -5.924704 1.738762 -0.596976
v -6.001766 1.668805 0.417506
v -6.001766 1.668805 -0.596976
v -6.072130 1.593217 0.417506
v -6.072130 1.593217 -0.596976
v -6.135792 1.512000 0.417506
v -6.135792 1.512000 -0.596976
v -6.192751 1.425153 0.417506
v -6.192751 1.425153 -0.596976
v -6.243011 1.332675 0.417506
v -6.243011 1.332675 -0.596976
v -6.286570 1.234567 0.417506
v -6.286570 1.234567 -0.596976
v -6.323425 1.130829 0.417506
v -6.323425 1.130829 -0.596976
v -6.353580 1.021461 0.417506
v -6.353580 1.021461 -0.596976
v -6.377035 0.906463 0.417506
v -6.377035 0.906463 -0.596976
v -6.393789 0.785835 0.417506
v -6.393789 0.785835 -0.596976
v -6.403841 0.659576 0.417506
v -6.403841 0.659576 -0.596976
v -6.407187 0.527688 0.417506
v -6.407187 0.527688 -0.596976
v -6.403412 0.386130 0.417506
v -6.403412 0.386130 -0.596976
v -6.392090 0.246810 0.417506
v -6.392090 0.246810 -0.596976
v -6.373219 0.109729 0.417506
v -6.373219 0.109729 -0.596976
v -6.346800 -0.025115 0.417506
v -6.346800 -0.025115 -0.596976
v -6.312832 -0.157720 0.417506
v -6.312832 -0.157720 -0.596976
v -6.271315 -0.288088 0.417506
v -6.271315 -0.288088 -0.596976
v -6.222250 -0.416217 0.417506
v -6.222250 -0.416217 -0.596976
v -6.165636 -0.542108 0.417506
v -6.165636 -0.542108 -0.596976
v -6.101475 -0.665761 0.417506
v -6.101475 -0.665761 -0.596976
v -6.029764 -0.787176 0.417506
v -6.029764 -0.787176 -0.596976
v -5.950506 -0.906354 0.417506
v -5.950506 -0.906354 -0.596976
v -5.359032 1.262893 0.417506
v -5.359032 1.262893 -0.596976
v -5.314762 1.294261 0.417506
v -5.314762 1.294261 -0.596976
v -5.265139 1.322901 0.417506
v -5.265139 1.322901 -0.596976
v -5.210161 1.348814 0.417506
v -5.210161 1.348814 -0.596976
v -5.149832 1.371999 0.417506
v -5.149832 1.371999 -0.596976
v -5.084150 1.392456 0.417506
v -5.084150 1.392456 -0.596976
v -5.013113 1.410185 0.417506
v -5.013113 1.410185 -0.596976
v -4.936724 1.425188 0.417506
v -4.936724 1.425188 -0.596976
v -4.854982 1.437462 0.417506
v -4.854982 1.437462 -0.596976
v -4.767887 1.447009 0.417506
v -4.767887 1.447009 -0.596976
v -4.675438 1.453828 0.417506
v -4.675438 1.453828 -0.596976
v -4.577635 1.457919 0.417506
v -4.577635 1.457919 -0.596976
v -4.474476 1.459283 0.417506
v -4.474476 1.459283 -0.596976
v -4.372650 1.455507 0.417506
v -4.372650 1.455507 -0.596976
v -4.273287 1.444176 0.417506
v -4.273287 1.444176 -0.596976
v -4.176390 1.425293 0.417506
v -4.176390 1.425293 -0.596976
v -4.081957 1.398855 0.417506
v -4.081957 1.398855 -0.596976
v -3.989988 1.364865 0.417506
v -3.989988 1.364865 -0.596976
v -3.900484 1.323321 0.417506
v -3.900484 1.323321 -0.596976
v -3.813446 1.274223 0.417506
v -3.813446 1.274223 -0.596977
v -3.728872 1.217572 0.417506
v -3.728872 1.217572 -0.596977
v -3.646765 1.153368 0.417506
v -3.646765 1.153368 -0.596977
v -3.567120 1.081609 0.417506
v -3.567120 1.081609 -0.596977
v -3.489943 1.002298 0.417506
v -3.489943 1.002298 -0.596977
v -3.415228 0.915433 0.417506
v -3.415228 0.915433 -0.596977
v -3.349237 0.829897 0.417506
v -3.349237 0.829897 -0.596977
v -3.288986 0.742822 0.417506
v -3.288986 0.742822 -0.596977
v -3.234472 0.654209 0.417506
v -3.234472 0.654209 -0.596977
v -3.185694 0.564056 0.417506
v -3.185694 0.564056 -0.596977
v -3.142656 0.472366 0.417506
v -3.142656 0.472366 -0.596977
v -3.105356 0.379136 0.417506
v -3.105356 0.379136 -0.596977
v -3.073795 0.284368 0.417506
v -3.073795 0.284368 -0.596977
v -3.047972 0.188061 0.417506
v -3.047972 0.188061 -0.596977
v -3.027887 0.090215 0.417506
v -3.027887 0.090215 -0.596977
v -3.013540 -0.009169 0.417506
v -3.013540 -0.009169 -0.596977
v -3.004932 -0.110092 0.417506
v -3.004932 -0.110092 -0.596977
v -3.002066 -0.212553 0.417506
v -3.002066 -0.212553 -0.596977
v -3.004551 -0.281129 0.417506
v -3.004551 -0.281129 -0.596977
v -3.012003 -0.347536 0.417506
v -3.012003 -0.347536 -0.596977
v -3.024424 -0.411776 0.417506
v -3.024424 -0.411776 -0.596976
v -3.041813 -0.473847 0.417506
v -3.041813 -0.473847 -0.596976
v -3.064169 -0.533750 0.417506
v -3.064169 -0.533750 -0.596976
v -3.091494 -0.591486 0.417506
v -3.091494 -0.591486 -0.596976
v -3.123785 -0.647053 0.417506
v -3.123785 -0.647053 -0.596976
v -3.161045 -0.700452 0.417506
v -3.161045 -0.700452 -0.596976
v -3.203276 -0.751682 0.417506
v -3.203276 -0.751682 -0.596976
v -3.250473 -0.800745 0.417506
v -3.250473 -0.800745 -0.596976
v -3.302639 -0.847639 0.417506
v -3.302639 -0.847639 -0.596976
v -3.359770 -0.892366 0.417506
v -3.359770 -0.892366 -0.596976
v -3.418329 -0.932581 0.417506
v -3.418329 -0.932581 -0.596976
v -3.479389 -0.969299 0.417506
v -3.479389 -0.969299 -0.596976
v -3.542955 -1.002521 0.417506
v -3.542955 -1.002521 -0.596976
v -3.609024 -1.032245 0.417506
v -3.609024 -1.032245 -0.596976
v -3.677595 -1.058472 0.417506
v -3.677595 -1.058472 -0.596976
v -3.748671 -1.081203 0.417506
v -3.748671 -1.081203 -0.596976
v -3.822248 -1.100436 0.417506
v -3.822248 -1.100436 -0.596976
v -3.898331 -1.116172 0.417506
v -3.898331 -1.116172 -0.596976
v -3.976915 -1.128412 0.417506
v -3.976915 -1.128412 -0.596976
v -4.058004 -1.137154 0.417506
v -4.058004 -1.137154 -0.596976
v -4.141596 -1.142400 0.417506
v -4.141596 -1.142400 -0.596976
v -4.227688 -1.144148 0.417506
v -4.227688 -1.144148 -0.596976
v -4.327955 -1.140372 0.417506
v -4.327955 -1.140372 -0.596976
v -4.425411 -1.129041 0.417506
v -4.425411 -1.129041 -0.596976
v -4.520056 -1.110158 0.417506
v -4.520056 -1.110158 -0.596976
v -4.611889 -1.083720 0.417506
v -4.611889 -1.083720 -0.596976
v -4.700911 -1.049730 0.417506
v -4.700911 -1.049730 -0.596976
v -4.787121 -1.008186 0.417506
v -4.787121 -1.008186 -0.596976
v -4.870520 -0.959088 0.417506
v -4.870520 -0.959088 -0.596976
v -4.951107 -0.902437 0.417506
v -4.951107 -0.902437 -0.596976
v -5.028883 -0.838232 0.417506
v -5.028883 -0.838232 -0.596976
v -5.103848 -0.766474 0.417506
v -5.103848 -0.766474 -0.596976
v -5.176001 -0.687163 0.417506
v -5.176001 -0.687163 -0.596976
v -5.245342 -0.600298 0.417506
v -5.245342 -0.600298 -0.596976
v -5.305132 -0.516685 0.417506
v -5.305132 -0.516685 -0.596976
v -5.359724 -0.431184 0.417506
v -5.359724 -0.431184 -0.596976
v -5.409115 -0.343795 0.417506
v -5.409115 -0.343795 -0.596976
v -5.453308 -0.254517 0.417506
v -5.453308 -0.254517 -0.596976
v -5.492302 -0.163350 0.417506
v -5.492302 -0.163350 -0.596976
v -5.526098 -0.070296 0.417506
v -5.526098 -0.070296 -0.596976
v -5.554693 0.024647 0.417506
v -5.554693 0.024647 -0.596976
v -5.578091 0.121479 0.417506
v -5.578091 0.121479 -0.596976
v -5.596287 0.220198 0.417506
v -5.596287 0.220198 -0.596976
v -5.609285 0.320807 0.417506
v -5.609285 0.320807 -0.596976
v -5.617085 0.423303 0.417506
v -5.617085 0.423303 -0.596976
v -5.619684 0.527688 0.417506
v -5.619684 0.527688 -0.596976
v -5.617876 0.613574 0.417506
v -5.617876 0.613574 -0.596976
v -5.612446 0.694983 0.417506
v -5.612446 0.694983 -0.596976
v -5.603394 0.771917 0.417506
v -5.603394 0.771917 -0.596976
v -5.590723 0.844374 0.417506
v -5.590723 0.844374 -0.596976
v -5.574432 0.912356 0.417506
v -5.574432 0.912356 -0.596976
v -5.554522 0.975861 0.417506
v -5.554522 0.975861 -0.596976
v -5.530991 1.034889 0.417506
v -5.530991 1.034889 -0.596976
v -5.503839 1.089442 0.417506
v -5.503839 1.089442 -0.596976
v -5.473068 1.139519 0.417506
v -5.473068 1.139519 -0.596976
v -5.438677 1.185120 0.417506
v -5.438677 1.185120 -0.596976
v -5.400665 1.226244 0.417506
v -5.400665 1.226244 -0.596976
v -8.933300 -0.351033 0.417506
v -8.933300 -0.351033 -0.596976
v -8.873354 -0.472011 0.417506
v -8.873354 -0.472011 -0.596976
v -8.815527 -0.588199 0.417506
v -8.815527 -0.588199 -0.596976
v -8.759819 -0.699595 0.417506
v -8.759819 -0.699595 -0.596976
v -8.706228 -0.806200 0.417506
v -8.706228 -0.806200 -0.596976
v -8.654757 -0.908015 0.417506
v -8.654757 -0.908015 -0.596976
v -8.605404 -1.005038 0.417506
v -8.605404 -1.005038 -0.596976
v -8.558167 -1.097271 0.417506
v -8.558167 -1.097271 -0.596976
v -8.513050 -1.184713 0.417506
v -8.513050 -1.184713 -0.596976
v -8.470051 -1.267364 0.417506
v -8.470051 -1.267364 -0.596976
v -8.429171 -1.345224 0.417506
v -8.429171 -1.345224 -0.596976
v -8.390406 -1.418294 0.417506
v -8.390406 -1.418294 -0.596976
v -8.353764 -1.486573 0.417506
v -8.353764 -1.486573 -0.596976
v -8.350855 -1.507240 0.417506
v -8.350855 -1.507240 -0.596976
v -8.346754 -1.527277 0.417506
v -8.346754 -1.527277 -0.596976
v -8.341457 -1.546686 0.417506
v -8.341457 -1.546686 -0.596976
v -8.334969 -1.565464 0.417506
v -8.334969 -1.565464 -0.596976
v -8.327286 -1.583614 0.417506
v -8.327286 -1.583614 -0.596976
v -8.318407 -1.601134 0.417506
v -8.318407 -1.601134 -0.596976
v -8.308336 -1.618024 0.417506
v -8.308336 -1.618024 -0.596976
v -8.297071 -1.634285 0.417506
v -8.297071 -1.634285 -0.596976
v -8.284613 -1.649916 0.417506
v -8.284613 -1.649917 -0.596976
v -8.270958 -1.664919 0.417506
v -8.270958 -1.664919 -0.596976
v -8.256111 -1.679291 0.417506
v -8.256111 -1.679291 -0.596976
v -8.240074 -1.693034 0.417506
v -8.240074 -1.693034 -0.596976
v -8.223110 -1.705903 0.417506
v -8.223110 -1.705903 -0.596976
v -8.205490 -1.717653 0.417506
v -8.205490 -1.717653 -0.596976
v -8.187218 -1.728284 0.417506
v -8.187218 -1.728284 -0.596976
v -8.168287 -1.737796 0.417506
v -8.168287 -1.737796 -0.596976
v -8.148705 -1.746188 0.417506
v -8.148705 -1.746188 -0.596976
v -8.128466 -1.753462 0.417506
v -8.128466 -1.753462 -0.596976
v -8.107573 -1.759617 0.417506
v -8.107573 -1.759617 -0.596976
v -8.086023 -1.764652 0.417506
v -8.086023 -1.764652 -0.596976
v -8.063822 -1.768569 0.417506
v -8.063822 -1.768569 -0.596976
v -8.040964 -1.771366 0.417506
v -8.040964 -1.771367 -0.596976
v -8.017454 -1.773045 0.417506
v -8.017454 -1.773045 -0.596976
v -7.993286 -1.773605 0.417506
v -7.993286 -1.773605 -0.596976
v -7.947744 -1.771786 0.417506
v -7.947744 -1.771786 -0.596976
v -7.904476 -1.766331 0.417506
v -7.904476 -1.766331 -0.596976
v -7.863480 -1.757239 0.417506
v -7.863480 -1.757239 -0.596976
v -7.824755 -1.744510 0.417506
v -7.824755 -1.744510 -0.596976
v -7.788303 -1.728144 0.417506
v -7.788303 -1.728144 -0.596976
v -7.754124 -1.708141 0.417506
v -7.754124 -1.708141 -0.596976
v -7.722216 -1.684502 0.417506
v -7.722216 -1.684502 -0.596976
v -7.692579 -1.657225 0.417506
v -7.692579 -1.657225 -0.596976
v -7.665216 -1.626312 0.417506
v -7.665216 -1.626312 -0.596976
v -7.640125 -1.591762 0.417506
v -7.640125 -1.591762 -0.596976
v -7.617308 -1.553575 0.417506
v -7.617308 -1.553575 -0.596976
v -7.596762 -1.511751 0.417506
v -7.596762 -1.511751 -0.596976
v -7.544634 -1.393798 0.417506
v -7.544634 -1.393798 -0.596976
v -7.488079 -1.266543 0.417506
v -7.488079 -1.266543 -0.596976
v -7.427094 -1.129986 0.417506
v -7.427094 -1.129986 -0.596976
v -7.361681 -0.984127 0.417506
v -7.361681 -0.984127 -0.596976
v -7.291840 -0.828966 0.417506
v -7.291840 -0.828966 -0.596976
v -7.217567 -0.664503 0.417506
v -7.217567 -0.664503 -0.596976
v -7.138868 -0.490738 0.417506
v -7.138868 -0.490738 -0.596976
v -7.055738 -0.307671 0.417506
v -7.055738 -0.307671 -0.596976
v -6.968180 -0.115302 0.417506
v -6.968180 -0.115302 -0.596976
v -6.876194 0.086369 0.417506
v -6.876194 0.086369 -0.596976
v -6.779778 0.297342 0.417506
v -6.779778 0.297342 -0.596976
v -6.678932 0.517617 0.417506
v -6.678932 0.517617 -0.596976
v -6.673174 0.530153 0.417506
v -6.673174 0.530153 -0.596976
v -6.667917 0.542585 0.417506
v -6.667917 0.542585 -0.596976
v -6.663160 0.554912 0.417506
v -6.663160 0.554912 -0.596976
v -6.658903 0.567134 0.417506
v -6.658903 0.567134 -0.596976
v -6.655148 0.579251 0.417506
v -6.655148 0.579251 -0.596976
v -6.651894 0.591263 0.417506
v -6.651894 0.591263 -0.596976
v -6.649141 0.603170 0.417506
v -6.649141 0.603170 -0.596976
v -6.646889 0.614972 0.417506
v -6.646889 0.614972 -0.596976
v -6.645136 0.626670 0.417506
v -6.645136 0.626670 -0.596976
v -6.643885 0.638262 0.417506
v -6.643885 0.638262 -0.596976
v -6.643133 0.649750 0.417506
v -6.643133 0.649750 -0.596976
v -6.642883 0.661133 0.417506
v -6.642883 0.661133 -0.596976
v -6.643721 0.683504 0.417506
v -6.643721 0.683504 -0.596976
v -6.646235 0.705299 0.417506
v -6.646235 0.705299 -0.596976
v -6.650421 0.726517 0.417506
v -6.650421 0.726517 -0.596976
v -6.656286 0.747158 0.417506
v -6.656286 0.747158 -0.596976
v -6.663824 0.767222 0.417506
v -6.663824 0.767222 -0.596976
v -6.673038 0.786709 0.417506
v -6.673038 0.786709 -0.596976
v -6.683928 0.805619 0.417506
v -6.683928 0.805619 -0.596976
v -6.696493 0.823952 0.417506
v -6.696493 0.823952 -0.596976
v -6.710733 0.841708 0.417506
v -6.710733 0.841708 -0.596976
v -6.726648 0.858887 0.417506
v -6.726648 0.858887 -0.596976
v -6.744240 0.875489 0.417506
v -6.744240 0.875489 -0.596976
v -6.763506 0.891514 0.417506
v -6.763506 0.891514 -0.596976
v -6.783850 0.906594 0.417506
v -6.783850 0.906594 -0.596976
v -6.804674 0.920364 0.417506
v -6.804674 0.920364 -0.596976
v -6.825979 0.932822 0.417506
v -6.825979 0.932822 -0.596976
v -6.847767 0.943968 0.417506
v -6.847767 0.943968 -0.596976
v -6.870037 0.953804 0.417506
v -6.870037 0.953804 -0.596976
v -6.892786 0.962327 0.417506
v -6.892786 0.962327 -0.596976
v -6.916019 0.969540 0.417506
v -6.916019 0.969540 -0.596976
v -6.939735 0.975441 0.417506
v -6.939735 0.975441 -0.596976
v -6.963932 0.980031 0.417506
v -6.963932 0.980031 -0.596976
v -6.988609 0.983309 0.417506
v -6.988609 0.983309 -0.596976
v -7.013769 0.985276 0.417506
v -7.013769 0.985276 -0.596976
v -7.039410 0.985932 0.417506
v -7.039410 0.985932 -0.596976
v -7.078211 0.984551 0.417506
v -7.078211 0.984551 -0.596976
v -7.115124 0.980407 0.417506
v -7.115124 0.980407 -0.596976
v -7.150150 0.973500 0.417506
v -7.150150 0.973500 -0.596976
v -7.183290 0.963831 0.417506
v -7.183290 0.963831 -0.596976
v -7.214544 0.951400 0.417506
v -7.214544 0.951400 -0.596976
v -7.243910 0.936205 0.417506
v -7.243910 0.936205 -0.596976
v -7.271389 0.918248 0.417506
v -7.271389 0.918248 -0.596976
v -7.296980 0.897529 0.417506
v -7.296980 0.897529 -0.596976
v -7.320683 0.874047 0.417506
v -7.320683 0.874047 -0.596976
v -7.342501 0.847802 0.417506
v -7.342501 0.847802 -0.596976
v -7.362432 0.818794 0.417506
v -7.362432 0.818794 -0.596976
v -7.380476 0.787024 0.417506
v -7.380476 0.787024 -0.596976
v -7.408897 0.730582 0.417506
v -7.408897 0.730582 -0.596976
v -7.441479 0.662811 0.417506
v -7.441479 0.662811 -0.596976
v -7.478220 0.583709 0.417506
v -7.478220 0.583709 -0.596976
v -7.519119 0.493278 0.417506
v -7.519119 0.493278 -0.596976
v -7.564178 0.391515 0.417506
v -7.564178 0.391515 -0.596976
v -7.613398 0.278423 0.417506
v -7.613398 0.278423 -0.596976
v -7.666775 0.154000 0.417506
v -7.666775 0.154000 -0.596976
v -7.724312 0.018248 0.417506
v -7.724312 0.018248 -0.596976
v -7.786007 -0.128835 0.417506
v -7.786007 -0.128835 -0.596976
v -7.851866 -0.287248 0.417506
v -7.851866 -0.287248 -0.596976
v -7.921883 -0.456992 0.417506
v -7.921883 -0.456992 -0.596976
v -7.996059 -0.638065 0.417506
v -7.996059 -0.638065 -0.596976
v -8.021324 -0.588583 0.417506
v -8.021324 -0.588583 -0.596976
v -8.048128 -0.534974 0.417506
v -8.048128 -0.534974 -0.596976
v -8.076473 -0.477239 0.417506
v -8.076473 -0.477239 -0.596976
v -8.106358 -0.415378 0.417506
v -8.106358 -0.415378 -0.596976
v -8.137785 -0.349390 0.417506
v -8.137785 -0.349390 -0.596976
v -8.170750 -0.279275 0.417506
v -8.170750 -0.279275 -0.596976
v -8.205257 -0.205034 0.417506
v -8.205257 -0.205034 -0.596976
v -8.241304 -0.126667 0.417506
v -8.241304 -0.126667 -0.596976
v -8.278893 -0.044173 0.417506
v -8.278893 -0.044173 -0.596976
v -8.318022 0.042447 0.417506
v -8.318022 0.042447 -0.596976
v -8.358690 0.133194 0.417506
v -8.358690 0.133194 -0.596976
v -8.400902 0.228067 0.417506
v -8.400902 0.228067 -0.596976
v -8.414438 0.261445 0.417506
v -8.414438 0.261445 -0.596976
v -8.429171 0.296957 0.417506
v -8.429171 0.296957 -0.596976
v -8.445095 0.334602 0.417506
v -8.445095 0.334602 -0.596976
v -8.462214 0.374380 0.417506
v -8.462214 0.374380 -0.596976
v -8.480526 0.416291 0.417506
v -8.480526 0.416291 -0.596976
v -8.500032 0.460336 0.417506
v -8.500032 0.460336 -0.596976
v -8.520735 0.506514 0.417506
v -8.520735 0.506514 -0.596976
v -8.542627 0.554825 0.417506
v -8.542627 0.554825 -0.596976
v -8.565718 0.605268 0.417506
v -8.565718 0.605268 -0.596976
v -8.589998 0.657845 0.417506
v -8.589998 0.657845 -0.596976
v -8.615477 0.712556 0.417506
v -8.615477 0.712556 -0.596976
v -8.642143 0.769399 0.417506
v -8.642143 0.769399 -0.596976
v -8.661901 0.801571 0.417506
v -8.661901 0.801571 -0.596976
v -8.683275 0.830946 0.417506
v -8.683275 0.830946 -0.596976
v -8.706268 0.857523 0.417506
v -8.706268 0.857523 -0.596976
v -8.730877 0.881303 0.417506
v -8.730877 0.881303 -0.596976
v -8.757103 0.902284 0.417506
v -8.757103 0.902284 -0.596976
v -8.784948 0.920469 0.417506
v -8.784948 0.920469 -0.596976
v -8.814411 0.935855 0.417506
v -8.814411 0.935855 -0.596976
v -8.845491 0.948445 0.417506
v -8.845491 0.948445 -0.596976
v -8.878187 0.958236 0.417506
v -8.878187 0.958236 -0.596976
v -8.912502 0.965230 0.417506
v -8.912502 0.965230 -0.596976
v -8.948435 0.969426 0.417506
v -8.948435 0.969426 -0.596976
v -8.985985 0.970825 0.417506
v -8.985985 0.970825 -0.596976
v -9.011625 0.970178 0.417506
v -9.011625 0.970178 -0.596976
v -9.036781 0.968237 0.417506
v -9.036781 0.968237 -0.596976
v -9.061460 0.965003 0.417506
v -9.061460 0.965003 -0.596976
v -9.085653 0.960474 0.417506
v -9.085653 0.960474 -0.596976
v -9.109369 0.954652 0.417506
v -9.109369 0.954652 -0.596976
v -9.132601 0.947535 0.417506
v -9.132601 0.947535 -0.596976
v -9.155354 0.939125 0.417506
v -9.155354 0.939125 -0.596976
v -9.177622 0.929421 0.417506
v -9.177622 0.929421 -0.596976
v -9.199411 0.918423 0.417506
v -9.199411 0.918423 -0.596976
v -9.220718 0.906131 0.417506
v -9.220718 0.906131 -0.596976
v -9.241545 0.892545 0.417506
v -9.241545 0.892545 -0.596976
v -9.261889 0.877666 0.417506
v -9.261889 0.877666 -0.596976
v -9.281155 0.861824 0.417506
v -9.281155 0.861824 -0.596976
v -9.298744 0.845354 0.417506
v -9.298744 0.845354 -0.596976
v -9.314661 0.828253 0.417506
v -9.314661 0.828253 -0.596976
v -9.328899 0.810524 0.417506
v -9.328899 0.810524 -0.596976
v -9.341465 0.792165 0.417506
v -9.341465 0.792165 -0.596976
v -9.352354 0.773176 0.417506
v -9.352354 0.773176 -0.596976
v -9.361568 0.753558 0.417506
v -9.361568 0.753558 -0.596976
v -9.369108 0.733310 0.417506
v -9.369108 0.733310 -0.596976
v -9.374971 0.712433 0.417506
v -9.374971 0.712433 -0.596976
v -9.379160 0.690927 0.417506
v -9.379160 0.690927 -0.596976
v -9.381672 0.668791 0.417506
v -9.381672 0.668791 -0.596976
v -9.382507 0.646026 0.417506
v -9.382507 0.646026 -0.596976
v -9.379387 0.625253 0.417506
v -9.379387 0.625253 -0.596976
v -9.370028 0.593151 0.417506
v -9.370028 0.593151 -0.596976
v -9.354429 0.549719 0.417506
v -9.354429 0.549719 -0.596976
v -9.332594 0.494956 0.417506
v -9.332594 0.494956 -0.596976
v -9.304518 0.428863 0.417506
v -9.304518 0.428863 -0.596976
v -9.270203 0.351440 0.417506
v -9.270203 0.351440 -0.596976
v -9.229649 0.262687 0.417506
v -9.229649 0.262687 -0.596976
v -9.182856 0.162603 0.417506
v -9.182856 0.162603 -0.596976
v -9.129826 0.051190 0.417506
v -9.129826 0.051190 -0.596976
v -9.070555 -0.071555 0.417506
v -9.070555 -0.071555 -0.596976
v -9.005045 -0.205629 0.417506
v -9.005045 -0.205629 -0.596976
v -11.847616 -1.637642 0.417506
v -11.847616 -1.637642 -0.596976
v -11.782589 -1.661771 0.417506
v -11.782589 -1.661771 -0.596976
v -11.716906 -1.683802 0.417506
v -11.716906 -1.683802 -0.596976
v -11.650570 -1.703735 0.417506
v -11.650570 -1.703735 -0.596976
v -11.583576 -1.721570 0.417506
v -11.583576 -1.721570 -0.596976
v -11.515928 -1.737306 0.417506
v -11.515928 -1.737306 -0.596976
v -11.447626 -1.750944 0.417506
v -11.447626 -1.750944 -0.596976
v -11.378670 -1.762484 0.417506
v -11.378670 -1.762484 -0.596976
v -11.309057 -1.771926 0.417506
v -11.309057 -1.771926 -0.596976
v -11.238792 -1.779270 0.417506
v -11.238792 -1.779270 -0.596976
v -11.167871 -1.784515 0.417506
v -11.167871 -1.784515 -0.596976
v -11.096296 -1.787663 0.417506
v -11.096296 -1.787663 -0.596976
v -11.024065 -1.788712 0.417506
v -11.024065 -1.788712 -0.596976
v -10.915287 -1.786718 0.417506
v -10.915287 -1.786718 -0.596976
v -10.809860 -1.780738 0.417506
v -10.809860 -1.780738 -0.596976
v -10.707783 -1.770772 0.417506
v -10.707783 -1.770772 -0.596976
v -10.609056 -1.756819 0.417506
v -10.609056 -1.756819 -0.596976
v -10.513681 -1.738880 0.417506
v -10.513681 -1.738880 -0.596976
v -10.421658 -1.716954 0.417506
v -10.421658 -1.716954 -0.596976
v -10.332983 -1.691041 0.417506
v -10.332983 -1.691041 -0.596976
v -10.247660 -1.661142 0.417506
v -10.247660 -1.661142 -0.596976
v -10.165686 -1.627256 0.417506
v -10.165686 -1.627256 -0.596976
v -10.087063 -1.589384 0.417506
v -10.087063 -1.589384 -0.596976
v -10.011789 -1.547525 0.417506
v -10.011789 -1.547525 -0.596976
v -9.939861 -1.501679 0.417506
v -9.939861 -1.501680 -0.596976
v -9.865456 -1.447004 0.417506
v -9.865456 -1.447004 -0.596976
v -9.797520 -1.388727 0.417506
v -9.797520 -1.388727 -0.596976
v -9.736053 -1.326848 0.417506
v -9.736053 -1.326848 -0.596976
v -9.681059 -1.261367 0.417506
v -9.681059 -1.261367 -0.596976
v -9.632532 -1.192284 0.417506
v -9.632532 -1.192284 -0.596976
v -9.590479 -1.119599 0.417506
v -9.590479 -1.119599 -0.596976
v -9.554892 -1.043313 0.417506
v -9.554892 -1.043313 -0.596976
v -9.525778 -0.963424 0.417506
v -9.525778 -0.963424 -0.596976
v -9.503132 -0.879934 0.417506
v -9.503132 -0.879934 -0.596976
v -9.486958 -0.792842 0.417506
v -9.486958 -0.792842 -0.596976
v -9.477251 -0.702147 0.417506
v -9.477251 -0.702147 -0.596976
v -9.474012 -0.607852 0.417506
v -9.474012 -0.607852 -0.596976
v -9.476574 -0.503047 0.417506
v -9.476574 -0.503047 -0.596976
v -9.484257 -0.400970 0.417506
v -9.484257 -0.400970 -0.596976
v -9.497063 -0.301621 0.417506
v -9.497063 -0.301621 -0.596976
v -9.514990 -0.204999 0.417506
v -9.514990 -0.204999 -0.596976
v -9.538038 -0.111105 0.417506
v -9.538038 -0.111105 -0.596976
v -9.566210 -0.019939 0.417506
v -9.566210 -0.019939 -0.596976
v -9.599504 0.068500 0.417506
v -9.599504 0.068500 -0.596976
v -9.637920 0.154211 0.417506
v -9.637920 0.154211 -0.596976
v -9.681459 0.237194 0.417506
v -9.681459 0.237194 -0.596976
v -9.730122 0.317450 0.417506
v -9.730122 0.317450 -0.596976
v -9.783905 0.394978 0.417506
v -9.783905 0.394978 -0.596976
v -9.842810 0.469778 0.417506
v -9.842810 0.469778 -0.596976
v -9.913191 0.547795 0.417506
v -9.913191 0.547795 -0.596976
v -9.987539 0.619029 0.417506
v -9.987539 0.619029 -0.596976
v -10.065857 0.683478 0.417506
v -10.065857 0.683478 -0.596976
v -10.148138 0.741143 0.417506
v -10.148138 0.741143 -0.596976
v -10.234386 0.792024 0.417506
v -10.234386 0.792024 -0.596976
v -10.324602 0.836121 0.417506
v -10.324602 0.836121 -0.596976
v -10.418783 0.873434 0.417506
v -10.418783 0.873434 -0.596976
v -10.516933 0.903963 0.417506
v -10.516933 0.903963 -0.596976
v -10.619049 0.927707 0.417506
v -10.619049 0.927707 -0.596976
v -10.725132 0.944667 0.417506
v -10.725132 0.944667 -0.596976
v -10.835180 0.954844 0.417506
v -10.835180 0.954844 -0.596976
v -10.949196 0.958236 0.417506
v -10.949196 0.958236 -0.596976
v -11.028473 0.957257 0.417506
v -11.028473 0.957257 -0.596976
v -11.105478 0.954319 0.417506
v -11.105478 0.954319 -0.596976
v -11.180212 0.949424 0.417506
v -11.180212 0.949424 -0.596976
v -11.252674 0.942569 0.417506
v -11.252674 0.942569 -0.596976
v -11.322863 0.933757 0.417506
v -11.322863 0.933757 -0.596976
v -11.390779 0.922987 0.417506
v -11.390779 0.922987 -0.596976
v -11.456423 0.910258 0.417506
v -11.456423 0.910258 -0.596976
v -11.519796 0.895571 0.417506
v -11.519796 0.895571 -0.596976
v -11.580896 0.878925 0.417506
v -11.580896 0.878925 -0.596976
v -11.639725 0.860321 0.417506
v -11.639725 0.860321 -0.596976
v -11.696280 0.839759 0.417506
v -11.696280 0.839759 -0.596976
v -11.750565 0.817238 0.417506
v -11.750565 0.817238 -0.596976
v -11.817442 0.784751 0.417506
v -11.817442 0.784751 -0.596976
v -11.878504 0.749396 0.417506
v -11.878504 0.749396 -0.596976
v -11.933750 0.711174 0.417506
v -11.933750 0.711174 -0.596976
v -11.983181 0.670085 0.417506
v -11.983181 0.670085 -0.596976
v -12.026796 0.626128 0.417506
v -12.026796 0.626128 -0.596976
v -12.064598 0.579303 0.417506
v -12.064598 0.579303 -0.596976
v -12.096581 0.529611 0.417506
v -12.096581 0.529611 -0.596976
v -12.122751 0.477051 0.417506
v -12.122751 0.477051 -0.596976
v -12.143105 0.421624 0.417506
v -12.143105 0.421624 -0.596976
v -12.157642 0.363330 0.417506
v -12.157642 0.363330 -0.596976
v -12.166367 0.302168 0.417506
v -12.166367 0.302168 -0.596976
v -12.169273 0.238138 0.417506
v -12.169273 0.238138 -0.596976
v -12.166904 0.192415 0.417506
v -12.166904 0.192415 -0.596976
v -12.159798 0.147566 0.417506
v -12.159798 0.147566 -0.596976
v -12.147955 0.103592 0.417506
v -12.147955 0.103592 -0.596976
v -12.131376 0.060491 0.417506
v -12.131376 0.060491 -0.596976
v -12.110058 0.018265 0.417506
v -12.110058 0.018265 -0.596976
v -12.084005 -0.023087 0.417506
v -12.084005 -0.023087 -0.596976
v -12.053213 -0.063564 0.417506
v -12.053213 -0.063564 -0.596976
v -12.017685 -0.103167 0.417506
v -12.017685 -0.103167 -0.596976
v -11.977421 -0.141896 0.417506
v -11.977421 -0.141896 -0.596976
v -11.932419 -0.179751 0.417506
v -11.932419 -0.179751 -0.596976
v -11.882681 -0.216732 0.417506
v -11.882681 -0.216732 -0.596976
v -11.828207 -0.252838 0.417506
v -11.828207 -0.252838 -0.596976
v -11.800150 -0.269833 0.417506
v -11.800150 -0.269833 -0.596976
v -11.767742 -0.288088 0.417506
v -11.767742 -0.288088 -0.596976
v -11.730982 -0.307601 0.417506
v -11.730982 -0.307601 -0.596976
v -11.689869 -0.328373 0.417506
v -11.689869 -0.328373 -0.596976
v -11.644405 -0.350404 0.417506
v -11.644405 -0.350404 -0.596976
v -11.594589 -0.373694 0.417506
v -11.594589 -0.373694 -0.596976
v -11.540421 -0.398243 0.417506
v -11.540421 -0.398243 -0.596976
v -11.481901 -0.424050 0.417506
v -11.481901 -0.424050 -0.596976
v -11.419029 -0.451117 0.417506
v -11.419029 -0.451117 -0.596976
v -11.351805 -0.479442 0.417506
v -11.351805 -0.479442 -0.596976
v -11.280230 -0.509027 0.417506
v -11.280230 -0.509027 -0.596976
v -11.204304 -0.539870 0.417506
v -11.204304 -0.539870 -0.596976
v -10.269836 -0.915026 0.417506
v -10.269836 -0.915026 -0.596976
v -10.292404 -0.936393 0.417506
v -10.292404 -0.936393 -0.596976
v -10.315742 -0.956850 0.417506
v -10.315742 -0.956850 -0.596976
v -10.339851 -0.976398 0.417506
v -10.339851 -0.976398 -0.596976
v -10.364731 -0.995037 0.417506
v -10.364731 -0.995037 -0.596976
v -10.390381 -1.012767 0.417506
v -10.390381 -1.012767 -0.596976
v -10.416800 -1.029587 0.417506
v -10.416800 -1.029587 -0.596976
v -10.443989 -1.045498 0.417506
v -10.443989 -1.045498 -0.596976
v -10.471949 -1.060500 0.417506
v -10.471949 -1.060500 -0.596976
v -10.500679 -1.074593 0.417506
v -10.500679 -1.074593 -0.596976
v -10.530180 -1.087777 0.417506
v -10.530180 -1.087777 -0.596976
v -10.560452 -1.100051 0.417506
v -10.560452 -1.100051 -0.596976
v -10.591492 -1.111417 0.417506
v -10.591492 -1.111417 -0.596976
v -10.623302 -1.121872 0.417506
v -10.623302 -1.121872 -0.596976
v -10.655884 -1.131419 0.417506
v -10.655884 -1.131419 -0.596976
v -10.689236 -1.140057 0.417506
v -10.689236 -1.140057 -0.596976
v -10.723358 -1.147785 0.417506
v -10.723358 -1.147785 -0.596976
v -10.758251 -1.154604 0.417506
v -10.758251 -1.154604 -0.596976
v -10.793913 -1.160514 0.417506
v -10.793913 -1.160514 -0.596976
v -10.830345 -1.165515 0.417506
v -10.830345 -1.165515 -0.596976
v -10.867550 -1.169606 0.417506
v -10.867550 -1.169606 -0.596976
v -10.905523 -1.172789 0.417506
v -10.905523 -1.172789 -0.596976
v -10.944267 -1.175062 0.417506
v -10.944267 -1.175062 -0.596976
v -10.983782 -1.176425 0.417506
v -10.983782 -1.176425 -0.596976
v -11.024065 -1.176880 0.417506
v -11.024065 -1.176880 -0.596976
v -11.085203 -1.175918 0.417506
v -11.085203 -1.175918 -0.596976
v -11.144764 -1.173033 0.417506
v -11.144764 -1.173033 -0.596976
v -11.202744 -1.168225 0.417506
v -11.202744 -1.168225 -0.596976
v -11.259144 -1.161493 0.417506
v -11.259144 -1.161493 -0.596976
v -11.313967 -1.152838 0.417506
v -11.313967 -1.152838 -0.596976
v -11.367208 -1.142260 0.417506
v -11.367208 -1.142260 -0.596976
v -11.418875 -1.129758 0.417506
v -11.418875 -1.129758 -0.596976
v -11.468960 -1.115333 0.417506
v -11.468960 -1.115333 -0.596976
v -11.517467 -1.098985 0.417506
v -11.517467 -1.098985 -0.596976
v -11.564396 -1.080713 0.417506
v -11.564396 -1.080713 -0.596976
v -11.609743 -1.060518 0.417506
v -11.609743 -1.060518 -0.596976
v -11.653513 -1.038400 0.417506
v -11.653513 -1.038400 -0.596976
v -11.691235 -1.018694 0.417506
v -11.691235 -1.018694 -0.596976
v -11.727686 -1.000702 0.417506
v -11.727686 -1.000702 -0.596976
v -11.762867 -0.984424 0.417506
v -11.762867 -0.984424 -0.596976
v -11.796776 -0.969859 0.417506
v -11.796776 -0.969859 -0.596976
v -11.829414 -0.957007 0.417506
v -11.829414 -0.957007 -0.596976
v -11.860783 -0.945870 0.417506
v -11.860783 -0.945870 -0.596976
v -11.890881 -0.936445 0.417506
v -11.890881 -0.936445 -0.596976
v -11.919708 -0.928734 0.417506
v -11.919708 -0.928734 -0.596976
v -11.947266 -0.922737 0.417506
v -11.947266 -0.922737 -0.596976
v -11.973551 -0.918453 0.417506
v -11.973551 -0.918453 -0.596976
v -11.998566 -0.915883 0.417506
v -11.998566 -0.915883 -0.596976
v -12.022308 -0.915026 0.417506
v -12.022308 -0.915026 -0.596976
v -12.068369 -0.916792 0.417506
v -12.068369 -0.916792 -0.596976
v -12.110424 -0.922090 0.417506
v -12.110424 -0.922090 -0.596976
v -12.148474 -0.930920 0.417506
v -12.148474 -0.930920 -0.596976
v -12.182518 -0.943282 0.417506
v -12.182518 -0.943282 -0.596976
v -12.212557 -0.959176 0.417506
v -12.212557 -0.959176 -0.596976
v -12.238592 -0.978601 0.417506
v -12.238592 -0.978601 -0.596976
v -12.260620 -1.001559 0.417507
v -12.260620 -1.001559 -0.596976
v -12.278645 -1.028049 0.417507
v -12.278645 -1.028049 -0.596976
v -12.292664 -1.058070 0.417507
v -12.292664 -1.058070 -0.596976
v -12.302677 -1.091624 0.417507
v -12.302677 -1.091624 -0.596976
v -12.308685 -1.128709 0.417507
v -12.308685 -1.128709 -0.596976
v -12.310690 -1.169327 0.417507
v -12.310690 -1.169327 -0.596976
v -12.307474 -1.216431 0.417507
v -12.307474 -1.216431 -0.596976
v -12.297827 -1.262066 0.417507
v -12.297827 -1.262066 -0.596976
v -12.281748 -1.306233 0.417507
v -12.281748 -1.306233 -0.596976
v -12.259237 -1.348931 0.417507
v -12.259237 -1.348932 -0.596976
v -12.230295 -1.390161 0.417507
v -12.230295 -1.390161 -0.596976
v -12.194923 -1.429922 0.417507
v -12.194923 -1.429922 -0.596976
v -12.153118 -1.468213 0.417507
v -12.153118 -1.468213 -0.596976
v -12.104881 -1.505037 0.417507
v -12.104881 -1.505037 -0.596976
v -12.050213 -1.540391 0.417507
v -12.050213 -1.540391 -0.596976
v -11.989113 -1.574277 0.417507
v -11.989113 -1.574277 -0.596976
v -11.921581 -1.606694 0.417506
v -11.921581 -1.606694 -0.596976
v -11.434454 0.253245 0.417506
v -11.434454 0.253245 -0.596976
v -11.402700 0.268527 0.417506
v -11.402700 0.268527 -0.596976
v -11.369368 0.282479 0.417506
v -11.369368 0.282479 -0.596976
v -11.334455 0.295104 0.417506
v -11.334455 0.295104 -0.596976
v -11.297962 0.306399 0.417506
v -11.297962 0.306399 -0.596976
v -11.259893 0.316365 0.417506
v -11.259893 0.316365 -0.596976
v -11.220247 0.325003 0.417506
v -11.220247 0.325003 -0.596976
v -11.179020 0.332311 0.417506
v -11.179020 0.332311 -0.596976
v -11.136213 0.338291 0.417506
v -11.136213 0.338291 -0.596976
v -11.091827 0.342942 0.417506
v -11.091827 0.342942 -0.596976
v -11.045862 0.346264 0.417506
v -11.045862 0.346264 -0.596976
v -10.998318 0.348258 0.417506
v -10.998318 0.348258 -0.596976
v -10.949196 0.348922 0.417506
v -10.949196 0.348922 -0.596976
v -10.906736 0.347838 0.417506
v -10.906736 0.347838 -0.596976
v -10.865316 0.344586 0.417506
v -10.865316 0.344586 -0.596976
v -10.824936 0.339166 0.417506
v -10.824936 0.339166 -0.596976
v -10.785597 0.331577 0.417506
v -10.785597 0.331577 -0.596976
v -10.747295 0.321821 0.417506
v -10.747295 0.321821 -0.596976
v -10.710035 0.309896 0.417506
v -10.710035 0.309896 -0.596976
v -10.673815 0.295803 0.417506
v -10.673815 0.295803 -0.596976
v -10.638634 0.279542 0.417506
v -10.638634 0.279542 -0.596976
v -10.604492 0.261113 0.417506
v -10.604492 0.261113 -0.596976
v -10.571392 0.240516 0.417506
v -10.571392 0.240516 -0.596976
v -10.539330 0.217751 0.417506
v -10.539330 0.217751 -0.596976
v -10.508305 0.192817 0.417506
v -10.508305 0.192817 -0.596976
v -10.478304 0.165715 0.417506
v -10.478304 0.165715 -0.596976
v -10.449303 0.136446 0.417506
v -10.449303 0.136446 -0.596976
v -10.421305 0.105008 0.417506
v -10.421305 0.105008 -0.596976
v -10.394308 0.071402 0.417506
v -10.394308 0.071402 -0.596976
v -10.368311 0.035628 0.417506
v -10.368311 0.035628 -0.596976
v -10.343315 -0.002315 0.417506
v -10.343315 -0.002315 -0.596976
v -10.319323 -0.042425 0.417506
v -10.319323 -0.042425 -0.596976
v -10.296331 -0.084703 0.417506
v -10.296331 -0.084703 -0.596976
v -10.274340 -0.129150 0.417506
v -10.274340 -0.129150 -0.596976
v -10.253349 -0.175765 0.417506
v -10.253349 -0.175765 -0.596976
v -10.233362 -0.224548 0.417506
v -10.233362 -0.224548 -0.596976
v -10.214376 -0.275499 0.417506
v -10.214376 -0.275499 -0.596976
v -10.266581 -0.254954 0.417506
v -10.266581 -0.254954 -0.596976
v -10.318747 -0.234444 0.417506
v -10.318747 -0.234444 -0.596976
v -10.370874 -0.213969 0.417506
v -10.370874 -0.213969 -0.596976
v -10.422962 -0.193529 0.417506
v -10.422962 -0.193529 -0.596976
v -10.475012 -0.173124 0.417506
v -10.475012 -0.173124 -0.596976
v -10.527023 -0.152754 0.417506
v -10.527023 -0.152754 -0.596976
v -10.578997 -0.132419 0.417506
v -10.578997 -0.132419 -0.596976
v -10.630930 -0.112120 0.417506
v -10.630930 -0.112120 -0.596976
v -10.682825 -0.091855 0.417506
v -10.682825 -0.091855 -0.596976
v -10.734684 -0.071625 0.417506
v -10.734684 -0.071625 -0.596976
v -10.786503 -0.051429 0.417506
v -10.786503 -0.051429 -0.596976
v -10.838280 -0.031269 0.417506
v -10.838280 -0.031269 -0.596976
v -10.899611 -0.005829 0.417506
v -10.899611 -0.005829 -0.596976
v -10.958824 0.019297 0.417506
v -10.958824 0.019297 -0.596976
v -11.015921 0.044108 0.417506
v -11.015921 0.044108 -0.596976
v -11.070896 0.068604 0.417506
v -11.070896 0.068604 -0.596976
v -11.123755 0.092786 0.417506
v -11.123755 0.092786 -0.596976
v -11.174494 0.116653 0.417506
v -11.174494 0.116653 -0.596976
v -11.223118 0.140205 0.417506
v -11.223118 0.140205 -0.596976
v -11.269621 0.163442 0.417506
v -11.269621 0.163442 -0.596976
v -11.314007 0.186365 0.417506
v -11.314007 0.186365 -0.596976
v -11.356274 0.208973 0.417506
v -11.356274 0.208973 -0.596976
v -11.396423 0.231266 0.417506
v -11.396423 0.231266 -0.596976
v -15.127956 0.311155 0.417507
v -15.127956 0.311155 -0.596975
v -15.127937 0.290365 0.417507
v -15.127937 0.290365 -0.596975
v -15.127880 0.270800 0.417507
v -15.127880 0.270800 -0.596975
v -15.127783 0.252458 0.417507
v -15.127783 0.252458 -0.596975
v -15.127647 0.235340 0.417507
v -15.127647 0.235340 -0.596975
v -15.127476 0.219446 0.417507
v -15.127476 0.219446 -0.596975
v -15.127264 0.204777 0.417507
v -15.127264 0.204777 -0.596975
v -15.127012 0.191331 0.417507
v -15.127012 0.191331 -0.596975
v -15.126724 0.179109 0.417507
v -15.126724 0.179109 -0.596975
v -15.126396 0.168111 0.417507
v -15.126396 0.168111 -0.596975
v -15.126032 0.158337 0.417507
v -15.126032 0.158337 -0.596975
v -15.125628 0.149787 0.417507
v -15.125628 0.149787 -0.596975
v -15.125185 0.142461 0.417507
v -15.125185 0.142461 -0.596975
v -15.118694 0.080931 0.417507
v -15.118694 0.080931 -0.596975
v -15.107544 0.024752 0.417507
v -15.107544 0.024752 -0.596975
v -15.091736 -0.026076 0.417507
v -15.091736 -0.026076 -0.596975
v -15.071266 -0.071555 0.417507
v -15.071266 -0.071555 -0.596975
v -15.046137 -0.111683 0.417507
v -15.046137 -0.111683 -0.596975
v -15.016348 -0.146460 0.417507
v -15.016348 -0.146460 -0.596975
v -14.981897 -0.175887 0.417507
v -14.981897 -0.175887 -0.596975
v -14.942787 -0.199964 0.417507
v -14.942787 -0.199964 -0.596975
v -14.899019 -0.218690 0.417507
v -14.899019 -0.218690 -0.596975
v -14.850590 -0.232066 0.417507
v -14.850590 -0.232066 -0.596975
v -14.797501 -0.240092 0.417507
v -14.797501 -0.240092 -0.596975
v -14.739752 -0.242767 0.417507
v -14.739752 -0.242767 -0.596975
v -14.683947 -0.240494 0.417507
v -14.683947 -0.240494 -0.596975
v -14.632994 -0.233675 0.417507
v -14.632994 -0.233675 -0.596976
v -14.586895 -0.222309 0.417507
v -14.586895 -0.222309 -0.596976
v -14.545649 -0.206398 0.417507
v -14.545649 -0.206398 -0.596976
v -14.509254 -0.185941 0.417507
v -14.509254 -0.185941 -0.596976
v -14.477711 -0.160937 0.417507
v -14.477711 -0.160937 -0.596976
v -14.451023 -0.131388 0.417507
v -14.451023 -0.131388 -0.596976
v -14.429186 -0.097292 0.417507
v -14.429186 -0.097292 -0.596976
v -14.412201 -0.058651 0.417507
v -14.412201 -0.058651 -0.596976
v -14.400070 -0.015463 0.417507
v -14.400070 -0.015463 -0.596976
v -14.392790 0.032271 0.417507
v -14.392790 0.032271 -0.596976
v -14.390366 0.084550 0.417507
v -14.390366 0.084550 -0.596976
v -14.376499 0.338851 0.417507
v -14.376499 0.338851 -0.596976
v -14.274981 0.320964 0.417507
v -14.274981 0.320964 -0.596976
v -14.178391 0.297516 0.417507
v -14.178391 0.297516 -0.596976
v -14.086731 0.268509 0.417507
v -14.086731 0.268509 -0.596976
v -14.000002 0.233941 0.417507
v -14.000002 0.233941 -0.596976
v -13.918201 0.193814 0.417507
v -13.918201 0.193814 -0.596976
v -13.841331 0.148126 0.417507
v -13.841331 0.148126 -0.596976
v -13.769390 0.096877 0.417507
v -13.769390 0.096877 -0.596976
v -13.702377 0.040069 0.417507
v -13.702377 0.040069 -0.596976
v -13.640295 -0.022300 0.417507
v -13.640295 -0.022300 -0.596976
v -13.583143 -0.090229 0.417507
v -13.583143 -0.090229 -0.596976
v -13.530920 -0.163718 0.417507
v -13.530920 -0.163718 -0.596976
v -13.483627 -0.242767 0.417507
v -13.483627 -0.242767 -0.596976
v -13.486399 -1.509233 0.417507
v -13.486399 -1.509233 -0.596976
v -13.485647 -1.532811 0.417507
v -13.485647 -1.532811 -0.596976
v -13.483395 -1.555708 0.417507
v -13.483395 -1.555708 -0.596976
v -13.479641 -1.577922 0.417507
v -13.479641 -1.577922 -0.596976
v -13.474384 -1.599455 0.417507
v -13.474384 -1.599455 -0.596976
v -13.467625 -1.620306 0.417507
v -13.467625 -1.620306 -0.596976
v -13.459364 -1.640475 0.417507
v -13.459364 -1.640475 -0.596976
v -13.449602 -1.659961 0.417507
v -13.449602 -1.659962 -0.596976
v -13.438335 -1.678766 0.417507
v -13.438335 -1.678767 -0.596976
v -13.425570 -1.696890 0.417507
v -13.425570 -1.696890 -0.596976
v -13.411301 -1.714331 0.417507
v -13.411301 -1.714331 -0.596976
v -13.395529 -1.731090 0.417507
v -13.395529 -1.731090 -0.596976
v -13.378258 -1.747167 0.417507
v -13.378258 -1.747167 -0.596976
v -13.359827 -1.762248 0.417507
v -13.359827 -1.762248 -0.596976
v -13.340590 -1.776018 0.417507
v -13.340590 -1.776018 -0.596976
v -13.320543 -1.788476 0.417507
v -13.320543 -1.788476 -0.596976
v -13.299688 -1.799622 0.417507
v -13.299688 -1.799622 -0.596976
v -13.278025 -1.809457 0.417507
v -13.278025 -1.809457 -0.596976
v -13.255550 -1.817981 0.417507
v -13.255550 -1.817981 -0.596976
v -13.232269 -1.825194 0.417507
v -13.232269 -1.825194 -0.596976
v -13.208179 -1.831095 0.417507
v -13.208179 -1.831095 -0.596976
v -13.183281 -1.835685 0.417507
v -13.183281 -1.835685 -0.596976
v -13.157576 -1.838963 0.417507
v -13.157576 -1.838963 -0.596976
v -13.131060 -1.840930 0.417507
v -13.131060 -1.840930 -0.596976
v -13.103741 -1.841586 0.417507
v -13.103741 -1.841586 -0.596976
v -13.075626 -1.840886 0.417507
v -13.075626 -1.840887 -0.596976
v -13.048592 -1.838788 0.417507
v -13.048592 -1.838788 -0.596976
v -13.022633 -1.835291 0.417507
v -13.022633 -1.835291 -0.596976
v -12.997753 -1.830396 0.417507
v -12.997753 -1.830396 -0.596976
v -12.973953 -1.824101 0.417507
v -12.973953 -1.824101 -0.596976
v -12.951231 -1.816408 0.417507
v -12.951231 -1.816408 -0.596976
v -12.929586 -1.807315 0.417507
v -12.929586 -1.807315 -0.596976
v -12.909021 -1.796825 0.417507
v -12.909021 -1.796825 -0.596976
v -12.889534 -1.784935 0.417507
v -12.889534 -1.784935 -0.596976
v -12.871124 -1.771646 0.417507
v -12.871124 -1.771646 -0.596976
v -12.853794 -1.756959 0.417507
v -12.853794 -1.756959 -0.596976
v -12.837542 -1.740873 0.417507
v -12.837542 -1.740873 -0.596976
v -12.823368 -1.725416 0.417507
v -12.823368 -1.725416 -0.596976
v -12.810427 -1.709260 0.417507
v -12.810427 -1.709260 -0.596976
v -12.798721 -1.692405 0.417507
v -12.798721 -1.692405 -0.596976
v -12.788244 -1.674850 0.417507
v -12.788244 -1.674850 -0.596976
v -12.779001 -1.656596 0.417507
v -12.779001 -1.656596 -0.596976
v -12.770990 -1.637642 0.417507
v -12.770990 -1.637642 -0.596976
v -12.764214 -1.617989 0.417507
v -12.764214 -1.617989 -0.596976
v -12.758667 -1.597637 0.417507
v -12.758667 -1.597637 -0.596976
v -12.754354 -1.576585 0.417507
v -12.754354 -1.576585 -0.596976
v -12.751274 -1.554834 0.417507
v -12.751274 -1.554834 -0.596976
v -12.749424 -1.532383 0.417507
v -12.749424 -1.532383 -0.596976
v -12.748810 -1.509233 0.417507
v -12.748810 -1.509233 -0.596976
v -12.748810 0.139943 0.417506
v -12.748810 0.139943 -0.596976
v -12.748848 0.153485 0.417506
v -12.748848 0.153485 -0.596976
v -12.748964 0.168093 0.417506
v -12.748964 0.168093 -0.596976
v -12.749155 0.183769 0.417506
v -12.749155 0.183769 -0.596976
v -12.749426 0.200510 0.417506
v -12.749426 0.200510 -0.596976
v -12.749773 0.218319 0.417506
v -12.749773 0.218319 -0.596976
v -12.750196 0.237194 0.417506
v -12.750196 0.237194 -0.596976
v -12.750696 0.257135 0.417506
v -12.750696 0.257135 -0.596976
v -12.751276 0.278143 0.417506
v -12.751276 0.278143 -0.596976
v -12.751930 0.300218 0.417506
v -12.751930 0.300218 -0.596976
v -12.752663 0.323359 0.417506
v -12.752663 0.323359 -0.596976
v -12.753471 0.347567 0.417506
v -12.753471 0.347567 -0.596976
v -12.754354 0.372842 0.417506
v -12.754354 0.372842 -0.596976
v -12.755241 0.398116 0.417506
v -12.755241 0.398116 -0.596976
v -12.756048 0.422324 0.417506
v -12.756048 0.422324 -0.596976
v -12.756783 0.445465 0.417506
v -12.756783 0.445465 -0.596976
v -12.757437 0.467540 0.417506
v -12.757437 0.467540 -0.596976
v -12.758015 0.488548 0.417506
v -12.758015 0.488548 -0.596976
v -12.758514 0.508489 0.417506
v -12.758514 0.508489 -0.596976
v -12.758940 0.527364 0.417506
v -12.758940 0.527364 -0.596976
v -12.759285 0.545173 0.417506
v -12.759285 0.545173 -0.596976
v -12.759556 0.561915 0.417506
v -12.759556 0.561915 -0.596976
v -12.759748 0.577590 0.417506
v -12.759748 0.577590 -0.596976
v -12.759865 0.592198 0.417506
v -12.759865 0.592198 -0.596976
v -12.759901 0.605740 0.417506
v -12.759901 0.605740 -0.596976
v -12.760546 0.628917 0.417506
v -12.760546 0.628917 -0.596976
v -12.762480 0.651446 0.417506
v -12.762480 0.651446 -0.596976
v -12.765705 0.673328 0.417506
v -12.765705 0.673328 -0.596976
v -12.770220 0.694564 0.417506
v -12.770220 0.694564 -0.596976
v -12.776026 0.715152 0.417506
v -12.776026 0.715152 -0.596976
v -12.783121 0.735094 0.417506
v -12.783121 0.735094 -0.596976
v -12.791508 0.754388 0.417506
v -12.791508 0.754388 -0.596976
v -12.801184 0.773036 0.417506
v -12.801184 0.773036 -0.596976
v -12.812151 0.791037 0.417506
v -12.812151 0.791037 -0.596976
v -12.824408 0.808390 0.417506
v -12.824408 0.808390 -0.596976
v -12.837955 0.825097 0.417506
v -12.837955 0.825097 -0.596976
v -12.852793 0.841157 0.417506
v -12.852793 0.841157 -0.596976
v -12.868822 0.856238 0.417506
v -12.868822 0.856238 -0.596976
v -12.885950 0.870007 0.417506
v -12.885950 0.870007 -0.596976
v -12.904177 0.882465 0.417506
v -12.904177 0.882465 -0.596976
v -12.923500 0.893612 0.417506
v -12.923500 0.893612 -0.596976
v -12.943922 0.903447 0.417506
v -12.943922 0.903447 -0.596976
v -12.965441 0.911971 0.417506
v -12.965441 0.911971 -0.596976
v -12.988058 0.919183 0.417506
v -12.988058 0.919183 -0.596976
v -13.011770 0.925084 0.417506
v -13.011770 0.925084 -0.596976
v -13.036581 0.929674 0.417506
v -13.036581 0.929674 -0.596976
v -13.062490 0.932953 0.417506
v -13.062490 0.932953 -0.596976
v -13.089497 0.934920 0.417506
v -13.089497 0.934920 -0.596976
v -13.117603 0.935575 0.417506
v -13.117603 0.935575 -0.596976
v -13.167170 0.933582 0.417506
v -13.167170 0.933582 -0.596976
v -13.213270 0.927602 0.417506
v -13.213270 0.927602 -0.596976
v -13.255903 0.917636 0.417507
v -13.255903 0.917636 -0.596976
v -13.295071 0.903683 0.417507
v -13.295071 0.903683 -0.596976
v -13.330772 0.885743 0.417507
v -13.330772 0.885743 -0.596976
v -13.363007 0.863817 0.417507
v -13.363007 0.863817 -0.596976
v -13.391775 0.837905 0.417507
v -13.391775 0.837905 -0.596976
v -13.417078 0.808006 0.417507
v -13.417078 0.808006 -0.596976
v -13.438913 0.774120 0.417507
v -13.438913 0.774120 -0.596976
v -13.457285 0.736248 0.417507
v -13.457285 0.736248 -0.596976
v -13.472189 0.694389 0.417507
v -13.472189 0.694389 -0.596976
v -13.483627 0.648543 0.417507
v -13.483627 0.648543 -0.596976
v -13.566179 0.701627 0.417507
v -13.566179 0.701627 -0.596976
v -13.650230 0.750096 0.417507
v -13.650230 0.750096 -0.596976
v -13.735786 0.793948 0.417507
v -13.735786 0.793948 -0.596976
v -13.822844 0.833184 0.417507
v -13.822844 0.833184 -0.596976
v -13.911404 0.867804 0.417507
v -13.911404 0.867804 -0.596976
v -14.001465 0.897808 0.417507
v -14.001465 0.897808 -0.596976
v -14.093029 0.923196 0.417507
v -14.093029 0.923196 -0.596976
v -14.186096 0.943968 0.417507
v -14.186096 0.943968 -0.596976
v -14.280663 0.960124 0.417507
v -14.280663 0.960124 -0.596976
v -14.376732 0.971664 0.417507
v -14.376732 0.971664 -0.596976
v -14.474304 0.978588 0.417507
v -14.474304 0.978588 -0.596976
v -14.573378 0.980896 0.417507
v -14.573378 0.980896 -0.596976
v -14.661957 0.976245 0.417507
v -14.661957 0.976245 -0.596976
v -14.742832 0.962292 0.417507
v -14.742832 0.962292 -0.596976
v -14.816006 0.939037 0.417507
v -14.816006 0.939037 -0.596976
v -14.881475 0.906481 0.417507
v -14.881475 0.906481 -0.596976
v -14.939245 0.864622 0.417507
v -14.939245 0.864622 -0.596976
v -14.989313 0.813461 0.417507
v -14.989313 0.813461 -0.596976
v -15.031675 0.752998 0.417507
v -15.031675 0.752998 -0.596976
v -15.066336 0.683233 0.417507
v -15.066336 0.683233 -0.596976
v -15.093296 0.604167 0.417507
v -15.093296 0.604167 -0.596976
v -15.112553 0.515798 0.417507
v -15.112553 0.515798 -0.596975
v -15.124105 0.418128 0.417507
v -15.124105 0.418128 -0.596975
vn -0.0000 -0.0000 -1.0000
vn -0.0001 -0.0000 -1.0000
vn 0.0002 -0.0000 -1.0000
vn -0.0002 -0.0000 -1.0000
vn 0.0004 -0.0000 -1.0000
vn -0.0004 -0.0000 -1.0000
vn 0.0006 -0.0000 -1.0000
vn -0.0008 -0.0000 -1.0000
vn 0.0011 -0.0000 -1.0000
vn -0.0000 -0.0000 1.0000
vn -0.0001 -0.0000 1.0000
vn 0.0002 -0.0000 1.0000
vn -0.0002 -0.0000 1.0000
vn 0.0004 -0.0000 1.0000
vn -0.0004 -0.0000 1.0000
vn 0.0006 -0.0000 1.0000
vn -0.0008 -0.0000 1.0000
vn 0.0011 -0.0000 1.0000
vn -1.0000 -0.0027 -0.0000
vn -0.9969 -0.0788 -0.0000
vn -0.9868 -0.1616 -0.0000
vn -0.9688 -0.2477 -0.0000
vn -0.9422 -0.3351 -0.0000
vn -0.9068 -0.4216 -0.0000
vn -0.8632 -0.5048 -0.0000
vn -0.8127 -0.5826 -0.0000
vn -0.7570 -0.6534 -0.0000
vn -0.6979 -0.7162 -0.0000
vn -0.6374 -0.7705 -0.0000
vn -0.5771 -0.8167 -0.0000
vn -0.8007 -0.5991 -0.0000
vn -0.9567 -0.2910 -0.0000
vn -0.9407 -0.3392 -0.0000
vn -0.9216 -0.3881 -0.0000
vn -0.8993 -0.4373 -0.0000
vn -0.8738 -0.4864 -0.0000
vn -0.8450 -0.5347 -0.0000
vn -0.8132 -0.5820 -0.0000
vn -0.7786 -0.6275 -0.0000
vn -0.7415 -0.6709 -0.0000
vn -0.7023 -0.7119 -0.0000
vn -0.6615 -0.7499 -0.0000
vn -0.6176 -0.7865 -0.0000
vn -0.5715 -0.8206 -0.0000
vn -0.5245 -0.8514 -0.0000
vn -0.4750 -0.8800 -0.0000
vn -0.4235 -0.9059 -0.0000
vn -0.3705 -0.9288 -0.0000
vn -0.3164 -0.9486 -0.0000
vn -0.2619 -0.9651 -0.0000
vn -0.2075 -0.9782 -0.0000
vn -0.1537 -0.9881 -0.0000
vn -0.1010 -0.9949 -0.0000
vn -0.0497 -0.9988 -0.0000
vn -0.0020 -1.0000 -0.0000
vn 0.0421 -0.9991 -0.0000
vn 0.0873 -0.9962 -0.0000
vn 0.1363 -0.9907 -0.0000
vn 0.1889 -0.9820 -0.0000
vn 0.2452 -0.9695 -0.0000
vn 0.3050 -0.9523 -0.0000
vn 0.3678 -0.9299 -0.0000
vn 0.4328 -0.9015 -0.0000
vn 0.4991 -0.8666 -0.0000
vn 0.5654 -0.8248 -0.0000
vn 0.6302 -0.7764 -0.0000
vn 0.6922 -0.7217 -0.0000
vn 0.7498 -0.6617 -0.0000
vn 0.8018 -0.5975 -0.0000
vn 0.8476 -0.5307 -0.0000
vn 0.8865 -0.4627 -0.0000
vn 0.9187 -0.3950 -0.0000
vn 0.9444 -0.3288 -0.0000
vn 0.9642 -0.2652 -0.0000
vn 0.9788 -0.2047 -0.0000
vn 0.9890 -0.1479 -0.0000
vn 0.9955 -0.0949 -0.0000
vn 0.9990 -0.0458 -0.0000
vn 1.0000 0.0002 -0.0000
vn 0.9990 0.0449 -0.0000
vn 0.9960 0.0891 -0.0000
vn 0.9912 0.1325 -0.0000
vn 0.9846 0.1748 -0.0000
vn 0.9764 0.2158 -0.0000
vn 0.9668 0.2554 -0.0000
vn 0.9560 0.2934 -0.0000
vn 0.9440 0.3298 -0.0000
vn 0.9312 0.3645 -0.0000
vn 0.9176 0.3975 -0.0000
vn 0.9034 0.4288 -0.0000
vn 0.8887 0.4584 -0.0000
vn 0.8732 0.4874 -0.0000
vn 0.8563 0.5166 -0.0000
vn 0.8379 0.5459 -0.0000
vn 0.8180 0.5752 -0.0000
vn 0.7967 0.6044 -0.0000
vn 0.7738 0.6334 -0.0000
vn 0.7495 0.6620 -0.0000
vn 0.7237 0.6901 -0.0000
vn 0.6966 0.7175 -0.0000
vn 0.6682 0.7440 -0.0000
vn 0.6386 0.7695 -0.0000
vn 0.6061 0.7954 -0.0000
vn 0.5690 0.8224 -0.0000
vn 0.5279 0.8493 -0.0000
vn 0.4839 0.8751 -0.0000
vn 0.4370 0.8994 -0.0000
vn 0.3875 0.9219 -0.0000
vn 0.3356 0.9420 -0.0000
vn 0.2818 0.9595 -0.0000
vn 0.2264 0.9740 -0.0000
vn 0.1699 0.9855 -0.0000
vn 0.1131 0.9936 -0.0000
vn 0.0563 0.9984 -0.0000
vn 0.0007 1.0000 -0.0000
vn -0.0507 0.9987 -0.0000
vn -0.0964 0.9953 -0.0000
vn -0.1369 0.9906 -0.0000
vn -0.1729 0.9849 -0.0000
vn -0.2050 0.9788 -0.0000
vn -0.2337 0.9723 -0.0000
vn -0.2595 0.9658 -0.0000
vn -0.2826 0.9592 -0.0000
vn -0.3036 0.9528 -0.0000
vn -0.3225 0.9466 -0.0000
vn -0.3398 0.9405 -0.0000
vn -0.3595 0.9332 -0.0000
vn -0.3877 0.9218 -0.0000
vn -0.4238 0.9058 -0.0000
vn -0.4653 0.8852 -0.0000
vn -0.5132 0.8583 -0.0000
vn -0.5684 0.8228 -0.0000
vn -0.6317 0.7752 -0.0000
vn -0.7030 0.7111 -0.0000
vn -0.7807 0.6249 -0.0000
vn -0.8598 0.5107 -0.0000
vn -0.9310 0.3649 -0.0000
vn -0.9817 0.1906 -0.0000
vn -0.9995 0.0309 -0.0000
vn -0.9975 -0.0710 -0.0000
vn -0.9897 -0.1432 -0.0000
vn -0.9765 -0.2157 -0.0000
vn -0.9578 -0.2874 -0.0000
vn -0.9341 -0.3571 -0.0000
vn -0.9058 -0.4237 -0.0000
vn -0.8737 -0.4864 -0.0000
vn -0.8387 -0.5446 -0.0000
vn -0.8016 -0.5979 -0.0000
vn -0.7632 -0.6461 -0.0000
vn -0.7244 -0.6894 -0.0000
vn -0.6839 -0.7295 -0.0000
vn -0.6387 -0.7694 -0.0000
vn -0.5884 -0.8086 -0.0000
vn -0.5344 -0.8452 -0.0000
vn -0.4774 -0.8787 -0.0000
vn -0.4180 -0.9084 -0.0000
vn -0.3569 -0.9341 -0.0000
vn -0.2951 -0.9555 -0.0000
vn -0.2333 -0.9724 -0.0000
vn -0.1723 -0.9851 -0.0000
vn -0.1127 -0.9936 -0.0000
vn -0.0553 -0.9985 -0.0000
vn 0.0187 -0.9998 -0.0000
vn 0.1134 -0.9936 -0.0000
vn 0.1964 -0.9805 -0.0000
vn 0.2557 -0.9667 -0.0000
vn 0.2999 -0.9540 -0.0000
vn 0.3337 -0.9427 -0.0000
vn 0.3605 -0.9328 -0.0000
vn 0.3820 -0.9241 -0.0000
vn 0.3998 -0.9166 -0.0000
vn 0.4146 -0.9100 -0.0000
vn 0.4272 -0.9041 -0.0000
vn 0.4381 -0.8989 -0.0000
vn 0.4390 -0.8985 -0.0000
vn 0.4218 -0.9067 -0.0000
vn 0.3943 -0.9190 -0.0000
vn 0.3648 -0.9311 -0.0000
vn 0.3333 -0.9428 -0.0000
vn 0.2996 -0.9541 -0.0000
vn 0.2637 -0.9646 -0.0000
vn 0.2254 -0.9743 -0.0000
vn 0.1848 -0.9828 -0.0000
vn 0.1418 -0.9899 -0.0000
vn 0.0965 -0.9953 -0.0000
vn 0.0491 -0.9988 -0.0000
vn -0.0271 -0.9996 -0.0000
vn -0.1495 -0.9888 -0.0000
vn -0.2777 -0.9607 -0.0000
vn -0.3821 -0.9241 -0.0000
vn -0.4658 -0.8849 -0.0000
vn -0.5325 -0.8465 -0.0000
vn -0.5858 -0.8104 -0.0000
vn -0.6289 -0.7775 -0.0000
vn -0.6640 -0.7477 -0.0000
vn -0.6930 -0.7209 -0.0000
vn -0.7171 -0.6969 -0.0000
vn -0.7374 -0.6754 -0.0000
vn -0.7584 -0.6518 -0.0000
vn -0.7859 -0.6184 -0.0000
vn -0.8170 -0.5766 -0.0000
vn -0.8473 -0.5310 -0.0000
vn -0.8763 -0.4818 -0.0000
vn -0.9033 -0.4289 -0.0000
vn -0.9279 -0.3728 -0.0000
vn -0.9494 -0.3139 -0.0000
vn -0.9675 -0.2528 -0.0000
vn -0.9818 -0.1900 -0.0000
vn -0.9920 -0.1265 -0.0000
vn -0.9980 -0.0630 -0.0000
vn -1.0000 -0.0087 -0.0000
vn -0.9996 0.0289 -0.0000
vn -0.9982 0.0607 -0.0000
vn -0.9954 0.0963 -0.0000
vn -0.9907 0.1364 -0.0000
vn -0.9834 0.1814 -0.0000
vn -0.9727 0.2322 -0.0000
vn -0.9572 0.2893 -0.0000
vn -0.9356 0.3532 -0.0000
vn -0.9056 0.4241 -0.0000
vn -0.8651 0.5016 -0.0000
vn -0.8114 0.5845 -0.0000
vn -0.7407 0.6718 -0.0000
vn -0.6581 0.7529 -0.0000
vn -0.5739 0.8189 -0.0000
vn -0.4913 0.8710 -0.0000
vn -0.4130 0.9107 -0.0000
vn -0.3406 0.9402 -0.0000
vn -0.2746 0.9615 -0.0000
vn -0.2152 0.9766 -0.0000
vn -0.1620 0.9868 -0.0000
vn -0.1145 0.9934 -0.0000
vn -0.0722 0.9974 -0.0000
vn -0.0343 0.9994 -0.0000
vn 0.0026 1.0000 -0.0000
vn 0.0441 0.9990 -0.0000
vn 0.0895 0.9960 -0.0000
vn 0.1363 0.9907 -0.0000
vn 0.1841 0.9829 -0.0000
vn 0.2328 0.9725 -0.0000
vn 0.3309 0.9437 -0.0000
vn 0.3796 0.9251 -0.0000
vn 0.4276 0.9040 -0.0000
vn 0.4743 0.8804 -0.0000
vn 0.5195 0.8545 -0.0000
vn 0.5632 0.8263 -0.0000
vn 0.6070 0.7947 -0.0000
vn 0.6506 0.7594 -0.0000
vn 0.6920 0.7219 -0.0000
vn 0.7310 0.6823 -0.0000
vn 0.7673 0.6413 -0.0000
vn 0.8007 0.5991 -0.0000
vn 0.8310 0.5563 -0.0000
vn 0.8582 0.5133 -0.0000
vn 0.8824 0.4705 -0.0000
vn 0.9036 0.4283 -0.0000
vn 0.9221 0.3869 -0.0000
vn 0.7614 -0.6483 -0.0000
vn -0.0914 -0.9958 -0.0000
vn -0.1132 -0.9936 -0.0000
vn -0.1359 -0.9907 -0.0000
vn -0.1594 -0.9872 -0.0000
vn -0.1837 -0.9830 -0.0000
vn -0.2089 -0.9779 -0.0000
vn -0.2350 -0.9720 -0.0000
vn -0.2618 -0.9651 -0.0000
vn -0.2895 -0.9572 -0.0000
vn -0.3178 -0.9481 -0.0000
vn -0.3469 -0.9379 -0.0000
vn -0.3637 -0.9315 -0.0000
vn -0.3518 -0.9361 -0.0000
vn -0.3233 -0.9463 -0.0000
vn -0.2939 -0.9558 -0.0000
vn -0.2636 -0.9646 -0.0000
vn -0.2326 -0.9726 -0.0000
vn -0.2008 -0.9796 -0.0000
vn -0.1684 -0.9857 -0.0000
vn -0.1354 -0.9908 -0.0000
vn -0.1019 -0.9948 -0.0000
vn -0.0682 -0.9977 -0.0000
vn -0.0342 -0.9994 -0.0000
vn 0.0057 -1.0000 -0.0000
vn 0.0580 -0.9983 -0.0000
vn 0.1185 -0.9930 -0.0000
vn 0.1812 -0.9834 -0.0000
vn 0.2456 -0.9694 -0.0000
vn 0.3108 -0.9505 -0.0000
vn 0.3758 -0.9267 -0.0000
vn 0.4398 -0.8981 -0.0000
vn 0.5016 -0.8651 -0.0000
vn 0.5606 -0.8281 -0.0000
vn 0.6158 -0.7879 -0.0000
vn 0.6669 -0.7452 -0.0000
vn 0.7097 -0.7045 -0.0000
vn 0.7468 -0.6651 -0.0000
vn 0.7838 -0.6210 -0.0000
vn 0.8199 -0.5724 -0.0000
vn 0.8545 -0.5194 -0.0000
vn 0.8868 -0.4622 -0.0000
vn 0.9160 -0.4012 -0.0000
vn 0.9415 -0.3371 -0.0000
vn 0.9627 -0.2706 -0.0000
vn 0.9792 -0.2027 -0.0000
vn 0.9909 -0.1343 -0.0000
vn 0.9978 -0.0666 -0.0000
vn 0.9992 0.0390 -0.0000
vn 0.9747 0.2234 -0.0000
vn 0.9014 0.4330 -0.0000
vn 0.7956 0.6059 -0.0000
vn 0.6799 0.7333 -0.0000
vn 0.5707 0.8212 -0.0000
vn 0.4752 0.8799 -0.0000
vn 0.3947 0.9188 -0.0000
vn 0.3275 0.9448 -0.0000
vn 0.2716 0.9624 -0.0000
vn 0.2249 0.9744 -0.0000
vn 0.1854 0.9827 -0.0000
vn 0.1545 0.9880 -0.0000
vn 0.1339 0.9910 -0.0000
vn 0.1187 0.9929 -0.0000
vn 0.1043 0.9945 -0.0000
vn 0.0905 0.9959 -0.0000
vn 0.0774 0.9970 -0.0000
vn 0.0648 0.9979 -0.0000
vn 0.0528 0.9986 -0.0000
vn 0.0413 0.9991 -0.0000
vn 0.0303 0.9995 -0.0000
vn 0.0198 0.9998 -0.0000
vn 0.0097 1.0000 -0.0000
vn -0.0101 0.9999 -0.0000
vn -0.0508 0.9987 -0.0000
vn -0.1037 0.9946 -0.0000
vn -0.1588 0.9873 -0.0000
vn -0.2157 0.9765 -0.0000
vn -0.2737 0.9618 -0.0000
vn -0.3324 0.9431 -0.0000
vn -0.3910 0.9204 -0.0000
vn -0.4488 0.8936 -0.0000
vn -0.5051 0.8631 -0.0000
vn -0.5591 0.8291 -0.0000
vn -0.6102 0.7922 -0.0000
vn -0.7040 0.7102 -0.0000
vn -0.7491 0.6625 -0.0000
vn -0.7928 0.6094 -0.0000
vn -0.8344 0.5512 -0.0000
vn -0.8727 0.4882 -0.0000
vn -0.9069 0.4214 -0.0000
vn -0.9361 0.3516 -0.0000
vn -0.9600 0.2801 -0.0000
vn -0.9781 0.2080 -0.0000
vn -0.9906 0.1367 -0.0000
vn -0.9977 0.0672 -0.0000
vn -0.6190 -0.7854 -0.0000
vn -0.5740 -0.8189 -0.0000
vn -0.5279 -0.8493 -0.0000
vn -0.4793 -0.8776 -0.0000
vn -0.4285 -0.9036 -0.0000
vn -0.3758 -0.9267 -0.0000
vn -0.3218 -0.9468 -0.0000
vn -0.2671 -0.9637 -0.0000
vn -0.2121 -0.9772 -0.0000
vn -0.1575 -0.9875 -0.0000
vn -0.1037 -0.9946 -0.0000
vn -0.0511 -0.9987 -0.0000
vn 0.0265 -0.9996 -0.0000
vn 0.1445 -0.9895 -0.0000
vn 0.2623 -0.9650 -0.0000
vn 0.3542 -0.9352 -0.0000
vn 0.4258 -0.9048 -0.0000
vn 0.4822 -0.8761 -0.0000
vn 0.5272 -0.8498 -0.0000
vn 0.5635 -0.8261 -0.0000
vn 0.5934 -0.8049 -0.0000
vn 0.6182 -0.7861 -0.0000
vn 0.6390 -0.7692 -0.0000
vn 0.6568 -0.7541 -0.0000
vn 0.1511 -0.9885 -0.0000
vn -0.3911 -0.9203 -0.0000
vn -0.3836 -0.9235 -0.0000
vn -0.3757 -0.9267 -0.0000
vn -0.3673 -0.9301 -0.0000
vn -0.3585 -0.9335 -0.0000
vn -0.3492 -0.9370 -0.0000
vn -0.3393 -0.9407 -0.0000
vn -0.3289 -0.9444 -0.0000
vn -0.3178 -0.9482 -0.0000
vn -0.3060 -0.9520 -0.0000
vn -0.2934 -0.9560 -0.0000
vn -0.2797 -0.9601 -0.0000
vn -0.2645 -0.9644 -0.0000
vn -0.2479 -0.9688 -0.0000
vn -0.2301 -0.9732 -0.0000
vn -0.2111 -0.9775 -0.0000
vn -0.1908 -0.9816 -0.0000
vn -0.1690 -0.9856 -0.0000
vn -0.1456 -0.9893 -0.0000
vn -0.1205 -0.9927 -0.0000
vn -0.0935 -0.9956 -0.0000
vn -0.0645 -0.9979 -0.0000
vn -0.0332 -0.9994 -0.0000
vn 0.0018 -1.0000 -0.0000
vn 0.0427 -0.9991 -0.0000
vn 0.0885 -0.9961 -0.0000
vn 0.1380 -0.9904 -0.0000
vn 0.1913 -0.9815 -0.0000
vn 0.2483 -0.9687 -0.0000
vn 0.3087 -0.9512 -0.0000
vn 0.3720 -0.9282 -0.0000
vn 0.4375 -0.8992 -0.0000
vn 0.5041 -0.8637 -0.0000
vn 0.5705 -0.8213 -0.0000
vn 0.6353 -0.7723 -0.0000
vn 0.6969 -0.7172 -0.0000
vn 0.7539 -0.6570 -0.0000
vn 0.8053 -0.5929 -0.0000
vn 0.8503 -0.5262 -0.0000
vn 0.8886 -0.4586 -0.0000
vn 0.9202 -0.3913 -0.0000
vn 0.9455 -0.3257 -0.0000
vn 0.9649 -0.2626 -0.0000
vn 0.9892 -0.1464 -0.0000
vn 0.9956 -0.0940 -0.0000
vn 0.9990 -0.0453 -0.0000
vn 1.0000 0.0062 -0.0000
vn 0.9976 0.0697 -0.0000
vn 0.9900 0.1413 -0.0000
vn 0.9768 0.2143 -0.0000
vn 0.9578 0.2875 -0.0000
vn 0.9331 0.3595 -0.0000
vn 0.9032 0.4292 -0.0000
vn 0.8687 0.4954 -0.0000
vn 0.8304 0.5572 -0.0000
vn 0.7893 0.6140 -0.0000
vn 0.7464 0.6655 -0.0000
vn 0.7026 0.7116 -0.0000
vn 0.6586 0.7525 -0.0000
vn 0.6131 0.7900 -0.0000
vn 0.5645 0.8255 -0.0000
vn 0.5127 0.8586 -0.0000
vn 0.4582 0.8889 -0.0000
vn 0.4015 0.9159 -0.0000
vn 0.3433 0.9392 -0.0000
vn 0.2843 0.9587 -0.0000
vn 0.2252 0.9743 -0.0000
vn 0.1667 0.9860 -0.0000
vn 0.1094 0.9940 -0.0000
vn 0.0538 0.9986 -0.0000
vn -0.0416 0.9991 -0.0000
vn -0.0812 0.9967 -0.0000
vn -0.1185 0.9930 -0.0000
vn -0.1536 0.9881 -0.0000
vn -0.1865 0.9825 -0.0000
vn -0.2173 0.9761 -0.0000
vn -0.2462 0.9692 -0.0000
vn -0.2732 0.9620 -0.0000
vn -0.2985 0.9544 -0.0000
vn -0.3222 0.9467 -0.0000
vn -0.3443 0.9389 -0.0000
vn -0.3685 0.9296 -0.0000
vn -0.4018 0.9157 -0.0000
vn -0.4439 0.8961 -0.0000
vn -0.4917 0.8708 -0.0000
vn -0.5457 0.8380 -0.0000
vn -0.6064 0.7952 -0.0000
vn -0.6735 0.7392 -0.0000
vn -0.7456 0.6664 -0.0000
vn -0.8196 0.5729 -0.0000
vn -0.8898 0.4564 -0.0000
vn -0.9482 0.3176 -0.0000
vn -0.9867 0.1623 -0.0000
vn -0.9997 0.0258 -0.0000
vn -0.9982 -0.0600 -0.0000
vn -0.9926 -0.1217 -0.0000
vn -0.9828 -0.1846 -0.0000
vn -0.9688 -0.2480 -0.0000
vn -0.9504 -0.3111 -0.0000
vn -0.9278 -0.3731 -0.0000
vn -0.9014 -0.4331 -0.0000
vn -0.8715 -0.4904 -0.0000
vn -0.8037 -0.5950 -0.0000
vn -0.7671 -0.6415 -0.0000
vn -0.8794 -0.4760 -0.0000
vn -0.9691 -0.2465 -0.0000
vn -0.9735 -0.2286 -0.0000
vn -0.9773 -0.2118 -0.0000
vn -0.9806 -0.1961 -0.0000
vn -0.9834 -0.1814 -0.0000
vn -0.9859 -0.1676 -0.0000
vn -0.9880 -0.1545 -0.0000
vn -0.9898 -0.1423 -0.0000
vn -0.9914 -0.1307 -0.0000
vn -0.9928 -0.1198 -0.0000
vn -0.9940 -0.1095 -0.0000
vn -0.9951 -0.0993 -0.0000
vn -0.9960 -0.0890 -0.0000
vn -0.9976 -0.0691 -0.0000
vn -0.9982 -0.0599 -0.0000
vn -0.9987 -0.0512 -0.0000
vn -0.9991 -0.0428 -0.0000
vn -0.9994 -0.0349 -0.0000
vn -0.9996 -0.0273 -0.0000
vn -0.9998 -0.0200 -0.0000
vn -0.9999 -0.0130 -0.0000
vn -1.0000 -0.0064 -0.0000
vn -1.0000 0.0017 -0.0000
vn -0.9999 0.0138 -0.0000
vn -0.9996 0.0288 -0.0000
vn -0.9990 0.0454 -0.0000
vn -0.9980 0.0640 -0.0000
vn -0.9964 0.0846 -0.0000
vn -0.9942 0.1079 -0.0000
vn -0.9910 0.1341 -0.0000
vn -0.9865 0.1640 -0.0000
vn -0.9802 0.1981 -0.0000
vn -0.9714 0.2373 -0.0000
vn -0.9593 0.2825 -0.0000
vn -0.9394 0.3427 -0.0000
vn -0.9196 0.3928 -0.0000
vn -0.9102 0.4141 -0.0000
vn -0.9054 0.4245 -0.0000
vn -0.9025 0.4307 -0.0000
vn -0.9005 0.4349 -0.0000
vn -0.8991 0.4378 -0.0000
vn -0.8980 0.4401 -0.0000
vn -0.8971 0.4418 -0.0000
vn -0.8964 0.4432 -0.0000
vn -0.8959 0.4444 -0.0000
vn -0.8954 0.4453 -0.0000
vn -0.8954 0.4452 -0.0000
vn -0.8969 0.4422 -0.0000
vn -0.8995 0.4369 -0.0000
vn -0.9026 0.4305 -0.0000
vn -0.9062 0.4228 -0.0000
vn -0.9106 0.4132 -0.0000
vn -0.9161 0.4010 -0.0000
vn -0.9230 0.3848 -0.0000
vn -0.9320 0.3626 -0.0000
vn -0.9440 0.3300 -0.0000
vn -0.9606 0.2778 -0.0000
vn -0.9833 0.1819 -0.0000
vn -0.9991 0.0413 -0.0000
vn -0.9974 -0.0725 -0.0000
vn -0.9891 -0.1475 -0.0000
vn -0.9745 -0.2244 -0.0000
vn -0.9534 -0.3018 -0.0000
vn -0.9257 -0.3782 -0.0000
vn -0.8920 -0.4521 -0.0000
vn -0.8529 -0.5220 -0.0000
vn -0.8097 -0.5869 -0.0000
vn -0.7633 -0.6460 -0.0000
vn -0.7151 -0.6990 -0.0000
vn -0.6663 -0.7457 -0.0000
vn 0.9118 0.4105 -0.0000
vn 0.9913 -0.1316 -0.0000
vn 0.9921 -0.1252 -0.0000
vn 0.9930 -0.1182 -0.0000
vn 0.9939 -0.1105 -0.0000
vn 0.9948 -0.1019 -0.0000
vn 0.9957 -0.0923 -0.0000
vn 0.9967 -0.0815 -0.0000
vn 0.9976 -0.0693 -0.0000
vn 0.9985 -0.0555 -0.0000
vn 0.9992 -0.0396 -0.0000
vn 0.9998 -0.0211 -0.0000
vn 1.0000 -0.0024 -0.0000
vn 0.9999 0.0125 -0.0000
vn 0.9997 0.0245 -0.0000
vn 0.9994 0.0359 -0.0000
vn 0.9989 0.0469 -0.0000
vn 0.9984 0.0573 -0.0000
vn 0.9977 0.0672 -0.0000
vn 0.9971 0.0767 -0.0000
vn 0.9963 0.0858 -0.0000
vn 0.9955 0.0945 -0.0000
vn 0.9947 0.1029 -0.0000
vn 0.9938 0.1109 -0.0000
vn 0.9930 0.1185 -0.0000
vn 0.9920 0.1259 -0.0000
vn 0.9911 0.1330 -0.0000
vn 0.9902 0.1398 -0.0000
vn 0.9892 0.1463 -0.0000
vn 0.9883 0.1526 -0.0000
vn 0.9873 0.1587 -0.0000
vn 0.9864 0.1645 -0.0000
vn 0.9854 0.1701 -0.0000
vn 0.9845 0.1756 -0.0000
vn 0.9835 0.1808 -0.0000
vn 0.9826 0.1859 -0.0000
vn 0.8727 -0.4883 -0.0000
vn 0.4038 -0.9148 -0.0000
vn 0.3938 -0.9192 -0.0000
vn 0.3832 -0.9237 -0.0000
vn 0.3602 -0.9329 -0.0000
vn 0.3476 -0.9376 -0.0000
vn 0.3344 -0.9424 -0.0000
vn 0.3203 -0.9473 -0.0000
vn 0.3054 -0.9522 -0.0000
vn 0.2896 -0.9572 -0.0000
vn 0.2727 -0.9621 -0.0000
vn 0.2559 -0.9667 -0.0000
vn 0.2403 -0.9707 -0.0000
vn 0.2248 -0.9744 -0.0000
vn 0.2084 -0.9781 -0.0000
vn 0.1909 -0.9816 -0.0000
vn 0.1722 -0.9851 -0.0000
vn 0.1522 -0.9883 -0.0000
vn 0.1309 -0.9914 -0.0000
vn 0.1081 -0.9941 -0.0000
vn 0.0837 -0.9965 -0.0000
vn 0.0576 -0.9983 -0.0000
vn 0.0297 -0.9996 -0.0000
vn -0.0073 -1.0000 -0.0000
vn -0.0607 -0.9982 -0.0000
vn -0.1229 -0.9924 -0.0000
vn -0.1864 -0.9825 -0.0000
vn -0.2504 -0.9682 -0.0000
vn -0.3140 -0.9494 -0.0000
vn -0.3763 -0.9265 -0.0000
vn -0.4366 -0.8996 -0.0000
vn -0.4942 -0.8693 -0.0000
vn -0.5484 -0.8362 -0.0000
vn -0.5989 -0.8008 -0.0000
vn -0.6454 -0.7639 -0.0000
vn -0.6879 -0.7259 -0.0000
vn -0.7281 -0.6855 -0.0000
vn -0.7677 -0.6408 -0.0000
vn -0.8065 -0.5912 -0.0000
vn -0.8438 -0.5367 -0.0000
vn -0.8785 -0.4777 -0.0000
vn -0.9100 -0.4146 -0.0000
vn -0.9375 -0.3481 -0.0000
vn -0.9602 -0.2792 -0.0000
vn -0.9780 -0.2088 -0.0000
vn -0.9904 -0.1382 -0.0000
vn -0.9977 -0.0684 -0.0000
vn -1.0000 -0.0085 -0.0000
vn -0.9994 0.0346 -0.0000
vn -0.9974 0.0719 -0.0000
vn -0.9937 0.1123 -0.0000
vn -0.9877 0.1561 -0.0000
vn -0.9791 0.2034 -0.0000
vn -0.9671 0.2543 -0.0000
vn -0.9512 0.3087 -0.0000
vn -0.9305 0.3664 -0.0000
vn -0.9043 0.4269 -0.0000
vn -0.8720 0.4895 -0.0000
vn -0.8330 0.5533 -0.0000
vn -0.7869 0.6171 -0.0000
vn -0.7336 0.6796 -0.0000
vn -0.6736 0.7391 -0.0000
vn -0.6080 0.7939 -0.0000
vn -0.5381 0.8429 -0.0000
vn -0.4655 0.8850 -0.0000
vn -0.3919 0.9200 -0.0000
vn -0.3189 0.9478 -0.0000
vn -0.2479 0.9688 -0.0000
vn -0.1800 0.9837 -0.0000
vn -0.1159 0.9933 -0.0000
vn -0.0560 0.9984 -0.0000
vn -0.0073 1.0000 -0.0000
vn 0.0253 0.9997 -0.0000
vn 0.0509 0.9987 -0.0000
vn 0.0769 0.9970 -0.0000
vn 0.1032 0.9947 -0.0000
vn 0.1297 0.9915 -0.0000
vn 0.1565 0.9877 -0.0000
vn 0.1834 0.9830 -0.0000
vn 0.2104 0.9776 -0.0000
vn 0.2374 0.9714 -0.0000
vn 0.2644 0.9644 -0.0000
vn 0.2913 0.9566 -0.0000
vn 0.3177 0.9482 -0.0000
vn 0.3684 0.9297 -0.0000
vn 0.3932 0.9195 -0.0000
vn 0.4176 0.9086 -0.0000
vn 0.4417 0.8972 -0.0000
vn 0.4653 0.8852 -0.0000
vn 0.4884 0.8726 -0.0000
vn 0.5110 0.8596 -0.0000
vn 0.5330 0.8461 -0.0000
vn 0.5544 0.8322 -0.0000
vn 0.5752 0.8180 -0.0000
vn 0.0270 0.9996 -0.0000
vn 0.0449 -0.9990 -0.0000
vn -0.9657 -0.2598 -0.0000
vn -0.9879 -0.1554 -0.0000
vn -0.9918 -0.1281 -0.0000
vn -0.9934 -0.1151 -0.0000
vn -0.9942 -0.1074 -0.0000
vn -0.9947 -0.1023 -0.0000
vn -0.9951 -0.0987 -0.0000
vn -0.9954 -0.0960 -0.0000
vn -0.9956 -0.0940 -0.0000
vn -0.3651 0.9310 -0.0000
vn 0.6971 0.7170 -0.0000
vn 0.6655 0.7464 -0.0000
vn 0.6292 0.7772 -0.0000
vn 0.5875 0.8092 -0.0000
vn 0.5397 0.8419 -0.0000
vn 0.4849 0.8746 -0.0000
vn 0.4226 0.9063 -0.0000
vn 0.3523 0.9359 -0.0000
vn 0.2740 0.9617 -0.0000
vn 0.1882 0.9821 -0.0000
vn 0.0962 0.9954 -0.0000
vn -0.0607 0.9982 -0.0000
vn -0.1258 0.9921 -0.0000
vn -0.1957 0.9807 -0.0000
vn -0.2698 0.9629 -0.0000
vn -0.3469 0.9379 -0.0000
vn -0.4257 0.9049 -0.0000
vn -0.5042 0.8636 -0.0000
vn -0.5805 0.8143 -0.0000
vn -0.6524 0.7579 -0.0000
vn -0.7183 0.6957 -0.0000
vn -0.7769 0.6297 -0.0000
vn -0.1219 0.9925 -0.0000
vn 0.6035 0.7974 -0.0000
vn 0.5797 0.8148 -0.0000
vn 0.5553 0.8317 -0.0000
vn 0.5302 0.8479 -0.0000
vn 0.5046 0.8634 -0.0000
vn 0.4784 0.8781 -0.0000
vn 0.4518 0.8921 -0.0000
vn 0.4248 0.9053 -0.0000
vn 0.3975 0.9176 -0.0000
vn 0.3699 0.9291 -0.0000
vn 0.3423 0.9396 -0.0000
vn 0.3146 0.9492 -0.0000
vn 0.2871 0.9579 -0.0000
vn 0.2596 0.9657 -0.0000
vn 0.2323 0.9726 -0.0000
vn 0.2051 0.9787 -0.0000
vn 0.1782 0.9840 -0.0000
vn 0.1515 0.9885 -0.0000
vn 0.1252 0.9921 -0.0000
vn 0.0992 0.9951 -0.0000
vn 0.0737 0.9973 -0.0000
vn 0.0486 0.9988 -0.0000
vn 0.0241 0.9997 -0.0000
vn -0.0134 0.9999 -0.0000
vn -0.0803 0.9968 -0.0000
vn -0.1672 0.9859 -0.0000
vn -0.2606 0.9654 -0.0000
vn -0.3584 0.9336 -0.0000
vn -0.4574 0.8893 -0.0000
vn -0.5540 0.8325 -0.0000
vn -0.6442 0.7649 -0.0000
vn -0.7248 0.6889 -0.0000
vn -0.7939 0.6081 -0.0000
vn -0.8505 0.5259 -0.0000
vn -0.8953 0.4454 -0.0000
vn -0.9320 0.3624 -0.0000
vn -0.9566 0.2914 -0.0000
vn -0.9690 0.2471 -0.0000
vn -0.9758 0.2185 -0.0000
vn -0.9801 0.1985 -0.0000
vn -0.9830 0.1838 -0.0000
vn -0.9850 0.1724 -0.0000
vn -0.9866 0.1635 -0.0000
vn -0.9877 0.1562 -0.0000
vn -0.9887 0.1502 -0.0000
vn -0.9894 0.1451 -0.0000
vn -0.9900 0.1407 -0.0000
vn -0.9871 0.1602 -0.0000
vn -0.9842 0.1769 -0.0000
vn -0.9857 0.1683 -0.0000
vn -0.9869 0.1612 -0.0000
vn -0.9879 0.1551 -0.0000
vn -0.9887 0.1499 -0.0000
vn -0.9894 0.1454 -0.0000
vn -0.9900 0.1414 -0.0000
vn -0.9904 0.1379 -0.0000
vn -0.9909 0.1348 -0.0000
vn -0.9913 0.1320 -0.0000
vn -0.9916 0.1295 -0.0000
vn -0.9964 0.0842 -0.0000
vn -1.0000 0.0011 -0.0000
vn -0.9969 -0.0790 -0.0000
vn -0.9867 -0.1624 -0.0000
vn -0.9430 -0.3327 -0.0000
vn -0.9095 -0.4156 -0.0000
vn -0.8693 -0.4943 -0.0000
vn -0.8235 -0.5674 -0.0000
vn -0.7737 -0.6335 -0.0000
vn -0.7216 -0.6923 -0.0000
vn -0.6687 -0.7436 -0.0000
vn -0.6181 -0.7861 -0.0000
vn -0.5710 -0.8209 -0.0000
vn -0.5239 -0.8518 -0.0000
vn -0.4743 -0.8803 -0.0000
vn -0.4228 -0.9062 -0.0000
vn -0.3697 -0.9291 -0.0000
vn -0.3157 -0.9489 -0.0000
vn -0.2612 -0.9653 -0.0000
vn -0.2069 -0.9784 -0.0000
vn -0.1532 -0.9882 -0.0000
vn -0.1006 -0.9949 -0.0000
vn -0.0495 -0.9988 -0.0000
vn 0.0072 -1.0000 -0.0000
vn 0.0817 -0.9967 -0.0000
vn 0.1728 -0.9850 -0.0000
vn 0.2741 -0.9617 -0.0000
vn 0.3836 -0.9235 -0.0000
vn 0.4970 -0.8678 -0.0000
vn 0.6085 -0.7936 -0.0000
vn 0.7113 -0.7029 -0.0000
vn 0.7998 -0.6003 -0.0000
vn 0.8704 -0.4923 -0.0000
vn 0.9228 -0.3852 -0.0000
vn 0.9589 -0.2838 -0.0000
vn 0.9779 -0.2091 -0.0000
vn 0.9840 -0.1782 -0.0000
vn 0.9857 -0.1685 -0.0000
vn 0.9871 -0.1598 -0.0000
vn 0.9884 -0.1521 -0.0000
vn 0.9894 -0.1451 -0.0000
vn 0.9903 -0.1387 -0.0000
vn 0.9911 -0.1330 -0.0000
vn 0.9918 -0.1278 -0.0000
vn 0.9924 -0.1229 -0.0000
vn 0.9930 -0.1185 -0.0000
vn 0.9934 -0.1144 -0.0000
vn 0.9939 -0.1099 -0.0000
vn 0.9941 -0.1085 -0.0000
vn 0.9938 -0.1109 -0.0000
vn 0.9935 -0.1135 -0.0000
vn 0.9932 -0.1165 -0.0000
vn 0.9928 -0.1198 -0.0000
vn 0.9923 -0.1236 -0.0000
vn 0.9918 -0.1279 -0.0000
vn 0.9911 -0.1329 -0.0000
vn 0.9903 -0.1388 -0.0000
vn 0.9893 -0.1458 -0.0000
vn 0.9880 -0.1542 -0.0000
vn 0.9860 -0.1667 -0.0000
vn 0.9824 -0.1868 -0.0000
vn 0.9769 -0.2135 -0.0000
vn 0.9694 -0.2455 -0.0000
vn 0.9587 -0.2845 -0.0000
vn 0.9431 -0.3326 -0.0000
vn 0.9195 -0.3931 -0.0000
vn 0.8826 -0.4702 -0.0000
vn 0.8226 -0.5686 -0.0000
vn 0.7225 -0.6913 -0.0000
vn 0.5574 -0.8303 -0.0000
vn 0.3089 -0.9511 -0.0000
vn 0.0468 -0.9989 -0.0000
vn -0.1189 -0.9929 -0.0000
vn -0.2045 -0.9789 -0.0000
vn -0.2647 -0.9643 -0.0000
vn -0.3090 -0.9511 -0.0000
vn -0.3426 -0.9395 -0.0000
vn -0.3690 -0.9294 -0.0000
vn -0.3902 -0.9207 -0.0000
vn -0.4075 -0.9132 -0.0000
vn -0.4220 -0.9066 -0.0000
vn -0.4342 -0.9008 -0.0000
vn -0.4447 -0.8957 -0.0000
vn -0.4537 -0.8912 -0.0000
vn -0.4619 -0.8869 -0.0000
vn -0.4705 -0.8824 -0.0000
vn -0.4798 -0.8774 -0.0000
vn -0.4900 -0.8717 -0.0000
vn -0.5011 -0.8654 -0.0000
vn -0.5133 -0.8582 -0.0000
vn -0.5266 -0.8501 -0.0000
vn -0.5414 -0.8407 -0.0000
vn -0.5579 -0.8299 -0.0000
vn -0.5762 -0.8173 -0.0000
vn -0.5966 -0.8025 -0.0000
vn -0.8923 -0.4515 -0.0000
vn -0.9998 0.0199 -0.0000
vn -0.9993 0.0376 -0.0000
vn -0.9986 0.0532 -0.0000
vn -0.9978 0.0669 -0.0000
vn -0.9969 0.0792 -0.0000
vn -0.9959 0.0902 -0.0000
vn -0.9950 0.1000 -0.0000
vn -0.9940 0.1090 -0.0000
vn -0.9931 0.1171 -0.0000
vn -0.9922 0.1245 -0.0000
vn -0.9913 0.1313 -0.0000
vn -0.9908 0.1355 -0.0000
vn -0.9911 0.1334 -0.0000
vn -0.9919 0.1269 -0.0000
vn -0.9928 0.1198 -0.0000
vn -0.9937 0.1119 -0.0000
vn -0.9947 0.1032 -0.0000
vn -0.9956 0.0935 -0.0000
vn -0.9966 0.0825 -0.0000
vn -0.9975 0.0702 -0.0000
vn -0.9984 0.0561 -0.0000
vn -0.9992 0.0400 -0.0000
vn -0.9998 0.0214 -0.0000
vn -0.9999 -0.0102 -0.0000
vn -0.9979 -0.0649 -0.0000
vn -0.9912 -0.1322 -0.0000
vn -0.9795 -0.2016 -0.0000
vn -0.9622 -0.2722 -0.0000
vn -0.9394 -0.3427 -0.0000
vn -0.9112 -0.4121 -0.0000
vn -0.8778 -0.4790 -0.0000
vn -0.8401 -0.5425 -0.0000
vn -0.7988 -0.6017 -0.0000
vn -0.7548 -0.6559 -0.0000
vn -0.7092 -0.7050 -0.0000
vn -0.6624 -0.7492 -0.0000
vn -0.6130 -0.7901 -0.0000
vn -0.5602 -0.8283 -0.0000
vn -0.5048 -0.8633 -0.0000
vn -0.4473 -0.8944 -0.0000
vn -0.3885 -0.9214 -0.0000
vn -0.3293 -0.9442 -0.0000
vn -0.2703 -0.9628 -0.0000
vn -0.2123 -0.9772 -0.0000
vn -0.1559 -0.9878 -0.0000
vn -0.1016 -0.9948 -0.0000
vn -0.0496 -0.9988 -0.0000
vn -0.0000 -1.0000 -0.0000
vn 0.0496 -0.9988 -0.0000
vn 0.1016 -0.9948 -0.0000
vn 0.1559 -0.9878 -0.0000
vn 0.2123 -0.9772 -0.0000
vn 0.2703 -0.9628 -0.0000
vn 0.3292 -0.9442 -0.0000
vn 0.3885 -0.9215 -0.0000
vn 0.4473 -0.8944 -0.0000
vn 0.5048 -0.8633 -0.0000
vn 0.5602 -0.8283 -0.0000
vn 0.6130 -0.7901 -0.0000
vn 0.6624 -0.7492 -0.0000
vn 0.7092 -0.7050 -0.0000
vn 0.7548 -0.6559 -0.0000
vn 0.7988 -0.6017 -0.0000
vn 0.8401 -0.5425 -0.0000
vn 0.8778 -0.4790 -0.0000
vn 0.9112 -0.4120 -0.0000
vn 0.9394 -0.3427 -0.0000
vn 0.9622 -0.2722 -0.0000
vn 0.9795 -0.2016 -0.0000
vn 0.9912 -0.1322 -0.0000
vn 0.9979 -0.0649 -0.0000
vn 0.9998 -0.0207 -0.0000
vn 0.9998 -0.0180 -0.0000
vn 0.9994 -0.0338 -0.0000
vn 0.9989 -0.0476 -0.0000
vn 0.9982 -0.0597 -0.0000
vn 0.9975 -0.0705 -0.0000
vn 0.9968 -0.0800 -0.0000
vn 0.9961 -0.0886 -0.0000
vn 0.9953 -0.0963 -0.0000
vn 0.9946 -0.1033 -0.0000
vn 0.9940 -0.1097 -0.0000
vn 0.9933 -0.1155 -0.0000
vn 0.9930 -0.1183 -0.0000
vn 1.0000 -0.0088 -0.0000
vn 0.9999 -0.0165 -0.0000
vn 0.9994 -0.0340 -0.0000
vn 0.9986 -0.0528 -0.0000
vn 0.9973 -0.0730 -0.0000
vn 0.9955 -0.0947 -0.0000
vn 0.9897 -0.1435 -0.0000
vn 0.9853 -0.1708 -0.0000
vn 0.9797 -0.2004 -0.0000
vn 0.9726 -0.2324 -0.0000
vn 0.9637 -0.2668 -0.0000
vn 0.3410 -0.9401 -0.0000
vn -0.5028 -0.8644 -0.0000
vn -0.5386 -0.8426 -0.0000
vn -0.5716 -0.8205 -0.0000
vn -0.6021 -0.7984 -0.0000
vn -0.6301 -0.7765 -0.0000
vn -0.6558 -0.7550 -0.0000
vn -0.6793 -0.7338 -0.0000
vn -0.7009 -0.7132 -0.0000
vn -0.7208 -0.6932 -0.0000
vn -0.7389 -0.6738 -0.0000
vn -0.7556 -0.6550 -0.0000
vn -0.7724 -0.6352 -0.0000
vn -0.7769 -0.6296 -0.0000
vn -0.7690 -0.6392 -0.0000
vn -0.7622 -0.6473 -0.0000
vn -0.7563 -0.6542 -0.0000
vn -0.7511 -0.6602 -0.0000
vn -0.7465 -0.6654 -0.0000
vn -0.7424 -0.6700 -0.0000
vn -0.7387 -0.6740 -0.0000
vn -0.7354 -0.6776 -0.0000
vn -0.7324 -0.6808 -0.0000
vn -0.7297 -0.6838 -0.0000
vn -0.9225 -0.3860 -0.0000
vn -0.9998 -0.0207 -0.0000
vn -0.9998 -0.0196 -0.0000
vn -0.9998 -0.0183 -0.0000
vn -0.9999 -0.0170 -0.0000
vn -0.9999 -0.0155 -0.0000
vn -0.9999 -0.0139 -0.0000
vn -0.9999 -0.0121 -0.0000
vn -1.0000 -0.0080 -0.0000
vn -1.0000 -0.0056 -0.0000
vn -1.0000 -0.0030 -0.0000
vn -1.0000 -0.0023 -0.0000
vn -1.0000 -0.0061 -0.0000
vn -0.9999 -0.0117 -0.0000
vn -0.9999 -0.0167 -0.0000
vn -0.9998 -0.0212 -0.0000
vn -0.9997 -0.0253 -0.0000
vn -0.9996 -0.0291 -0.0000
vn -0.9995 -0.0326 -0.0000
vn -0.9994 -0.0357 -0.0000
vn -0.9993 -0.0387 -0.0000
vn -0.9991 -0.0414 -0.0000
vn -0.9990 -0.0440 -0.0000
vn -0.9990 -0.0454 -0.0000
vn -0.9990 -0.0443 -0.0000
vn -0.9991 -0.0422 -0.0000
vn -0.9992 -0.0398 -0.0000
vn -0.9993 -0.0372 -0.0000
vn -0.9994 -0.0344 -0.0000
vn -0.9995 -0.0312 -0.0000
vn -0.9996 -0.0275 -0.0000
vn -0.9997 -0.0234 -0.0000
vn -0.9998 -0.0188 -0.0000
vn -0.9999 -0.0134 -0.0000
vn -1.0000 -0.0073 -0.0000
vn -0.9998 -0.0211 -0.0000
vn -0.9970 -0.0780 -0.0000
vn -0.9872 -0.1595 -0.0000
vn -0.9698 -0.2440 -0.0000
vn -0.9442 -0.3295 -0.0000
vn -0.9103 -0.4140 -0.0000
vn -0.8687 -0.4953 -0.0000
vn -0.8207 -0.5714 -0.0000
vn -0.7676 -0.6409 -0.0000
vn -0.7113 -0.7029 -0.0000
vn -0.6536 -0.7569 -0.0000
vn -0.5958 -0.8031 -0.0000
vn -0.5466 -0.8374 -0.0000
vn -0.5020 -0.8648 -0.0000
vn -0.4532 -0.8914 -0.0000
vn -0.4038 -0.9148 -0.0000
vn -0.3544 -0.9351 -0.0000
vn -0.3054 -0.9522 -0.0000
vn -0.2572 -0.9663 -0.0000
vn -0.2102 -0.9777 -0.0000
vn -0.1646 -0.9864 -0.0000
vn -0.1207 -0.9927 -0.0000
vn -0.0786 -0.9969 -0.0000
vn -0.0384 -0.9993 -0.0000
vn 0.0075 -1.0000 -0.0000
vn 0.0704 -0.9975 -0.0000
vn 0.1470 -0.9891 -0.0000
vn 0.2303 -0.9731 -0.0000
vn 0.3192 -0.9477 -0.0000
vn 0.4116 -0.9114 -0.0000
vn 0.5047 -0.8633 -0.0000
vn 0.5951 -0.8037 -0.0000
vn 0.6794 -0.7338 -0.0000
vn 0.7546 -0.6561 -0.0000
vn 0.8189 -0.5740 -0.0000
vn 0.8714 -0.4905 -0.0000
vn 0.9080 -0.4190 -0.0000
vn 0.9325 -0.3611 -0.0000
vn 0.9516 -0.3075 -0.0000
vn 0.9657 -0.2595 -0.0000
vn 0.9762 -0.2167 -0.0000
vn 0.9839 -0.1785 -0.0000
vn 0.9895 -0.1444 -0.0000
vn 0.9935 -0.1138 -0.0000
vn 0.9963 -0.0863 -0.0000
vn 0.9981 -0.0615 -0.0000
vn 0.9992 -0.0391 -0.0000
vn 0.9998 -0.0187 -0.0000
vn 1.0000 -0.0045 -0.0000
vn 1.0000 -0.0018 -0.0000
vn 1.0000 -0.0067 -0.0000
vn 0.9999 -0.0126 -0.0000
vn 0.9998 -0.0178 -0.0000
vn 0.9998 -0.0223 -0.0000
vn 0.9997 -0.0264 -0.0000
vn 0.9995 -0.0300 -0.0000
vn 0.9994 -0.0333 -0.0000
vn 0.9993 -0.0362 -0.0000
vn 0.9992 -0.0389 -0.0000
vn 0.9991 -0.0413 -0.0000
vn 0.9991 -0.0435 -0.0000
vn 0.9990 -0.0446 -0.0000
vn 1.0000 0.0065 -0.0000
vn 0.9994 0.0336 -0.0000
vn 0.9977 0.0681 -0.0000
vn 0.9946 0.1035 -0.0000
vn 0.9902 0.1397 -0.0000
vn 0.9843 0.1766 -0.0000
vn 0.9768 0.2139 -0.0000
vn 0.9678 0.2517 -0.0000
vn 0.9571 0.2896 -0.0000
vn 0.9448 0.3276 -0.0000
vn 0.9309 0.3654 -0.0000
vn 0.9153 0.4028 -0.0000
vn 0.8982 0.4397 -0.0000
vn 0.8734 0.4869 -0.0000
vn 0.8375 0.5465 -0.0000
vn 0.7928 0.6094 -0.0000
vn 0.7382 0.6746 -0.0000
vn 0.6726 0.7400 -0.0000
vn 0.5956 0.8033 -0.0000
vn 0.5078 0.8615 -0.0000
vn 0.4111 0.9116 -0.0000
vn 0.3085 0.9512 -0.0000
vn 0.2035 0.9791 -0.0000
vn 0.0998 0.9950 -0.0000
vn 0.0096 1.0000 -0.0000
vn -0.0599 0.9982 -0.0000
vn -0.1212 0.9926 -0.0000
vn -0.1832 0.9831 -0.0000
vn -0.2454 0.9694 -0.0000
vn -0.3070 0.9517 -0.0000
vn -0.3672 0.9301 -0.0000
vn -0.4253 0.9050 -0.0000
vn -0.4807 0.8769 -0.0000
vn -0.5329 0.8462 -0.0000
vn -0.5816 0.8135 -0.0000
vn -0.6266 0.7794 -0.0000
vn -0.6674 0.7447 -0.0000
vn -0.7057 0.7085 -0.0000
vn -0.7439 0.6682 -0.0000
vn -0.7825 0.6227 -0.0000
vn -0.8205 0.5716 -0.0000
vn -0.8574 0.5147 -0.0000
vn -0.8919 0.4522 -0.0000
vn -0.9232 0.3844 -0.0000
vn -0.9501 0.3120 -0.0000
vn -0.9718 0.2360 -0.0000
vn -0.9875 0.1577 -0.0000
vn -0.9969 0.0787 -0.0000
vn -0.3670 -0.9302 -0.0000
vn -0.3330 -0.9429 -0.0000
vn -0.3029 -0.9530 -0.0000
vn -0.2725 -0.9621 -0.0000
vn -0.2419 -0.9703 -0.0000
vn -0.2112 -0.9774 -0.0000
vn -0.1804 -0.9836 -0.0000
vn -0.1497 -0.9887 -0.0000
vn -0.1192 -0.9929 -0.0000
vn -0.0889 -0.9960 -0.0000
vn -0.0588 -0.9983 -0.0000
vn -0.0292 -0.9996 -0.0000
vn 0.0019 -1.0000 -0.0000
vn 0.0375 -0.9993 -0.0000
vn 0.0769 -0.9970 -0.0000
vn 0.1186 -0.9929 -0.0000
vn 0.1624 -0.9867 -0.0000
vn 0.2083 -0.9781 -0.0000
vn 0.2562 -0.9666 -0.0000
vn 0.3057 -0.9521 -0.0000
vn 0.3564 -0.9343 -0.0000
vn 0.4081 -0.9129 -0.0000
vn 0.4601 -0.8879 -0.0000
vn 0.5119 -0.8590 -0.0000
vn 0.5651 -0.8250 -0.0000
vn 0.6220 -0.7831 -0.0000
vn 0.6807 -0.7326 -0.0000
vn 0.7381 -0.6746 -0.0000
vn 0.7927 -0.6097 -0.0000
vn 0.8427 -0.5385 -0.0000
vn 0.8867 -0.4624 -0.0000
vn 0.9237 -0.3831 -0.0000
vn 0.9532 -0.3025 -0.0000
vn 0.9749 -0.2224 -0.0000
vn 0.9895 -0.1446 -0.0000
vn 0.9975 -0.0704 -0.0000
vn 1.0000 -0.0049 -0.0000
vn 0.9988 0.0498 -0.0000
vn 0.9948 0.1015 -0.0000
vn 0.9879 0.1552 -0.0000
vn 0.9776 0.2105 -0.0000
vn 0.9637 0.2670 -0.0000
vn 0.9461 0.3240 -0.0000
vn 0.9246 0.3809 -0.0000
vn 0.8994 0.4371 -0.0000
vn 0.8707 0.4918 -0.0000
vn 0.8387 0.5446 -0.0000
vn 0.8040 0.5947 -0.0000
vn 0.7644 0.6447 -0.0000
vn 0.7176 0.6965 -0.0000
vn 0.6640 0.7477 -0.0000
vn 0.6050 0.7962 -0.0000
vn 0.5413 0.8408 -0.0000
vn 0.4739 0.8806 -0.0000
vn 0.4039 0.9148 -0.0000
vn 0.3328 0.9430 -0.0000
vn 0.2619 0.9651 -0.0000
vn 0.1922 0.9813 -0.0000
vn 0.1250 0.9922 -0.0000
vn 0.0609 0.9981 -0.0000
vn 0.0087 1.0000 -0.0000
vn -0.0252 0.9997 -0.0000
vn -0.0517 0.9987 -0.0000
vn -0.0798 0.9968 -0.0000
vn -0.1094 0.9940 -0.0000
vn -0.1406 0.9901 -0.0000
vn -0.1735 0.9848 -0.0000
vn -0.2081 0.9781 -0.0000
vn -0.2443 0.9697 -0.0000
vn -0.2822 0.9593 -0.0000
vn -0.3217 0.9469 -0.0000
vn -0.3625 0.9320 -0.0000
vn -0.4102 0.9120 -0.0000
vn -0.4692 0.8831 -0.0000
vn -0.5353 0.8446 -0.0000
vn -0.6045 0.7966 -0.0000
vn -0.6752 0.7377 -0.0000
vn -0.7448 0.6673 -0.0000
vn -0.8105 0.5857 -0.0000
vn -0.8692 0.4944 -0.0000
vn -0.9183 0.3960 -0.0000
vn -0.9558 0.2939 -0.0000
vn -0.9814 0.1919 -0.0000
vn -0.9956 0.0934 -0.0000
vn -1.0000 -0.0032 -0.0000
vn -0.9945 -0.1043 -0.0000
vn -0.9780 -0.2086 -0.0000
vn -0.9507 -0.3101 -0.0000
vn -0.9141 -0.4055 -0.0000
vn -0.8703 -0.4926 -0.0000
vn -0.8217 -0.5699 -0.0000
vn -0.7707 -0.6372 -0.0000
vn -0.7192 -0.6948 -0.0000
vn -0.6688 -0.7435 -0.0000
vn -0.6204 -0.7843 -0.0000
vn -0.5747 -0.8184 -0.0000
vn -0.5354 -0.8446 -0.0000
vn -0.5045 -0.8634 -0.0000
vn -0.4599 -0.8880 -0.0000
vn -0.4435 -0.8963 -0.0000
vn -0.4298 -0.9029 -0.0000
vn -0.4182 -0.9084 -0.0000
vn -0.4082 -0.9129 -0.0000
vn -0.3995 -0.9167 -0.0000
vn -0.3919 -0.9200 -0.0000
vn -0.3851 -0.9229 -0.0000
vn -0.3792 -0.9253 -0.0000
vn -0.3745 -0.9272 -0.0000
vn -0.9772 -0.2125 -0.0000
vn -0.6734 0.7392 -0.0000
vn -0.6446 0.7645 -0.0000
vn -0.6148 0.7887 -0.0000
vn -0.5842 0.8116 -0.0000
vn -0.5529 0.8332 -0.0000
vn -0.5211 0.8535 -0.0000
vn -0.4890 0.8723 -0.0000
vn -0.4566 0.8896 -0.0000
vn -0.4242 0.9055 -0.0000
vn -0.3598 0.9330 -0.0000
vn -0.3281 0.9447 -0.0000
vn -0.2967 0.9550 -0.0000
vn -0.2660 0.9640 -0.0000
vn -0.2358 0.9718 -0.0000
vn -0.2064 0.9785 -0.0000
vn -0.1777 0.9841 -0.0000
vn -0.1497 0.9887 -0.0000
vn -0.1227 0.9924 -0.0000
vn -0.0710 0.9975 -0.0000
vn -0.0465 0.9989 -0.0000
vn -0.0229 0.9997 -0.0000
vn 0.0022 1.0000 -0.0000
vn 0.0321 0.9995 -0.0000
vn 0.0655 0.9979 -0.0000
vn 0.1006 0.9949 -0.0000
vn 0.1372 0.9905 -0.0000
vn 0.1754 0.9845 -0.0000
vn 0.2151 0.9766 -0.0000
vn 0.2560 0.9667 -0.0000
vn 0.2981 0.9545 -0.0000
vn 0.3412 0.9400 -0.0000
vn 0.3849 0.9230 -0.0000
vn 0.4290 0.9033 -0.0000
vn 0.4570 0.8895 -0.0000
vn 0.4528 0.8916 -0.0000
vn 0.4313 0.9022 -0.0000
vn 0.4073 0.9133 -0.0000
vn 0.3805 0.9248 -0.0000
vn 0.3505 0.9366 -0.0000
vn 0.3167 0.9485 -0.0000
vn 0.2786 0.9604 -0.0000
vn 0.2356 0.9719 -0.0000
vn 0.1868 0.9824 -0.0000
vn 0.1316 0.9913 -0.0000
vn 0.0692 0.9976 -0.0000
vn -0.0011 1.0000 -0.0000
vn -0.0817 0.9967 -0.0000
vn -0.1757 0.9845 -0.0000
vn -0.2840 0.9588 -0.0000
vn -0.4051 0.9143 -0.0000
vn -0.5340 0.8455 -0.0000
vn -0.6616 0.7499 -0.0000
vn -0.7765 0.6302 -0.0000
vn -0.8690 0.4949 -0.0000
vn -0.9346 0.3558 -0.0000
vn -0.9747 0.2235 -0.0000
vn -0.9945 0.1048 -0.0000
vn -1.0000 -0.0095 -0.0000
vn -0.9904 -0.1379 -0.0000
vn -0.9613 -0.2754 -0.0000
vn -0.9141 -0.4054 -0.0000
vn -0.8531 -0.5218 -0.0000
vn -0.7839 -0.6209 -0.0000
vn -0.7120 -0.7021 -0.0000
vn -0.6416 -0.7670 -0.0000
vn -0.5752 -0.8180 -0.0000
vn -0.5142 -0.8577 -0.0000
vn -0.4590 -0.8884 -0.0000
vn -0.4095 -0.9123 -0.0000
vn 0.9990 -0.0437 -0.0000
vn 0.4100 -0.9121 -0.0000
vn 0.3632 -0.9317 -0.0000
vn 0.3179 -0.9481 -0.0000
vn 0.2745 -0.9616 -0.0000
vn 0.2331 -0.9725 -0.0000
vn 0.1937 -0.9811 -0.0000
vn 0.1565 -0.9877 -0.0000
vn 0.1213 -0.9926 -0.0000
vn 0.0882 -0.9961 -0.0000
vn 0.0570 -0.9984 -0.0000
vn 0.0277 -0.9996 -0.0000
vn -0.0060 -1.0000 -0.0000
vn -0.0519 -0.9987 -0.0000
vn -0.1057 -0.9944 -0.0000
vn -0.1613 -0.9869 -0.0000
vn -0.2182 -0.9759 -0.0000
vn -0.2759 -0.9612 -0.0000
vn -0.3338 -0.9426 -0.0000
vn -0.3912 -0.9203 -0.0000
vn -0.4474 -0.8943 -0.0000
vn -0.5018 -0.8650 -0.0000
vn -0.5538 -0.8326 -0.0000
vn -0.6029 -0.7978 -0.0000
vn -0.6486 -0.7611 -0.0000
vn -0.6906 -0.7233 -0.0000
vn -0.7288 -0.6847 -0.0000
vn -0.7634 -0.6459 -0.0000
vn -0.7945 -0.6073 -0.0000
vn -0.8222 -0.5692 -0.0000
vn -0.8468 -0.5319 -0.0000
vn -0.8685 -0.4957 -0.0000
vn -0.8876 -0.4607 -0.0000
vn -0.9042 -0.4271 -0.0000
vn -0.9187 -0.3949 -0.0000
vn -0.9313 -0.3642 -0.0000
vn -0.6413 0.7673 -0.0000
vn 0.3661 0.9306 -0.0000
vn 0.3658 0.9307 -0.0000
vn 0.3654 0.9308 -0.0000
vn 0.3651 0.9310 -0.0000
vn 0.3648 0.9311 -0.0000
vn 0.3645 0.9312 -0.0000
vn 0.3642 0.9313 -0.0000
vn 0.3639 0.9314 -0.0000
vn 0.3636 0.9316 -0.0000
vn 0.3633 0.9317 -0.0000
vn 0.3630 0.9318 -0.0000
vn 0.3730 0.9278 -0.0000
vn 0.3869 0.9221 -0.0000
vn 0.3946 0.9189 -0.0000
vn 0.4028 0.9153 -0.0000
vn 0.4115 0.9114 -0.0000
vn 0.4208 0.9071 -0.0000
vn 0.4308 0.9025 -0.0000
vn 0.4415 0.8973 -0.0000
vn 0.4529 0.8915 -0.0000
vn 0.4786 0.8781 -0.0000
vn 0.4929 0.8701 -0.0000
vn -0.7856 -0.6188 -0.0000
vn -0.7449 -0.6671 -0.0000
vn -0.6956 -0.7184 -0.0000
vn -0.6401 -0.7683 -0.0000
vn -0.5785 -0.8156 -0.0000
vn -0.5117 -0.8592 -0.0000
vn -0.4406 -0.8977 -0.0000
vn -0.3664 -0.9305 -0.0000
vn -0.2907 -0.9568 -0.0000
vn -0.2149 -0.9766 -0.0000
vn -0.1406 -0.9901 -0.0000
vn -0.0688 -0.9976 -0.0000
vn -0.0058 -1.0000 -0.0000
vn 0.0448 -0.9990 -0.0000
vn 0.0913 -0.9958 -0.0000
vn 0.1397 -0.9902 -0.0000
vn 0.1897 -0.9819 -0.0000
vn 0.2409 -0.9706 -0.0000
vn 0.2930 -0.9561 -0.0000
vn 0.3455 -0.9384 -0.0000
vn 0.3978 -0.9175 -0.0000
vn 0.4496 -0.8932 -0.0000
vn 0.5002 -0.8659 -0.0000
vn 0.5491 -0.8358 -0.0000
vn 0.5980 -0.8015 -0.0000
vn 0.6488 -0.7609 -0.0000
vn 0.7005 -0.7136 -0.0000
vn 0.7515 -0.6597 -0.0000
vn 0.8006 -0.5992 -0.0000
vn 0.8464 -0.5326 -0.0000
vn 0.8875 -0.4607 -0.0000
vn 0.9230 -0.3848 -0.0000
vn 0.9519 -0.3065 -0.0000
vn 0.9738 -0.2273 -0.0000
vn 0.9888 -0.1490 -0.0000
vn 0.9973 -0.0731 -0.0000
vn 1.0000 -0.0034 -0.0000
vn 0.9983 0.0584 -0.0000
vn 0.9930 0.1178 -0.0000
vn 0.9841 0.1777 -0.0000
vn 0.9714 0.2374 -0.0000
vn 0.9551 0.2963 -0.0000
vn 0.9353 0.3538 -0.0000
vn 0.9124 0.4093 -0.0000
vn 0.8868 0.4621 -0.0000
vn 0.8589 0.5121 -0.0000
vn 0.8293 0.5588 -0.0000
vn 0.7984 0.6021 -0.0000
vn 0.7648 0.6442 -0.0000
vn 0.7243 0.6895 -0.0000
vn 0.6758 0.7371 -0.0000
vn 0.6217 0.7833 -0.0000
vn 0.5621 0.8271 -0.0000
vn 0.4976 0.8674 -0.0000
vn 0.3575 0.9339 -0.0000
vn 0.2108 0.9775 -0.0000
vn 0.1382 0.9904 -0.0000
vn 0.0678 0.9977 -0.0000
vn 0.0078 1.0000 -0.0000
vn -0.0366 0.9993 -0.0000
vn -0.0759 0.9971 -0.0000
vn -0.1186 0.9929 -0.0000
vn -0.1648 0.9863 -0.0000
vn -0.2147 0.9767 -0.0000
vn -0.2682 0.9634 -0.0000
vn -0.3251 0.9457 -0.0000
vn -0.3852 0.9228 -0.0000
vn -0.4479 0.8941 -0.0000
vn -0.5122 0.8588 -0.0000
vn -0.5771 0.8167 -0.0000
vn -0.6410 0.7675 -0.0000
vn -0.7025 0.7116 -0.0000
vn -0.7601 0.6498 -0.0000
vn -0.8122 0.5833 -0.0000
vn -0.8581 0.5135 -0.0000
vn -0.8970 0.4421 -0.0000
vn -0.9288 0.3706 -0.0000
vn -0.9538 0.3006 -0.0000
vn -0.9725 0.2330 -0.0000
vn -0.9856 0.1688 -0.0000
vn -0.9941 0.1085 -0.0000
vn -0.9986 0.0524 -0.0000
vn -1.0000 -0.0006 -0.0000
vn -0.9985 -0.0539 -0.0000
vn -0.9941 -0.1088 -0.0000
vn -0.9864 -0.1644 -0.0000
vn -0.9754 -0.2203 -0.0000
vn -0.9612 -0.2759 -0.0000
vn -0.9437 -0.3307 -0.0000
vn -0.9233 -0.3841 -0.0000
vn -0.9002 -0.4356 -0.0000
vn -0.8746 -0.4848 -0.0000
vn -0.8471 -0.5314 -0.0000
vn -0.8180 -0.5752 -0.0000
vn 0.6201 -0.7845 -0.0000
vn 0.5394 -0.8420 -0.0000
vn 0.4634 -0.8862 -0.0000
vn 0.3927 -0.9197 -0.0000
vn 0.3282 -0.9446 -0.0000
vn 0.2698 -0.9629 -0.0000
vn 0.2175 -0.9761 -0.0000
vn 0.1706 -0.9853 -0.0000
vn 0.1287 -0.9917 -0.0000
vn 0.0577 -0.9983 -0.0000
vn 0.0275 -0.9996 -0.0000
vn -0.0119 -0.9999 -0.0000
vn -0.0752 -0.9972 -0.0000
vn -0.1524 -0.9883 -0.0000
vn -0.2306 -0.9731 -0.0000
vn -0.3083 -0.9513 -0.0000
vn -0.3840 -0.9233 -0.0000
vn -0.4564 -0.8898 -0.0000
vn -0.5242 -0.8516 -0.0000
vn -0.5865 -0.8099 -0.0000
vn -0.6430 -0.7659 -0.0000
vn -0.6933 -0.7206 -0.0000
vn -0.7377 -0.6751 -0.0000
vn -0.7752 -0.6317 -0.0000
vn -0.8073 -0.5902 -0.0000
vn -0.8373 -0.5467 -0.0000
vn -0.8659 -0.5002 -0.0000
vn -0.8927 -0.4506 -0.0000
vn -0.9172 -0.3984 -0.0000
vn -0.9390 -0.3439 -0.0000
vn -0.9577 -0.2876 -0.0000
vn -0.9731 -0.2302 -0.0000
vn -0.9851 -0.1721 -0.0000
vn -0.9935 -0.1140 -0.0000
vn -0.9984 -0.0565 -0.0000
vn -1.0000 0.0041 -0.0000
vn -0.9973 0.0739 -0.0000
vn -0.9886 0.1508 -0.0000
vn -0.9732 0.2301 -0.0000
vn -0.9507 0.3101 -0.0000
vn -0.9212 0.3892 -0.0000
vn -0.8850 0.4657 -0.0000
vn -0.8430 0.5379 -0.0000
vn -0.7964 0.6047 -0.0000
vn -0.7466 0.6653 -0.0000
vn -0.6950 0.7190 -0.0000
vn -0.6428 0.7661 -0.0000
vn -0.5915 0.8063 -0.0000
vn -0.5409 0.8411 -0.0000
vn -0.4894 0.8720 -0.0000
vn -0.4369 0.8995 -0.0000
vn -0.3839 0.9234 -0.0000
vn -0.3310 0.9436 -0.0000
vn -0.2788 0.9603 -0.0000
vn -0.2278 0.9737 -0.0000
vn -0.1783 0.9840 -0.0000
vn -0.1306 0.9914 -0.0000
vn -0.0849 0.9964 -0.0000
vn -0.0415 0.9991 -0.0000
vn 0.0766 0.9971 -0.0000
vn 0.1556 0.9878 -0.0000
vn 0.2363 0.9717 -0.0000
vn 0.3169 0.9485 -0.0000
vn 0.3956 0.9184 -0.0000
vn 0.4710 0.8821 -0.0000
vn 0.5415 0.8407 -0.0000
vn 0.6062 0.7953 -0.0000
vn 0.6644 0.7474 -0.0000
vn 0.7159 0.6982 -0.0000
vn 0.7609 0.6488 -0.0000
vn 0.7977 0.6030 -0.0000
vn 0.8284 0.5602 -0.0000
vn 0.8570 0.5153 -0.0000
vn 0.8837 0.4681 -0.0000
vn 0.9081 0.4187 -0.0000
vn 0.9300 0.3675 -0.0000
vn 0.9491 0.3150 -0.0000
vn 0.9651 0.2618 -0.0000
vn 0.9781 0.2082 -0.0000
vn 0.9879 0.1548 -0.0000
vn 0.9948 0.1020 -0.0000
vn 0.9987 0.0504 -0.0000
vn 1.0000 0.0019 -0.0000
vn 0.9990 -0.0438 -0.0000
vn 0.9958 -0.0917 -0.0000
vn 0.9792 -0.2028 -0.0000
vn 0.9639 -0.2663 -0.0000
vn 0.9422 -0.3351 -0.0000
vn 0.9128 -0.4084 -0.0000
vn 0.8744 -0.4852 -0.0000
vn 0.8260 -0.5636 -0.0000
vn 0.7672 -0.6414 -0.0000
vn 0.6983 -0.7158 -0.0000
vn -0.8964 -0.4432 -0.0000
vn -0.8956 -0.4448 -0.0000
vn -0.8948 -0.4464 -0.0000
vn -0.8939 -0.4482 -0.0000
vn -0.8930 -0.4502 -0.0000
vn -0.8919 -0.4523 -0.0000
vn -0.8907 -0.4546 -0.0000
vn -0.8894 -0.4572 -0.0000
vn -0.8879 -0.4600 -0.0000
vn -0.8863 -0.4632 -0.0000
vn -0.8844 -0.4668 -0.0000
vn -0.8823 -0.4708 -0.0000
vn -0.9499 -0.3125 -0.0000
vn -0.9854 -0.1700 -0.0000
vn -0.9727 -0.2321 -0.0000
vn -0.9555 -0.2951 -0.0000
vn -0.9335 -0.3585 -0.0000
vn -0.9069 -0.4213 -0.0000
vn -0.8759 -0.4824 -0.0000
vn -0.8409 -0.5412 -0.0000
vn -0.8024 -0.5968 -0.0000
vn -0.7611 -0.6486 -0.0000
vn -0.7179 -0.6962 -0.0000
vn -0.6734 -0.7393 -0.0000
vn -0.6277 -0.7784 -0.0000
vn -0.5798 -0.8148 -0.0000
vn -0.5290 -0.8486 -0.0000
vn -0.4761 -0.8794 -0.0000
vn -0.4216 -0.9068 -0.0000
vn -0.3662 -0.9306 -0.0000
vn -0.3105 -0.9506 -0.0000
vn -0.2551 -0.9669 -0.0000
vn -0.2007 -0.9797 -0.0000
vn -0.1476 -0.9890 -0.0000
vn -0.0964 -0.9953 -0.0000
vn -0.0472 -0.9989 -0.0000
vn 0.0084 -1.0000 -0.0000
vn 0.0825 -0.9966 -0.0000
vn 0.1709 -0.9853 -0.0000
vn 0.2646 -0.9644 -0.0000
vn 0.3612 -0.9325 -0.0000
vn 0.4578 -0.8891 -0.0000
vn 0.5508 -0.8347 -0.0000
vn 0.6369 -0.7709 -0.0000
vn 0.7138 -0.7004 -0.0000
vn 0.7797 -0.6261 -0.0000
vn 0.8345 -0.5510 -0.0000
vn 0.8787 -0.4774 -0.0000
vn 0.9063 -0.4227 -0.0000
vn 0.9142 -0.4052 -0.0000
vn 0.9135 -0.4069 -0.0000
vn 0.9128 -0.4085 -0.0000
vn 0.9122 -0.4098 -0.0000
vn 0.9116 -0.4110 -0.0000
vn 0.9112 -0.4121 -0.0000
vn 0.9107 -0.4130 -0.0000
vn 0.9103 -0.4139 -0.0000
vn 0.9100 -0.4146 -0.0000
vn 0.9097 -0.4153 -0.0000
vn 0.9094 -0.4160 -0.0000
vn 0.9090 -0.4168 -0.0000
vn 0.9150 -0.4034 -0.0000
vn 0.9271 -0.3748 -0.0000
vn 0.9388 -0.3445 -0.0000
vn 0.9499 -0.3126 -0.0000
vn 0.9603 -0.2788 -0.0000
vn 0.9699 -0.2434 -0.0000
vn 0.9785 -0.2065 -0.0000
vn 0.9858 -0.1678 -0.0000
vn 0.9990 -0.0436 -0.0000
vn 1.0000 0.0077 -0.0000
vn 0.9971 0.0760 -0.0000
vn 0.9880 0.1542 -0.0000
vn 0.9723 0.2337 -0.0000
vn 0.9498 0.3129 -0.0000
vn 0.9208 0.3900 -0.0000
vn 0.8860 0.4637 -0.0000
vn 0.8463 0.5327 -0.0000
vn 0.8030 0.5960 -0.0000
vn 0.7572 0.6531 -0.0000
vn 0.7103 0.7039 -0.0000
vn 0.6632 0.7485 -0.0000
vn 0.6177 0.7864 -0.0000
vn 0.5737 0.8191 -0.0000
vn 0.5283 0.8491 -0.0000
vn 0.4802 0.8771 -0.0000
vn 0.4299 0.9029 -0.0000
vn 0.3775 0.9260 -0.0000
vn 0.3237 0.9461 -0.0000
vn 0.2690 0.9631 -0.0000
vn 0.2140 0.9768 -0.0000
vn 0.1591 0.9873 -0.0000
vn 0.1048 0.9945 -0.0000
vn 0.0518 0.9987 -0.0000
vn -0.0050 1.0000 -0.0000
vn -0.0736 0.9973 -0.0000
vn -0.1526 0.9883 -0.0000
vn -0.2369 0.9715 -0.0000
vn -0.4149 0.9099 -0.0000
vn -0.5037 0.8639 -0.0000
vn -0.5887 0.8083 -0.0000
vn -0.6672 0.7449 -0.0000
vn -0.7371 0.6758 -0.0000
vn -0.7973 0.6036 -0.0000
vn -0.8476 0.5307 -0.0000
vn -0.8816 0.4720 -0.0000
vn -0.8972 0.4415 -0.0000
vn -0.9041 0.4273 -0.0000
vn -0.9091 0.4167 -0.0000
vn -0.9128 0.4085 -0.0000
vn -0.9157 0.4020 -0.0000
vn -0.9180 0.3967 -0.0000
vn -0.9199 0.3922 -0.0000
vn -0.9214 0.3885 -0.0000
vn -0.9228 0.3853 -0.0000
vn -0.9239 0.3826 -0.0000
vn -0.9249 0.3802 -0.0000
vn -0.0354 0.9994 -0.0000
vn 0.8925 0.4510 -0.0000
vn 0.8960 0.4440 -0.0000
vn 0.8990 0.4379 -0.0000
vn 0.9016 0.4325 -0.0000
vn 0.9039 0.4277 -0.0000
vn 0.9059 0.4235 -0.0000
vn 0.9077 0.4197 -0.0000
vn 0.9092 0.4163 -0.0000
vn 0.9107 0.4131 -0.0000
vn 0.9119 0.4103 -0.0000
vn 0.9131 0.4077 -0.0000
vn 0.9203 0.3912 -0.0000
vn 0.9252 0.3795 -0.0000
vn 0.9223 0.3864 -0.0000
vn 0.9198 0.3925 -0.0000
vn 0.9175 0.3978 -0.0000
vn 0.9153 0.4027 -0.0000
vn 0.9134 0.4070 -0.0000
vn 0.9117 0.4109 -0.0000
vn 0.9101 0.4145 -0.0000
vn 0.9086 0.4177 -0.0000
vn 0.9072 0.4207 -0.0000
vn 0.9059 0.4234 -0.0000
vn 0.8800 0.4750 -0.0000
vn 0.8309 0.5564 -0.0000
vn 0.7830 0.6220 -0.0000
vn 0.7262 0.6875 -0.0000
vn 0.6603 0.7510 -0.0000
vn 0.5863 0.8101 -0.0000
vn 0.5053 0.8630 -0.0000
vn 0.4195 0.9078 -0.0000
vn 0.3314 0.9435 -0.0000
vn 0.2434 0.9699 -0.0000
vn 0.1579 0.9874 -0.0000
vn 0.0060 1.0000 -0.0000
vn -0.0511 0.9987 -0.0000
vn -0.1035 0.9946 -0.0000
vn -0.1570 0.9876 -0.0000
vn -0.2113 0.9774 -0.0000
vn -0.2657 0.9640 -0.0000
vn -0.3199 0.9475 -0.0000
vn -0.3732 0.9278 -0.0000
vn -0.4251 0.9051 -0.0000
vn -0.4753 0.8798 -0.0000
vn -0.5232 0.8522 -0.0000
vn -0.5685 0.8227 -0.0000
vn -0.6129 0.7901 -0.0000
vn -0.6596 0.7516 -0.0000
vn -0.7081 0.7061 -0.0000
vn -0.7563 0.6543 -0.0000
vn -0.8029 0.5960 -0.0000
vn -0.8469 0.5317 -0.0000
vn -0.8870 0.4618 -0.0000
vn -0.9219 0.3874 -0.0000
vn -0.9507 0.3100 -0.0000
vn -0.9729 0.2310 -0.0000
vn -0.9884 0.1522 -0.0000
vn -0.9972 0.0748 -0.0000
vn -0.9984 -0.0563 -0.0000
vn -0.9766 -0.2149 -0.0000
vn -0.9510 -0.3092 -0.0000
vn -0.9351 -0.3543 -0.0000
vn -0.9247 -0.3807 -0.0000
vn -0.9173 -0.3981 -0.0000
vn -0.9119 -0.4104 -0.0000
vn -0.9077 -0.4196 -0.0000
vn -0.9044 -0.4267 -0.0000
vn -0.9017 -0.4323 -0.0000
vn -0.8995 -0.4369 -0.0000
vn -0.8976 -0.4407 -0.0000
vn 0.3565 -0.9343 -0.0000
vn 0.5650 -0.8251 -0.0000
vn 0.9532 -0.3024 -0.0000
vn 1.0000 -0.0050 -0.0000
vn 0.7175 0.6965 -0.0000
vn 0.2618 0.9651 -0.0000
vn -0.5353 0.8447 -0.0000
vn -0.9780 -0.2087 -0.0000
vn -0.5747 -0.8183 -0.0000
vn -0.6734 0.7393 -0.0000
vn -0.4567 0.8896 -0.0000
vn -0.4242 0.9056 -0.0000
vn -0.9747 0.2236 -0.0000
vn -0.8875 -0.4607 -0.0000
vn 0.3657 0.9307 -0.0000
vn -0.9998 0.0176 -0.0000
vn -1.0000 -0.0019 -0.0000
vn -1.0000 -0.0042 -0.0000
vn -1.0000 -0.0067 -0.0000
vn -1.0000 -0.0094 -0.0000
vn -0.9999 -0.0126 -0.0000
vn -0.9999 -0.0165 -0.0000
vn -0.9996 -0.0266 -0.0000
vn -0.9994 -0.0336 -0.0000
vn -0.9986 -0.0537 -0.0000
vn -0.9966 -0.0828 -0.0000
vn -0.9887 -0.1500 -0.0000
vn -0.9692 -0.2463 -0.0000
vn -0.9350 -0.3546 -0.0000
vn -0.8816 -0.4720 -0.0000
vn -0.8054 -0.5927 -0.0000
vn -0.7062 -0.7080 -0.0000
vn -0.5882 -0.8087 -0.0000
vn -0.4596 -0.8881 -0.0000
vn -0.3303 -0.9439 -0.0000
vn -0.2081 -0.9781 -0.0000
vn -0.0980 -0.9952 -0.0000
vn -0.0028 -1.0000 -0.0000
vn 0.0867 -0.9962 -0.0000
vn 0.1862 -0.9825 -0.0000
vn 0.3000 -0.9539 -0.0000
vn 0.4257 -0.9049 -0.0000
vn 0.5568 -0.8306 -0.0000
vn 0.6835 -0.7299 -0.0000
vn 0.7944 -0.6073 -0.0000
vn 0.8812 -0.4727 -0.0000
vn 0.9413 -0.3375 -0.0000
vn 0.9775 -0.2111 -0.0000
vn 0.9951 -0.0987 -0.0000
vn 0.9987 -0.0504 -0.0000
vn 0.5799 -0.8147 -0.0000
vn -0.2048 -0.9788 -0.0000
vn -0.2689 -0.9632 -0.0000
vn -0.3361 -0.9418 -0.0000
vn -0.4055 -0.9141 -0.0000
vn -0.4759 -0.8795 -0.0000
vn -0.5459 -0.8379 -0.0000
vn -0.6138 -0.7894 -0.0000
vn -0.6782 -0.7349 -0.0000
vn -0.7375 -0.6754 -0.0000
vn -0.7907 -0.6122 -0.0000
vn -0.8372 -0.5469 -0.0000
vn -0.9633 -0.2684 -0.0000
vn -0.9999 -0.0148 -0.0000
vn -0.9912 -0.1323 -0.0000
vn -0.9794 -0.2021 -0.0000
vn -0.9620 -0.2730 -0.0000
vn -0.9390 -0.3440 -0.0000
vn -0.9103 -0.4139 -0.0000
vn -0.8765 -0.4814 -0.0000
vn -0.8382 -0.5454 -0.0000
vn -0.7962 -0.6050 -0.0000
vn -0.7515 -0.6597 -0.0000
vn -0.7051 -0.7091 -0.0000
vn -0.6576 -0.7534 -0.0000
vn -0.6079 -0.7940 -0.0000
vn -0.5551 -0.8318 -0.0000
vn -0.4998 -0.8662 -0.0000
vn -0.4425 -0.8967 -0.0000
vn -0.3841 -0.9233 -0.0000
vn -0.3254 -0.9456 -0.0000
vn -0.2670 -0.9637 -0.0000
vn -0.2097 -0.9778 -0.0000
vn -0.1539 -0.9881 -0.0000
vn -0.1003 -0.9950 -0.0000
vn -0.0490 -0.9988 -0.0000
vn 0.0004 -1.0000 -0.0000
vn 0.0511 -0.9987 -0.0000
vn 0.1055 -0.9944 -0.0000
vn 0.1633 -0.9866 -0.0000
vn 0.2244 -0.9745 -0.0000
vn 0.2883 -0.9575 -0.0000
vn 0.3541 -0.9352 -0.0000
vn 0.4210 -0.9070 -0.0000
vn 0.4879 -0.8729 -0.0000
vn 0.5534 -0.8329 -0.0000
vn 0.6163 -0.7875 -0.0000
vn 0.6754 -0.7375 -0.0000
vn 0.7204 -0.6935 -0.0000
vn 0.7591 -0.6509 -0.0000
vn 0.8013 -0.5982 -0.0000
vn 0.8405 -0.5419 -0.0000
vn 0.8759 -0.4825 -0.0000
vn 0.9071 -0.4208 -0.0000
vn 0.9337 -0.3579 -0.0000
vn 0.9556 -0.2947 -0.0000
vn 0.9727 -0.2320 -0.0000
vn 0.9853 -0.1706 -0.0000
vn 0.9938 -0.1112 -0.0000
vn 0.9985 -0.0543 -0.0000
vn 0.9999 -0.0132 -0.0000
vn 1.0000 0.0014 -0.0000
vn 1.0000 0.0053 -0.0000
vn 0.9999 0.0101 -0.0000
vn 0.9999 0.0142 -0.0000
vn 0.9998 0.0177 -0.0000
vn 0.9998 0.0209 -0.0000
vn 0.9997 0.0238 -0.0000
vn 0.9997 0.0263 -0.0000
vn 0.9996 0.0286 -0.0000
vn 0.9995 0.0307 -0.0000
vn 0.9995 0.0325 -0.0000
vn 0.9994 0.0341 -0.0000
vn 0.9994 0.0350 -0.0000
vn 0.9994 0.0342 -0.0000
vn 0.9996 0.0285 -0.0000
vn 0.9999 0.0152 -0.0000
vn 0.9984 0.0567 -0.0000
vn 0.9933 0.1157 -0.0000
vn 0.9842 0.1770 -0.0000
vn 0.9708 0.2398 -0.0000
vn 0.9528 0.3035 -0.0000
vn 0.9301 0.3672 -0.0000
vn 0.9029 0.4299 -0.0000
vn 0.8713 0.4908 -0.0000
vn 0.8358 0.5490 -0.0000
vn 0.7972 0.6038 -0.0000
vn 0.7560 0.6546 -0.0000
vn 0.7102 0.7040 -0.0000
vn 0.6563 0.7545 -0.0000
vn 0.5958 0.8032 -0.0000
vn 0.5323 0.8466 -0.0000
vn 0.4670 0.8842 -0.0000
vn 0.4013 0.9160 -0.0000
vn 0.3362 0.9418 -0.0000
vn 0.2727 0.9621 -0.0000
vn 0.2118 0.9773 -0.0000
vn 0.1538 0.9881 -0.0000
vn 0.0991 0.9951 -0.0000
vn 0.0480 0.9988 -0.0000
vn -0.0084 1.0000 -0.0000
vn -0.0845 0.9964 -0.0000
vn -0.2819 0.9594 -0.0000
vn -0.3928 0.9196 -0.0000
vn -0.5065 0.8623 -0.0000
vn -0.6169 0.7870 -0.0000
vn -0.7176 0.6964 -0.0000
vn -0.8034 0.5954 -0.0000
vn -0.8716 0.4902 -0.0000
vn -0.9222 0.3867 -0.0000
vn -0.9573 0.2892 -0.0000
vn -0.3286 0.9445 -0.0000
vn 0.5203 0.8540 -0.0000
vn 0.4779 0.8784 -0.0000
vn 0.4336 0.9011 -0.0000
vn 0.3876 0.9218 -0.0000
vn 0.3402 0.9404 -0.0000
vn 0.2917 0.9565 -0.0000
vn 0.2426 0.9701 -0.0000
vn 0.1932 0.9812 -0.0000
vn 0.1439 0.9896 -0.0000
vn 0.0950 0.9955 -0.0000
vn 0.0470 0.9989 -0.0000
vn -0.0146 0.9999 -0.0000
vn -0.1113 0.9938 -0.0000
vn -0.2368 0.9716 -0.0000
vn -0.3748 0.9271 -0.0000
vn -0.5173 0.8558 -0.0000
vn -0.6525 0.7578 -0.0000
vn -0.7690 0.6392 -0.0000
vn -0.8595 0.5112 -0.0000
vn -0.9229 0.3849 -0.0000
vn -0.9633 0.2684 -0.0000
vn -0.9862 0.1655 -0.0000
vn -0.9970 0.0768 -0.0000
vt 0.934066 0.000000
vt 0.945055 0.000000
vt 0.939560 0.000000
vt 0.928571 0.000000
vt 0.950549 0.000000
vt 0.923077 0.000000
vt 0.956044 0.000000
vt 0.917582 0.000000
vt 0.912088 0.000000
vt 0.961538 0.000000
vt 0.802198 0.000000
vt 0.813187 0.000000
vt 0.807692 0.000000
vt 0.796703 0.000000
vt 0.818681 0.000000
vt 0.791209 0.000000
vt 0.785714 0.000000
vt 0.824176 0.000000
vt 0.780220 0.000000
vt 0.906593 0.000000
vt 0.774725 0.000000
vt 0.829670 0.000000
vt 0.769231 0.000000
vt 0.967033 0.000000
vt 0.835165 0.000000
vt 0.763736 0.000000
vt 0.901099 0.000000
vt 0.758242 0.000000
vt 0.840659 0.000000
vt 0.752747 0.000000
vt 0.747253 0.000000
vt 0.895604 0.000000
vt 0.972527 0.000000
vt 0.846154 0.000000
vt 0.741758 0.000000
vt 0.736264 0.000000
vt 0.851648 0.000000
vt 0.890110 0.000000
vt 0.730769 0.000000
vt 0.978022 0.000000
vt 0.725275 0.000000
vt 0.857143 0.000000
vt 0.884615 0.000000
vt 0.719780 0.000000
vt 0.862637 0.000000
vt 0.714286 0.000000
vt 0.708791 0.000000
vt 0.983516 0.000000
vt 0.879121 0.000000
vt 0.868132 0.000000
vt 0.703297 0.000000
vt 0.697802 0.000000
vt 0.873626 0.000000
vt 0.692308 0.000000
vt 0.989011 0.000000
vt 0.686813 0.000000
vt 0.681319 0.000000
vt 0.675824 0.000000
vt 0.670330 0.000000
vt 0.994505 0.000000
vt 0.664835 0.000000
vt 0.659341 0.000000
vt 0.653846 0.000000
vt 0.648352 0.000000
vt 0.642857 0.000000
vt 1.000000 0.000000
vt 0.637363 0.000000
vt 0.631868 0.000000
vt 0.626374 0.000000
vt 0.620879 0.000000
vt 0.615385 0.000000
vt 0.203297 0.000000
vt 0.000000 0.000000
vt 0.609890 0.000000
vt 0.604396 0.000000
vt 0.598901 0.000000
vt 0.208791 0.000000
vt 0.197802 0.000000
vt 0.593407 0.000000
vt 0.214286 0.000000
vt 0.005495 0.000000
vt 0.587912 0.000000
vt 0.219780 0.000000
vt 0.010989 0.000000
vt 0.582418 0.000000
vt 0.016484 0.000000
vt 0.225275 0.000000
vt 0.576923 0.000000
vt 0.021978 0.000000
vt 0.571429 0.000000
vt 0.027473 0.000000
vt 0.230769 0.000000
vt 0.032967 0.000000
vt 0.565934 0.000000
vt 0.038462 0.000000
vt 0.560440 0.000000
vt 0.236264 0.000000
vt 0.043956 0.000000
vt 0.554945 0.000000
vt 0.049451 0.000000
vt 0.054945 0.000000
vt 0.549451 0.000000
vt 0.060440 0.000000
vt 0.543956 0.000000
vt 0.065934 0.000000
vt 0.241758 0.000000
vt 0.071429 0.000000
vt 0.538462 0.000000
vt 0.269231 0.000000
vt 0.263736 0.000000
vt 0.258242 0.000000
vt 0.252747 0.000000
vt 0.247253 0.000000
vt 0.192308 0.000000
vt 0.076923 0.000000
vt 0.186813 0.000000
vt 0.082418 0.000000
vt 0.181319 0.000000
vt 0.087912 0.000000
vt 0.175824 0.000000
vt 0.093407 0.000000
vt 0.170330 0.000000
vt 0.098901 0.000000
vt 0.164835 0.000000
vt 0.104396 0.000000
vt 0.159341 0.000000
vt 0.109890 0.000000
vt 0.153846 0.000000
vt 0.115385 0.000000
vt 0.148352 0.000000
vt 0.120879 0.000000
vt 0.142857 0.000000
vt 0.126374 0.000000
vt 0.137363 0.000000
vt 0.131868 0.000000
vt 0.274725 0.000000
vt 0.532967 0.000000
vt 0.280220 0.000000
vt 0.527473 0.000000
vt 0.285714 0.000000
vt 0.521978 0.000000
vt 0.291209 0.000000
vt 0.516484 0.000000
vt 0.296703 0.000000
vt 0.510989 0.000000
vt 0.302198 0.000000
vt 0.505495 0.000000
vt 0.307692 0.000000
vt 0.500000 0.000000
vt 0.313187 0.000000
vt 0.494505 0.000000
vt 0.318681 0.000000
vt 0.489011 0.000000
vt 0.324176 0.000000
vt 0.483516 0.000000
vt 0.329670 0.000000
vt 0.478022 0.000000
vt 0.335165 0.000000
vt 0.472527 0.000000
vt 0.340659 0.000000
vt 0.467033 0.000000
vt 0.346154 0.000000
vt 0.461538 0.000000
vt 0.351648 0.000000
vt 0.456044 0.000000
vt 0.357143 0.000000
vt 0.450549 0.000000
vt 0.362637 0.000000
vt 0.445055 0.000000
vt 0.368132 0.000000
vt 0.439560 0.000000
vt 0.373626 0.000000
vt 0.434066 0.000000
vt 0.379121 0.000000
vt 0.428571 0.000000
vt 0.384615 0.000000
vt 0.423077 0.000000
vt 0.390110 0.000000
vt 0.417582 0.000000
vt 0.395604 0.000000
vt 0.412088 0.000000
vt 0.401099 0.000000
vt 0.406593 0.000000
vt 0.245833 0.000000
vt 0.254167 0.000000
vt 0.250000 0.000000
vt 0.258333 0.000000
vt 0.241667 0.000000
vt 0.262500 0.000000
vt 0.266667 0.000000
vt 0.237500 0.000000
vt 0.270833 0.000000
vt 0.275000 0.000000
vt 0.233333 0.000000
vt 0.279167 0.000000
vt 0.283333 0.000000
vt 0.229167 0.000000
vt 0.287500 0.000000
vt 0.291667 0.000000
vt 0.225000 0.000000
vt 0.295833 0.000000
vt 0.300000 0.000000
vt 0.220833 0.000000
vt 0.304167 0.000000
vt 0.216667 0.000000
vt 0.308333 0.000000
vt 0.312500 0.000000
vt 0.212500 0.000000
vt 0.316667 0.000000
vt 0.208333 0.000000
vt 0.320833 0.000000
vt 0.325000 0.000000
vt 0.204167 0.000000
vt 0.329167 0.000000
vt 0.200000 0.000000
vt 0.333333 0.000000
vt 0.337500 0.000000
vt 0.195833 0.000000
vt 0.341667 0.000000
vt 0.191667 0.000000
vt 0.808333 0.000000
vt 0.804167 0.000000
vt 0.800000 0.000000
vt 0.345833 0.000000
vt 0.795833 0.000000
vt 0.812500 0.000000
vt 0.791667 0.000000
vt 0.816667 0.000000
vt 0.787500 0.000000
vt 0.820833 0.000000
vt 0.783333 0.000000
vt 0.779167 0.000000
vt 0.825000 0.000000
vt 0.775000 0.000000
vt 0.829167 0.000000
vt 0.187500 0.000000
vt 0.770833 0.000000
vt 0.833333 0.000000
vt 0.766667 0.000000
vt 0.350000 0.000000
vt 0.837500 0.000000
vt 0.762500 0.000000
vt 0.758333 0.000000
vt 0.841667 0.000000
vt 0.754167 0.000000
vt 0.845833 0.000000
vt 0.850000 0.000000
vt 0.354167 0.000000
vt 0.183333 0.000000
vt 0.995833 0.000000
vt 0.854167 0.000000
vt 0.991667 0.000000
vt 0.858333 0.000000
vt 0.358333 0.000000
vt 0.987500 0.000000
vt 0.862500 0.000000
vt 0.983333 0.000000
vt 0.179167 0.000000
vt 0.362500 0.000000
vt 0.979167 0.000000
vt 0.866667 0.000000
vt 0.975000 0.000000
vt 0.870833 0.000000
vt 0.366667 0.000000
vt 0.970833 0.000000
vt 0.875000 0.000000
vt 0.966667 0.000000
vt 0.175000 0.000000
vt 0.370833 0.000000
vt 0.962500 0.000000
vt 0.879167 0.000000
vt 0.958333 0.000000
vt 0.375000 0.000000
vt 0.883333 0.000000
vt 0.954167 0.000000
vt 0.170833 0.000000
vt 0.379167 0.000000
vt 0.950000 0.000000
vt 0.887500 0.000000
vt 0.945833 0.000000
vt 0.383333 0.000000
vt 0.941667 0.000000
vt 0.891667 0.000000
vt 0.937500 0.000000
vt 0.387500 0.000000
vt 0.166667 0.000000
vt 0.933333 0.000000
vt 0.895833 0.000000
vt 0.929167 0.000000
vt 0.391667 0.000000
vt 0.925000 0.000000
vt 0.920833 0.000000
vt 0.900000 0.000000
vt 0.395833 0.000000
vt 0.916667 0.000000
vt 0.162500 0.000000
vt 0.912500 0.000000
vt 0.400000 0.000000
vt 0.904167 0.000000
vt 0.908333 0.000000
vt 0.404167 0.000000
vt 0.408333 0.000000
vt 0.412500 0.000000
vt 0.158333 0.000000
vt 0.416667 0.000000
vt 0.420833 0.000000
vt 0.425000 0.000000
vt 0.429167 0.000000
vt 0.433333 0.000000
vt 0.154167 0.000000
vt 0.437500 0.000000
vt 0.441667 0.000000
vt 0.445833 0.000000
vt 0.150000 0.000000
vt 0.450000 0.000000
vt 0.454167 0.000000
vt 0.145833 0.000000
vt 0.141667 0.000000
vt 0.137500 0.000000
vt 0.133333 0.000000
vt 0.458333 0.000000
vt 0.650000 0.000000
vt 0.658333 0.000000
vt 0.654167 0.000000
vt 0.645833 0.000000
vt 0.662500 0.000000
vt 0.641667 0.000000
vt 0.666667 0.000000
vt 0.637500 0.000000
vt 0.633333 0.000000
vt 0.670833 0.000000
vt 0.462500 0.000000
vt 0.629167 0.000000
vt 0.675000 0.000000
vt 0.625000 0.000000
vt 0.466667 0.000000
vt 0.620833 0.000000
vt 0.679167 0.000000
vt 0.129167 0.000000
vt 0.616667 0.000000
vt 0.470833 0.000000
vt 0.683333 0.000000
vt 0.612500 0.000000
vt 0.475000 0.000000
vt 0.608333 0.000000
vt 0.687500 0.000000
vt 0.479167 0.000000
vt 0.604167 0.000000
vt 0.691667 0.000000
vt 0.483333 0.000000
vt 0.600000 0.000000
vt 0.125000 0.000000
vt 0.487500 0.000000
vt 0.695833 0.000000
vt 0.491667 0.000000
vt 0.595833 0.000000
vt 0.495833 0.000000
vt 0.591667 0.000000
vt 0.700000 0.000000
vt 0.587500 0.000000
vt 0.504167 0.000000
vt 0.508333 0.000000
vt 0.583333 0.000000
vt 0.120833 0.000000
vt 0.512500 0.000000
vt 0.704167 0.000000
vt 0.579167 0.000000
vt 0.516667 0.000000
vt 0.520833 0.000000
vt 0.575000 0.000000
vt 0.525000 0.000000
vt 0.570833 0.000000
vt 0.529167 0.000000
vt 0.533333 0.000000
vt 0.566667 0.000000
vt 0.537500 0.000000
vt 0.562500 0.000000
vt 0.708333 0.000000
vt 0.541667 0.000000
vt 0.545833 0.000000
vt 0.558333 0.000000
vt 0.550000 0.000000
vt 0.554167 0.000000
vt 0.116667 0.000000
vt 0.712500 0.000000
vt 0.112500 0.000000
vt 0.716667 0.000000
vt 0.720833 0.000000
vt 0.108333 0.000000
vt 0.725000 0.000000
vt 0.104167 0.000000
vt 0.729167 0.000000
vt 0.733333 0.000000
vt 0.100000 0.000000
vt 0.737500 0.000000
vt 0.095833 0.000000
vt 0.741667 0.000000
vt 0.745833 0.000000
vt 0.091667 0.000000
vt 0.750000 0.000000
vt 0.087500 0.000000
vt 0.083333 0.000000
vt 0.004167 0.000000
vt 0.079167 0.000000
vt 0.008333 0.000000
vt 0.012500 0.000000
vt 0.075000 0.000000
vt 0.016667 0.000000
vt 0.070833 0.000000
vt 0.020833 0.000000
vt 0.025000 0.000000
vt 0.066667 0.000000
vt 0.029167 0.000000
vt 0.062500 0.000000
vt 0.033333 0.000000
vt 0.058333 0.000000
vt 0.037500 0.000000
vt 0.041667 0.000000
vt 0.054167 0.000000
vt 0.045833 0.000000
vt 0.050000 0.000000
vt 0.497382 0.000000
vt 0.507853 0.000000
vt 0.502618 0.000000
vt 0.492147 0.000000
vt 0.513089 0.000000
vt 0.486911 0.000000
vt 0.518325 0.000000
vt 0.481675 0.000000
vt 0.476440 0.000000
vt 0.523560 0.000000
vt 0.811518 0.000000
vt 0.821990 0.000000
vt 0.816754 0.000000
vt 0.827225 0.000000
vt 0.471204 0.000000
vt 0.806283 0.000000
vt 0.832461 0.000000
vt 0.801047 0.000000
vt 0.837696 0.000000
vt 0.528796 0.000000
vt 0.465969 0.000000
vt 0.842932 0.000000
vt 0.795812 0.000000
vt 0.848168 0.000000
vt 0.460733 0.000000
vt 0.534031 0.000000
vt 0.790576 0.000000
vt 0.853403 0.000000
vt 0.455497 0.000000
vt 0.858639 0.000000
vt 0.539267 0.000000
vt 0.785340 0.000000
vt 0.450262 0.000000
vt 0.863874 0.000000
vt 0.780105 0.000000
vt 0.445026 0.000000
vt 0.869110 0.000000
vt 0.544503 0.000000
vt 0.439791 0.000000
vt 0.874346 0.000000
vt 0.774869 0.000000
vt 0.549738 0.000000
vt 0.879581 0.000000
vt 0.434555 0.000000
vt 0.769634 0.000000
vt 0.884817 0.000000
vt 0.429319 0.000000
vt 0.554974 0.000000
vt 0.890052 0.000000
vt 0.424084 0.000000
vt 0.764398 0.000000
vt 0.560209 0.000000
vt 0.895288 0.000000
vt 0.418848 0.000000
vt 0.759162 0.000000
vt 0.900524 0.000000
vt 0.413613 0.000000
vt 0.565445 0.000000
vt 0.905759 0.000000
vt 0.408377 0.000000
vt 0.753927 0.000000
vt 0.910995 0.000000
vt 0.570681 0.000000
vt 0.403141 0.000000
vt 0.916230 0.000000
vt 0.748691 0.000000
vt 0.397906 0.000000
vt 0.921466 0.000000
vt 0.392670 0.000000
vt 0.926702 0.000000
vt 0.575916 0.000000
vt 0.387435 0.000000
vt 0.743455 0.000000
vt 0.931937 0.000000
vt 0.382199 0.000000
vt 0.937173 0.000000
vt 0.376963 0.000000
vt 0.942408 0.000000
vt 0.581152 0.000000
vt 0.371728 0.000000
vt 0.738220 0.000000
vt 0.366492 0.000000
vt 0.947644 0.000000
vt 0.361257 0.000000
vt 0.356021 0.000000
vt 0.952880 0.000000
vt 0.350785 0.000000
vt 0.732984 0.000000
vt 0.345550 0.000000
vt 0.958115 0.000000
vt 0.340314 0.000000
vt 0.586387 0.000000
vt 0.335079 0.000000
vt 0.329843 0.000000
vt 0.324607 0.000000
vt 0.727749 0.000000
vt 0.963351 0.000000
vt 0.319372 0.000000
vt 0.314136 0.000000
vt 0.308901 0.000000
vt 0.722513 0.000000
vt 0.968586 0.000000
vt 0.591623 0.000000
vt 0.717277 0.000000
vt 0.973822 0.000000
vt 0.712042 0.000000
vt 0.596859 0.000000
vt 0.706806 0.000000
vt 0.979058 0.000000
vt 0.701571 0.000000
vt 0.303665 0.000000
vt 0.696335 0.000000
vt 0.602094 0.000000
vt 0.984293 0.000000
vt 0.691099 0.000000
vt 0.685864 0.000000
vt 0.989529 0.000000
vt 0.607330 0.000000
vt 0.680628 0.000000
vt 0.298429 0.000000
vt 0.994764 0.000000
vt 0.675393 0.000000
vt 0.612565 0.000000
vt 0.670157 0.000000
vt 0.293194 0.000000
vt 0.664921 0.000000
vt 0.617801 0.000000
vt 0.659686 0.000000
vt 0.654450 0.000000
vt 0.623037 0.000000
vt 0.287958 0.000000
vt 0.649215 0.000000
vt 0.005236 0.000000
vt 0.643979 0.000000
vt 0.628272 0.000000
vt 0.010471 0.000000
vt 0.638743 0.000000
vt 0.282723 0.000000
vt 0.633508 0.000000
vt 0.015707 0.000000
vt 0.277487 0.000000
vt 0.020942 0.000000
vt 0.026178 0.000000
vt 0.272251 0.000000
vt 0.031414 0.000000
vt 0.267016 0.000000
vt 0.036649 0.000000
vt 0.041885 0.000000
vt 0.261780 0.000000
vt 0.047120 0.000000
vt 0.256545 0.000000
vt 0.052356 0.000000
vt 0.057592 0.000000
vt 0.251309 0.000000
vt 0.062827 0.000000
vt 0.068063 0.000000
vt 0.073298 0.000000
vt 0.246073 0.000000
vt 0.078534 0.000000
vt 0.083770 0.000000
vt 0.240838 0.000000
vt 0.089005 0.000000
vt 0.094241 0.000000
vt 0.235602 0.000000
vt 0.099476 0.000000
vt 0.104712 0.000000
vt 0.230366 0.000000
vt 0.109948 0.000000
vt 0.115183 0.000000
vt 0.225131 0.000000
vt 0.120419 0.000000
vt 0.125654 0.000000
vt 0.219895 0.000000
vt 0.130890 0.000000
vt 0.136126 0.000000
vt 0.214660 0.000000
vt 0.141361 0.000000
vt 0.209424 0.000000
vt 0.146597 0.000000
vt 0.151832 0.000000
vt 0.204188 0.000000
vt 0.157068 0.000000
vt 0.162304 0.000000
vt 0.198953 0.000000
vt 0.167539 0.000000
vt 0.172775 0.000000
vt 0.193717 0.000000
vt 0.178010 0.000000
vt 0.183246 0.000000
vt 0.188482 0.000000
vt 0.952083 0.000000
vt 0.956250 0.000000
vt 0.947917 0.000000
vt 0.960417 0.000000
vt 0.943750 0.000000
vt 0.964583 0.000000
vt 0.968750 0.000000
vt 0.939583 0.000000
vt 0.972917 0.000000
vt 0.935417 0.000000
vt 0.977083 0.000000
vt 0.047917 0.000000
vt 0.052083 0.000000
vt 0.931250 0.000000
vt 0.981250 0.000000
vt 0.056250 0.000000
vt 0.043750 0.000000
vt 0.122917 0.000000
vt 0.127083 0.000000
vt 0.118750 0.000000
vt 0.114583 0.000000
vt 0.060417 0.000000
vt 0.131250 0.000000
vt 0.110417 0.000000
vt 0.985417 0.000000
vt 0.039583 0.000000
vt 0.106250 0.000000
vt 0.927083 0.000000
vt 0.102083 0.000000
vt 0.064583 0.000000
vt 0.135417 0.000000
vt 0.989583 0.000000
vt 0.097917 0.000000
vt 0.035417 0.000000
vt 0.093750 0.000000
vt 0.993750 0.000000
vt 0.068750 0.000000
vt 0.922917 0.000000
vt 0.089583 0.000000
vt 0.139583 0.000000
vt 0.997917 0.000000
vt 0.085417 0.000000
vt 0.918750 0.000000
vt 0.031250 0.000000
vt 0.072917 0.000000
vt 0.081250 0.000000
vt 0.006250 0.000000
vt 0.002083 0.000000
vt 0.010417 0.000000
vt 0.143750 0.000000
vt 0.077083 0.000000
vt 0.014583 0.000000
vt 0.914583 0.000000
vt 0.018750 0.000000
vt 0.027083 0.000000
vt 0.910417 0.000000
vt 0.022917 0.000000
vt 0.147917 0.000000
vt 0.906250 0.000000
vt 0.902083 0.000000
vt 0.152083 0.000000
vt 0.897917 0.000000
vt 0.156250 0.000000
vt 0.893750 0.000000
vt 0.889583 0.000000
vt 0.160417 0.000000
vt 0.352083 0.000000
vt 0.347917 0.000000
vt 0.356250 0.000000
vt 0.343750 0.000000
vt 0.360417 0.000000
vt 0.885417 0.000000
vt 0.627083 0.000000
vt 0.622917 0.000000
vt 0.364583 0.000000
vt 0.339583 0.000000
vt 0.368750 0.000000
vt 0.618750 0.000000
vt 0.164583 0.000000
vt 0.372917 0.000000
vt 0.881250 0.000000
vt 0.631250 0.000000
vt 0.614583 0.000000
vt 0.335417 0.000000
vt 0.377083 0.000000
vt 0.610417 0.000000
vt 0.381250 0.000000
vt 0.877083 0.000000
vt 0.635417 0.000000
vt 0.606250 0.000000
vt 0.168750 0.000000
vt 0.385417 0.000000
vt 0.331250 0.000000
vt 0.389583 0.000000
vt 0.602083 0.000000
vt 0.872917 0.000000
vt 0.639583 0.000000
vt 0.393750 0.000000
vt 0.597917 0.000000
vt 0.397917 0.000000
vt 0.868750 0.000000
vt 0.327083 0.000000
vt 0.402083 0.000000
vt 0.172917 0.000000
vt 0.643750 0.000000
vt 0.864583 0.000000
vt 0.593750 0.000000
vt 0.406250 0.000000
vt 0.860417 0.000000
vt 0.322917 0.000000
vt 0.647917 0.000000
vt 0.856250 0.000000
vt 0.589583 0.000000
vt 0.177083 0.000000
vt 0.318750 0.000000
vt 0.410417 0.000000
vt 0.852083 0.000000
vt 0.652083 0.000000
vt 0.656250 0.000000
vt 0.660417 0.000000
vt 0.664583 0.000000
vt 0.668750 0.000000
vt 0.672917 0.000000
vt 0.314583 0.000000
vt 0.585417 0.000000
vt 0.677083 0.000000
vt 0.414583 0.000000
vt 0.181250 0.000000
vt 0.310417 0.000000
vt 0.581250 0.000000
vt 0.681250 0.000000
vt 0.418750 0.000000
vt 0.185417 0.000000
vt 0.306250 0.000000
vt 0.577083 0.000000
vt 0.685417 0.000000
vt 0.422917 0.000000
vt 0.302083 0.000000
vt 0.189583 0.000000
vt 0.689583 0.000000
vt 0.572917 0.000000
vt 0.427083 0.000000
vt 0.297917 0.000000
vt 0.693750 0.000000
vt 0.568750 0.000000
vt 0.193750 0.000000
vt 0.431250 0.000000
vt 0.697917 0.000000
vt 0.293750 0.000000
vt 0.702083 0.000000
vt 0.706250 0.000000
vt 0.564583 0.000000
vt 0.435417 0.000000
vt 0.289583 0.000000
vt 0.710417 0.000000
vt 0.847917 0.000000
vt 0.714583 0.000000
vt 0.718750 0.000000
vt 0.197917 0.000000
vt 0.722917 0.000000
vt 0.843750 0.000000
vt 0.285417 0.000000
vt 0.560417 0.000000
vt 0.727083 0.000000
vt 0.439583 0.000000
vt 0.731250 0.000000
vt 0.839583 0.000000
vt 0.735417 0.000000
vt 0.281250 0.000000
vt 0.739583 0.000000
vt 0.835417 0.000000
vt 0.556250 0.000000
vt 0.443750 0.000000
vt 0.743750 0.000000
vt 0.747917 0.000000
vt 0.752083 0.000000
vt 0.831250 0.000000
vt 0.277083 0.000000
vt 0.756250 0.000000
vt 0.827083 0.000000
vt 0.552083 0.000000
vt 0.447917 0.000000
vt 0.202083 0.000000
vt 0.760417 0.000000
vt 0.822917 0.000000
vt 0.272917 0.000000
vt 0.764583 0.000000
vt 0.206250 0.000000
vt 0.768750 0.000000
vt 0.818750 0.000000
vt 0.210417 0.000000
vt 0.547917 0.000000
vt 0.452083 0.000000
vt 0.772917 0.000000
vt 0.814583 0.000000
vt 0.268750 0.000000
vt 0.214583 0.000000
vt 0.543750 0.000000
vt 0.456250 0.000000
vt 0.777083 0.000000
vt 0.781250 0.000000
vt 0.810417 0.000000
vt 0.218750 0.000000
vt 0.785417 0.000000
vt 0.539583 0.000000
vt 0.460417 0.000000
vt 0.806250 0.000000
vt 0.789583 0.000000
vt 0.264583 0.000000
vt 0.793750 0.000000
vt 0.222917 0.000000
vt 0.802083 0.000000
vt 0.797917 0.000000
vt 0.535417 0.000000
vt 0.464583 0.000000
vt 0.227083 0.000000
vt 0.260417 0.000000
vt 0.531250 0.000000
vt 0.468750 0.000000
vt 0.231250 0.000000
vt 0.235417 0.000000
vt 0.527083 0.000000
vt 0.472917 0.000000
vt 0.256250 0.000000
vt 0.239583 0.000000
vt 0.243750 0.000000
vt 0.252083 0.000000
vt 0.247917 0.000000
vt 0.522917 0.000000
vt 0.477083 0.000000
vt 0.518750 0.000000
vt 0.481250 0.000000
vt 0.514583 0.000000
vt 0.485417 0.000000
vt 0.510417 0.000000
vt 0.489583 0.000000
vt 0.506250 0.000000
vt 0.493750 0.000000
vt 0.502083 0.000000
vt 0.497917 0.000000
vt 0.283582 0.000000
vt 0.289552 0.000000
vt 0.286567 0.000000
vt 0.292537 0.000000
vt 0.280597 0.000000
vt 0.295522 0.000000
vt 0.298507 0.000000
vt 0.277612 0.000000
vt 0.301493 0.000000
vt 0.304478 0.000000
vt 0.274627 0.000000
vt 0.307463 0.000000
vt 0.310448 0.000000
vt 0.271642 0.000000
vt 0.313433 0.000000
vt 0.268657 0.000000
vt 0.316418 0.000000
vt 0.319403 0.000000
vt 0.265672 0.000000
vt 0.322388 0.000000
vt 0.325373 0.000000
vt 0.262687 0.000000
vt 0.328358 0.000000
vt 0.259701 0.000000
vt 0.331343 0.000000
vt 0.334328 0.000000
vt 0.256716 0.000000
vt 0.337313 0.000000
vt 0.340299 0.000000
vt 0.253731 0.000000
vt 0.343284 0.000000
vt 0.346269 0.000000
vt 0.250746 0.000000
vt 0.349254 0.000000
vt 0.352239 0.000000
vt 0.247761 0.000000
vt 0.355224 0.000000
vt 0.358209 0.000000
vt 0.244776 0.000000
vt 0.361194 0.000000
vt 0.364179 0.000000
vt 0.367164 0.000000
vt 0.370149 0.000000
vt 0.373134 0.000000
vt 0.241791 0.000000
vt 0.791045 0.000000
vt 0.788060 0.000000
vt 0.376119 0.000000
vt 0.379104 0.000000
vt 0.785075 0.000000
vt 0.782090 0.000000
vt 0.779104 0.000000
vt 0.776119 0.000000
vt 0.773134 0.000000
vt 0.794030 0.000000
vt 0.770149 0.000000
vt 0.767164 0.000000
vt 0.764179 0.000000
vt 0.761194 0.000000
vt 0.758209 0.000000
vt 0.797015 0.000000
vt 0.755224 0.000000
vt 0.752239 0.000000
vt 0.749254 0.000000
vt 0.382090 0.000000
vt 0.746269 0.000000
vt 0.743284 0.000000
vt 0.740299 0.000000
vt 0.737313 0.000000
vt 0.734328 0.000000
vt 0.385075 0.000000
vt 0.731343 0.000000
vt 0.728358 0.000000
vt 0.802985 0.000000
vt 0.725373 0.000000
vt 0.722388 0.000000
vt 0.388060 0.000000
vt 0.719403 0.000000
vt 0.716418 0.000000
vt 0.805970 0.000000
vt 0.713433 0.000000
vt 0.391045 0.000000
vt 0.238806 0.000000
vt 0.394030 0.000000
vt 0.808955 0.000000
vt 0.710448 0.000000
vt 0.397015 0.000000
vt 0.707463 0.000000
vt 0.811940 0.000000
vt 0.402985 0.000000
vt 0.704478 0.000000
vt 0.814925 0.000000
vt 0.405970 0.000000
vt 0.701493 0.000000
vt 0.235821 0.000000
vt 0.408955 0.000000
vt 0.698507 0.000000
vt 0.817910 0.000000
vt 0.411940 0.000000
vt 0.695522 0.000000
vt 0.820895 0.000000
vt 0.414925 0.000000
vt 0.692537 0.000000
vt 0.417910 0.000000
vt 0.689552 0.000000
vt 0.232836 0.000000
vt 0.823881 0.000000
vt 0.686567 0.000000
vt 0.420896 0.000000
vt 0.683582 0.000000
vt 0.423881 0.000000
vt 0.680597 0.000000
vt 0.826866 0.000000
vt 0.426866 0.000000
vt 0.677612 0.000000
vt 0.674627 0.000000
vt 0.429851 0.000000
vt 0.229851 0.000000
vt 0.829851 0.000000
vt 0.671642 0.000000
vt 0.432836 0.000000
vt 0.668657 0.000000
vt 0.665672 0.000000
vt 0.435821 0.000000
vt 0.832836 0.000000
vt 0.662687 0.000000
vt 0.438806 0.000000
vt 0.659701 0.000000
vt 0.226866 0.000000
vt 0.656716 0.000000
vt 0.441791 0.000000
vt 0.835821 0.000000
vt 0.653731 0.000000
vt 0.650746 0.000000
vt 0.444776 0.000000
vt 0.647761 0.000000
vt 0.644776 0.000000
vt 0.838806 0.000000
vt 0.447761 0.000000
vt 0.641791 0.000000
vt 0.223881 0.000000
vt 0.450746 0.000000
vt 0.841791 0.000000
vt 0.638806 0.000000
vt 0.453731 0.000000
vt 0.456716 0.000000
vt 0.844776 0.000000
vt 0.635821 0.000000
vt 0.220896 0.000000
vt 0.459701 0.000000
vt 0.847761 0.000000
vt 0.462687 0.000000
vt 0.632836 0.000000
vt 0.465672 0.000000
vt 0.850746 0.000000
vt 0.217910 0.000000
vt 0.468657 0.000000
vt 0.629851 0.000000
vt 0.853731 0.000000
vt 0.471642 0.000000
vt 0.626866 0.000000
vt 0.214925 0.000000
vt 0.856716 0.000000
vt 0.859702 0.000000
vt 0.474627 0.000000
vt 0.623881 0.000000
vt 0.211940 0.000000
vt 0.862687 0.000000
vt 0.477612 0.000000
vt 0.620896 0.000000
vt 0.865672 0.000000
vt 0.480597 0.000000
vt 0.208955 0.000000
vt 0.617910 0.000000
vt 0.868657 0.000000
vt 0.483582 0.000000
vt 0.871642 0.000000
vt 0.205970 0.000000
vt 0.614925 0.000000
vt 0.874627 0.000000
vt 0.486567 0.000000
vt 0.877612 0.000000
vt 0.489552 0.000000
vt 0.611940 0.000000
vt 0.202985 0.000000
vt 0.880597 0.000000
vt 0.492537 0.000000
vt 0.883582 0.000000
vt 0.495522 0.000000
vt 0.886567 0.000000
vt 0.608955 0.000000
vt 0.498507 0.000000
vt 0.889552 0.000000
vt 0.892537 0.000000
vt 0.501493 0.000000
vt 0.197015 0.000000
vt 0.895522 0.000000
vt 0.504478 0.000000
vt 0.997015 0.000000
vt 0.507463 0.000000
vt 0.510448 0.000000
vt 0.994030 0.000000
vt 0.898507 0.000000
vt 0.513433 0.000000
vt 0.991045 0.000000
vt 0.516418 0.000000
vt 0.901493 0.000000
vt 0.988060 0.000000
vt 0.519403 0.000000
vt 0.194030 0.000000
vt 0.985075 0.000000
vt 0.904478 0.000000
vt 0.982090 0.000000
vt 0.522388 0.000000
vt 0.979104 0.000000
vt 0.907463 0.000000
vt 0.976119 0.000000
vt 0.525373 0.000000
vt 0.973134 0.000000
vt 0.910448 0.000000
vt 0.970149 0.000000
vt 0.528358 0.000000
vt 0.967164 0.000000
vt 0.913433 0.000000
vt 0.191045 0.000000
vt 0.964179 0.000000
vt 0.961194 0.000000
vt 0.916418 0.000000
vt 0.958209 0.000000
vt 0.531343 0.000000
vt 0.919403 0.000000
vt 0.955224 0.000000
vt 0.952239 0.000000
vt 0.922388 0.000000
vt 0.949254 0.000000
vt 0.946269 0.000000
vt 0.925373 0.000000
vt 0.943284 0.000000
vt 0.940298 0.000000
vt 0.928358 0.000000
vt 0.937313 0.000000
vt 0.534328 0.000000
vt 0.934328 0.000000
vt 0.931343 0.000000
vt 0.188060 0.000000
vt 0.537313 0.000000
vt 0.540299 0.000000
vt 0.185075 0.000000
vt 0.543284 0.000000
vt 0.546269 0.000000
vt 0.182090 0.000000
vt 0.549254 0.000000
vt 0.552239 0.000000
vt 0.179104 0.000000
vt 0.555224 0.000000
vt 0.558209 0.000000
vt 0.561194 0.000000
vt 0.176119 0.000000
vt 0.564179 0.000000
vt 0.567164 0.000000
vt 0.570149 0.000000
vt 0.573134 0.000000
vt 0.576119 0.000000
vt 0.173134 0.000000
vt 0.579104 0.000000
vt 0.071642 0.000000
vt 0.582090 0.000000
vt 0.170149 0.000000
vt 0.074627 0.000000
vt 0.068657 0.000000
vt 0.585075 0.000000
vt 0.077612 0.000000
vt 0.588060 0.000000
vt 0.080597 0.000000
vt 0.065672 0.000000
vt 0.167164 0.000000
vt 0.591045 0.000000
vt 0.083582 0.000000
vt 0.594030 0.000000
vt 0.086567 0.000000
vt 0.062687 0.000000
vt 0.164179 0.000000
vt 0.597015 0.000000
vt 0.089552 0.000000
vt 0.092537 0.000000
vt 0.059701 0.000000
vt 0.095522 0.000000
vt 0.161194 0.000000
vt 0.602985 0.000000
vt 0.098507 0.000000
vt 0.605970 0.000000
vt 0.101493 0.000000
vt 0.056716 0.000000
vt 0.158209 0.000000
vt 0.104478 0.000000
vt 0.107463 0.000000
vt 0.002985 0.000000
vt 0.053731 0.000000
vt 0.110448 0.000000
vt 0.155224 0.000000
vt 0.113433 0.000000
vt 0.005970 0.000000
vt 0.116418 0.000000
vt 0.152239 0.000000
vt 0.050746 0.000000
vt 0.008955 0.000000
vt 0.119403 0.000000
vt 0.122388 0.000000
vt 0.011940 0.000000
vt 0.149254 0.000000
vt 0.125373 0.000000
vt 0.047761 0.000000
vt 0.128358 0.000000
vt 0.014925 0.000000
vt 0.131343 0.000000
vt 0.146269 0.000000
vt 0.134328 0.000000
vt 0.137313 0.000000
vt 0.017910 0.000000
vt 0.143284 0.000000
vt 0.140299 0.000000
vt 0.044776 0.000000
vt 0.020896 0.000000
vt 0.041791 0.000000
vt 0.023881 0.000000
vt 0.026866 0.000000
vt 0.038806 0.000000
vt 0.029851 0.000000
vt 0.032836 0.000000
vt 0.035821 0.000000
vt 0.000000 1.000000
vt 0.002976 1.000000
vt 0.002976 0.000000
vt 0.005952 1.000000
vt 0.005952 0.000000
vt 0.008929 1.000000
vt 0.008929 0.000000
vt 0.011905 1.000000
vt 0.011905 0.000000
vt 0.014881 1.000000
vt 0.014881 0.000000
vt 0.017857 1.000000
vt 0.017857 0.000000
vt 0.020833 1.000000
vt 0.023810 1.000000
vt 0.023810 0.000000
vt 0.026786 1.000000
vt 0.026786 0.000000
vt 0.029762 1.000000
vt 0.029762 0.000000
vt 0.032738 1.000000
vt 0.032738 0.000000
vt 0.035714 1.000000
vt 0.035714 0.000000
vt 0.038690 1.000000
vt 0.038690 0.000000
vt 0.041667 1.000000
vt 0.044643 1.000000
vt 0.044643 0.000000
vt 0.047619 1.000000
vt 0.047619 0.000000
vt 0.050595 1.000000
vt 0.050595 0.000000
vt 0.053571 1.000000
vt 0.053571 0.000000
vt 0.056548 1.000000
vt 0.056548 0.000000
vt 0.059524 1.000000
vt 0.059524 0.000000
vt 0.062500 1.000000
vt 0.065476 1.000000
vt 0.065476 0.000000
vt 0.068452 1.000000
vt 0.068452 0.000000
vt 0.071429 1.000000
vt 0.074405 1.000000
vt 0.074405 0.000000
vt 0.077381 1.000000
vt 0.077381 0.000000
vt 0.080357 1.000000
vt 0.080357 0.000000
vt 0.083333 1.000000
vt 0.086310 1.000000
vt 0.086310 0.000000
vt 0.089286 1.000000
vt 0.089286 0.000000
vt 0.092262 1.000000
vt 0.092262 0.000000
vt 0.095238 1.000000
vt 0.095238 0.000000
vt 0.098214 1.000000
vt 0.098214 0.000000
vt 0.101190 1.000000
vt 0.101190 0.000000
vt 0.104167 1.000000
vt 0.107143 1.000000
vt 0.107143 0.000000
vt 0.110119 1.000000
vt 0.110119 0.000000
vt 0.113095 1.000000
vt 0.113095 0.000000
vt 0.116071 1.000000
vt 0.116071 0.000000
vt 0.119048 1.000000
vt 0.119048 0.000000
vt 0.122024 1.000000
vt 0.122024 0.000000
vt 0.125000 1.000000
vt 0.127976 1.000000
vt 0.127976 0.000000
vt 0.130952 1.000000
vt 0.130952 0.000000
vt 0.133929 1.000000
vt 0.133929 0.000000
vt 0.136905 1.000000
vt 0.136905 0.000000
vt 0.139881 1.000000
vt 0.139881 0.000000
vt 0.142857 1.000000
vt 0.145833 1.000000
vt 0.148810 1.000000
vt 0.148810 0.000000
vt 0.151786 1.000000
vt 0.151786 0.000000
vt 0.154762 1.000000
vt 0.154762 0.000000
vt 0.157738 1.000000
vt 0.157738 0.000000
vt 0.160714 1.000000
vt 0.160714 0.000000
vt 0.163690 1.000000
vt 0.163690 0.000000
vt 0.166667 1.000000
vt 0.169643 1.000000
vt 0.169643 0.000000
vt 0.172619 1.000000
vt 0.172619 0.000000
vt 0.175595 1.000000
vt 0.175595 0.000000
vt 0.178571 1.000000
vt 0.178571 0.000000
vt 0.181548 1.000000
vt 0.181548 0.000000
vt 0.184524 1.000000
vt 0.184524 0.000000
vt 0.187500 1.000000
vt 0.190476 1.000000
vt 0.190476 0.000000
vt 0.193452 1.000000
vt 0.193452 0.000000
vt 0.196429 1.000000
vt 0.196429 0.000000
vt 0.199405 1.000000
vt 0.199405 0.000000
vt 0.202381 1.000000
vt 0.202381 0.000000
vt 0.205357 1.000000
vt 0.205357 0.000000
vt 0.208333 1.000000
vt 0.211310 1.000000
vt 0.211310 0.000000
vt 0.214286 1.000000
vt 0.217262 1.000000
vt 0.217262 0.000000
vt 0.220238 1.000000
vt 0.220238 0.000000
vt 0.223214 1.000000
vt 0.223214 0.000000
vt 0.226190 1.000000
vt 0.226190 0.000000
vt 0.229167 1.000000
vt 0.232143 1.000000
vt 0.232143 0.000000
vt 0.235119 1.000000
vt 0.235119 0.000000
vt 0.238095 1.000000
vt 0.238095 0.000000
vt 0.241071 1.000000
vt 0.241071 0.000000
vt 0.244048 1.000000
vt 0.244048 0.000000
vt 0.247024 1.000000
vt 0.247024 0.000000
vt 0.250000 1.000000
vt 0.252976 1.000000
vt 0.252976 0.000000
vt 0.255952 1.000000
vt 0.255952 0.000000
vt 0.258929 1.000000
vt 0.258929 0.000000
vt 0.261905 1.000000
vt 0.261905 0.000000
vt 0.264881 1.000000
vt 0.264881 0.000000
vt 0.267857 1.000000
vt 0.267857 0.000000
vt 0.270833 1.000000
vt 0.273810 1.000000
vt 0.273810 0.000000
vt 0.276786 1.000000
vt 0.276786 0.000000
vt 0.279762 1.000000
vt 0.279762 0.000000
vt 0.282738 1.000000
vt 0.282738 0.000000
vt 0.285714 1.000000
vt 0.288690 1.000000
vt 0.288690 0.000000
vt 0.291667 1.000000
vt 0.294643 1.000000
vt 0.294643 0.000000
vt 0.297619 1.000000
vt 0.297619 0.000000
vt 0.300595 1.000000
vt 0.300595 0.000000
vt 0.303571 1.000000
vt 0.303571 0.000000
vt 0.306548 1.000000
vt 0.306548 0.000000
vt 0.309524 1.000000
vt 0.309524 0.000000
vt 0.312500 1.000000
vt 0.315476 1.000000
vt 0.315476 0.000000
vt 0.318452 1.000000
vt 0.318452 0.000000
vt 0.321429 1.000000
vt 0.321429 0.000000
vt 0.324405 1.000000
vt 0.324405 0.000000
vt 0.327381 1.000000
vt 0.327381 0.000000
vt 0.330357 1.000000
vt 0.330357 0.000000
vt 0.333333 1.000000
vt 0.336310 1.000000
vt 0.336310 0.000000
vt 0.339286 1.000000
vt 0.339286 0.000000
vt 0.342262 1.000000
vt 0.342262 0.000000
vt 0.345238 1.000000
vt 0.345238 0.000000
vt 0.348214 1.000000
vt 0.348214 0.000000
vt 0.351190 1.000000
vt 0.351190 0.000000
vt 0.354167 1.000000
vt 0.357143 1.000000
vt 0.360119 1.000000
vt 0.360119 0.000000
vt 0.363095 1.000000
vt 0.363095 0.000000
vt 0.366071 1.000000
vt 0.366071 0.000000
vt 0.369048 1.000000
vt 0.369048 0.000000
vt 0.372024 1.000000
vt 0.372024 0.000000
vt 0.375000 1.000000
vt 0.377976 1.000000
vt 0.377976 0.000000
vt 0.380952 1.000000
vt 0.380952 0.000000
vt 0.383929 1.000000
vt 0.383929 0.000000
vt 0.386905 1.000000
vt 0.386905 0.000000
vt 0.389881 1.000000
vt 0.389881 0.000000
vt 0.392857 1.000000
vt 0.392857 0.000000
vt 0.395833 1.000000
vt 0.398810 1.000000
vt 0.398810 0.000000
vt 0.401786 1.000000
vt 0.401786 0.000000
vt 0.404762 1.000000
vt 0.404762 0.000000
vt 0.407738 1.000000
vt 0.407738 0.000000
vt 0.410714 1.000000
vt 0.410714 0.000000
vt 0.413690 1.000000
vt 0.413690 0.000000
vt 0.416667 1.000000
vt 0.419643 1.000000
vt 0.419643 0.000000
vt 0.422619 1.000000
vt 0.422619 0.000000
vt 0.425595 1.000000
vt 0.425595 0.000000
vt 0.428571 1.000000
vt 0.431548 1.000000
vt 0.431548 0.000000
vt 0.434524 1.000000
vt 0.434524 0.000000
vt 0.437500 1.000000
vt 0.440476 1.000000
vt 0.440476 0.000000
vt 0.443452 1.000000
vt 0.443452 0.000000
vt 0.446429 1.000000
vt 0.446429 0.000000
vt 0.449405 1.000000
vt 0.449405 0.000000
vt 0.452381 1.000000
vt 0.452381 0.000000
vt 0.455357 1.000000
vt 0.455357 0.000000
vt 0.458333 1.000000
vt 0.461310 1.000000
vt 0.461310 0.000000
vt 0.464286 1.000000
vt 0.464286 0.000000
vt 0.467262 1.000000
vt 0.467262 0.000000
vt 0.470238 1.000000
vt 0.470238 0.000000
vt 0.473214 1.000000
vt 0.473214 0.000000
vt 0.476190 1.000000
vt 0.476190 0.000000
vt 0.479167 1.000000
vt 0.482143 1.000000
vt 0.482143 0.000000
vt 0.485119 1.000000
vt 0.485119 0.000000
vt 0.488095 1.000000
vt 0.488095 0.000000
vt 0.491071 1.000000
vt 0.491071 0.000000
vt 0.494048 1.000000
vt 0.494048 0.000000
vt 0.497024 1.000000
vt 0.497024 0.000000
vt 0.500000 1.000000
vt 0.502976 1.000000
vt 0.502976 0.000000
vt 0.505952 1.000000
vt 0.505952 0.000000
vt 0.508929 1.000000
vt 0.508929 0.000000
vt 0.511905 1.000000
vt 0.511905 0.000000
vt 0.514881 1.000000
vt 0.514881 0.000000
vt 0.517857 1.000000
vt 0.517857 0.000000
vt 0.520833 1.000000
vt 0.523810 1.000000
vt 0.523810 0.000000
vt 0.526786 1.000000
vt 0.526786 0.000000
vt 0.529762 1.000000
vt 0.529762 0.000000
vt 0.532738 1.000000
vt 0.532738 0.000000
vt 0.535714 1.000000
vt 0.535714 0.000000
vt 0.538690 1.000000
vt 0.538690 0.000000
vt 0.541667 1.000000
vt 0.544643 1.000000
vt 0.544643 0.000000
vt 0.547619 1.000000
vt 0.547619 0.000000
vt 0.550595 1.000000
vt 0.550595 0.000000
vt 0.553571 1.000000
vt 0.553571 0.000000
vt 0.556548 1.000000
vt 0.556548 0.000000
vt 0.559524 1.000000
vt 0.559524 0.000000
vt 0.562500 1.000000
vt 0.565476 1.000000
vt 0.565476 0.000000
vt 0.568452 1.000000
vt 0.568452 0.000000
vt 0.571429 1.000000
vt 0.574405 1.000000
vt 0.574405 0.000000
vt 0.577381 1.000000
vt 0.577381 0.000000
vt 0.580357 1.000000
vt 0.580357 0.000000
vt 0.583333 1.000000
vt 0.586310 1.000000
vt 0.586310 0.000000
vt 0.589286 1.000000
vt 0.589286 0.000000
vt 0.592262 1.000000
vt 0.592262 0.000000
vt 0.595238 1.000000
vt 0.595238 0.000000
vt 0.598214 1.000000
vt 0.598214 0.000000
vt 0.601190 1.000000
vt 0.601190 0.000000
vt 0.604167 1.000000
vt 0.607143 1.000000
vt 0.607143 0.000000
vt 0.610119 1.000000
vt 0.610119 0.000000
vt 0.613095 1.000000
vt 0.613095 0.000000
vt 0.616071 1.000000
vt 0.616071 0.000000
vt 0.619048 1.000000
vt 0.619048 0.000000
vt 0.622024 1.000000
vt 0.622024 0.000000
vt 0.625000 1.000000
vt 0.627976 1.000000
vt 0.627976 0.000000
vt 0.630952 1.000000
vt 0.630952 0.000000
vt 0.633929 1.000000
vt 0.633929 0.000000
vt 0.636905 1.000000
vt 0.636905 0.000000
vt 0.639881 1.000000
vt 0.639881 0.000000
vt 0.642857 1.000000
vt 0.645833 1.000000
vt 0.648810 1.000000
vt 0.648810 0.000000
vt 0.651786 1.000000
vt 0.651786 0.000000
vt 0.654762 1.000000
vt 0.654762 0.000000
vt 0.657738 1.000000
vt 0.657738 0.000000
vt 0.660714 1.000000
vt 0.660714 0.000000
vt 0.663690 1.000000
vt 0.663690 0.000000
vt 0.666667 1.000000
vt 0.669643 1.000000
vt 0.669643 0.000000
vt 0.672619 1.000000
vt 0.672619 0.000000
vt 0.675595 1.000000
vt 0.675595 0.000000
vt 0.678571 1.000000
vt 0.678571 0.000000
vt 0.681548 1.000000
vt 0.681548 0.000000
vt 0.684524 1.000000
vt 0.684524 0.000000
vt 0.687500 1.000000
vt 0.690476 1.000000
vt 0.690476 0.000000
vt 0.693452 1.000000
vt 0.693452 0.000000
vt 0.696429 1.000000
vt 0.696429 0.000000
vt 0.699405 1.000000
vt 0.699405 0.000000
vt 0.702381 1.000000
vt 0.702381 0.000000
vt 0.705357 1.000000
vt 0.705357 0.000000
vt 0.708333 1.000000
vt 0.711310 1.000000
vt 0.711310 0.000000
vt 0.714286 1.000000
vt 0.717262 1.000000
vt 0.717262 0.000000
vt 0.720238 1.000000
vt 0.720238 0.000000
vt 0.723214 1.000000
vt 0.723214 0.000000
vt 0.726190 1.000000
vt 0.726190 0.000000
vt 0.729167 1.000000
vt 0.732143 1.000000
vt 0.732143 0.000000
vt 0.735119 1.000000
vt 0.735119 0.000000
vt 0.738095 1.000000
vt 0.738095 0.000000
vt 0.741071 1.000000
vt 0.741071 0.000000
vt 0.744048 1.000000
vt 0.744048 0.000000
vt 0.747024 1.000000
vt 0.747024 0.000000
vt 0.750000 1.000000
vt 0.752976 1.000000
vt 0.752976 0.000000
vt 0.755952 1.000000
vt 0.755952 0.000000
vt 0.758929 1.000000
vt 0.758929 0.000000
vt 0.761905 1.000000
vt 0.761905 0.000000
vt 0.764881 1.000000
vt 0.764881 0.000000
vt 0.767857 1.000000
vt 0.767857 0.000000
vt 0.770833 1.000000
vt 0.773810 1.000000
vt 0.773810 0.000000
vt 0.776786 1.000000
vt 0.776786 0.000000
vt 0.779762 1.000000
vt 0.779762 0.000000
vt 0.782738 1.000000
vt 0.782738 0.000000
vt 0.785714 1.000000
vt 0.788690 1.000000
vt 0.788690 0.000000
vt 0.791667 1.000000
vt 0.794643 1.000000
vt 0.794643 0.000000
vt 0.797619 1.000000
vt 0.797619 0.000000
vt 0.800595 1.000000
vt 0.800595 0.000000
vt 0.803571 1.000000
vt 0.803571 0.000000
vt 0.806548 1.000000
vt 0.806548 0.000000
vt 0.809524 1.000000
vt 0.809524 0.000000
vt 0.812500 1.000000
vt 0.815476 1.000000
vt 0.815476 0.000000
vt 0.818452 1.000000
vt 0.818452 0.000000
vt 0.821429 1.000000
vt 0.821429 0.000000
vt 0.824405 1.000000
vt 0.824405 0.000000
vt 0.827381 1.000000
vt 0.827381 0.000000
vt 0.830357 1.000000
vt 0.830357 0.000000
vt 0.833333 1.000000
vt 0.836310 1.000000
vt 0.836310 0.000000
vt 0.839286 1.000000
vt 0.839286 0.000000
vt 0.842262 1.000000
vt 0.842262 0.000000
vt 0.845238 1.000000
vt 0.845238 0.000000
vt 0.848214 1.000000
vt 0.848214 0.000000
vt 0.851190 1.000000
vt 0.851190 0.000000
vt 0.854167 1.000000
vt 0.857143 1.000000
vt 0.860119 1.000000
vt 0.860119 0.000000
vt 0.863095 1.000000
vt 0.863095 0.000000
vt 0.866071 1.000000
vt 0.866071 0.000000
vt 0.869048 1.000000
vt 0.869048 0.000000
vt 0.872024 1.000000
vt 0.872024 0.000000
vt 0.875000 1.000000
vt 0.877976 1.000000
vt 0.877976 0.000000
vt 0.880952 1.000000
vt 0.880952 0.000000
vt 0.883929 1.000000
vt 0.883929 0.000000
vt 0.886905 1.000000
vt 0.886905 0.000000
vt 0.889881 1.000000
vt 0.889881 0.000000
vt 0.892857 1.000000
vt 0.892857 0.000000
vt 0.895833 1.000000
vt 0.898810 1.000000
vt 0.898810 0.000000
vt 0.901786 1.000000
vt 0.901786 0.000000
vt 0.904762 1.000000
vt 0.904762 0.000000
vt 0.907738 1.000000
vt 0.907738 0.000000
vt 0.910714 1.000000
vt 0.910714 0.000000
vt 0.913690 1.000000
vt 0.913690 0.000000
vt 0.916667 1.000000
vt 0.919643 1.000000
vt 0.919643 0.000000
vt 0.922619 1.000000
vt 0.922619 0.000000
vt 0.925595 1.000000
vt 0.925595 0.000000
vt 0.928571 1.000000
vt 0.931548 1.000000
vt 0.931548 0.000000
vt 0.934524 1.000000
vt 0.934524 0.000000
vt 0.937500 1.000000
vt 0.940476 1.000000
vt 0.940476 0.000000
vt 0.943452 1.000000
vt 0.943452 0.000000
vt 0.946429 1.000000
vt 0.946429 0.000000
vt 0.949405 1.000000
vt 0.949405 0.000000
vt 0.952381 1.000000
vt 0.952381 0.000000
vt 0.955357 1.000000
vt 0.955357 0.000000
vt 0.958333 1.000000
vt 0.961310 1.000000
vt 0.961310 0.000000
vt 0.964286 1.000000
vt 0.964286 0.000000
vt 0.967262 1.000000
vt 0.967262 0.000000
vt 0.970238 1.000000
vt 0.970238 0.000000
vt 0.973214 1.000000
vt 0.973214 0.000000
vt 0.976190 1.000000
vt 0.976190 0.000000
vt 0.979167 1.000000
vt 0.982143 1.000000
vt 0.982143 0.000000
vt 0.985119 1.000000
vt 0.985119 0.000000
vt 0.988095 1.000000
vt 0.988095 0.000000
vt 0.991071 1.000000
vt 0.991071 0.000000
vt 0.994048 1.000000
vt 0.994048 0.000000
vt 0.997024 1.000000
vt 0.997024 0.000000
vt 1.000000 1.000000
vt 0.004902 1.000000
vt 0.004902 0.000000
vt 0.009804 1.000000
vt 0.009804 0.000000
vt 0.014706 1.000000
vt 0.014706 0.000000
vt 0.019608 1.000000
vt 0.019608 0.000000
vt 0.024510 1.000000
vt 0.024510 0.000000
vt 0.029412 1.000000
vt 0.029412 0.000000
vt 0.034314 1.000000
vt 0.034314 0.000000
vt 0.039216 1.000000
vt 0.039216 0.000000
vt 0.044118 1.000000
vt 0.044118 0.000000
vt 0.049020 1.000000
vt 0.049020 0.000000
vt 0.053922 1.000000
vt 0.053922 0.000000
vt 0.058824 1.000000
vt 0.058824 0.000000
vt 0.063725 1.000000
vt 0.063725 0.000000
vt 0.068627 1.000000
vt 0.068627 0.000000
vt 0.073529 1.000000
vt 0.073529 0.000000
vt 0.078431 1.000000
vt 0.078431 0.000000
vt 0.088235 1.000000
vt 0.088235 0.000000
vt 0.093137 1.000000
vt 0.093137 0.000000
vt 0.098039 1.000000
vt 0.098039 0.000000
vt 0.102941 1.000000
vt 0.102941 0.000000
vt 0.107843 1.000000
vt 0.107843 0.000000
vt 0.112745 1.000000
vt 0.112745 0.000000
vt 0.117647 1.000000
vt 0.117647 0.000000
vt 0.122549 1.000000
vt 0.122549 0.000000
vt 0.127451 1.000000
vt 0.127451 0.000000
vt 0.132353 1.000000
vt 0.132353 0.000000
vt 0.137255 1.000000
vt 0.137255 0.000000
vt 0.142157 1.000000
vt 0.142157 0.000000
vt 0.147059 1.000000
vt 0.147059 0.000000
vt 0.151961 1.000000
vt 0.151961 0.000000
vt 0.156863 1.000000
vt 0.156863 0.000000
vt 0.161765 1.000000
vt 0.161765 0.000000
vt 0.171569 1.000000
vt 0.171569 0.000000
vt 0.176471 1.000000
vt 0.176471 0.000000
vt 0.181373 1.000000
vt 0.181373 0.000000
vt 0.186275 1.000000
vt 0.186275 0.000000
vt 0.191176 1.000000
vt 0.191176 0.000000
vt 0.196078 1.000000
vt 0.196078 0.000000
vt 0.200980 1.000000
vt 0.200980 0.000000
vt 0.205882 1.000000
vt 0.205882 0.000000
vt 0.210784 1.000000
vt 0.210784 0.000000
vt 0.215686 1.000000
vt 0.215686 0.000000
vt 0.220588 1.000000
vt 0.220588 0.000000
vt 0.225490 1.000000
vt 0.225490 0.000000
vt 0.230392 1.000000
vt 0.230392 0.000000
vt 0.235294 1.000000
vt 0.235294 0.000000
vt 0.240196 1.000000
vt 0.240196 0.000000
vt 0.245098 1.000000
vt 0.245098 0.000000
vt 0.254902 1.000000
vt 0.254902 0.000000
vt 0.259804 1.000000
vt 0.259804 0.000000
vt 0.264706 1.000000
vt 0.264706 0.000000
vt 0.269608 1.000000
vt 0.269608 0.000000
vt 0.274510 1.000000
vt 0.274510 0.000000
vt 0.279412 1.000000
vt 0.279412 0.000000
vt 0.284314 1.000000
vt 0.284314 0.000000
vt 0.289216 1.000000
vt 0.289216 0.000000
vt 0.294118 1.000000
vt 0.294118 0.000000
vt 0.299020 1.000000
vt 0.299020 0.000000
vt 0.303922 1.000000
vt 0.303922 0.000000
vt 0.308824 1.000000
vt 0.308824 0.000000
vt 0.313726 1.000000
vt 0.313726 0.000000
vt 0.318627 1.000000
vt 0.318627 0.000000
vt 0.323529 1.000000
vt 0.323529 0.000000
vt 0.328431 1.000000
vt 0.328431 0.000000
vt 0.338235 1.000000
vt 0.338235 0.000000
vt 0.343137 1.000000
vt 0.343137 0.000000
vt 0.348039 1.000000
vt 0.348039 0.000000
vt 0.352941 1.000000
vt 0.352941 0.000000
vt 0.357843 1.000000
vt 0.357843 0.000000
vt 0.362745 1.000000
vt 0.362745 0.000000
vt 0.367647 1.000000
vt 0.367647 0.000000
vt 0.372549 1.000000
vt 0.372549 0.000000
vt 0.377451 1.000000
vt 0.377451 0.000000
vt 0.382353 1.000000
vt 0.382353 0.000000
vt 0.387255 1.000000
vt 0.387255 0.000000
vt 0.392157 1.000000
vt 0.392157 0.000000
vt 0.397059 1.000000
vt 0.397059 0.000000
vt 0.401961 1.000000
vt 0.401961 0.000000
vt 0.406863 1.000000
vt 0.406863 0.000000
vt 0.411765 1.000000
vt 0.411765 0.000000
vt 0.421569 1.000000
vt 0.421569 0.000000
vt 0.426471 1.000000
vt 0.426471 0.000000
vt 0.431373 1.000000
vt 0.431373 0.000000
vt 0.436274 1.000000
vt 0.436274 0.000000
vt 0.441176 1.000000
vt 0.441176 0.000000
vt 0.446078 1.000000
vt 0.446078 0.000000
vt 0.450980 1.000000
vt 0.450980 0.000000
vt 0.455882 1.000000
vt 0.455882 0.000000
vt 0.460784 1.000000
vt 0.460784 0.000000
vt 0.465686 1.000000
vt 0.465686 0.000000
vt 0.470588 1.000000
vt 0.470588 0.000000
vt 0.475490 1.000000
vt 0.475490 0.000000
vt 0.480392 1.000000
vt 0.480392 0.000000
vt 0.485294 1.000000
vt 0.485294 0.000000
vt 0.490196 1.000000
vt 0.490196 0.000000
vt 0.495098 1.000000
vt 0.495098 0.000000
vt 0.504902 1.000000
vt 0.504902 0.000000
vt 0.509804 1.000000
vt 0.509804 0.000000
vt 0.514706 1.000000
vt 0.514706 0.000000
vt 0.519608 1.000000
vt 0.519608 0.000000
vt 0.524510 1.000000
vt 0.524510 0.000000
vt 0.529412 1.000000
vt 0.529412 0.000000
vt 0.534314 1.000000
vt 0.534314 0.000000
vt 0.539216 1.000000
vt 0.539216 0.000000
vt 0.544118 1.000000
vt 0.544118 0.000000
vt 0.549020 1.000000
vt 0.549020 0.000000
vt 0.553922 1.000000
vt 0.553922 0.000000
vt 0.558824 1.000000
vt 0.558824 0.000000
vt 0.563725 1.000000
vt 0.563725 0.000000
vt 0.568627 1.000000
vt 0.568627 0.000000
vt 0.573529 1.000000
vt 0.573529 0.000000
vt 0.578431 1.000000
vt 0.578431 0.000000
vt 0.588235 1.000000
vt 0.588235 0.000000
vt 0.593137 1.000000
vt 0.593137 0.000000
vt 0.598039 1.000000
vt 0.598039 0.000000
vt 0.602941 1.000000
vt 0.602941 0.000000
vt 0.607843 1.000000
vt 0.607843 0.000000
vt 0.612745 1.000000
vt 0.612745 0.000000
vt 0.617647 1.000000
vt 0.617647 0.000000
vt 0.622549 1.000000
vt 0.622549 0.000000
vt 0.627451 1.000000
vt 0.627451 0.000000
vt 0.632353 1.000000
vt 0.632353 0.000000
vt 0.637255 1.000000
vt 0.637255 0.000000
vt 0.642157 1.000000
vt 0.642157 0.000000
vt 0.647059 1.000000
vt 0.647059 0.000000
vt 0.651961 1.000000
vt 0.651961 0.000000
vt 0.656863 1.000000
vt 0.656863 0.000000
vt 0.661765 1.000000
vt 0.661765 0.000000
vt 0.671569 1.000000
vt 0.671569 0.000000
vt 0.676471 1.000000
vt 0.676471 0.000000
vt 0.681373 1.000000
vt 0.681373 0.000000
vt 0.686275 1.000000
vt 0.686275 0.000000
vt 0.691176 1.000000
vt 0.691176 0.000000
vt 0.696078 1.000000
vt 0.696078 0.000000
vt 0.700980 1.000000
vt 0.700980 0.000000
vt 0.705882 1.000000
vt 0.705882 0.000000
vt 0.710784 1.000000
vt 0.710784 0.000000
vt 0.715686 1.000000
vt 0.715686 0.000000
vt 0.720588 1.000000
vt 0.720588 0.000000
vt 0.725490 1.000000
vt 0.725490 0.000000
vt 0.730392 1.000000
vt 0.730392 0.000000
vt 0.735294 1.000000
vt 0.735294 0.000000
vt 0.740196 1.000000
vt 0.740196 0.000000
vt 0.745098 1.000000
vt 0.745098 0.000000
vt 0.754902 1.000000
vt 0.754902 0.000000
vt 0.759804 1.000000
vt 0.759804 0.000000
vt 0.764706 1.000000
vt 0.764706 0.000000
vt 0.769608 1.000000
vt 0.769608 0.000000
vt 0.774510 1.000000
vt 0.774510 0.000000
vt 0.779412 1.000000
vt 0.779412 0.000000
vt 0.784314 1.000000
vt 0.784314 0.000000
vt 0.789216 1.000000
vt 0.789216 0.000000
vt 0.794118 1.000000
vt 0.794118 0.000000
vt 0.799020 1.000000
vt 0.799020 0.000000
vt 0.803922 1.000000
vt 0.803922 0.000000
vt 0.808824 1.000000
vt 0.808824 0.000000
vt 0.813725 1.000000
vt 0.813725 0.000000
vt 0.818627 1.000000
vt 0.818627 0.000000
vt 0.823529 1.000000
vt 0.823529 0.000000
vt 0.828431 1.000000
vt 0.828431 0.000000
vt 0.838235 1.000000
vt 0.838235 0.000000
vt 0.843137 1.000000
vt 0.843137 0.000000
vt 0.848039 1.000000
vt 0.848039 0.000000
vt 0.852941 1.000000
vt 0.852941 0.000000
vt 0.857843 1.000000
vt 0.857843 0.000000
vt 0.862745 1.000000
vt 0.862745 0.000000
vt 0.867647 1.000000
vt 0.867647 0.000000
vt 0.872549 1.000000
vt 0.872549 0.000000
vt 0.877451 1.000000
vt 0.877451 0.000000
vt 0.882353 1.000000
vt 0.882353 0.000000
vt 0.887255 1.000000
vt 0.887255 0.000000
vt 0.892157 1.000000
vt 0.892157 0.000000
vt 0.897059 1.000000
vt 0.897059 0.000000
vt 0.901961 1.000000
vt 0.901961 0.000000
vt 0.906863 1.000000
vt 0.906863 0.000000
vt 0.911765 1.000000
vt 0.911765 0.000000
vt 0.921569 1.000000
vt 0.921569 0.000000
vt 0.926471 1.000000
vt 0.926471 0.000000
vt 0.931373 1.000000
vt 0.931373 0.000000
vt 0.936275 1.000000
vt 0.936275 0.000000
vt 0.941176 1.000000
vt 0.941176 0.000000
vt 0.946078 1.000000
vt 0.946078 0.000000
vt 0.950980 1.000000
vt 0.950980 0.000000
vt 0.955882 1.000000
vt 0.955882 0.000000
vt 0.960784 1.000000
vt 0.960784 0.000000
vt 0.965686 1.000000
vt 0.965686 0.000000
vt 0.970588 1.000000
vt 0.970588 0.000000
vt 0.975490 1.000000
vt 0.975490 0.000000
vt 0.980392 1.000000
vt 0.980392 0.000000
vt 0.985294 1.000000
vt 0.985294 0.000000
vt 0.990196 1.000000
vt 0.990196 0.000000
vt 0.995098 1.000000
vt 0.995098 0.000000
vt 0.007576 1.000000
vt 0.007576 0.000000
vt 0.015152 1.000000
vt 0.015152 0.000000
vt 0.022727 1.000000
vt 0.022727 0.000000
vt 0.030303 1.000000
vt 0.030303 0.000000
vt 0.037879 1.000000
vt 0.037879 0.000000
vt 0.045455 1.000000
vt 0.045455 0.000000
vt 0.053030 1.000000
vt 0.053030 0.000000
vt 0.060606 1.000000
vt 0.060606 0.000000
vt 0.068182 1.000000
vt 0.068182 0.000000
vt 0.075758 1.000000
vt 0.075758 0.000000
vt 0.090909 1.000000
vt 0.090909 0.000000
vt 0.098485 1.000000
vt 0.098485 0.000000
vt 0.106061 1.000000
vt 0.106061 0.000000
vt 0.113636 1.000000
vt 0.113636 0.000000
vt 0.121212 1.000000
vt 0.121212 0.000000
vt 0.128788 1.000000
vt 0.128788 0.000000
vt 0.136364 1.000000
vt 0.136364 0.000000
vt 0.143939 1.000000
vt 0.143939 0.000000
vt 0.151515 1.000000
vt 0.151515 0.000000
vt 0.159091 1.000000
vt 0.159091 0.000000
vt 0.174242 1.000000
vt 0.174242 0.000000
vt 0.181818 1.000000
vt 0.181818 0.000000
vt 0.189394 1.000000
vt 0.189394 0.000000
vt 0.196970 1.000000
vt 0.196970 0.000000
vt 0.204545 1.000000
vt 0.204545 0.000000
vt 0.212121 1.000000
vt 0.212121 0.000000
vt 0.219697 1.000000
vt 0.219697 0.000000
vt 0.227273 1.000000
vt 0.227273 0.000000
vt 0.234848 1.000000
vt 0.234848 0.000000
vt 0.242424 1.000000
vt 0.242424 0.000000
vt 0.257576 1.000000
vt 0.257576 0.000000
vt 0.265152 1.000000
vt 0.265152 0.000000
vt 0.272727 1.000000
vt 0.272727 0.000000
vt 0.280303 1.000000
vt 0.280303 0.000000
vt 0.287879 1.000000
vt 0.287879 0.000000
vt 0.295455 1.000000
vt 0.295455 0.000000
vt 0.303030 1.000000
vt 0.303030 0.000000
vt 0.310606 1.000000
vt 0.310606 0.000000
vt 0.318182 1.000000
vt 0.318182 0.000000
vt 0.325758 1.000000
vt 0.325758 0.000000
vt 0.340909 1.000000
vt 0.340909 0.000000
vt 0.348485 1.000000
vt 0.348485 0.000000
vt 0.356061 1.000000
vt 0.356061 0.000000
vt 0.363636 1.000000
vt 0.363636 0.000000
vt 0.371212 1.000000
vt 0.371212 0.000000
vt 0.378788 1.000000
vt 0.378788 0.000000
vt 0.386364 1.000000
vt 0.386364 0.000000
vt 0.393939 1.000000
vt 0.393939 0.000000
vt 0.401515 1.000000
vt 0.401515 0.000000
vt 0.409091 1.000000
vt 0.409091 0.000000
vt 0.424242 1.000000
vt 0.424242 0.000000
vt 0.431818 1.000000
vt 0.431818 0.000000
vt 0.439394 1.000000
vt 0.439394 0.000000
vt 0.446970 1.000000
vt 0.446970 0.000000
vt 0.454545 1.000000
vt 0.454545 0.000000
vt 0.462121 1.000000
vt 0.462121 0.000000
vt 0.469697 1.000000
vt 0.469697 0.000000
vt 0.477273 1.000000
vt 0.477273 0.000000
vt 0.484848 1.000000
vt 0.484848 0.000000
vt 0.492424 1.000000
vt 0.492424 0.000000
vt 0.507576 1.000000
vt 0.507576 0.000000
vt 0.515152 1.000000
vt 0.515152 0.000000
vt 0.522727 1.000000
vt 0.522727 0.000000
vt 0.530303 1.000000
vt 0.530303 0.000000
vt 0.537879 1.000000
vt 0.537879 0.000000
vt 0.545455 1.000000
vt 0.545455 0.000000
vt 0.553030 1.000000
vt 0.553030 0.000000
vt 0.560606 1.000000
vt 0.560606 0.000000
vt 0.568182 1.000000
vt 0.568182 0.000000
vt 0.575758 1.000000
vt 0.575758 0.000000
vt 0.590909 1.000000
vt 0.590909 0.000000
vt 0.598485 1.000000
vt 0.598485 0.000000
vt 0.606061 1.000000
vt 0.606061 0.000000
vt 0.613636 1.000000
vt 0.613636 0.000000
vt 0.621212 1.000000
vt 0.621212 0.000000
vt 0.628788 1.000000
vt 0.628788 0.000000
vt 0.636364 1.000000
vt 0.636364 0.000000
vt 0.643939 1.000000
vt 0.643939 0.000000
vt 0.651515 1.000000
vt 0.651515 0.000000
vt 0.659091 1.000000
vt 0.659091 0.000000
vt 0.674242 1.000000
vt 0.674242 0.000000
vt 0.681818 1.000000
vt 0.681818 0.000000
vt 0.689394 1.000000
vt 0.689394 0.000000
vt 0.696970 1.000000
vt 0.696970 0.000000
vt 0.704545 1.000000
vt 0.704545 0.000000
vt 0.712121 1.000000
vt 0.712121 0.000000
vt 0.719697 1.000000
vt 0.719697 0.000000
vt 0.727273 1.000000
vt 0.727273 0.000000
vt 0.734848 1.000000
vt 0.734848 0.000000
vt 0.742424 1.000000
vt 0.742424 0.000000
vt 0.757576 1.000000
vt 0.757576 0.000000
vt 0.765152 1.000000
vt 0.765152 0.000000
vt 0.772727 1.000000
vt 0.772727 0.000000
vt 0.780303 1.000000
vt 0.780303 0.000000
vt 0.787879 1.000000
vt 0.787879 0.000000
vt 0.795455 1.000000
vt 0.795455 0.000000
vt 0.803030 1.000000
vt 0.803030 0.000000
vt 0.810606 1.000000
vt 0.810606 0.000000
vt 0.818182 1.000000
vt 0.818182 0.000000
vt 0.825758 1.000000
vt 0.825758 0.000000
vt 0.840909 1.000000
vt 0.840909 0.000000
vt 0.848485 1.000000
vt 0.848485 0.000000
vt 0.856061 1.000000
vt 0.856061 0.000000
vt 0.863636 1.000000
vt 0.863636 0.000000
vt 0.871212 1.000000
vt 0.871212 0.000000
vt 0.878788 1.000000
vt 0.878788 0.000000
vt 0.886364 1.000000
vt 0.886364 0.000000
vt 0.893939 1.000000
vt 0.893939 0.000000
vt 0.901515 1.000000
vt 0.901515 0.000000
vt 0.909091 1.000000
vt 0.909091 0.000000
vt 0.924242 1.000000
vt 0.924242 0.000000
vt 0.931818 1.000000
vt 0.931818 0.000000
vt 0.939394 1.000000
vt 0.939394 0.000000
vt 0.946970 1.000000
vt 0.946970 0.000000
vt 0.954545 1.000000
vt 0.954545 0.000000
vt 0.962121 1.000000
vt 0.962121 0.000000
vt 0.969697 1.000000
vt 0.969697 0.000000
vt 0.977273 1.000000
vt 0.977273 0.000000
vt 0.984848 1.000000
vt 0.984848 0.000000
vt 0.992424 1.000000
vt 0.992424 0.000000
vt 0.002079 1.000000
vt 0.002079 0.000000
vt 0.004158 1.000000
vt 0.004158 0.000000
vt 0.006237 1.000000
vt 0.006237 0.000000
vt 0.008316 1.000000
vt 0.008316 0.000000
vt 0.010395 1.000000
vt 0.010395 0.000000
vt 0.012474 1.000000
vt 0.012474 0.000000
vt 0.014553 1.000000
vt 0.014553 0.000000
vt 0.016632 1.000000
vt 0.016632 0.000000
vt 0.018711 1.000000
vt 0.018711 0.000000
vt 0.020790 1.000000
vt 0.020790 0.000000
vt 0.022869 1.000000
vt 0.022869 0.000000
vt 0.024948 1.000000
vt 0.024948 0.000000
vt 0.027027 1.000000
vt 0.027027 0.000000
vt 0.029106 1.000000
vt 0.029106 0.000000
vt 0.031185 1.000000
vt 0.031185 0.000000
vt 0.033264 1.000000
vt 0.033264 0.000000
vt 0.035343 1.000000
vt 0.035343 0.000000
vt 0.037422 1.000000
vt 0.037422 0.000000
vt 0.039501 1.000000
vt 0.039501 0.000000
vt 0.041580 1.000000
vt 0.041580 0.000000
vt 0.043659 1.000000
vt 0.043659 0.000000
vt 0.045738 1.000000
vt 0.045738 0.000000
vt 0.047817 1.000000
vt 0.047817 0.000000
vt 0.049896 1.000000
vt 0.049896 0.000000
vt 0.051975 1.000000
vt 0.051975 0.000000
vt 0.054054 1.000000
vt 0.054054 0.000000
vt 0.056133 1.000000
vt 0.056133 0.000000
vt 0.058212 1.000000
vt 0.058212 0.000000
vt 0.060291 1.000000
vt 0.060291 0.000000
vt 0.062370 1.000000
vt 0.062370 0.000000
vt 0.064449 1.000000
vt 0.064449 0.000000
vt 0.066528 1.000000
vt 0.066528 0.000000
vt 0.068607 1.000000
vt 0.068607 0.000000
vt 0.070686 1.000000
vt 0.070686 0.000000
vt 0.072765 1.000000
vt 0.072765 0.000000
vt 0.074844 1.000000
vt 0.074844 0.000000
vt 0.076923 1.000000
vt 0.079002 1.000000
vt 0.079002 0.000000
vt 0.081081 1.000000
vt 0.081081 0.000000
vt 0.083160 1.000000
vt 0.083160 0.000000
vt 0.085239 1.000000
vt 0.085239 0.000000
vt 0.087318 1.000000
vt 0.087318 0.000000
vt 0.089397 1.000000
vt 0.089397 0.000000
vt 0.091476 1.000000
vt 0.091476 0.000000
vt 0.093555 1.000000
vt 0.093555 0.000000
vt 0.095634 1.000000
vt 0.095634 0.000000
vt 0.097713 1.000000
vt 0.097713 0.000000
vt 0.099792 1.000000
vt 0.099792 0.000000
vt 0.101871 1.000000
vt 0.101871 0.000000
vt 0.103950 1.000000
vt 0.103950 0.000000
vt 0.106029 1.000000
vt 0.106029 0.000000
vt 0.108108 1.000000
vt 0.108108 0.000000
vt 0.110187 1.000000
vt 0.110187 0.000000
vt 0.112266 1.000000
vt 0.112266 0.000000
vt 0.114345 1.000000
vt 0.114345 0.000000
vt 0.116424 1.000000
vt 0.116424 0.000000
vt 0.118503 1.000000
vt 0.118503 0.000000
vt 0.120582 1.000000
vt 0.120582 0.000000
vt 0.122661 1.000000
vt 0.122661 0.000000
vt 0.124740 1.000000
vt 0.124740 0.000000
vt 0.126819 1.000000
vt 0.126819 0.000000
vt 0.128898 1.000000
vt 0.128898 0.000000
vt 0.130977 1.000000
vt 0.130977 0.000000
vt 0.133056 1.000000
vt 0.133056 0.000000
vt 0.135135 1.000000
vt 0.135135 0.000000
vt 0.137214 1.000000
vt 0.137214 0.000000
vt 0.139293 1.000000
vt 0.139293 0.000000
vt 0.141372 1.000000
vt 0.141372 0.000000
vt 0.143451 1.000000
vt 0.143451 0.000000
vt 0.145530 1.000000
vt 0.145530 0.000000
vt 0.147609 1.000000
vt 0.147609 0.000000
vt 0.149688 1.000000
vt 0.149688 0.000000
vt 0.151767 1.000000
vt 0.151767 0.000000
vt 0.153846 1.000000
vt 0.155925 1.000000
vt 0.155925 0.000000
vt 0.158004 1.000000
vt 0.158004 0.000000
vt 0.160083 1.000000
vt 0.160083 0.000000
vt 0.162162 1.000000
vt 0.162162 0.000000
vt 0.164241 1.000000
vt 0.164241 0.000000
vt 0.166320 1.000000
vt 0.166320 0.000000
vt 0.168399 1.000000
vt 0.168399 0.000000
vt 0.170478 1.000000
vt 0.170478 0.000000
vt 0.172557 1.000000
vt 0.172557 0.000000
vt 0.174636 1.000000
vt 0.174636 0.000000
vt 0.176715 1.000000
vt 0.176715 0.000000
vt 0.178794 1.000000
vt 0.178794 0.000000
vt 0.180873 1.000000
vt 0.180873 0.000000
vt 0.182952 1.000000
vt 0.182952 0.000000
vt 0.185031 1.000000
vt 0.185031 0.000000
vt 0.187110 1.000000
vt 0.187110 0.000000
vt 0.189189 1.000000
vt 0.189189 0.000000
vt 0.191268 1.000000
vt 0.191268 0.000000
vt 0.193347 1.000000
vt 0.193347 0.000000
vt 0.195426 1.000000
vt 0.195426 0.000000
vt 0.197505 1.000000
vt 0.197505 0.000000
vt 0.199584 1.000000
vt 0.199584 0.000000
vt 0.201663 1.000000
vt 0.201663 0.000000
vt 0.203742 1.000000
vt 0.203742 0.000000
vt 0.205821 1.000000
vt 0.205821 0.000000
vt 0.207900 1.000000
vt 0.207900 0.000000
vt 0.209979 1.000000
vt 0.209979 0.000000
vt 0.212058 1.000000
vt 0.212058 0.000000
vt 0.214137 1.000000
vt 0.214137 0.000000
vt 0.216216 1.000000
vt 0.216216 0.000000
vt 0.218295 1.000000
vt 0.218295 0.000000
vt 0.220374 1.000000
vt 0.220374 0.000000
vt 0.222453 1.000000
vt 0.222453 0.000000
vt 0.224532 1.000000
vt 0.224532 0.000000
vt 0.226611 1.000000
vt 0.226611 0.000000
vt 0.228690 1.000000
vt 0.228690 0.000000
vt 0.230769 1.000000
vt 0.232848 1.000000
vt 0.232848 0.000000
vt 0.234927 1.000000
vt 0.234927 0.000000
vt 0.237006 1.000000
vt 0.237006 0.000000
vt 0.239085 1.000000
vt 0.239085 0.000000
vt 0.241164 1.000000
vt 0.241164 0.000000
vt 0.243243 1.000000
vt 0.243243 0.000000
vt 0.245322 1.000000
vt 0.245322 0.000000
vt 0.247401 1.000000
vt 0.247401 0.000000
vt 0.249480 1.000000
vt 0.249480 0.000000
vt 0.251559 1.000000
vt 0.251559 0.000000
vt 0.253638 1.000000
vt 0.253638 0.000000
vt 0.255717 1.000000
vt 0.255717 0.000000
vt 0.257796 1.000000
vt 0.257796 0.000000
vt 0.259875 1.000000
vt 0.259875 0.000000
vt 0.261954 1.000000
vt 0.261954 0.000000
vt 0.264033 1.000000
vt 0.264033 0.000000
vt 0.266112 1.000000
vt 0.266112 0.000000
vt 0.268191 1.000000
vt 0.268191 0.000000
vt 0.270270 1.000000
vt 0.270270 0.000000
vt 0.272349 1.000000
vt 0.272349 0.000000
vt 0.274428 1.000000
vt 0.274428 0.000000
vt 0.276507 1.000000
vt 0.276507 0.000000
vt 0.278586 1.000000
vt 0.278586 0.000000
vt 0.280665 1.000000
vt 0.280665 0.000000
vt 0.282744 1.000000
vt 0.282744 0.000000
vt 0.284823 1.000000
vt 0.284823 0.000000
vt 0.286902 1.000000
vt 0.286902 0.000000
vt 0.288981 1.000000
vt 0.288981 0.000000
vt 0.291060 1.000000
vt 0.291060 0.000000
vt 0.293139 1.000000
vt 0.293139 0.000000
vt 0.295218 1.000000
vt 0.295218 0.000000
vt 0.297297 1.000000
vt 0.297297 0.000000
vt 0.299376 1.000000
vt 0.299376 0.000000
vt 0.301455 1.000000
vt 0.301455 0.000000
vt 0.303534 1.000000
vt 0.303534 0.000000
vt 0.305613 1.000000
vt 0.305613 0.000000
vt 0.307692 1.000000
vt 0.309771 1.000000
vt 0.309771 0.000000
vt 0.311850 1.000000
vt 0.311850 0.000000
vt 0.313929 1.000000
vt 0.313929 0.000000
vt 0.316008 1.000000
vt 0.316008 0.000000
vt 0.318087 1.000000
vt 0.318087 0.000000
vt 0.320166 1.000000
vt 0.320166 0.000000
vt 0.322245 1.000000
vt 0.322245 0.000000
vt 0.324324 1.000000
vt 0.324324 0.000000
vt 0.326403 1.000000
vt 0.326403 0.000000
vt 0.328482 1.000000
vt 0.328482 0.000000
vt 0.330561 1.000000
vt 0.330561 0.000000
vt 0.332640 1.000000
vt 0.332640 0.000000
vt 0.334719 1.000000
vt 0.334719 0.000000
vt 0.336798 1.000000
vt 0.336798 0.000000
vt 0.338877 1.000000
vt 0.338877 0.000000
vt 0.340956 1.000000
vt 0.340956 0.000000
vt 0.343035 1.000000
vt 0.343035 0.000000
vt 0.345114 1.000000
vt 0.345114 0.000000
vt 0.347193 1.000000
vt 0.347193 0.000000
vt 0.349272 1.000000
vt 0.349272 0.000000
vt 0.351351 1.000000
vt 0.351351 0.000000
vt 0.353430 1.000000
vt 0.353430 0.000000
vt 0.355509 1.000000
vt 0.355509 0.000000
vt 0.357588 1.000000
vt 0.357588 0.000000
vt 0.359667 1.000000
vt 0.359667 0.000000
vt 0.361746 1.000000
vt 0.361746 0.000000
vt 0.363825 1.000000
vt 0.363825 0.000000
vt 0.365904 1.000000
vt 0.365904 0.000000
vt 0.367983 1.000000
vt 0.367983 0.000000
vt 0.370062 1.000000
vt 0.370062 0.000000
vt 0.372141 1.000000
vt 0.372141 0.000000
vt 0.374220 1.000000
vt 0.374220 0.000000
vt 0.376299 1.000000
vt 0.376299 0.000000
vt 0.378378 1.000000
vt 0.378378 0.000000
vt 0.380457 1.000000
vt 0.380457 0.000000
vt 0.382536 1.000000
vt 0.382536 0.000000
vt 0.384615 1.000000
vt 0.386694 1.000000
vt 0.386694 0.000000
vt 0.388773 1.000000
vt 0.388773 0.000000
vt 0.390852 1.000000
vt 0.390852 0.000000
vt 0.392931 1.000000
vt 0.392931 0.000000
vt 0.395010 1.000000
vt 0.395010 0.000000
vt 0.397089 1.000000
vt 0.397089 0.000000
vt 0.399168 1.000000
vt 0.399168 0.000000
vt 0.401247 1.000000
vt 0.401247 0.000000
vt 0.403326 1.000000
vt 0.403326 0.000000
vt 0.405405 1.000000
vt 0.405405 0.000000
vt 0.407484 1.000000
vt 0.407484 0.000000
vt 0.409563 1.000000
vt 0.409563 0.000000
vt 0.411642 1.000000
vt 0.411642 0.000000
vt 0.413721 1.000000
vt 0.413721 0.000000
vt 0.415800 1.000000
vt 0.415800 0.000000
vt 0.417879 1.000000
vt 0.417879 0.000000
vt 0.419958 1.000000
vt 0.419958 0.000000
vt 0.422037 1.000000
vt 0.422037 0.000000
vt 0.424116 1.000000
vt 0.424116 0.000000
vt 0.426195 1.000000
vt 0.426195 0.000000
vt 0.428274 1.000000
vt 0.428274 0.000000
vt 0.430353 1.000000
vt 0.430353 0.000000
vt 0.432432 1.000000
vt 0.432432 0.000000
vt 0.434511 1.000000
vt 0.434511 0.000000
vt 0.436590 1.000000
vt 0.436590 0.000000
vt 0.438669 1.000000
vt 0.438669 0.000000
vt 0.440748 1.000000
vt 0.440748 0.000000
vt 0.442827 1.000000
vt 0.442827 0.000000
vt 0.444906 1.000000
vt 0.444906 0.000000
vt 0.446985 1.000000
vt 0.446985 0.000000
vt 0.449064 1.000000
vt 0.449064 0.000000
vt 0.451143 1.000000
vt 0.451143 0.000000
vt 0.453222 1.000000
vt 0.453222 0.000000
vt 0.455301 1.000000
vt 0.455301 0.000000
vt 0.457380 1.000000
vt 0.457380 0.000000
vt 0.459459 1.000000
vt 0.459459 0.000000
vt 0.461538 1.000000
vt 0.463617 1.000000
vt 0.463617 0.000000
vt 0.465696 1.000000
vt 0.465696 0.000000
vt 0.467775 1.000000
vt 0.467775 0.000000
vt 0.469854 1.000000
vt 0.469854 0.000000
vt 0.471933 1.000000
vt 0.471933 0.000000
vt 0.474012 1.000000
vt 0.474012 0.000000
vt 0.476091 1.000000
vt 0.476091 0.000000
vt 0.478170 1.000000
vt 0.478170 0.000000
vt 0.480249 1.000000
vt 0.480249 0.000000
vt 0.482328 1.000000
vt 0.482328 0.000000
vt 0.484407 1.000000
vt 0.484407 0.000000
vt 0.486486 1.000000
vt 0.486486 0.000000
vt 0.488565 1.000000
vt 0.488565 0.000000
vt 0.490644 1.000000
vt 0.490644 0.000000
vt 0.492723 1.000000
vt 0.492723 0.000000
vt 0.494803 1.000000
vt 0.494803 0.000000
vt 0.496881 1.000000
vt 0.496881 0.000000
vt 0.498960 1.000000
vt 0.498960 0.000000
vt 0.501040 1.000000
vt 0.501040 0.000000
vt 0.503119 1.000000
vt 0.503119 0.000000
vt 0.505198 1.000000
vt 0.505198 0.000000
vt 0.507277 1.000000
vt 0.507277 0.000000
vt 0.509355 1.000000
vt 0.509355 0.000000
vt 0.511434 1.000000
vt 0.511434 0.000000
vt 0.513514 1.000000
vt 0.513514 0.000000
vt 0.515593 1.000000
vt 0.515593 0.000000
vt 0.517672 1.000000
vt 0.517672 0.000000
vt 0.519751 1.000000
vt 0.519751 0.000000
vt 0.521830 1.000000
vt 0.521830 0.000000
vt 0.523908 1.000000
vt 0.523908 0.000000
vt 0.525988 1.000000
vt 0.525988 0.000000
vt 0.528067 1.000000
vt 0.528067 0.000000
vt 0.530146 1.000000
vt 0.530146 0.000000
vt 0.532225 1.000000
vt 0.532225 0.000000
vt 0.534304 1.000000
vt 0.534304 0.000000
vt 0.536383 1.000000
vt 0.536383 0.000000
vt 0.538462 1.000000
vt 0.540541 1.000000
vt 0.540541 0.000000
vt 0.542620 1.000000
vt 0.542620 0.000000
vt 0.544699 1.000000
vt 0.544699 0.000000
vt 0.546778 1.000000
vt 0.546778 0.000000
vt 0.548857 1.000000
vt 0.548857 0.000000
vt 0.550936 1.000000
vt 0.550936 0.000000
vt 0.553015 1.000000
vt 0.553015 0.000000
vt 0.555094 1.000000
vt 0.555094 0.000000
vt 0.557173 1.000000
vt 0.557173 0.000000
vt 0.559252 1.000000
vt 0.559252 0.000000
vt 0.561331 1.000000
vt 0.561331 0.000000
vt 0.563410 1.000000
vt 0.563410 0.000000
vt 0.565489 1.000000
vt 0.565489 0.000000
vt 0.567568 1.000000
vt 0.567568 0.000000
vt 0.569647 1.000000
vt 0.569647 0.000000
vt 0.571726 1.000000
vt 0.571726 0.000000
vt 0.573805 1.000000
vt 0.573805 0.000000
vt 0.575884 1.000000
vt 0.575884 0.000000
vt 0.577963 1.000000
vt 0.577963 0.000000
vt 0.580042 1.000000
vt 0.580042 0.000000
vt 0.582121 1.000000
vt 0.582121 0.000000
vt 0.584200 1.000000
vt 0.584200 0.000000
vt 0.586279 1.000000
vt 0.586279 0.000000
vt 0.588358 1.000000
vt 0.588358 0.000000
vt 0.590437 1.000000
vt 0.590437 0.000000
vt 0.592516 1.000000
vt 0.592516 0.000000
vt 0.594595 1.000000
vt 0.594595 0.000000
vt 0.596674 1.000000
vt 0.596674 0.000000
vt 0.598753 1.000000
vt 0.598753 0.000000
vt 0.600832 1.000000
vt 0.600832 0.000000
vt 0.602911 1.000000
vt 0.602911 0.000000
vt 0.604990 1.000000
vt 0.604990 0.000000
vt 0.607069 1.000000
vt 0.607069 0.000000
vt 0.609148 1.000000
vt 0.609148 0.000000
vt 0.611227 1.000000
vt 0.611227 0.000000
vt 0.613306 1.000000
vt 0.613306 0.000000
vt 0.615385 1.000000
vt 0.617464 1.000000
vt 0.617464 0.000000
vt 0.619543 1.000000
vt 0.619543 0.000000
vt 0.621622 1.000000
vt 0.621622 0.000000
vt 0.623701 1.000000
vt 0.623701 0.000000
vt 0.625780 1.000000
vt 0.625780 0.000000
vt 0.627859 1.000000
vt 0.627859 0.000000
vt 0.629938 1.000000
vt 0.629938 0.000000
vt 0.632017 1.000000
vt 0.632017 0.000000
vt 0.634096 1.000000
vt 0.634096 0.000000
vt 0.636175 1.000000
vt 0.636175 0.000000
vt 0.638254 1.000000
vt 0.638254 0.000000
vt 0.640333 1.000000
vt 0.640333 0.000000
vt 0.642412 1.000000
vt 0.642412 0.000000
vt 0.644491 1.000000
vt 0.644491 0.000000
vt 0.646570 1.000000
vt 0.646570 0.000000
vt 0.648649 1.000000
vt 0.648649 0.000000
vt 0.650728 1.000000
vt 0.650728 0.000000
vt 0.652807 1.000000
vt 0.652807 0.000000
vt 0.654886 1.000000
vt 0.654886 0.000000
vt 0.656965 1.000000
vt 0.656965 0.000000
vt 0.659044 1.000000
vt 0.659044 0.000000
vt 0.661123 1.000000
vt 0.661123 0.000000
vt 0.663202 1.000000
vt 0.663202 0.000000
vt 0.665281 1.000000
vt 0.665281 0.000000
vt 0.667360 1.000000
vt 0.667360 0.000000
vt 0.669439 1.000000
vt 0.669439 0.000000
vt 0.671518 1.000000
vt 0.671518 0.000000
vt 0.673597 1.000000
vt 0.673597 0.000000
vt 0.675676 1.000000
vt 0.675676 0.000000
vt 0.677755 1.000000
vt 0.677755 0.000000
vt 0.679834 1.000000
vt 0.679834 0.000000
vt 0.681913 1.000000
vt 0.681913 0.000000
vt 0.683992 1.000000
vt 0.683992 0.000000
vt 0.686071 1.000000
vt 0.686071 0.000000
vt 0.688150 1.000000
vt 0.688150 0.000000
vt 0.690229 1.000000
vt 0.690229 0.000000
vt 0.692308 1.000000
vt 0.694387 1.000000
vt 0.694387 0.000000
vt 0.696466 1.000000
vt 0.696466 0.000000
vt 0.698545 1.000000
vt 0.698545 0.000000
vt 0.700624 1.000000
vt 0.700624 0.000000
vt 0.702703 1.000000
vt 0.702703 0.000000
vt 0.704782 1.000000
vt 0.704782 0.000000
vt 0.706861 1.000000
vt 0.706861 0.000000
vt 0.708940 1.000000
vt 0.708940 0.000000
vt 0.711019 1.000000
vt 0.711019 0.000000
vt 0.713098 1.000000
vt 0.713098 0.000000
vt 0.715177 1.000000
vt 0.715177 0.000000
vt 0.717256 1.000000
vt 0.717256 0.000000
vt 0.719335 1.000000
vt 0.719335 0.000000
vt 0.721414 1.000000
vt 0.721414 0.000000
vt 0.723493 1.000000
vt 0.723493 0.000000
vt 0.725572 1.000000
vt 0.725572 0.000000
vt 0.727651 1.000000
vt 0.727651 0.000000
vt 0.729730 1.000000
vt 0.729730 0.000000
vt 0.731809 1.000000
vt 0.731809 0.000000
vt 0.733888 1.000000
vt 0.733888 0.000000
vt 0.735967 1.000000
vt 0.735967 0.000000
vt 0.738046 1.000000
vt 0.738046 0.000000
vt 0.740125 1.000000
vt 0.740125 0.000000
vt 0.742204 1.000000
vt 0.742204 0.000000
vt 0.744283 1.000000
vt 0.744283 0.000000
vt 0.746362 1.000000
vt 0.746362 0.000000
vt 0.748441 1.000000
vt 0.748441 0.000000
vt 0.750520 1.000000
vt 0.750520 0.000000
vt 0.752599 1.000000
vt 0.752599 0.000000
vt 0.754678 1.000000
vt 0.754678 0.000000
vt 0.756757 1.000000
vt 0.756757 0.000000
vt 0.758836 1.000000
vt 0.758836 0.000000
vt 0.760915 1.000000
vt 0.760915 0.000000
vt 0.762994 1.000000
vt 0.762994 0.000000
vt 0.765073 1.000000
vt 0.765073 0.000000
vt 0.767152 1.000000
vt 0.767152 0.000000
vt 0.769231 1.000000
vt 0.771310 1.000000
vt 0.771310 0.000000
vt 0.773389 1.000000
vt 0.773389 0.000000
vt 0.775468 1.000000
vt 0.775468 0.000000
vt 0.777547 1.000000
vt 0.777547 0.000000
vt 0.779626 1.000000
vt 0.779626 0.000000
vt 0.781705 1.000000
vt 0.781705 0.000000
vt 0.783784 1.000000
vt 0.783784 0.000000
vt 0.785863 1.000000
vt 0.785863 0.000000
vt 0.787942 1.000000
vt 0.787942 0.000000
vt 0.790021 1.000000
vt 0.790021 0.000000
vt 0.792100 1.000000
vt 0.792100 0.000000
vt 0.794179 1.000000
vt 0.794179 0.000000
vt 0.796258 1.000000
vt 0.796258 0.000000
vt 0.798337 1.000000
vt 0.798337 0.000000
vt 0.800416 1.000000
vt 0.800416 0.000000
vt 0.802495 1.000000
vt 0.802495 0.000000
vt 0.804574 1.000000
vt 0.804574 0.000000
vt 0.806653 1.000000
vt 0.806653 0.000000
vt 0.808732 1.000000
vt 0.808732 0.000000
vt 0.810811 1.000000
vt 0.810811 0.000000
vt 0.812890 1.000000
vt 0.812890 0.000000
vt 0.814969 1.000000
vt 0.814969 0.000000
vt 0.817048 1.000000
vt 0.817048 0.000000
vt 0.819127 1.000000
vt 0.819127 0.000000
vt 0.821206 1.000000
vt 0.821206 0.000000
vt 0.823285 1.000000
vt 0.823285 0.000000
vt 0.825364 1.000000
vt 0.825364 0.000000
vt 0.827443 1.000000
vt 0.827443 0.000000
vt 0.829522 1.000000
vt 0.829522 0.000000
vt 0.831601 1.000000
vt 0.831601 0.000000
vt 0.833680 1.000000
vt 0.833680 0.000000
vt 0.835759 1.000000
vt 0.835759 0.000000
vt 0.837838 1.000000
vt 0.837838 0.000000
vt 0.839917 1.000000
vt 0.839917 0.000000
vt 0.841996 1.000000
vt 0.841996 0.000000
vt 0.844075 1.000000
vt 0.844075 0.000000
vt 0.846154 1.000000
vt 0.848233 1.000000
vt 0.848233 0.000000
vt 0.850312 1.000000
vt 0.850312 0.000000
vt 0.852391 1.000000
vt 0.852391 0.000000
vt 0.854470 1.000000
vt 0.854470 0.000000
vt 0.856549 1.000000
vt 0.856549 0.000000
vt 0.858628 1.000000
vt 0.858628 0.000000
vt 0.860707 1.000000
vt 0.860707 0.000000
vt 0.862786 1.000000
vt 0.862786 0.000000
vt 0.864865 1.000000
vt 0.864865 0.000000
vt 0.866944 1.000000
vt 0.866944 0.000000
vt 0.869023 1.000000
vt 0.869023 0.000000
vt 0.871102 1.000000
vt 0.871102 0.000000
vt 0.873181 1.000000
vt 0.873181 0.000000
vt 0.875260 1.000000
vt 0.875260 0.000000
vt 0.877339 1.000000
vt 0.877339 0.000000
vt 0.879418 1.000000
vt 0.879418 0.000000
vt 0.881497 1.000000
vt 0.881497 0.000000
vt 0.883576 1.000000
vt 0.883576 0.000000
vt 0.885655 1.000000
vt 0.885655 0.000000
vt 0.887734 1.000000
vt 0.887734 0.000000
vt 0.889813 1.000000
vt 0.889813 0.000000
vt 0.891892 1.000000
vt 0.891892 0.000000
vt 0.893971 1.000000
vt 0.893971 0.000000
vt 0.896050 1.000000
vt 0.896050 0.000000
vt 0.898129 1.000000
vt 0.898129 0.000000
vt 0.900208 1.000000
vt 0.900208 0.000000
vt 0.902287 1.000000
vt 0.902287 0.000000
vt 0.904366 1.000000
vt 0.904366 0.000000
vt 0.906445 1.000000
vt 0.906445 0.000000
vt 0.908524 1.000000
vt 0.908524 0.000000
vt 0.910603 1.000000
vt 0.910603 0.000000
vt 0.912682 1.000000
vt 0.912682 0.000000
vt 0.914761 1.000000
vt 0.914761 0.000000
vt 0.916840 1.000000
vt 0.916840 0.000000
vt 0.918919 1.000000
vt 0.918919 0.000000
vt 0.920998 1.000000
vt 0.920998 0.000000
vt 0.923077 1.000000
vt 0.925156 1.000000
vt 0.925156 0.000000
vt 0.927235 1.000000
vt 0.927235 0.000000
vt 0.929314 1.000000
vt 0.929314 0.000000
vt 0.931393 1.000000
vt 0.931393 0.000000
vt 0.933472 1.000000
vt 0.933472 0.000000
vt 0.935551 1.000000
vt 0.935551 0.000000
vt 0.937630 1.000000
vt 0.937630 0.000000
vt 0.939709 1.000000
vt 0.939709 0.000000
vt 0.941788 1.000000
vt 0.941788 0.000000
vt 0.943867 1.000000
vt 0.943867 0.000000
vt 0.945946 1.000000
vt 0.945946 0.000000
vt 0.948025 1.000000
vt 0.948025 0.000000
vt 0.950104 1.000000
vt 0.950104 0.000000
vt 0.952183 1.000000
vt 0.952183 0.000000
vt 0.954262 1.000000
vt 0.954262 0.000000
vt 0.956341 1.000000
vt 0.956341 0.000000
vt 0.958420 1.000000
vt 0.958420 0.000000
vt 0.960499 1.000000
vt 0.960499 0.000000
vt 0.962578 1.000000
vt 0.962578 0.000000
vt 0.964657 1.000000
vt 0.964657 0.000000
vt 0.966736 1.000000
vt 0.966736 0.000000
vt 0.968815 1.000000
vt 0.968815 0.000000
vt 0.970894 1.000000
vt 0.970894 0.000000
vt 0.972973 1.000000
vt 0.972973 0.000000
vt 0.975052 1.000000
vt 0.975052 0.000000
vt 0.977131 1.000000
vt 0.977131 0.000000
vt 0.979210 1.000000
vt 0.979210 0.000000
vt 0.981289 1.000000
vt 0.981289 0.000000
vt 0.983368 1.000000
vt 0.983368 0.000000
vt 0.985447 1.000000
vt 0.985447 0.000000
vt 0.987526 1.000000
vt 0.987526 0.000000
vt 0.989605 1.000000
vt 0.989605 0.000000
vt 0.991684 1.000000
vt 0.991684 0.000000
vt 0.993763 1.000000
vt 0.993763 0.000000
vt 0.995842 1.000000
vt 0.995842 0.000000
vt 0.997921 1.000000
vt 0.997921 0.000000
vt 0.005525 1.000000
vt 0.005525 0.000000
vt 0.011050 1.000000
vt 0.011050 0.000000
vt 0.016575 1.000000
vt 0.016575 0.000000
vt 0.022099 1.000000
vt 0.022099 0.000000
vt 0.027624 1.000000
vt 0.027624 0.000000
vt 0.033149 1.000000
vt 0.033149 0.000000
vt 0.038674 1.000000
vt 0.038674 0.000000
vt 0.044199 1.000000
vt 0.044199 0.000000
vt 0.049724 1.000000
vt 0.049724 0.000000
vt 0.055249 1.000000
vt 0.055249 0.000000
vt 0.060773 1.000000
vt 0.060773 0.000000
vt 0.066298 1.000000
vt 0.066298 0.000000
vt 0.071823 1.000000
vt 0.071823 0.000000
vt 0.077348 1.000000
vt 0.077348 0.000000
vt 0.082873 1.000000
vt 0.082873 0.000000
vt 0.088398 1.000000
vt 0.088398 0.000000
vt 0.093923 1.000000
vt 0.093923 0.000000
vt 0.099448 1.000000
vt 0.099448 0.000000
vt 0.104972 1.000000
vt 0.104972 0.000000
vt 0.110497 1.000000
vt 0.110497 0.000000
vt 0.116022 1.000000
vt 0.116022 0.000000
vt 0.121547 1.000000
vt 0.121547 0.000000
vt 0.127072 1.000000
vt 0.127072 0.000000
vt 0.132597 1.000000
vt 0.132597 0.000000
vt 0.138122 1.000000
vt 0.138122 0.000000
vt 0.143646 1.000000
vt 0.143646 0.000000
vt 0.149171 1.000000
vt 0.149171 0.000000
vt 0.154696 1.000000
vt 0.154696 0.000000
vt 0.160221 1.000000
vt 0.160221 0.000000
vt 0.165746 1.000000
vt 0.165746 0.000000
vt 0.171271 1.000000
vt 0.171271 0.000000
vt 0.176796 1.000000
vt 0.176796 0.000000
vt 0.182320 1.000000
vt 0.182320 0.000000
vt 0.187845 1.000000
vt 0.187845 0.000000
vt 0.193370 1.000000
vt 0.193370 0.000000
vt 0.198895 1.000000
vt 0.198895 0.000000
vt 0.204420 1.000000
vt 0.204420 0.000000
vt 0.209945 1.000000
vt 0.209945 0.000000
vt 0.215470 1.000000
vt 0.215470 0.000000
vt 0.220994 1.000000
vt 0.220994 0.000000
vt 0.226519 1.000000
vt 0.226519 0.000000
vt 0.232044 1.000000
vt 0.232044 0.000000
vt 0.237569 1.000000
vt 0.237569 0.000000
vt 0.243094 1.000000
vt 0.243094 0.000000
vt 0.248619 1.000000
vt 0.248619 0.000000
vt 0.254144 1.000000
vt 0.254144 0.000000
vt 0.259668 1.000000
vt 0.259668 0.000000
vt 0.265193 1.000000
vt 0.265193 0.000000
vt 0.270718 1.000000
vt 0.270718 0.000000
vt 0.276243 1.000000
vt 0.276243 0.000000
vt 0.281768 1.000000
vt 0.281768 0.000000
vt 0.287293 1.000000
vt 0.287293 0.000000
vt 0.292818 1.000000
vt 0.292818 0.000000
vt 0.298343 1.000000
vt 0.298343 0.000000
vt 0.303867 1.000000
vt 0.303867 0.000000
vt 0.309392 1.000000
vt 0.309392 0.000000
vt 0.314917 1.000000
vt 0.314917 0.000000
vt 0.320442 1.000000
vt 0.320442 0.000000
vt 0.325967 1.000000
vt 0.325967 0.000000
vt 0.331492 1.000000
vt 0.331492 0.000000
vt 0.337017 1.000000
vt 0.337017 0.000000
vt 0.342541 1.000000
vt 0.342541 0.000000
vt 0.348066 1.000000
vt 0.348066 0.000000
vt 0.353591 1.000000
vt 0.353591 0.000000
vt 0.359116 1.000000
vt 0.359116 0.000000
vt 0.364641 1.000000
vt 0.364641 0.000000
vt 0.370166 1.000000
vt 0.370166 0.000000
vt 0.375691 1.000000
vt 0.375691 0.000000
vt 0.381215 1.000000
vt 0.381215 0.000000
vt 0.386740 1.000000
vt 0.386740 0.000000
vt 0.392265 1.000000
vt 0.392265 0.000000
vt 0.397790 1.000000
vt 0.397790 0.000000
vt 0.403315 1.000000
vt 0.403315 0.000000
vt 0.408840 1.000000
vt 0.408840 0.000000
vt 0.414365 1.000000
vt 0.414365 0.000000
vt 0.419890 1.000000
vt 0.419890 0.000000
vt 0.425414 1.000000
vt 0.425414 0.000000
vt 0.430939 1.000000
vt 0.430939 0.000000
vt 0.436464 1.000000
vt 0.436464 0.000000
vt 0.441989 1.000000
vt 0.441989 0.000000
vt 0.447514 1.000000
vt 0.447514 0.000000
vt 0.453039 1.000000
vt 0.453039 0.000000
vt 0.458564 1.000000
vt 0.458564 0.000000
vt 0.464088 1.000000
vt 0.464088 0.000000
vt 0.469613 1.000000
vt 0.469613 0.000000
vt 0.475138 1.000000
vt 0.475138 0.000000
vt 0.480663 1.000000
vt 0.480663 0.000000
vt 0.486188 1.000000
vt 0.486188 0.000000
vt 0.491713 1.000000
vt 0.491713 0.000000
vt 0.497238 1.000000
vt 0.497238 0.000000
vt 0.502762 1.000000
vt 0.502762 0.000000
vt 0.508287 1.000000
vt 0.508287 0.000000
vt 0.513812 1.000000
vt 0.513812 0.000000
vt 0.519337 1.000000
vt 0.519337 0.000000
vt 0.524862 1.000000
vt 0.524862 0.000000
vt 0.530387 1.000000
vt 0.530387 0.000000
vt 0.535912 1.000000
vt 0.535912 0.000000
vt 0.541436 1.000000
vt 0.541436 0.000000
vt 0.546961 1.000000
vt 0.546961 0.000000
vt 0.552486 1.000000
vt 0.552486 0.000000
vt 0.558011 1.000000
vt 0.558011 0.000000
vt 0.563536 1.000000
vt 0.563536 0.000000
vt 0.569061 1.000000
vt 0.569061 0.000000
vt 0.574586 1.000000
vt 0.574586 0.000000
vt 0.580110 1.000000
vt 0.580110 0.000000
vt 0.585635 1.000000
vt 0.585635 0.000000
vt 0.591160 1.000000
vt 0.591160 0.000000
vt 0.596685 1.000000
vt 0.596685 0.000000
vt 0.602210 1.000000
vt 0.602210 0.000000
vt 0.607735 1.000000
vt 0.607735 0.000000
vt 0.613260 1.000000
vt 0.613260 0.000000
vt 0.618785 1.000000
vt 0.618785 0.000000
vt 0.624309 1.000000
vt 0.624309 0.000000
vt 0.629834 1.000000
vt 0.629834 0.000000
vt 0.635359 1.000000
vt 0.635359 0.000000
vt 0.640884 1.000000
vt 0.640884 0.000000
vt 0.646409 1.000000
vt 0.646409 0.000000
vt 0.651934 1.000000
vt 0.651934 0.000000
vt 0.657459 1.000000
vt 0.657459 0.000000
vt 0.662983 1.000000
vt 0.662983 0.000000
vt 0.668508 1.000000
vt 0.668508 0.000000
vt 0.674033 1.000000
vt 0.674033 0.000000
vt 0.679558 1.000000
vt 0.679558 0.000000
vt 0.685083 1.000000
vt 0.685083 0.000000
vt 0.690608 1.000000
vt 0.690608 0.000000
vt 0.696133 1.000000
vt 0.696133 0.000000
vt 0.701657 1.000000
vt 0.701657 0.000000
vt 0.707182 1.000000
vt 0.707182 0.000000
vt 0.712707 1.000000
vt 0.712707 0.000000
vt 0.718232 1.000000
vt 0.718232 0.000000
vt 0.723757 1.000000
vt 0.723757 0.000000
vt 0.729282 1.000000
vt 0.729282 0.000000
vt 0.734807 1.000000
vt 0.734807 0.000000
vt 0.740331 1.000000
vt 0.740331 0.000000
vt 0.745856 1.000000
vt 0.745856 0.000000
vt 0.751381 1.000000
vt 0.751381 0.000000
vt 0.756906 1.000000
vt 0.756906 0.000000
vt 0.762431 1.000000
vt 0.762431 0.000000
vt 0.767956 1.000000
vt 0.767956 0.000000
vt 0.773481 1.000000
vt 0.773481 0.000000
vt 0.779006 1.000000
vt 0.779006 0.000000
vt 0.784530 1.000000
vt 0.784530 0.000000
vt 0.790055 1.000000
vt 0.790055 0.000000
vt 0.795580 1.000000
vt 0.795580 0.000000
vt 0.801105 1.000000
vt 0.801105 0.000000
vt 0.806630 1.000000
vt 0.806630 0.000000
vt 0.812155 1.000000
vt 0.812155 0.000000
vt 0.817680 1.000000
vt 0.817680 0.000000
vt 0.823204 1.000000
vt 0.823204 0.000000
vt 0.828729 1.000000
vt 0.828729 0.000000
vt 0.834254 1.000000
vt 0.834254 0.000000
vt 0.839779 1.000000
vt 0.839779 0.000000
vt 0.845304 1.000000
vt 0.845304 0.000000
vt 0.850829 1.000000
vt 0.850829 0.000000
vt 0.856354 1.000000
vt 0.856354 0.000000
vt 0.861878 1.000000
vt 0.861878 0.000000
vt 0.867403 1.000000
vt 0.867403 0.000000
vt 0.872928 1.000000
vt 0.872928 0.000000
vt 0.878453 1.000000
vt 0.878453 0.000000
vt 0.883978 1.000000
vt 0.883978 0.000000
vt 0.889503 1.000000
vt 0.889503 0.000000
vt 0.895028 1.000000
vt 0.895028 0.000000
vt 0.900553 1.000000
vt 0.900553 0.000000
vt 0.906077 1.000000
vt 0.906077 0.000000
vt 0.911602 1.000000
vt 0.911602 0.000000
vt 0.917127 1.000000
vt 0.917127 0.000000
vt 0.922652 1.000000
vt 0.922652 0.000000
vt 0.928177 1.000000
vt 0.928177 0.000000
vt 0.933702 1.000000
vt 0.933702 0.000000
vt 0.939227 1.000000
vt 0.939227 0.000000
vt 0.944751 1.000000
vt 0.944751 0.000000
vt 0.950276 1.000000
vt 0.950276 0.000000
vt 0.955801 1.000000
vt 0.955801 0.000000
vt 0.961326 1.000000
vt 0.961326 0.000000
vt 0.966851 1.000000
vt 0.966851 0.000000
vt 0.972376 1.000000
vt 0.972376 0.000000
vt 0.977901 1.000000
vt 0.977901 0.000000
vt 0.983425 1.000000
vt 0.983425 0.000000
vt 0.988950 1.000000
vt 0.988950 0.000000
vt 0.994475 1.000000
vt 0.994475 0.000000
vt 0.016667 1.000000
vt 0.033333 1.000000
vt 0.050000 1.000000
vt 0.066667 1.000000
vt 0.100000 1.000000
vt 0.116667 1.000000
vt 0.133333 1.000000
vt 0.150000 1.000000
vt 0.183333 1.000000
vt 0.200000 1.000000
vt 0.216667 1.000000
vt 0.233333 1.000000
vt 0.266667 1.000000
vt 0.283333 1.000000
vt 0.300000 1.000000
vt 0.316667 1.000000
vt 0.350000 1.000000
vt 0.366667 1.000000
vt 0.383333 1.000000
vt 0.400000 1.000000
vt 0.433333 1.000000
vt 0.450000 1.000000
vt 0.466667 1.000000
vt 0.483333 1.000000
vt 0.516667 1.000000
vt 0.533333 1.000000
vt 0.550000 1.000000
vt 0.566667 1.000000
vt 0.600000 1.000000
vt 0.616667 1.000000
vt 0.633333 1.000000
vt 0.650000 1.000000
vt 0.683333 1.000000
vt 0.700000 1.000000
vt 0.716667 1.000000
vt 0.733333 1.000000
vt 0.766667 1.000000
vt 0.783333 1.000000
vt 0.800000 1.000000
vt 0.816667 1.000000
vt 0.850000 1.000000
vt 0.866667 1.000000
vt 0.883333 1.000000
vt 0.900000 1.000000
vt 0.933333 1.000000
vt 0.950000 1.000000
vt 0.966667 1.000000
vt 0.983333 1.000000
vt 0.010417 1.000000
vt 0.031250 1.000000
vt 0.052083 1.000000
vt 0.072917 1.000000
vt 0.093750 1.000000
vt 0.114583 1.000000
vt 0.135417 1.000000
vt 0.156250 1.000000
vt 0.177083 1.000000
vt 0.197917 1.000000
vt 0.218750 1.000000
vt 0.239583 1.000000
vt 0.260417 1.000000
vt 0.281250 1.000000
vt 0.302083 1.000000
vt 0.322917 1.000000
vt 0.343750 1.000000
vt 0.364583 1.000000
vt 0.385417 1.000000
vt 0.406250 1.000000
vt 0.427083 1.000000
vt 0.447917 1.000000
vt 0.468750 1.000000
vt 0.489583 1.000000
vt 0.510417 1.000000
vt 0.531250 1.000000
vt 0.552083 1.000000
vt 0.572917 1.000000
vt 0.593750 1.000000
vt 0.614583 1.000000
vt 0.635417 1.000000
vt 0.656250 1.000000
vt 0.677083 1.000000
vt 0.697917 1.000000
vt 0.718750 1.000000
vt 0.739583 1.000000
vt 0.760417 1.000000
vt 0.781250 1.000000
vt 0.802083 1.000000
vt 0.822917 1.000000
vt 0.843750 1.000000
vt 0.864583 1.000000
vt 0.885417 1.000000
vt 0.906250 1.000000
vt 0.927083 1.000000
vt 0.947917 1.000000
vt 0.968750 1.000000
vt 0.989583 1.000000
vt 0.005208 1.000000
vt 0.005208 0.000000
vt 0.015625 1.000000
vt 0.015625 0.000000
vt 0.026042 1.000000
vt 0.026042 0.000000
vt 0.036458 1.000000
vt 0.036458 0.000000
vt 0.046875 1.000000
vt 0.046875 0.000000
vt 0.057292 1.000000
vt 0.057292 0.000000
vt 0.067708 1.000000
vt 0.067708 0.000000
vt 0.078125 1.000000
vt 0.078125 0.000000
vt 0.088542 1.000000
vt 0.088542 0.000000
vt 0.098958 1.000000
vt 0.098958 0.000000
vt 0.109375 1.000000
vt 0.109375 0.000000
vt 0.119792 1.000000
vt 0.119792 0.000000
vt 0.130208 1.000000
vt 0.130208 0.000000
vt 0.140625 1.000000
vt 0.140625 0.000000
vt 0.151042 1.000000
vt 0.151042 0.000000
vt 0.161458 1.000000
vt 0.161458 0.000000
vt 0.171875 1.000000
vt 0.171875 0.000000
vt 0.182292 1.000000
vt 0.182292 0.000000
vt 0.192708 1.000000
vt 0.192708 0.000000
vt 0.203125 1.000000
vt 0.203125 0.000000
vt 0.213542 1.000000
vt 0.213542 0.000000
vt 0.223958 1.000000
vt 0.223958 0.000000
vt 0.234375 1.000000
vt 0.234375 0.000000
vt 0.244792 1.000000
vt 0.244792 0.000000
vt 0.255208 1.000000
vt 0.255208 0.000000
vt 0.265625 1.000000
vt 0.265625 0.000000
vt 0.276042 1.000000
vt 0.276042 0.000000
vt 0.286458 1.000000
vt 0.286458 0.000000
vt 0.296875 1.000000
vt 0.296875 0.000000
vt 0.307292 1.000000
vt 0.307292 0.000000
vt 0.317708 1.000000
vt 0.317708 0.000000
vt 0.328125 1.000000
vt 0.328125 0.000000
vt 0.338542 1.000000
vt 0.338542 0.000000
vt 0.348958 1.000000
vt 0.348958 0.000000
vt 0.359375 1.000000
vt 0.359375 0.000000
vt 0.369792 1.000000
vt 0.369792 0.000000
vt 0.380208 1.000000
vt 0.380208 0.000000
vt 0.390625 1.000000
vt 0.390625 0.000000
vt 0.401042 1.000000
vt 0.401042 0.000000
vt 0.411458 1.000000
vt 0.411458 0.000000
vt 0.421875 1.000000
vt 0.421875 0.000000
vt 0.432292 1.000000
vt 0.432292 0.000000
vt 0.442708 1.000000
vt 0.442708 0.000000
vt 0.453125 1.000000
vt 0.453125 0.000000
vt 0.463542 1.000000
vt 0.463542 0.000000
vt 0.473958 1.000000
vt 0.473958 0.000000
vt 0.484375 1.000000
vt 0.484375 0.000000
vt 0.494792 1.000000
vt 0.494792 0.000000
vt 0.505208 1.000000
vt 0.505208 0.000000
vt 0.515625 1.000000
vt 0.515625 0.000000
vt 0.526042 1.000000
vt 0.526042 0.000000
vt 0.536458 1.000000
vt 0.536458 0.000000
vt 0.546875 1.000000
vt 0.546875 0.000000
vt 0.557292 1.000000
vt 0.557292 0.000000
vt 0.567708 1.000000
vt 0.567708 0.000000
vt 0.578125 1.000000
vt 0.578125 0.000000
vt 0.588542 1.000000
vt 0.588542 0.000000
vt 0.598958 1.000000
vt 0.598958 0.000000
vt 0.609375 1.000000
vt 0.609375 0.000000
vt 0.619792 1.000000
vt 0.619792 0.000000
vt 0.630208 1.000000
vt 0.630208 0.000000
vt 0.640625 1.000000
vt 0.640625 0.000000
vt 0.651042 1.000000
vt 0.651042 0.000000
vt 0.661458 1.000000
vt 0.661458 0.000000
vt 0.671875 1.000000
vt 0.671875 0.000000
vt 0.682292 1.000000
vt 0.682292 0.000000
vt 0.692708 1.000000
vt 0.692708 0.000000
vt 0.703125 1.000000
vt 0.703125 0.000000
vt 0.713542 1.000000
vt 0.713542 0.000000
vt 0.723958 1.000000
vt 0.723958 0.000000
vt 0.734375 1.000000
vt 0.734375 0.000000
vt 0.744792 1.000000
vt 0.744792 0.000000
vt 0.755208 1.000000
vt 0.755208 0.000000
vt 0.765625 1.000000
vt 0.765625 0.000000
vt 0.776042 1.000000
vt 0.776042 0.000000
vt 0.786458 1.000000
vt 0.786458 0.000000
vt 0.796875 1.000000
vt 0.796875 0.000000
vt 0.807292 1.000000
vt 0.807292 0.000000
vt 0.817708 1.000000
vt 0.817708 0.000000
vt 0.828125 1.000000
vt 0.828125 0.000000
vt 0.838542 1.000000
vt 0.838542 0.000000
vt 0.848958 1.000000
vt 0.848958 0.000000
vt 0.859375 1.000000
vt 0.859375 0.000000
vt 0.869792 1.000000
vt 0.869792 0.000000
vt 0.880208 1.000000
vt 0.880208 0.000000
vt 0.890625 1.000000
vt 0.890625 0.000000
vt 0.901042 1.000000
vt 0.901042 0.000000
vt 0.911458 1.000000
vt 0.911458 0.000000
vt 0.921875 1.000000
vt 0.921875 0.000000
vt 0.932292 1.000000
vt 0.932292 0.000000
vt 0.942708 1.000000
vt 0.942708 0.000000
vt 0.953125 1.000000
vt 0.953125 0.000000
vt 0.963542 1.000000
vt 0.963542 0.000000
vt 0.973958 1.000000
vt 0.973958 0.000000
vt 0.984375 1.000000
vt 0.984375 0.000000
vt 0.994792 1.000000
vt 0.994792 0.000000
vt 0.005464 1.000000
vt 0.005464 0.000000
vt 0.010929 1.000000
vt 0.010929 0.000000
vt 0.016393 1.000000
vt 0.016393 0.000000
vt 0.021858 1.000000
vt 0.021858 0.000000
vt 0.027322 1.000000
vt 0.027322 0.000000
vt 0.032787 1.000000
vt 0.032787 0.000000
vt 0.038251 1.000000
vt 0.038251 0.000000
vt 0.043716 1.000000
vt 0.043716 0.000000
vt 0.049180 1.000000
vt 0.049180 0.000000
vt 0.054645 1.000000
vt 0.054645 0.000000
vt 0.060109 1.000000
vt 0.060109 0.000000
vt 0.065574 1.000000
vt 0.065574 0.000000
vt 0.071038 1.000000
vt 0.071038 0.000000
vt 0.076503 1.000000
vt 0.076503 0.000000
vt 0.081967 1.000000
vt 0.081967 0.000000
vt 0.087432 1.000000
vt 0.087432 0.000000
vt 0.092896 1.000000
vt 0.092896 0.000000
vt 0.098361 1.000000
vt 0.098361 0.000000
vt 0.103825 1.000000
vt 0.103825 0.000000
vt 0.109290 1.000000
vt 0.109290 0.000000
vt 0.114754 1.000000
vt 0.114754 0.000000
vt 0.120219 1.000000
vt 0.120219 0.000000
vt 0.125683 1.000000
vt 0.125683 0.000000
vt 0.131148 1.000000
vt 0.131148 0.000000
vt 0.136612 1.000000
vt 0.136612 0.000000
vt 0.142077 1.000000
vt 0.142077 0.000000
vt 0.147541 1.000000
vt 0.147541 0.000000
vt 0.153005 1.000000
vt 0.153005 0.000000
vt 0.158470 1.000000
vt 0.158470 0.000000
vt 0.163934 1.000000
vt 0.163934 0.000000
vt 0.169399 1.000000
vt 0.169399 0.000000
vt 0.174863 1.000000
vt 0.174863 0.000000
vt 0.180328 1.000000
vt 0.180328 0.000000
vt 0.185792 1.000000
vt 0.185792 0.000000
vt 0.191257 1.000000
vt 0.191257 0.000000
vt 0.196721 1.000000
vt 0.196721 0.000000
vt 0.202186 1.000000
vt 0.202186 0.000000
vt 0.207650 1.000000
vt 0.207650 0.000000
vt 0.213115 1.000000
vt 0.213115 0.000000
vt 0.218579 1.000000
vt 0.218579 0.000000
vt 0.224044 1.000000
vt 0.224044 0.000000
vt 0.229508 1.000000
vt 0.229508 0.000000
vt 0.234973 1.000000
vt 0.234973 0.000000
vt 0.240437 1.000000
vt 0.240437 0.000000
vt 0.245902 1.000000
vt 0.245902 0.000000
vt 0.251366 1.000000
vt 0.251366 0.000000
vt 0.256831 1.000000
vt 0.256831 0.000000
vt 0.262295 1.000000
vt 0.262295 0.000000
vt 0.267760 1.000000
vt 0.267760 0.000000
vt 0.273224 1.000000
vt 0.273224 0.000000
vt 0.278689 1.000000
vt 0.278689 0.000000
vt 0.284153 1.000000
vt 0.284153 0.000000
vt 0.289617 1.000000
vt 0.289617 0.000000
vt 0.295082 1.000000
vt 0.295082 0.000000
vt 0.300546 1.000000
vt 0.300546 0.000000
vt 0.306011 1.000000
vt 0.306011 0.000000
vt 0.311475 1.000000
vt 0.311475 0.000000
vt 0.316940 1.000000
vt 0.316940 0.000000
vt 0.322404 1.000000
vt 0.322404 0.000000
vt 0.327869 1.000000
vt 0.327869 0.000000
vt 0.338798 1.000000
vt 0.338798 0.000000
vt 0.344262 1.000000
vt 0.344262 0.000000
vt 0.349727 1.000000
vt 0.349727 0.000000
vt 0.355191 1.000000
vt 0.355191 0.000000
vt 0.360656 1.000000
vt 0.360656 0.000000
vt 0.366120 1.000000
vt 0.366120 0.000000
vt 0.371585 1.000000
vt 0.371585 0.000000
vt 0.377049 1.000000
vt 0.377049 0.000000
vt 0.382514 1.000000
vt 0.382514 0.000000
vt 0.387978 1.000000
vt 0.387978 0.000000
vt 0.393443 1.000000
vt 0.393443 0.000000
vt 0.398907 1.000000
vt 0.398907 0.000000
vt 0.404372 1.000000
vt 0.404372 0.000000
vt 0.409836 1.000000
vt 0.409836 0.000000
vt 0.415301 1.000000
vt 0.415301 0.000000
vt 0.420765 1.000000
vt 0.420765 0.000000
vt 0.426230 1.000000
vt 0.426230 0.000000
vt 0.431694 1.000000
vt 0.431694 0.000000
vt 0.437158 1.000000
vt 0.437158 0.000000
vt 0.442623 1.000000
vt 0.442623 0.000000
vt 0.448087 1.000000
vt 0.448087 0.000000
vt 0.453552 1.000000
vt 0.453552 0.000000
vt 0.459016 1.000000
vt 0.459016 0.000000
vt 0.464481 1.000000
vt 0.464481 0.000000
vt 0.469945 1.000000
vt 0.469945 0.000000
vt 0.475410 1.000000
vt 0.475410 0.000000
vt 0.480874 1.000000
vt 0.480874 0.000000
vt 0.486339 1.000000
vt 0.486339 0.000000
vt 0.491803 1.000000
vt 0.491803 0.000000
vt 0.497268 1.000000
vt 0.497268 0.000000
vt 0.502732 1.000000
vt 0.502732 0.000000
vt 0.508197 1.000000
vt 0.508197 0.000000
vt 0.513661 1.000000
vt 0.513661 0.000000
vt 0.519126 1.000000
vt 0.519126 0.000000
vt 0.524590 1.000000
vt 0.524590 0.000000
vt 0.530055 1.000000
vt 0.530055 0.000000
vt 0.535519 1.000000
vt 0.535519 0.000000
vt 0.540984 1.000000
vt 0.540984 0.000000
vt 0.546448 1.000000
vt 0.546448 0.000000
vt 0.551913 1.000000
vt 0.551913 0.000000
vt 0.557377 1.000000
vt 0.557377 0.000000
vt 0.562842 1.000000
vt 0.562842 0.000000
vt 0.568306 1.000000
vt 0.568306 0.000000
vt 0.573770 1.000000
vt 0.573770 0.000000
vt 0.579235 1.000000
vt 0.579235 0.000000
vt 0.584699 1.000000
vt 0.584699 0.000000
vt 0.590164 1.000000
vt 0.590164 0.000000
vt 0.595628 1.000000
vt 0.595628 0.000000
vt 0.601093 1.000000
vt 0.601093 0.000000
vt 0.606557 1.000000
vt 0.606557 0.000000
vt 0.612022 1.000000
vt 0.612022 0.000000
vt 0.617486 1.000000
vt 0.617486 0.000000
vt 0.622951 1.000000
vt 0.622951 0.000000
vt 0.628415 1.000000
vt 0.628415 0.000000
vt 0.633880 1.000000
vt 0.633880 0.000000
vt 0.639344 1.000000
vt 0.639344 0.000000
vt 0.644809 1.000000
vt 0.644809 0.000000
vt 0.650273 1.000000
vt 0.650273 0.000000
vt 0.655738 1.000000
vt 0.655738 0.000000
vt 0.661202 1.000000
vt 0.661202 0.000000
vt 0.672131 1.000000
vt 0.672131 0.000000
vt 0.677596 1.000000
vt 0.677596 0.000000
vt 0.683060 1.000000
vt 0.683060 0.000000
vt 0.688525 1.000000
vt 0.688525 0.000000
vt 0.693989 1.000000
vt 0.693989 0.000000
vt 0.699454 1.000000
vt 0.699454 0.000000
vt 0.704918 1.000000
vt 0.704918 0.000000
vt 0.710383 1.000000
vt 0.710383 0.000000
vt 0.715847 1.000000
vt 0.715847 0.000000
vt 0.721311 1.000000
vt 0.721311 0.000000
vt 0.726776 1.000000
vt 0.726776 0.000000
vt 0.732240 1.000000
vt 0.732240 0.000000
vt 0.737705 1.000000
vt 0.737705 0.000000
vt 0.743169 1.000000
vt 0.743169 0.000000
vt 0.748634 1.000000
vt 0.748634 0.000000
vt 0.754098 1.000000
vt 0.754098 0.000000
vt 0.759563 1.000000
vt 0.759563 0.000000
vt 0.765027 1.000000
vt 0.765027 0.000000
vt 0.770492 1.000000
vt 0.770492 0.000000
vt 0.775956 1.000000
vt 0.775956 0.000000
vt 0.781421 1.000000
vt 0.781421 0.000000
vt 0.786885 1.000000
vt 0.786885 0.000000
vt 0.792350 1.000000
vt 0.792350 0.000000
vt 0.797814 1.000000
vt 0.797814 0.000000
vt 0.803279 1.000000
vt 0.803279 0.000000
vt 0.808743 1.000000
vt 0.808743 0.000000
vt 0.814208 1.000000
vt 0.814208 0.000000
vt 0.819672 1.000000
vt 0.819672 0.000000
vt 0.825137 1.000000
vt 0.825137 0.000000
vt 0.830601 1.000000
vt 0.830601 0.000000
vt 0.836066 1.000000
vt 0.836066 0.000000
vt 0.841530 1.000000
vt 0.841530 0.000000
vt 0.846995 1.000000
vt 0.846995 0.000000
vt 0.852459 1.000000
vt 0.852459 0.000000
vt 0.857924 1.000000
vt 0.857924 0.000000
vt 0.863388 1.000000
vt 0.863388 0.000000
vt 0.868852 1.000000
vt 0.868852 0.000000
vt 0.874317 1.000000
vt 0.874317 0.000000
vt 0.879781 1.000000
vt 0.879781 0.000000
vt 0.885246 1.000000
vt 0.885246 0.000000
vt 0.890710 1.000000
vt 0.890710 0.000000
vt 0.896175 1.000000
vt 0.896175 0.000000
vt 0.901639 1.000000
vt 0.901639 0.000000
vt 0.907104 1.000000
vt 0.907104 0.000000
vt 0.912568 1.000000
vt 0.912568 0.000000
vt 0.918033 1.000000
vt 0.918033 0.000000
vt 0.923497 1.000000
vt 0.923497 0.000000
vt 0.928962 1.000000
vt 0.928962 0.000000
vt 0.934426 1.000000
vt 0.934426 0.000000
vt 0.939891 1.000000
vt 0.939891 0.000000
vt 0.945355 1.000000
vt 0.945355 0.000000
vt 0.950820 1.000000
vt 0.950820 0.000000
vt 0.956284 1.000000
vt 0.956284 0.000000
vt 0.961749 1.000000
vt 0.961749 0.000000
vt 0.967213 1.000000
vt 0.967213 0.000000
vt 0.972678 1.000000
vt 0.972678 0.000000
vt 0.978142 1.000000
vt 0.978142 0.000000
vt 0.983607 1.000000
vt 0.983607 0.000000
vt 0.989071 1.000000
vt 0.989071 0.000000
vt 0.994536 1.000000
vt 0.994536 0.000000
s 0
usemtl マテリアル
f 171/1/1 173/2/1 172/3/1
f 170/4/1 173/2/1 171/1/1
f 170/4/1 174/5/1 173/2/1
f 169/6/1 174/5/1 170/4/1
f 169/6/1 175/7/1 174/5/1
f 168/8/1 175/7/1 169/6/1
f 167/9/1 175/7/1 168/8/1
f 167/9/1 176/10/1 175/7/1
f 147/11/1 149/12/1 148/13/1
f 146/14/1 149/12/1 147/11/1
f 146/14/1 150/15/1 149/12/1
f 145/16/1 150/15/1 146/14/1
f 144/17/1 150/15/1 145/16/1
f 144/17/1 151/18/1 150/15/1
f 143/19/1 151/18/1 144/17/1
f 166/20/1 176/10/1 167/9/1
f 142/21/1 151/18/1 143/19/1
f 142/21/1 152/22/1 151/18/1
f 141/23/1 152/22/1 142/21/1
f 166/20/1 177/24/1 176/10/1
f 141/23/1 153/25/1 152/22/1
f 140/26/1 153/25/1 141/23/1
f 165/27/1 177/24/1 166/20/1
f 139/28/1 153/25/1 140/26/1
f 139/28/1 154/29/1 153/25/1
f 138/30/1 154/29/1 139/28/1
f 137/31/1 154/29/1 138/30/1
f 164/32/1 177/24/1 165/27/1
f 164/32/1 178/33/1 177/24/1
f 137/31/1 155/34/1 154/29/1
f 136/35/1 155/34/1 137/31/1
f 135/36/1 155/34/1 136/35/1
f 135/36/1 156/37/1 155/34/1
f 163/38/1 178/33/1 164/32/1
f 134/39/1 156/37/1 135/36/1
f 163/38/1 179/40/1 178/33/1
f 133/41/1 156/37/1 134/39/1
f 133/41/1 157/42/1 156/37/1
f 162/43/1 179/40/1 163/38/1
f 132/44/1 157/42/1 133/41/1
f 132/44/1 158/45/1 157/42/1
f 131/46/1 158/45/1 132/44/1
f 130/47/1 158/45/1 131/46/1
f 162/43/1 180/48/1 179/40/1
f 161/49/1 180/48/1 162/43/1
f 130/47/1 159/50/1 158/45/1
f 129/51/1 159/50/1 130/47/1
f 128/52/1 159/50/1 129/51/1
f 160/53/1 180/48/1 161/49/1
f 127/54/1 159/50/1 128/52/1
f 127/54/1 160/53/1 159/50/1
f 160/53/1 181/55/1 180/48/1
f 126/56/1 160/53/1 127/54/1
f 125/57/1 160/53/1 126/56/1
f 125/57/1 181/55/1 160/53/1
f 124/58/1 181/55/1 125/57/1
f 123/59/1 181/55/1 124/58/1
f 123/59/1 182/60/1 181/55/1
f 122/61/1 182/60/1 123/59/1
f 121/62/1 182/60/1 122/61/1
f 120/63/1 182/60/1 121/62/1
f 119/64/1 182/60/1 120/63/1
f 118/65/1 182/60/1 119/64/1
f 118/65/1 183/66/1 182/60/1
f 117/67/1 183/66/1 118/65/1
f 116/68/1 183/66/1 117/67/1
f 115/69/1 183/66/1 116/68/1
f 114/70/1 183/66/1 115/69/1
f 113/71/1 183/66/1 114/70/1
f 113/71/1 38/72/1 183/66/1
f 38/72/1 1/73/1 183/66/1
f 112/74/1 38/72/1 113/71/1
f 111/75/1 38/72/1 112/74/1
f 110/76/1 38/72/1 111/75/1
f 110/76/1 39/77/1 38/72/1
f 37/78/1 1/73/1 38/72/1
f 109/79/1 39/77/1 110/76/1
f 109/79/1 40/80/1 39/77/1
f 37/78/1 2/81/1 1/73/1
f 108/82/1 40/80/1 109/79/1
f 108/82/1 41/83/1 40/80/1
f 37/78/1 3/84/1 2/81/1
f 107/85/1 41/83/1 108/82/1
f 37/78/1 4/86/1 3/84/1
f 107/85/1 42/87/1 41/83/1
f 106/88/1 42/87/1 107/85/1
f 37/78/1 5/89/1 4/86/1
f 105/90/1 42/87/1 106/88/1
f 37/78/1 6/91/1 5/89/1
f 105/90/1 43/92/1 42/87/1
f 37/78/1 7/93/1 6/91/1
f 104/94/1 43/92/1 105/90/1
f 37/78/1 8/95/1 7/93/1
f 103/96/1 43/92/1 104/94/1
f 103/96/1 44/97/1 43/92/1
f 37/78/1 9/98/1 8/95/1
f 102/99/1 44/97/1 103/96/1
f 37/78/1 10/100/1 9/98/1
f 37/78/1 11/101/1 10/100/1
f 101/102/1 44/97/1 102/99/1
f 37/78/1 12/103/1 11/101/1
f 100/104/1 44/97/1 101/102/1
f 37/78/1 13/105/1 12/103/1
f 100/104/1 45/106/1 44/97/1
f 37/78/1 14/107/1 13/105/1
f 99/108/1 50/109/1 100/104/1
f 50/109/1 49/110/1 100/104/1
f 49/110/1 48/111/1 100/104/1
f 48/111/1 47/112/1 100/104/1
f 47/112/1 46/113/1 100/104/1
f 46/113/1 45/106/1 100/104/1
f 36/114/1 14/107/1 37/78/1
f 36/114/1 15/115/1 14/107/1
f 35/116/1 15/115/1 36/114/1
f 35/116/1 16/117/1 15/115/1
f 34/118/1 16/117/1 35/116/1
f 34/118/1 17/119/1 16/117/1
f 33/120/1 17/119/1 34/118/1
f 33/120/1 18/121/1 17/119/1
f 32/122/1 18/121/1 33/120/1
f 32/122/1 19/123/1 18/121/1
f 31/124/1 19/123/1 32/122/1
f 31/124/1 20/125/1 19/123/1
f 30/126/1 20/125/1 31/124/1
f 30/126/1 21/127/1 20/125/1
f 29/128/1 21/127/1 30/126/1
f 29/128/1 22/129/1 21/127/1
f 28/130/1 22/129/1 29/128/1
f 28/130/1 23/131/1 22/129/1
f 27/132/1 23/131/1 28/130/1
f 27/132/1 24/133/1 23/131/1
f 26/134/1 24/133/1 27/132/1
f 26/134/1 25/135/1 24/133/1
f 99/108/1 51/136/1 50/109/1
f 98/137/1 51/136/1 99/108/1
f 98/137/1 52/138/1 51/136/1
f 97/139/1 52/138/1 98/137/1
f 97/139/1 53/140/1 52/138/1
f 96/141/1 53/140/1 97/139/1
f 96/141/1 54/142/1 53/140/1
f 95/143/1 54/142/1 96/141/1
f 95/143/1 55/144/1 54/142/1
f 94/145/1 55/144/1 95/143/1
f 94/145/1 56/146/1 55/144/1
f 93/147/1 56/146/1 94/145/1
f 93/147/1 57/148/1 56/146/1
f 92/149/1 57/148/1 93/147/1
f 92/149/1 58/150/1 57/148/1
f 91/151/1 58/150/1 92/149/1
f 91/151/1 59/152/1 58/150/1
f 90/153/1 59/152/1 91/151/1
f 90/153/1 60/154/1 59/152/1
f 89/155/1 60/154/1 90/153/1
f 89/155/1 61/156/1 60/154/1
f 88/157/1 61/156/1 89/155/1
f 88/157/1 62/158/1 61/156/1
f 87/159/1 62/158/1 88/157/1
f 87/159/1 63/160/1 62/158/1
f 86/161/1 63/160/1 87/159/1
f 86/161/1 64/162/1 63/160/1
f 85/163/1 64/162/1 86/161/1
f 85/163/1 65/164/1 64/162/1
f 84/165/1 65/164/1 85/163/1
f 84/165/1 66/166/1 65/164/1
f 83/167/1 66/166/1 84/165/1
f 83/167/1 67/168/1 66/166/1
f 82/169/1 67/168/1 83/167/1
f 82/169/1 68/170/1 67/168/1
f 81/171/1 68/170/1 82/169/1
f 81/171/1 69/172/1 68/170/1
f 80/173/1 69/172/1 81/171/1
f 80/173/1 70/174/1 69/172/1
f 79/175/1 70/174/1 80/173/1
f 79/175/1 71/176/1 70/174/1
f 78/177/1 71/176/1 79/175/1
f 78/177/1 72/178/1 71/176/1
f 77/179/1 72/178/1 78/177/1
f 77/179/1 73/180/1 72/178/1
f 76/181/1 73/180/1 77/179/1
f 76/181/1 74/182/1 73/180/1
f 75/183/1 74/182/1 76/181/1
f 243/184/1 245/185/1 244/186/1
f 243/184/1 246/187/1 245/185/1
f 242/188/1 246/187/1 243/184/1
f 242/188/1 247/189/1 246/187/1
f 242/188/1 248/190/1 247/189/1
f 241/191/1 248/190/1 242/188/1
f 241/191/1 249/192/1 248/190/1
f 241/191/1 250/193/1 249/192/1
f 240/194/1 250/193/1 241/191/1
f 240/194/1 251/195/1 250/193/1
f 240/194/1 252/196/1 251/195/1
f 239/197/1 252/196/1 240/194/1
f 239/197/1 253/198/1 252/196/1
f 239/197/1 254/199/1 253/198/1
f 238/200/1 254/199/1 239/197/1
f 238/200/1 255/201/1 254/199/1
f 238/200/1 256/202/1 255/201/1
f 237/203/1 256/202/1 238/200/1
f 237/203/1 257/204/1 256/202/1
f 236/205/1 257/204/1 237/203/1
f 236/205/1 258/206/1 257/204/1
f 236/205/1 259/207/1 258/206/1
f 235/208/1 259/207/1 236/205/1
f 235/208/1 260/209/1 259/207/1
f 234/210/1 260/209/1 235/208/1
f 234/210/1 261/211/1 260/209/1
f 234/210/1 262/212/1 261/211/1
f 233/213/1 262/212/1 234/210/1
f 233/213/1 263/214/1 262/212/1
f 232/215/1 263/214/1 233/213/1
f 232/215/1 264/216/1 263/214/1
f 232/215/1 265/217/1 264/216/1
f 231/218/1 265/217/1 232/215/1
f 231/218/1 266/219/1 265/217/1
f 230/220/1 378/221/1 231/218/1
f 378/221/1 377/222/1 231/218/1
f 377/222/1 266/219/1 231/218/1
f 377/222/1 376/223/1 266/219/1
f 376/223/1 267/224/1 266/219/1
f 375/225/1 267/224/1 376/223/1
f 230/220/1 379/226/1 378/221/1
f 374/227/1 267/224/1 375/225/1
f 230/220/1 380/228/1 379/226/1
f 373/229/1 267/224/1 374/227/1
f 230/220/1 381/230/1 380/228/1
f 372/231/1 267/224/1 373/229/1
f 371/232/1 267/224/1 372/231/1
f 230/220/1 382/233/1 381/230/1
f 370/234/1 267/224/1 371/232/1
f 230/220/1 383/235/1 382/233/1
f 229/236/1 383/235/1 230/220/1
f 369/237/1 267/224/1 370/234/1
f 229/236/1 384/238/1 383/235/1
f 368/239/1 267/224/1 369/237/1
f 368/239/1 268/240/1 267/224/1
f 229/236/1 385/241/1 384/238/1
f 367/242/1 268/240/1 368/239/1
f 366/243/1 268/240/1 367/242/1
f 229/236/1 386/244/1 385/241/1
f 365/245/1 268/240/1 366/243/1
f 229/236/1 387/246/1 386/244/1
f 424/66/1 268/240/1 365/245/1
f 229/236/1 388/247/1 387/246/1
f 424/66/1 269/248/1 268/240/1
f 228/249/1 388/247/1 229/236/1
f 423/250/1 269/248/1 424/66/1
f 228/249/1 389/251/1 388/247/1
f 422/252/1 269/248/1 423/250/1
f 228/249/1 390/253/1 389/251/1
f 422/252/1 270/254/1 269/248/1
f 421/255/1 270/254/1 422/252/1
f 228/249/1 391/256/1 390/253/1
f 420/257/1 270/254/1 421/255/1
f 227/258/1 391/256/1 228/249/1
f 420/257/1 271/259/1 270/254/1
f 419/260/1 271/259/1 420/257/1
f 227/258/1 392/261/1 391/256/1
f 418/262/1 271/259/1 419/260/1
f 227/258/1 393/263/1 392/261/1
f 418/262/1 272/264/1 271/259/1
f 417/265/1 272/264/1 418/262/1
f 227/258/1 394/266/1 393/263/1
f 416/267/1 272/264/1 417/265/1
f 226/268/1 394/266/1 227/258/1
f 416/267/1 273/269/1 272/264/1
f 415/270/1 273/269/1 416/267/1
f 226/268/1 395/271/1 394/266/1
f 414/272/1 273/269/1 415/270/1
f 414/272/1 274/273/1 273/269/1
f 226/268/1 396/274/1 395/271/1
f 413/275/1 274/273/1 414/272/1
f 225/276/1 396/274/1 226/268/1
f 413/275/1 275/277/1 274/273/1
f 412/278/1 275/277/1 413/275/1
f 225/276/1 397/279/1 396/274/1
f 411/280/1 275/277/1 412/278/1
f 411/280/1 276/281/1 275/277/1
f 410/282/1 276/281/1 411/280/1
f 225/276/1 398/283/1 397/279/1
f 409/284/1 276/281/1 410/282/1
f 409/284/1 277/285/1 276/281/1
f 224/286/1 398/283/1 225/276/1
f 408/287/1 277/285/1 409/284/1
f 224/286/1 399/288/1 398/283/1
f 407/289/1 277/285/1 408/287/1
f 407/289/1 278/290/1 277/285/1
f 406/291/1 278/290/1 407/289/1
f 405/292/1 278/290/1 406/291/1
f 224/286/1 400/293/1 399/288/1
f 405/292/1 279/294/1 278/290/1
f 404/295/1 279/294/1 405/292/1
f 223/296/1 400/293/1 224/286/1
f 403/297/1 279/294/1 404/295/1
f 403/297/1 280/298/1 279/294/1
f 223/296/1 401/299/1 400/293/1
f 402/300/1 280/298/1 403/297/1
f 402/300/1 281/301/1 280/298/1
f 401/299/1 281/301/1 402/300/1
f 401/299/1 282/302/1 281/301/1
f 223/296/1 282/302/1 401/299/1
f 223/296/1 283/303/1 282/302/1
f 222/304/1 283/303/1 223/296/1
f 222/304/1 284/305/1 283/303/1
f 222/304/1 285/306/1 284/305/1
f 222/304/1 286/307/1 285/306/1
f 222/304/1 287/308/1 286/307/1
f 222/304/1 288/309/1 287/308/1
f 221/310/1 288/309/1 222/304/1
f 221/310/1 289/311/1 288/309/1
f 221/310/1 290/312/1 289/311/1
f 221/310/1 291/313/1 290/312/1
f 220/314/1 291/313/1 221/310/1
f 220/314/1 292/315/1 291/313/1
f 220/314/1 293/316/1 292/315/1
f 219/317/1 293/316/1 220/314/1
f 218/318/1 293/316/1 219/317/1
f 217/319/1 293/316/1 218/318/1
f 216/320/1 293/316/1 217/319/1
f 216/320/1 294/321/1 293/316/1
f 340/322/1 342/323/1 341/324/1
f 339/325/1 342/323/1 340/322/1
f 339/325/1 343/326/1 342/323/1
f 338/327/1 343/326/1 339/325/1
f 338/327/1 344/328/1 343/326/1
f 337/329/1 344/328/1 338/327/1
f 336/330/1 344/328/1 337/329/1
f 336/330/1 345/331/1 344/328/1
f 216/320/1 295/332/1 294/321/1
f 335/333/1 345/331/1 336/330/1
f 335/333/1 346/334/1 345/331/1
f 334/335/1 346/334/1 335/333/1
f 216/320/1 296/336/1 295/332/1
f 333/337/1 346/334/1 334/335/1
f 333/337/1 347/338/1 346/334/1
f 215/339/1 296/336/1 216/320/1
f 332/340/1 347/338/1 333/337/1
f 215/339/1 297/341/1 296/336/1
f 332/340/1 348/342/1 347/338/1
f 331/343/1 348/342/1 332/340/1
f 215/339/1 298/344/1 297/341/1
f 330/345/1 348/342/1 331/343/1
f 330/345/1 349/346/1 348/342/1
f 215/339/1 299/347/1 298/344/1
f 329/348/1 349/346/1 330/345/1
f 329/348/1 350/349/1 349/346/1
f 215/339/1 300/350/1 299/347/1
f 328/351/1 350/349/1 329/348/1
f 214/352/1 300/350/1 215/339/1
f 214/352/1 301/353/1 300/350/1
f 328/351/1 351/354/1 350/349/1
f 214/352/1 302/355/1 301/353/1
f 327/356/1 351/354/1 328/351/1
f 214/352/1 303/357/1 302/355/1
f 326/358/1 351/354/1 327/356/1
f 214/352/1 304/149/1 303/357/1
f 326/358/1 352/359/1 351/354/1
f 325/360/1 352/359/1 326/358/1
f 214/352/1 305/361/1 304/149/1
f 214/352/1 306/362/1 305/361/1
f 324/363/1 352/359/1 325/360/1
f 213/364/1 306/362/1 214/352/1
f 213/364/1 307/365/1 306/362/1
f 324/363/1 353/366/1 352/359/1
f 323/367/1 353/366/1 324/363/1
f 213/364/1 308/368/1 307/365/1
f 213/364/1 309/369/1 308/368/1
f 322/370/1 353/366/1 323/367/1
f 213/364/1 310/371/1 309/369/1
f 321/372/1 353/366/1 322/370/1
f 213/364/1 311/373/1 310/371/1
f 213/364/1 312/374/1 311/373/1
f 320/375/1 353/366/1 321/372/1
f 213/364/1 313/376/1 312/374/1
f 319/377/1 353/366/1 320/375/1
f 319/377/1 354/378/1 353/366/1
f 213/364/1 314/379/1 313/376/1
f 213/364/1 315/380/1 314/379/1
f 318/381/1 354/378/1 319/377/1
f 213/364/1 316/382/1 315/380/1
f 317/383/1 354/378/1 318/381/1
f 213/364/1 317/383/1 316/382/1
f 213/364/1 354/378/1 317/383/1
f 212/384/1 354/378/1 213/364/1
f 212/384/1 355/385/1 354/378/1
f 211/386/1 355/385/1 212/384/1
f 211/386/1 356/387/1 355/385/1
f 211/386/1 357/388/1 356/387/1
f 210/389/1 357/388/1 211/386/1
f 210/389/1 358/390/1 357/388/1
f 209/391/1 358/390/1 210/389/1
f 209/391/1 359/392/1 358/390/1
f 209/391/1 360/393/1 359/392/1
f 208/394/1 360/393/1 209/391/1
f 208/394/1 361/395/1 360/393/1
f 207/396/1 361/395/1 208/394/1
f 207/396/1 362/397/1 361/395/1
f 207/396/1 363/398/1 362/397/1
f 206/399/1 363/398/1 207/396/1
f 206/399/1 364/400/1 363/398/1
f 205/401/1 364/400/1 206/399/1
f 205/401/1 184/73/1 364/400/1
f 204/402/1 184/73/1 205/401/1
f 204/402/1 185/403/1 184/73/1
f 203/404/1 185/403/1 204/402/1
f 203/404/1 186/405/1 185/403/1
f 203/404/1 187/406/1 186/405/1
f 202/407/1 187/406/1 203/404/1
f 202/407/1 188/408/1 187/406/1
f 201/409/1 188/408/1 202/407/1
f 201/409/1 189/410/1 188/408/1
f 201/409/1 190/411/1 189/410/1
f 200/412/1 190/411/1 201/409/1
f 200/412/1 191/413/1 190/411/1
f 199/414/1 191/413/1 200/412/1
f 199/414/1 192/415/1 191/413/1
f 198/416/1 192/415/1 199/414/1
f 198/416/1 193/417/1 192/415/1
f 198/416/1 194/418/1 193/417/1
f 197/419/1 194/418/1 198/416/1
f 197/419/1 195/420/1 194/418/1
f 196/421/1 195/420/1 197/419/1
f 520/422/1 522/423/1 521/424/1
f 519/425/1 522/423/1 520/422/1
f 519/425/1 523/426/1 522/423/1
f 518/427/1 523/426/1 519/425/1
f 518/427/1 524/428/1 523/426/1
f 517/429/1 524/428/1 518/427/1
f 516/430/1 524/428/1 517/429/1
f 516/430/1 525/431/1 524/428/1
f 580/432/1 582/433/1 581/434/1
f 580/432/1 583/435/1 582/433/1
f 515/436/1 525/431/1 516/430/1
f 579/437/1 583/435/1 580/432/1
f 579/437/1 584/438/1 583/435/1
f 578/439/1 584/438/1 579/437/1
f 578/439/1 585/440/1 584/438/1
f 515/436/1 526/441/1 525/431/1
f 514/442/1 526/441/1 515/436/1
f 578/439/1 586/443/1 585/440/1
f 577/444/1 586/443/1 578/439/1
f 577/444/1 587/445/1 586/443/1
f 513/446/1 526/441/1 514/442/1
f 513/446/1 527/447/1 526/441/1
f 576/448/1 587/445/1 577/444/1
f 576/448/1 588/449/1 587/445/1
f 512/450/1 527/447/1 513/446/1
f 576/448/1 589/451/1 588/449/1
f 512/450/1 528/452/1 527/447/1
f 575/453/1 589/451/1 576/448/1
f 511/454/1 528/452/1 512/450/1
f 575/453/1 590/455/1 589/451/1
f 574/456/1 590/455/1 575/453/1
f 510/457/1 528/452/1 511/454/1
f 574/456/1 591/458/1 590/455/1
f 510/457/1 529/459/1 528/452/1
f 509/460/1 529/459/1 510/457/1
f 574/456/1 592/461/1 591/458/1
f 573/462/1 592/461/1 574/456/1
f 509/460/1 530/463/1 529/459/1
f 573/462/1 593/464/1 592/461/1
f 508/465/1 530/463/1 509/460/1
f 572/466/1 593/464/1 573/462/1
f 572/466/1 594/467/1 593/464/1
f 507/468/1 530/463/1 508/465/1
f 507/468/1 531/469/1 530/463/1
f 572/466/1 595/470/1 594/467/1
f 506/471/1 531/469/1 507/468/1
f 571/472/1 595/470/1 572/466/1
f 506/471/1 532/473/1 531/469/1
f 571/472/1 596/474/1 595/470/1
f 505/475/1 532/473/1 506/471/1
f 570/476/1 596/474/1 571/472/1
f 570/476/1 597/477/1 596/474/1
f 504/478/1 532/473/1 505/475/1
f 504/478/1 533/479/1 532/473/1
f 570/476/1 598/480/1 597/477/1
f 503/481/1 533/479/1 504/478/1
f 569/482/1 598/480/1 570/476/1
f 569/482/1 599/483/1 598/480/1
f 503/481/1 534/484/1 533/479/1
f 502/485/1 534/484/1 503/481/1
f 569/482/1 600/486/1 599/483/1
f 568/487/1 600/486/1 569/482/1
f 501/488/1 534/484/1 502/485/1
f 568/487/1 601/489/1 600/486/1
f 500/490/1 534/484/1 501/488/1
f 568/487/1 602/491/1 601/489/1
f 500/490/1 535/492/1 534/484/1
f 499/493/1 535/492/1 500/490/1
f 567/494/1 602/491/1 568/487/1
f 567/494/1 603/495/1 602/491/1
f 498/496/1 535/492/1 499/493/1
f 567/494/1 604/497/1 603/495/1
f 497/498/1 535/492/1 498/496/1
f 567/494/1 605/499/1 604/497/1
f 497/498/1 536/500/1 535/492/1
f 496/501/1 536/500/1 497/498/1
f 566/502/1 605/499/1 567/494/1
f 495/503/1 536/500/1 496/501/1
f 566/502/1 606/504/1 605/499/1
f 494/505/1 536/500/1 495/503/1
f 493/506/1 536/500/1 494/505/1
f 566/502/1 607/507/1 606/504/1
f 492/508/1 536/500/1 493/506/1
f 565/509/1 607/507/1 566/502/1
f 491/510/1 536/500/1 492/508/1
f 565/509/1 608/511/1 607/507/1
f 490/512/1 536/500/1 491/510/1
f 490/512/1 537/513/1 536/500/1
f 489/514/1 537/513/1 490/512/1
f 488/515/1 537/513/1 489/514/1
f 487/516/1 537/513/1 488/515/1
f 564/517/1 608/511/1 565/509/1
f 564/517/1 609/518/1 608/511/1
f 486/519/1 537/513/1 487/516/1
f 485/520/1 537/513/1 486/519/1
f 484/521/1 537/513/1 485/520/1
f 563/522/1 609/518/1 564/517/1
f 563/522/1 610/523/1 609/518/1
f 484/521/1 538/524/1 537/513/1
f 562/525/1 610/523/1 563/522/1
f 562/525/1 611/526/1 610/523/1
f 561/527/1 611/526/1 562/525/1
f 484/521/1 539/528/1 538/524/1
f 560/529/1 611/526/1 561/527/1
f 560/529/1 612/530/1 611/526/1
f 559/531/1 612/530/1 560/529/1
f 483/532/1 539/528/1 484/521/1
f 558/533/1 612/530/1 559/531/1
f 483/532/1 540/534/1 539/528/1
f 558/533/1 613/535/1 612/530/1
f 557/536/1 613/535/1 558/533/1
f 556/537/1 613/535/1 557/536/1
f 556/537/1 614/538/1 613/535/1
f 483/532/1 541/539/1 540/534/1
f 555/540/1 614/538/1 556/537/1
f 482/541/1 541/539/1 483/532/1
f 555/540/1 615/542/1 614/538/1
f 554/543/1 615/542/1 555/540/1
f 482/541/1 542/544/1 541/539/1
f 553/545/1 615/542/1 554/543/1
f 553/545/1 616/66/1 615/542/1
f 481/546/1 542/544/1 482/541/1
f 552/547/1 616/66/1 553/545/1
f 481/546/1 543/548/1 542/544/1
f 551/549/1 616/66/1 552/547/1
f 551/549/1 425/73/1 616/66/1
f 550/550/1 425/73/1 551/549/1
f 481/546/1 544/551/1 543/548/1
f 480/552/1 544/551/1 481/546/1
f 549/553/1 425/73/1 550/550/1
f 549/553/1 426/554/1 425/73/1
f 548/555/1 426/554/1 549/553/1
f 480/552/1 545/556/1 544/551/1
f 548/555/1 427/557/1 426/554/1
f 547/558/1 427/557/1 548/555/1
f 479/559/1 545/556/1 480/552/1
f 546/560/1 427/557/1 547/558/1
f 546/560/1 428/561/1 427/557/1
f 545/556/1 428/561/1 546/560/1
f 479/559/1 428/561/1 545/556/1
f 478/562/1 428/561/1 479/559/1
f 478/562/1 429/563/1 428/561/1
f 478/562/1 430/564/1 429/563/1
f 477/565/1 430/564/1 478/562/1
f 477/565/1 431/566/1 430/564/1
f 476/567/1 431/566/1 477/565/1
f 476/567/1 432/568/1 431/566/1
f 476/567/1 433/569/1 432/568/1
f 475/570/1 433/569/1 476/567/1
f 475/570/1 434/571/1 433/569/1
f 474/572/1 434/571/1 475/570/1
f 474/572/1 435/573/1 434/571/1
f 474/572/1 436/574/1 435/573/1
f 473/575/1 436/574/1 474/572/1
f 473/575/1 437/576/1 436/574/1
f 473/575/1 438/577/1 437/576/1
f 473/575/1 439/578/1 438/577/1
f 472/579/1 439/578/1 473/575/1
f 472/579/1 440/580/1 439/578/1
f 472/579/1 441/581/1 440/580/1
f 471/582/1 441/581/1 472/579/1
f 471/582/1 442/583/1 441/581/1
f 471/582/1 443/584/1 442/583/1
f 470/585/1 443/584/1 471/582/1
f 470/585/1 444/586/1 443/584/1
f 470/585/1 445/587/1 444/586/1
f 469/588/1 445/587/1 470/585/1
f 469/588/1 446/589/1 445/587/1
f 469/588/1 447/590/1 446/589/1
f 468/591/1 447/590/1 469/588/1
f 468/591/1 448/592/1 447/590/1
f 468/591/1 449/593/1 448/592/1
f 467/594/1 449/593/1 468/591/1
f 467/594/1 450/595/1 449/593/1
f 467/594/1 451/596/1 450/595/1
f 466/597/1 451/596/1 467/594/1
f 466/597/1 452/598/1 451/596/1
f 465/599/1 452/598/1 466/597/1
f 465/599/1 453/600/1 452/598/1
f 465/599/1 454/601/1 453/600/1
f 464/602/1 454/601/1 465/599/1
f 464/602/1 455/603/1 454/601/1
f 464/602/1 456/604/1 455/603/1
f 463/605/1 456/604/1 464/602/1
f 463/605/1 457/606/1 456/604/1
f 463/605/1 458/607/1 457/606/1
f 462/608/1 458/607/1 463/605/1
f 462/608/1 459/609/1 458/607/1
f 462/608/1 460/610/1 459/609/1
f 461/611/1 460/610/1 462/608/1
f 676/521/1 678/519/1 677/520/1
f 676/521/1 679/516/1 678/519/1
f 675/532/1 679/516/1 676/521/1
f 675/532/1 680/515/1 679/516/1
f 674/541/1 680/515/1 675/532/1
f 674/541/1 681/514/1 680/515/1
f 674/541/1 682/512/1 681/514/1
f 673/546/1 682/512/1 674/541/1
f 673/546/1 683/510/1 682/512/1
f 672/552/1 683/510/1 673/546/1
f 672/552/1 684/508/1 683/510/1
f 672/552/1 685/506/1 684/508/1
f 671/559/1 685/506/1 672/552/1
f 671/559/1 686/505/1 685/506/1
f 670/562/1 686/505/1 671/559/1
f 670/562/1 687/503/1 686/505/1
f 669/565/1 687/503/1 670/562/1
f 669/565/1 688/501/1 687/503/1
f 669/565/1 689/498/1 688/501/1
f 668/567/1 689/498/1 669/565/1
f 668/567/1 690/496/1 689/498/1
f 667/570/1 690/496/1 668/567/1
f 667/570/1 691/493/1 690/496/1
f 667/570/1 692/490/1 691/493/1
f 666/572/1 692/490/1 667/570/1
f 666/572/1 725/479/1 692/490/1
f 725/479/1 724/473/1 692/490/1
f 724/473/1 693/488/1 692/490/1
f 665/575/1 726/484/1 666/572/1
f 726/484/1 725/479/1 666/572/1
f 723/469/1 693/488/1 724/473/1
f 665/575/1 727/492/1 726/484/1
f 722/463/1 693/488/1 723/469/1
f 721/459/1 693/488/1 722/463/1
f 665/575/1 728/500/1 727/492/1
f 720/452/1 693/488/1 721/459/1
f 665/575/1 729/513/1 728/500/1
f 719/447/1 693/488/1 720/452/1
f 719/447/1 694/485/1 693/488/1
f 718/441/1 694/485/1 719/447/1
f 665/575/1 730/524/1 729/513/1
f 717/431/1 694/485/1 718/441/1
f 716/428/1 694/485/1 717/431/1
f 665/575/1 731/528/1 730/524/1
f 715/426/1 694/485/1 716/428/1
f 664/579/1 731/528/1 665/575/1
f 715/426/1 695/481/1 694/485/1
f 664/579/1 732/534/1 731/528/1
f 714/423/1 695/481/1 715/426/1
f 713/424/1 695/481/1 714/423/1
f 664/579/1 733/539/1 732/534/1
f 808/66/1 695/481/1 713/424/1
f 808/66/1 696/478/1 695/481/1
f 663/582/1 733/539/1 664/579/1
f 807/542/1 696/478/1 808/66/1
f 663/582/1 734/544/1 733/539/1
f 806/538/1 696/478/1 807/542/1
f 663/582/1 735/548/1 734/544/1
f 805/535/1 696/478/1 806/538/1
f 805/535/1 697/475/1 696/478/1
f 662/585/1 735/548/1 663/582/1
f 804/530/1 697/475/1 805/535/1
f 662/585/1 736/551/1 735/548/1
f 803/526/1 697/475/1 804/530/1
f 803/526/1 698/471/1 697/475/1
f 662/585/1 737/556/1 736/551/1
f 661/588/1 737/556/1 662/585/1
f 802/523/1 698/471/1 803/526/1
f 661/588/1 738/560/1 737/556/1
f 801/518/1 698/471/1 802/523/1
f 801/518/1 699/468/1 698/471/1
f 660/591/1 738/560/1 661/588/1
f 800/511/1 699/468/1 801/518/1
f 660/591/1 739/558/1 738/560/1
f 800/511/1 700/465/1 699/468/1
f 799/507/1 700/465/1 800/511/1
f 660/591/1 740/555/1 739/558/1
f 659/594/1 740/555/1 660/591/1
f 798/504/1 700/465/1 799/507/1
f 798/504/1 701/460/1 700/465/1
f 659/594/1 741/553/1 740/555/1
f 797/499/1 701/460/1 798/504/1
f 658/597/1 741/553/1 659/594/1
f 658/597/1 742/550/1 741/553/1
f 796/497/1 701/460/1 797/499/1
f 796/497/1 702/457/1 701/460/1
f 657/599/1 742/550/1 658/597/1
f 657/599/1 743/549/1 742/550/1
f 795/495/1 702/457/1 796/497/1
f 795/495/1 703/454/1 702/457/1
f 657/599/1 744/547/1 743/549/1
f 656/602/1 744/547/1 657/599/1
f 794/491/1 703/454/1 795/495/1
f 656/602/1 745/545/1 744/547/1
f 794/491/1 704/450/1 703/454/1
f 793/489/1 704/450/1 794/491/1
f 655/605/1 745/545/1 656/602/1
f 655/605/1 746/543/1 745/545/1
f 792/486/1 704/450/1 793/489/1
f 792/486/1 705/446/1 704/450/1
f 655/605/1 747/540/1 746/543/1
f 654/608/1 747/540/1 655/605/1
f 791/483/1 705/446/1 792/486/1
f 654/608/1 748/537/1 747/540/1
f 791/483/1 706/442/1 705/446/1
f 790/480/1 706/442/1 791/483/1
f 653/611/1 748/537/1 654/608/1
f 653/611/1 749/536/1 748/537/1
f 790/480/1 707/436/1 706/442/1
f 789/477/1 707/436/1 790/480/1
f 652/610/1 749/536/1 653/611/1
f 652/610/1 750/533/1 749/536/1
f 788/474/1 707/436/1 789/477/1
f 652/610/1 751/531/1 750/533/1
f 788/474/1 708/430/1 707/436/1
f 651/609/1 751/531/1 652/610/1
f 787/470/1 708/430/1 788/474/1
f 651/609/1 752/529/1 751/531/1
f 651/609/1 753/527/1 752/529/1
f 787/470/1 709/429/1 708/430/1
f 786/467/1 709/429/1 787/470/1
f 650/607/1 753/527/1 651/609/1
f 650/607/1 754/525/1 753/527/1
f 785/464/1 709/429/1 786/467/1
f 650/607/1 755/522/1 754/525/1
f 785/464/1 710/427/1 709/429/1
f 649/606/1 755/522/1 650/607/1
f 649/606/1 756/517/1 755/522/1
f 784/461/1 710/427/1 785/464/1
f 649/606/1 757/509/1 756/517/1
f 784/461/1 711/425/1 710/427/1
f 648/604/1 757/509/1 649/606/1
f 783/458/1 711/425/1 784/461/1
f 648/604/1 758/502/1 757/509/1
f 648/604/1 759/494/1 758/502/1
f 782/455/1 711/425/1 783/458/1
f 647/603/1 759/494/1 648/604/1
f 782/455/1 712/422/1 711/425/1
f 647/603/1 760/487/1 759/494/1
f 781/451/1 712/422/1 782/455/1
f 647/603/1 761/482/1 760/487/1
f 646/601/1 761/482/1 647/603/1
f 646/601/1 762/476/1 761/482/1
f 780/449/1 712/422/1 781/451/1
f 780/449/1 617/73/1 712/422/1
f 646/601/1 763/472/1 762/476/1
f 779/445/1 617/73/1 780/449/1
f 646/601/1 764/466/1 763/472/1
f 645/600/1 764/466/1 646/601/1
f 645/600/1 765/462/1 764/466/1
f 778/443/1 617/73/1 779/445/1
f 778/443/1 618/554/1 617/73/1
f 645/600/1 766/456/1 765/462/1
f 777/440/1 618/554/1 778/443/1
f 645/600/1 767/453/1 766/456/1
f 644/598/1 767/453/1 645/600/1
f 644/598/1 768/448/1 767/453/1
f 776/438/1 618/554/1 777/440/1
f 644/598/1 769/444/1 768/448/1
f 775/435/1 618/554/1 776/438/1
f 644/598/1 770/439/1 769/444/1
f 644/598/1 771/437/1 770/439/1
f 774/433/1 618/554/1 775/435/1
f 644/598/1 772/432/1 771/437/1
f 773/434/1 618/554/1 774/433/1
f 644/598/1 773/434/1 772/432/1
f 644/598/1 618/554/1 773/434/1
f 644/598/1 619/557/1 618/554/1
f 643/596/1 619/557/1 644/598/1
f 642/595/1 619/557/1 643/596/1
f 642/595/1 620/561/1 619/557/1
f 641/593/1 620/561/1 642/595/1
f 641/593/1 621/563/1 620/561/1
f 640/592/1 621/563/1 641/593/1
f 639/590/1 621/563/1 640/592/1
f 639/590/1 622/564/1 621/563/1
f 638/589/1 622/564/1 639/590/1
f 638/589/1 623/566/1 622/564/1
f 637/587/1 623/566/1 638/589/1
f 637/587/1 624/568/1 623/566/1
f 636/586/1 624/568/1 637/587/1
f 635/584/1 624/568/1 636/586/1
f 635/584/1 625/569/1 624/568/1
f 634/583/1 625/569/1 635/584/1
f 634/583/1 626/571/1 625/569/1
f 633/581/1 626/571/1 634/583/1
f 633/581/1 627/573/1 626/571/1
f 632/580/1 627/573/1 633/581/1
f 631/578/1 627/573/1 632/580/1
f 631/578/1 628/574/1 627/573/1
f 630/577/1 628/574/1 631/578/1
f 630/577/1 629/576/1 628/574/1
f 868/184/1 870/185/1 869/186/1
f 868/184/1 871/187/1 870/185/1
f 867/188/1 871/187/1 868/184/1
f 867/188/1 872/189/1 871/187/1
f 867/188/1 873/190/1 872/189/1
f 866/191/1 873/190/1 867/188/1
f 866/191/1 874/192/1 873/190/1
f 866/191/1 875/193/1 874/192/1
f 865/194/1 875/193/1 866/191/1
f 865/194/1 876/195/1 875/193/1
f 865/194/1 877/196/1 876/195/1
f 864/197/1 877/196/1 865/194/1
f 864/197/1 878/198/1 877/196/1
f 864/197/1 879/199/1 878/198/1
f 863/200/1 879/199/1 864/197/1
f 863/200/1 880/201/1 879/199/1
f 863/200/1 881/202/1 880/201/1
f 862/203/1 881/202/1 863/200/1
f 862/203/1 882/204/1 881/202/1
f 861/205/1 882/204/1 862/203/1
f 861/205/1 883/206/1 882/204/1
f 861/205/1 884/207/1 883/206/1
f 860/208/1 884/207/1 861/205/1
f 860/208/1 885/209/1 884/207/1
f 859/210/1 885/209/1 860/208/1
f 859/210/1 886/211/1 885/209/1
f 859/210/1 887/212/1 886/211/1
f 858/213/1 887/212/1 859/210/1
f 858/213/1 888/214/1 887/212/1
f 857/215/1 888/214/1 858/213/1
f 857/215/1 889/216/1 888/214/1
f 857/215/1 890/217/1 889/216/1
f 856/218/1 890/217/1 857/215/1
f 856/218/1 891/219/1 890/217/1
f 855/220/1 1003/221/1 856/218/1
f 1003/221/1 1002/222/1 856/218/1
f 1002/222/1 891/219/1 856/218/1
f 1002/222/1 1001/223/1 891/219/1
f 1001/223/1 892/224/1 891/219/1
f 1000/225/1 892/224/1 1001/223/1
f 855/220/1 1004/226/1 1003/221/1
f 999/227/1 892/224/1 1000/225/1
f 855/220/1 1005/228/1 1004/226/1
f 998/229/1 892/224/1 999/227/1
f 855/220/1 1006/230/1 1005/228/1
f 997/231/1 892/224/1 998/229/1
f 996/232/1 892/224/1 997/231/1
f 855/220/1 1007/233/1 1006/230/1
f 995/234/1 892/224/1 996/232/1
f 855/220/1 1008/235/1 1007/233/1
f 854/236/1 1008/235/1 855/220/1
f 994/237/1 892/224/1 995/234/1
f 854/236/1 1009/238/1 1008/235/1
f 993/239/1 892/224/1 994/237/1
f 993/239/1 893/240/1 892/224/1
f 854/236/1 1010/241/1 1009/238/1
f 992/242/1 893/240/1 993/239/1
f 991/243/1 893/240/1 992/242/1
f 854/236/1 1011/244/1 1010/241/1
f 990/245/1 893/240/1 991/243/1
f 854/236/1 1012/246/1 1011/244/1
f 1049/66/1 893/240/1 990/245/1
f 854/236/1 1013/247/1 1012/246/1
f 1049/66/1 894/248/1 893/240/1
f 853/249/1 1013/247/1 854/236/1
f 1048/250/1 894/248/1 1049/66/1
f 853/249/1 1014/251/1 1013/247/1
f 1047/252/1 894/248/1 1048/250/1
f 853/249/1 1015/253/1 1014/251/1
f 1047/252/1 895/254/1 894/248/1
f 1046/255/1 895/254/1 1047/252/1
f 853/249/1 1016/256/1 1015/253/1
f 1045/257/1 895/254/1 1046/255/1
f 852/258/1 1016/256/1 853/249/1
f 1045/257/1 896/259/1 895/254/1
f 1044/260/1 896/259/1 1045/257/1
f 852/258/1 1017/261/1 1016/256/1
f 1043/262/1 896/259/1 1044/260/1
f 852/258/1 1018/263/1 1017/261/1
f 1043/262/1 897/264/1 896/259/1
f 1042/265/1 897/264/1 1043/262/1
f 852/258/1 1019/266/1 1018/263/1
f 1041/267/1 897/264/1 1042/265/1
f 851/268/1 1019/266/1 852/258/1
f 1041/267/1 898/269/1 897/264/1
f 1040/270/1 898/269/1 1041/267/1
f 851/268/1 1020/271/1 1019/266/1
f 1039/272/1 898/269/1 1040/270/1
f 1039/272/1 899/273/1 898/269/1
f 851/268/1 1021/274/1 1020/271/1
f 1038/275/1 899/273/1 1039/272/1
f 850/276/1 1021/274/1 851/268/1
f 1038/275/1 900/277/1 899/273/1
f 1037/278/1 900/277/1 1038/275/1
f 850/276/1 1022/279/1 1021/274/1
f 1036/280/1 900/277/1 1037/278/1
f 1036/280/1 901/281/1 900/277/1
f 1035/282/1 901/281/1 1036/280/1
f 850/276/1 1023/283/1 1022/279/1
f 1034/284/1 901/281/1 1035/282/1
f 1034/284/1 902/285/1 901/281/1
f 849/286/1 1023/283/1 850/276/1
f 1033/287/1 902/285/1 1034/284/1
f 849/286/1 1024/288/1 1023/283/1
f 1032/289/1 902/285/1 1033/287/1
f 1032/289/1 903/290/1 902/285/1
f 1031/291/1 903/290/1 1032/289/1
f 1030/292/1 903/290/1 1031/291/1
f 849/286/1 1025/293/1 1024/288/1
f 1030/292/1 904/294/1 903/290/1
f 1029/295/1 904/294/1 1030/292/1
f 848/296/1 1025/293/1 849/286/1
f 1028/297/1 904/294/1 1029/295/1
f 1028/297/1 905/298/1 904/294/1
f 848/296/1 1026/299/1 1025/293/1
f 1027/300/1 905/298/1 1028/297/1
f 1027/300/1 906/301/1 905/298/1
f 1026/299/1 906/301/1 1027/300/1
f 1026/299/1 907/302/1 906/301/1
f 848/296/1 907/302/1 1026/299/1
f 848/296/1 908/303/1 907/302/1
f 847/304/1 908/303/1 848/296/1
f 847/304/1 909/305/1 908/303/1
f 847/304/1 910/306/1 909/305/1
f 847/304/1 911/307/1 910/306/1
f 847/304/1 912/308/1 911/307/1
f 847/304/1 913/309/1 912/308/1
f 846/310/1 913/309/1 847/304/1
f 846/310/1 914/311/1 913/309/1
f 846/310/1 915/312/1 914/311/1
f 846/310/1 916/313/1 915/312/1
f 845/314/1 916/313/1 846/310/1
f 845/314/1 917/315/1 916/313/1
f 845/314/1 918/316/1 917/315/1
f 844/317/1 918/316/1 845/314/1
f 843/318/1 918/316/1 844/317/1
f 842/319/1 918/316/1 843/318/1
f 841/320/1 918/316/1 842/319/1
f 841/320/1 919/321/1 918/316/1
f 965/322/1 967/323/1 966/324/1
f 964/325/1 967/323/1 965/322/1
f 964/325/1 968/326/1 967/323/1
f 963/327/1 968/326/1 964/325/1
f 963/327/1 969/328/1 968/326/1
f 962/329/1 969/328/1 963/327/1
f 961/330/1 969/328/1 962/329/1
f 961/330/1 970/331/1 969/328/1
f 841/320/1 920/332/1 919/321/1
f 960/333/1 970/331/1 961/330/1
f 960/333/1 971/334/1 970/331/1
f 959/335/1 971/334/1 960/333/1
f 841/320/1 921/336/1 920/332/1
f 958/337/1 971/334/1 959/335/1
f 958/337/1 972/338/1 971/334/1
f 840/339/1 921/336/1 841/320/1
f 957/340/1 972/338/1 958/337/1
f 840/339/1 922/341/1 921/336/1
f 957/340/1 973/342/1 972/338/1
f 956/343/1 973/342/1 957/340/1
f 840/339/1 923/344/1 922/341/1
f 955/345/1 973/342/1 956/343/1
f 955/345/1 974/346/1 973/342/1
f 840/339/1 924/347/1 923/344/1
f 954/348/1 974/346/1 955/345/1
f 954/348/1 975/349/1 974/346/1
f 840/339/1 925/350/1 924/347/1
f 953/351/1 975/349/1 954/348/1
f 839/352/1 925/350/1 840/339/1
f 839/352/1 926/353/1 925/350/1
f 953/351/1 976/354/1 975/349/1
f 839/352/1 927/355/1 926/353/1
f 952/356/1 976/354/1 953/351/1
f 839/352/1 928/357/1 927/355/1
f 951/358/1 976/354/1 952/356/1
f 839/352/1 929/149/1 928/357/1
f 951/358/1 977/359/1 976/354/1
f 950/360/1 977/359/1 951/358/1
f 839/352/1 930/361/1 929/149/1
f 839/352/1 931/362/1 930/361/1
f 949/363/1 977/359/1 950/360/1
f 838/364/1 931/362/1 839/352/1
f 838/364/1 932/365/1 931/362/1
f 949/363/1 978/366/1 977/359/1
f 948/367/1 978/366/1 949/363/1
f 838/364/1 933/368/1 932/365/1
f 838/364/1 934/369/1 933/368/1
f 947/370/1 978/366/1 948/367/1
f 838/364/1 935/371/1 934/369/1
f 946/372/1 978/366/1 947/370/1
f 838/364/1 936/373/1 935/371/1
f 838/364/1 937/374/1 936/373/1
f 945/375/1 978/366/1 946/372/1
f 838/364/1 938/376/1 937/374/1
f 944/377/1 978/366/1 945/375/1
f 944/377/1 979/378/1 978/366/1
f 838/364/1 939/379/1 938/376/1
f 838/364/1 940/380/1 939/379/1
f 943/381/1 979/378/1 944/377/1
f 838/364/1 941/382/1 940/380/1
f 942/383/1 979/378/1 943/381/1
f 838/364/1 942/383/1 941/382/1
f 838/364/1 979/378/1 942/383/1
f 837/384/1 979/378/1 838/364/1
f 837/384/1 980/385/1 979/378/1
f 836/386/1 980/385/1 837/384/1
f 836/386/1 981/387/1 980/385/1
f 836/386/1 982/388/1 981/387/1
f 835/389/1 982/388/1 836/386/1
f 835/389/1 983/390/1 982/388/1
f 834/391/1 983/390/1 835/389/1
f 834/391/1 984/392/1 983/390/1
f 834/391/1 985/393/1 984/392/1
f 833/394/1 985/393/1 834/391/1
f 833/394/1 986/395/1 985/393/1
f 832/396/1 986/395/1 833/394/1
f 832/396/1 987/397/1 986/395/1
f 832/396/1 988/398/1 987/397/1
f 831/399/1 988/398/1 832/396/1
f 831/399/1 989/400/1 988/398/1
f 830/401/1 989/400/1 831/399/1
f 830/401/1 809/73/1 989/400/1
f 829/402/1 809/73/1 830/401/1
f 829/402/1 810/403/1 809/73/1
f 828/404/1 810/403/1 829/402/1
f 828/404/1 811/405/1 810/403/1
f 828/404/1 812/406/1 811/405/1
f 827/407/1 812/406/1 828/404/1
f 827/407/1 813/408/1 812/406/1
f 826/409/1 813/408/1 827/407/1
f 826/409/1 814/410/1 813/408/1
f 826/409/1 815/411/1 814/410/1
f 825/412/1 815/411/1 826/409/1
f 825/412/1 816/413/1 815/411/1
f 824/414/1 816/413/1 825/412/1
f 824/414/1 817/415/1 816/413/1
f 823/416/1 817/415/1 824/414/1
f 823/416/1 818/417/1 817/415/1
f 823/416/1 819/418/1 818/417/1
f 822/419/1 819/418/1 823/416/1
f 822/419/1 820/420/1 819/418/1
f 821/421/1 820/420/1 822/419/1
f 1506/278/1 1508/275/1 1507/612/1
f 1506/278/1 1509/613/1 1508/275/1
f 1505/614/1 1509/613/1 1506/278/1
f 1505/614/1 1510/272/1 1509/613/1
f 1504/280/1 1510/272/1 1505/614/1
f 1504/280/1 1511/615/1 1510/272/1
f 1504/280/1 1512/270/1 1511/615/1
f 1503/616/1 1512/270/1 1504/280/1
f 1503/616/1 1513/617/1 1512/270/1
f 1502/282/1 1513/617/1 1503/616/1
f 1502/282/1 1514/267/1 1513/617/1
f 1502/282/1 1515/618/1 1514/267/1
f 1501/619/1 1515/618/1 1502/282/1
f 1501/619/1 1516/265/1 1515/618/1
f 1500/284/1 1516/265/1 1501/619/1
f 1500/284/1 1517/620/1 1516/265/1
f 1500/284/1 1518/262/1 1517/620/1
f 1499/621/1 1518/262/1 1500/284/1
f 1499/621/1 1519/622/1 1518/262/1
f 1498/287/1 1519/622/1 1499/621/1
f 1498/287/1 1520/260/1 1519/622/1
f 1073/623/1 1075/624/1 1074/421/1
f 1497/625/1 1520/260/1 1498/287/1
f 1497/625/1 1521/626/1 1520/260/1
f 1073/623/1 1076/419/1 1075/624/1
f 1072/420/1 1076/419/1 1073/623/1
f 1072/420/1 1077/627/1 1076/419/1
f 1071/628/1 1077/627/1 1072/420/1
f 1071/628/1 1078/416/1 1077/627/1
f 1497/625/1 1522/257/1 1521/626/1
f 1109/629/1 1111/630/1 1110/352/1
f 1108/364/1 1111/630/1 1109/629/1
f 1107/631/1 1111/630/1 1108/364/1
f 1107/631/1 1112/339/1 1111/630/1
f 1106/384/1 1112/339/1 1107/631/1
f 1070/418/1 1078/416/1 1071/628/1
f 1105/632/1 1112/339/1 1106/384/1
f 1496/289/1 1522/257/1 1497/625/1
f 1070/418/1 1079/633/1 1078/416/1
f 1104/386/1 1112/339/1 1105/632/1
f 1104/386/1 1113/634/1 1112/339/1
f 1103/635/1 1113/634/1 1104/386/1
f 1496/289/1 1523/636/1 1522/257/1
f 1102/389/1 1113/634/1 1103/635/1
f 1069/637/1 1079/633/1 1070/418/1
f 1069/637/1 1080/414/1 1079/633/1
f 1101/638/1 1113/634/1 1102/389/1
f 1101/638/1 1114/320/1 1113/634/1
f 1496/289/1 1524/255/1 1523/636/1
f 1100/391/1 1114/320/1 1101/638/1
f 1495/639/1 1524/255/1 1496/289/1
f 1099/640/1 1114/320/1 1100/391/1
f 1069/637/1 1081/641/1 1080/414/1
f 1068/417/1 1081/641/1 1069/637/1
f 1099/640/1 1115/642/1 1114/320/1
f 1495/639/1 1525/643/1 1524/255/1
f 1098/394/1 1115/642/1 1099/640/1
f 1097/644/1 1115/642/1 1098/394/1
f 1495/639/1 1526/252/1 1525/643/1
f 1068/417/1 1082/412/1 1081/641/1
f 1494/291/1 1526/252/1 1495/639/1
f 1096/396/1 1115/642/1 1097/644/1
f 1096/396/1 1116/319/1 1115/642/1
f 1067/645/1 1082/412/1 1068/417/1
f 1095/646/1 1116/319/1 1096/396/1
f 1494/291/1 1527/647/1 1526/252/1
f 1094/399/1 1116/319/1 1095/646/1
f 1067/645/1 1083/648/1 1082/412/1
f 1493/649/1 1527/647/1 1494/291/1
f 1493/649/1 1528/250/1 1527/647/1
f 1093/650/1 1116/319/1 1094/399/1
f 1093/650/1 1117/651/1 1116/319/1
f 1066/415/1 1083/648/1 1067/645/1
f 1092/401/1 1117/651/1 1093/650/1
f 1493/649/1 1529/652/1 1528/250/1
f 1492/292/1 1529/652/1 1493/649/1
f 1066/415/1 1084/409/1 1083/648/1
f 1091/653/1 1117/651/1 1092/401/1
f 1492/292/1 1530/66/1 1529/652/1
f 1091/653/1 1118/318/1 1117/651/1
f 1090/402/1 1118/318/1 1091/653/1
f 1491/654/1 1530/66/1 1492/292/1
f 1065/655/1 1084/409/1 1066/415/1
f 1491/654/1 1052/403/1 1530/66/1
f 1052/403/1 1050/73/1 1530/66/1
f 1065/655/1 1085/656/1 1084/409/1
f 1089/657/1 1118/318/1 1090/402/1
f 1491/654/1 1053/658/1 1052/403/1
f 1050/73/2 1051/659/2 1052/403/2
f 1491/654/1 1054/405/1 1053/658/1
f 1491/654/1 1055/660/1 1054/405/1
f 1490/295/1 1055/660/1 1491/654/1
f 1088/404/1 1118/318/1 1089/657/1
f 1490/295/1 1056/406/1 1055/660/1
f 1088/404/1 1119/661/1 1118/318/1
f 1065/655/1 1086/407/1 1085/656/1
f 1064/413/1 1086/407/1 1065/655/1
f 1087/662/1 1119/661/1 1088/404/1
f 1490/295/1 1057/663/1 1056/406/1
f 1489/664/1 1057/663/1 1490/295/1
f 1489/664/1 1058/408/1 1057/663/1
f 1086/407/1 1119/661/1 1087/662/1
f 1488/297/1 1058/408/1 1489/664/1
f 1064/413/1 1119/661/1 1086/407/1
f 1488/297/1 1059/665/1 1058/408/1
f 1064/413/1 1120/317/1 1119/661/1
f 1063/666/1 1120/317/1 1064/413/1
f 1488/297/1 1060/410/1 1059/665/1
f 1487/667/1 1060/410/1 1488/297/1
f 1487/667/1 1061/668/1 1060/410/1
f 1486/300/1 1061/668/1 1487/667/1
f 1063/666/1 1121/669/1 1120/317/1
f 1062/411/1 1121/669/1 1063/666/1
f 1485/670/1 1061/668/1 1486/300/1
f 1485/670/1 1062/411/1 1061/668/1
f 1484/299/1 1062/411/1 1485/670/1
f 1062/411/1 1122/314/1 1121/669/1
f 1484/299/1 1122/314/1 1062/411/1
f 1483/671/1 1122/314/1 1484/299/1
f 1482/293/1 1122/314/1 1483/671/1
f 1482/293/1 1123/672/1 1122/314/1
f 1481/673/1 1123/672/1 1482/293/1
f 1481/673/1 1124/310/1 1123/672/1
f 1480/288/1 1124/310/1 1481/673/1
f 1480/288/1 1125/674/1 1124/310/1
f 1479/675/1 1125/674/1 1480/288/1
f 1479/675/1 1126/304/1 1125/674/1
f 1478/283/1 1126/304/1 1479/675/1
f 1477/676/1 1126/304/1 1478/283/1
f 1477/676/1 1127/677/1 1126/304/1
f 1476/279/1 1218/240/1 1477/676/1
f 1218/240/1 1127/677/1 1477/676/1
f 1476/279/1 1219/678/1 1218/240/1
f 1217/679/1 1127/677/1 1218/240/1
f 1476/279/1 1220/248/1 1219/678/1
f 1217/679/1 1128/296/1 1127/677/1
f 1216/224/1 1128/296/1 1217/679/1
f 1476/279/1 1221/680/1 1220/248/1
f 1476/279/1 1222/254/1 1221/680/1
f 1215/681/1 1128/296/1 1216/224/1
f 1476/279/1 1223/682/1 1222/254/1
f 1475/683/1 1350/335/1 1476/279/1
f 1350/335/1 1223/682/1 1476/279/1
f 1350/335/1 1224/259/1 1223/682/1
f 1475/683/1 1351/684/1 1350/335/1
f 1349/685/1 1224/259/1 1350/335/1
f 1214/219/1 1128/296/1 1215/681/1
f 1349/685/1 1225/686/1 1224/259/1
f 1348/337/1 1225/686/1 1349/685/1
f 1348/337/1 1226/264/1 1225/686/1
f 1474/274/1 1351/684/1 1475/683/1
f 1474/274/1 1352/333/1 1351/684/1
f 1213/687/1 1128/296/1 1214/219/1
f 1348/337/1 1227/688/1 1226/264/1
f 1347/689/1 1227/688/1 1348/337/1
f 1213/687/1 1129/690/1 1128/296/1
f 1347/689/1 1228/269/1 1227/688/1
f 1346/340/1 1228/269/1 1347/689/1
f 1212/217/1 1129/690/1 1213/687/1
f 1346/340/1 1229/691/1 1228/269/1
f 1473/692/1 1352/333/1 1474/274/1
f 1473/692/1 1353/693/1 1352/333/1
f 1345/694/1 1229/691/1 1346/340/1
f 1345/694/1 1230/273/1 1229/691/1
f 1344/343/1 1230/273/1 1345/694/1
f 1211/695/1 1129/690/1 1212/217/1
f 1211/695/1 1130/286/1 1129/690/1
f 1344/343/1 1231/696/1 1230/273/1
f 1472/271/1 1353/693/1 1473/692/1
f 1472/271/1 1354/330/1 1353/693/1
f 1343/697/1 1231/696/1 1344/343/1
f 1343/697/1 1232/277/1 1231/696/1
f 1210/216/1 1130/286/1 1211/695/1
f 1343/697/1 1233/698/1 1232/277/1
f 1342/345/1 1233/698/1 1343/697/1
f 1471/699/1 1354/330/1 1472/271/1
f 1471/699/1 1355/700/1 1354/330/1
f 1342/345/1 1234/281/1 1233/698/1
f 1341/701/1 1234/281/1 1342/345/1
f 1210/216/1 1131/702/1 1130/286/1
f 1341/701/1 1235/703/1 1234/281/1
f 1470/266/1 1355/700/1 1471/699/1
f 1470/266/1 1356/329/1 1355/700/1
f 1209/704/1 1131/702/1 1210/216/1
f 1340/348/1 1235/703/1 1341/701/1
f 1340/348/1 1236/285/1 1235/703/1
f 1340/348/1 1237/705/1 1236/285/1
f 1339/706/1 1237/705/1 1340/348/1
f 1469/707/1 1356/329/1 1470/266/1
f 1339/706/1 1238/290/1 1237/705/1
f 1469/707/1 1357/708/1 1356/329/1
f 1338/351/1 1238/290/1 1339/706/1
f 1208/214/1 1131/702/1 1209/704/1
f 1208/214/1 1132/276/1 1131/702/1
f 1338/351/1 1239/709/1 1238/290/1
f 1338/351/1 1240/294/1 1239/709/1
f 1468/263/1 1357/708/1 1469/707/1
f 1337/710/1 1240/294/1 1338/351/1
f 1337/710/1 1241/711/1 1240/294/1
f 1468/263/1 1358/327/1 1357/708/1
f 1337/710/1 1242/298/1 1241/711/1
f 1467/712/1 1358/327/1 1468/263/1
f 1207/713/1 1132/276/1 1208/214/1
f 1337/710/1 1243/714/1 1242/298/1
f 1336/356/1 1243/714/1 1337/710/1
f 1207/713/1 1133/715/1 1132/276/1
f 1466/261/1 1358/327/1 1467/712/1
f 1466/261/1 1359/716/1 1358/327/1
f 1336/356/1 1244/301/1 1243/714/1
f 1465/717/1 1359/716/1 1466/261/1
f 1206/212/1 1133/715/1 1207/713/1
f 1335/718/1 1244/301/1 1336/356/1
f 1465/717/1 1360/325/1 1359/716/1
f 1464/256/1 1360/325/1 1465/717/1
f 1335/718/1 1245/719/1 1244/301/1
f 1206/212/1 1134/268/1 1133/715/1
f 1334/358/1 1245/719/1 1335/718/1
f 1463/720/1 1360/325/1 1464/256/1
f 1205/721/1 1134/268/1 1206/212/1
f 1463/720/1 1361/722/1 1360/325/1
f 1462/253/1 1361/722/1 1463/720/1
f 1334/358/1 1246/302/1 1245/719/1
f 1204/211/1 1134/268/1 1205/721/1
f 1461/723/1 1361/722/1 1462/253/1
f 1333/724/1 1246/302/1 1334/358/1
f 1204/211/1 1135/725/1 1134/268/1
f 1461/723/1 1362/322/1 1361/722/1
f 1460/251/1 1362/322/1 1461/723/1
f 1203/726/1 1135/725/1 1204/211/1
f 1333/724/1 1247/727/1 1246/302/1
f 1459/728/1 1362/322/1 1460/251/1
f 1332/360/1 1247/727/1 1333/724/1
f 1458/247/1 1362/322/1 1459/728/1
f 1202/209/1 1135/725/1 1203/726/1
f 1458/247/3 1363/729/3 1362/322/3
f 1458/247/3 1364/324/3 1363/729/3
f 1202/209/1 1136/258/1 1135/725/1
f 1458/247/2 1365/730/2 1364/324/2
f 1458/247/4 1366/323/4 1365/730/4
f 1458/247/5 1367/731/5 1366/323/5
f 1332/360/1 1248/303/1 1247/727/1
f 1458/247/6 1374/334/6 1367/731/6
f 1374/334/6 1368/326/6 1367/731/6
f 1374/334/7 1369/732/7 1368/326/7
f 1374/334/4 1370/328/4 1369/732/4
f 1374/334/8 1371/733/8 1370/328/8
f 1374/334/9 1372/331/9 1371/733/9
f 1374/334/1 1373/734/1 1372/331/1
f 1201/735/1 1136/258/1 1202/209/1
f 1331/736/1 1248/303/1 1332/360/1
f 1458/247/1 1375/737/1 1374/334/1
f 1331/736/1 1249/738/1 1248/303/1
f 1201/735/1 1137/739/1 1136/258/1
f 1200/207/1 1137/739/1 1201/735/1
f 1330/363/1 1249/738/1 1331/736/1
f 1458/247/1 1376/338/1 1375/737/1
f 1330/363/1 1250/305/1 1249/738/1
f 1199/740/1 1137/739/1 1200/207/1
f 1199/740/1 1138/249/1 1137/739/1
f 1329/741/1 1250/305/1 1330/363/1
f 1458/247/1 1377/742/1 1376/338/1
f 1198/206/1 1138/249/1 1199/740/1
f 1329/741/1 1251/743/1 1250/305/1
f 1198/206/1 1139/744/1 1138/249/1
f 1328/367/1 1251/743/1 1329/741/1
f 1197/745/1 1139/744/1 1198/206/1
f 1458/247/1 1378/342/1 1377/742/1
f 1328/367/1 1252/306/1 1251/743/1
f 1327/746/1 1252/306/1 1328/367/1
f 1196/204/1 1139/744/1 1197/745/1
f 1458/247/1 1379/747/1 1378/342/1
f 1196/204/1 1140/236/1 1139/744/1
f 1327/746/1 1253/748/1 1252/306/1
f 1458/247/1 1380/346/1 1379/747/1
f 1195/749/1 1140/236/1 1196/204/1
f 1326/370/1 1253/748/1 1327/746/1
f 1326/370/1 1254/307/1 1253/748/1
f 1195/749/1 1141/750/1 1140/236/1
f 1458/247/1 1381/751/1 1380/346/1
f 1194/202/1 1141/750/1 1195/749/1
f 1325/752/1 1254/307/1 1326/370/1
f 1325/752/1 1255/753/1 1254/307/1
f 1458/247/1 1382/349/1 1381/751/1
f 1194/202/1 1142/220/1 1141/750/1
f 1193/754/1 1142/220/1 1194/202/1
f 1324/372/1 1255/753/1 1325/752/1
f 1458/247/1 1383/755/1 1382/349/1
f 1324/372/1 1256/308/1 1255/753/1
f 1192/201/1 1142/220/1 1193/754/1
f 1458/247/1 1384/354/1 1383/755/1
f 1323/756/1 1256/308/1 1324/372/1
f 1192/201/1 1143/757/1 1142/220/1
f 1323/756/1 1257/758/1 1256/308/1
f 1458/247/1 1385/759/1 1384/354/1
f 1191/760/1 1143/757/1 1192/201/1
f 1458/247/1 1386/359/1 1385/759/1
f 1322/375/1 1257/758/1 1323/756/1
f 1322/375/1 1258/309/1 1257/758/1
f 1190/199/1 1143/757/1 1191/760/1
f 1458/247/1 1387/761/1 1386/359/1
f 1190/199/1 1144/218/1 1143/757/1
f 1458/247/1 1388/366/1 1387/761/1
f 1458/247/1 1389/762/1 1388/366/1
f 1321/763/1 1258/309/1 1322/375/1
f 1458/247/1 1390/378/1 1389/762/1
f 1321/763/1 1259/764/1 1258/309/1
f 1189/765/1 1144/218/1 1190/199/1
f 1458/247/1 1391/766/1 1390/378/1
f 1458/247/1 1392/385/1 1391/766/1
f 1457/767/1 1392/385/1 1458/247/1
f 1457/767/1 1393/768/1 1392/385/1
f 1457/767/1 1394/387/1 1393/768/1
f 1320/377/1 1259/764/1 1321/763/1
f 1188/198/1 1144/218/1 1189/765/1
f 1456/246/1 1394/387/1 1457/767/1
f 1456/246/1 1395/769/1 1394/387/1
f 1320/377/1 1260/311/1 1259/764/1
f 1456/246/1 1396/388/1 1395/769/1
f 1188/198/1 1145/770/1 1144/218/1
f 1456/246/1 1397/771/1 1396/388/1
f 1455/772/1 1397/771/1 1456/246/1
f 1455/772/1 1398/390/1 1397/771/1
f 1187/773/1 1145/770/1 1188/198/1
f 1319/774/1 1260/311/1 1320/377/1
f 1455/772/1 1399/775/1 1398/390/1
f 1319/774/1 1261/776/1 1260/311/1
f 1454/244/1 1399/775/1 1455/772/1
f 1454/244/1 1400/392/1 1399/775/1
f 1454/244/1 1401/777/1 1400/392/1
f 1186/196/1 1145/770/1 1187/773/1
f 1453/778/1 1401/777/1 1454/244/1
f 1453/778/1 1402/393/1 1401/777/1
f 1318/381/1 1261/776/1 1319/774/1
f 1318/381/1 1262/312/1 1261/776/1
f 1453/778/1 1403/779/1 1402/393/1
f 1452/241/1 1403/779/1 1453/778/1
f 1452/241/1 1404/395/1 1403/779/1
f 1186/196/1 1146/215/1 1145/770/1
f 1185/780/1 1146/215/1 1186/196/1
f 1452/241/1 1405/781/1 1404/395/1
f 1451/782/1 1405/781/1 1452/241/1
f 1451/782/1 1406/397/1 1405/781/1
f 1317/783/1 1262/312/1 1318/381/1
f 1317/783/1 1263/784/1 1262/312/1
f 1451/782/1 1407/785/1 1406/397/1
f 1451/782/1 1408/398/1 1407/785/1
f 1450/238/1 1408/398/1 1451/782/1
f 1184/195/1 1146/215/1 1185/780/1
f 1450/238/1 1409/786/1 1408/398/1
f 1450/238/1 1410/400/1 1409/786/1
f 1450/238/1 1411/787/1 1410/400/1
f 1449/788/1 1411/787/1 1450/238/1
f 1316/383/1 1263/784/1 1317/783/1
f 1316/383/1 1264/313/1 1263/784/1
f 1449/788/1 1412/245/1 1411/787/1
f 1183/789/1 1146/215/1 1184/195/1
f 1448/235/1 1412/245/1 1449/788/1
f 1448/235/1 1413/790/1 1412/245/1
f 1447/791/1 1413/790/1 1448/235/1
f 1315/792/1 1264/313/1 1316/383/1
f 1447/791/1 1414/243/1 1413/790/1
f 1315/792/1 1265/793/1 1264/313/1
f 1182/193/1 1146/215/1 1183/789/1
f 1182/193/1 1147/794/1 1146/215/1
f 1446/233/1 1414/243/1 1447/791/1
f 1446/233/1 1415/795/1 1414/243/1
f 1182/193/1 1148/213/1 1147/794/1
f 1445/796/1 1415/795/1 1446/233/1
f 1445/796/1 1416/242/1 1415/795/1
f 1314/382/1 1265/793/1 1315/792/1
f 1181/797/1 1148/213/1 1182/193/1
f 1314/382/1 1266/315/1 1265/793/1
f 1445/796/1 1417/798/1 1416/242/1
f 1181/797/1 1149/799/1 1148/213/1
f 1444/230/1 1417/798/1 1445/796/1
f 1444/230/1 1418/239/1 1417/798/1
f 1181/797/1 1150/210/1 1149/799/1
f 1444/230/1 1419/800/1 1418/239/1
f 1443/801/1 1419/800/1 1444/230/1
f 1180/192/1 1150/210/1 1181/797/1
f 1180/192/1 1151/802/1 1150/210/1
f 1313/803/1 1266/315/1 1314/382/1
f 1313/803/1 1267/804/1 1266/315/1
f 1443/801/1 1420/237/1 1419/800/1
f 1442/228/1 1420/237/1 1443/801/1
f 1442/228/1 1421/805/1 1420/237/1
f 1180/192/1 1152/208/1 1151/802/1
f 1313/803/1 1268/316/1 1267/804/1
f 1312/380/1 1268/316/1 1313/803/1
f 1442/228/1 1422/234/1 1421/805/1
f 1441/806/1 1422/234/1 1442/228/1
f 1179/807/1 1152/208/1 1180/192/1
f 1179/807/1 1153/808/1 1152/208/1
f 1311/809/1 1268/316/1 1312/380/1
f 1311/809/1 1269/810/1 1268/316/1
f 1441/806/1 1423/811/1 1422/234/1
f 1440/226/1 1423/811/1 1441/806/1
f 1440/226/1 1424/232/1 1423/811/1
f 1179/807/1 1154/205/1 1153/808/1
f 1310/379/1 1269/810/1 1311/809/1
f 1310/379/1 1270/321/1 1269/810/1
f 1440/226/1 1425/812/1 1424/232/1
f 1439/813/1 1425/812/1 1440/226/1
f 1178/190/1 1154/205/1 1179/807/1
f 1178/190/1 1155/814/1 1154/205/1
f 1439/813/1 1426/231/1 1425/812/1
f 1439/813/1 1427/815/1 1426/231/1
f 1438/221/1 1427/815/1 1439/813/1
f 1309/816/1 1270/321/1 1310/379/1
f 1309/816/1 1271/817/1 1270/321/1
f 1438/221/1 1428/229/1 1427/815/1
f 1178/190/1 1156/203/1 1155/814/1
f 1437/818/1 1428/229/1 1438/221/1
f 1437/818/1 1429/819/1 1428/229/1
f 1437/818/1 1430/227/1 1429/819/1
f 1436/222/1 1430/227/1 1437/818/1
f 1308/376/1 1271/817/1 1309/816/1
f 1308/376/1 1272/332/1 1271/817/1
f 1177/820/1 1156/203/1 1178/190/1
f 1436/222/1 1431/821/1 1430/227/1
f 1177/820/1 1157/822/1 1156/203/1
f 1435/823/1 1431/821/1 1436/222/1
f 1435/823/1 1432/225/1 1431/821/1
f 1435/823/1 1433/824/1 1432/225/1
f 1434/223/1 1433/824/1 1435/823/1
f 1177/820/1 1158/200/1 1157/822/1
f 1307/825/1 1272/332/1 1308/376/1
f 1307/825/1 1273/826/1 1272/332/1
f 1176/189/1 1158/200/1 1177/820/1
f 1176/189/1 1159/827/1 1158/200/1
f 1306/374/1 1273/826/1 1307/825/1
f 1306/374/1 1274/336/1 1273/826/1
f 1176/189/1 1160/197/1 1159/827/1
f 1175/828/1 1160/197/1 1176/189/1
f 1305/829/1 1274/336/1 1306/374/1
f 1305/829/1 1275/830/1 1274/336/1
f 1175/828/1 1161/831/1 1160/197/1
f 1175/828/1 1162/194/1 1161/831/1
f 1304/373/1 1275/830/1 1305/829/1
f 1304/373/1 1276/341/1 1275/830/1
f 1174/187/1 1162/194/1 1175/828/1
f 1174/187/1 1163/832/1 1162/194/1
f 1303/833/1 1276/341/1 1304/373/1
f 1303/833/1 1277/834/1 1276/341/1
f 1173/835/1 1163/832/1 1174/187/1
f 1173/835/1 1164/191/1 1163/832/1
f 1173/835/1 1165/836/1 1164/191/1
f 1172/185/1 1165/836/1 1173/835/1
f 1302/371/1 1277/834/1 1303/833/1
f 1302/371/1 1278/344/1 1277/834/1
f 1172/185/1 1166/188/1 1165/836/1
f 1172/185/1 1167/837/1 1166/188/1
f 1171/838/1 1167/837/1 1172/185/1
f 1171/838/1 1168/184/1 1167/837/1
f 1171/838/1 1169/839/1 1168/184/1
f 1170/186/1 1169/839/1 1171/838/1
f 1301/840/1 1278/344/1 1302/371/1
f 1301/840/1 1279/841/1 1278/344/1
f 1300/369/1 1279/841/1 1301/840/1
f 1300/369/1 1280/347/1 1279/841/1
f 1299/842/1 1280/347/1 1300/369/1
f 1299/842/1 1281/843/1 1280/347/1
f 1298/368/1 1281/843/1 1299/842/1
f 1298/368/1 1282/350/1 1281/843/1
f 1297/844/1 1282/350/1 1298/368/1
f 1297/844/1 1283/845/1 1282/350/1
f 1296/365/1 1283/845/1 1297/844/1
f 1296/365/1 1284/353/1 1283/845/1
f 1295/846/1 1284/353/1 1296/365/1
f 1295/846/1 1285/847/1 1284/353/1
f 1294/362/1 1285/847/1 1295/846/1
f 1294/362/1 1286/355/1 1285/847/1
f 1293/848/1 1286/355/1 1294/362/1
f 1293/848/1 1287/849/1 1286/355/1
f 1292/361/1 1287/849/1 1293/848/1
f 1292/361/1 1288/357/1 1287/849/1
f 1291/850/1 1288/357/1 1292/361/1
f 1291/850/1 1289/851/1 1288/357/1
f 1290/149/1 1289/851/1 1291/850/1
f 1626/852/1 1628/853/1 1627/854/1
f 1626/852/1 1629/855/1 1628/853/1
f 1625/856/1 1629/855/1 1626/852/1
f 1625/856/1 1630/857/1 1629/855/1
f 1625/856/1 1631/858/1 1630/857/1
f 1624/859/1 1631/858/1 1625/856/1
f 1624/859/1 1632/860/1 1631/858/1
f 1624/859/1 1633/861/1 1632/860/1
f 1623/862/1 1633/861/1 1624/859/1
f 1623/862/1 1634/863/1 1633/861/1
f 1623/862/1 1635/864/1 1634/863/1
f 1622/865/1 1635/864/1 1623/862/1
f 1622/865/1 1636/866/1 1635/864/1
f 1621/867/1 1636/866/1 1622/865/1
f 1621/867/1 1637/868/1 1636/866/1
f 1621/867/1 1638/869/1 1637/868/1
f 1620/870/1 1638/869/1 1621/867/1
f 1620/870/1 1639/871/1 1638/869/1
f 1620/870/1 1640/872/1 1639/871/1
f 1619/873/1 1640/872/1 1620/870/1
f 1619/873/1 1641/874/1 1640/872/1
f 1618/875/1 1641/874/1 1619/873/1
f 1618/875/1 1642/876/1 1641/874/1
f 1618/875/1 1643/877/1 1642/876/1
f 1617/878/1 1643/877/1 1618/875/1
f 1617/878/1 1644/879/1 1643/877/1
f 1617/878/1 1645/880/1 1644/879/1
f 1616/881/1 1645/880/1 1617/878/1
f 1616/881/1 1646/882/1 1645/880/1
f 1616/881/1 1647/883/1 1646/882/1
f 1615/884/1 1647/883/1 1616/881/1
f 1615/884/1 1648/885/1 1647/883/1
f 1615/884/1 1649/886/1 1648/885/1
f 1614/887/1 1649/886/1 1615/884/1
f 1614/887/1 1650/888/1 1649/886/1
f 1614/887/1 1651/889/1 1650/888/1
f 1613/890/1 1651/889/1 1614/887/1
f 1613/890/1 1652/891/1 1651/889/1
f 1613/890/1 1653/892/1 1652/891/1
f 1613/890/1 1654/893/1 1653/892/1
f 1613/890/1 1655/894/1 1654/893/1
f 1613/890/1 1656/895/1 1655/894/1
f 1612/896/1 1796/897/1 1613/890/1
f 1796/897/1 1795/898/1 1613/890/1
f 1795/898/1 1656/895/1 1613/890/1
f 1795/898/1 1657/899/1 1656/895/1
f 1795/898/1 1658/900/1 1657/899/1
f 1794/901/2 1658/900/2 1795/898/2
f 1793/902/1 1658/900/1 1794/901/1
f 1792/903/1 1658/900/1 1793/902/1
f 1791/904/1 1658/900/1 1792/903/1
f 1790/905/1 1658/900/1 1791/904/1
f 1612/896/1 1797/906/1 1796/897/1
f 1789/907/1 1658/900/1 1790/905/1
f 1788/908/1 1658/900/1 1789/907/1
f 1787/909/1 1658/900/1 1788/908/1
f 1786/910/1 1658/900/1 1787/909/1
f 1785/911/1 1658/900/1 1786/910/1
f 1612/896/1 1798/912/1 1797/906/1
f 1784/913/1 1658/900/1 1785/911/1
f 1783/914/1 1658/900/1 1784/913/1
f 1782/915/1 1658/900/1 1783/914/1
f 1782/915/1 1659/916/1 1658/900/1
f 1781/917/1 1659/916/1 1782/915/1
f 1780/918/1 1659/916/1 1781/917/1
f 1612/896/1 1799/223/1 1798/912/1
f 1779/919/1 1659/916/1 1780/918/1
f 1778/920/1 1659/916/1 1779/919/1
f 1777/921/1 1659/916/1 1778/920/1
f 1777/921/1 1660/922/1 1659/916/1
f 1776/923/1 1660/922/1 1777/921/1
f 1775/924/1 1660/922/1 1776/923/1
f 1612/896/1 1800/925/1 1799/223/1
f 1774/926/1 1660/922/1 1775/924/1
f 1773/927/1 1660/922/1 1774/926/1
f 1773/927/1 1661/928/1 1660/922/1
f 1772/929/1 1661/928/1 1773/927/1
f 1771/930/1 1661/928/1 1772/929/1
f 1612/896/1 1801/931/1 1800/925/1
f 1770/932/1 1661/928/1 1771/930/1
f 1770/932/1 1662/933/1 1661/928/1
f 1611/934/1 1801/931/1 1612/896/1
f 1770/932/1 1663/935/1 1662/933/1
f 1611/934/1 1802/936/1 1801/931/1
f 1769/937/1 1663/935/1 1770/932/1
f 1769/937/1 1664/938/1 1663/935/1
f 1768/939/1 1664/938/1 1769/937/1
f 1768/939/1 1665/298/1 1664/938/1
f 1611/934/1 1803/940/1 1802/936/1
f 1768/939/1 1666/941/1 1665/298/1
f 1767/942/1 1666/941/1 1768/939/1
f 1611/934/1 1804/943/1 1803/940/1
f 1767/942/1 1667/944/1 1666/941/1
f 1766/945/1 1667/944/1 1767/942/1
f 1610/946/1 1804/943/1 1611/934/1
f 1766/945/1 1668/947/1 1667/944/1
f 1765/948/1 1668/947/1 1766/945/1
f 1610/946/1 1805/949/1 1804/943/1
f 1765/948/1 1669/950/1 1668/947/1
f 1764/951/1 1669/950/1 1765/948/1
f 1610/946/1 1806/952/1 1805/949/1
f 1764/951/1 1670/953/1 1669/950/1
f 1763/954/1 1670/953/1 1764/951/1
f 1763/954/1 1671/955/1 1670/953/1
f 1762/956/1 1671/955/1 1763/954/1
f 1609/957/1 1806/952/1 1610/946/1
f 1609/957/1 1807/958/1 1806/952/1
f 1761/959/1 1671/955/1 1762/956/1
f 1761/959/1 1672/960/1 1671/955/1
f 1760/961/1 1672/960/1 1761/959/1
f 1760/961/1 1673/962/1 1672/960/1
f 1759/963/1 1673/962/1 1760/961/1
f 1609/957/1 1808/964/1 1807/958/1
f 1759/963/1 1674/965/1 1673/962/1
f 1758/966/1 1674/965/1 1759/963/1
f 1757/967/1 1674/965/1 1758/966/1
f 1757/967/1 1675/968/1 1674/965/1
f 1608/969/1 1808/964/1 1609/957/1
f 1608/969/1 1809/970/1 1808/964/1
f 1756/971/1 1675/968/1 1757/967/1
f 1756/971/1 1676/972/1 1675/968/1
f 1755/973/1 1676/972/1 1756/971/1
f 1754/974/1 1676/972/1 1755/973/1
f 1754/974/1 1677/975/1 1676/972/1
f 1608/969/1 1810/976/1 1809/970/1
f 1753/977/1 1677/975/1 1754/974/1
f 1753/977/1 1678/978/1 1677/975/1
f 1752/979/1 1678/978/1 1753/977/1
f 1607/980/1 1810/976/1 1608/969/1
f 1751/981/1 1678/978/1 1752/979/1
f 1751/981/1 1679/982/1 1678/978/1
f 1607/980/1 1811/983/1 1810/976/1
f 1750/984/1 1679/982/1 1751/981/1
f 1749/985/1 1679/982/1 1750/984/1
f 1749/985/1 1680/986/1 1679/982/1
f 1748/987/1 1680/986/1 1749/985/1
f 1747/988/1 1680/986/1 1748/987/1
f 1607/980/1 1812/989/1 1811/983/1
f 1747/988/1 1681/990/1 1680/986/1
f 1746/991/1 1681/990/1 1747/988/1
f 1606/992/1 1812/989/1 1607/980/1
f 1746/991/1 1682/993/1 1681/990/1
f 1606/992/1 1813/994/1 1812/989/1
f 1745/995/1 1682/993/1 1746/991/1
f 1745/995/1 1683/996/1 1682/993/1
f 1745/995/1 1684/997/1 1683/996/1
f 1606/992/1 1814/998/1 1813/994/1
f 1744/999/1 1684/997/1 1745/995/1
f 1605/1000/1 1814/998/1 1606/992/1
f 1744/999/1 1685/1001/1 1684/997/1
f 1605/1000/1 1815/1002/1 1814/998/1
f 1744/999/1 1686/1003/1 1685/1001/1
f 1743/1004/1 1686/1003/1 1744/999/1
f 1743/1004/1 1687/1005/1 1686/1003/1
f 1605/1000/1 1816/1006/1 1815/1002/1
f 1604/1007/1 1816/1006/1 1605/1000/1
f 1743/1004/1 1688/1008/1 1687/1005/1
f 1742/1009/1 1688/1008/1 1743/1004/1
f 1604/1007/1 1817/1010/1 1816/1006/1
f 1742/1009/1 1689/1011/1 1688/1008/1
f 1741/1012/1 1689/1011/1 1742/1009/1
f 1603/1013/1 1817/1010/1 1604/1007/1
f 1603/1013/1 1818/1014/1 1817/1010/1
f 1603/1013/1 1819/1015/1 1818/1014/1
f 1741/1012/1 1690/1016/1 1689/1011/1
f 1740/1017/1 1690/1016/1 1741/1012/1
f 1602/1018/1 1819/1015/1 1603/1013/1
f 1602/1018/1 1820/1019/1 1819/1015/1
f 1740/1017/1 1691/1020/1 1690/1016/1
f 1739/1021/1 1691/1020/1 1740/1017/1
f 1602/1018/1 1821/1022/1 1820/1019/1
f 1739/1021/1 1692/1023/1 1691/1020/1
f 1601/1024/1 1821/1022/1 1602/1018/1
f 1738/1025/1 1692/1023/1 1739/1021/1
f 1601/1024/1 1822/1026/1 1821/1022/1
f 1738/1025/1 1693/1027/1 1692/1023/1
f 1601/1024/1 1823/1028/1 1822/1026/1
f 1600/1029/1 1823/1028/1 1601/1024/1
f 1737/1030/1 1693/1027/1 1738/1025/1
f 1600/1029/1 1824/1031/1 1823/1028/1
f 1737/1030/1 1694/1032/1 1693/1027/1
f 1600/1029/1 1825/1033/1 1824/1031/1
f 1737/1030/1 1695/1034/1 1694/1032/1
f 1736/1035/1 1695/1034/1 1737/1030/1
f 1599/1036/1 1825/1033/1 1600/1029/1
f 1599/1036/1 1826/1037/1 1825/1033/1
f 1736/1035/1 1696/1038/1 1695/1034/1
f 1599/1036/1 1827/1039/1 1826/1037/1
f 1736/1035/1 1697/1040/1 1696/1038/1
f 1598/215/1 1827/1039/1 1599/1036/1
f 1598/215/1 1828/1041/1 1827/1039/1
f 1735/1042/1 1697/1040/1 1736/1035/1
f 1735/1042/1 1698/1043/1 1697/1040/1
f 1598/215/1 1829/1044/1 1828/1041/1
f 1598/215/1 1830/1045/1 1829/1044/1
f 1735/1042/1 1699/1046/1 1698/1043/1
f 1597/1047/1 1830/1045/1 1598/215/1
f 1866/66/1 1699/1046/1 1735/1042/1
f 1597/1047/1 1831/1048/1 1830/1045/1
f 1866/66/1 1700/1049/1 1699/1046/1
f 1865/1050/1 1700/1049/1 1866/66/1
f 1865/1050/1 1701/1051/1 1700/1049/1
f 1865/1050/1 1702/1052/1 1701/1051/1
f 1864/1053/1 1702/1052/1 1865/1050/1
f 1597/1047/1 1832/1054/1 1831/1048/1
f 1864/1053/1 1703/1055/1 1702/1052/1
f 1863/1056/1 1703/1055/1 1864/1053/1
f 1863/1056/1 1704/1057/1 1703/1055/1
f 1597/1047/1 1833/1058/1 1832/1054/1
f 1862/1059/1 1704/1057/1 1863/1056/1
f 1862/1059/1 1705/1060/1 1704/1057/1
f 1596/1061/1 1833/1058/1 1597/1047/1
f 1861/1062/1 1705/1060/1 1862/1059/1
f 1596/1061/1 1834/1063/1 1833/1058/1
f 1860/1064/1 1705/1060/1 1861/1062/1
f 1860/1064/1 1706/1065/1 1705/1060/1
f 1859/1066/1 1706/1065/1 1860/1064/1
f 1596/1061/1 1835/1067/1 1834/1063/1
f 1858/1068/1 1706/1065/1 1859/1066/1
f 1858/1068/1 1707/1069/1 1706/1065/1
f 1857/1070/1 1707/1069/1 1858/1068/1
f 1596/1061/1 1836/1071/1 1835/1067/1
f 1856/1072/1 1707/1069/1 1857/1070/1
f 1856/1072/1 1708/1073/1 1707/1069/1
f 1855/1074/1 1708/1073/1 1856/1072/1
f 1596/1061/1 1837/1075/1 1836/1071/1
f 1595/1076/1 1837/1075/1 1596/1061/1
f 1854/1077/1 1708/1073/1 1855/1074/1
f 1853/1078/1 1708/1073/1 1854/1077/1
f 1595/1076/1 1838/1079/1 1837/1075/1
f 1852/1080/1 1708/1073/1 1853/1078/1
f 1852/1080/1 1709/1081/1 1708/1073/1
f 1595/1076/1 1839/1082/1 1838/1079/1
f 1851/1083/1 1709/1081/1 1852/1080/1
f 1850/1084/1 1709/1081/1 1851/1083/1
f 1595/1076/1 1840/1085/1 1839/1082/1
f 1849/1086/1 1709/1081/1 1850/1084/1
f 1848/1087/1 1709/1081/1 1849/1086/1
f 1595/1076/1 1841/1088/1 1840/1085/1
f 1847/1089/1 1709/1081/1 1848/1087/1
f 1846/1090/1 1709/1081/1 1847/1089/1
f 1595/1076/1 1842/1091/1 1841/1088/1
f 1845/1092/1 1709/1081/1 1846/1090/1
f 1845/1092/1 1710/1093/1 1709/1081/1
f 1844/1094/1 1710/1093/1 1845/1092/1
f 1595/1076/1 1843/1095/1 1842/1091/1
f 1843/1095/1 1710/1093/1 1844/1094/1
f 1595/1076/1 1710/1093/1 1843/1095/1
f 1594/1096/1 1710/1093/1 1595/1076/1
f 1594/1096/1 1711/1097/1 1710/1093/1
f 1594/1096/1 1712/1098/1 1711/1097/1
f 1593/1099/1 1712/1098/1 1594/1096/1
f 1593/1099/1 1713/1100/1 1712/1098/1
f 1593/1099/1 1714/1101/1 1713/1100/1
f 1592/1102/1 1714/1101/1 1593/1099/1
f 1592/1102/1 1715/1103/1 1714/1101/1
f 1592/1102/1 1716/1104/1 1715/1103/1
f 1591/1105/1 1716/1104/1 1592/1102/1
f 1591/1105/1 1717/1106/1 1716/1104/1
f 1591/1105/1 1718/1107/1 1717/1106/1
f 1591/1105/1 1719/1108/1 1718/1107/1
f 1590/1109/1 1719/1108/1 1591/1105/1
f 1590/1109/1 1720/1110/1 1719/1108/1
f 1590/1109/1 1721/1111/1 1720/1110/1
f 1590/1109/1 1722/1112/1 1721/1111/1
f 1590/1109/1 1723/1113/1 1722/1112/1
f 1590/1109/1 1724/1114/1 1723/1113/1
f 1589/1115/1 1724/1114/1 1590/1109/1
f 1589/1115/1 1725/1116/1 1724/1114/1
f 1589/1115/1 1555/1117/1 1725/1116/1
f 1555/1117/1 1726/1118/1 1725/1116/1
f 1588/1119/1 1555/1117/1 1589/1115/1
f 1588/1119/1 1556/1120/1 1555/1117/1
f 1554/1121/1 1726/1118/1 1555/1117/1
f 1554/1121/1 1727/1122/1 1726/1118/1
f 1588/1119/1 1557/1123/1 1556/1120/1
f 1554/1121/1 1728/1124/1 1727/1122/1
f 1588/1119/1 1558/1125/1 1557/1123/1
f 1553/1126/1 1728/1124/1 1554/1121/1
f 1587/1127/1 1558/1125/1 1588/1119/1
f 1553/1126/1 1729/1128/1 1728/1124/1
f 1587/1127/1 1559/1129/1 1558/1125/1
f 1553/1126/1 1730/1130/1 1729/1128/1
f 1587/1127/1 1560/1131/1 1559/1129/1
f 1552/1132/1 1730/1130/1 1553/1126/1
f 1586/1133/1 1560/1131/1 1587/1127/1
f 1552/1132/1 1731/1134/1 1730/1130/1
f 1586/1133/1 1561/1135/1 1560/1131/1
f 1586/1133/1 1562/1136/1 1561/1135/1
f 1552/1132/1 1732/351/1 1731/1134/1
f 1551/1137/1 1732/351/1 1552/1132/1
f 1586/1133/1 1563/1138/1 1562/1136/1
f 1585/1139/1 1563/1138/1 1586/1133/1
f 1551/1137/1 1733/1140/1 1732/351/1
f 1585/1139/1 1564/1141/1 1563/1138/1
f 1551/1137/1 1734/1142/1 1733/1140/1
f 1585/1139/1 1565/1143/1 1564/1141/1
f 1550/1144/1 1734/1142/1 1551/1137/1
f 1584/1145/1 1565/1143/1 1585/1139/1
f 1584/1145/1 1566/1146/1 1565/1143/1
f 1550/1144/1 1531/73/1 1734/1142/1
f 1584/1145/1 1567/1147/1 1566/1146/1
f 1550/1144/1 1532/1148/1 1531/73/1
f 1549/1149/1 1532/1148/1 1550/1144/1
f 1584/1145/1 1568/1150/1 1567/1147/1
f 1583/1151/1 1568/1150/1 1584/1145/1
f 1583/1151/1 1569/1152/1 1568/1150/1
f 1549/1149/1 1533/1153/1 1532/1148/1
f 1583/1151/1 1570/1154/1 1569/1152/1
f 1582/1155/1 1570/1154/1 1583/1151/1
f 1548/1156/1 1533/1153/1 1549/1149/1
f 1548/1156/1 1534/1157/1 1533/1153/1
f 1582/1155/1 1571/1158/1 1570/1154/1
f 1582/1155/1 1572/1159/1 1571/1158/1
f 1548/1156/1 1535/1160/1 1534/1157/1
f 1581/1161/1 1572/1159/1 1582/1155/1
f 1581/1161/1 1573/1162/1 1572/1159/1
f 1547/1163/1 1535/1160/1 1548/1156/1
f 1581/1161/1 1574/1164/1 1573/1162/1
f 1547/1163/1 1536/1165/1 1535/1160/1
f 1581/1161/1 1575/1166/1 1574/1164/1
f 1580/1167/1 1575/1166/1 1581/1161/1
f 1580/1167/1 1576/1168/1 1575/1166/1
f 1580/1167/1 1577/1169/1 1576/1168/1
f 1547/1163/1 1537/1170/1 1536/1165/1
f 1579/1171/1 1577/1169/1 1580/1167/1
f 1579/1171/1 1578/1172/1 1577/1169/1
f 1546/1173/1 1537/1170/1 1547/1163/1
f 1546/1173/1 1538/1174/1 1537/1170/1
f 1545/1175/1 1538/1174/1 1546/1173/1
f 1545/1175/1 1539/1176/1 1538/1174/1
f 1545/1175/1 1540/1177/1 1539/1176/1
f 1544/1178/1 1540/1177/1 1545/1175/1
f 1544/1178/1 1541/1179/1 1540/1177/1
f 1544/1178/1 1542/1180/1 1541/1179/1
f 1543/1181/1 1542/1180/1 1544/1178/1
f 1962/852/1 1964/853/1 1963/854/1
f 1962/852/1 1965/855/1 1964/853/1
f 1961/856/1 1965/855/1 1962/852/1
f 1961/856/1 1966/857/1 1965/855/1
f 1960/859/1 1966/857/1 1961/856/1
f 1960/859/1 1967/858/1 1966/857/1
f 1959/862/1 1967/858/1 1960/859/1
f 1959/862/1 1968/860/1 1967/858/1
f 1959/862/1 1969/861/1 1968/860/1
f 1958/865/1 1969/861/1 1959/862/1
f 1958/865/1 1970/863/1 1969/861/1
f 1957/867/1 1970/863/1 1958/865/1
f 1957/867/1 1971/864/1 1970/863/1
f 1956/870/1 1971/864/1 1957/867/1
f 1956/870/1 1972/866/1 1971/864/1
f 1956/870/1 1973/868/1 1972/866/1
f 1955/873/1 1973/868/1 1956/870/1
f 1955/873/1 1974/869/1 1973/868/1
f 1954/875/1 1974/869/1 1955/873/1
f 1954/875/1 1975/871/1 1974/869/1
f 1953/878/1 1975/871/1 1954/875/1
f 1953/878/1 1976/872/1 1975/871/1
f 1952/881/1 1976/872/1 1953/878/1
f 1952/881/1 1977/874/1 1976/872/1
f 1952/881/1 1978/876/1 1977/874/1
f 1951/884/1 1978/876/1 1952/881/1
f 1951/884/1 1979/877/1 1978/876/1
f 1950/887/1 1979/877/1 1951/884/1
f 1950/887/1 1980/879/1 1979/877/1
f 1950/887/1 1981/880/1 1980/879/1
f 1949/890/1 1981/880/1 1950/887/1
f 1949/890/1 1982/882/1 1981/880/1
f 1949/890/1 1983/883/1 1982/882/1
f 1948/896/1 1983/883/1 1949/890/1
f 1948/896/1 1984/885/1 1983/883/1
f 1948/896/1 1985/886/1 1984/885/1
f 1947/934/1 1985/886/1 1948/896/1
f 1947/934/1 1986/888/1 1985/886/1
f 1947/934/1 1987/889/1 1986/888/1
f 1946/946/1 1987/889/1 1947/934/1
f 1946/946/1 1988/891/1 1987/889/1
f 1946/946/1 1989/892/1 1988/891/1
f 1946/946/1 2035/1046/1 1989/892/1
f 2035/1046/1 1990/893/1 1989/892/1
f 1946/946/1 2036/1049/1 2035/1046/1
f 2034/1043/1 1990/893/1 2035/1046/1
f 2034/1043/1 1991/894/1 1990/893/1
f 2033/1040/1 1991/894/1 2034/1043/1
f 1945/957/1 2036/1049/1 1946/946/1
f 1945/957/1 2037/1051/1 2036/1049/1
f 2032/1038/1 1991/894/1 2033/1040/1
f 2031/1034/1 1991/894/1 2032/1038/1
f 1945/957/1 2038/1052/1 2037/1051/1
f 2030/1032/1 1991/894/1 2031/1034/1
f 2030/1032/1 1992/895/1 1991/894/1
f 2029/1027/1 1992/895/1 2030/1032/1
f 1945/957/1 2039/1055/1 2038/1052/1
f 2028/1023/1 1992/895/1 2029/1027/1
f 2028/1023/1 1993/899/1 1992/895/1
f 2027/1020/1 1993/899/1 2028/1023/1
f 1945/957/1 2040/1057/1 2039/1055/1
f 2026/1016/1 1993/899/1 2027/1020/1
f 2026/1016/1 1994/900/1 1993/899/1
f 2025/1011/1 1994/900/1 2026/1016/1
f 2025/1011/1 1995/916/1 1994/900/1
f 1945/957/1 2041/1060/1 2040/1057/1
f 1944/969/1 2041/1060/1 1945/957/1
f 2024/1008/1 1995/916/1 2025/1011/1
f 2024/1008/1 1996/922/1 1995/916/1
f 2023/1005/1 1996/922/1 2024/1008/1
f 1944/969/1 2042/1065/1 2041/1060/1
f 2023/1005/1 1997/928/1 1996/922/1
f 2023/1005/1 1998/933/1 1997/928/1
f 2022/1003/1 1998/933/1 2023/1005/1
f 2022/1003/1 1999/935/1 1998/933/1
f 2021/1001/1 1999/935/1 2022/1003/1
f 1944/969/1 2043/1069/1 2042/1065/1
f 2021/1001/1 2000/938/1 1999/935/1
f 1943/980/1 2043/1069/1 1944/969/1
f 2020/997/1 2000/938/1 2021/1001/1
f 2020/997/1 2001/298/1 2000/938/1
f 2019/996/1 2001/298/1 2020/997/1
f 2019/996/1 2002/941/1 2001/298/1
f 1943/980/1 2044/1073/1 2043/1069/1
f 2018/993/1 2002/941/1 2019/996/1
f 2018/993/1 2003/944/1 2002/941/1
f 2017/990/1 2003/944/1 2018/993/1
f 2017/990/1 2004/947/1 2003/944/1
f 2017/990/1 2005/950/1 2004/947/1
f 2016/986/1 2005/950/1 2017/990/1
f 2016/986/1 2006/953/1 2005/950/1
f 2015/982/1 2006/953/1 2016/986/1
f 2015/982/1 2007/955/1 2006/953/1
f 2014/978/1 2007/955/1 2015/982/1
f 2014/978/1 2008/960/1 2007/955/1
f 1943/980/1 2045/1081/1 2044/1073/1
f 2013/975/1 2008/960/1 2014/978/1
f 2013/975/1 2009/962/1 2008/960/1
f 2012/972/1 2009/962/1 2013/975/1
f 2012/972/1 2010/965/1 2009/962/1
f 1942/992/1 2045/1081/1 1943/980/1
f 2011/968/1 2010/965/1 2012/972/1
f 1942/992/1 2046/1093/1 2045/1081/1
f 1941/1000/1 2046/1093/1 1942/992/1
f 1941/1000/1 2047/1097/1 2046/1093/1
f 1940/1007/1 2047/1097/1 1941/1000/1
f 1940/1007/1 2048/1098/1 2047/1097/1
f 1939/1013/1 2048/1098/1 1940/1007/1
f 1939/1013/1 2049/1100/1 2048/1098/1
f 1938/1018/1 2049/1100/1 1939/1013/1
f 1938/1018/1 2050/1101/1 2049/1100/1
f 1937/1024/1 2050/1101/1 1938/1018/1
f 1937/1024/1 2051/1103/1 2050/1101/1
f 1936/1029/1 2051/1103/1 1937/1024/1
f 1936/1029/1 2052/1104/1 2051/1103/1
f 1935/1036/1 2052/1104/1 1936/1029/1
f 1935/1036/1 2053/1106/1 2052/1104/1
f 1934/215/1 2053/1106/1 1935/1036/1
f 2178/1091/1 2180/1094/1 2179/1095/1
f 2177/1088/1 2180/1094/1 2178/1091/1
f 2177/1088/1 2181/1092/1 2180/1094/1
f 2176/1085/1 2181/1092/1 2177/1088/1
f 2176/1085/1 2182/1090/1 2181/1092/1
f 2175/1082/1 2182/1090/1 2176/1085/1
f 2175/1082/1 2183/1089/1 2182/1090/1
f 2174/1079/1 2183/1089/1 2175/1082/1
f 2174/1079/1 2184/1087/1 2183/1089/1
f 2173/1075/1 2184/1087/1 2174/1079/1
f 2173/1075/1 2185/1086/1 2184/1087/1
f 2172/1071/1 2185/1086/1 2173/1075/1
f 2172/1071/1 2186/1084/1 2185/1086/1
f 2171/1067/1 2186/1084/1 2172/1071/1
f 2171/1067/1 2187/1083/1 2186/1084/1
f 2170/1063/1 2187/1083/1 2171/1067/1
f 2170/1063/1 2188/1080/1 2187/1083/1
f 2169/1058/1 2188/1080/1 2170/1063/1
f 2169/1058/1 2189/1078/1 2188/1080/1
f 2168/1054/1 2189/1078/1 2169/1058/1
f 1934/215/1 2054/1107/1 2053/1106/1
f 2168/1054/1 2190/1077/1 2189/1078/1
f 2167/1048/1 2190/1077/1 2168/1054/1
f 2167/1048/1 2191/1074/1 2190/1077/1
f 2166/1045/1 2191/1074/1 2167/1048/1
f 2166/1045/1 2192/1072/1 2191/1074/1
f 1933/1047/1 2054/1107/1 1934/215/1
f 2165/1044/1 2192/1072/1 2166/1045/1
f 2165/1044/1 2193/1070/1 2192/1072/1
f 2165/1044/1 2194/1068/1 2193/1070/1
f 2164/1041/1 2194/1068/1 2165/1044/1
f 2164/1041/1 2195/1066/1 2194/1068/1
f 2164/1041/1 2196/1064/1 2195/1066/1
f 2163/1039/1 2196/1064/1 2164/1041/1
f 2163/1039/1 2197/1062/1 2196/1064/1
f 1933/1047/1 2055/1108/1 2054/1107/1
f 2163/1039/1 2198/1059/1 2197/1062/1
f 1932/1061/1 2055/1108/1 1933/1047/1
f 2162/1037/1 2198/1059/1 2163/1039/1
f 2162/1037/1 2199/1056/1 2198/1059/1
f 2162/1037/1 2200/1053/1 2199/1056/1
f 2161/1033/1 2200/1053/1 2162/1037/1
f 2161/1033/1 2201/1050/1 2200/1053/1
f 2161/1033/1 2202/66/1 2201/1050/1
f 2160/1031/1 2202/66/1 2161/1033/1
f 2160/1031/1 1867/73/1 2202/66/1
f 1931/1076/1 2055/1108/1 1932/1061/1
f 1931/1076/1 2056/1110/1 2055/1108/1
f 2160/1031/1 1868/1148/1 1867/73/1
f 2159/1028/1 1868/1148/1 2160/1031/1
f 2159/1028/1 1869/1153/1 1868/1148/1
f 2158/1026/1 1869/1153/1 2159/1028/1
f 2158/1026/1 1870/1157/1 1869/1153/1
f 2158/1026/1 1871/1160/1 1870/1157/1
f 1930/1096/1 2056/1110/1 1931/1076/1
f 2157/1022/1 1871/1160/1 2158/1026/1
f 2157/1022/1 1872/1165/1 1871/1160/1
f 1930/1096/1 2057/1111/1 2056/1110/1
f 2157/1022/1 1873/1170/1 1872/1165/1
f 2156/1019/1 1873/1170/1 2157/1022/1
f 2156/1019/1 1874/1174/1 1873/1170/1
f 2156/1019/1 1875/1176/1 1874/1174/1
f 1929/1099/1 2057/1111/1 1930/1096/1
f 2156/1019/1 1876/1177/1 1875/1176/1
f 2155/1015/1 1876/1177/1 2156/1019/1
f 2155/1015/1 1877/1179/1 1876/1177/1
f 2155/1015/1 1878/1180/1 1877/1179/1
f 1929/1099/1 2058/1112/1 2057/1111/1
f 2155/1015/1 1879/1181/1 1878/1180/1
f 2154/1014/1 1879/1181/1 2155/1015/1
f 2154/1014/1 2107/930/1 1879/1181/1
f 2107/930/1 1880/1178/1 1879/1181/1
f 2153/1010/1 2107/930/1 2154/1014/1
f 1928/1102/1 2058/1112/1 1929/1099/1
f 2152/1006/1 2107/930/1 2153/1010/1
f 2151/1002/1 2107/930/1 2152/1006/1
f 2151/1002/1 2108/929/1 2107/930/1
f 2106/932/1 1880/1178/1 2107/930/1
f 2151/1002/1 2109/927/1 2108/929/1
f 2150/998/1 2109/927/1 2151/1002/1
f 2150/998/1 2110/926/1 2109/927/1
f 1928/1102/1 2059/1113/1 2058/1112/1
f 2149/994/1 2110/926/1 2150/998/1
f 2149/994/1 2111/924/1 2110/926/1
f 2149/994/1 2112/923/1 2111/924/1
f 2106/932/1 1881/1175/1 1880/1178/1
f 2148/989/1 2112/923/1 2149/994/1
f 1927/1105/1 2059/1113/1 1928/1102/1
f 2148/989/1 2113/921/1 2112/923/1
f 2147/983/1 2113/921/1 2148/989/1
f 2105/937/1 1881/1175/1 2106/932/1
f 2147/983/1 2114/920/1 2113/921/1
f 2146/976/1 2114/920/1 2147/983/1
f 2146/976/1 2115/919/1 2114/920/1
f 2145/970/1 2115/919/1 2146/976/1
f 2144/964/1 2115/919/1 2145/970/1
f 2144/964/1 2116/918/1 2115/919/1
f 2143/958/1 2116/918/1 2144/964/1
f 2104/939/1 1881/1175/1 2105/937/1
f 2143/958/1 2117/917/1 2116/918/1
f 2142/952/1 2117/917/1 2143/958/1
f 1926/1109/1 2059/1113/1 1927/1105/1
f 1926/1109/1 2060/1114/1 2059/1113/1
f 2104/939/1 1882/1173/1 1881/1175/1
f 2141/949/1 2117/917/1 2142/952/1
f 2141/949/1 2118/915/1 2117/917/1
f 2140/943/1 2118/915/1 2141/949/1
f 2140/943/1 2119/914/1 2118/915/1
f 2103/942/1 1882/1173/1 2104/939/1
f 2139/940/1 2119/914/1 2140/943/1
f 2138/936/1 2119/914/1 2139/940/1
f 1926/1109/1 2061/1116/1 2060/1114/1
f 2137/931/1 2119/914/1 2138/936/1
f 2137/931/1 2120/913/1 2119/914/1
f 2137/931/1 2121/911/1 2120/913/1
f 2136/925/1 2121/911/1 2137/931/1
f 2136/925/1 2122/910/1 2121/911/1
f 2135/223/1 2122/910/1 2136/925/1
f 2135/223/1 2123/909/1 2122/910/1
f 2135/223/1 2124/908/1 2123/909/1
f 2134/912/1 2124/908/1 2135/223/1
f 2134/912/1 2125/907/1 2124/908/1
f 2134/912/1 2126/905/1 2125/907/1
f 2133/906/1 2126/905/1 2134/912/1
f 2133/906/1 2127/904/1 2126/905/1
f 2133/906/1 2128/903/1 2127/904/1
f 2132/897/1 2128/903/1 2133/906/1
f 2102/945/1 1882/1173/1 2103/942/1
f 2132/897/1 2129/902/1 2128/903/1
f 2132/897/1 2130/901/1 2129/902/1
f 2131/898/1 2130/901/1 2132/897/1
f 1925/1115/1 2061/1116/1 1926/1109/1
f 2102/945/1 1883/1163/1 1882/1173/1
f 1925/1115/1 2062/1118/1 2061/1116/1
f 2101/948/1 1883/1163/1 2102/945/1
f 1925/1115/1 2063/1122/1 2062/1118/1
f 1924/1119/1 2063/1122/1 1925/1115/1
f 2100/951/1 1883/1163/1 2101/948/1
f 2100/951/1 1884/1156/1 1883/1163/1
f 1924/1119/1 2064/1124/1 2063/1122/1
f 2099/954/1 1884/1156/1 2100/951/1
f 1924/1119/1 2065/1128/1 2064/1124/1
f 1923/1127/1 2065/1128/1 1924/1119/1
f 2098/956/1 1884/1156/1 2099/954/1
f 2098/956/1 1885/1149/1 1884/1156/1
f 1923/1127/1 2066/1130/1 2065/1128/1
f 2097/959/1 1885/1149/1 2098/956/1
f 1923/1127/1 2067/1134/1 2066/1130/1
f 2096/961/1 1885/1149/1 2097/959/1
f 1922/1133/1 2067/1134/1 1923/1127/1
f 2096/961/1 1886/1144/1 1885/1149/1
f 1922/1133/1 2068/351/1 2067/1134/1
f 2095/963/1 1886/1144/1 2096/961/1
f 1922/1133/1 2069/1140/1 2068/351/1
f 2094/966/1 1886/1144/1 2095/963/1
f 1922/1133/1 2070/1142/1 2069/1140/1
f 1921/1139/1 2070/1142/1 1922/1133/1
f 2094/966/1 1887/1137/1 1886/1144/1
f 1921/1139/1 2071/1042/1 2070/1142/1
f 2093/967/1 1887/1137/1 2094/966/1
f 1921/1139/1 2072/1035/1 2071/1042/1
f 2092/971/1 1887/1137/1 2093/967/1
f 1921/1139/1 2073/1030/1 2072/1035/1
f 2091/973/1 1887/1137/1 2092/971/1
f 1920/1145/1 2073/1030/1 1921/1139/1
f 1920/1145/1 2074/1025/1 2073/1030/1
f 2091/973/1 1888/1132/1 1887/1137/1
f 2090/974/1 1888/1132/1 2091/973/1
f 1920/1145/1 2075/1021/1 2074/1025/1
f 2089/977/1 1888/1132/1 2090/974/1
f 1920/1145/1 2076/1017/1 2075/1021/1
f 2088/979/1 1888/1132/1 2089/977/1
f 1920/1145/1 2077/1012/1 2076/1017/1
f 1920/1145/1 2078/1009/1 2077/1012/1
f 2087/981/1 1888/1132/1 2088/979/1
f 1920/1145/1 2079/1004/1 2078/1009/1
f 1919/1151/1 2079/1004/1 1920/1145/1
f 2086/984/1 1888/1132/1 2087/981/1
f 1919/1151/1 2080/999/1 2079/1004/1
f 2085/985/1 1888/1132/1 2086/984/1
f 2085/985/1 1889/1126/1 1888/1132/1
f 1919/1151/1 2081/995/1 2080/999/1
f 2084/987/1 1889/1126/1 2085/985/1
f 1919/1151/1 2082/991/1 2081/995/1
f 2083/988/1 1889/1126/1 2084/987/1
f 1919/1151/1 2083/988/1 2082/991/1
f 1919/1151/1 1889/1126/1 2083/988/1
f 1918/1155/1 1889/1126/1 1919/1151/1
f 1918/1155/1 1890/1121/1 1889/1126/1
f 1917/1161/1 1890/1121/1 1918/1155/1
f 1917/1161/1 1891/1117/1 1890/1121/1
f 1916/1167/1 1891/1117/1 1917/1161/1
f 1916/1167/1 1892/1120/1 1891/1117/1
f 1915/1171/1 1892/1120/1 1916/1167/1
f 1915/1171/1 1893/1123/1 1892/1120/1
f 1914/1172/1 1893/1123/1 1915/1171/1
f 1914/1172/1 1894/1125/1 1893/1123/1
f 1913/1169/1 1894/1125/1 1914/1172/1
f 1913/1169/1 1895/1129/1 1894/1125/1
f 1912/1168/1 1895/1129/1 1913/1169/1
f 1912/1168/1 1896/1131/1 1895/1129/1
f 1911/1166/1 1896/1131/1 1912/1168/1
f 1910/1164/1 1896/1131/1 1911/1166/1
f 1910/1164/1 1897/1135/1 1896/1131/1
f 1909/1162/1 1897/1135/1 1910/1164/1
f 1909/1162/1 1898/1136/1 1897/1135/1
f 1908/1159/1 1898/1136/1 1909/1162/1
f 1908/1159/1 1899/1138/1 1898/1136/1
f 1907/1158/1 1899/1138/1 1908/1159/1
f 1907/1158/1 1900/1141/1 1899/1138/1
f 1906/1154/1 1900/1141/1 1907/1158/1
f 1906/1154/1 1901/1143/1 1900/1141/1
f 1905/1152/1 1901/1143/1 1906/1154/1
f 1905/1152/1 1902/1146/1 1901/1143/1
f 1904/1150/1 1902/1146/1 1905/1152/1
f 1904/1150/1 1903/1147/1 1902/1146/1
f 2373/1/10 2374/3/10 2375/2/10
f 2372/4/10 2373/1/10 2375/2/10
f 2372/4/10 2375/2/10 2376/5/10
f 2371/6/10 2372/4/10 2376/5/10
f 2371/6/10 2376/5/10 2377/7/10
f 2370/8/10 2371/6/10 2377/7/10
f 2369/9/10 2370/8/10 2377/7/10
f 2369/9/10 2377/7/10 2378/10/10
f 2349/11/10 2350/13/10 2351/12/10
f 2348/14/10 2349/11/10 2351/12/10
f 2348/14/10 2351/12/10 2352/15/10
f 2347/16/10 2348/14/10 2352/15/10
f 2346/17/10 2347/16/10 2352/15/10
f 2346/17/10 2352/15/10 2353/18/10
f 2345/19/10 2346/17/10 2353/18/10
f 2368/20/10 2369/9/10 2378/10/10
f 2344/21/10 2345/19/10 2353/18/10
f 2344/21/10 2353/18/10 2354/22/10
f 2343/23/10 2344/21/10 2354/22/10
f 2368/20/10 2378/10/10 2379/24/10
f 2343/23/10 2354/22/10 2355/25/10
f 2342/26/10 2343/23/10 2355/25/10
f 2367/27/10 2368/20/10 2379/24/10
f 2341/28/10 2342/26/10 2355/25/10
f 2341/28/10 2355/25/10 2356/29/10
f 2340/30/10 2341/28/10 2356/29/10
f 2339/31/10 2340/30/10 2356/29/10
f 2366/32/10 2367/27/10 2379/24/10
f 2366/32/10 2379/24/10 2380/33/10
f 2339/31/10 2356/29/10 2357/34/10
f 2338/35/10 2339/31/10 2357/34/10
f 2337/36/10 2338/35/10 2357/34/10
f 2337/36/10 2357/34/10 2358/37/10
f 2365/38/10 2366/32/10 2380/33/10
f 2336/39/10 2337/36/10 2358/37/10
f 2365/38/10 2380/33/10 2381/40/10
f 2335/41/10 2336/39/10 2358/37/10
f 2335/41/10 2358/37/10 2359/42/10
f 2364/43/10 2365/38/10 2381/40/10
f 2334/44/10 2335/41/10 2359/42/10
f 2334/44/10 2359/42/10 2360/45/10
f 2333/46/10 2334/44/10 2360/45/10
f 2332/47/10 2333/46/10 2360/45/10
f 2364/43/10 2381/40/10 2382/48/10
f 2363/49/10 2364/43/10 2382/48/10
f 2332/47/10 2360/45/10 2361/50/10
f 2331/51/10 2332/47/10 2361/50/10
f 2330/52/10 2331/51/10 2361/50/10
f 2362/53/10 2363/49/10 2382/48/10
f 2329/54/10 2330/52/10 2361/50/10
f 2329/54/10 2361/50/10 2362/53/10
f 2362/53/10 2382/48/10 2383/55/10
f 2328/56/10 2329/54/10 2362/53/10
f 2327/57/10 2328/56/10 2362/53/10
f 2327/57/10 2362/53/10 2383/55/10
f 2326/58/10 2327/57/10 2383/55/10
f 2325/59/10 2326/58/10 2383/55/10
f 2325/59/10 2383/55/10 2384/60/10
f 2324/61/10 2325/59/10 2384/60/10
f 2323/62/10 2324/61/10 2384/60/10
f 2322/63/10 2323/62/10 2384/60/10
f 2321/64/10 2322/63/10 2384/60/10
f 2320/65/10 2321/64/10 2384/60/10
f 2320/65/10 2384/60/10 2385/66/10
f 2319/67/10 2320/65/10 2385/66/10
f 2318/68/10 2319/67/10 2385/66/10
f 2317/69/10 2318/68/10 2385/66/10
f 2316/70/10 2317/69/10 2385/66/10
f 2315/71/10 2316/70/10 2385/66/10
f 2315/71/10 2385/66/10 2240/72/10
f 2240/72/10 2385/66/10 2203/73/10
f 2314/74/10 2315/71/10 2240/72/10
f 2313/75/10 2314/74/10 2240/72/10
f 2312/76/10 2313/75/10 2240/72/10
f 2312/76/10 2240/72/10 2241/77/10
f 2239/78/10 2240/72/10 2203/73/10
f 2311/79/10 2312/76/10 2241/77/10
f 2311/79/10 2241/77/10 2242/80/10
f 2239/78/10 2203/73/10 2204/81/10
f 2310/82/10 2311/79/10 2242/80/10
f 2310/82/10 2242/80/10 2243/83/10
f 2239/78/10 2204/81/10 2205/84/10
f 2309/85/10 2310/82/10 2243/83/10
f 2239/78/10 2205/84/10 2206/86/10
f 2309/85/10 2243/83/10 2244/87/10
f 2308/88/10 2309/85/10 2244/87/10
f 2239/78/10 2206/86/10 2207/89/10
f 2307/90/10 2308/88/10 2244/87/10
f 2239/78/10 2207/89/10 2208/91/10
f 2307/90/10 2244/87/10 2245/92/10
f 2239/78/10 2208/91/10 2209/93/10
f 2306/94/10 2307/90/10 2245/92/10
f 2239/78/10 2209/93/10 2210/95/10
f 2305/96/10 2306/94/10 2245/92/10
f 2305/96/10 2245/92/10 2246/97/10
f 2239/78/10 2210/95/10 2211/98/10
f 2304/99/10 2305/96/10 2246/97/10
f 2239/78/10 2211/98/10 2212/100/10
f 2239/78/10 2212/100/10 2213/101/10
f 2303/102/10 2304/99/10 2246/97/10
f 2239/78/10 2213/101/10 2214/103/10
f 2302/104/10 2303/102/10 2246/97/10
f 2239/78/10 2214/103/10 2215/105/10
f 2302/104/10 2246/97/10 2247/106/10
f 2239/78/10 2215/105/10 2216/107/10
f 2301/108/10 2302/104/10 2252/109/10
f 2252/109/10 2302/104/10 2251/110/10
f 2251/110/10 2302/104/10 2250/111/10
f 2250/111/10 2302/104/10 2249/112/10
f 2249/112/10 2302/104/10 2248/113/10
f 2248/113/10 2302/104/10 2247/106/10
f 2238/114/10 2239/78/10 2216/107/10
f 2238/114/10 2216/107/10 2217/115/10
f 2237/116/10 2238/114/10 2217/115/10
f 2237/116/10 2217/115/10 2218/117/10
f 2236/118/10 2237/116/10 2218/117/10
f 2236/118/10 2218/117/10 2219/119/10
f 2235/120/10 2236/118/10 2219/119/10
f 2235/120/10 2219/119/10 2220/121/10
f 2234/122/10 2235/120/10 2220/121/10
f 2234/122/10 2220/121/10 2221/123/10
f 2233/124/10 2234/122/10 2221/123/10
f 2233/124/10 2221/123/10 2222/125/10
f 2232/126/10 2233/124/10 2222/125/10
f 2232/126/10 2222/125/10 2223/127/10
f 2231/128/10 2232/126/10 2223/127/10
f 2231/128/10 2223/127/10 2224/129/10
f 2230/130/10 2231/128/10 2224/129/10
f 2230/130/10 2224/129/10 2225/131/10
f 2229/132/10 2230/130/10 2225/131/10
f 2229/132/10 2225/131/10 2226/133/10
f 2228/134/10 2229/132/10 2226/133/10
f 2228/134/10 2226/133/10 2227/135/10
f 2301/108/10 2252/109/10 2253/136/10
f 2300/137/10 2301/108/10 2253/136/10
f 2300/137/10 2253/136/10 2254/138/10
f 2299/139/10 2300/137/10 2254/138/10
f 2299/139/10 2254/138/10 2255/140/10
f 2298/141/10 2299/139/10 2255/140/10
f 2298/141/10 2255/140/10 2256/142/10
f 2297/143/10 2298/141/10 2256/142/10
f 2297/143/10 2256/142/10 2257/144/10
f 2296/145/10 2297/143/10 2257/144/10
f 2296/145/10 2257/144/10 2258/146/10
f 2295/147/10 2296/145/10 2258/146/10
f 2295/147/10 2258/146/10 2259/148/10
f 2294/149/10 2295/147/10 2259/148/10
f 2294/149/10 2259/148/10 2260/150/10
f 2293/151/10 2294/149/10 2260/150/10
f 2293/151/10 2260/150/10 2261/152/10
f 2292/153/10 2293/151/10 2261/152/10
f 2292/153/10 2261/152/10 2262/154/10
f 2291/155/10 2292/153/10 2262/154/10
f 2291/155/10 2262/154/10 2263/156/10
f 2290/157/10 2291/155/10 2263/156/10
f 2290/157/10 2263/156/10 2264/158/10
f 2289/159/10 2290/157/10 2264/158/10
f 2289/159/10 2264/158/10 2265/160/10
f 2288/161/10 2289/159/10 2265/160/10
f 2288/161/10 2265/160/10 2266/162/10
f 2287/163/10 2288/161/10 2266/162/10
f 2287/163/10 2266/162/10 2267/164/10
f 2286/165/10 2287/163/10 2267/164/10
f 2286/165/10 2267/164/10 2268/166/10
f 2285/167/10 2286/165/10 2268/166/10
f 2285/167/10 2268/166/10 2269/168/10
f 2284/169/10 2285/167/10 2269/168/10
f 2284/169/10 2269/168/10 2270/170/10
f 2283/171/10 2284/169/10 2270/170/10
f 2283/171/10 2270/170/10 2271/172/10
f 2282/173/10 2283/171/10 2271/172/10
f 2282/173/10 2271/172/10 2272/174/10
f 2281/175/10 2282/173/10 2272/174/10
f 2281/175/10 2272/174/10 2273/176/10
f 2280/177/10 2281/175/10 2273/176/10
f 2280/177/10 2273/176/10 2274/178/10
f 2279/179/10 2280/177/10 2274/178/10
f 2279/179/10 2274/178/10 2275/180/10
f 2278/181/10 2279/179/10 2275/180/10
f 2278/181/10 2275/180/10 2276/182/10
f 2277/183/10 2278/181/10 2276/182/10
f 2445/184/10 2446/186/10 2447/185/10
f 2445/184/10 2447/185/10 2448/187/10
f 2444/188/10 2445/184/10 2448/187/10
f 2444/188/10 2448/187/10 2449/189/10
f 2444/188/10 2449/189/10 2450/190/10
f 2443/191/10 2444/188/10 2450/190/10
f 2443/191/10 2450/190/10 2451/192/10
f 2443/191/10 2451/192/10 2452/193/10
f 2442/194/10 2443/191/10 2452/193/10
f 2442/194/10 2452/193/10 2453/195/10
f 2442/194/10 2453/195/10 2454/196/10
f 2441/197/10 2442/194/10 2454/196/10
f 2441/197/10 2454/196/10 2455/198/10
f 2441/197/10 2455/198/10 2456/199/10
f 2440/200/10 2441/197/10 2456/199/10
f 2440/200/10 2456/199/10 2457/201/10
f 2440/200/10 2457/201/10 2458/202/10
f 2439/203/10 2440/200/10 2458/202/10
f 2439/203/10 2458/202/10 2459/204/10
f 2438/205/10 2439/203/10 2459/204/10
f 2438/205/10 2459/204/10 2460/206/10
f 2438/205/10 2460/206/10 2461/207/10
f 2437/208/10 2438/205/10 2461/207/10
f 2437/208/10 2461/207/10 2462/209/10
f 2436/210/10 2437/208/10 2462/209/10
f 2436/210/10 2462/209/10 2463/211/10
f 2436/210/10 2463/211/10 2464/212/10
f 2435/213/10 2436/210/10 2464/212/10
f 2435/213/10 2464/212/10 2465/214/10
f 2434/215/10 2435/213/10 2465/214/10
f 2434/215/10 2465/214/10 2466/216/10
f 2434/215/10 2466/216/10 2467/217/10
f 2433/218/10 2434/215/10 2467/217/10
f 2433/218/10 2467/217/10 2468/219/10
f 2432/220/10 2433/218/10 2580/221/10
f 2580/221/10 2433/218/10 2579/222/10
f 2579/222/10 2433/218/10 2468/219/10
f 2579/222/10 2468/219/10 2578/223/10
f 2578/223/10 2468/219/10 2469/224/10
f 2577/225/10 2578/223/10 2469/224/10
f 2432/220/10 2580/221/10 2581/226/10
f 2576/227/10 2577/225/10 2469/224/10
f 2432/220/10 2581/226/10 2582/228/10
f 2575/229/10 2576/227/10 2469/224/10
f 2432/220/10 2582/228/10 2583/230/10
f 2574/231/10 2575/229/10 2469/224/10
f 2573/232/10 2574/231/10 2469/224/10
f 2432/220/10 2583/230/10 2584/233/10
f 2572/234/10 2573/232/10 2469/224/10
f 2432/220/10 2584/233/10 2585/235/10
f 2431/236/10 2432/220/10 2585/235/10
f 2571/237/10 2572/234/10 2469/224/10
f 2431/236/10 2585/235/10 2586/238/10
f 2570/239/10 2571/237/10 2469/224/10
f 2570/239/10 2469/224/10 2470/240/10
f 2431/236/10 2586/238/10 2587/241/10
f 2569/242/10 2570/239/10 2470/240/10
f 2568/243/10 2569/242/10 2470/240/10
f 2431/236/10 2587/241/10 2588/244/10
f 2567/245/10 2568/243/10 2470/240/10
f 2431/236/10 2588/244/10 2589/246/10
f 2626/66/10 2567/245/10 2470/240/10
f 2431/236/10 2589/246/10 2590/247/10
f 2626/66/10 2470/240/10 2471/248/10
f 2430/249/10 2431/236/10 2590/247/10
f 2625/250/10 2626/66/10 2471/248/10
f 2430/249/10 2590/247/10 2591/251/10
f 2624/252/10 2625/250/10 2471/248/10
f 2430/249/10 2591/251/10 2592/253/10
f 2624/252/10 2471/248/10 2472/254/10
f 2623/255/10 2624/252/10 2472/254/10
f 2430/249/10 2592/253/10 2593/256/10
f 2622/257/10 2623/255/10 2472/254/10
f 2429/258/10 2430/249/10 2593/256/10
f 2622/257/10 2472/254/10 2473/259/10
f 2621/260/10 2622/257/10 2473/259/10
f 2429/258/10 2593/256/10 2594/261/10
f 2620/262/10 2621/260/10 2473/259/10
f 2429/258/10 2594/261/10 2595/263/10
f 2620/262/10 2473/259/10 2474/264/10
f 2619/265/10 2620/262/10 2474/264/10
f 2429/258/10 2595/263/10 2596/266/10
f 2618/267/10 2619/265/10 2474/264/10
f 2428/268/10 2429/258/10 2596/266/10
f 2618/267/10 2474/264/10 2475/269/10
f 2617/270/10 2618/267/10 2475/269/10
f 2428/268/10 2596/266/10 2597/271/10
f 2616/272/10 2617/270/10 2475/269/10
f 2616/272/10 2475/269/10 2476/273/10
f 2428/268/10 2597/271/10 2598/274/10
f 2615/275/10 2616/272/10 2476/273/10
f 2427/276/10 2428/268/10 2598/274/10
f 2615/275/10 2476/273/10 2477/277/10
f 2614/278/10 2615/275/10 2477/277/10
f 2427/276/10 2598/274/10 2599/279/10
f 2613/280/10 2614/278/10 2477/277/10
f 2613/280/10 2477/277/10 2478/281/10
f 2612/282/10 2613/280/10 2478/281/10
f 2427/276/10 2599/279/10 2600/283/10
f 2611/284/10 2612/282/10 2478/281/10
f 2611/284/10 2478/281/10 2479/285/10
f 2426/286/10 2427/276/10 2600/283/10
f 2610/287/10 2611/284/10 2479/285/10
f 2426/286/10 2600/283/10 2601/288/10
f 2609/289/10 2610/287/10 2479/285/10
f 2609/289/10 2479/285/10 2480/290/10
f 2608/291/10 2609/289/10 2480/290/10
f 2607/292/10 2608/291/10 2480/290/10
f 2426/286/10 2601/288/10 2602/293/10
f 2607/292/10 2480/290/10 2481/294/10
f 2606/295/10 2607/292/10 2481/294/10
f 2425/296/10 2426/286/10 2602/293/10
f 2605/297/10 2606/295/10 2481/294/10
f 2605/297/10 2481/294/10 2482/298/10
f 2425/296/10 2602/293/10 2603/299/10
f 2604/300/10 2605/297/10 2482/298/10
f 2604/300/10 2482/298/10 2483/301/10
f 2603/299/10 2604/300/10 2483/301/10
f 2603/299/10 2483/301/10 2484/302/10
f 2425/296/10 2603/299/10 2484/302/10
f 2425/296/10 2484/302/10 2485/303/10
f 2424/304/10 2425/296/10 2485/303/10
f 2424/304/10 2485/303/10 2486/305/10
f 2424/304/10 2486/305/10 2487/306/10
f 2424/304/10 2487/306/10 2488/307/10
f 2424/304/10 2488/307/10 2489/308/10
f 2424/304/10 2489/308/10 2490/309/10
f 2423/310/10 2424/304/10 2490/309/10
f 2423/310/10 2490/309/10 2491/311/10
f 2423/310/10 2491/311/10 2492/312/10
f 2423/310/10 2492/312/10 2493/313/10
f 2422/314/10 2423/310/10 2493/313/10
f 2422/314/10 2493/313/10 2494/315/10
f 2422/314/10 2494/315/10 2495/316/10
f 2421/317/10 2422/314/10 2495/316/10
f 2420/318/10 2421/317/10 2495/316/10
f 2419/319/10 2420/318/10 2495/316/10
f 2418/320/10 2419/319/10 2495/316/10
f 2418/320/10 2495/316/10 2496/321/10
f 2542/322/10 2543/324/10 2544/323/10
f 2541/325/10 2542/322/10 2544/323/10
f 2541/325/10 2544/323/10 2545/326/10
f 2540/327/10 2541/325/10 2545/326/10
f 2540/327/10 2545/326/10 2546/328/10
f 2539/329/10 2540/327/10 2546/328/10
f 2538/330/10 2539/329/10 2546/328/10
f 2538/330/10 2546/328/10 2547/331/10
f 2418/320/10 2496/321/10 2497/332/10
f 2537/333/10 2538/330/10 2547/331/10
f 2537/333/10 2547/331/10 2548/334/10
f 2536/335/10 2537/333/10 2548/334/10
f 2418/320/10 2497/332/10 2498/336/10
f 2535/337/10 2536/335/10 2548/334/10
f 2535/337/10 2548/334/10 2549/338/10
f 2417/339/10 2418/320/10 2498/336/10
f 2534/340/10 2535/337/10 2549/338/10
f 2417/339/10 2498/336/10 2499/341/10
f 2534/340/10 2549/338/10 2550/342/10
f 2533/343/10 2534/340/10 2550/342/10
f 2417/339/10 2499/341/10 2500/344/10
f 2532/345/10 2533/343/10 2550/342/10
f 2532/345/10 2550/342/10 2551/346/10
f 2417/339/10 2500/344/10 2501/347/10
f 2531/348/10 2532/345/10 2551/346/10
f 2531/348/10 2551/346/10 2552/349/10
f 2417/339/10 2501/347/10 2502/350/10
f 2530/351/10 2531/348/10 2552/349/10
f 2416/352/10 2417/339/10 2502/350/10
f 2416/352/10 2502/350/10 2503/353/10
f 2530/351/10 2552/349/10 2553/354/10
f 2416/352/10 2503/353/10 2504/355/10
f 2529/356/10 2530/351/10 2553/354/10
f 2416/352/10 2504/355/10 2505/357/10
f 2528/358/10 2529/356/10 2553/354/10
f 2416/352/10 2505/357/10 2506/149/10
f 2528/358/10 2553/354/10 2554/359/10
f 2527/360/10 2528/358/10 2554/359/10
f 2416/352/10 2506/149/10 2507/361/10
f 2416/352/10 2507/361/10 2508/362/10
f 2526/363/10 2527/360/10 2554/359/10
f 2415/364/10 2416/352/10 2508/362/10
f 2415/364/10 2508/362/10 2509/365/10
f 2526/363/10 2554/359/10 2555/366/10
f 2525/367/10 2526/363/10 2555/366/10
f 2415/364/10 2509/365/10 2510/368/10
f 2415/364/10 2510/368/10 2511/369/10
f 2524/370/10 2525/367/10 2555/366/10
f 2415/364/10 2511/369/10 2512/371/10
f 2523/372/10 2524/370/10 2555/366/10
f 2415/364/10 2512/371/10 2513/373/10
f 2415/364/10 2513/373/10 2514/374/10
f 2522/375/10 2523/372/10 2555/366/10
f 2415/364/10 2514/374/10 2515/376/10
f 2521/377/10 2522/375/10 2555/366/10
f 2521/377/10 2555/366/10 2556/378/10
f 2415/364/10 2515/376/10 2516/379/10
f 2415/364/10 2516/379/10 2517/380/10
f 2520/381/10 2521/377/10 2556/378/10
f 2415/364/10 2517/380/10 2518/382/10
f 2519/383/10 2520/381/10 2556/378/10
f 2415/364/10 2518/382/10 2519/383/10
f 2415/364/10 2519/383/10 2556/378/10
f 2414/384/10 2415/364/10 2556/378/10
f 2414/384/10 2556/378/10 2557/385/10
f 2413/386/10 2414/384/10 2557/385/10
f 2413/386/10 2557/385/10 2558/387/10
f 2413/386/10 2558/387/10 2559/388/10
f 2412/389/10 2413/386/10 2559/388/10
f 2412/389/10 2559/388/10 2560/390/10
f 2411/391/10 2412/389/10 2560/390/10
f 2411/391/10 2560/390/10 2561/392/10
f 2411/391/10 2561/392/10 2562/393/10
f 2410/394/10 2411/391/10 2562/393/10
f 2410/394/10 2562/393/10 2563/395/10
f 2409/396/10 2410/394/10 2563/395/10
f 2409/396/10 2563/395/10 2564/397/10
f 2409/396/10 2564/397/10 2565/398/10
f 2408/399/10 2409/396/10 2565/398/10
f 2408/399/10 2565/398/10 2566/400/10
f 2407/401/10 2408/399/10 2566/400/10
f 2407/401/10 2566/400/10 2386/73/10
f 2406/402/10 2407/401/10 2386/73/10
f 2406/402/10 2386/73/10 2387/403/10
f 2405/404/10 2406/402/10 2387/403/10
f 2405/404/10 2387/403/10 2388/405/10
f 2405/404/10 2388/405/10 2389/406/10
f 2404/407/10 2405/404/10 2389/406/10
f 2404/407/10 2389/406/10 2390/408/10
f 2403/409/10 2404/407/10 2390/408/10
f 2403/409/10 2390/408/10 2391/410/10
f 2403/409/10 2391/410/10 2392/411/10
f 2402/412/10 2403/409/10 2392/411/10
f 2402/412/10 2392/411/10 2393/413/10
f 2401/414/10 2402/412/10 2393/413/10
f 2401/414/10 2393/413/10 2394/415/10
f 2400/416/10 2401/414/10 2394/415/10
f 2400/416/10 2394/415/10 2395/417/10
f 2400/416/10 2395/417/10 2396/418/10
f 2399/419/10 2400/416/10 2396/418/10
f 2399/419/10 2396/418/10 2397/420/10
f 2398/421/10 2399/419/10 2397/420/10
f 2722/422/10 2723/424/10 2724/423/10
f 2721/425/10 2722/422/10 2724/423/10
f 2721/425/10 2724/423/10 2725/426/10
f 2720/427/10 2721/425/10 2725/426/10
f 2720/427/10 2725/426/10 2726/428/10
f 2719/429/10 2720/427/10 2726/428/10
f 2718/430/10 2719/429/10 2726/428/10
f 2718/430/10 2726/428/10 2727/431/10
f 2782/432/10 2783/434/10 2784/433/10
f 2782/432/10 2784/433/10 2785/435/10
f 2717/436/10 2718/430/10 2727/431/10
f 2781/437/10 2782/432/10 2785/435/10
f 2781/437/10 2785/435/10 2786/438/10
f 2780/439/10 2781/437/10 2786/438/10
f 2780/439/10 2786/438/10 2787/440/10
f 2717/436/10 2727/431/10 2728/441/10
f 2716/442/10 2717/436/10 2728/441/10
f 2780/439/10 2787/440/10 2788/443/10
f 2779/444/10 2780/439/10 2788/443/10
f 2779/444/10 2788/443/10 2789/445/10
f 2715/446/10 2716/442/10 2728/441/10
f 2715/446/10 2728/441/10 2729/447/10
f 2778/448/10 2779/444/10 2789/445/10
f 2778/448/10 2789/445/10 2790/449/10
f 2714/450/10 2715/446/10 2729/447/10
f 2778/448/10 2790/449/10 2791/451/10
f 2714/450/10 2729/447/10 2730/452/10
f 2777/453/10 2778/448/10 2791/451/10
f 2713/454/10 2714/450/10 2730/452/10
f 2777/453/10 2791/451/10 2792/455/10
f 2776/456/10 2777/453/10 2792/455/10
f 2712/457/10 2713/454/10 2730/452/10
f 2776/456/10 2792/455/10 2793/458/10
f 2712/457/10 2730/452/10 2731/459/10
f 2711/460/10 2712/457/10 2731/459/10
f 2776/456/10 2793/458/10 2794/461/10
f 2775/462/10 2776/456/10 2794/461/10
f 2711/460/10 2731/459/10 2732/463/10
f 2775/462/10 2794/461/10 2795/464/10
f 2710/465/10 2711/460/10 2732/463/10
f 2774/466/10 2775/462/10 2795/464/10
f 2774/466/10 2795/464/10 2796/467/10
f 2709/468/10 2710/465/10 2732/463/10
f 2709/468/10 2732/463/10 2733/469/10
f 2774/466/10 2796/467/10 2797/470/10
f 2708/471/10 2709/468/10 2733/469/10
f 2773/472/10 2774/466/10 2797/470/10
f 2708/471/10 2733/469/10 2734/473/10
f 2773/472/10 2797/470/10 2798/474/10
f 2707/475/10 2708/471/10 2734/473/10
f 2772/476/10 2773/472/10 2798/474/10
f 2772/476/10 2798/474/10 2799/477/10
f 2706/478/10 2707/475/10 2734/473/10
f 2706/478/10 2734/473/10 2735/479/10
f 2772/476/10 2799/477/10 2800/480/10
f 2705/481/10 2706/478/10 2735/479/10
f 2771/482/10 2772/476/10 2800/480/10
f 2771/482/10 2800/480/10 2801/483/10
f 2705/481/10 2735/479/10 2736/484/10
f 2704/485/10 2705/481/10 2736/484/10
f 2771/482/10 2801/483/10 2802/486/10
f 2770/487/10 2771/482/10 2802/486/10
f 2703/488/10 2704/485/10 2736/484/10
f 2770/487/10 2802/486/10 2803/489/10
f 2702/490/10 2703/488/10 2736/484/10
f 2770/487/10 2803/489/10 2804/491/10
f 2702/490/10 2736/484/10 2737/492/10
f 2701/493/10 2702/490/10 2737/492/10
f 2769/494/10 2770/487/10 2804/491/10
f 2769/494/10 2804/491/10 2805/495/10
f 2700/496/10 2701/493/10 2737/492/10
f 2769/494/10 2805/495/10 2806/497/10
f 2699/498/10 2700/496/10 2737/492/10
f 2769/494/10 2806/497/10 2807/499/10
f 2699/498/10 2737/492/10 2738/500/10
f 2698/501/10 2699/498/10 2738/500/10
f 2768/502/10 2769/494/10 2807/499/10
f 2697/503/10 2698/501/10 2738/500/10
f 2768/502/10 2807/499/10 2808/504/10
f 2696/505/10 2697/503/10 2738/500/10
f 2695/506/10 2696/505/10 2738/500/10
f 2768/502/10 2808/504/10 2809/507/10
f 2694/508/10 2695/506/10 2738/500/10
f 2767/509/10 2768/502/10 2809/507/10
f 2693/510/10 2694/508/10 2738/500/10
f 2767/509/10 2809/507/10 2810/511/10
f 2692/512/10 2693/510/10 2738/500/10
f 2692/512/10 2738/500/10 2739/513/10
f 2691/514/10 2692/512/10 2739/513/10
f 2690/515/10 2691/514/10 2739/513/10
f 2689/516/10 2690/515/10 2739/513/10
f 2766/517/10 2767/509/10 2810/511/10
f 2766/517/10 2810/511/10 2811/518/10
f 2688/519/10 2689/516/10 2739/513/10
f 2687/520/10 2688/519/10 2739/513/10
f 2686/521/10 2687/520/10 2739/513/10
f 2765/522/10 2766/517/10 2811/518/10
f 2765/522/10 2811/518/10 2812/523/10
f 2686/521/10 2739/513/10 2740/524/10
f 2764/525/10 2765/522/10 2812/523/10
f 2764/525/10 2812/523/10 2813/526/10
f 2763/527/10 2764/525/10 2813/526/10
f 2686/521/10 2740/524/10 2741/528/10
f 2762/529/10 2763/527/10 2813/526/10
f 2762/529/10 2813/526/10 2814/530/10
f 2761/531/10 2762/529/10 2814/530/10
f 2685/532/10 2686/521/10 2741/528/10
f 2760/533/10 2761/531/10 2814/530/10
f 2685/532/10 2741/528/10 2742/534/10
f 2760/533/10 2814/530/10 2815/535/10
f 2759/536/10 2760/533/10 2815/535/10
f 2758/537/10 2759/536/10 2815/535/10
f 2758/537/10 2815/535/10 2816/538/10
f 2685/532/10 2742/534/10 2743/539/10
f 2757/540/10 2758/537/10 2816/538/10
f 2684/541/10 2685/532/10 2743/539/10
f 2757/540/10 2816/538/10 2817/542/10
f 2756/543/10 2757/540/10 2817/542/10
f 2684/541/10 2743/539/10 2744/544/10
f 2755/545/10 2756/543/10 2817/542/10
f 2755/545/10 2817/542/10 2818/66/10
f 2683/546/10 2684/541/10 2744/544/10
f 2754/547/10 2755/545/10 2818/66/10
f 2683/546/10 2744/544/10 2745/548/10
f 2753/549/10 2754/547/10 2818/66/10
f 2753/549/10 2818/66/10 2627/73/10
f 2752/550/10 2753/549/10 2627/73/10
f 2683/546/10 2745/548/10 2746/551/10
f 2682/552/10 2683/546/10 2746/551/10
f 2751/553/10 2752/550/10 2627/73/10
f 2751/553/10 2627/73/10 2628/554/10
f 2750/555/10 2751/553/10 2628/554/10
f 2682/552/10 2746/551/10 2747/556/10
f 2750/555/10 2628/554/10 2629/557/10
f 2749/558/10 2750/555/10 2629/557/10
f 2681/559/10 2682/552/10 2747/556/10
f 2748/560/10 2749/558/10 2629/557/10
f 2748/560/10 2629/557/10 2630/561/10
f 2747/556/10 2748/560/10 2630/561/10
f 2681/559/10 2747/556/10 2630/561/10
f 2680/562/10 2681/559/10 2630/561/10
f 2680/562/10 2630/561/10 2631/563/10
f 2680/562/10 2631/563/10 2632/564/10
f 2679/565/10 2680/562/10 2632/564/10
f 2679/565/10 2632/564/10 2633/566/10
f 2678/567/10 2679/565/10 2633/566/10
f 2678/567/10 2633/566/10 2634/568/10
f 2678/567/10 2634/568/10 2635/569/10
f 2677/570/10 2678/567/10 2635/569/10
f 2677/570/10 2635/569/10 2636/571/10
f 2676/572/10 2677/570/10 2636/571/10
f 2676/572/10 2636/571/10 2637/573/10
f 2676/572/10 2637/573/10 2638/574/10
f 2675/575/10 2676/572/10 2638/574/10
f 2675/575/10 2638/574/10 2639/576/10
f 2675/575/10 2639/576/10 2640/577/10
f 2675/575/10 2640/577/10 2641/578/10
f 2674/579/10 2675/575/10 2641/578/10
f 2674/579/10 2641/578/10 2642/580/10
f 2674/579/10 2642/580/10 2643/581/10
f 2673/582/10 2674/579/10 2643/581/10
f 2673/582/10 2643/581/10 2644/583/10
f 2673/582/10 2644/583/10 2645/584/10
f 2672/585/10 2673/582/10 2645/584/10
f 2672/585/10 2645/584/10 2646/586/10
f 2672/585/10 2646/586/10 2647/587/10
f 2671/588/10 2672/585/10 2647/587/10
f 2671/588/10 2647/587/10 2648/589/10
f 2671/588/10 2648/589/10 2649/590/10
f 2670/591/10 2671/588/10 2649/590/10
f 2670/591/10 2649/590/10 2650/592/10
f 2670/591/10 2650/592/10 2651/593/10
f 2669/594/10 2670/591/10 2651/593/10
f 2669/594/10 2651/593/10 2652/595/10
f 2669/594/10 2652/595/10 2653/596/10
f 2668/597/10 2669/594/10 2653/596/10
f 2668/597/10 2653/596/10 2654/598/10
f 2667/599/10 2668/597/10 2654/598/10
f 2667/599/10 2654/598/10 2655/600/10
f 2667/599/10 2655/600/10 2656/601/10
f 2666/602/10 2667/599/10 2656/601/10
f 2666/602/10 2656/601/10 2657/603/10
f 2666/602/10 2657/603/10 2658/604/10
f 2665/605/10 2666/602/10 2658/604/10
f 2665/605/10 2658/604/10 2659/606/10
f 2665/605/10 2659/606/10 2660/607/10
f 2664/608/10 2665/605/10 2660/607/10
f 2664/608/10 2660/607/10 2661/609/10
f 2664/608/10 2661/609/10 2662/610/10
f 2663/611/10 2664/608/10 2662/610/10
f 2878/521/10 2879/520/10 2880/519/10
f 2878/521/10 2880/519/10 2881/516/10
f 2877/532/10 2878/521/10 2881/516/10
f 2877/532/10 2881/516/10 2882/515/10
f 2876/541/10 2877/532/10 2882/515/10
f 2876/541/10 2882/515/10 2883/514/10
f 2876/541/10 2883/514/10 2884/512/10
f 2875/546/10 2876/541/10 2884/512/10
f 2875/546/10 2884/512/10 2885/510/10
f 2874/552/10 2875/546/10 2885/510/10
f 2874/552/10 2885/510/10 2886/508/10
f 2874/552/10 2886/508/10 2887/506/10
f 2873/559/10 2874/552/10 2887/506/10
f 2873/559/10 2887/506/10 2888/505/10
f 2872/562/10 2873/559/10 2888/505/10
f 2872/562/10 2888/505/10 2889/503/10
f 2871/565/10 2872/562/10 2889/503/10
f 2871/565/10 2889/503/10 2890/501/10
f 2871/565/10 2890/501/10 2891/498/10
f 2870/567/10 2871/565/10 2891/498/10
f 2870/567/10 2891/498/10 2892/496/10
f 2869/570/10 2870/567/10 2892/496/10
f 2869/570/10 2892/496/10 2893/493/10
f 2869/570/10 2893/493/10 2894/490/10
f 2868/572/10 2869/570/10 2894/490/10
f 2868/572/10 2894/490/10 2927/479/10
f 2927/479/10 2894/490/10 2926/473/10
f 2926/473/10 2894/490/10 2895/488/10
f 2867/575/10 2868/572/10 2928/484/10
f 2928/484/10 2868/572/10 2927/479/10
f 2925/469/10 2926/473/10 2895/488/10
f 2867/575/10 2928/484/10 2929/492/10
f 2924/463/10 2925/469/10 2895/488/10
f 2923/459/10 2924/463/10 2895/488/10
f 2867/575/10 2929/492/10 2930/500/10
f 2922/452/10 2923/459/10 2895/488/10
f 2867/575/10 2930/500/10 2931/513/10
f 2921/447/10 2922/452/10 2895/488/10
f 2921/447/10 2895/488/10 2896/485/10
f 2920/441/10 2921/447/10 2896/485/10
f 2867/575/10 2931/513/10 2932/524/10
f 2919/431/10 2920/441/10 2896/485/10
f 2918/428/10 2919/431/10 2896/485/10
f 2867/575/10 2932/524/10 2933/528/10
f 2917/426/10 2918/428/10 2896/485/10
f 2866/579/10 2867/575/10 2933/528/10
f 2917/426/10 2896/485/10 2897/481/10
f 2866/579/10 2933/528/10 2934/534/10
f 2916/423/10 2917/426/10 2897/481/10
f 2915/424/10 2916/423/10 2897/481/10
f 2866/579/10 2934/534/10 2935/539/10
f 3010/66/10 2915/424/10 2897/481/10
f 3010/66/10 2897/481/10 2898/478/10
f 2865/582/10 2866/579/10 2935/539/10
f 3009/542/10 3010/66/10 2898/478/10
f 2865/582/10 2935/539/10 2936/544/10
f 3008/538/10 3009/542/10 2898/478/10
f 2865/582/10 2936/544/10 2937/548/10
f 3007/535/10 3008/538/10 2898/478/10
f 3007/535/10 2898/478/10 2899/475/10
f 2864/585/10 2865/582/10 2937/548/10
f 3006/530/10 3007/535/10 2899/475/10
f 2864/585/10 2937/548/10 2938/551/10
f 3005/526/10 3006/530/10 2899/475/10
f 3005/526/10 2899/475/10 2900/471/10
f 2864/585/10 2938/551/10 2939/556/10
f 2863/588/10 2864/585/10 2939/556/10
f 3004/523/10 3005/526/10 2900/471/10
f 2863/588/10 2939/556/10 2940/560/10
f 3003/518/10 3004/523/10 2900/471/10
f 3003/518/10 2900/471/10 2901/468/10
f 2862/591/10 2863/588/10 2940/560/10
f 3002/511/10 3003/518/10 2901/468/10
f 2862/591/10 2940/560/10 2941/558/10
f 3002/511/10 2901/468/10 2902/465/10
f 3001/507/10 3002/511/10 2902/465/10
f 2862/591/10 2941/558/10 2942/555/10
f 2861/594/10 2862/591/10 2942/555/10
f 3000/504/10 3001/507/10 2902/465/10
f 3000/504/10 2902/465/10 2903/460/10
f 2861/594/10 2942/555/10 2943/553/10
f 2999/499/10 3000/504/10 2903/460/10
f 2860/597/10 2861/594/10 2943/553/10
f 2860/597/10 2943/553/10 2944/550/10
f 2998/497/10 2999/499/10 2903/460/10
f 2998/497/10 2903/460/10 2904/457/10
f 2859/599/10 2860/597/10 2944/550/10
f 2859/599/10 2944/550/10 2945/549/10
f 2997/495/10 2998/497/10 2904/457/10
f 2997/495/10 2904/457/10 2905/454/10
f 2859/599/10 2945/549/10 2946/547/10
f 2858/602/10 2859/599/10 2946/547/10
f 2996/491/10 2997/495/10 2905/454/10
f 2858/602/10 2946/547/10 2947/545/10
f 2996/491/10 2905/454/10 2906/450/10
f 2995/489/10 2996/491/10 2906/450/10
f 2857/605/10 2858/602/10 2947/545/10
f 2857/605/10 2947/545/10 2948/543/10
f 2994/486/10 2995/489/10 2906/450/10
f 2994/486/10 2906/450/10 2907/446/10
f 2857/605/10 2948/543/10 2949/540/10
f 2856/608/10 2857/605/10 2949/540/10
f 2993/483/10 2994/486/10 2907/446/10
f 2856/608/10 2949/540/10 2950/537/10
f 2993/483/10 2907/446/10 2908/442/10
f 2992/480/10 2993/483/10 2908/442/10
f 2855/611/10 2856/608/10 2950/537/10
f 2855/611/10 2950/537/10 2951/536/10
f 2992/480/10 2908/442/10 2909/436/10
f 2991/477/10 2992/480/10 2909/436/10
f 2854/610/10 2855/611/10 2951/536/10
f 2854/610/10 2951/536/10 2952/533/10
f 2990/474/10 2991/477/10 2909/436/10
f 2854/610/10 2952/533/10 2953/531/10
f 2990/474/10 2909/436/10 2910/430/10
f 2853/609/10 2854/610/10 2953/531/10
f 2989/470/10 2990/474/10 2910/430/10
f 2853/609/10 2953/531/10 2954/529/10
f 2853/609/10 2954/529/10 2955/527/10
f 2989/470/10 2910/430/10 2911/429/10
f 2988/467/10 2989/470/10 2911/429/10
f 2852/607/10 2853/609/10 2955/527/10
f 2852/607/10 2955/527/10 2956/525/10
f 2987/464/10 2988/467/10 2911/429/10
f 2852/607/10 2956/525/10 2957/522/10
f 2987/464/10 2911/429/10 2912/427/10
f 2851/606/10 2852/607/10 2957/522/10
f 2851/606/10 2957/522/10 2958/517/10
f 2986/461/10 2987/464/10 2912/427/10
f 2851/606/10 2958/517/10 2959/509/10
f 2986/461/10 2912/427/10 2913/425/10
f 2850/604/10 2851/606/10 2959/509/10
f 2985/458/10 2986/461/10 2913/425/10
f 2850/604/10 2959/509/10 2960/502/10
f 2850/604/10 2960/502/10 2961/494/10
f 2984/455/10 2985/458/10 2913/425/10
f 2849/603/10 2850/604/10 2961/494/10
f 2984/455/10 2913/425/10 2914/422/10
f 2849/603/10 2961/494/10 2962/487/10
f 2983/451/10 2984/455/10 2914/422/10
f 2849/603/10 2962/487/10 2963/482/10
f 2848/601/10 2849/603/10 2963/482/10
f 2848/601/10 2963/482/10 2964/476/10
f 2982/449/10 2983/451/10 2914/422/10
f 2982/449/10 2914/422/10 2819/73/10
f 2848/601/10 2964/476/10 2965/472/10
f 2981/445/10 2982/449/10 2819/73/10
f 2848/601/10 2965/472/10 2966/466/10
f 2847/600/10 2848/601/10 2966/466/10
f 2847/600/10 2966/466/10 2967/462/10
f 2980/443/10 2981/445/10 2819/73/10
f 2980/443/10 2819/73/10 2820/554/10
f 2847/600/10 2967/462/10 2968/456/10
f 2979/440/10 2980/443/10 2820/554/10
f 2847/600/10 2968/456/10 2969/453/10
f 2846/598/10 2847/600/10 2969/453/10
f 2846/598/10 2969/453/10 2970/448/10
f 2978/438/10 2979/440/10 2820/554/10
f 2846/598/10 2970/448/10 2971/444/10
f 2977/435/10 2978/438/10 2820/554/10
f 2846/598/10 2971/444/10 2972/439/10
f 2846/598/10 2972/439/10 2973/437/10
f 2976/433/10 2977/435/10 2820/554/10
f 2846/598/10 2973/437/10 2974/432/10
f 2975/434/10 2976/433/10 2820/554/10
f 2846/598/10 2974/432/10 2975/434/10
f 2846/598/10 2975/434/10 2820/554/10
f 2846/598/10 2820/554/10 2821/557/10
f 2845/596/10 2846/598/10 2821/557/10
f 2844/595/10 2845/596/10 2821/557/10
f 2844/595/10 2821/557/10 2822/561/10
f 2843/593/10 2844/595/10 2822/561/10
f 2843/593/10 2822/561/10 2823/563/10
f 2842/592/10 2843/593/10 2823/563/10
f 2841/590/10 2842/592/10 2823/563/10
f 2841/590/10 2823/563/10 2824/564/10
f 2840/589/10 2841/590/10 2824/564/10
f 2840/589/10 2824/564/10 2825/566/10
f 2839/587/10 2840/589/10 2825/566/10
f 2839/587/10 2825/566/10 2826/568/10
f 2838/586/10 2839/587/10 2826/568/10
f 2837/584/10 2838/586/10 2826/568/10
f 2837/584/10 2826/568/10 2827/569/10
f 2836/583/10 2837/584/10 2827/569/10
f 2836/583/10 2827/569/10 2828/571/10
f 2835/581/10 2836/583/10 2828/571/10
f 2835/581/10 2828/571/10 2829/573/10
f 2834/580/10 2835/581/10 2829/573/10
f 2833/578/10 2834/580/10 2829/573/10
f 2833/578/10 2829/573/10 2830/574/10
f 2832/577/10 2833/578/10 2830/574/10
f 2832/577/10 2830/574/10 2831/576/10
f 3070/184/10 3071/186/10 3072/185/10
f 3070/184/10 3072/185/10 3073/187/10
f 3069/188/10 3070/184/10 3073/187/10
f 3069/188/10 3073/187/10 3074/189/10
f 3069/188/10 3074/189/10 3075/190/10
f 3068/191/10 3069/188/10 3075/190/10
f 3068/191/10 3075/190/10 3076/192/10
f 3068/191/10 3076/192/10 3077/193/10
f 3067/194/10 3068/191/10 3077/193/10
f 3067/194/10 3077/193/10 3078/195/10
f 3067/194/10 3078/195/10 3079/196/10
f 3066/197/10 3067/194/10 3079/196/10
f 3066/197/10 3079/196/10 3080/198/10
f 3066/197/10 3080/198/10 3081/199/10
f 3065/200/10 3066/197/10 3081/199/10
f 3065/200/10 3081/199/10 3082/201/10
f 3065/200/10 3082/201/10 3083/202/10
f 3064/203/10 3065/200/10 3083/202/10
f 3064/203/10 3083/202/10 3084/204/10
f 3063/205/10 3064/203/10 3084/204/10
f 3063/205/10 3084/204/10 3085/206/10
f 3063/205/10 3085/206/10 3086/207/10
f 3062/208/10 3063/205/10 3086/207/10
f 3062/208/10 3086/207/10 3087/209/10
f 3061/210/10 3062/208/10 3087/209/10
f 3061/210/10 3087/209/10 3088/211/10
f 3061/210/10 3088/211/10 3089/212/10
f 3060/213/10 3061/210/10 3089/212/10
f 3060/213/10 3089/212/10 3090/214/10
f 3059/215/10 3060/213/10 3090/214/10
f 3059/215/10 3090/214/10 3091/216/10
f 3059/215/10 3091/216/10 3092/217/10
f 3058/218/10 3059/215/10 3092/217/10
f 3058/218/10 3092/217/10 3093/219/10
f 3057/220/10 3058/218/10 3205/221/10
f 3205/221/10 3058/218/10 3204/222/10
f 3204/222/10 3058/218/10 3093/219/10
f 3204/222/10 3093/219/10 3203/223/10
f 3203/223/10 3093/219/10 3094/224/10
f 3202/225/10 3203/223/10 3094/224/10
f 3057/220/10 3205/221/10 3206/226/10
f 3201/227/10 3202/225/10 3094/224/10
f 3057/220/10 3206/226/10 3207/228/10
f 3200/229/10 3201/227/10 3094/224/10
f 3057/220/10 3207/228/10 3208/230/10
f 3199/231/10 3200/229/10 3094/224/10
f 3198/232/10 3199/231/10 3094/224/10
f 3057/220/10 3208/230/10 3209/233/10
f 3197/234/10 3198/232/10 3094/224/10
f 3057/220/10 3209/233/10 3210/235/10
f 3056/236/10 3057/220/10 3210/235/10
f 3196/237/10 3197/234/10 3094/224/10
f 3056/236/10 3210/235/10 3211/238/10
f 3195/239/10 3196/237/10 3094/224/10
f 3195/239/10 3094/224/10 3095/240/10
f 3056/236/10 3211/238/10 3212/241/10
f 3194/242/10 3195/239/10 3095/240/10
f 3193/243/10 3194/242/10 3095/240/10
f 3056/236/10 3212/241/10 3213/244/10
f 3192/245/10 3193/243/10 3095/240/10
f 3056/236/10 3213/244/10 3214/246/10
f 3251/66/10 3192/245/10 3095/240/10
f 3056/236/10 3214/246/10 3215/247/10
f 3251/66/10 3095/240/10 3096/248/10
f 3055/249/10 3056/236/10 3215/247/10
f 3250/250/10 3251/66/10 3096/248/10
f 3055/249/10 3215/247/10 3216/251/10
f 3249/252/10 3250/250/10 3096/248/10
f 3055/249/10 3216/251/10 3217/253/10
f 3249/252/10 3096/248/10 3097/254/10
f 3248/255/10 3249/252/10 3097/254/10
f 3055/249/10 3217/253/10 3218/256/10
f 3247/257/10 3248/255/10 3097/254/10
f 3054/258/10 3055/249/10 3218/256/10
f 3247/257/10 3097/254/10 3098/259/10
f 3246/260/10 3247/257/10 3098/259/10
f 3054/258/10 3218/256/10 3219/261/10
f 3245/262/10 3246/260/10 3098/259/10
f 3054/258/10 3219/261/10 3220/263/10
f 3245/262/10 3098/259/10 3099/264/10
f 3244/265/10 3245/262/10 3099/264/10
f 3054/258/10 3220/263/10 3221/266/10
f 3243/267/10 3244/265/10 3099/264/10
f 3053/268/10 3054/258/10 3221/266/10
f 3243/267/10 3099/264/10 3100/269/10
f 3242/270/10 3243/267/10 3100/269/10
f 3053/268/10 3221/266/10 3222/271/10
f 3241/272/10 3242/270/10 3100/269/10
f 3241/272/10 3100/269/10 3101/273/10
f 3053/268/10 3222/271/10 3223/274/10
f 3240/275/10 3241/272/10 3101/273/10
f 3052/276/10 3053/268/10 3223/274/10
f 3240/275/10 3101/273/10 3102/277/10
f 3239/278/10 3240/275/10 3102/277/10
f 3052/276/10 3223/274/10 3224/279/10
f 3238/280/10 3239/278/10 3102/277/10
f 3238/280/10 3102/277/10 3103/281/10
f 3237/282/10 3238/280/10 3103/281/10
f 3052/276/10 3224/279/10 3225/283/10
f 3236/284/10 3237/282/10 3103/281/10
f 3236/284/10 3103/281/10 3104/285/10
f 3051/286/10 3052/276/10 3225/283/10
f 3235/287/10 3236/284/10 3104/285/10
f 3051/286/10 3225/283/10 3226/288/10
f 3234/289/10 3235/287/10 3104/285/10
f 3234/289/10 3104/285/10 3105/290/10
f 3233/291/10 3234/289/10 3105/290/10
f 3232/292/10 3233/291/10 3105/290/10
f 3051/286/10 3226/288/10 3227/293/10
f 3232/292/10 3105/290/10 3106/294/10
f 3231/295/10 3232/292/10 3106/294/10
f 3050/296/10 3051/286/10 3227/293/10
f 3230/297/10 3231/295/10 3106/294/10
f 3230/297/10 3106/294/10 3107/298/10
f 3050/296/10 3227/293/10 3228/299/10
f 3229/300/10 3230/297/10 3107/298/10
f 3229/300/10 3107/298/10 3108/301/10
f 3228/299/10 3229/300/10 3108/301/10
f 3228/299/10 3108/301/10 3109/302/10
f 3050/296/10 3228/299/10 3109/302/10
f 3050/296/10 3109/302/10 3110/303/10
f 3049/304/10 3050/296/10 3110/303/10
f 3049/304/10 3110/303/10 3111/305/10
f 3049/304/10 3111/305/10 3112/306/10
f 3049/304/10 3112/306/10 3113/307/10
f 3049/304/10 3113/307/10 3114/308/10
f 3049/304/10 3114/308/10 3115/309/10
f 3048/310/10 3049/304/10 3115/309/10
f 3048/310/10 3115/309/10 3116/311/10
f 3048/310/10 3116/311/10 3117/312/10
f 3048/310/10 3117/312/10 3118/313/10
f 3047/314/10 3048/310/10 3118/313/10
f 3047/314/10 3118/313/10 3119/315/10
f 3047/314/10 3119/315/10 3120/316/10
f 3046/317/10 3047/314/10 3120/316/10
f 3045/318/10 3046/317/10 3120/316/10
f 3044/319/10 3045/318/10 3120/316/10
f 3043/320/10 3044/319/10 3120/316/10
f 3043/320/10 3120/316/10 3121/321/10
f 3167/322/10 3168/324/10 3169/323/10
f 3166/325/10 3167/322/10 3169/323/10
f 3166/325/10 3169/323/10 3170/326/10
f 3165/327/10 3166/325/10 3170/326/10
f 3165/327/10 3170/326/10 3171/328/10
f 3164/329/10 3165/327/10 3171/328/10
f 3163/330/10 3164/329/10 3171/328/10
f 3163/330/10 3171/328/10 3172/331/10
f 3043/320/10 3121/321/10 3122/332/10
f 3162/333/10 3163/330/10 3172/331/10
f 3162/333/10 3172/331/10 3173/334/10
f 3161/335/10 3162/333/10 3173/334/10
f 3043/320/10 3122/332/10 3123/336/10
f 3160/337/10 3161/335/10 3173/334/10
f 3160/337/10 3173/334/10 3174/338/10
f 3042/339/10 3043/320/10 3123/336/10
f 3159/340/10 3160/337/10 3174/338/10
f 3042/339/10 3123/336/10 3124/341/10
f 3159/340/10 3174/338/10 3175/342/10
f 3158/343/10 3159/340/10 3175/342/10
f 3042/339/10 3124/341/10 3125/344/10
f 3157/345/10 3158/343/10 3175/342/10
f 3157/345/10 3175/342/10 3176/346/10
f 3042/339/10 3125/344/10 3126/347/10
f 3156/348/10 3157/345/10 3176/346/10
f 3156/348/10 3176/346/10 3177/349/10
f 3042/339/10 3126/347/10 3127/350/10
f 3155/351/10 3156/348/10 3177/349/10
f 3041/352/10 3042/339/10 3127/350/10
f 3041/352/10 3127/350/10 3128/353/10
f 3155/351/10 3177/349/10 3178/354/10
f 3041/352/10 3128/353/10 3129/355/10
f 3154/356/10 3155/351/10 3178/354/10
f 3041/352/10 3129/355/10 3130/357/10
f 3153/358/10 3154/356/10 3178/354/10
f 3041/352/10 3130/357/10 3131/149/10
f 3153/358/10 3178/354/10 3179/359/10
f 3152/360/10 3153/358/10 3179/359/10
f 3041/352/10 3131/149/10 3132/361/10
f 3041/352/10 3132/361/10 3133/362/10
f 3151/363/10 3152/360/10 3179/359/10
f 3040/364/10 3041/352/10 3133/362/10
f 3040/364/10 3133/362/10 3134/365/10
f 3151/363/10 3179/359/10 3180/366/10
f 3150/367/10 3151/363/10 3180/366/10
f 3040/364/10 3134/365/10 3135/368/10
f 3040/364/10 3135/368/10 3136/369/10
f 3149/370/10 3150/367/10 3180/366/10
f 3040/364/10 3136/369/10 3137/371/10
f 3148/372/10 3149/370/10 3180/366/10
f 3040/364/10 3137/371/10 3138/373/10
f 3040/364/10 3138/373/10 3139/374/10
f 3147/375/10 3148/372/10 3180/366/10
f 3040/364/10 3139/374/10 3140/376/10
f 3146/377/10 3147/375/10 3180/366/10
f 3146/377/10 3180/366/10 3181/378/10
f 3040/364/10 3140/376/10 3141/379/10
f 3040/364/10 3141/379/10 3142/380/10
f 3145/381/10 3146/377/10 3181/378/10
f 3040/364/10 3142/380/10 3143/382/10
f 3144/383/10 3145/381/10 3181/378/10
f 3040/364/10 3143/382/10 3144/383/10
f 3040/364/10 3144/383/10 3181/378/10
f 3039/384/10 3040/364/10 3181/378/10
f 3039/384/10 3181/378/10 3182/385/10
f 3038/386/10 3039/384/10 3182/385/10
f 3038/386/10 3182/385/10 3183/387/10
f 3038/386/10 3183/387/10 3184/388/10
f 3037/389/10 3038/386/10 3184/388/10
f 3037/389/10 3184/388/10 3185/390/10
f 3036/391/10 3037/389/10 3185/390/10
f 3036/391/10 3185/390/10 3186/392/10
f 3036/391/10 3186/392/10 3187/393/10
f 3035/394/10 3036/391/10 3187/393/10
f 3035/394/10 3187/393/10 3188/395/10
f 3034/396/10 3035/394/10 3188/395/10
f 3034/396/10 3188/395/10 3189/397/10
f 3034/396/10 3189/397/10 3190/398/10
f 3033/399/10 3034/396/10 3190/398/10
f 3033/399/10 3190/398/10 3191/400/10
f 3032/401/10 3033/399/10 3191/400/10
f 3032/401/10 3191/400/10 3011/73/10
f 3031/402/10 3032/401/10 3011/73/10
f 3031/402/10 3011/73/10 3012/403/10
f 3030/404/10 3031/402/10 3012/403/10
f 3030/404/10 3012/403/10 3013/405/10
f 3030/404/10 3013/405/10 3014/406/10
f 3029/407/10 3030/404/10 3014/406/10
f 3029/407/10 3014/406/10 3015/408/10
f 3028/409/10 3029/407/10 3015/408/10
f 3028/409/10 3015/408/10 3016/410/10
f 3028/409/10 3016/410/10 3017/411/10
f 3027/412/10 3028/409/10 3017/411/10
f 3027/412/10 3017/411/10 3018/413/10
f 3026/414/10 3027/412/10 3018/413/10
f 3026/414/10 3018/413/10 3019/415/10
f 3025/416/10 3026/414/10 3019/415/10
f 3025/416/10 3019/415/10 3020/417/10
f 3025/416/10 3020/417/10 3021/418/10
f 3024/419/10 3025/416/10 3021/418/10
f 3024/419/10 3021/418/10 3022/420/10
f 3023/421/10 3024/419/10 3022/420/10
f 3708/278/10 3709/612/10 3710/275/10
f 3708/278/10 3710/275/10 3711/613/10
f 3707/614/10 3708/278/10 3711/613/10
f 3707/614/10 3711/613/10 3712/272/10
f 3706/280/10 3707/614/10 3712/272/10
f 3706/280/10 3712/272/10 3713/615/10
f 3706/280/10 3713/615/10 3714/270/10
f 3705/616/10 3706/280/10 3714/270/10
f 3705/616/10 3714/270/10 3715/617/10
f 3704/282/10 3705/616/10 3715/617/10
f 3704/282/10 3715/617/10 3716/267/10
f 3704/282/10 3716/267/10 3717/618/10
f 3703/619/10 3704/282/10 3717/618/10
f 3703/619/10 3717/618/10 3718/265/10
f 3702/284/10 3703/619/10 3718/265/10
f 3702/284/10 3718/265/10 3719/620/10
f 3702/284/10 3719/620/10 3720/262/10
f 3701/621/10 3702/284/10 3720/262/10
f 3701/621/10 3720/262/10 3721/622/10
f 3700/287/10 3701/621/10 3721/622/10
f 3700/287/10 3721/622/10 3722/260/10
f 3275/623/10 3276/421/10 3277/624/10
f 3699/625/10 3700/287/10 3722/260/10
f 3699/625/10 3722/260/10 3723/626/10
f 3275/623/10 3277/624/10 3278/419/10
f 3274/420/10 3275/623/10 3278/419/10
f 3274/420/10 3278/419/10 3279/627/10
f 3273/628/10 3274/420/10 3279/627/10
f 3273/628/10 3279/627/10 3280/416/10
f 3699/625/10 3723/626/10 3724/257/10
f 3311/629/10 3312/352/10 3313/630/10
f 3310/364/10 3311/629/10 3313/630/10
f 3309/631/10 3310/364/10 3313/630/10
f 3309/631/10 3313/630/10 3314/339/10
f 3308/384/10 3309/631/10 3314/339/10
f 3272/418/10 3273/628/10 3280/416/10
f 3307/632/10 3308/384/10 3314/339/10
f 3698/289/10 3699/625/10 3724/257/10
f 3272/418/10 3280/416/10 3281/633/10
f 3306/386/10 3307/632/10 3314/339/10
f 3306/386/10 3314/339/10 3315/634/10
f 3305/635/10 3306/386/10 3315/634/10
f 3698/289/10 3724/257/10 3725/636/10
f 3304/389/10 3305/635/10 3315/634/10
f 3271/637/10 3272/418/10 3281/633/10
f 3271/637/10 3281/633/10 3282/414/10
f 3303/638/10 3304/389/10 3315/634/10
f 3303/638/10 3315/634/10 3316/320/10
f 3698/289/10 3725/636/10 3726/255/10
f 3302/391/10 3303/638/10 3316/320/10
f 3697/639/10 3698/289/10 3726/255/10
f 3301/640/10 3302/391/10 3316/320/10
f 3271/637/10 3282/414/10 3283/641/10
f 3270/417/10 3271/637/10 3283/641/10
f 3301/640/10 3316/320/10 3317/642/10
f 3697/639/10 3726/255/10 3727/643/10
f 3300/394/10 3301/640/10 3317/642/10
f 3299/644/10 3300/394/10 3317/642/10
f 3697/639/10 3727/643/10 3728/252/10
f 3270/417/10 3283/641/10 3284/412/10
f 3696/291/10 3697/639/10 3728/252/10
f 3298/396/10 3299/644/10 3317/642/10
f 3298/396/10 3317/642/10 3318/319/10
f 3269/645/10 3270/417/10 3284/412/10
f 3297/646/10 3298/396/10 3318/319/10
f 3696/291/10 3728/252/10 3729/647/10
f 3296/399/10 3297/646/10 3318/319/10
f 3269/645/10 3284/412/10 3285/648/10
f 3695/649/10 3696/291/10 3729/647/10
f 3695/649/10 3729/647/10 3730/250/10
f 3295/650/10 3296/399/10 3318/319/10
f 3295/650/10 3318/319/10 3319/651/10
f 3268/415/10 3269/645/10 3285/648/10
f 3294/401/10 3295/650/10 3319/651/10
f 3695/649/10 3730/250/10 3731/652/10
f 3694/292/10 3695/649/10 3731/652/10
f 3268/415/10 3285/648/10 3286/409/10
f 3293/653/10 3294/401/10 3319/651/10
f 3694/292/10 3731/652/10 3732/66/10
f 3293/653/10 3319/651/10 3320/318/10
f 3292/402/10 3293/653/10 3320/318/10
f 3693/654/10 3694/292/10 3732/66/10
f 3267/655/10 3268/415/10 3286/409/10
f 3693/654/10 3732/66/10 3254/403/10
f 3254/403/10 3732/66/10 3252/73/10
f 3267/655/10 3286/409/10 3287/656/10
f 3291/657/10 3292/402/10 3320/318/10
f 3693/654/10 3254/403/10 3255/658/10
f 3252/73/11 3254/403/11 3253/659/11
f 3693/654/10 3255/658/10 3256/405/10
f 3693/654/10 3256/405/10 3257/660/10
f 3692/295/10 3693/654/10 3257/660/10
f 3290/404/10 3291/657/10 3320/318/10
f 3692/295/10 3257/660/10 3258/406/10
f 3290/404/10 3320/318/10 3321/661/10
f 3267/655/10 3287/656/10 3288/407/10
f 3266/413/10 3267/655/10 3288/407/10
f 3289/662/10 3290/404/10 3321/661/10
f 3692/295/10 3258/406/10 3259/663/10
f 3691/664/10 3692/295/10 3259/663/10
f 3691/664/10 3259/663/10 3260/408/10
f 3288/407/10 3289/662/10 3321/661/10
f 3690/297/10 3691/664/10 3260/408/10
f 3266/413/10 3288/407/10 3321/661/10
f 3690/297/10 3260/408/10 3261/665/10
f 3266/413/10 3321/661/10 3322/317/10
f 3265/666/10 3266/413/10 3322/317/10
f 3690/297/10 3261/665/10 3262/410/10
f 3689/667/10 3690/297/10 3262/410/10
f 3689/667/10 3262/410/10 3263/668/10
f 3688/300/10 3689/667/10 3263/668/10
f 3265/666/10 3322/317/10 3323/669/10
f 3264/411/10 3265/666/10 3323/669/10
f 3687/670/10 3688/300/10 3263/668/10
f 3687/670/10 3263/668/10 3264/411/10
f 3686/299/10 3687/670/10 3264/411/10
f 3264/411/10 3323/669/10 3324/314/10
f 3686/299/10 3264/411/10 3324/314/10
f 3685/671/10 3686/299/10 3324/314/10
f 3684/293/10 3685/671/10 3324/314/10
f 3684/293/10 3324/314/10 3325/672/10
f 3683/673/10 3684/293/10 3325/672/10
f 3683/673/10 3325/672/10 3326/310/10
f 3682/288/10 3683/673/10 3326/310/10
f 3682/288/10 3326/310/10 3327/674/10
f 3681/675/10 3682/288/10 3327/674/10
f 3681/675/10 3327/674/10 3328/304/10
f 3680/283/10 3681/675/10 3328/304/10
f 3679/676/10 3680/283/10 3328/304/10
f 3679/676/10 3328/304/10 3329/677/10
f 3678/279/10 3679/676/10 3420/240/10
f 3420/240/10 3679/676/10 3329/677/10
f 3678/279/10 3420/240/10 3421/678/10
f 3419/679/10 3420/240/10 3329/677/10
f 3678/279/10 3421/678/10 3422/248/10
f 3419/679/10 3329/677/10 3330/296/10
f 3418/224/10 3419/679/10 3330/296/10
f 3678/279/10 3422/248/10 3423/680/10
f 3678/279/10 3423/680/10 3424/254/10
f 3417/681/10 3418/224/10 3330/296/10
f 3678/279/10 3424/254/10 3425/682/10
f 3677/683/10 3678/279/10 3552/335/10
f 3552/335/10 3678/279/10 3425/682/10
f 3552/335/10 3425/682/10 3426/259/10
f 3677/683/10 3552/335/10 3553/684/10
f 3551/685/10 3552/335/10 3426/259/10
f 3416/219/10 3417/681/10 3330/296/10
f 3551/685/10 3426/259/10 3427/686/10
f 3550/337/10 3551/685/10 3427/686/10
f 3550/337/10 3427/686/10 3428/264/10
f 3676/274/10 3677/683/10 3553/684/10
f 3676/274/10 3553/684/10 3554/333/10
f 3415/687/10 3416/219/10 3330/296/10
f 3550/337/10 3428/264/10 3429/688/10
f 3549/689/10 3550/337/10 3429/688/10
f 3415/687/10 3330/296/10 3331/690/10
f 3549/689/10 3429/688/10 3430/269/10
f 3548/340/10 3549/689/10 3430/269/10
f 3414/217/10 3415/687/10 3331/690/10
f 3548/340/10 3430/269/10 3431/691/10
f 3675/692/10 3676/274/10 3554/333/10
f 3675/692/10 3554/333/10 3555/693/10
f 3547/694/10 3548/340/10 3431/691/10
f 3547/694/10 3431/691/10 3432/273/10
f 3546/343/10 3547/694/10 3432/273/10
f 3413/695/10 3414/217/10 3331/690/10
f 3413/695/10 3331/690/10 3332/286/10
f 3546/343/10 3432/273/10 3433/696/10
f 3674/271/10 3675/692/10 3555/693/10
f 3674/271/10 3555/693/10 3556/330/10
f 3545/697/10 3546/343/10 3433/696/10
f 3545/697/10 3433/696/10 3434/277/10
f 3412/216/10 3413/695/10 3332/286/10
f 3545/697/10 3434/277/10 3435/698/10
f 3544/345/10 3545/697/10 3435/698/10
f 3673/699/10 3674/271/10 3556/330/10
f 3673/699/10 3556/330/10 3557/700/10
f 3544/345/10 3435/698/10 3436/281/10
f 3543/701/10 3544/345/10 3436/281/10
f 3412/216/10 3332/286/10 3333/702/10
f 3543/701/10 3436/281/10 3437/703/10
f 3672/266/10 3673/699/10 3557/700/10
f 3672/266/10 3557/700/10 3558/329/10
f 3411/704/10 3412/216/10 3333/702/10
f 3542/348/10 3543/701/10 3437/703/10
f 3542/348/10 3437/703/10 3438/285/10
f 3542/348/10 3438/285/10 3439/705/10
f 3541/706/10 3542/348/10 3439/705/10
f 3671/707/10 3672/266/10 3558/329/10
f 3541/706/10 3439/705/10 3440/290/10
f 3671/707/10 3558/329/10 3559/708/10
f 3540/351/10 3541/706/10 3440/290/10
f 3410/214/10 3411/704/10 3333/702/10
f 3410/214/10 3333/702/10 3334/276/10
f 3540/351/10 3440/290/10 3441/709/10
f 3540/351/10 3441/709/10 3442/294/10
f 3670/263/10 3671/707/10 3559/708/10
f 3539/710/10 3540/351/10 3442/294/10
f 3539/710/10 3442/294/10 3443/711/10
f 3670/263/10 3559/708/10 3560/327/10
f 3539/710/10 3443/711/10 3444/298/10
f 3669/712/10 3670/263/10 3560/327/10
f 3409/713/10 3410/214/10 3334/276/10
f 3539/710/10 3444/298/10 3445/714/10
f 3538/356/10 3539/710/10 3445/714/10
f 3409/713/10 3334/276/10 3335/715/10
f 3668/261/10 3669/712/10 3560/327/10
f 3668/261/10 3560/327/10 3561/716/10
f 3538/356/10 3445/714/10 3446/301/10
f 3667/717/10 3668/261/10 3561/716/10
f 3408/212/10 3409/713/10 3335/715/10
f 3537/718/10 3538/356/10 3446/301/10
f 3667/717/10 3561/716/10 3562/325/10
f 3666/256/10 3667/717/10 3562/325/10
f 3537/718/10 3446/301/10 3447/719/10
f 3408/212/10 3335/715/10 3336/268/10
f 3536/358/10 3537/718/10 3447/719/10
f 3665/720/10 3666/256/10 3562/325/10
f 3407/721/10 3408/212/10 3336/268/10
f 3665/720/10 3562/325/10 3563/722/10
f 3664/253/10 3665/720/10 3563/722/10
f 3536/358/10 3447/719/10 3448/302/10
f 3406/211/10 3407/721/10 3336/268/10
f 3663/723/10 3664/253/10 3563/722/10
f 3535/724/10 3536/358/10 3448/302/10
f 3406/211/10 3336/268/10 3337/725/10
f 3663/723/10 3563/722/10 3564/322/10
f 3662/251/10 3663/723/10 3564/322/10
f 3405/726/10 3406/211/10 3337/725/10
f 3535/724/10 3448/302/10 3449/727/10
f 3661/728/10 3662/251/10 3564/322/10
f 3534/360/10 3535/724/10 3449/727/10
f 3660/247/10 3661/728/10 3564/322/10
f 3404/209/10 3405/726/10 3337/725/10
f 3660/247/12 3564/322/12 3565/729/12
f 3660/247/12 3565/729/12 3566/324/12
f 3404/209/10 3337/725/10 3338/258/10
f 3660/247/11 3566/324/11 3567/730/11
f 3660/247/13 3567/730/13 3568/323/13
f 3660/247/14 3568/323/14 3569/731/14
f 3534/360/10 3449/727/10 3450/303/10
f 3660/247/15 3569/731/15 3576/334/15
f 3576/334/15 3569/731/15 3570/326/15
f 3576/334/16 3570/326/16 3571/732/16
f 3576/334/13 3571/732/13 3572/328/13
f 3576/334/17 3572/328/17 3573/733/17
f 3576/334/18 3573/733/18 3574/331/18
f 3576/334/10 3574/331/10 3575/734/10
f 3403/735/10 3404/209/10 3338/258/10
f 3533/736/10 3534/360/10 3450/303/10
f 3660/247/10 3576/334/10 3577/737/10
f 3533/736/10 3450/303/10 3451/738/10
f 3403/735/10 3338/258/10 3339/739/10
f 3402/207/10 3403/735/10 3339/739/10
f 3532/363/10 3533/736/10 3451/738/10
f 3660/247/10 3577/737/10 3578/338/10
f 3532/363/10 3451/738/10 3452/305/10
f 3401/740/10 3402/207/10 3339/739/10
f 3401/740/10 3339/739/10 3340/249/10
f 3531/741/10 3532/363/10 3452/305/10
f 3660/247/10 3578/338/10 3579/742/10
f 3400/206/10 3401/740/10 3340/249/10
f 3531/741/10 3452/305/10 3453/743/10
f 3400/206/10 3340/249/10 3341/744/10
f 3530/367/10 3531/741/10 3453/743/10
f 3399/745/10 3400/206/10 3341/744/10
f 3660/247/10 3579/742/10 3580/342/10
f 3530/367/10 3453/743/10 3454/306/10
f 3529/746/10 3530/367/10 3454/306/10
f 3398/204/10 3399/745/10 3341/744/10
f 3660/247/10 3580/342/10 3581/747/10
f 3398/204/10 3341/744/10 3342/236/10
f 3529/746/10 3454/306/10 3455/748/10
f 3660/247/10 3581/747/10 3582/346/10
f 3397/749/10 3398/204/10 3342/236/10
f 3528/370/10 3529/746/10 3455/748/10
f 3528/370/10 3455/748/10 3456/307/10
f 3397/749/10 3342/236/10 3343/750/10
f 3660/247/10 3582/346/10 3583/751/10
f 3396/202/10 3397/749/10 3343/750/10
f 3527/752/10 3528/370/10 3456/307/10
f 3527/752/10 3456/307/10 3457/753/10
f 3660/247/10 3583/751/10 3584/349/10
f 3396/202/10 3343/750/10 3344/220/10
f 3395/754/10 3396/202/10 3344/220/10
f 3526/372/10 3527/752/10 3457/753/10
f 3660/247/10 3584/349/10 3585/755/10
f 3526/372/10 3457/753/10 3458/308/10
f 3394/201/10 3395/754/10 3344/220/10
f 3660/247/10 3585/755/10 3586/354/10
f 3525/756/10 3526/372/10 3458/308/10
f 3394/201/10 3344/220/10 3345/757/10
f 3525/756/10 3458/308/10 3459/758/10
f 3660/247/10 3586/354/10 3587/759/10
f 3393/760/10 3394/201/10 3345/757/10
f 3660/247/10 3587/759/10 3588/359/10
f 3524/375/10 3525/756/10 3459/758/10
f 3524/375/10 3459/758/10 3460/309/10
f 3392/199/10 3393/760/10 3345/757/10
f 3660/247/10 3588/359/10 3589/761/10
f 3392/199/10 3345/757/10 3346/218/10
f 3660/247/10 3589/761/10 3590/366/10
f 3660/247/10 3590/366/10 3591/762/10
f 3523/763/10 3524/375/10 3460/309/10
f 3660/247/10 3591/762/10 3592/378/10
f 3523/763/10 3460/309/10 3461/764/10
f 3391/765/10 3392/199/10 3346/218/10
f 3660/247/10 3592/378/10 3593/766/10
f 3660/247/10 3593/766/10 3594/385/10
f 3659/767/10 3660/247/10 3594/385/10
f 3659/767/10 3594/385/10 3595/768/10
f 3659/767/10 3595/768/10 3596/387/10
f 3522/377/10 3523/763/10 3461/764/10
f 3390/198/10 3391/765/10 3346/218/10
f 3658/246/10 3659/767/10 3596/387/10
f 3658/246/10 3596/387/10 3597/769/10
f 3522/377/10 3461/764/10 3462/311/10
f 3658/246/10 3597/769/10 3598/388/10
f 3390/198/10 3346/218/10 3347/770/10
f 3658/246/10 3598/388/10 3599/771/10
f 3657/772/10 3658/246/10 3599/771/10
f 3657/772/10 3599/771/10 3600/390/10
f 3389/773/10 3390/198/10 3347/770/10
f 3521/774/10 3522/377/10 3462/311/10
f 3657/772/10 3600/390/10 3601/775/10
f 3521/774/10 3462/311/10 3463/776/10
f 3656/244/10 3657/772/10 3601/775/10
f 3656/244/10 3601/775/10 3602/392/10
f 3656/244/10 3602/392/10 3603/777/10
f 3388/196/10 3389/773/10 3347/770/10
f 3655/778/10 3656/244/10 3603/777/10
f 3655/778/10 3603/777/10 3604/393/10
f 3520/381/10 3521/774/10 3463/776/10
f 3520/381/10 3463/776/10 3464/312/10
f 3655/778/10 3604/393/10 3605/779/10
f 3654/241/10 3655/778/10 3605/779/10
f 3654/241/10 3605/779/10 3606/395/10
f 3388/196/10 3347/770/10 3348/215/10
f 3387/780/10 3388/196/10 3348/215/10
f 3654/241/10 3606/395/10 3607/781/10
f 3653/782/10 3654/241/10 3607/781/10
f 3653/782/10 3607/781/10 3608/397/10
f 3519/783/10 3520/381/10 3464/312/10
f 3519/783/10 3464/312/10 3465/784/10
f 3653/782/10 3608/397/10 3609/785/10
f 3653/782/10 3609/785/10 3610/398/10
f 3652/238/10 3653/782/10 3610/398/10
f 3386/195/10 3387/780/10 3348/215/10
f 3652/238/10 3610/398/10 3611/786/10
f 3652/238/10 3611/786/10 3612/400/10
f 3652/238/10 3612/400/10 3613/787/10
f 3651/788/10 3652/238/10 3613/787/10
f 3518/383/10 3519/783/10 3465/784/10
f 3518/383/10 3465/784/10 3466/313/10
f 3651/788/10 3613/787/10 3614/245/10
f 3385/789/10 3386/195/10 3348/215/10
f 3650/235/10 3651/788/10 3614/245/10
f 3650/235/10 3614/245/10 3615/790/10
f 3649/791/10 3650/235/10 3615/790/10
f 3517/792/10 3518/383/10 3466/313/10
f 3649/791/10 3615/790/10 3616/243/10
f 3517/792/10 3466/313/10 3467/793/10
f 3384/193/10 3385/789/10 3348/215/10
f 3384/193/10 3348/215/10 3349/794/10
f 3648/233/10 3649/791/10 3616/243/10
f 3648/233/10 3616/243/10 3617/795/10
f 3384/193/10 3349/794/10 3350/213/10
f 3647/796/10 3648/233/10 3617/795/10
f 3647/796/10 3617/795/10 3618/242/10
f 3516/382/10 3517/792/10 3467/793/10
f 3383/797/10 3384/193/10 3350/213/10
f 3516/382/10 3467/793/10 3468/315/10
f 3647/796/10 3618/242/10 3619/798/10
f 3383/797/10 3350/213/10 3351/799/10
f 3646/230/10 3647/796/10 3619/798/10
f 3646/230/10 3619/798/10 3620/239/10
f 3383/797/10 3351/799/10 3352/210/10
f 3646/230/10 3620/239/10 3621/800/10
f 3645/801/10 3646/230/10 3621/800/10
f 3382/192/10 3383/797/10 3352/210/10
f 3382/192/10 3352/210/10 3353/802/10
f 3515/803/10 3516/382/10 3468/315/10
f 3515/803/10 3468/315/10 3469/804/10
f 3645/801/10 3621/800/10 3622/237/10
f 3644/228/10 3645/801/10 3622/237/10
f 3644/228/10 3622/237/10 3623/805/10
f 3382/192/10 3353/802/10 3354/208/10
f 3515/803/10 3469/804/10 3470/316/10
f 3514/380/10 3515/803/10 3470/316/10
f 3644/228/10 3623/805/10 3624/234/10
f 3643/806/10 3644/228/10 3624/234/10
f 3381/807/10 3382/192/10 3354/208/10
f 3381/807/10 3354/208/10 3355/808/10
f 3513/809/10 3514/380/10 3470/316/10
f 3513/809/10 3470/316/10 3471/810/10
f 3643/806/10 3624/234/10 3625/811/10
f 3642/226/10 3643/806/10 3625/811/10
f 3642/226/10 3625/811/10 3626/232/10
f 3381/807/10 3355/808/10 3356/205/10
f 3512/379/10 3513/809/10 3471/810/10
f 3512/379/10 3471/810/10 3472/321/10
f 3642/226/10 3626/232/10 3627/812/10
f 3641/813/10 3642/226/10 3627/812/10
f 3380/190/10 3381/807/10 3356/205/10
f 3380/190/10 3356/205/10 3357/814/10
f 3641/813/10 3627/812/10 3628/231/10
f 3641/813/10 3628/231/10 3629/815/10
f 3640/221/10 3641/813/10 3629/815/10
f 3511/816/10 3512/379/10 3472/321/10
f 3511/816/10 3472/321/10 3473/817/10
f 3640/221/10 3629/815/10 3630/229/10
f 3380/190/10 3357/814/10 3358/203/10
f 3639/818/10 3640/221/10 3630/229/10
f 3639/818/10 3630/229/10 3631/819/10
f 3639/818/10 3631/819/10 3632/227/10
f 3638/222/10 3639/818/10 3632/227/10
f 3510/376/10 3511/816/10 3473/817/10
f 3510/376/10 3473/817/10 3474/332/10
f 3379/820/10 3380/190/10 3358/203/10
f 3638/222/10 3632/227/10 3633/821/10
f 3379/820/10 3358/203/10 3359/822/10
f 3637/823/10 3638/222/10 3633/821/10
f 3637/823/10 3633/821/10 3634/225/10
f 3637/823/10 3634/225/10 3635/824/10
f 3636/223/10 3637/823/10 3635/824/10
f 3379/820/10 3359/822/10 3360/200/10
f 3509/825/10 3510/376/10 3474/332/10
f 3509/825/10 3474/332/10 3475/826/10
f 3378/189/10 3379/820/10 3360/200/10
f 3378/189/10 3360/200/10 3361/827/10
f 3508/374/10 3509/825/10 3475/826/10
f 3508/374/10 3475/826/10 3476/336/10
f 3378/189/10 3361/827/10 3362/197/10
f 3377/828/10 3378/189/10 3362/197/10
f 3507/829/10 3508/374/10 3476/336/10
f 3507/829/10 3476/336/10 3477/830/10
f 3377/828/10 3362/197/10 3363/831/10
f 3377/828/10 3363/831/10 3364/194/10
f 3506/373/10 3507/829/10 3477/830/10
f 3506/373/10 3477/830/10 3478/341/10
f 3376/187/10 3377/828/10 3364/194/10
f 3376/187/10 3364/194/10 3365/832/10
f 3505/833/10 3506/373/10 3478/341/10
f 3505/833/10 3478/341/10 3479/834/10
f 3375/835/10 3376/187/10 3365/832/10
f 3375/835/10 3365/832/10 3366/191/10
f 3375/835/10 3366/191/10 3367/836/10
f 3374/185/10 3375/835/10 3367/836/10
f 3504/371/10 3505/833/10 3479/834/10
f 3504/371/10 3479/834/10 3480/344/10
f 3374/185/10 3367/836/10 3368/188/10
f 3374/185/10 3368/188/10 3369/837/10
f 3373/838/10 3374/185/10 3369/837/10
f 3373/838/10 3369/837/10 3370/184/10
f 3373/838/10 3370/184/10 3371/839/10
f 3372/186/10 3373/838/10 3371/839/10
f 3503/840/10 3504/371/10 3480/344/10
f 3503/840/10 3480/344/10 3481/841/10
f 3502/369/10 3503/840/10 3481/841/10
f 3502/369/10 3481/841/10 3482/347/10
f 3501/842/10 3502/369/10 3482/347/10
f 3501/842/10 3482/347/10 3483/843/10
f 3500/368/10 3501/842/10 3483/843/10
f 3500/368/10 3483/843/10 3484/350/10
f 3499/844/10 3500/368/10 3484/350/10
f 3499/844/10 3484/350/10 3485/845/10
f 3498/365/10 3499/844/10 3485/845/10
f 3498/365/10 3485/845/10 3486/353/10
f 3497/846/10 3498/365/10 3486/353/10
f 3497/846/10 3486/353/10 3487/847/10
f 3496/362/10 3497/846/10 3487/847/10
f 3496/362/10 3487/847/10 3488/355/10
f 3495/848/10 3496/362/10 3488/355/10
f 3495/848/10 3488/355/10 3489/849/10
f 3494/361/10 3495/848/10 3489/849/10
f 3494/361/10 3489/849/10 3490/357/10
f 3493/850/10 3494/361/10 3490/357/10
f 3493/850/10 3490/357/10 3491/851/10
f 3492/149/10 3493/850/10 3491/851/10
f 3828/852/10 3829/854/10 3830/853/10
f 3828/852/10 3830/853/10 3831/855/10
f 3827/856/10 3828/852/10 3831/855/10
f 3827/856/10 3831/855/10 3832/857/10
f 3827/856/10 3832/857/10 3833/858/10
f 3826/859/10 3827/856/10 3833/858/10
f 3826/859/10 3833/858/10 3834/860/10
f 3826/859/10 3834/860/10 3835/861/10
f 3825/862/10 3826/859/10 3835/861/10
f 3825/862/10 3835/861/10 3836/863/10
f 3825/862/10 3836/863/10 3837/864/10
f 3824/865/10 3825/862/10 3837/864/10
f 3824/865/10 3837/864/10 3838/866/10
f 3823/867/10 3824/865/10 3838/866/10
f 3823/867/10 3838/866/10 3839/868/10
f 3823/867/10 3839/868/10 3840/869/10
f 3822/870/10 3823/867/10 3840/869/10
f 3822/870/10 3840/869/10 3841/871/10
f 3822/870/10 3841/871/10 3842/872/10
f 3821/873/10 3822/870/10 3842/872/10
f 3821/873/10 3842/872/10 3843/874/10
f 3820/875/10 3821/873/10 3843/874/10
f 3820/875/10 3843/874/10 3844/876/10
f 3820/875/10 3844/876/10 3845/877/10
f 3819/878/10 3820/875/10 3845/877/10
f 3819/878/10 3845/877/10 3846/879/10
f 3819/878/10 3846/879/10 3847/880/10
f 3818/881/10 3819/878/10 3847/880/10
f 3818/881/10 3847/880/10 3848/882/10
f 3818/881/10 3848/882/10 3849/883/10
f 3817/884/10 3818/881/10 3849/883/10
f 3817/884/10 3849/883/10 3850/885/10
f 3817/884/10 3850/885/10 3851/886/10
f 3816/887/10 3817/884/10 3851/886/10
f 3816/887/10 3851/886/10 3852/888/10
f 3816/887/10 3852/888/10 3853/889/10
f 3815/890/10 3816/887/10 3853/889/10
f 3815/890/10 3853/889/10 3854/891/10
f 3815/890/10 3854/891/10 3855/892/10
f 3815/890/10 3855/892/10 3856/893/10
f 3815/890/10 3856/893/10 3857/894/10
f 3815/890/10 3857/894/10 3858/895/10
f 3814/896/10 3815/890/10 3998/897/10
f 3998/897/10 3815/890/10 3997/898/10
f 3997/898/10 3815/890/10 3858/895/10
f 3997/898/10 3858/895/10 3859/899/10
f 3997/898/10 3859/899/10 3860/900/10
f 3996/901/11 3997/898/11 3860/900/11
f 3995/902/10 3996/901/10 3860/900/10
f 3994/903/10 3995/902/10 3860/900/10
f 3993/904/10 3994/903/10 3860/900/10
f 3992/905/10 3993/904/10 3860/900/10
f 3814/896/10 3998/897/10 3999/906/10
f 3991/907/10 3992/905/10 3860/900/10
f 3990/908/10 3991/907/10 3860/900/10
f 3989/909/10 3990/908/10 3860/900/10
f 3988/910/10 3989/909/10 3860/900/10
f 3987/911/10 3988/910/10 3860/900/10
f 3814/896/10 3999/906/10 4000/912/10
f 3986/913/10 3987/911/10 3860/900/10
f 3985/914/10 3986/913/10 3860/900/10
f 3984/915/10 3985/914/10 3860/900/10
f 3984/915/10 3860/900/10 3861/916/10
f 3983/917/10 3984/915/10 3861/916/10
f 3982/918/10 3983/917/10 3861/916/10
f 3814/896/10 4000/912/10 4001/223/10
f 3981/919/10 3982/918/10 3861/916/10
f 3980/920/10 3981/919/10 3861/916/10
f 3979/921/10 3980/920/10 3861/916/10
f 3979/921/10 3861/916/10 3862/922/10
f 3978/923/10 3979/921/10 3862/922/10
f 3977/924/10 3978/923/10 3862/922/10
f 3814/896/10 4001/223/10 4002/925/10
f 3976/926/10 3977/924/10 3862/922/10
f 3975/927/10 3976/926/10 3862/922/10
f 3975/927/10 3862/922/10 3863/928/10
f 3974/929/10 3975/927/10 3863/928/10
f 3973/930/10 3974/929/10 3863/928/10
f 3814/896/10 4002/925/10 4003/931/10
f 3972/932/10 3973/930/10 3863/928/10
f 3972/932/10 3863/928/10 3864/933/10
f 3813/934/10 3814/896/10 4003/931/10
f 3972/932/10 3864/933/10 3865/935/10
f 3813/934/10 4003/931/10 4004/936/10
f 3971/937/10 3972/932/10 3865/935/10
f 3971/937/10 3865/935/10 3866/938/10
f 3970/939/10 3971/937/10 3866/938/10
f 3970/939/10 3866/938/10 3867/298/10
f 3813/934/10 4004/936/10 4005/940/10
f 3970/939/10 3867/298/10 3868/941/10
f 3969/942/10 3970/939/10 3868/941/10
f 3813/934/10 4005/940/10 4006/943/10
f 3969/942/10 3868/941/10 3869/944/10
f 3968/945/10 3969/942/10 3869/944/10
f 3812/946/10 3813/934/10 4006/943/10
f 3968/945/10 3869/944/10 3870/947/10
f 3967/948/10 3968/945/10 3870/947/10
f 3812/946/10 4006/943/10 4007/949/10
f 3967/948/10 3870/947/10 3871/950/10
f 3966/951/10 3967/948/10 3871/950/10
f 3812/946/10 4007/949/10 4008/952/10
f 3966/951/10 3871/950/10 3872/953/10
f 3965/954/10 3966/951/10 3872/953/10
f 3965/954/10 3872/953/10 3873/955/10
f 3964/956/10 3965/954/10 3873/955/10
f 3811/957/10 3812/946/10 4008/952/10
f 3811/957/10 4008/952/10 4009/958/10
f 3963/959/10 3964/956/10 3873/955/10
f 3963/959/10 3873/955/10 3874/960/10
f 3962/961/10 3963/959/10 3874/960/10
f 3962/961/10 3874/960/10 3875/962/10
f 3961/963/10 3962/961/10 3875/962/10
f 3811/957/10 4009/958/10 4010/964/10
f 3961/963/10 3875/962/10 3876/965/10
f 3960/966/10 3961/963/10 3876/965/10
f 3959/967/10 3960/966/10 3876/965/10
f 3959/967/10 3876/965/10 3877/968/10
f 3810/969/10 3811/957/10 4010/964/10
f 3810/969/10 4010/964/10 4011/970/10
f 3958/971/10 3959/967/10 3877/968/10
f 3958/971/10 3877/968/10 3878/972/10
f 3957/973/10 3958/971/10 3878/972/10
f 3956/974/10 3957/973/10 3878/972/10
f 3956/974/10 3878/972/10 3879/975/10
f 3810/969/10 4011/970/10 4012/976/10
f 3955/977/10 3956/974/10 3879/975/10
f 3955/977/10 3879/975/10 3880/978/10
f 3954/979/10 3955/977/10 3880/978/10
f 3809/980/10 3810/969/10 4012/976/10
f 3953/981/10 3954/979/10 3880/978/10
f 3953/981/10 3880/978/10 3881/982/10
f 3809/980/10 4012/976/10 4013/983/10
f 3952/984/10 3953/981/10 3881/982/10
f 3951/985/10 3952/984/10 3881/982/10
f 3951/985/10 3881/982/10 3882/986/10
f 3950/987/10 3951/985/10 3882/986/10
f 3949/988/10 3950/987/10 3882/986/10
f 3809/980/10 4013/983/10 4014/989/10
f 3949/988/10 3882/986/10 3883/990/10
f 3948/991/10 3949/988/10 3883/990/10
f 3808/992/10 3809/980/10 4014/989/10
f 3948/991/10 3883/990/10 3884/993/10
f 3808/992/10 4014/989/10 4015/994/10
f 3947/995/10 3948/991/10 3884/993/10
f 3947/995/10 3884/993/10 3885/996/10
f 3947/995/10 3885/996/10 3886/997/10
f 3808/992/10 4015/994/10 4016/998/10
f 3946/999/10 3947/995/10 3886/997/10
f 3807/1000/10 3808/992/10 4016/998/10
f 3946/999/10 3886/997/10 3887/1001/10
f 3807/1000/10 4016/998/10 4017/1002/10
f 3946/999/10 3887/1001/10 3888/1003/10
f 3945/1004/10 3946/999/10 3888/1003/10
f 3945/1004/10 3888/1003/10 3889/1005/10
f 3807/1000/10 4017/1002/10 4018/1006/10
f 3806/1007/10 3807/1000/10 4018/1006/10
f 3945/1004/10 3889/1005/10 3890/1008/10
f 3944/1009/10 3945/1004/10 3890/1008/10
f 3806/1007/10 4018/1006/10 4019/1010/10
f 3944/1009/10 3890/1008/10 3891/1011/10
f 3943/1012/10 3944/1009/10 3891/1011/10
f 3805/1013/10 3806/1007/10 4019/1010/10
f 3805/1013/10 4019/1010/10 4020/1014/10
f 3805/1013/10 4020/1014/10 4021/1015/10
f 3943/1012/10 3891/1011/10 3892/1016/10
f 3942/1017/10 3943/1012/10 3892/1016/10
f 3804/1018/10 3805/1013/10 4021/1015/10
f 3804/1018/10 4021/1015/10 4022/1019/10
f 3942/1017/10 3892/1016/10 3893/1020/10
f 3941/1021/10 3942/1017/10 3893/1020/10
f 3804/1018/10 4022/1019/10 4023/1022/10
f 3941/1021/10 3893/1020/10 3894/1023/10
f 3803/1024/10 3804/1018/10 4023/1022/10
f 3940/1025/10 3941/1021/10 3894/1023/10
f 3803/1024/10 4023/1022/10 4024/1026/10
f 3940/1025/10 3894/1023/10 3895/1027/10
f 3803/1024/10 4024/1026/10 4025/1028/10
f 3802/1029/10 3803/1024/10 4025/1028/10
f 3939/1030/10 3940/1025/10 3895/1027/10
f 3802/1029/10 4025/1028/10 4026/1031/10
f 3939/1030/10 3895/1027/10 3896/1032/10
f 3802/1029/10 4026/1031/10 4027/1033/10
f 3939/1030/10 3896/1032/10 3897/1034/10
f 3938/1035/10 3939/1030/10 3897/1034/10
f 3801/1036/10 3802/1029/10 4027/1033/10
f 3801/1036/10 4027/1033/10 4028/1037/10
f 3938/1035/10 3897/1034/10 3898/1038/10
f 3801/1036/10 4028/1037/10 4029/1039/10
f 3938/1035/10 3898/1038/10 3899/1040/10
f 3800/215/10 3801/1036/10 4029/1039/10
f 3800/215/10 4029/1039/10 4030/1041/10
f 3937/1042/10 3938/1035/10 3899/1040/10
f 3937/1042/10 3899/1040/10 3900/1043/10
f 3800/215/10 4030/1041/10 4031/1044/10
f 3800/215/10 4031/1044/10 4032/1045/10
f 3937/1042/10 3900/1043/10 3901/1046/10
f 3799/1047/10 3800/215/10 4032/1045/10
f 4068/66/10 3937/1042/10 3901/1046/10
f 3799/1047/10 4032/1045/10 4033/1048/10
f 4068/66/10 3901/1046/10 3902/1049/10
f 4067/1050/10 4068/66/10 3902/1049/10
f 4067/1050/10 3902/1049/10 3903/1051/10
f 4067/1050/10 3903/1051/10 3904/1052/10
f 4066/1053/10 4067/1050/10 3904/1052/10
f 3799/1047/10 4033/1048/10 4034/1054/10
f 4066/1053/10 3904/1052/10 3905/1055/10
f 4065/1056/10 4066/1053/10 3905/1055/10
f 4065/1056/10 3905/1055/10 3906/1057/10
f 3799/1047/10 4034/1054/10 4035/1058/10
f 4064/1059/10 4065/1056/10 3906/1057/10
f 4064/1059/10 3906/1057/10 3907/1060/10
f 3798/1061/10 3799/1047/10 4035/1058/10
f 4063/1062/10 4064/1059/10 3907/1060/10
f 3798/1061/10 4035/1058/10 4036/1063/10
f 4062/1064/10 4063/1062/10 3907/1060/10
f 4062/1064/10 3907/1060/10 3908/1065/10
f 4061/1066/10 4062/1064/10 3908/1065/10
f 3798/1061/10 4036/1063/10 4037/1067/10
f 4060/1068/10 4061/1066/10 3908/1065/10
f 4060/1068/10 3908/1065/10 3909/1069/10
f 4059/1070/10 4060/1068/10 3909/1069/10
f 3798/1061/10 4037/1067/10 4038/1071/10
f 4058/1072/10 4059/1070/10 3909/1069/10
f 4058/1072/10 3909/1069/10 3910/1073/10
f 4057/1074/10 4058/1072/10 3910/1073/10
f 3798/1061/10 4038/1071/10 4039/1075/10
f 3797/1076/10 3798/1061/10 4039/1075/10
f 4056/1077/10 4057/1074/10 3910/1073/10
f 4055/1078/10 4056/1077/10 3910/1073/10
f 3797/1076/10 4039/1075/10 4040/1079/10
f 4054/1080/10 4055/1078/10 3910/1073/10
f 4054/1080/10 3910/1073/10 3911/1081/10
f 3797/1076/10 4040/1079/10 4041/1082/10
f 4053/1083/10 4054/1080/10 3911/1081/10
f 4052/1084/10 4053/1083/10 3911/1081/10
f 3797/1076/10 4041/1082/10 4042/1085/10
f 4051/1086/10 4052/1084/10 3911/1081/10
f 4050/1087/10 4051/1086/10 3911/1081/10
f 3797/1076/10 4042/1085/10 4043/1088/10
f 4049/1089/10 4050/1087/10 3911/1081/10
f 4048/1090/10 4049/1089/10 3911/1081/10
f 3797/1076/10 4043/1088/10 4044/1091/10
f 4047/1092/10 4048/1090/10 3911/1081/10
f 4047/1092/10 3911/1081/10 3912/1093/10
f 4046/1094/10 4047/1092/10 3912/1093/10
f 3797/1076/10 4044/1091/10 4045/1095/10
f 4045/1095/10 4046/1094/10 3912/1093/10
f 3797/1076/10 4045/1095/10 3912/1093/10
f 3796/1096/10 3797/1076/10 3912/1093/10
f 3796/1096/10 3912/1093/10 3913/1097/10
f 3796/1096/10 3913/1097/10 3914/1098/10
f 3795/1099/10 3796/1096/10 3914/1098/10
f 3795/1099/10 3914/1098/10 3915/1100/10
f 3795/1099/10 3915/1100/10 3916/1101/10
f 3794/1102/10 3795/1099/10 3916/1101/10
f 3794/1102/10 3916/1101/10 3917/1103/10
f 3794/1102/10 3917/1103/10 3918/1104/10
f 3793/1105/10 3794/1102/10 3918/1104/10
f 3793/1105/10 3918/1104/10 3919/1106/10
f 3793/1105/10 3919/1106/10 3920/1107/10
f 3793/1105/10 3920/1107/10 3921/1108/10
f 3792/1109/10 3793/1105/10 3921/1108/10
f 3792/1109/10 3921/1108/10 3922/1110/10
f 3792/1109/10 3922/1110/10 3923/1111/10
f 3792/1109/10 3923/1111/10 3924/1112/10
f 3792/1109/10 3924/1112/10 3925/1113/10
f 3792/1109/10 3925/1113/10 3926/1114/10
f 3791/1115/10 3792/1109/10 3926/1114/10
f 3791/1115/10 3926/1114/10 3927/1116/10
f 3791/1115/10 3927/1116/10 3757/1117/10
f 3757/1117/10 3927/1116/10 3928/1118/10
f 3790/1119/10 3791/1115/10 3757/1117/10
f 3790/1119/10 3757/1117/10 3758/1120/10
f 3756/1121/10 3757/1117/10 3928/1118/10
f 3756/1121/10 3928/1118/10 3929/1122/10
f 3790/1119/10 3758/1120/10 3759/1123/10
f 3756/1121/10 3929/1122/10 3930/1124/10
f 3790/1119/10 3759/1123/10 3760/1125/10
f 3755/1126/10 3756/1121/10 3930/1124/10
f 3789/1127/10 3790/1119/10 3760/1125/10
f 3755/1126/10 3930/1124/10 3931/1128/10
f 3789/1127/10 3760/1125/10 3761/1129/10
f 3755/1126/10 3931/1128/10 3932/1130/10
f 3789/1127/10 3761/1129/10 3762/1131/10
f 3754/1132/10 3755/1126/10 3932/1130/10
f 3788/1133/10 3789/1127/10 3762/1131/10
f 3754/1132/10 3932/1130/10 3933/1134/10
f 3788/1133/10 3762/1131/10 3763/1135/10
f 3788/1133/10 3763/1135/10 3764/1136/10
f 3754/1132/10 3933/1134/10 3934/351/10
f 3753/1137/10 3754/1132/10 3934/351/10
f 3788/1133/10 3764/1136/10 3765/1138/10
f 3787/1139/10 3788/1133/10 3765/1138/10
f 3753/1137/10 3934/351/10 3935/1140/10
f 3787/1139/10 3765/1138/10 3766/1141/10
f 3753/1137/10 3935/1140/10 3936/1142/10
f 3787/1139/10 3766/1141/10 3767/1143/10
f 3752/1144/10 3753/1137/10 3936/1142/10
f 3786/1145/10 3787/1139/10 3767/1143/10
f 3786/1145/10 3767/1143/10 3768/1146/10
f 3752/1144/10 3936/1142/10 3733/73/10
f 3786/1145/10 3768/1146/10 3769/1147/10
f 3752/1144/10 3733/73/10 3734/1148/10
f 3751/1149/10 3752/1144/10 3734/1148/10
f 3786/1145/10 3769/1147/10 3770/1150/10
f 3785/1151/10 3786/1145/10 3770/1150/10
f 3785/1151/10 3770/1150/10 3771/1152/10
f 3751/1149/10 3734/1148/10 3735/1153/10
f 3785/1151/10 3771/1152/10 3772/1154/10
f 3784/1155/10 3785/1151/10 3772/1154/10
f 3750/1156/10 3751/1149/10 3735/1153/10
f 3750/1156/10 3735/1153/10 3736/1157/10
f 3784/1155/10 3772/1154/10 3773/1158/10
f 3784/1155/10 3773/1158/10 3774/1159/10
f 3750/1156/10 3736/1157/10 3737/1160/10
f 3783/1161/10 3784/1155/10 3774/1159/10
f 3783/1161/10 3774/1159/10 3775/1162/10
f 3749/1163/10 3750/1156/10 3737/1160/10
f 3783/1161/10 3775/1162/10 3776/1164/10
f 3749/1163/10 3737/1160/10 3738/1165/10
f 3783/1161/10 3776/1164/10 3777/1166/10
f 3782/1167/10 3783/1161/10 3777/1166/10
f 3782/1167/10 3777/1166/10 3778/1168/10
f 3782/1167/10 3778/1168/10 3779/1169/10
f 3749/1163/10 3738/1165/10 3739/1170/10
f 3781/1171/10 3782/1167/10 3779/1169/10
f 3781/1171/10 3779/1169/10 3780/1172/10
f 3748/1173/10 3749/1163/10 3739/1170/10
f 3748/1173/10 3739/1170/10 3740/1174/10
f 3747/1175/10 3748/1173/10 3740/1174/10
f 3747/1175/10 3740/1174/10 3741/1176/10
f 3747/1175/10 3741/1176/10 3742/1177/10
f 3746/1178/10 3747/1175/10 3742/1177/10
f 3746/1178/10 3742/1177/10 3743/1179/10
f 3746/1178/10 3743/1179/10 3744/1180/10
f 3745/1181/10 3746/1178/10 3744/1180/10
f 4164/852/10 4165/854/10 4166/853/10
f 4164/852/10 4166/853/10 4167/855/10
f 4163/856/10 4164/852/10 4167/855/10
f 4163/856/10 4167/855/10 4168/857/10
f 4162/859/10 4163/856/10 4168/857/10
f 4162/859/10 4168/857/10 4169/858/10
f 4161/862/10 4162/859/10 4169/858/10
f 4161/862/10 4169/858/10 4170/860/10
f 4161/862/10 4170/860/10 4171/861/10
f 4160/865/10 4161/862/10 4171/861/10
f 4160/865/10 4171/861/10 4172/863/10
f 4159/867/10 4160/865/10 4172/863/10
f 4159/867/10 4172/863/10 4173/864/10
f 4158/870/10 4159/867/10 4173/864/10
f 4158/870/10 4173/864/10 4174/866/10
f 4158/870/10 4174/866/10 4175/868/10
f 4157/873/10 4158/870/10 4175/868/10
f 4157/873/10 4175/868/10 4176/869/10
f 4156/875/10 4157/873/10 4176/869/10
f 4156/875/10 4176/869/10 4177/871/10
f 4155/878/10 4156/875/10 4177/871/10
f 4155/878/10 4177/871/10 4178/872/10
f 4154/881/10 4155/878/10 4178/872/10
f 4154/881/10 4178/872/10 4179/874/10
f 4154/881/10 4179/874/10 4180/876/10
f 4153/884/10 4154/881/10 4180/876/10
f 4153/884/10 4180/876/10 4181/877/10
f 4152/887/10 4153/884/10 4181/877/10
f 4152/887/10 4181/877/10 4182/879/10
f 4152/887/10 4182/879/10 4183/880/10
f 4151/890/10 4152/887/10 4183/880/10
f 4151/890/10 4183/880/10 4184/882/10
f 4151/890/10 4184/882/10 4185/883/10
f 4150/896/10 4151/890/10 4185/883/10
f 4150/896/10 4185/883/10 4186/885/10
f 4150/896/10 4186/885/10 4187/886/10
f 4149/934/10 4150/896/10 4187/886/10
f 4149/934/10 4187/886/10 4188/888/10
f 4149/934/10 4188/888/10 4189/889/10
f 4148/946/10 4149/934/10 4189/889/10
f 4148/946/10 4189/889/10 4190/891/10
f 4148/946/10 4190/891/10 4191/892/10
f 4148/946/10 4191/892/10 4237/1046/10
f 4237/1046/10 4191/892/10 4192/893/10
f 4148/946/10 4237/1046/10 4238/1049/10
f 4236/1043/10 4237/1046/10 4192/893/10
f 4236/1043/10 4192/893/10 4193/894/10
f 4235/1040/10 4236/1043/10 4193/894/10
f 4147/957/10 4148/946/10 4238/1049/10
f 4147/957/10 4238/1049/10 4239/1051/10
f 4234/1038/10 4235/1040/10 4193/894/10
f 4233/1034/10 4234/1038/10 4193/894/10
f 4147/957/10 4239/1051/10 4240/1052/10
f 4232/1032/10 4233/1034/10 4193/894/10
f 4232/1032/10 4193/894/10 4194/895/10
f 4231/1027/10 4232/1032/10 4194/895/10
f 4147/957/10 4240/1052/10 4241/1055/10
f 4230/1023/10 4231/1027/10 4194/895/10
f 4230/1023/10 4194/895/10 4195/899/10
f 4229/1020/10 4230/1023/10 4195/899/10
f 4147/957/10 4241/1055/10 4242/1057/10
f 4228/1016/10 4229/1020/10 4195/899/10
f 4228/1016/10 4195/899/10 4196/900/10
f 4227/1011/10 4228/1016/10 4196/900/10
f 4227/1011/10 4196/900/10 4197/916/10
f 4147/957/10 4242/1057/10 4243/1060/10
f 4146/969/10 4147/957/10 4243/1060/10
f 4226/1008/10 4227/1011/10 4197/916/10
f 4226/1008/10 4197/916/10 4198/922/10
f 4225/1005/10 4226/1008/10 4198/922/10
f 4146/969/10 4243/1060/10 4244/1065/10
f 4225/1005/10 4198/922/10 4199/928/10
f 4225/1005/10 4199/928/10 4200/933/10
f 4224/1003/10 4225/1005/10 4200/933/10
f 4224/1003/10 4200/933/10 4201/935/10
f 4223/1001/10 4224/1003/10 4201/935/10
f 4146/969/10 4244/1065/10 4245/1069/10
f 4223/1001/10 4201/935/10 4202/938/10
f 4145/980/10 4146/969/10 4245/1069/10
f 4222/997/10 4223/1001/10 4202/938/10
f 4222/997/10 4202/938/10 4203/298/10
f 4221/996/10 4222/997/10 4203/298/10
f 4221/996/10 4203/298/10 4204/941/10
f 4145/980/10 4245/1069/10 4246/1073/10
f 4220/993/10 4221/996/10 4204/941/10
f 4220/993/10 4204/941/10 4205/944/10
f 4219/990/10 4220/993/10 4205/944/10
f 4219/990/10 4205/944/10 4206/947/10
f 4219/990/10 4206/947/10 4207/950/10
f 4218/986/10 4219/990/10 4207/950/10
f 4218/986/10 4207/950/10 4208/953/10
f 4217/982/10 4218/986/10 4208/953/10
f 4217/982/10 4208/953/10 4209/955/10
f 4216/978/10 4217/982/10 4209/955/10
f 4216/978/10 4209/955/10 4210/960/10
f 4145/980/10 4246/1073/10 4247/1081/10
f 4215/975/10 4216/978/10 4210/960/10
f 4215/975/10 4210/960/10 4211/962/10
f 4214/972/10 4215/975/10 4211/962/10
f 4214/972/10 4211/962/10 4212/965/10
f 4144/992/10 4145/980/10 4247/1081/10
f 4213/968/10 4214/972/10 4212/965/10
f 4144/992/10 4247/1081/10 4248/1093/10
f 4143/1000/10 4144/992/10 4248/1093/10
f 4143/1000/10 4248/1093/10 4249/1097/10
f 4142/1007/10 4143/1000/10 4249/1097/10
f 4142/1007/10 4249/1097/10 4250/1098/10
f 4141/1013/10 4142/1007/10 4250/1098/10
f 4141/1013/10 4250/1098/10 4251/1100/10
f 4140/1018/10 4141/1013/10 4251/1100/10
f 4140/1018/10 4251/1100/10 4252/1101/10
f 4139/1024/10 4140/1018/10 4252/1101/10
f 4139/1024/10 4252/1101/10 4253/1103/10
f 4138/1029/10 4139/1024/10 4253/1103/10
f 4138/1029/10 4253/1103/10 4254/1104/10
f 4137/1036/10 4138/1029/10 4254/1104/10
f 4137/1036/10 4254/1104/10 4255/1106/10
f 4136/215/10 4137/1036/10 4255/1106/10
f 4380/1091/10 4381/1095/10 4382/1094/10
f 4379/1088/10 4380/1091/10 4382/1094/10
f 4379/1088/10 4382/1094/10 4383/1092/10
f 4378/1085/10 4379/1088/10 4383/1092/10
f 4378/1085/10 4383/1092/10 4384/1090/10
f 4377/1082/10 4378/1085/10 4384/1090/10
f 4377/1082/10 4384/1090/10 4385/1089/10
f 4376/1079/10 4377/1082/10 4385/1089/10
f 4376/1079/10 4385/1089/10 4386/1087/10
f 4375/1075/10 4376/1079/10 4386/1087/10
f 4375/1075/10 4386/1087/10 4387/1086/10
f 4374/1071/10 4375/1075/10 4387/1086/10
f 4374/1071/10 4387/1086/10 4388/1084/10
f 4373/1067/10 4374/1071/10 4388/1084/10
f 4373/1067/10 4388/1084/10 4389/1083/10
f 4372/1063/10 4373/1067/10 4389/1083/10
f 4372/1063/10 4389/1083/10 4390/1080/10
f 4371/1058/10 4372/1063/10 4390/1080/10
f 4371/1058/10 4390/1080/10 4391/1078/10
f 4370/1054/10 4371/1058/10 4391/1078/10
f 4136/215/10 4255/1106/10 4256/1107/10
f 4370/1054/10 4391/1078/10 4392/1077/10
f 4369/1048/10 4370/1054/10 4392/1077/10
f 4369/1048/10 4392/1077/10 4393/1074/10
f 4368/1045/10 4369/1048/10 4393/1074/10
f 4368/1045/10 4393/1074/10 4394/1072/10
f 4135/1047/10 4136/215/10 4256/1107/10
f 4367/1044/10 4368/1045/10 4394/1072/10
f 4367/1044/10 4394/1072/10 4395/1070/10
f 4367/1044/10 4395/1070/10 4396/1068/10
f 4366/1041/10 4367/1044/10 4396/1068/10
f 4366/1041/10 4396/1068/10 4397/1066/10
f 4366/1041/10 4397/1066/10 4398/1064/10
f 4365/1039/10 4366/1041/10 4398/1064/10
f 4365/1039/10 4398/1064/10 4399/1062/10
f 4135/1047/10 4256/1107/10 4257/1108/10
f 4365/1039/10 4399/1062/10 4400/1059/10
f 4134/1061/10 4135/1047/10 4257/1108/10
f 4364/1037/10 4365/1039/10 4400/1059/10
f 4364/1037/10 4400/1059/10 4401/1056/10
f 4364/1037/10 4401/1056/10 4402/1053/10
f 4363/1033/10 4364/1037/10 4402/1053/10
f 4363/1033/10 4402/1053/10 4403/1050/10
f 4363/1033/10 4403/1050/10 4404/66/10
f 4362/1031/10 4363/1033/10 4404/66/10
f 4362/1031/10 4404/66/10 4069/73/10
f 4133/1076/10 4134/1061/10 4257/1108/10
f 4133/1076/10 4257/1108/10 4258/1110/10
f 4362/1031/10 4069/73/10 4070/1148/10
f 4361/1028/10 4362/1031/10 4070/1148/10
f 4361/1028/10 4070/1148/10 4071/1153/10
f 4360/1026/10 4361/1028/10 4071/1153/10
f 4360/1026/10 4071/1153/10 4072/1157/10
f 4360/1026/10 4072/1157/10 4073/1160/10
f 4132/1096/10 4133/1076/10 4258/1110/10
f 4359/1022/10 4360/1026/10 4073/1160/10
f 4359/1022/10 4073/1160/10 4074/1165/10
f 4132/1096/10 4258/1110/10 4259/1111/10
f 4359/1022/10 4074/1165/10 4075/1170/10
f 4358/1019/10 4359/1022/10 4075/1170/10
f 4358/1019/10 4075/1170/10 4076/1174/10
f 4358/1019/10 4076/1174/10 4077/1176/10
f 4131/1099/10 4132/1096/10 4259/1111/10
f 4358/1019/10 4077/1176/10 4078/1177/10
f 4357/1015/10 4358/1019/10 4078/1177/10
f 4357/1015/10 4078/1177/10 4079/1179/10
f 4357/1015/10 4079/1179/10 4080/1180/10
f 4131/1099/10 4259/1111/10 4260/1112/10
f 4357/1015/10 4080/1180/10 4081/1181/10
f 4356/1014/10 4357/1015/10 4081/1181/10
f 4356/1014/10 4081/1181/10 4309/930/10
f 4309/930/10 4081/1181/10 4082/1178/10
f 4355/1010/10 4356/1014/10 4309/930/10
f 4130/1102/10 4131/1099/10 4260/1112/10
f 4354/1006/10 4355/1010/10 4309/930/10
f 4353/1002/10 4354/1006/10 4309/930/10
f 4353/1002/10 4309/930/10 4310/929/10
f 4308/932/10 4309/930/10 4082/1178/10
f 4353/1002/10 4310/929/10 4311/927/10
f 4352/998/10 4353/1002/10 4311/927/10
f 4352/998/10 4311/927/10 4312/926/10
f 4130/1102/10 4260/1112/10 4261/1113/10
f 4351/994/10 4352/998/10 4312/926/10
f 4351/994/10 4312/926/10 4313/924/10
f 4351/994/10 4313/924/10 4314/923/10
f 4308/932/10 4082/1178/10 4083/1175/10
f 4350/989/10 4351/994/10 4314/923/10
f 4129/1105/10 4130/1102/10 4261/1113/10
f 4350/989/10 4314/923/10 4315/921/10
f 4349/983/10 4350/989/10 4315/921/10
f 4307/937/10 4308/932/10 4083/1175/10
f 4349/983/10 4315/921/10 4316/920/10
f 4348/976/10 4349/983/10 4316/920/10
f 4348/976/10 4316/920/10 4317/919/10
f 4347/970/10 4348/976/10 4317/919/10
f 4346/964/10 4347/970/10 4317/919/10
f 4346/964/10 4317/919/10 4318/918/10
f 4345/958/10 4346/964/10 4318/918/10
f 4306/939/10 4307/937/10 4083/1175/10
f 4345/958/10 4318/918/10 4319/917/10
f 4344/952/10 4345/958/10 4319/917/10
f 4128/1109/10 4129/1105/10 4261/1113/10
f 4128/1109/10 4261/1113/10 4262/1114/10
f 4306/939/10 4083/1175/10 4084/1173/10
f 4343/949/10 4344/952/10 4319/917/10
f 4343/949/10 4319/917/10 4320/915/10
f 4342/943/10 4343/949/10 4320/915/10
f 4342/943/10 4320/915/10 4321/914/10
f 4305/942/10 4306/939/10 4084/1173/10
f 4341/940/10 4342/943/10 4321/914/10
f 4340/936/10 4341/940/10 4321/914/10
f 4128/1109/10 4262/1114/10 4263/1116/10
f 4339/931/10 4340/936/10 4321/914/10
f 4339/931/10 4321/914/10 4322/913/10
f 4339/931/10 4322/913/10 4323/911/10
f 4338/925/10 4339/931/10 4323/911/10
f 4338/925/10 4323/911/10 4324/910/10
f 4337/223/10 4338/925/10 4324/910/10
f 4337/223/10 4324/910/10 4325/909/10
f 4337/223/10 4325/909/10 4326/908/10
f 4336/912/10 4337/223/10 4326/908/10
f 4336/912/10 4326/908/10 4327/907/10
f 4336/912/10 4327/907/10 4328/905/10
f 4335/906/10 4336/912/10 4328/905/10
f 4335/906/10 4328/905/10 4329/904/10
f 4335/906/10 4329/904/10 4330/903/10
f 4334/897/10 4335/906/10 4330/903/10
f 4304/945/10 4305/942/10 4084/1173/10
f 4334/897/10 4330/903/10 4331/902/10
f 4334/897/10 4331/902/10 4332/901/10
f 4333/898/10 4334/897/10 4332/901/10
f 4127/1115/10 4128/1109/10 4263/1116/10
f 4304/945/10 4084/1173/10 4085/1163/10
f 4127/1115/10 4263/1116/10 4264/1118/10
f 4303/948/10 4304/945/10 4085/1163/10
f 4127/1115/10 4264/1118/10 4265/1122/10
f 4126/1119/10 4127/1115/10 4265/1122/10
f 4302/951/10 4303/948/10 4085/1163/10
f 4302/951/10 4085/1163/10 4086/1156/10
f 4126/1119/10 4265/1122/10 4266/1124/10
f 4301/954/10 4302/951/10 4086/1156/10
f 4126/1119/10 4266/1124/10 4267/1128/10
f 4125/1127/10 4126/1119/10 4267/1128/10
f 4300/956/10 4301/954/10 4086/1156/10
f 4300/956/10 4086/1156/10 4087/1149/10
f 4125/1127/10 4267/1128/10 4268/1130/10
f 4299/959/10 4300/956/10 4087/1149/10
f 4125/1127/10 4268/1130/10 4269/1134/10
f 4298/961/10 4299/959/10 4087/1149/10
f 4124/1133/10 4125/1127/10 4269/1134/10
f 4298/961/10 4087/1149/10 4088/1144/10
f 4124/1133/10 4269/1134/10 4270/351/10
f 4297/963/10 4298/961/10 4088/1144/10
f 4124/1133/10 4270/351/10 4271/1140/10
f 4296/966/10 4297/963/10 4088/1144/10
f 4124/1133/10 4271/1140/10 4272/1142/10
f 4123/1139/10 4124/1133/10 4272/1142/10
f 4296/966/10 4088/1144/10 4089/1137/10
f 4123/1139/10 4272/1142/10 4273/1042/10
f 4295/967/10 4296/966/10 4089/1137/10
f 4123/1139/10 4273/1042/10 4274/1035/10
f 4294/971/10 4295/967/10 4089/1137/10
f 4123/1139/10 4274/1035/10 4275/1030/10
f 4293/973/10 4294/971/10 4089/1137/10
f 4122/1145/10 4123/1139/10 4275/1030/10
f 4122/1145/10 4275/1030/10 4276/1025/10
f 4293/973/10 4089/1137/10 4090/1132/10
f 4292/974/10 4293/973/10 4090/1132/10
f 4122/1145/10 4276/1025/10 4277/1021/10
f 4291/977/10 4292/974/10 4090/1132/10
f 4122/1145/10 4277/1021/10 4278/1017/10
f 4290/979/10 4291/977/10 4090/1132/10
f 4122/1145/10 4278/1017/10 4279/1012/10
f 4122/1145/10 4279/1012/10 4280/1009/10
f 4289/981/10 4290/979/10 4090/1132/10
f 4122/1145/10 4280/1009/10 4281/1004/10
f 4121/1151/10 4122/1145/10 4281/1004/10
f 4288/984/10 4289/981/10 4090/1132/10
f 4121/1151/10 4281/1004/10 4282/999/10
f 4287/985/10 4288/984/10 4090/1132/10
f 4287/985/10 4090/1132/10 4091/1126/10
f 4121/1151/10 4282/999/10 4283/995/10
f 4286/987/10 4287/985/10 4091/1126/10
f 4121/1151/10 4283/995/10 4284/991/10
f 4285/988/10 4286/987/10 4091/1126/10
f 4121/1151/10 4284/991/10 4285/988/10
f 4121/1151/10 4285/988/10 4091/1126/10
f 4120/1155/10 4121/1151/10 4091/1126/10
f 4120/1155/10 4091/1126/10 4092/1121/10
f 4119/1161/10 4120/1155/10 4092/1121/10
f 4119/1161/10 4092/1121/10 4093/1117/10
f 4118/1167/10 4119/1161/10 4093/1117/10
f 4118/1167/10 4093/1117/10 4094/1120/10
f 4117/1171/10 4118/1167/10 4094/1120/10
f 4117/1171/10 4094/1120/10 4095/1123/10
f 4116/1172/10 4117/1171/10 4095/1123/10
f 4116/1172/10 4095/1123/10 4096/1125/10
f 4115/1169/10 4116/1172/10 4096/1125/10
f 4115/1169/10 4096/1125/10 4097/1129/10
f 4114/1168/10 4115/1169/10 4097/1129/10
f 4114/1168/10 4097/1129/10 4098/1131/10
f 4113/1166/10 4114/1168/10 4098/1131/10
f 4112/1164/10 4113/1166/10 4098/1131/10
f 4112/1164/10 4098/1131/10 4099/1135/10
f 4111/1162/10 4112/1164/10 4099/1135/10
f 4111/1162/10 4099/1135/10 4100/1136/10
f 4110/1159/10 4111/1162/10 4100/1136/10
f 4110/1159/10 4100/1136/10 4101/1138/10
f 4109/1158/10 4110/1159/10 4101/1138/10
f 4109/1158/10 4101/1138/10 4102/1141/10
f 4108/1154/10 4109/1158/10 4102/1141/10
f 4108/1154/10 4102/1141/10 4103/1143/10
f 4107/1152/10 4108/1154/10 4103/1143/10
f 4107/1152/10 4103/1143/10 4104/1146/10
f 4106/1150/10 4107/1152/10 4104/1146/10
f 4106/1150/10 4104/1146/10 4105/1147/10
s 1
f 4406/1182/19 4408/1183/20 4407/1184/20 4405/73/19
f 4408/1183/20 4410/1185/21 4409/1186/21 4407/1184/20
f 4410/1185/21 4412/1187/22 4411/1188/22 4409/1186/21
f 4412/1187/22 4414/1189/23 4413/1190/23 4411/1188/22
f 4414/1189/23 4416/1191/24 4415/1192/24 4413/1190/23
f 4416/1191/24 4418/1193/25 4417/1194/25 4415/1192/24
f 4418/1193/25 4420/1195/26 4419/410/26 4417/1194/25
f 4420/1195/26 4422/1196/27 4421/1197/27 4419/410/26
f 4422/1196/27 4424/1198/28 4423/1199/28 4421/1197/27
f 4424/1198/28 4426/1200/29 4425/1201/29 4423/1199/28
f 4426/1200/29 4428/1202/30 4427/1203/30 4425/1201/29
f 4428/1202/30 4430/1204/31 4429/1205/31 4427/1203/30
f 4430/1204/31 4432/1206/32 4431/1207/32 4429/1205/31
f 4432/1206/32 4434/1208/33 4433/418/33 4431/1207/32
f 4434/1208/33 4436/1209/34 4435/1210/34 4433/418/33
f 4436/1209/34 4438/1211/35 4437/1212/35 4435/1210/34
f 4438/1211/35 4440/1213/36 4439/1214/36 4437/1212/35
f 4440/1213/36 4442/1215/37 4441/1216/37 4439/1214/36
f 4442/1215/37 4444/1217/38 4443/1218/38 4441/1216/37
f 4444/1217/38 4446/1219/39 4445/1220/39 4443/1218/38
f 4446/1219/39 4448/1221/40 4447/414/40 4445/1220/39
f 4448/1221/40 4450/1222/41 4449/1223/41 4447/414/40
f 4450/1222/41 4452/1224/42 4451/1225/42 4449/1223/41
f 4452/1224/42 4454/1226/43 4453/107/43 4451/1225/42
f 4454/1226/43 4456/1227/44 4455/1228/44 4453/107/43
f 4456/1227/44 4458/1229/45 4457/1230/45 4455/1228/44
f 4458/1229/45 4460/1231/46 4459/1232/46 4457/1230/45
f 4460/1231/46 4462/1233/47 4461/402/47 4459/1232/46
f 4462/1233/47 4464/1234/48 4463/1235/48 4461/402/47
f 4464/1234/48 4466/1236/49 4465/1237/49 4463/1235/48
f 4466/1236/49 4468/1238/50 4467/1239/50 4465/1237/49
f 4468/1238/50 4470/1240/51 4469/1241/51 4467/1239/50
f 4470/1240/51 4472/1242/52 4471/1243/52 4469/1241/51
f 4472/1242/52 4474/1244/53 4473/1245/53 4471/1243/52
f 4474/1244/53 4476/1246/54 4475/391/54 4473/1245/53
f 4476/1246/54 4478/1247/55 4477/1248/55 4475/391/54
f 4478/1247/55 4480/1249/56 4479/1250/56 4477/1248/55
f 4480/1249/56 4482/1251/57 4481/1252/57 4479/1250/56
f 4482/1251/57 4484/1253/58 4483/1254/58 4481/1252/57
f 4484/1253/58 4486/1255/59 4485/1256/59 4483/1254/58
f 4486/1255/59 4488/1257/60 4487/1258/60 4485/1256/59
f 4488/1257/60 4490/1259/61 4489/352/61 4487/1258/60
f 4490/1259/61 4492/1260/62 4491/1261/62 4489/352/61
f 4492/1260/62 4494/1262/63 4493/1263/63 4491/1261/62
f 4494/1262/63 4496/1264/64 4495/1265/64 4493/1263/63
f 4496/1264/64 4498/1266/65 4497/1267/65 4495/1265/64
f 4498/1266/65 4500/1268/66 4499/1269/66 4497/1267/65
f 4500/1268/66 4502/1270/67 4501/132/67 4499/1269/66
f 4502/1270/67 4504/1271/68 4503/317/68 4501/132/67
f 4504/1271/68 4506/1272/69 4505/1273/69 4503/317/68
f 4506/1272/69 4508/1274/70 4507/1275/70 4505/1273/69
f 4508/1274/70 4510/1276/71 4509/1277/71 4507/1275/70
f 4510/1276/71 4512/1278/72 4511/1279/72 4509/1277/71
f 4512/1278/72 4514/1280/73 4513/1281/73 4511/1279/72
f 4514/1280/73 4516/1282/74 4515/1283/74 4513/1281/73
f 4516/1282/74 4518/1284/75 4517/286/75 4515/1283/74
f 4518/1284/75 4520/1285/76 4519/1286/76 4517/286/75
f 4520/1285/76 4522/1287/77 4521/1288/77 4519/1286/76
f 4522/1287/77 4524/1289/78 4523/1290/78 4521/1288/77
f 4524/1289/78 4526/1291/79 4525/1292/79 4523/1290/78
f 4526/1291/79 4528/1293/80 4527/1294/80 4525/1292/79
f 4528/1293/80 4530/1295/81 4529/1296/81 4527/1294/80
f 4530/1295/81 4532/1297/82 4531/236/82 4529/1296/81
f 4532/1297/82 4534/1298/83 4533/1299/83 4531/236/82
f 4534/1298/83 4536/1300/84 4535/1301/84 4533/1299/83
f 4536/1300/84 4538/1302/85 4537/1303/85 4535/1301/84
f 4538/1302/85 4540/1304/86 4539/1305/86 4537/1303/85
f 4540/1304/86 4542/1306/87 4541/1307/87 4539/1305/86
f 4542/1306/87 4544/1308/88 4543/1309/88 4541/1307/87
f 4544/1308/88 4546/1310/89 4545/210/89 4543/1309/88
f 4546/1310/89 4548/1311/90 4547/1312/90 4545/210/89
f 4548/1311/90 4550/1313/91 4549/80/91 4547/1312/90
f 4550/1313/91 4552/1314/92 4551/1315/92 4549/80/91
f 4552/1314/92 4554/1316/93 4553/1317/93 4551/1315/92
f 4554/1316/93 4556/1318/94 4555/1319/94 4553/1317/93
f 4556/1318/94 4558/1320/95 4557/1321/95 4555/1319/94
f 4558/1320/95 4560/1322/96 4559/197/96 4557/1321/95
f 4560/1322/96 4562/1323/97 4561/1324/97 4559/197/96
f 4562/1323/97 4564/1325/98 4563/1326/98 4561/1324/97
f 4564/1325/98 4566/1327/99 4565/1328/99 4563/1326/98
f 4566/1327/99 4568/1329/100 4567/1330/100 4565/1328/99
f 4568/1329/100 4570/1331/101 4569/1332/101 4567/1330/100
f 4570/1331/101 4572/1333/102 4571/1334/102 4569/1332/101
f 4572/1333/102 4574/1335/103 4573/186/103 4571/1334/102
f 4574/1335/103 4576/1336/104 4575/1337/104 4573/186/103
f 4576/1336/104 4578/1338/105 4577/1339/105 4575/1337/104
f 4578/1338/105 4580/1340/106 4579/1341/106 4577/1339/105
f 4580/1340/106 4582/1342/107 4581/1343/107 4579/1341/106
f 4582/1342/107 4584/1344/108 4583/1345/108 4581/1343/107
f 4584/1344/108 4586/1346/109 4585/1347/109 4583/1345/108
f 4586/1346/109 4588/1348/110 4587/192/110 4585/1347/109
f 4588/1348/110 4590/1349/111 4589/1350/111 4587/192/110
f 4590/1349/111 4592/1351/112 4591/1352/112 4589/1350/111
f 4592/1351/112 4594/1353/113 4593/1354/113 4591/1352/112
f 4594/1353/113 4596/1355/114 4595/1356/114 4593/1354/113
f 4596/1355/114 4598/1357/115 4597/140/115 4595/1356/114
f 4598/1357/115 4600/1358/116 4599/1359/116 4597/140/115
f 4600/1358/116 4602/1360/117 4601/199/117 4599/1359/116
f 4602/1360/117 4604/1361/118 4603/1362/118 4601/199/117
f 4604/1361/118 4606/1363/119 4605/1364/119 4603/1362/118
f 4606/1363/119 4608/1365/120 4607/1366/120 4605/1364/119
f 4608/1365/120 4610/1367/121 4609/1368/121 4607/1366/120
f 4610/1367/121 4612/1369/122 4611/1370/122 4609/1368/121
f 4612/1369/122 4614/1371/123 4613/1372/123 4611/1370/122
f 4614/1371/123 4616/1373/124 4615/207/124 4613/1372/123
f 4616/1373/124 4618/1374/125 4617/1375/125 4615/207/124
f 4618/1374/125 4620/1376/126 4619/1377/126 4617/1375/125
f 4620/1376/126 4622/1378/127 4621/1379/127 4619/1377/126
f 4622/1378/127 4624/1380/128 4623/1381/128 4621/1379/127
f 4624/1380/128 4626/1382/129 4625/1383/129 4623/1381/128
f 4626/1382/129 4628/1384/130 4627/1385/130 4625/1383/129
f 4628/1384/130 4630/1386/131 4629/216/131 4627/1385/130
f 4630/1386/131 4632/1387/132 4631/1388/132 4629/216/131
f 4632/1387/132 4634/1389/133 4633/1390/133 4631/1388/132
f 4634/1389/133 4636/1391/134 4635/1392/134 4633/1390/133
f 4636/1391/134 4638/1393/135 4637/1394/135 4635/1392/134
f 4638/1393/135 4640/1395/136 4639/1396/136 4637/1394/135
f 4640/1395/136 4642/1397/137 4641/1398/137 4639/1396/136
f 4642/1397/137 4644/1399/138 4643/248/138 4641/1398/137
f 4644/1399/138 4646/1400/139 4645/166/139 4643/248/138
f 4646/1400/139 4648/1401/140 4647/1402/140 4645/166/139
f 4648/1401/140 4650/1403/141 4649/1404/141 4647/1402/140
f 4650/1403/141 4652/1405/142 4651/1406/142 4649/1404/141
f 4652/1405/142 4654/1407/143 4653/1408/143 4651/1406/142
f 4654/1407/143 4656/1409/144 4655/1410/144 4653/1408/143
f 4656/1409/144 4658/1411/145 4657/273/145 4655/1410/144
f 4658/1411/145 4660/1412/146 4659/1413/146 4657/273/145
f 4660/1412/146 4662/1414/147 4661/1415/147 4659/1413/146
f 4662/1414/147 4664/1416/148 4663/1417/148 4661/1415/147
f 4664/1416/148 4666/1418/149 4665/1419/149 4663/1417/148
f 4666/1418/149 4668/1420/150 4667/1421/150 4665/1419/149
f 4668/1420/150 4670/1422/151 4669/1423/151 4667/1421/150
f 4670/1422/151 4672/1424/152 4671/294/152 4669/1423/151
f 4672/1424/152 4674/1425/153 4673/1426/153 4671/294/152
f 4674/1425/153 4676/1427/154 4675/1428/154 4673/1426/153
f 4676/1427/154 4678/1429/155 4677/1430/155 4675/1428/154
f 4678/1429/155 4680/1431/156 4679/1432/156 4677/1430/155
f 4680/1431/156 4682/1433/157 4681/1434/157 4679/1432/156
f 4682/1433/157 4684/1435/158 4683/1436/158 4681/1434/157
f 4684/1435/158 4686/1437/159 4685/305/159 4683/1436/158
f 4686/1437/159 4688/1438/160 4687/1439/160 4685/305/159
f 4688/1438/160 4690/1440/161 4689/1441/161 4687/1439/160
f 4690/1440/161 4692/1442/162 4691/1443/162 4689/1441/161
f 4692/1442/162 4694/1444/163 4693/175/163 4691/1443/162
f 4694/1444/163 4696/1445/164 4695/1446/164 4693/175/163
f 4696/1445/164 4698/1447/165 4697/1448/165 4695/1446/164
f 4698/1447/165 4700/1449/166 4699/311/166 4697/1448/165
f 4700/1449/166 4702/1450/167 4701/1451/167 4699/311/166
f 4702/1450/167 4704/1452/168 4703/1453/168 4701/1451/167
f 4704/1452/168 4706/1454/169 4705/1455/169 4703/1453/168
f 4706/1454/169 4708/1456/170 4707/1457/170 4705/1455/169
f 4708/1456/170 4710/1458/171 4709/1459/171 4707/1457/170
f 4710/1458/171 4712/1460/172 4711/1461/172 4709/1459/171
f 4712/1460/172 4714/1462/173 4713/321/173 4711/1461/172
f 4714/1462/173 4716/1463/174 4715/1464/174 4713/321/173
f 4716/1463/174 4718/1465/175 4717/1466/175 4715/1464/174
f 4718/1465/175 4720/1467/176 4719/1468/176 4717/1466/175
f 4720/1467/176 4722/1469/177 4721/1470/177 4719/1468/176
f 4722/1469/177 4724/1471/178 4723/1472/178 4721/1470/177
f 4724/1471/178 4726/1473/179 4725/1474/179 4723/1472/178
f 4726/1473/179 4728/1475/180 4727/347/180 4725/1474/179
f 4728/1475/180 4730/1476/181 4729/1477/181 4727/347/180
f 4730/1476/181 4732/1478/182 4731/1479/182 4729/1477/181
f 4732/1478/182 4734/1480/183 4733/1481/183 4731/1479/182
f 4734/1480/183 4736/1482/184 4735/1483/184 4733/1481/183
f 4736/1482/184 4738/1484/185 4737/1485/185 4735/1483/184
f 4738/1484/185 4740/1486/186 4739/1487/186 4737/1485/185
f 4740/1486/186 4742/1488/187 4741/149/187 4739/1487/186
f 4742/1488/187 4744/1489/188 4743/1490/188 4741/149/187
f 4744/1489/188 4746/1491/189 4745/1492/189 4743/1490/188
f 4746/1491/189 4748/1493/190 4747/1494/190 4745/1492/189
f 4748/1493/190 4750/1495/191 4749/1496/191 4747/1494/190
f 4750/1495/191 4752/1497/192 4751/1498/192 4749/1496/191
f 4752/1497/192 4754/1499/193 4753/1500/193 4751/1498/192
f 4754/1499/193 4756/1501/194 4755/369/194 4753/1500/193
f 4756/1501/194 4758/1502/195 4757/1503/195 4755/369/194
f 4758/1502/195 4760/1504/196 4759/1505/196 4757/1503/195
f 4760/1504/196 4762/1506/197 4761/1507/197 4759/1505/196
f 4762/1506/197 4764/1508/198 4763/1509/198 4761/1507/197
f 4764/1508/198 4766/1510/199 4765/1511/199 4763/1509/198
f 4766/1510/199 4768/1512/200 4767/1513/200 4765/1511/199
f 4768/1512/200 4770/1514/201 4769/379/201 4767/1513/200
f 4770/1514/201 4772/1515/202 4771/1516/202 4769/379/201
f 4772/1515/202 4774/1517/203 4773/1518/203 4771/1516/202
f 4774/1517/203 4776/1519/204 4775/1520/204 4773/1518/203
f 4776/1519/204 4778/1521/205 4777/1522/205 4775/1520/204
f 4778/1521/205 4780/1523/206 4779/1524/206 4777/1522/205
f 4780/1523/206 4782/1525/207 4781/1526/207 4779/1524/206
f 4782/1525/207 4784/1527/208 4783/377/208 4781/1526/207
f 4784/1527/208 4786/1528/209 4785/1529/209 4783/377/208
f 4786/1528/209 4788/1530/210 4787/1531/210 4785/1529/209
f 4788/1530/210 4790/1532/211 4789/90/211 4787/1531/210
f 4790/1532/211 4792/1533/212 4791/1534/212 4789/90/211
f 4792/1533/212 4794/1535/213 4793/1536/213 4791/1534/212
f 4794/1535/213 4796/1537/214 4795/1538/214 4793/1536/213
f 4796/1537/214 4798/1539/215 4797/363/215 4795/1538/214
f 4798/1539/215 4800/1540/216 4799/1541/216 4797/363/215
f 4800/1540/216 4802/1542/217 4801/1543/217 4799/1541/216
f 4802/1542/217 4804/1544/218 4803/1545/218 4801/1543/217
f 4804/1544/218 4806/1546/219 4805/1547/219 4803/1545/218
f 4806/1546/219 4808/1548/220 4807/1549/220 4805/1547/219
f 4808/1548/220 4810/1550/221 4809/1551/221 4807/1549/220
f 4810/1550/221 4812/1552/222 4811/348/222 4809/1551/221
f 4812/1552/222 4814/1553/223 4813/1554/223 4811/348/222
f 4814/1553/223 4816/1555/224 4815/1556/224 4813/1554/223
f 4816/1555/224 4818/1557/225 4817/1558/225 4815/1556/224
f 4818/1557/225 4820/1559/226 4819/1560/226 4817/1558/225
f 4820/1559/226 4822/1561/227 4821/1562/227 4819/1560/226
f 4822/1561/227 4824/1563/228 4823/1564/228 4821/1562/227
f 4824/1563/228 4826/1565/229 4825/335/229 4823/1564/228
f 4826/1565/229 4828/1566/230 4827/1567/230 4825/335/229
f 4828/1566/230 4830/1568/231 4829/1569/231 4827/1567/230
f 4830/1568/231 4832/1570/232 4831/1571/232 4829/1569/231
f 4832/1570/232 4834/1572/233 4833/1573/233 4831/1571/232
f 4834/1572/233 4836/1574/234 4835/1575/234 4833/1573/233
f 4836/1574/234 4838/1576/235 4837/65/235 4835/1575/234
f 4838/1576/235 4840/1577/236 4839/325/236 4837/65/235
f 4840/1577/236 4842/1578/237 4841/1579/237 4839/325/236
f 4842/1578/237 4844/1580/238 4843/1581/238 4841/1579/237
f 4844/1580/238 4846/1582/239 4845/1583/239 4843/1581/238
f 4846/1582/239 4848/1584/240 4847/1585/240 4845/1583/239
f 4848/1584/240 4850/1586/110 4849/1587/110 4847/1585/240
f 4850/1586/110 4852/1588/241 4851/1589/241 4849/1587/110
f 4852/1588/241 4854/1590/242 4853/328/242 4851/1589/241
f 4854/1590/242 4856/1591/243 4855/1592/243 4853/328/242
f 4856/1591/243 4858/1593/244 4857/1594/244 4855/1592/243
f 4858/1593/244 4860/1595/245 4859/1596/245 4857/1594/244
f 4860/1595/245 4862/1597/246 4861/1598/246 4859/1596/245
f 4862/1597/246 4864/1599/247 4863/1600/247 4861/1598/246
f 4864/1599/247 4866/1601/248 4865/1602/248 4863/1600/247
f 4866/1601/248 4868/1603/249 4867/346/249 4865/1602/248
f 4868/1603/249 4870/1604/250 4869/1605/250 4867/346/249
f 4870/1604/250 4872/1606/251 4871/1607/251 4869/1605/250
f 4872/1606/251 4874/1608/252 4873/1609/252 4871/1607/251
f 4874/1608/252 4876/1610/253 4875/1611/253 4873/1609/252
f 4876/1610/253 4878/1612/254 4877/1613/254 4875/1611/253
f 4878/1612/254 4880/1614/255 4879/1615/255 4877/1613/254
f 4880/1614/255 4882/1616/256 4881/378/256 4879/1615/255
f 4882/1616/256 4884/1617/257 4883/1618/257 4881/378/256
f 4884/1617/257 4886/1619/258 4885/46/258 4883/1618/257
f 4886/1619/258 4888/1620/259 4887/1621/259 4885/46/258
f 4888/1620/259 4890/1622/260 4889/1623/260 4887/1621/259
f 4890/1622/260 4892/1624/261 4891/1625/261 4889/1623/260
f 4892/1624/261 4894/1626/262 4893/1627/262 4891/1625/261
f 4894/1626/262 4896/1628/263 4895/392/263 4893/1627/262
f 4896/1628/263 4898/1629/264 4897/1630/264 4895/392/263
f 4898/1629/264 4900/1631/265 4899/1632/265 4897/1630/264
f 4900/1631/265 4902/1633/266 4901/1634/266 4899/1632/265
f 4902/1633/266 4904/1635/267 4903/1636/267 4901/1634/266
f 4904/1635/267 4906/1637/268 4905/1638/268 4903/1636/267
f 4906/1637/268 4908/1639/269 4907/1640/269 4905/1638/268
f 4908/1639/269 4910/1641/270 4909/400/270 4907/1640/269
f 4910/1641/270 4912/1642/271 4911/1643/271 4909/400/270
f 4912/1642/271 4914/1644/272 4913/1645/272 4911/1643/271
f 4914/1644/272 4916/1646/273 4915/1647/273 4913/1645/272
f 4916/1646/273 4918/1648/274 4917/1649/274 4915/1647/273
f 4918/1648/274 4920/1650/275 4919/1651/275 4917/1649/274
f 4920/1650/275 4922/1652/276 4921/1653/276 4919/1651/275
f 4922/1652/276 4924/1654/277 4923/237/277 4921/1653/276
f 4924/1654/277 4926/1655/278 4925/1656/278 4923/237/277
f 4926/1655/278 4928/1657/279 4927/1658/279 4925/1656/278
f 4928/1657/279 4930/1659/280 4929/1660/280 4927/1658/279
f 4930/1659/280 4932/1661/281 4931/1662/281 4929/1660/280
f 4932/1661/281 4934/1663/282 4933/17/282 4931/1662/281
f 4934/1663/282 4936/1664/283 4935/1665/283 4933/17/282
f 4936/1664/283 4938/1666/284 4937/227/284 4935/1665/283
f 4938/1666/284 4940/1667/285 4939/1668/285 4937/227/284
f 4940/1667/285 4942/1669/286 4941/1670/286 4939/1668/285
f 4942/1669/286 4944/1671/287 4943/1672/287 4941/1670/286
f 4944/1671/287 4946/1673/288 4945/1674/288 4943/1672/287
f 4946/1673/288 4948/1675/289 4947/1676/289 4945/1674/288
f 4948/1675/289 4950/1677/290 4949/1678/290 4947/1676/289
f 4950/1677/290 4952/1679/291 4951/226/291 4949/1678/290
f 4952/1679/291 4954/1680/292 4953/1681/292 4951/226/291
f 4954/1680/292 4956/1682/293 4955/1683/293 4953/1681/292
f 4956/1682/293 4958/1684/294 4957/1685/294 4955/1683/293
f 4958/1684/294 4960/1686/295 4959/1687/295 4957/1685/294
f 4960/1686/295 4962/1688/296 4961/1689/296 4959/1687/295
f 4962/1688/296 4964/1690/297 4963/1691/297 4961/1689/296
f 4964/1690/297 4966/1692/298 4965/238/298 4963/1691/297
f 4966/1692/298 4968/1693/299 4967/1694/299 4965/238/298
f 4968/1693/299 4970/1695/300 4969/1696/300 4967/1694/299
f 4970/1695/300 4972/1697/301 4971/1698/301 4969/1696/300
f 4972/1697/301 4974/1699/302 4973/1700/302 4971/1698/301
f 4974/1699/302 4976/1701/303 4975/1702/303 4973/1700/302
f 4976/1701/303 4978/1703/304 4977/1704/304 4975/1702/303
f 4978/1703/304 4980/1705/305 4979/251/305 4977/1704/304
f 4980/1705/305 4982/1706/306 4981/42/306 4979/251/305
f 4982/1706/306 4984/1707/307 4983/1708/307 4981/42/306
f 4984/1707/307 4986/1709/308 4985/1710/308 4983/1708/307
f 4986/1709/308 4988/1711/309 4987/1712/309 4985/1710/308
f 4988/1711/309 4990/1713/310 4989/1714/310 4987/1712/309
f 4990/1713/310 4992/1715/311 4991/1716/311 4989/1714/310
f 4992/1715/311 4994/1717/312 4993/266/312 4991/1716/311
f 4994/1717/312 4996/1718/313 4995/1719/313 4993/266/312
f 4996/1718/313 4998/1720/314 4997/1721/314 4995/1719/313
f 4998/1720/314 5000/1722/315 4999/1723/315 4997/1721/314
f 5000/1722/315 5002/1724/316 5001/1725/316 4999/1723/315
f 5002/1724/316 5004/1726/317 5003/1727/317 5001/1725/316
f 5004/1726/317 5006/1728/318 5005/1729/318 5003/1727/317
f 5006/1728/318 5008/1730/319 5007/288/319 5005/1729/318
f 5008/1730/319 5010/1731/320 5009/1732/320 5007/288/319
f 5010/1731/320 5012/1733/321 5011/1734/321 5009/1732/320
f 5012/1733/321 5014/1735/322 5013/1736/322 5011/1734/321
f 5014/1735/322 5016/1737/323 5015/1738/323 5013/1736/322
f 5016/1737/323 5018/1739/324 5017/1740/324 5015/1738/323
f 5018/1739/324 5020/1741/325 5019/1742/325 5017/1740/324
f 5020/1741/325 5022/1743/326 5021/295/326 5019/1742/325
f 5022/1743/326 5024/1744/327 5023/1745/327 5021/295/326
f 5024/1744/327 5026/1746/328 5025/1747/328 5023/1745/327
f 5026/1746/328 5028/1748/329 5027/1749/329 5025/1747/328
f 5028/1748/329 5030/1750/330 5029/4/330 5027/1749/329
f 5030/1750/330 5032/1751/331 5031/1752/331 5029/4/330
f 5032/1751/331 5034/1753/332 5033/1754/332 5031/1752/331
f 5034/1753/332 5036/1755/333 5035/284/333 5033/1754/332
f 5036/1755/333 5038/1756/334 5037/1757/334 5035/284/333
f 5038/1756/334 5040/1758/335 5039/1759/335 5037/1757/334
f 5040/1758/335 5042/1760/336 5041/1761/336 5039/1759/335
f 5042/1760/336 5044/1762/337 5043/1763/337 5041/1761/336
f 5044/1762/337 5046/1764/338 5045/1765/338 5043/1763/337
f 5046/1764/338 5048/1766/339 5047/1767/339 5045/1765/338
f 5048/1766/339 5050/1768/340 5049/272/340 5047/1767/339
f 5050/1768/340 5052/1769/341 5051/1770/341 5049/272/340
f 5052/1769/341 5054/1771/224 5053/1772/224 5051/1770/341
f 5054/1771/224 5056/1773/342 5055/1774/342 5053/1772/224
f 5056/1773/342 5058/1775/343 5057/1776/343 5055/1774/342
f 5058/1775/343 5060/1777/344 5059/1778/344 5057/1776/343
f 5060/1777/344 5062/1779/345 5061/1780/345 5059/1778/344
f 5062/1779/345 5064/1781/346 5063/260/346 5061/1780/345
f 5064/1781/346 5066/1782/347 5065/1783/347 5063/260/346
f 5066/1782/347 5068/1784/348 5067/1785/348 5065/1783/347
f 5068/1784/348 5070/1786/349 5069/1787/349 5067/1785/348
f 5070/1786/349 5072/1788/350 5071/1789/350 5069/1787/349
f 5072/1788/350 5074/1790/351 5073/1791/351 5071/1789/350
f 5074/1790/351 5076/1792/352 5075/1793/352 5073/1791/351
f 5076/1792/352 4406/1794/19 4405/66/19 5075/1793/352
f 5078/1182/353 5080/1795/354 5079/1796/354 5077/73/353
f 5080/1795/354 5082/1797/355 5081/1798/355 5079/1796/354
f 5082/1797/355 5084/1799/356 5083/1800/356 5081/1798/355
f 5084/1799/356 5086/1801/357 5085/1802/357 5083/1800/356
f 5086/1801/357 5088/1803/358 5087/1804/358 5085/1802/357
f 5088/1803/358 5090/1805/359 5089/1806/359 5087/1804/358
f 5090/1805/359 5092/1807/360 5091/1808/360 5089/1806/359
f 5092/1807/360 5094/1809/361 5093/1810/361 5091/1808/360
f 5094/1809/361 5096/1811/362 5095/1812/362 5093/1810/361
f 5096/1811/362 5098/1813/363 5097/1814/363 5095/1812/362
f 5098/1813/363 5100/1815/364 5099/1816/364 5097/1814/363
f 5100/1815/364 5102/1817/365 5101/1818/365 5099/1816/364
f 5102/1817/365 5104/1819/366 5103/1820/366 5101/1818/365
f 5104/1819/366 5106/1821/367 5105/1822/367 5103/1820/366
f 5106/1821/367 5108/1823/368 5107/1824/368 5105/1822/367
f 5108/1823/368 5110/1825/369 5109/1826/369 5107/1824/368
f 5110/1825/369 5112/1233/370 5111/402/370 5109/1826/369
f 5112/1233/370 5114/1827/371 5113/1828/371 5111/402/370
f 5114/1827/371 5116/1829/372 5115/1830/372 5113/1828/371
f 5116/1829/372 5118/1831/373 5117/1832/373 5115/1830/372
f 5118/1831/373 5120/1833/374 5119/1834/374 5117/1832/373
f 5120/1833/374 5122/1835/375 5121/1836/375 5119/1834/374
f 5122/1835/375 5124/1837/376 5123/1838/376 5121/1836/375
f 5124/1837/376 5126/1839/377 5125/1840/377 5123/1838/376
f 5126/1839/377 5128/1841/378 5127/1842/378 5125/1840/377
f 5128/1841/378 5130/1843/379 5129/1844/379 5127/1842/378
f 5130/1843/379 5132/1845/380 5131/1846/380 5129/1844/379
f 5132/1845/380 5134/1847/381 5133/1848/381 5131/1846/380
f 5134/1847/381 5136/1849/382 5135/1850/382 5133/1848/381
f 5136/1849/382 5138/1851/383 5137/1852/383 5135/1850/382
f 5138/1851/383 5140/1853/384 5139/1854/384 5137/1852/383
f 5140/1853/384 5142/1855/385 5141/1856/385 5139/1854/384
f 5142/1855/385 5144/1857/386 5143/1858/386 5141/1856/385
f 5144/1857/386 5146/1284/387 5145/286/387 5143/1858/386
f 5146/1284/387 5148/1859/388 5147/1860/388 5145/286/387
f 5148/1859/388 5150/1861/389 5149/1862/389 5147/1860/388
f 5150/1861/389 5152/1863/390 5151/1864/390 5149/1862/389
f 5152/1863/390 5154/1865/391 5153/1866/391 5151/1864/390
f 5154/1865/391 5156/1867/392 5155/1868/392 5153/1866/391
f 5156/1867/392 5158/1869/393 5157/1870/393 5155/1868/392
f 5158/1869/393 5160/1871/394 5159/1872/394 5157/1870/393
f 5160/1871/394 5162/1873/395 5161/1874/395 5159/1872/394
f 5162/1873/395 5164/1875/396 5163/1876/396 5161/1874/395
f 5164/1875/396 5166/1877/397 5165/1878/397 5163/1876/396
f 5166/1877/397 5168/1879/398 5167/1880/398 5165/1878/397
f 5168/1879/398 5170/1881/399 5169/1882/399 5167/1880/398
f 5170/1881/399 5172/1883/400 5171/1884/400 5169/1882/399
f 5172/1883/400 5174/1885/401 5173/1886/401 5171/1884/400
f 5174/1885/401 5176/1887/402 5175/1888/402 5173/1886/401
f 5176/1887/402 5178/1889/403 5177/1890/403 5175/1888/402
f 5178/1889/403 5180/1335/404 5179/186/404 5177/1890/403
f 5180/1335/404 5182/1891/405 5181/1892/405 5179/186/404
f 5182/1891/405 5184/1893/406 5183/1894/406 5181/1892/405
f 5184/1893/406 5186/1895/407 5185/1896/407 5183/1894/406
f 5186/1895/407 5188/1897/408 5187/1898/408 5185/1896/407
f 5188/1897/408 5190/1899/409 5189/1900/409 5187/1898/408
f 5190/1899/409 5192/1901/410 5191/1902/410 5189/1900/409
f 5192/1901/410 5194/1903/411 5193/1904/411 5191/1902/410
f 5194/1903/411 5196/1905/412 5195/1906/412 5193/1904/411
f 5196/1905/412 5198/1907/413 5197/1908/413 5195/1906/412
f 5198/1907/413 5200/1909/414 5199/1910/414 5197/1908/413
f 5200/1909/414 5202/1911/415 5201/1912/415 5199/1910/414
f 5202/1911/415 5204/1913/416 5203/1914/416 5201/1912/415
f 5204/1913/416 5206/1915/417 5205/1916/417 5203/1914/416
f 5206/1915/417 5208/1917/418 5207/1918/418 5205/1916/417
f 5208/1917/418 5210/1919/419 5209/1920/419 5207/1918/418
f 5210/1919/419 5212/1921/420 5211/1922/420 5209/1920/419
f 5212/1921/420 5214/1386/303 5213/216/303 5211/1922/420
f 5214/1386/303 5216/1923/421 5215/1924/421 5213/216/303
f 5216/1923/421 5218/1925/422 5217/1926/422 5215/1924/421
f 5218/1925/422 5220/1927/423 5219/1928/423 5217/1926/422
f 5220/1927/423 5222/1929/424 5221/1930/424 5219/1928/423
f 5222/1929/424 5224/1931/425 5223/1932/425 5221/1930/424
f 5224/1931/425 5226/1933/426 5225/1934/426 5223/1932/425
f 5226/1933/426 5228/1935/427 5227/1936/427 5225/1934/426
f 5228/1935/427 5230/1937/428 5229/1938/428 5227/1936/427
f 5230/1937/428 5232/1939/429 5231/1940/429 5229/1938/428
f 5232/1939/429 5234/1941/430 5233/1942/430 5231/1940/429
f 5234/1941/430 5236/1943/431 5235/1944/431 5233/1942/430
f 5236/1943/431 5238/1945/432 5237/1946/432 5235/1944/431
f 5238/1945/432 5240/1947/433 5239/1948/433 5237/1946/432
f 5240/1947/433 5242/1949/434 5241/1950/434 5239/1948/433
f 5242/1949/434 5244/1951/435 5243/1952/435 5241/1950/434
f 5244/1951/435 5246/1953/436 5245/1954/436 5243/1952/435
f 5246/1953/436 5248/1437/437 5247/305/437 5245/1954/436
f 5248/1437/437 5250/1955/438 5249/1956/438 5247/305/437
f 5250/1955/438 5252/1957/439 5251/1958/439 5249/1956/438
f 5252/1957/439 5254/1959/440 5253/1960/440 5251/1958/439
f 5254/1959/440 5256/1961/441 5255/1962/441 5253/1960/440
f 5256/1961/441 5258/1963/442 5257/1964/442 5255/1962/441
f 5258/1963/442 5260/1965/443 5259/1966/443 5257/1964/442
f 5260/1965/443 5262/1967/444 5261/1968/444 5259/1966/443
f 5262/1967/444 5264/1969/445 5263/1970/445 5261/1968/444
f 5264/1969/445 5266/1971/446 5265/1972/446 5263/1970/445
f 5266/1971/446 5268/1973/447 5267/1974/447 5265/1972/446
f 5268/1973/447 5270/1975/235 5269/1976/235 5267/1974/447
f 5270/1975/235 5272/1977/448 5271/1978/448 5269/1976/235
f 5272/1977/448 5274/1979/449 5273/1980/449 5271/1978/448
f 5274/1979/449 5276/1981/450 5275/1982/450 5273/1980/449
f 5276/1981/450 5278/1983/451 5277/1984/451 5275/1982/450
f 5278/1983/451 5280/1985/452 5279/1986/452 5277/1984/451
f 5280/1985/452 5282/1488/453 5281/149/453 5279/1986/452
f 5282/1488/453 5284/1987/454 5283/1988/454 5281/149/453
f 5284/1987/454 5286/1989/455 5285/1990/455 5283/1988/454
f 5286/1989/455 5288/1991/456 5287/1992/456 5285/1990/455
f 5288/1991/456 5290/1993/457 5289/1994/457 5287/1992/456
f 5290/1993/457 5292/1995/458 5291/1996/458 5289/1994/457
f 5292/1995/458 5294/1997/459 5293/1998/459 5291/1996/458
f 5294/1997/459 5296/1999/460 5295/2000/460 5293/1998/459
f 5296/1999/460 5298/2001/461 5297/2002/461 5295/2000/460
f 5298/2001/461 5300/2003/462 5299/2004/462 5297/2002/461
f 5300/2003/462 5302/2005/463 5301/2006/463 5299/2004/462
f 5302/2005/463 5304/2007/464 5303/2008/464 5301/2006/463
f 5304/2007/464 5306/2009/465 5305/2010/465 5303/2008/464
f 5306/2009/465 5308/2011/466 5307/2012/466 5305/2010/465
f 5308/2011/466 5310/2013/467 5309/2014/467 5307/2012/466
f 5310/2013/467 5312/2015/468 5311/2016/468 5309/2014/467
f 5312/2015/468 5314/2017/469 5313/2018/469 5311/2016/468
f 5314/2017/469 5316/1539/470 5315/363/470 5313/2018/469
f 5316/1539/470 5318/2019/471 5317/2020/471 5315/363/470
f 5318/2019/471 5320/2021/472 5319/2022/472 5317/2020/471
f 5320/2021/472 5322/2023/473 5321/2024/473 5319/2022/472
f 5322/2023/473 5324/2025/474 5323/2026/474 5321/2024/473
f 5324/2025/474 5326/2027/475 5325/2028/475 5323/2026/474
f 5326/2027/475 5328/2029/476 5327/2030/476 5325/2028/475
f 5328/2029/476 5330/2031/477 5329/2032/477 5327/2030/476
f 5330/2031/477 5332/2033/478 5331/2034/478 5329/2032/477
f 5332/2033/478 5334/2035/479 5333/2036/479 5331/2034/478
f 5334/2035/479 5336/2037/147 5335/2038/147 5333/2036/479
f 5336/2037/147 5338/2039/480 5337/2040/480 5335/2038/147
f 5338/2039/480 5340/2041/481 5339/2042/481 5337/2040/480
f 5340/2041/481 5342/2043/482 5341/2044/482 5339/2042/481
f 5342/2043/482 5344/2045/483 5343/2046/483 5341/2044/482
f 5344/2045/483 5346/2047/484 5345/2048/484 5343/2046/483
f 5346/2047/484 5348/2049/485 5347/2050/485 5345/2048/484
f 5348/2049/485 5350/1590/486 5349/328/486 5347/2050/485
f 5350/1590/486 5352/2051/487 5351/2052/487 5349/328/486
f 5352/2051/487 5354/2053/488 5353/2054/488 5351/2052/487
f 5354/2053/488 5356/2055/489 5355/2056/489 5353/2054/488
f 5356/2055/489 5358/2057/490 5357/2058/490 5355/2056/489
f 5358/2057/490 5360/2059/491 5359/2060/491 5357/2058/490
f 5360/2059/491 5362/2061/492 5361/2062/492 5359/2060/491
f 5362/2061/492 5364/2063/493 5363/2064/493 5361/2062/492
f 5364/2063/493 5366/2065/494 5365/2066/494 5363/2064/493
f 5366/2065/494 5368/2067/495 5367/2068/495 5365/2066/494
f 5368/2067/495 5370/2069/20 5369/2070/20 5367/2068/495
f 5370/2069/20 5372/2071/496 5371/2072/496 5369/2070/20
f 5372/2071/496 5374/2073/497 5373/2074/497 5371/2072/496
f 5374/2073/497 5376/2075/498 5375/2076/498 5373/2074/497
f 5376/2075/498 5378/2077/499 5377/2078/499 5375/2076/498
f 5378/2077/499 5380/2079/500 5379/2080/500 5377/2078/499
f 5380/2079/500 5382/2081/501 5381/2082/501 5379/2080/500
f 5382/2081/501 5384/1641/502 5383/400/502 5381/2082/501
f 5384/1641/502 5386/2083/503 5385/2084/503 5383/400/502
f 5386/2083/503 5388/2085/504 5387/2086/504 5385/2084/503
f 5388/2085/504 5390/2087/505 5389/2088/505 5387/2086/504
f 5390/2087/505 5392/2089/506 5391/2090/506 5389/2088/505
f 5392/2089/506 5394/2091/507 5393/2092/507 5391/2090/506
f 5394/2091/507 5396/2093/508 5395/2094/508 5393/2092/507
f 5396/2093/508 5398/2095/509 5397/2096/509 5395/2094/508
f 5398/2095/509 5400/2097/510 5399/2098/510 5397/2096/509
f 5400/2097/510 5402/2099/511 5401/2100/511 5399/2098/510
f 5402/2099/511 5404/2101/512 5403/2102/512 5401/2100/511
f 5404/2101/512 5406/2103/513 5405/2104/513 5403/2102/512
f 5406/2103/513 5408/2105/514 5407/2106/514 5405/2104/513
f 5408/2105/514 5410/2107/515 5409/2108/515 5407/2106/514
f 5410/2107/515 5412/2109/516 5411/2110/516 5409/2108/515
f 5412/2109/516 5414/2111/517 5413/2112/517 5411/2110/516
f 5414/2111/517 5416/2113/518 5415/2114/518 5413/2112/517
f 5416/2113/518 5418/1692/519 5417/238/519 5415/2114/518
f 5418/1692/519 5420/2115/520 5419/2116/520 5417/238/519
f 5420/2115/520 5422/2117/521 5421/2118/521 5419/2116/520
f 5422/2117/521 5424/2119/522 5423/2120/522 5421/2118/521
f 5424/2119/522 5426/2121/523 5425/2122/523 5423/2120/522
f 5426/2121/523 5428/2123/524 5427/2124/524 5425/2122/523
f 5428/2123/524 5430/2125/525 5429/2126/525 5427/2124/524
f 5430/2125/525 5432/2127/526 5431/2128/526 5429/2126/525
f 5432/2127/526 5434/2129/527 5433/2130/527 5431/2128/526
f 5434/2129/527 5436/2131/528 5435/2132/528 5433/2130/527
f 5436/2131/528 5438/2133/529 5437/2134/529 5435/2132/528
f 5438/2133/529 5440/2135/530 5439/2136/530 5437/2134/529
f 5440/2135/530 5442/2137/531 5441/2138/531 5439/2136/530
f 5442/2137/531 5444/2139/532 5443/2140/532 5441/2138/531
f 5444/2139/532 5446/2141/533 5445/2142/533 5443/2140/532
f 5446/2141/533 5448/2143/534 5447/2144/534 5445/2142/533
f 5448/2143/534 5450/2145/535 5449/2146/535 5447/2144/534
f 5450/2145/535 5452/1743/536 5451/295/536 5449/2146/535
f 5452/1743/536 5454/2147/537 5453/2148/537 5451/295/536
f 5454/2147/537 5456/2149/538 5455/2150/538 5453/2148/537
f 5456/2149/538 5458/2151/539 5457/2152/539 5455/2150/538
f 5458/2151/539 5460/2153/540 5459/2154/540 5457/2152/539
f 5460/2153/540 5462/2155/541 5461/2156/541 5459/2154/540
f 5462/2155/541 5464/2157/542 5463/2158/542 5461/2156/541
f 5464/2157/542 5466/2159/543 5465/2160/543 5463/2158/542
f 5466/2159/543 5468/2161/544 5467/2162/544 5465/2160/543
f 5468/2161/544 5470/2163/545 5469/2164/545 5467/2162/544
f 5470/2163/545 5472/2165/546 5471/2166/546 5469/2164/545
f 5472/2165/546 5474/2167/547 5473/2168/547 5471/2166/546
f 5474/2167/547 5476/2169/548 5475/2170/548 5473/2168/547
f 5476/2169/548 5478/2171/549 5477/2172/549 5475/2170/548
f 5478/2171/549 5480/2173/550 5479/2174/550 5477/2172/549
f 5480/2173/550 5482/2175/551 5481/2176/551 5479/2174/550
f 5482/2175/551 5484/2177/552 5483/2178/552 5481/2176/551
f 5484/2177/552 5078/1794/353 5077/66/353 5483/2178/552
f 5486/1182/553 5488/2179/554 5487/2180/554 5485/73/553
f 5488/2179/554 5490/2181/555 5489/2182/555 5487/2180/554
f 5490/2181/555 5492/2183/556 5491/2184/556 5489/2182/555
f 5492/2183/556 5494/2185/557 5493/2186/557 5491/2184/556
f 5494/2185/557 5496/2187/558 5495/2188/558 5493/2186/557
f 5496/2187/558 5498/2189/559 5497/2190/559 5495/2188/558
f 5498/2189/559 5500/2191/560 5499/2192/560 5497/2190/559
f 5500/2191/560 5502/2193/561 5501/2194/561 5499/2192/560
f 5502/2193/561 5504/2195/562 5503/2196/562 5501/2194/561
f 5504/2195/562 5506/2197/563 5505/2198/563 5503/2196/562
f 5506/2197/563 5508/1233/564 5507/402/564 5505/2198/563
f 5508/1233/564 5510/2199/565 5509/2200/565 5507/402/564
f 5510/2199/565 5512/2201/566 5511/2202/566 5509/2200/565
f 5512/2201/566 5514/2203/567 5513/2204/567 5511/2202/566
f 5514/2203/567 5516/2205/568 5515/2206/568 5513/2204/567
f 5516/2205/568 5518/2207/569 5517/2208/569 5515/2206/568
f 5518/2207/569 5520/2209/570 5519/2210/570 5517/2208/569
f 5520/2209/570 5522/2211/571 5521/2212/571 5519/2210/570
f 5522/2211/571 5524/2213/572 5523/2214/572 5521/2212/571
f 5524/2213/572 5526/2215/573 5525/2216/573 5523/2214/572
f 5526/2215/573 5528/2217/574 5527/2218/574 5525/2216/573
f 5528/2217/574 5530/1284/575 5529/286/575 5527/2218/574
f 5530/1284/575 5532/2219/576 5531/2220/576 5529/286/575
f 5532/2219/576 5534/2221/577 5533/2222/577 5531/2220/576
f 5534/2221/577 5536/2223/578 5535/2224/578 5533/2222/577
f 5536/2223/578 5538/2225/579 5537/2226/579 5535/2224/578
f 5538/2225/579 5540/2227/580 5539/2228/580 5537/2226/579
f 5540/2227/580 5542/2229/581 5541/2230/581 5539/2228/580
f 5542/2229/581 5544/2231/582 5543/2232/582 5541/2230/581
f 5544/2231/582 5546/2233/583 5545/2234/583 5543/2232/582
f 5546/2233/583 5548/2235/584 5547/2236/584 5545/2234/583
f 5548/2235/584 5550/2237/585 5549/2238/585 5547/2236/584
f 5550/2237/585 5552/1335/586 5551/186/586 5549/2238/585
f 5552/1335/586 5554/2239/587 5553/2240/587 5551/186/586
f 5554/2239/587 5556/2241/588 5555/2242/588 5553/2240/587
f 5556/2241/588 5558/2243/589 5557/2244/589 5555/2242/588
f 5558/2243/589 5560/2245/590 5559/2246/590 5557/2244/589
f 5560/2245/590 5562/2247/591 5561/2248/591 5559/2246/590
f 5562/2247/591 5564/2249/592 5563/2250/592 5561/2248/591
f 5564/2249/592 5566/2251/408 5565/2252/408 5563/2250/592
f 5566/2251/408 5568/2253/593 5567/2254/593 5565/2252/408
f 5568/2253/593 5570/2255/594 5569/2256/594 5567/2254/593
f 5570/2255/594 5572/2257/595 5571/2258/595 5569/2256/594
f 5572/2257/595 5574/1386/596 5573/216/596 5571/2258/595
f 5574/1386/596 5576/2259/597 5575/2260/597 5573/216/596
f 5576/2259/597 5578/2261/598 5577/2262/598 5575/2260/597
f 5578/2261/598 5580/2263/599 5579/2264/599 5577/2262/598
f 5580/2263/599 5582/2265/600 5581/2266/600 5579/2264/599
f 5582/2265/600 5584/2267/601 5583/2268/601 5581/2266/600
f 5584/2267/601 5586/2269/602 5585/2270/602 5583/2268/601
f 5586/2269/602 5588/2271/603 5587/2272/603 5585/2270/602
f 5588/2271/603 5590/2273/604 5589/2274/604 5587/2272/603
f 5590/2273/604 5592/2275/605 5591/2276/605 5589/2274/604
f 5592/2275/605 5594/2277/606 5593/2278/606 5591/2276/605
f 5594/2277/606 5596/1437/607 5595/305/607 5593/2278/606
f 5596/1437/607 5598/2279/608 5597/2280/608 5595/305/607
f 5598/2279/608 5600/2281/609 5599/2282/609 5597/2280/608
f 5600/2281/609 5602/2283/610 5601/2284/610 5599/2282/609
f 5602/2283/610 5604/2285/611 5603/2286/611 5601/2284/610
f 5604/2285/611 5606/2287/612 5605/2288/612 5603/2286/611
f 5606/2287/612 5608/2289/613 5607/2290/613 5605/2288/612
f 5608/2289/613 5610/2291/614 5609/2292/614 5607/2290/613
f 5610/2291/614 5612/2293/615 5611/2294/615 5609/2292/614
f 5612/2293/615 5614/2295/616 5613/2296/616 5611/2294/615
f 5614/2295/616 5616/2297/617 5615/2298/617 5613/2296/616
f 5616/2297/617 5618/1488/618 5617/149/618 5615/2298/617
f 5618/1488/618 5620/2299/619 5619/2300/619 5617/149/618
f 5620/2299/619 5622/2301/620 5621/2302/620 5619/2300/619
f 5622/2301/620 5624/2303/621 5623/2304/621 5621/2302/620
f 5624/2303/621 5626/2305/622 5625/2306/622 5623/2304/621
f 5626/2305/622 5628/2307/623 5627/2308/623 5625/2306/622
f 5628/2307/623 5630/2309/624 5629/2310/624 5627/2308/623
f 5630/2309/624 5632/2311/625 5631/2312/625 5629/2310/624
f 5632/2311/625 5634/2313/626 5633/2314/626 5631/2312/625
f 5634/2313/626 5636/2315/627 5635/2316/627 5633/2314/626
f 5636/2315/627 5638/2317/628 5637/2318/628 5635/2316/627
f 5638/2317/628 5640/1539/629 5639/363/629 5637/2318/628
f 5640/1539/629 5642/2319/630 5641/2320/630 5639/363/629
f 5642/2319/630 5644/2321/631 5643/2322/631 5641/2320/630
f 5644/2321/631 5646/2323/632 5645/2324/632 5643/2322/631
f 5646/2323/632 5648/2325/633 5647/2326/633 5645/2324/632
f 5648/2325/633 5650/2327/634 5649/2328/634 5647/2326/633
f 5650/2327/634 5652/2329/635 5651/2330/635 5649/2328/634
f 5652/2329/635 5654/2331/636 5653/2332/636 5651/2330/635
f 5654/2331/636 5656/2333/637 5655/2334/637 5653/2332/636
f 5656/2333/637 5658/2335/638 5657/2336/638 5655/2334/637
f 5658/2335/638 5660/2337/639 5659/2338/639 5657/2336/638
f 5660/2337/639 5662/1590/640 5661/328/640 5659/2338/639
f 5662/1590/640 5664/2339/641 5663/2340/641 5661/328/640
f 5664/2339/641 5666/2341/642 5665/2342/642 5663/2340/641
f 5666/2341/642 5668/2343/643 5667/2344/643 5665/2342/642
f 5668/2343/643 5670/2345/644 5669/2346/644 5667/2344/643
f 5670/2345/644 5672/2347/645 5671/2348/645 5669/2346/644
f 5672/2347/645 5674/2349/646 5673/2350/646 5671/2348/645
f 5674/2349/646 5676/2351/647 5675/2352/647 5673/2350/646
f 5676/2351/647 5678/2353/648 5677/2354/648 5675/2352/647
f 5678/2353/648 5680/2355/649 5679/2356/649 5677/2354/648
f 5680/2355/649 5682/2357/650 5681/2358/650 5679/2356/649
f 5682/2357/650 5684/1641/651 5683/400/651 5681/2358/650
f 5684/1641/651 5686/2359/652 5685/2360/652 5683/400/651
f 5686/2359/652 5688/2361/653 5687/2362/653 5685/2360/652
f 5688/2361/653 5690/2363/654 5689/2364/654 5687/2362/653
f 5690/2363/654 5692/2365/655 5691/2366/655 5689/2364/654
f 5692/2365/655 5694/2367/656 5693/2368/656 5691/2366/655
f 5694/2367/656 5696/2369/657 5695/2370/657 5693/2368/656
f 5696/2369/657 5698/2371/658 5697/2372/658 5695/2370/657
f 5698/2371/658 5700/2373/659 5699/2374/659 5697/2372/658
f 5700/2373/659 5702/2375/660 5701/2376/660 5699/2374/659
f 5702/2375/660 5704/2377/661 5703/2378/661 5701/2376/660
f 5704/2377/661 5706/1692/662 5705/238/662 5703/2378/661
f 5706/1692/662 5708/2379/663 5707/2380/663 5705/238/662
f 5708/2379/663 5710/2381/664 5709/2382/664 5707/2380/663
f 5710/2381/664 5712/2383/665 5711/2384/665 5709/2382/664
f 5712/2383/665 5714/2385/666 5713/2386/666 5711/2384/665
f 5714/2385/666 5716/2387/667 5715/2388/667 5713/2386/666
f 5716/2387/667 5718/2389/668 5717/2390/668 5715/2388/667
f 5718/2389/668 5720/2391/669 5719/2392/669 5717/2390/668
f 5720/2391/669 5722/2393/670 5721/2394/670 5719/2392/669
f 5722/2393/670 5724/2395/671 5723/2396/671 5721/2394/670
f 5724/2395/671 5726/2397/672 5725/2398/672 5723/2396/671
f 5726/2397/672 5728/1743/442 5727/295/442 5725/2398/672
f 5728/1743/442 5730/2399/673 5729/2400/673 5727/295/442
f 5730/2399/673 5732/2401/674 5731/2402/674 5729/2400/673
f 5732/2401/674 5734/2403/675 5733/2404/675 5731/2402/674
f 5734/2403/675 5736/2405/676 5735/2406/676 5733/2404/675
f 5736/2405/676 5738/2407/677 5737/2408/677 5735/2406/676
f 5738/2407/677 5740/2409/678 5739/2410/678 5737/2408/677
f 5740/2409/678 5742/2411/679 5741/2412/679 5739/2410/678
f 5742/2411/679 5744/2413/680 5743/2414/680 5741/2412/679
f 5744/2413/680 5746/2415/681 5745/2416/681 5743/2414/680
f 5746/2415/681 5748/2417/682 5747/2418/682 5745/2416/681
f 5748/2417/682 5486/1794/553 5485/66/553 5747/2418/682
f 5750/1182/683 5752/2419/304 5751/2420/304 5749/73/683
f 5752/2419/304 5754/2421/684 5753/2422/684 5751/2420/304
f 5754/2421/684 5756/2423/685 5755/2424/685 5753/2422/684
f 5756/2423/685 5758/2425/686 5757/2426/686 5755/2424/685
f 5758/2425/686 5760/2427/687 5759/2428/687 5757/2426/686
f 5760/2427/687 5762/2429/688 5761/2430/688 5759/2428/687
f 5762/2429/688 5764/2431/689 5763/2432/689 5761/2430/688
f 5764/2431/689 5766/2433/690 5765/2434/690 5763/2432/689
f 5766/2433/690 5768/2435/691 5767/2436/691 5765/2434/690
f 5768/2435/691 5770/2437/692 5769/2438/692 5767/2436/691
f 5770/2437/692 5772/2439/693 5771/2440/693 5769/2438/692
f 5772/2439/693 5774/2441/694 5773/2442/694 5771/2440/693
f 5774/2441/694 5776/2443/695 5775/2444/695 5773/2442/694
f 5776/2443/695 5778/2445/696 5777/2446/696 5775/2444/695
f 5778/2445/696 5780/2447/697 5779/2448/697 5777/2446/696
f 5780/2447/697 5782/2449/698 5781/2450/698 5779/2448/697
f 5782/2449/698 5784/2451/699 5783/2452/699 5781/2450/698
f 5784/2451/699 5786/2453/700 5785/2454/700 5783/2452/699
f 5786/2453/700 5788/2455/701 5787/2456/701 5785/2454/700
f 5788/2455/701 5790/2457/702 5789/2458/702 5787/2456/701
f 5790/2457/702 5792/2459/703 5791/2460/703 5789/2458/702
f 5792/2459/703 5794/2461/704 5793/2462/704 5791/2460/703
f 5794/2461/704 5796/2463/705 5795/2464/705 5793/2462/704
f 5796/2463/705 5798/2465/329 5797/2466/329 5795/2464/705
f 5798/2465/329 5800/2467/706 5799/2468/706 5797/2466/329
f 5800/2467/706 5802/2469/707 5801/2470/707 5799/2468/706
f 5802/2469/707 5804/2471/708 5803/2472/708 5801/2470/707
f 5804/2471/708 5806/2473/709 5805/2474/709 5803/2472/708
f 5806/2473/709 5808/2475/710 5807/2476/710 5805/2474/709
f 5808/2475/710 5810/2477/711 5809/2478/711 5807/2476/710
f 5810/2477/711 5812/2479/712 5811/2480/712 5809/2478/711
f 5812/2479/712 5814/2481/713 5813/2482/713 5811/2480/712
f 5814/2481/713 5816/2483/714 5815/2484/714 5813/2482/713
f 5816/2483/714 5818/2485/715 5817/2486/715 5815/2484/714
f 5818/2485/715 5820/2487/716 5819/2488/716 5817/2486/715
f 5820/2487/716 5822/2489/717 5821/2490/717 5819/2488/716
f 5822/2489/717 5824/2491/718 5823/115/718 5821/2490/717
f 5824/2491/718 5826/2492/719 5825/2493/719 5823/115/718
f 5826/2492/719 5828/2494/720 5827/2495/720 5825/2493/719
f 5828/2494/720 5830/2496/721 5829/2497/721 5827/2495/720
f 5830/2496/721 5832/2498/722 5831/2499/722 5829/2497/721
f 5832/2498/722 5834/2500/723 5833/2501/723 5831/2499/722
f 5834/2500/723 5836/2502/724 5835/2503/724 5833/2501/723
f 5836/2502/724 5838/2504/725 5837/2505/725 5835/2503/724
f 5838/2504/725 5840/2506/726 5839/2507/726 5837/2505/725
f 5840/2506/726 5842/2508/727 5841/2509/727 5839/2507/726
f 5842/2508/727 5844/2510/728 5843/2511/728 5841/2509/727
f 5844/2510/728 5846/2512/729 5845/2513/729 5843/2511/728
f 5846/2512/729 5848/2514/730 5847/2515/730 5845/2513/729
f 5848/2514/730 5850/2516/731 5849/2517/731 5847/2515/730
f 5850/2516/731 5852/2518/732 5851/2519/732 5849/2517/731
f 5852/2518/732 5854/2520/733 5853/2521/733 5851/2519/732
f 5854/2520/733 5856/2522/734 5855/2523/734 5853/2521/733
f 5856/2522/734 5858/2524/735 5857/2525/735 5855/2523/734
f 5858/2524/735 5860/2526/736 5859/2527/736 5857/2525/735
f 5860/2526/736 5862/2528/737 5861/2529/737 5859/2527/736
f 5862/2528/737 5864/2530/738 5863/2531/738 5861/2529/737
f 5864/2530/738 5866/2532/739 5865/2533/739 5863/2531/738
f 5866/2532/739 5868/2534/740 5867/2535/740 5865/2533/739
f 5868/2534/740 5870/2536/741 5869/2537/741 5867/2535/740
f 5870/2536/741 5872/2538/742 5871/2539/742 5869/2537/741
f 5872/2538/742 5874/2540/743 5873/2541/743 5871/2539/742
f 5874/2540/743 5876/2542/744 5875/2543/744 5873/2541/743
f 5876/2542/744 5878/2544/745 5877/2545/745 5875/2543/744
f 5878/2544/745 5880/2546/746 5879/2547/746 5877/2545/745
f 5880/2546/746 5882/2548/747 5881/2549/747 5879/2547/746
f 5882/2548/747 5884/2550/748 5883/2551/748 5881/2549/747
f 5884/2550/748 5886/2552/749 5885/2553/749 5883/2551/748
f 5886/2552/749 5888/2554/750 5887/2555/750 5885/2553/749
f 5888/2554/750 5890/2556/751 5889/2557/751 5887/2555/750
f 5890/2556/751 5892/2558/752 5891/2559/752 5889/2557/751
f 5892/2558/752 5894/2560/753 5893/2561/753 5891/2559/752
f 5894/2560/753 5896/2562/754 5895/2563/754 5893/2561/753
f 5896/2562/754 5898/2564/755 5897/128/755 5895/2563/754
f 5898/2564/755 5900/2565/756 5899/2566/756 5897/128/755
f 5900/2565/756 5902/2567/757 5901/2568/757 5899/2566/756
f 5902/2567/757 5904/2569/758 5903/2570/758 5901/2568/757
f 5904/2569/758 5906/2571/759 5905/2572/759 5903/2570/758
f 5906/2571/759 5908/2573/760 5907/2574/760 5905/2572/759
f 5908/2573/760 5910/2575/761 5909/2576/761 5907/2574/760
f 5910/2575/761 5912/2577/762 5911/2578/762 5909/2576/761
f 5912/2577/762 5914/2579/763 5913/2580/763 5911/2578/762
f 5914/2579/763 5916/2581/764 5915/2582/764 5913/2580/763
f 5916/2581/764 5918/2583/765 5917/2584/765 5915/2582/764
f 5918/2583/765 5920/2585/766 5919/2586/766 5917/2584/765
f 5920/2585/766 5922/2587/767 5921/2588/767 5919/2586/766
f 5922/2587/767 5924/2589/768 5923/2590/768 5921/2588/767
f 5924/2589/768 5926/2591/769 5925/2592/769 5923/2590/768
f 5926/2591/769 5928/2593/770 5927/2594/770 5925/2592/769
f 5928/2593/770 5930/2595/771 5929/2596/771 5927/2594/770
f 5930/2595/771 5932/2597/772 5931/2598/772 5929/2596/771
f 5932/2597/772 5934/2599/773 5933/2600/773 5931/2598/772
f 5934/2599/773 5936/2601/774 5935/2602/774 5933/2600/773
f 5936/2601/774 5938/2603/775 5937/2604/775 5935/2602/774
f 5938/2603/775 5940/2605/776 5939/2606/776 5937/2604/775
f 5940/2605/776 5942/2607/777 5941/2608/777 5939/2606/776
f 5942/2607/777 5944/2609/778 5943/2610/778 5941/2608/777
f 5944/2609/778 5946/2611/779 5945/2612/779 5943/2610/778
f 5946/2611/779 5948/2613/780 5947/2614/780 5945/2612/779
f 5948/2613/780 5950/2615/22 5949/2616/22 5947/2614/780
f 5950/2615/22 5952/2617/781 5951/2618/781 5949/2616/22
f 5952/2617/781 5954/2619/782 5953/2620/782 5951/2618/781
f 5954/2619/782 5956/2621/783 5955/2622/783 5953/2620/782
f 5956/2621/783 5958/2623/784 5957/2624/784 5955/2622/783
f 5958/2623/784 5960/2625/785 5959/2626/785 5957/2624/784
f 5960/2625/785 5962/2627/786 5961/2628/786 5959/2626/785
f 5962/2627/786 5964/2629/787 5963/2630/787 5961/2628/786
f 5964/2629/787 5966/2631/788 5965/2632/788 5963/2630/787
f 5966/2631/788 5968/2633/789 5967/2634/789 5965/2632/788
f 5968/2633/789 5970/2635/790 5969/2636/790 5967/2634/789
f 5970/2635/790 5972/2637/791 5971/92/791 5969/2636/790
f 5972/2637/791 5974/2638/792 5973/2639/792 5971/92/791
f 5974/2638/792 5976/2640/793 5975/2641/793 5973/2639/792
f 5976/2640/793 5978/2642/794 5977/2643/794 5975/2641/793
f 5978/2642/794 5980/2644/795 5979/2645/795 5977/2643/794
f 5980/2644/795 5982/2646/796 5981/2647/796 5979/2645/795
f 5982/2646/796 5984/2648/797 5983/2649/797 5981/2647/796
f 5984/2648/797 5986/2650/798 5985/2651/798 5983/2649/797
f 5986/2650/798 5988/2652/799 5987/2653/799 5985/2651/798
f 5988/2652/799 5990/2654/800 5989/2655/800 5987/2653/799
f 5990/2654/800 5992/2656/801 5991/2657/801 5989/2655/800
f 5992/2656/801 5994/2658/802 5993/2659/802 5991/2657/801
f 5994/2658/802 5996/2660/803 5995/2661/803 5993/2659/802
f 5996/2660/803 5998/2662/804 5997/2663/804 5995/2661/803
f 5998/2662/804 6000/2664/805 5999/2665/805 5997/2663/804
f 6000/2664/805 6002/2666/806 6001/2667/806 5999/2665/805
f 6002/2666/806 6004/2668/807 6003/2669/807 6001/2667/806
f 6004/2668/807 6006/2670/808 6005/2671/808 6003/2669/807
f 6006/2670/808 6008/2672/809 6007/2673/809 6005/2671/808
f 6008/2672/809 6010/2674/810 6009/2675/810 6007/2673/809
f 6010/2674/810 6012/2676/811 6011/2677/811 6009/2675/810
f 6012/2676/811 6014/2678/812 6013/2679/812 6011/2677/811
f 6014/2678/812 6016/2680/813 6015/2681/813 6013/2679/812
f 6016/2680/813 6018/2682/814 6017/2683/814 6015/2681/813
f 6018/2682/814 6020/2684/815 6019/2685/815 6017/2683/814
f 6020/2684/815 6022/2686/816 6021/2687/816 6019/2685/815
f 6022/2686/816 6024/2688/817 6023/2689/817 6021/2687/816
f 6024/2688/817 6026/2690/818 6025/2691/818 6023/2689/817
f 6026/2690/818 6028/2692/819 6027/2693/819 6025/2691/818
f 6028/2692/819 6030/2694/820 6029/2695/820 6027/2693/819
f 6030/2694/820 6032/2696/821 6031/2697/821 6029/2695/820
f 6032/2696/821 6034/2698/822 6033/2699/822 6031/2697/821
f 6034/2698/822 6036/2700/823 6035/2701/823 6033/2699/822
f 6036/2700/823 6038/2702/824 6037/2703/824 6035/2701/823
f 6038/2702/824 6040/2704/825 6039/2705/825 6037/2703/824
f 6040/2704/825 6042/2706/826 6041/2707/826 6039/2705/825
f 6042/2706/826 6044/2708/827 6043/2709/827 6041/2707/826
f 6044/2708/827 6046/2710/828 6045/148/828 6043/2709/827
f 6046/2710/828 6048/2711/829 6047/2712/829 6045/148/828
f 6048/2711/829 6050/2713/830 6049/2714/830 6047/2712/829
f 6050/2713/830 6052/2715/831 6051/2716/831 6049/2714/830
f 6052/2715/831 6054/2717/832 6053/2718/832 6051/2716/831
f 6054/2717/832 6056/2719/833 6055/2720/833 6053/2718/832
f 6056/2719/833 6058/2721/834 6057/2722/834 6055/2720/833
f 6058/2721/834 6060/2723/835 6059/2724/835 6057/2722/834
f 6060/2723/835 6062/2725/836 6061/2726/836 6059/2724/835
f 6062/2725/836 6064/2727/837 6063/2728/837 6061/2726/836
f 6064/2727/837 6066/2729/838 6065/2730/838 6063/2728/837
f 6066/2729/838 6068/2731/839 6067/2732/839 6065/2730/838
f 6068/2731/839 6070/2733/840 6069/2734/840 6067/2732/839
f 6070/2733/840 6072/2735/841 6071/2736/841 6069/2734/840
f 6072/2735/841 6074/2737/842 6073/2738/842 6071/2736/841
f 6074/2737/842 6076/2739/843 6075/2740/843 6073/2738/842
f 6076/2739/843 6078/2741/844 6077/2742/844 6075/2740/843
f 6078/2741/844 6080/2743/845 6079/2744/845 6077/2742/844
f 6080/2743/845 6082/2745/846 6081/2746/846 6079/2744/845
f 6082/2745/846 6084/2747/847 6083/2748/847 6081/2746/846
f 6084/2747/847 6086/2749/848 6085/2750/848 6083/2748/847
f 6086/2749/848 6088/2751/849 6087/2752/849 6085/2750/848
f 6088/2751/849 6090/2753/850 6089/2754/850 6087/2752/849
f 6090/2753/850 6092/2755/851 6091/2756/851 6089/2754/850
f 6092/2755/851 6094/2757/852 6093/2758/852 6091/2756/851
f 6094/2757/852 6096/2759/853 6095/2760/853 6093/2758/852
f 6096/2759/853 6098/2761/854 6097/2762/854 6095/2760/853
f 6098/2761/854 6100/2763/855 6099/2764/855 6097/2762/854
f 6100/2763/855 6102/2765/856 6101/2766/856 6099/2764/855
f 6102/2765/856 6104/2767/857 6103/2768/857 6101/2766/856
f 6104/2767/857 6106/2769/858 6105/2770/858 6103/2768/857
f 6106/2769/858 6108/2771/859 6107/2772/859 6105/2770/858
f 6108/2771/859 6110/2773/860 6109/2774/860 6107/2772/859
f 6110/2773/860 6112/2775/861 6111/2776/861 6109/2774/860
f 6112/2775/861 6114/2777/862 6113/2778/862 6111/2776/861
f 6114/2777/862 6116/2779/863 6115/2780/863 6113/2778/862
f 6116/2779/863 6118/2781/864 6117/2782/864 6115/2780/863
f 6118/2781/864 6120/2783/865 6119/176/865 6117/2782/864
f 6120/2783/865 6122/2784/866 6121/2785/866 6119/176/865
f 6122/2784/866 6124/2786/867 6123/2787/867 6121/2785/866
f 6124/2786/867 6126/2788/868 6125/2789/868 6123/2787/867
f 6126/2788/868 6128/2790/869 6127/2791/869 6125/2789/868
f 6128/2790/869 6130/2792/870 6129/2793/870 6127/2791/869
f 6130/2792/870 6132/2794/871 6131/2795/871 6129/2793/870
f 6132/2794/871 6134/2796/872 6133/2797/872 6131/2795/871
f 6134/2796/872 6136/2798/873 6135/2799/873 6133/2797/872
f 6136/2798/873 6138/2800/874 6137/2801/874 6135/2799/873
f 6138/2800/874 6140/2802/875 6139/2803/875 6137/2801/874
f 6140/2802/875 6142/2804/876 6141/2805/876 6139/2803/875
f 6142/2804/876 6144/2806/877 6143/2807/877 6141/2805/876
f 6144/2806/877 6146/2808/878 6145/2809/878 6143/2807/877
f 6146/2808/878 6148/2810/879 6147/2811/879 6145/2809/878
f 6148/2810/879 6150/2812/880 6149/2813/880 6147/2811/879
f 6150/2812/880 6152/2814/881 6151/2815/881 6149/2813/880
f 6152/2814/881 6154/2816/882 6153/2817/882 6151/2815/881
f 6154/2816/882 6156/2818/883 6155/2819/883 6153/2817/882
f 6156/2818/883 6158/2820/884 6157/2821/884 6155/2819/883
f 6158/2820/884 6160/2822/885 6159/2823/885 6157/2821/884
f 6160/2822/885 6162/2824/886 6161/2825/886 6159/2823/885
f 6162/2824/886 6164/2826/887 6163/2827/887 6161/2825/886
f 6164/2826/887 6166/2828/888 6165/2829/888 6163/2827/887
f 6166/2828/888 6168/2830/889 6167/2831/889 6165/2829/888
f 6168/2830/889 6170/2832/890 6169/2833/890 6167/2831/889
f 6170/2832/890 6172/2834/891 6171/2835/891 6169/2833/890
f 6172/2834/891 6174/2836/892 6173/2837/892 6171/2835/891
f 6174/2836/892 6176/2838/893 6175/2839/893 6173/2837/892
f 6176/2838/893 6178/2840/894 6177/2841/894 6175/2839/893
f 6178/2840/894 6180/2842/895 6179/2843/895 6177/2841/894
f 6180/2842/895 6182/2844/896 6181/2845/896 6179/2843/895
f 6182/2844/896 6184/2846/897 6183/2847/897 6181/2845/896
f 6184/2846/897 6186/2848/898 6185/2849/898 6183/2847/897
f 6186/2848/898 6188/2850/899 6187/2851/899 6185/2849/898
f 6188/2850/899 6190/2852/900 6189/2853/900 6187/2851/899
f 6190/2852/900 6192/2854/901 6191/2855/901 6189/2853/900
f 6192/2854/901 6194/2856/902 6193/163/902 6191/2855/901
f 6194/2856/902 6196/2857/903 6195/2858/903 6193/163/902
f 6196/2857/903 6198/2859/904 6197/2860/904 6195/2858/903
f 6198/2859/904 6200/2861/905 6199/2862/905 6197/2860/904
f 6200/2861/905 6202/2863/906 6201/2864/906 6199/2862/905
f 6202/2863/906 6204/2865/907 6203/2866/907 6201/2864/906
f 6204/2865/907 6206/2867/908 6205/2868/908 6203/2866/907
f 6206/2867/908 6208/2869/909 6207/2870/909 6205/2868/908
f 6208/2869/909 6210/2871/910 6209/2872/910 6207/2870/909
f 6210/2871/910 6212/2873/911 6211/2874/911 6209/2872/910
f 6212/2873/911 6214/2875/912 6213/2876/912 6211/2874/911
f 6214/2875/912 6216/2877/913 6215/2878/913 6213/2876/912
f 6216/2877/913 6218/2879/914 6217/2880/914 6215/2878/913
f 6218/2879/914 6220/2881/915 6219/2882/915 6217/2880/914
f 6220/2881/915 6222/2883/916 6221/2884/916 6219/2882/915
f 6222/2883/916 6224/2885/917 6223/2886/917 6221/2884/916
f 6224/2885/917 6226/2887/918 6225/2888/918 6223/2886/917
f 6226/2887/918 6228/2889/919 6227/2890/919 6225/2888/918
f 6228/2889/919 6230/2891/920 6229/2892/920 6227/2890/919
f 6230/2891/920 6232/2893/921 6231/2894/921 6229/2892/920
f 6232/2893/921 6234/2895/922 6233/2896/922 6231/2894/921
f 6234/2895/922 6236/2897/923 6235/2898/923 6233/2896/922
f 6236/2897/923 6238/2899/924 6237/2900/924 6235/2898/923
f 6238/2899/924 6240/2901/925 6239/2902/925 6237/2900/924
f 6240/2901/925 6242/2903/926 6241/2904/926 6239/2902/925
f 6242/2903/926 6244/2905/927 6243/2906/927 6241/2904/926
f 6244/2905/927 6246/2907/928 6245/2908/928 6243/2906/927
f 6246/2907/928 6248/2909/929 6247/2910/929 6245/2908/928
f 6248/2909/929 6250/2911/930 6249/2912/930 6247/2910/929
f 6250/2911/930 6252/2913/931 6251/2914/931 6249/2912/930
f 6252/2913/931 6254/2915/932 6253/2916/932 6251/2914/931
f 6254/2915/932 6256/2917/933 6255/2918/933 6253/2916/932
f 6256/2917/933 6258/2919/934 6257/2920/934 6255/2918/933
f 6258/2919/934 6260/2921/935 6259/2922/935 6257/2920/934
f 6260/2921/935 6262/2923/936 6261/2924/936 6259/2922/935
f 6262/2923/936 6264/2925/937 6263/2926/937 6261/2924/936
f 6264/2925/937 6266/2927/938 6265/2928/938 6263/2926/937
f 6266/2927/938 6268/2929/939 6267/108/939 6265/2928/938
f 6268/2929/939 6270/2930/940 6269/2931/940 6267/108/939
f 6270/2930/940 6272/2932/941 6271/2933/941 6269/2931/940
f 6272/2932/941 6274/2934/942 6273/2935/942 6271/2933/941
f 6274/2934/942 6276/2936/943 6275/2937/943 6273/2935/942
f 6276/2936/943 6278/2938/944 6277/2939/944 6275/2937/943
f 6278/2938/944 6280/2940/945 6279/2941/945 6277/2939/944
f 6280/2940/945 6282/2942/946 6281/2943/946 6279/2941/945
f 6282/2942/946 6284/2944/947 6283/2945/947 6281/2943/946
f 6284/2944/947 6286/2946/948 6285/2947/948 6283/2945/947
f 6286/2946/948 6288/2948/949 6287/2949/949 6285/2947/948
f 6288/2948/949 6290/2950/950 6289/2951/950 6287/2949/949
f 6290/2950/950 6292/2952/951 6291/2953/951 6289/2951/950
f 6292/2952/951 6294/2954/952 6293/2955/952 6291/2953/951
f 6294/2954/952 6296/2956/953 6295/2957/953 6293/2955/952
f 6296/2956/953 6298/2958/954 6297/2959/954 6295/2957/953
f 6298/2958/954 6300/2960/955 6299/2961/955 6297/2959/954
f 6300/2960/955 6302/2962/956 6301/2963/956 6299/2961/955
f 6302/2962/956 6304/2964/955 6303/2965/955 6301/2963/956
f 6304/2964/955 6306/2966/954 6305/2967/954 6303/2965/955
f 6306/2966/954 6308/2968/953 6307/2969/953 6305/2967/954
f 6308/2968/953 6310/2970/952 6309/2971/952 6307/2969/953
f 6310/2970/952 6312/2972/951 6311/2973/951 6309/2971/952
f 6312/2972/951 6314/2974/950 6313/2975/950 6311/2973/951
f 6314/2974/950 6316/2976/949 6315/2977/949 6313/2975/950
f 6316/2976/949 6318/2978/948 6317/2979/948 6315/2977/949
f 6318/2978/948 6320/2980/947 6319/2981/947 6317/2979/948
f 6320/2980/947 6322/2982/946 6321/2983/946 6319/2981/947
f 6322/2982/946 6324/2984/945 6323/2985/945 6321/2983/946
f 6324/2984/945 6326/2986/957 6325/2987/957 6323/2985/945
f 6326/2986/957 6328/2988/958 6327/2989/958 6325/2987/957
f 6328/2988/958 6330/2990/959 6329/2991/959 6327/2989/958
f 6330/2990/959 6332/2992/960 6331/2993/960 6329/2991/959
f 6332/2992/960 6334/2994/961 6333/2995/961 6331/2993/960
f 6334/2994/961 6336/2996/962 6335/2997/962 6333/2995/961
f 6336/2996/962 6338/2998/556 6337/2999/556 6335/2997/962
f 6338/2998/556 6340/3000/963 6339/3001/963 6337/2999/556
f 6340/3000/963 6342/3002/964 6341/71/964 6339/3001/963
f 6342/3002/964 6344/3003/965 6343/3004/965 6341/71/964
f 6344/3003/965 6346/3005/966 6345/3006/966 6343/3004/965
f 6346/3005/966 6348/3007/967 6347/3008/967 6345/3006/966
f 6348/3007/967 6350/3009/968 6349/3010/968 6347/3008/967
f 6350/3009/968 6352/3011/969 6351/3012/969 6349/3010/968
f 6352/3011/969 6354/3013/970 6353/3014/970 6351/3012/969
f 6354/3013/970 6356/3015/971 6355/3016/971 6353/3014/970
f 6356/3015/971 6358/3017/972 6357/3018/972 6355/3016/971
f 6358/3017/972 6360/3019/973 6359/3020/973 6357/3018/972
f 6360/3019/973 6362/3021/974 6361/3022/974 6359/3020/973
f 6362/3021/974 6364/3023/975 6363/3024/975 6361/3022/974
f 6364/3023/975 6366/3025/976 6365/3026/976 6363/3024/975
f 6366/3025/976 6368/3027/977 6367/3028/977 6365/3026/976
f 6368/3027/977 6370/3029/978 6369/3030/978 6367/3028/977
f 6370/3029/978 6372/3031/979 6371/3032/979 6369/3030/978
f 6372/3031/979 6374/3033/980 6373/3034/980 6371/3032/979
f 6374/3033/980 6376/3035/981 6375/3036/981 6373/3034/980
f 6376/3035/981 6378/3037/982 6377/3038/982 6375/3036/981
f 6378/3037/982 6380/3039/983 6379/3040/983 6377/3038/982
f 6380/3039/983 6382/3041/984 6381/3042/984 6379/3040/983
f 6382/3041/984 6384/3043/985 6383/3044/985 6381/3042/984
f 6384/3043/985 6386/3045/986 6385/3046/986 6383/3044/985
f 6386/3045/986 6388/3047/987 6387/3048/987 6385/3046/986
f 6388/3047/987 6390/3049/988 6389/3050/988 6387/3048/987
f 6390/3049/988 6392/3051/989 6391/3052/989 6389/3050/988
f 6392/3051/989 6394/3053/990 6393/3054/990 6391/3052/989
f 6394/3053/990 6396/3055/991 6395/3056/991 6393/3054/990
f 6396/3055/991 6398/3057/992 6397/3058/992 6395/3056/991
f 6398/3057/992 6400/3059/993 6399/3060/993 6397/3058/992
f 6400/3059/993 6402/3061/994 6401/3062/994 6399/3060/993
f 6402/3061/994 6404/3063/995 6403/3064/995 6401/3062/994
f 6404/3063/995 6406/3065/996 6405/3066/996 6403/3064/995
f 6406/3065/996 6408/3067/997 6407/3068/997 6405/3066/996
f 6408/3067/997 6410/3069/998 6409/3070/998 6407/3068/997
f 6410/3069/998 6412/3071/999 6411/3072/999 6409/3070/998
f 6412/3071/999 6414/3073/896 6413/3074/896 6411/3072/999
f 6414/3073/896 6416/3075/1000 6415/54/1000 6413/3074/896
f 6416/3075/1000 6418/3076/1001 6417/3077/1001 6415/54/1000
f 6418/3076/1001 6420/3078/1002 6419/3079/1002 6417/3077/1001
f 6420/3078/1002 6422/3080/1003 6421/3081/1003 6419/3079/1002
f 6422/3080/1003 6424/3082/1004 6423/3083/1004 6421/3081/1003
f 6424/3082/1004 6426/3084/1005 6425/3085/1005 6423/3083/1004
f 6426/3084/1005 6428/3086/1006 6427/3087/1006 6425/3085/1005
f 6428/3086/1006 6430/3088/1007 6429/3089/1007 6427/3087/1006
f 6430/3088/1007 6432/3090/1008 6431/3091/1008 6429/3089/1007
f 6432/3090/1008 6434/3092/1009 6433/3093/1009 6431/3091/1008
f 6434/3092/1009 6436/3094/1010 6435/3095/1010 6433/3093/1009
f 6436/3094/1010 6438/3096/1011 6437/3097/1011 6435/3095/1010
f 6438/3096/1011 6440/3098/1012 6439/3099/1012 6437/3097/1011
f 6440/3098/1012 6442/3100/1013 6441/3101/1013 6439/3099/1012
f 6442/3100/1013 6444/3102/1014 6443/3103/1014 6441/3101/1013
f 6444/3102/1014 6446/3104/1015 6445/3105/1015 6443/3103/1014
f 6446/3104/1015 6448/3106/1016 6447/3107/1016 6445/3105/1015
f 6448/3106/1016 6450/3108/1017 6449/3109/1017 6447/3107/1016
f 6450/3108/1017 6452/3110/1018 6451/3111/1018 6449/3109/1017
f 6452/3110/1018 6454/3112/1019 6453/3113/1019 6451/3111/1018
f 6454/3112/1019 6456/3114/1020 6455/3115/1020 6453/3113/1019
f 6456/3114/1020 6458/3116/1021 6457/3117/1021 6455/3115/1020
f 6458/3116/1021 6460/3118/1022 6459/3119/1022 6457/3117/1021
f 6460/3118/1022 6462/3120/1023 6461/3121/1023 6459/3119/1022
f 6462/3120/1023 6464/3122/1024 6463/3123/1024 6461/3121/1023
f 6464/3122/1024 6466/3124/1025 6465/3125/1025 6463/3123/1024
f 6466/3124/1025 6468/3126/1026 6467/3127/1026 6465/3125/1025
f 6468/3126/1026 6470/3128/1027 6469/3129/1027 6467/3127/1026
f 6470/3128/1027 6472/3130/1028 6471/3131/1028 6469/3129/1027
f 6472/3130/1028 6474/3132/1029 6473/3133/1029 6471/3131/1028
f 6474/3132/1029 6476/3134/1030 6475/3135/1030 6473/3133/1029
f 6476/3134/1030 6478/3136/1031 6477/3137/1031 6475/3135/1030
f 6478/3136/1031 6480/3138/1032 6479/3139/1032 6477/3137/1031
f 6480/3138/1032 6482/3140/1033 6481/3141/1033 6479/3139/1032
f 6482/3140/1033 6484/3142/1034 6483/3143/1034 6481/3141/1033
f 6484/3142/1034 6486/3144/1035 6485/3145/1035 6483/3143/1034
f 6486/3144/1035 6488/3146/1036 6487/3147/1036 6485/3145/1035
f 6488/3146/1036 6490/3148/1037 6489/23/1037 6487/3147/1036
f 6490/3148/1037 6492/3149/1038 6491/3150/1038 6489/23/1037
f 6492/3149/1038 6494/3151/1039 6493/3152/1039 6491/3150/1038
f 6494/3151/1039 6496/3153/1040 6495/3154/1040 6493/3152/1039
f 6496/3153/1040 6498/3155/1041 6497/3156/1041 6495/3154/1040
f 6498/3155/1041 6500/3157/1042 6499/3158/1042 6497/3156/1041
f 6500/3157/1042 6502/3159/1043 6501/3160/1043 6499/3158/1042
f 6502/3159/1043 6504/3161/1044 6503/3162/1044 6501/3160/1043
f 6504/3161/1044 6506/3163/1045 6505/3164/1045 6503/3162/1044
f 6506/3163/1045 6508/3165/1046 6507/3166/1046 6505/3164/1045
f 6508/3165/1046 6510/3167/1047 6509/3168/1047 6507/3166/1046
f 6510/3167/1047 6512/3169/1048 6511/3170/1048 6509/3168/1047
f 6512/3169/1048 6514/3171/1049 6513/3172/1049 6511/3170/1048
f 6514/3171/1049 6516/3173/1050 6515/3174/1050 6513/3172/1049
f 6516/3173/1050 6518/3175/1051 6517/3176/1051 6515/3174/1050
f 6518/3175/1051 6520/3177/1052 6519/3178/1052 6517/3176/1051
f 6520/3177/1052 6522/3179/1053 6521/3180/1053 6519/3178/1052
f 6522/3179/1053 6524/3181/1054 6523/3182/1054 6521/3180/1053
f 6524/3181/1054 6526/3183/1055 6525/3184/1055 6523/3182/1054
f 6526/3183/1055 6528/3185/1056 6527/3186/1056 6525/3184/1055
f 6528/3185/1056 6530/3187/1057 6529/3188/1057 6527/3186/1056
f 6530/3187/1057 6532/3189/1058 6531/3190/1058 6529/3188/1057
f 6532/3189/1058 6534/3191/1059 6533/3192/1059 6531/3190/1058
f 6534/3191/1059 6536/3193/1060 6535/3194/1060 6533/3192/1059
f 6536/3193/1060 6538/3195/1061 6537/3196/1061 6535/3194/1060
f 6538/3195/1061 6540/3197/1062 6539/3198/1062 6537/3196/1061
f 6540/3197/1062 6542/3199/1063 6541/3200/1063 6539/3198/1062
f 6542/3199/1063 6544/3201/1064 6543/3202/1064 6541/3200/1063
f 6544/3201/1064 6546/3203/1065 6545/3204/1065 6543/3202/1064
f 6546/3203/1065 6548/3205/1066 6547/3206/1066 6545/3204/1065
f 6548/3205/1066 6550/3207/1067 6549/3208/1067 6547/3206/1066
f 6550/3207/1067 6552/3209/1068 6551/3210/1068 6549/3208/1067
f 6552/3209/1068 6554/3211/1069 6553/3212/1069 6551/3210/1068
f 6554/3211/1069 6556/3213/1070 6555/3214/1070 6553/3212/1069
f 6556/3213/1070 6558/3215/1071 6557/3216/1071 6555/3214/1070
f 6558/3215/1071 6560/3217/1072 6559/3218/1072 6557/3216/1071
f 6560/3217/1072 6562/3219/1073 6561/3220/1073 6559/3218/1072
f 6562/3219/1073 6564/3221/1074 6563/34/1074 6561/3220/1073
f 6564/3221/1074 6566/3222/1075 6565/3223/1075 6563/34/1074
f 6566/3222/1075 6568/3224/1076 6567/3225/1076 6565/3223/1075
f 6568/3224/1076 6570/3226/1077 6569/3227/1077 6567/3225/1076
f 6570/3226/1077 6572/3228/1078 6571/3229/1078 6569/3227/1077
f 6572/3228/1078 6574/3230/1079 6573/3231/1079 6571/3229/1078
f 6574/3230/1079 6576/3232/1080 6575/3233/1080 6573/3231/1079
f 6576/3232/1080 6578/3234/1081 6577/3235/1081 6575/3233/1080
f 6578/3234/1081 6580/3236/1082 6579/3237/1082 6577/3235/1081
f 6580/3236/1082 6582/3238/1083 6581/3239/1083 6579/3237/1082
f 6582/3238/1083 6584/3240/1084 6583/3241/1084 6581/3239/1083
f 6584/3240/1084 6586/3242/1085 6585/3243/1085 6583/3241/1084
f 6586/3242/1085 6588/3244/1086 6587/3245/1086 6585/3243/1085
f 6588/3244/1086 6590/3246/1087 6589/3247/1087 6587/3245/1086
f 6590/3246/1087 6592/3248/1088 6591/3249/1088 6589/3247/1087
f 6592/3248/1088 6594/3250/1087 6593/3251/1087 6591/3249/1088
f 6594/3250/1087 6596/3252/1086 6595/3253/1086 6593/3251/1087
f 6596/3252/1086 6598/3254/1085 6597/3255/1085 6595/3253/1086
f 6598/3254/1085 6600/3256/1084 6599/3257/1084 6597/3255/1085
f 6600/3256/1084 6602/3258/1083 6601/3259/1083 6599/3257/1084
f 6602/3258/1083 6604/3260/1082 6603/3261/1082 6601/3259/1083
f 6604/3260/1082 6606/3262/1081 6605/3263/1081 6603/3261/1082
f 6606/3262/1081 6608/3264/1080 6607/3265/1080 6605/3263/1081
f 6608/3264/1080 6610/3266/1079 6609/3267/1079 6607/3265/1080
f 6610/3266/1079 6612/3268/1078 6611/3269/1078 6609/3267/1079
f 6612/3268/1078 6614/3270/1077 6613/3271/1077 6611/3269/1078
f 6614/3270/1077 6616/3272/1089 6615/3273/1089 6613/3271/1077
f 6616/3272/1089 6618/3274/1090 6617/3275/1090 6615/3273/1089
f 6618/3274/1090 6620/3276/1091 6619/3277/1091 6617/3275/1090
f 6620/3276/1091 6622/3278/1092 6621/3279/1092 6619/3277/1091
f 6622/3278/1092 6624/3280/1093 6623/3281/1093 6621/3279/1092
f 6624/3280/1093 6626/3282/1094 6625/3283/1094 6623/3281/1093
f 6626/3282/1094 6628/3284/1095 6627/3285/1095 6625/3283/1094
f 6628/3284/1095 6630/3286/1096 6629/3287/1096 6627/3285/1095
f 6630/3286/1096 6632/3288/1097 6631/3289/1097 6629/3287/1096
f 6632/3288/1097 6634/3290/1098 6633/3291/1098 6631/3289/1097
f 6634/3290/1098 6636/3292/1099 6635/3293/1099 6633/3291/1098
f 6636/3292/1099 6638/3294/1100 6637/6/1100 6635/3293/1099
f 6638/3294/1100 6640/3295/1101 6639/3296/1101 6637/6/1100
f 6640/3295/1101 6642/3297/1102 6641/3298/1102 6639/3296/1101
f 6642/3297/1102 6644/3299/1103 6643/3300/1103 6641/3298/1102
f 6644/3299/1103 6646/3301/1104 6645/3302/1104 6643/3300/1103
f 6646/3301/1104 6648/3303/1105 6647/3304/1105 6645/3302/1104
f 6648/3303/1105 6650/3305/1106 6649/3306/1106 6647/3304/1105
f 6650/3305/1106 6652/3307/1107 6651/3308/1107 6649/3306/1106
f 6652/3307/1107 6654/3309/1108 6653/3310/1108 6651/3308/1107
f 6654/3309/1108 6656/3311/1109 6655/3312/1109 6653/3310/1108
f 6656/3311/1109 6658/3313/1110 6657/3314/1110 6655/3312/1109
f 6658/3313/1110 6660/3315/1111 6659/3316/1111 6657/3314/1110
f 6660/3315/1111 6662/3317/1112 6661/3318/1112 6659/3316/1111
f 6662/3317/1112 6664/3319/1113 6663/3320/1113 6661/3318/1112
f 6664/3319/1113 6666/3321/1114 6665/3322/1114 6663/3320/1113
f 6666/3321/1114 6668/3323/1115 6667/3324/1115 6665/3322/1114
f 6668/3323/1115 6670/3325/1116 6669/3326/1116 6667/3324/1115
f 6670/3325/1116 6672/3327/1117 6671/3328/1117 6669/3326/1116
f 6672/3327/1117 6674/3329/1118 6673/3330/1118 6671/3328/1117
f 6674/3329/1118 6676/3331/1119 6675/3332/1119 6673/3330/1118
f 6676/3331/1119 6678/3333/1120 6677/3334/1120 6675/3332/1119
f 6678/3333/1120 6680/3335/1121 6679/3336/1121 6677/3334/1120
f 6680/3335/1121 6682/3337/1122 6681/3338/1122 6679/3336/1121
f 6682/3337/1122 6684/3339/1123 6683/3340/1123 6681/3338/1122
f 6684/3339/1123 6686/3341/1124 6685/3342/1124 6683/3340/1123
f 6686/3341/1124 6688/3343/1125 6687/3344/1125 6685/3342/1124
f 6688/3343/1125 6690/3345/1126 6689/3346/1126 6687/3344/1125
f 6690/3345/1126 6692/3347/1127 6691/3348/1127 6689/3346/1126
f 6692/3347/1127 6694/3349/1128 6693/3350/1128 6691/3348/1127
f 6694/3349/1128 6696/3351/1129 6695/3352/1129 6693/3350/1128
f 6696/3351/1129 6698/3353/1130 6697/3354/1130 6695/3352/1129
f 6698/3353/1130 6700/3355/1131 6699/3356/1131 6697/3354/1130
f 6700/3355/1131 6702/3357/1132 6701/3358/1132 6699/3356/1131
f 6702/3357/1132 6704/3359/1133 6703/3360/1133 6701/3358/1132
f 6704/3359/1133 6706/3361/1134 6705/3362/1134 6703/3360/1133
f 6706/3361/1134 6708/3363/1135 6707/3364/1135 6705/3362/1134
f 6708/3363/1135 6710/3365/1136 6709/3366/1136 6707/3364/1135
f 6710/3365/1136 5750/1794/683 5749/66/683 6709/3366/1136
f 6712/1182/1137 6714/3367/1138 6713/3368/1138 6711/73/1137
f 6714/3367/1138 6716/3369/1139 6715/3370/1139 6713/3368/1138
f 6716/3369/1139 6718/3371/1140 6717/3372/1140 6715/3370/1139
f 6718/3371/1140 6720/3373/1141 6719/3374/1141 6717/3372/1140
f 6720/3373/1141 6722/3375/1142 6721/3376/1142 6719/3374/1141
f 6722/3375/1142 6724/3377/1143 6723/3378/1143 6721/3376/1142
f 6724/3377/1143 6726/3379/1144 6725/3380/1144 6723/3378/1143
f 6726/3379/1144 6728/3381/1145 6727/3382/1145 6725/3380/1144
f 6728/3381/1145 6730/3383/1146 6729/3384/1146 6727/3382/1145
f 6730/3383/1146 6732/3385/1147 6731/3386/1147 6729/3384/1146
f 6732/3385/1147 6734/3387/1148 6733/3388/1148 6731/3386/1147
f 6734/3387/1148 6736/3389/1149 6735/3390/1149 6733/3388/1148
f 6736/3389/1149 6738/3391/1150 6737/3392/1150 6735/3390/1149
f 6738/3391/1150 6740/3393/1151 6739/3394/1151 6737/3392/1150
f 6740/3393/1151 6742/3395/1152 6741/3396/1152 6739/3394/1151
f 6742/3395/1152 6744/3397/1153 6743/3398/1153 6741/3396/1152
f 6744/3397/1153 6746/3399/1154 6745/3400/1154 6743/3398/1153
f 6746/3399/1154 6748/3401/1155 6747/3402/1155 6745/3400/1154
f 6748/3401/1155 6750/3403/1156 6749/3404/1156 6747/3402/1155
f 6750/3403/1156 6752/3405/1157 6751/3406/1157 6749/3404/1156
f 6752/3405/1157 6754/3407/1158 6753/3408/1158 6751/3406/1157
f 6754/3407/1158 6756/3409/1159 6755/3410/1159 6753/3408/1158
f 6756/3409/1159 6758/3411/1160 6757/3412/1160 6755/3410/1159
f 6758/3411/1160 6760/3413/1161 6759/3414/1161 6757/3412/1160
f 6760/3413/1161 6762/3415/1162 6761/3416/1162 6759/3414/1161
f 6762/3415/1162 6764/3417/1163 6763/3418/1163 6761/3416/1162
f 6764/3417/1163 6766/3419/1164 6765/3420/1164 6763/3418/1163
f 6766/3419/1164 6768/3421/1165 6767/3422/1165 6765/3420/1164
f 6768/3421/1165 6770/3423/1166 6769/3424/1166 6767/3422/1165
f 6770/3423/1166 6772/3425/1167 6771/3426/1167 6769/3424/1166
f 6772/3425/1167 6774/3427/1168 6773/3428/1168 6771/3426/1167
f 6774/3427/1168 6776/3429/1169 6775/3430/1169 6773/3428/1168
f 6776/3429/1169 6778/3431/1170 6777/3432/1170 6775/3430/1169
f 6778/3431/1170 6780/3433/1171 6779/3434/1171 6777/3432/1170
f 6780/3433/1171 6782/3435/1172 6781/3436/1172 6779/3434/1171
f 6782/3435/1172 6784/3437/1173 6783/3438/1173 6781/3436/1172
f 6784/3437/1173 6786/3439/1174 6785/3440/1174 6783/3438/1173
f 6786/3439/1174 6788/3441/1175 6787/3442/1175 6785/3440/1174
f 6788/3441/1175 6790/3443/1176 6789/3444/1176 6787/3442/1175
f 6790/3443/1176 6792/3445/1177 6791/3446/1177 6789/3444/1176
f 6792/3445/1177 6794/3447/1178 6793/3448/1178 6791/3446/1177
f 6794/3447/1178 6796/3449/1179 6795/3450/1179 6793/3448/1178
f 6796/3449/1179 6798/3451/1180 6797/3452/1180 6795/3450/1179
f 6798/3451/1180 6800/3453/1181 6799/3454/1181 6797/3452/1180
f 6800/3453/1181 6802/3455/1182 6801/3456/1182 6799/3454/1181
f 6802/3455/1182 6804/3457/1183 6803/3458/1183 6801/3456/1182
f 6804/3457/1183 6806/3459/1184 6805/3460/1184 6803/3458/1183
f 6806/3459/1184 6808/3461/1185 6807/3462/1185 6805/3460/1184
f 6808/3461/1185 6810/3463/1186 6809/3464/1186 6807/3462/1185
f 6810/3463/1186 6812/3465/1187 6811/3466/1187 6809/3464/1186
f 6812/3465/1187 6814/3467/1188 6813/3468/1188 6811/3466/1187
f 6814/3467/1188 6816/3469/1189 6815/3470/1189 6813/3468/1188
f 6816/3469/1189 6818/3471/1190 6817/3472/1190 6815/3470/1189
f 6818/3471/1190 6820/3473/1191 6819/3474/1191 6817/3472/1190
f 6820/3473/1191 6822/3475/1192 6821/3476/1192 6819/3474/1191
f 6822/3475/1192 6824/3477/1193 6823/3478/1193 6821/3476/1192
f 6824/3477/1193 6826/3479/1194 6825/3480/1194 6823/3478/1193
f 6826/3479/1194 6828/3481/1195 6827/3482/1195 6825/3480/1194
f 6828/3481/1195 6830/3483/1196 6829/3484/1196 6827/3482/1195
f 6830/3483/1196 6832/3485/1197 6831/3486/1197 6829/3484/1196
f 6832/3485/1197 6834/3487/1198 6833/3488/1198 6831/3486/1197
f 6834/3487/1198 6836/3489/1199 6835/3490/1199 6833/3488/1198
f 6836/3489/1199 6838/3491/1200 6837/3492/1200 6835/3490/1199
f 6838/3491/1200 6840/3493/1201 6839/3494/1201 6837/3492/1200
f 6840/3493/1201 6842/3495/1202 6841/3496/1202 6839/3494/1201
f 6842/3495/1202 6844/3497/1203 6843/3498/1203 6841/3496/1202
f 6844/3497/1203 6846/3499/1204 6845/3500/1204 6843/3498/1203
f 6846/3499/1204 6848/3501/1205 6847/3502/1205 6845/3500/1204
f 6848/3501/1205 6850/3503/1206 6849/3504/1206 6847/3502/1205
f 6850/3503/1206 6852/3505/1207 6851/3506/1207 6849/3504/1206
f 6852/3505/1207 6854/3507/1208 6853/3508/1208 6851/3506/1207
f 6854/3507/1208 6856/3509/1209 6855/3510/1209 6853/3508/1208
f 6856/3509/1209 6858/3511/1210 6857/3512/1210 6855/3510/1209
f 6858/3511/1210 6860/3513/1211 6859/3514/1211 6857/3512/1210
f 6860/3513/1211 6862/3515/1212 6861/3516/1212 6859/3514/1211
f 6862/3515/1212 6864/3517/1213 6863/3518/1213 6861/3516/1212
f 6864/3517/1213 6866/3519/1214 6865/3520/1214 6863/3518/1213
f 6866/3519/1214 6868/3521/1215 6867/3522/1215 6865/3520/1214
f 6868/3521/1215 6870/3523/1216 6869/3524/1216 6867/3522/1215
f 6870/3523/1216 6872/3525/1217 6871/3526/1217 6869/3524/1216
f 6872/3525/1217 6874/3527/1218 6873/3528/1218 6871/3526/1217
f 6874/3527/1218 6876/3529/1219 6875/3530/1219 6873/3528/1218
f 6876/3529/1219 6878/3531/1220 6877/3532/1220 6875/3530/1219
f 6878/3531/1220 6880/3533/1221 6879/3534/1221 6877/3532/1220
f 6880/3533/1221 6882/3535/1222 6881/3536/1222 6879/3534/1221
f 6882/3535/1222 6884/3537/1223 6883/3538/1223 6881/3536/1222
f 6884/3537/1223 6886/3539/1224 6885/3540/1224 6883/3538/1223
f 6886/3539/1224 6888/3541/1225 6887/3542/1225 6885/3540/1224
f 6888/3541/1225 6890/3543/1226 6889/3544/1226 6887/3542/1225
f 6890/3543/1226 6892/3545/1227 6891/3546/1227 6889/3544/1226
f 6892/3545/1227 6894/3547/1228 6893/3548/1228 6891/3546/1227
f 6894/3547/1228 6896/3549/1229 6895/3550/1229 6893/3548/1228
f 6896/3549/1229 6898/3551/1230 6897/3552/1230 6895/3550/1229
f 6898/3551/1230 6900/3553/1231 6899/3554/1231 6897/3552/1230
f 6900/3553/1231 6902/3555/1232 6901/3556/1232 6899/3554/1231
f 6902/3555/1232 6904/3557/1233 6903/3558/1233 6901/3556/1232
f 6904/3557/1233 6906/3559/1234 6905/3560/1234 6903/3558/1233
f 6906/3559/1234 6908/3561/863 6907/3562/863 6905/3560/1234
f 6908/3561/863 6910/3563/1235 6909/3564/1235 6907/3562/863
f 6910/3563/1235 6912/3565/1236 6911/3566/1236 6909/3564/1235
f 6912/3565/1236 6914/3567/1237 6913/3568/1237 6911/3566/1236
f 6914/3567/1237 6916/3569/1238 6915/3570/1238 6913/3568/1237
f 6916/3569/1238 6918/3571/1239 6917/3572/1239 6915/3570/1238
f 6918/3571/1239 6920/3573/1240 6919/3574/1240 6917/3572/1239
f 6920/3573/1240 6922/3575/1241 6921/3576/1241 6919/3574/1240
f 6922/3575/1241 6924/3577/1242 6923/3578/1242 6921/3576/1241
f 6924/3577/1242 6926/3579/1243 6925/3580/1243 6923/3578/1242
f 6926/3579/1243 6928/3581/1244 6927/3582/1244 6925/3580/1243
f 6928/3581/1244 6930/3583/1245 6929/3584/1245 6927/3582/1244
f 6930/3583/1245 6932/3585/1246 6931/3586/1246 6929/3584/1245
f 6932/3585/1246 6934/3587/1247 6933/3588/1247 6931/3586/1246
f 6934/3587/1247 6936/3589/1248 6935/3590/1248 6933/3588/1247
f 6936/3589/1248 6938/3591/1249 6937/3592/1249 6935/3590/1248
f 6938/3591/1249 6940/3593/1250 6939/3594/1250 6937/3592/1249
f 6940/3593/1250 6942/3595/1251 6941/3596/1251 6939/3594/1250
f 6942/3595/1251 6944/3597/1252 6943/3598/1252 6941/3596/1251
f 6944/3597/1252 6946/3599/1253 6945/3600/1253 6943/3598/1252
f 6946/3599/1253 6948/3601/1254 6947/3602/1254 6945/3600/1253
f 6948/3601/1254 6950/3603/654 6949/3604/654 6947/3602/1254
f 6950/3603/654 6952/3605/1255 6951/3606/1255 6949/3604/654
f 6952/3605/1255 6954/3607/1256 6953/3608/1256 6951/3606/1255
f 6954/3607/1256 6956/3609/1257 6955/3610/1257 6953/3608/1256
f 6956/3609/1257 6958/3611/1258 6957/3612/1258 6955/3610/1257
f 6958/3611/1258 6960/3613/1259 6959/3614/1259 6957/3612/1258
f 6960/3613/1259 6962/3615/1260 6961/3616/1260 6959/3614/1259
f 6962/3615/1260 6964/3617/1261 6963/3618/1261 6961/3616/1260
f 6964/3617/1261 6966/3619/1262 6965/3620/1262 6963/3618/1261
f 6966/3619/1262 6968/3621/1263 6967/3622/1263 6965/3620/1262
f 6968/3621/1263 6970/3623/117 6969/3624/117 6967/3622/1263
f 6970/3623/117 6972/3625/1264 6971/3626/1264 6969/3624/117
f 6972/3625/1264 6974/3627/1265 6973/3628/1265 6971/3626/1264
f 6974/3627/1265 6976/3629/1266 6975/3630/1266 6973/3628/1265
f 6976/3629/1266 6978/3631/1267 6977/3632/1267 6975/3630/1266
f 6978/3631/1267 6980/3633/1268 6979/3634/1268 6977/3632/1267
f 6980/3633/1268 6982/3635/1269 6981/3636/1269 6979/3634/1268
f 6982/3635/1269 6984/3637/1270 6983/3638/1270 6981/3636/1269
f 6984/3637/1270 6986/3639/1271 6985/3640/1271 6983/3638/1270
f 6986/3639/1271 6988/3641/1272 6987/3642/1272 6985/3640/1271
f 6988/3641/1272 6990/3643/1273 6989/3644/1273 6987/3642/1272
f 6990/3643/1273 6992/3645/1274 6991/3646/1274 6989/3644/1273
f 6992/3645/1274 6994/3647/1275 6993/3648/1275 6991/3646/1274
f 6994/3647/1275 6996/3649/1276 6995/3650/1276 6993/3648/1275
f 6996/3649/1276 6998/3651/1277 6997/3652/1277 6995/3650/1276
f 6998/3651/1277 7000/3653/1278 6999/3654/1278 6997/3652/1277
f 7000/3653/1278 7002/3655/1279 7001/3656/1279 6999/3654/1278
f 7002/3655/1279 7004/3657/1280 7003/3658/1280 7001/3656/1279
f 7004/3657/1280 7006/3659/1281 7005/3660/1281 7003/3658/1280
f 7006/3659/1281 7008/3661/1282 7007/3662/1282 7005/3660/1281
f 7008/3661/1282 7010/3663/1283 7009/3664/1283 7007/3662/1282
f 7010/3663/1283 7012/3665/1284 7011/3666/1284 7009/3664/1283
f 7012/3665/1284 7014/3667/1285 7013/3668/1285 7011/3666/1284
f 7014/3667/1285 7016/3669/1286 7015/3670/1286 7013/3668/1285
f 7016/3669/1286 7018/3671/1287 7017/3672/1287 7015/3670/1286
f 7018/3671/1287 7020/3673/1288 7019/3674/1288 7017/3672/1287
f 7020/3673/1288 7022/3675/1289 7021/3676/1289 7019/3674/1288
f 7022/3675/1289 7024/3677/1290 7023/3678/1290 7021/3676/1289
f 7024/3677/1290 7026/3679/1291 7025/3680/1291 7023/3678/1290
f 7026/3679/1291 7028/3681/1292 7027/3682/1292 7025/3680/1291
f 7028/3681/1292 7030/3683/1293 7029/3684/1293 7027/3682/1292
f 7030/3683/1293 7032/3685/1294 7031/3686/1294 7029/3684/1293
f 7032/3685/1294 7034/3687/1295 7033/3688/1295 7031/3686/1294
f 7034/3687/1295 7036/3689/1296 7035/3690/1296 7033/3688/1295
f 7036/3689/1296 7038/3691/1297 7037/3692/1297 7035/3690/1296
f 7038/3691/1297 7040/3693/1298 7039/3694/1298 7037/3692/1297
f 7040/3693/1298 7042/3695/1299 7041/3696/1299 7039/3694/1298
f 7042/3695/1299 7044/3697/1300 7043/3698/1300 7041/3696/1299
f 7044/3697/1300 7046/3699/1301 7045/3700/1301 7043/3698/1300
f 7046/3699/1301 7048/3701/1302 7047/3702/1302 7045/3700/1301
f 7048/3701/1302 7050/3703/1303 7049/3704/1303 7047/3702/1302
f 7050/3703/1303 7052/3705/1304 7051/3706/1304 7049/3704/1303
f 7052/3705/1304 7054/3707/1305 7053/3708/1305 7051/3706/1304
f 7054/3707/1305 7056/3709/1306 7055/3710/1306 7053/3708/1305
f 7056/3709/1306 7058/3711/1307 7057/3712/1307 7055/3710/1306
f 7058/3711/1307 7060/3713/1308 7059/3714/1308 7057/3712/1307
f 7060/3713/1308 7062/3715/1309 7061/3716/1309 7059/3714/1308
f 7062/3715/1309 7064/3717/1310 7063/3718/1310 7061/3716/1309
f 7064/3717/1310 7066/3719/1311 7065/3720/1311 7063/3718/1310
f 7066/3719/1311 7068/3721/1312 7067/3722/1312 7065/3720/1311
f 7068/3721/1312 7070/3723/1313 7069/3724/1313 7067/3722/1312
f 7070/3723/1313 7072/3725/1314 7071/3726/1314 7069/3724/1313
f 7072/3725/1314 6712/1794/1137 6711/66/1137 7071/3726/1314
f 7074/1182/1315 7076/3727/1316 7075/408/1316 7073/73/1315
f 7076/3727/1316 7078/3728/1317 7077/415/1317 7075/408/1316
f 7078/3728/1317 7080/3729/1318 7079/421/1318 7077/415/1317
f 7080/3729/1318 7082/3730/1319 7081/412/1319 7079/421/1318
f 7082/3730/1319 7084/1233/1320 7083/402/1320 7081/412/1319
f 7084/1233/1320 7086/3731/1321 7085/394/1321 7083/402/1320
f 7086/3731/1321 7088/3732/1322 7087/384/1322 7085/394/1321
f 7088/3732/1322 7090/3733/1323 7089/320/1323 7087/384/1322
f 7090/3733/1323 7092/3734/1324 7091/314/1324 7089/320/1323
f 7092/3734/1324 7094/1284/1325 7093/286/1325 7091/314/1324
f 7094/1284/1325 7096/3735/1326 7095/249/1326 7093/286/1325
f 7096/3735/1326 7098/3736/1327 7097/215/1327 7095/249/1326
f 7098/3736/1327 7100/3737/1328 7099/205/1328 7097/215/1327
f 7100/3737/1328 7102/3738/1329 7101/194/1329 7099/205/1328
f 7102/3738/1329 7104/1335/1330 7103/186/1330 7101/194/1329
f 7104/1335/1330 7106/3739/1331 7105/190/1331 7103/186/1330
f 7106/3739/1331 7108/3740/1332 7107/196/1332 7105/190/1331
f 7108/3740/1332 7110/3741/1333 7109/202/1333 7107/196/1332
f 7110/3741/1333 7112/3742/1334 7111/209/1334 7109/202/1333
f 7112/3742/1334 7114/1386/1335 7113/216/1335 7111/209/1334
f 7114/1386/1335 7116/3743/1336 7115/240/1336 7113/216/1335
f 7116/3743/1336 7118/3744/1337 7117/264/1337 7115/240/1336
f 7118/3744/1337 7120/3745/1338 7119/281/1338 7117/264/1337
f 7120/3745/1338 7122/3746/1339 7121/298/1339 7119/281/1338
f 7122/3746/1339 7124/1437/1340 7123/305/1340 7121/298/1339
f 7124/1437/1340 7126/3747/1341 7125/309/1341 7123/305/1340
f 7126/3747/1341 7128/3748/1342 7127/315/1342 7125/309/1341
f 7128/3748/1342 7130/3749/1343 7129/336/1343 7127/315/1342
f 7130/3749/1343 7132/3750/1344 7131/350/1344 7129/336/1343
f 7132/3750/1344 7134/1488/1345 7133/149/1345 7131/350/1344
f 7134/1488/1345 7136/3751/1346 7135/368/1346 7133/149/1345
f 7136/3751/1346 7138/3752/1347 7137/374/1347 7135/368/1346
f 7138/3752/1347 7140/3753/1348 7139/382/1348 7137/374/1347
f 7140/3753/1348 7142/3754/1349 7141/375/1349 7139/382/1348
f 7142/3754/1349 7144/1539/1350 7143/363/1350 7141/375/1349
f 7144/1539/1350 7146/3755/1351 7145/351/1351 7143/363/1350
f 7146/3755/1351 7148/3756/1352 7147/340/1352 7145/351/1351
f 7148/3756/1352 7150/3757/1353 7149/330/1353 7147/340/1352
f 7150/3757/1353 7152/3758/1354 7151/322/1354 7149/330/1353
f 7152/3758/1354 7154/1590/1355 7153/328/1355 7151/322/1354
f 7154/1590/1355 7156/3759/1356 7155/342/1356 7153/328/1355
f 7156/3759/1356 7158/3760/1357 7157/359/1357 7155/342/1356
f 7158/3760/1357 7160/3761/1358 7159/387/1358 7157/359/1357
f 7160/3761/1358 7162/3762/1359 7161/393/1359 7159/387/1358
f 7162/3762/1359 7164/1641/1360 7163/400/1360 7161/393/1359
f 7164/1641/1360 7166/3763/1361 7165/239/1361 7163/400/1360
f 7166/3763/1361 7168/3764/1362 7167/231/1362 7165/239/1361
f 7168/3764/1362 7170/3765/1363 7169/223/1363 7167/231/1362
f 7170/3765/1363 7172/3766/1364 7171/228/1364 7169/223/1363
f 7172/3766/1364 7174/1692/1365 7173/238/1365 7171/228/1364
f 7174/1692/1365 7176/3767/1366 7175/247/1366 7173/238/1365
f 7176/3767/1366 7178/3768/1367 7177/261/1367 7175/247/1366
f 7178/3768/1367 7180/3769/1368 7179/274/1368 7177/261/1367
f 7180/3769/1368 7182/3770/1369 7181/293/1369 7179/274/1368
f 7182/3770/1369 7184/1743/1370 7183/295/1370 7181/293/1369
f 7184/1743/1370 7186/3771/1371 7185/287/1371 7183/295/1370
f 7186/3771/1371 7188/3772/677 7187/278/677 7185/287/1371
f 7188/3772/677 7190/3773/1372 7189/267/1372 7187/278/677
f 7190/3773/1372 7192/3774/1373 7191/257/1373 7189/267/1372
f 7192/3774/1373 7074/1794/1315 7073/66/1315 7191/257/1373
f 7194/1182/1374 7196/3775/1375 7195/660/1375 7193/73/1374
f 7196/3775/1375 7198/1195/1376 7197/410/1376 7195/660/1375
f 7198/1195/1376 7200/3776/1377 7199/655/1377 7197/410/1376
f 7200/3776/1377 7202/1208/1378 7201/418/1378 7199/655/1377
f 7202/1208/1378 7204/3777/1379 7203/624/1379 7201/418/1378
f 7204/3777/1379 7206/1221/1380 7205/414/1380 7203/624/1379
f 7206/1221/1380 7208/3778/1381 7207/656/1381 7205/414/1380
f 7208/3778/1381 7210/1233/1382 7209/402/1382 7207/656/1381
f 7210/1233/1382 7212/3779/1383 7211/646/1383 7209/402/1382
f 7212/3779/1383 7214/1246/1384 7213/391/1384 7211/646/1383
f 7214/1246/1384 7216/3780/1385 7215/632/1385 7213/391/1384
f 7216/3780/1385 7218/1259/1386 7217/352/1386 7215/632/1385
f 7218/1259/1386 7220/3781/1387 7219/642/1387 7217/352/1386
f 7220/3781/1387 7222/1271/1388 7221/317/1388 7219/642/1387
f 7222/1271/1388 7224/3782/1389 7223/674/1389 7221/317/1388
f 7224/3782/1389 7226/1284/1390 7225/286/1390 7223/674/1389
f 7226/1284/1390 7228/3783/1391 7227/725/1391 7225/286/1390
f 7228/3783/1391 7230/1297/1392 7229/236/1392 7227/725/1391
f 7230/1297/1392 7232/3784/1393 7231/770/1393 7229/236/1392
f 7232/3784/1393 7234/1310/1394 7233/210/1394 7231/770/1393
f 7234/1310/1394 7236/3785/1395 7235/814/1395 7233/210/1394
f 7236/3785/1395 7238/1322/1396 7237/197/1396 7235/814/1395
f 7238/1322/1396 7240/3786/1397 7239/836/1397 7237/197/1396
f 7240/3786/1397 7242/1335/1398 7241/186/1398 7239/836/1397
f 7242/1335/1398 7244/3787/1399 7243/828/1399 7241/186/1398
f 7244/3787/1399 7246/1348/1400 7245/192/1400 7243/828/1399
f 7246/1348/1400 7248/3788/1401 7247/780/1401 7245/192/1400
f 7248/3788/1401 7250/1360/1402 7249/199/1402 7247/780/1401
f 7250/1360/1402 7252/3789/1403 7251/749/1403 7249/199/1402
f 7252/3789/1403 7254/1373/1404 7253/207/1404 7251/749/1403
f 7254/1373/1404 7256/3790/1405 7255/721/1405 7253/207/1404
f 7256/3790/1405 7258/1386/1406 7257/216/1406 7255/721/1405
f 7258/1386/1406 7260/3791/1407 7259/681/1407 7257/216/1406
f 7260/3791/1407 7262/1399/1408 7261/248/1408 7259/681/1407
f 7262/1399/1408 7264/3792/1409 7263/686/1409 7261/248/1408
f 7264/3792/1409 7266/1411/1410 7265/273/1410 7263/686/1409
f 7266/1411/1410 7268/3793/1411 7267/703/1411 7265/273/1410
f 7268/3793/1411 7270/1424/1412 7269/294/1412 7267/703/1411
f 7270/1424/1412 7272/3794/1413 7271/719/1413 7269/294/1412
f 7272/3794/1413 7274/1437/1414 7273/305/1414 7271/719/1413
f 7274/1437/1414 7276/3795/1415 7275/753/1415 7273/305/1414
f 7276/3795/1415 7278/1449/1416 7277/311/1416 7275/753/1415
f 7278/1449/1416 7280/3796/1417 7279/793/1417 7277/311/1416
f 7280/3796/1417 7282/1462/1418 7281/321/1418 7279/793/1417
f 7282/1462/1418 7284/3797/1419 7283/830/1419 7281/321/1418
f 7284/3797/1419 7286/1475/1420 7285/347/1420 7283/830/1419
f 7286/1475/1420 7288/3798/1421 7287/847/1421 7285/347/1420
f 7288/3798/1421 7290/1488/1422 7289/149/1422 7287/847/1421
f 7290/1488/1422 7292/3799/1423 7291/846/1423 7289/149/1422
f 7292/3799/1423 7294/1501/1424 7293/369/1424 7291/846/1423
f 7294/1501/1424 7296/3800/1425 7295/829/1425 7293/369/1424
f 7296/3800/1425 7298/1514/1426 7297/379/1426 7295/829/1425
f 7298/1514/1426 7300/3801/1427 7299/792/1427 7297/379/1426
f 7300/3801/1427 7302/1527/1278 7301/377/1278 7299/792/1427
f 7302/1527/1278 7304/3802/1428 7303/752/1428 7301/377/1278
f 7304/3802/1428 7306/1539/443 7305/363/443 7303/752/1428
f 7306/1539/443 7308/3803/1429 7307/718/1429 7305/363/443
f 7308/3803/1429 7310/1552/1430 7309/348/1430 7307/718/1429
f 7310/1552/1430 7312/3804/1431 7311/694/1431 7309/348/1430
f 7312/3804/1431 7314/1565/1432 7313/335/1432 7311/694/1431
f 7314/1565/1432 7316/3805/1433 7315/700/1433 7313/335/1432
f 7316/3805/1433 7318/1577/1434 7317/325/1434 7315/700/1433
f 7318/1577/1434 7320/3806/1435 7319/730/1435 7317/325/1434
f 7320/3806/1435 7322/1590/1436 7321/328/1436 7319/730/1435
f 7322/1590/1436 7324/3807/1437 7323/737/1437 7321/328/1436
f 7324/3807/1437 7326/1603/1438 7325/346/1438 7323/737/1437
f 7326/1603/1438 7328/3808/1439 7327/759/1439 7325/346/1438
f 7328/3808/1439 7330/1616/1440 7329/378/1440 7327/759/1439
f 7330/1616/1440 7332/3809/1441 7331/769/1441 7329/378/1440
f 7332/3809/1441 7334/1628/1442 7333/392/1442 7331/769/1441
f 7334/1628/1442 7336/3810/1443 7335/781/1443 7333/392/1442
f 7336/3810/1443 7338/1641/1444 7337/400/1444 7335/781/1443
f 7338/1641/1444 7340/3811/1445 7339/795/1445 7337/400/1444
f 7340/3811/1445 7342/1654/1446 7341/237/1446 7339/795/1445
f 7342/1654/1446 7344/3812/1447 7343/812/1447 7341/237/1446
f 7344/3812/1447 7346/1666/1448 7345/227/1448 7343/812/1447
f 7346/1666/1448 7348/3813/1449 7347/823/1449 7345/227/1448
f 7348/3813/1449 7350/1679/1450 7349/226/1450 7347/823/1449
f 7350/1679/1450 7352/3814/1451 7351/796/1451 7349/226/1450
f 7352/3814/1451 7354/1692/1452 7353/238/1452 7351/796/1451
f 7354/1692/1452 7356/3815/1453 7355/772/1453 7353/238/1452
f 7356/3815/1453 7358/1705/1454 7357/251/1454 7355/772/1453
f 7358/1705/1454 7360/3816/1455 7359/717/1455 7357/251/1454
f 7360/3816/1455 7362/1717/1456 7361/266/1456 7359/717/1455
f 7362/1717/1456 7364/3817/1457 7363/683/1457 7361/266/1456
f 7364/3817/1457 7366/1730/1458 7365/288/1458 7363/683/1457
f 7366/1730/1458 7368/3818/1459 7367/670/1459 7365/288/1458
f 7368/3818/1459 7370/1743/1460 7369/295/1460 7367/670/1459
f 7370/1743/1460 7372/3819/1461 7371/639/1461 7369/295/1460
f 7372/3819/1461 7374/1755/1462 7373/284/1462 7371/639/1461
f 7374/1755/1462 7376/3820/1463 7375/614/1463 7373/284/1462
f 7376/3820/1463 7378/1768/1464 7377/272/1464 7375/614/1463
f 7378/1768/1464 7380/3821/1465 7379/618/1465 7377/272/1464
f 7380/3821/1465 7382/1781/1466 7381/260/1466 7379/618/1465
f 7382/1781/1466 7384/3822/1467 7383/643/1467 7381/260/1466
f 7384/3822/1467 7194/1794/1374 7193/66/1374 7383/643/1467
f 7386/1182/1468 7388/3775/1469 7387/660/1469 7385/73/1468
f 7388/3775/1469 7390/1195/1470 7389/410/1470 7387/660/1469
f 7390/1195/1470 7392/3776/1471 7391/655/1471 7389/410/1470
f 7392/3776/1471 7394/1208/1472 7393/418/1472 7391/655/1471
f 7394/1208/1472 7396/3777/1473 7395/624/1473 7393/418/1472
f 7396/3777/1473 7398/1221/1474 7397/414/1474 7395/624/1473
f 7398/1221/1474 7400/3778/1475 7399/656/1475 7397/414/1474
f 7400/3778/1475 7402/1233/1476 7401/402/1476 7399/656/1475
f 7402/1233/1476 7404/3779/1388 7403/646/1388 7401/402/1476
f 7404/3779/1388 7406/1246/1477 7405/391/1477 7403/646/1388
f 7406/1246/1477 7408/3780/1478 7407/632/1478 7405/391/1477
f 7408/3780/1478 7410/1259/1479 7409/352/1479 7407/632/1478
f 7410/1259/1479 7412/3781/1480 7411/642/1480 7409/352/1479
f 7412/3781/1480 7414/1271/1481 7413/317/1481 7411/642/1480
f 7414/1271/1481 7416/3782/1482 7415/674/1482 7413/317/1481
f 7416/3782/1482 7418/1284/1483 7417/286/1483 7415/674/1482
f 7418/1284/1483 7420/3783/1484 7419/725/1484 7417/286/1483
f 7420/3783/1484 7422/1297/1485 7421/236/1485 7419/725/1484
f 7422/1297/1485 7424/3784/1486 7423/770/1486 7421/236/1485
f 7424/3784/1486 7426/1310/1487 7425/210/1487 7423/770/1486
f 7426/1310/1487 7428/3785/1488 7427/814/1488 7425/210/1487
f 7428/3785/1488 7430/1322/1489 7429/197/1489 7427/814/1488
f 7430/1322/1489 7432/3786/1490 7431/836/1490 7429/197/1489
f 7432/3786/1490 7434/1335/1491 7433/186/1491 7431/836/1490
f 7434/1335/1491 7436/3787/1492 7435/828/1492 7433/186/1491
f 7436/3787/1492 7438/1348/1493 7437/192/1493 7435/828/1492
f 7438/1348/1493 7440/3788/1494 7439/780/1494 7437/192/1493
f 7440/3788/1494 7442/1360/1495 7441/199/1495 7439/780/1494
f 7442/1360/1495 7444/3789/1496 7443/749/1496 7441/199/1495
f 7444/3789/1496 7446/1373/1497 7445/207/1497 7443/749/1496
f 7446/1373/1497 7448/3790/1498 7447/721/1498 7445/207/1497
f 7448/3790/1498 7450/1386/1499 7449/216/1499 7447/721/1498
f 7450/1386/1499 7452/3791/1500 7451/681/1500 7449/216/1499
f 7452/3791/1500 7454/1399/1501 7453/248/1501 7451/681/1500
f 7454/1399/1501 7456/3792/1502 7455/686/1502 7453/248/1501
f 7456/3792/1502 7458/1411/1503 7457/273/1503 7455/686/1502
f 7458/1411/1503 7460/3793/1504 7459/703/1504 7457/273/1503
f 7460/3793/1504 7462/1424/1505 7461/294/1505 7459/703/1504
f 7462/1424/1505 7464/3794/1506 7463/719/1506 7461/294/1505
f 7464/3794/1506 7466/1437/1507 7465/305/1507 7463/719/1506
f 7466/1437/1507 7468/3795/1508 7467/753/1508 7465/305/1507
f 7468/3795/1508 7470/1449/1509 7469/311/1509 7467/753/1508
f 7470/1449/1509 7472/3796/1510 7471/793/1510 7469/311/1509
f 7472/3796/1510 7474/1462/1511 7473/321/1511 7471/793/1510
f 7474/1462/1511 7476/3797/1512 7475/830/1512 7473/321/1511
f 7476/3797/1512 7478/1475/1513 7477/347/1513 7475/830/1512
f 7478/1475/1513 7480/3798/1514 7479/847/1514 7477/347/1513
f 7480/3798/1514 7482/1488/1515 7481/149/1515 7479/847/1514
f 7482/1488/1515 7484/3799/1516 7483/846/1516 7481/149/1515
f 7484/3799/1516 7486/1501/1517 7485/369/1517 7483/846/1516
f 7486/1501/1517 7488/3800/1518 7487/829/1518 7485/369/1517
f 7488/3800/1518 7490/1514/1519 7489/379/1519 7487/829/1518
f 7490/1514/1519 7492/3801/1520 7491/792/1520 7489/379/1519
f 7492/3801/1520 7494/1527/1521 7493/377/1521 7491/792/1520
f 7494/1527/1521 7496/3802/1522 7495/752/1522 7493/377/1521
f 7496/3802/1522 7498/1539/1523 7497/363/1523 7495/752/1522
f 7498/1539/1523 7500/3803/1524 7499/718/1524 7497/363/1523
f 7500/3803/1524 7502/1552/1525 7501/348/1525 7499/718/1524
f 7502/1552/1525 7504/3804/1526 7503/694/1526 7501/348/1525
f 7504/3804/1526 7506/1565/1197 7505/335/1197 7503/694/1526
f 7506/1565/1197 7508/3805/1527 7507/700/1527 7505/335/1197
f 7508/3805/1527 7510/1577/1528 7509/325/1528 7507/700/1527
f 7510/1577/1528 7512/3806/1529 7511/730/1529 7509/325/1528
f 7512/3806/1529 7514/1590/1530 7513/328/1530 7511/730/1529
f 7514/1590/1530 7516/3807/1531 7515/737/1531 7513/328/1530
f 7516/3807/1531 7518/1603/1532 7517/346/1532 7515/737/1531
f 7518/1603/1532 7520/3808/1533 7519/759/1533 7517/346/1532
f 7520/3808/1533 7522/1616/1534 7521/378/1534 7519/759/1533
f 7522/1616/1534 7524/3809/1535 7523/769/1535 7521/378/1534
f 7524/3809/1535 7526/1628/1536 7525/392/1536 7523/769/1535
f 7526/1628/1536 7528/3810/1537 7527/781/1537 7525/392/1536
f 7528/3810/1537 7530/1641/1538 7529/400/1538 7527/781/1537
f 7530/1641/1538 7532/3811/1539 7531/795/1539 7529/400/1538
f 7532/3811/1539 7534/1654/1540 7533/237/1540 7531/795/1539
f 7534/1654/1540 7536/3812/1541 7535/812/1541 7533/237/1540
f 7536/3812/1541 7538/1666/1542 7537/227/1542 7535/812/1541
f 7538/1666/1542 7540/3813/1543 7539/823/1543 7537/227/1542
f 7540/3813/1543 7542/1679/1544 7541/226/1544 7539/823/1543
f 7542/1679/1544 7544/3814/1545 7543/796/1545 7541/226/1544
f 7544/3814/1545 7546/1692/1546 7545/238/1546 7543/796/1545
f 7546/1692/1546 7548/3815/1547 7547/772/1547 7545/238/1546
f 7548/3815/1547 7550/1705/1548 7549/251/1548 7547/772/1547
f 7550/1705/1548 7552/3816/1549 7551/717/1549 7549/251/1548
f 7552/3816/1549 7554/1717/1550 7553/266/1550 7551/717/1549
f 7554/1717/1550 7556/3817/1551 7555/683/1551 7553/266/1550
f 7556/3817/1551 7558/1730/1552 7557/288/1552 7555/683/1551
f 7558/1730/1552 7560/3818/1171 7559/670/1171 7557/288/1552
f 7560/3818/1171 7562/1743/1553 7561/295/1553 7559/670/1171
f 7562/1743/1553 7564/3819/1554 7563/639/1554 7561/295/1553
f 7564/3819/1554 7566/1755/1555 7565/284/1555 7563/639/1554
f 7566/1755/1555 7568/3820/1556 7567/614/1556 7565/284/1555
f 7568/3820/1556 7570/1768/1557 7569/272/1557 7567/614/1556
f 7570/1768/1557 7572/3821/1558 7571/618/1558 7569/272/1557
f 7572/3821/1558 7574/1781/1559 7573/260/1559 7571/618/1558
f 7574/1781/1559 7576/3822/1560 7575/643/1560 7573/260/1559
f 7576/3822/1560 7386/1794/1468 7385/66/1468 7575/643/1560
f 7578/1182/1561 7580/3823/1562 7579/3824/1562 7577/73/1561
f 7580/3823/1562 7582/3775/1563 7581/660/1563 7579/3824/1562
f 7582/3775/1563 7584/3825/1564 7583/3826/1564 7581/660/1563
f 7584/3825/1564 7586/1195/1565 7585/410/1565 7583/3826/1564
f 7586/1195/1565 7588/3827/1566 7587/3828/1566 7585/410/1565
f 7588/3827/1566 7590/3776/1567 7589/655/1567 7587/3828/1566
f 7590/3776/1567 7592/3829/1568 7591/3830/1568 7589/655/1567
f 7592/3829/1568 7594/1208/1569 7593/418/1569 7591/3830/1568
f 7594/1208/1569 7596/3831/1570 7595/3832/1570 7593/418/1569
f 7596/3831/1570 7598/3777/1571 7597/624/1571 7595/3832/1570
f 7598/3777/1571 7600/3833/1572 7599/3834/1572 7597/624/1571
f 7600/3833/1572 7602/1221/1573 7601/414/1573 7599/3834/1572
f 7602/1221/1573 7604/3835/1574 7603/3836/1574 7601/414/1573
f 7604/3835/1574 7606/3778/1575 7605/656/1575 7603/3836/1574
f 7606/3778/1575 7608/3837/1576 7607/3838/1576 7605/656/1575
f 7608/3837/1576 7610/1233/1577 7609/402/1577 7607/3838/1576
f 7610/1233/1577 7612/3839/1578 7611/3840/1578 7609/402/1577
f 7612/3839/1578 7614/3779/1579 7613/646/1579 7611/3840/1578
f 7614/3779/1579 7616/3841/1580 7615/3842/1580 7613/646/1579
f 7616/3841/1580 7618/1246/1581 7617/391/1581 7615/3842/1580
f 7618/1246/1581 7620/3843/1582 7619/3844/1582 7617/391/1581
f 7620/3843/1582 7622/3780/1583 7621/632/1583 7619/3844/1582
f 7622/3780/1583 7624/3845/1584 7623/3846/1584 7621/632/1583
f 7624/3845/1584 7626/1259/1585 7625/352/1585 7623/3846/1584
f 7626/1259/1585 7628/3847/1586 7627/3848/1586 7625/352/1585
f 7628/3847/1586 7630/3781/1587 7629/642/1587 7627/3848/1586
f 7630/3781/1587 7632/3849/1588 7631/3850/1588 7629/642/1587
f 7632/3849/1588 7634/1271/1589 7633/317/1589 7631/3850/1588
f 7634/1271/1589 7636/3851/1590 7635/3852/1590 7633/317/1589
f 7636/3851/1590 7638/3782/1591 7637/674/1591 7635/3852/1590
f 7638/3782/1591 7640/3853/1592 7639/3854/1592 7637/674/1591
f 7640/3853/1592 7642/1284/1593 7641/286/1593 7639/3854/1592
f 7642/1284/1593 7644/3855/1594 7643/3856/1594 7641/286/1593
f 7644/3855/1594 7646/3783/1595 7645/725/1595 7643/3856/1594
f 7646/3783/1595 7648/3857/1596 7647/3858/1596 7645/725/1595
f 7648/3857/1596 7650/1297/1597 7649/236/1597 7647/3858/1596
f 7650/1297/1597 7652/3859/1598 7651/3860/1598 7649/236/1597
f 7652/3859/1598 7654/3784/1599 7653/770/1599 7651/3860/1598
f 7654/3784/1599 7656/3861/1600 7655/3862/1600 7653/770/1599
f 7656/3861/1600 7658/1310/1601 7657/210/1601 7655/3862/1600
f 7658/1310/1601 7660/3863/1602 7659/3864/1602 7657/210/1601
f 7660/3863/1602 7662/3785/1603 7661/814/1603 7659/3864/1602
f 7662/3785/1603 7664/3865/1604 7663/3866/1604 7661/814/1603
f 7664/3865/1604 7666/1322/1605 7665/197/1605 7663/3866/1604
f 7666/1322/1605 7668/3867/1606 7667/3868/1606 7665/197/1605
f 7668/3867/1606 7670/3786/1607 7669/836/1607 7667/3868/1606
f 7670/3786/1607 7672/3869/1608 7671/3870/1608 7669/836/1607
f 7672/3869/1608 7674/1335/1609 7673/186/1609 7671/3870/1608
f 7674/1335/1609 7676/3871/1610 7675/3872/1610 7673/186/1609
f 7676/3871/1610 7678/3787/1611 7677/828/1611 7675/3872/1610
f 7678/3787/1611 7680/3873/1612 7679/3874/1612 7677/828/1611
f 7680/3873/1612 7682/1348/1613 7681/192/1613 7679/3874/1612
f 7682/1348/1613 7684/3875/1614 7683/3876/1614 7681/192/1613
f 7684/3875/1614 7686/3788/1615 7685/780/1615 7683/3876/1614
f 7686/3788/1615 7688/3877/1616 7687/3878/1616 7685/780/1615
f 7688/3877/1616 7690/1360/1617 7689/199/1617 7687/3878/1616
f 7690/1360/1617 7692/3879/1618 7691/3880/1618 7689/199/1617
f 7692/3879/1618 7694/3789/1619 7693/749/1619 7691/3880/1618
f 7694/3789/1619 7696/3881/1620 7695/3882/1620 7693/749/1619
f 7696/3881/1620 7698/1373/1621 7697/207/1621 7695/3882/1620
f 7698/1373/1621 7700/3883/1622 7699/3884/1622 7697/207/1621
f 7700/3883/1622 7702/3790/1623 7701/721/1623 7699/3884/1622
f 7702/3790/1623 7704/3885/1624 7703/3886/1624 7701/721/1623
f 7704/3885/1624 7706/1386/1625 7705/216/1625 7703/3886/1624
f 7706/1386/1625 7708/3887/1626 7707/3888/1626 7705/216/1625
f 7708/3887/1626 7710/3791/1627 7709/681/1627 7707/3888/1626
f 7710/3791/1627 7712/3889/1628 7711/3890/1628 7709/681/1627
f 7712/3889/1628 7714/1399/1629 7713/248/1629 7711/3890/1628
f 7714/1399/1629 7716/3891/820 7715/3892/820 7713/248/1629
f 7716/3891/820 7718/3792/1071 7717/686/1071 7715/3892/820
f 7718/3792/1071 7720/3893/1630 7719/3894/1630 7717/686/1071
f 7720/3893/1630 7722/1411/1631 7721/273/1631 7719/3894/1630
f 7722/1411/1631 7724/3895/1632 7723/3896/1632 7721/273/1631
f 7724/3895/1632 7726/3793/1633 7725/703/1633 7723/3896/1632
f 7726/3793/1633 7728/3897/1634 7727/3898/1634 7725/703/1633
f 7728/3897/1634 7730/1424/1635 7729/294/1635 7727/3898/1634
f 7730/1424/1635 7732/3899/1636 7731/3900/1636 7729/294/1635
f 7732/3899/1636 7734/3794/1637 7733/719/1637 7731/3900/1636
f 7734/3794/1637 7736/3901/1638 7735/3902/1638 7733/719/1637
f 7736/3901/1638 7738/1437/1639 7737/305/1639 7735/3902/1638
f 7738/1437/1639 7740/3903/1640 7739/3904/1640 7737/305/1639
f 7740/3903/1640 7742/3795/1641 7741/753/1641 7739/3904/1640
f 7742/3795/1641 7744/3905/1642 7743/3906/1642 7741/753/1641
f 7744/3905/1642 7746/1449/1643 7745/311/1643 7743/3906/1642
f 7746/1449/1643 7748/3907/1644 7747/3908/1644 7745/311/1643
f 7748/3907/1644 7750/3796/1645 7749/793/1645 7747/3908/1644
f 7750/3796/1645 7752/3909/1646 7751/3910/1646 7749/793/1645
f 7752/3909/1646 7754/1462/1647 7753/321/1647 7751/3910/1646
f 7754/1462/1647 7756/3911/1648 7755/3912/1648 7753/321/1647
f 7756/3911/1648 7758/3797/1649 7757/830/1649 7755/3912/1648
f 7758/3797/1649 7760/3913/1650 7759/3914/1650 7757/830/1649
f 7760/3913/1650 7762/1475/1651 7761/347/1651 7759/3914/1650
f 7762/1475/1651 7764/3915/1652 7763/3916/1652 7761/347/1651
f 7764/3915/1652 7766/3798/1653 7765/847/1653 7763/3916/1652
f 7766/3798/1653 7768/3917/1654 7767/3918/1654 7765/847/1653
f 7768/3917/1654 7770/1488/1655 7769/149/1655 7767/3918/1654
f 7770/1488/1655 7772/3919/1656 7771/3920/1656 7769/149/1655
f 7772/3919/1656 7774/3799/1657 7773/846/1657 7771/3920/1656
f 7774/3799/1657 7776/3921/1658 7775/3922/1658 7773/846/1657
f 7776/3921/1658 7778/1501/1439 7777/369/1439 7775/3922/1658
f 7778/1501/1439 7780/3923/1659 7779/3924/1659 7777/369/1439
f 7780/3923/1659 7782/3800/1660 7781/829/1660 7779/3924/1659
f 7782/3800/1660 7784/3925/1661 7783/3926/1661 7781/829/1660
f 7784/3925/1661 7786/1514/1662 7785/379/1662 7783/3926/1661
f 7786/1514/1662 7788/3927/1663 7787/3928/1663 7785/379/1662
f 7788/3927/1663 7790/3801/1664 7789/792/1664 7787/3928/1663
f 7790/3801/1664 7792/3929/1665 7791/3930/1665 7789/792/1664
f 7792/3929/1665 7794/1527/1666 7793/377/1666 7791/3930/1665
f 7794/1527/1666 7796/3931/1667 7795/3932/1667 7793/377/1666
f 7796/3931/1667 7798/3802/1668 7797/752/1668 7795/3932/1667
f 7798/3802/1668 7800/3933/1669 7799/3934/1669 7797/752/1668
f 7800/3933/1669 7802/1539/1670 7801/363/1670 7799/3934/1669
f 7802/1539/1670 7804/3935/1671 7803/3936/1671 7801/363/1670
f 7804/3935/1671 7806/3803/1672 7805/718/1672 7803/3936/1671
f 7806/3803/1672 7808/3937/1673 7807/3938/1673 7805/718/1672
f 7808/3937/1673 7810/1552/1674 7809/348/1674 7807/3938/1673
f 7810/1552/1674 7812/3939/1675 7811/3940/1675 7809/348/1674
f 7812/3939/1675 7814/3804/1676 7813/694/1676 7811/3940/1675
f 7814/3804/1676 7816/3941/1677 7815/3942/1677 7813/694/1676
f 7816/3941/1677 7818/1565/1678 7817/335/1678 7815/3942/1677
f 7818/1565/1678 7820/3943/1679 7819/3944/1679 7817/335/1678
f 7820/3943/1679 7822/3805/1680 7821/700/1680 7819/3944/1679
f 7822/3805/1680 7824/3945/1681 7823/3946/1681 7821/700/1680
f 7824/3945/1681 7826/1577/1682 7825/325/1682 7823/3946/1681
f 7826/1577/1682 7828/3947/1683 7827/3948/1683 7825/325/1682
f 7828/3947/1683 7830/3806/1684 7829/730/1684 7827/3948/1683
f 7830/3806/1684 7832/3949/1685 7831/3950/1685 7829/730/1684
f 7832/3949/1685 7834/1590/1686 7833/328/1686 7831/3950/1685
f 7834/1590/1686 7836/3951/1687 7835/3952/1687 7833/328/1686
f 7836/3951/1687 7838/3807/1688 7837/737/1688 7835/3952/1687
f 7838/3807/1688 7840/3953/1689 7839/3954/1689 7837/737/1688
f 7840/3953/1689 7842/1603/1690 7841/346/1690 7839/3954/1689
f 7842/1603/1690 7844/3955/1691 7843/3956/1691 7841/346/1690
f 7844/3955/1691 7846/3808/1692 7845/759/1692 7843/3956/1691
f 7846/3808/1692 7848/3957/1693 7847/3958/1693 7845/759/1692
f 7848/3957/1693 7850/1616/1694 7849/378/1694 7847/3958/1693
f 7850/1616/1694 7852/3959/1695 7851/3960/1695 7849/378/1694
f 7852/3959/1695 7854/3809/1696 7853/769/1696 7851/3960/1695
f 7854/3809/1696 7856/3961/1697 7855/3962/1697 7853/769/1696
f 7856/3961/1697 7858/1628/1698 7857/392/1698 7855/3962/1697
f 7858/1628/1698 7860/3963/1699 7859/3964/1699 7857/392/1698
f 7860/3963/1699 7862/3810/1700 7861/781/1700 7859/3964/1699
f 7862/3810/1700 7864/3965/1701 7863/3966/1701 7861/781/1700
f 7864/3965/1701 7866/1641/1702 7865/400/1702 7863/3966/1701
f 7866/1641/1702 7868/3967/1703 7867/3968/1703 7865/400/1702
f 7868/3967/1703 7870/3811/1704 7869/795/1704 7867/3968/1703
f 7870/3811/1704 7872/3969/1705 7871/3970/1705 7869/795/1704
f 7872/3969/1705 7874/1654/1706 7873/237/1706 7871/3970/1705
f 7874/1654/1706 7876/3971/1707 7875/3972/1707 7873/237/1706
f 7876/3971/1707 7878/3812/1708 7877/812/1708 7875/3972/1707
f 7878/3812/1708 7880/3973/1709 7879/3974/1709 7877/812/1708
f 7880/3973/1709 7882/1666/1710 7881/227/1710 7879/3974/1709
f 7882/1666/1710 7884/3975/1711 7883/3976/1711 7881/227/1710
f 7884/3975/1711 7886/3813/1712 7885/823/1712 7883/3976/1711
f 7886/3813/1712 7888/3977/1527 7887/3978/1527 7885/823/1712
f 7888/3977/1527 7890/1679/1713 7889/226/1713 7887/3978/1527
f 7890/1679/1713 7892/3979/1714 7891/3980/1714 7889/226/1713
f 7892/3979/1714 7894/3814/1715 7893/796/1715 7891/3980/1714
f 7894/3814/1715 7896/3981/1716 7895/3982/1716 7893/796/1715
f 7896/3981/1716 7898/1692/1717 7897/238/1717 7895/3982/1716
f 7898/1692/1717 7900/3983/1718 7899/3984/1718 7897/238/1717
f 7900/3983/1718 7902/3815/1719 7901/772/1719 7899/3984/1718
f 7902/3815/1719 7904/3985/1720 7903/3986/1720 7901/772/1719
f 7904/3985/1720 7906/1705/1721 7905/251/1721 7903/3986/1720
f 7906/1705/1721 7908/3987/1722 7907/3988/1722 7905/251/1721
f 7908/3987/1722 7910/3816/1723 7909/717/1723 7907/3988/1722
f 7910/3816/1723 7912/3989/1724 7911/3990/1724 7909/717/1723
f 7912/3989/1724 7914/1717/1725 7913/266/1725 7911/3990/1724
f 7914/1717/1725 7916/3991/1726 7915/3992/1726 7913/266/1725
f 7916/3991/1726 7918/3817/1727 7917/683/1727 7915/3992/1726
f 7918/3817/1727 7920/3993/1728 7919/3994/1728 7917/683/1727
f 7920/3993/1728 7922/1730/1729 7921/288/1729 7919/3994/1728
f 7922/1730/1729 7924/3995/1730 7923/3996/1730 7921/288/1729
f 7924/3995/1730 7926/3818/1731 7925/670/1731 7923/3996/1730
f 7926/3818/1731 7928/3997/1732 7927/3998/1732 7925/670/1731
f 7928/3997/1732 7930/1743/1733 7929/295/1733 7927/3998/1732
f 7930/1743/1733 7932/3999/1734 7931/4000/1734 7929/295/1733
f 7932/3999/1734 7934/3819/1735 7933/639/1735 7931/4000/1734
f 7934/3819/1735 7936/4001/1736 7935/4002/1736 7933/639/1735
f 7936/4001/1736 7938/1755/1737 7937/284/1737 7935/4002/1736
f 7938/1755/1737 7940/4003/1738 7939/4004/1738 7937/284/1737
f 7940/4003/1738 7942/3820/1739 7941/614/1739 7939/4004/1738
f 7942/3820/1739 7944/4005/1740 7943/4006/1740 7941/614/1739
f 7944/4005/1740 7946/1768/1741 7945/272/1741 7943/4006/1740
f 7946/1768/1741 7948/4007/1742 7947/4008/1742 7945/272/1741
f 7948/4007/1742 7950/3821/1743 7949/618/1743 7947/4008/1742
f 7950/3821/1743 7952/4009/1744 7951/4010/1744 7949/618/1743
f 7952/4009/1744 7954/1781/1745 7953/260/1745 7951/4010/1744
f 7954/1781/1745 7956/4011/1746 7955/4012/1746 7953/260/1745
f 7956/4011/1746 7958/3822/1747 7957/643/1747 7955/4012/1746
f 7958/3822/1747 7960/4013/1748 7959/4014/1748 7957/643/1747
f 7960/4013/1748 7578/1794/1561 7577/66/1561 7959/4014/1748
f 7962/1182/1137 7964/3367/1138 7963/3368/1138 7961/73/1137
f 7964/3367/1138 7966/3369/1139 7965/3370/1139 7963/3368/1138
f 7966/3369/1139 7968/3371/1140 7967/3372/1140 7965/3370/1139
f 7968/3371/1140 7970/3373/1141 7969/3374/1141 7967/3372/1140
f 7970/3373/1141 7972/3375/1142 7971/3376/1142 7969/3374/1141
f 7972/3375/1142 7974/3377/1143 7973/3378/1143 7971/3376/1142
f 7974/3377/1143 7976/3379/1144 7975/3380/1144 7973/3378/1143
f 7976/3379/1144 7978/3381/1145 7977/3382/1145 7975/3380/1144
f 7978/3381/1145 7980/3383/1146 7979/3384/1146 7977/3382/1145
f 7980/3383/1146 7982/3385/1147 7981/3386/1147 7979/3384/1146
f 7982/3385/1147 7984/3387/1148 7983/3388/1148 7981/3386/1147
f 7984/3387/1148 7986/3389/1149 7985/3390/1149 7983/3388/1148
f 7986/3389/1149 7988/3391/1150 7987/3392/1150 7985/3390/1149
f 7988/3391/1150 7990/3393/1151 7989/3394/1151 7987/3392/1150
f 7990/3393/1151 7992/3395/1152 7991/3396/1152 7989/3394/1151
f 7992/3395/1152 7994/3397/1153 7993/3398/1153 7991/3396/1152
f 7994/3397/1153 7996/3399/1154 7995/3400/1154 7993/3398/1153
f 7996/3399/1154 7998/3401/1155 7997/3402/1155 7995/3400/1154
f 7998/3401/1155 8000/3403/1156 7999/3404/1156 7997/3402/1155
f 8000/3403/1156 8002/3405/1749 8001/3406/1749 7999/3404/1156
f 8002/3405/1749 8004/3407/1158 8003/3408/1158 8001/3406/1749
f 8004/3407/1158 8006/3409/1159 8005/3410/1159 8003/3408/1158
f 8006/3409/1159 8008/3411/1160 8007/3412/1160 8005/3410/1159
f 8008/3411/1160 8010/3413/1750 8009/3414/1750 8007/3412/1160
f 8010/3413/1750 8012/3415/1162 8011/3416/1162 8009/3414/1750
f 8012/3415/1162 8014/3417/1163 8013/3418/1163 8011/3416/1162
f 8014/3417/1163 8016/3419/1164 8015/3420/1164 8013/3418/1163
f 8016/3419/1164 8018/3421/1165 8017/3422/1165 8015/3420/1164
f 8018/3421/1165 8020/3423/1166 8019/3424/1166 8017/3422/1165
f 8020/3423/1166 8022/3425/1167 8021/3426/1167 8019/3424/1166
f 8022/3425/1167 8024/3427/1168 8023/3428/1168 8021/3426/1167
f 8024/3427/1168 8026/3429/1751 8025/3430/1751 8023/3428/1168
f 8026/3429/1751 8028/3431/1170 8027/3432/1170 8025/3430/1751
f 8028/3431/1170 8030/3433/1171 8029/3434/1171 8027/3432/1170
f 8030/3433/1171 8032/3435/1172 8031/3436/1172 8029/3434/1171
f 8032/3435/1172 8034/3437/1752 8033/3438/1752 8031/3436/1172
f 8034/3437/1752 8036/3439/1174 8035/3440/1174 8033/3438/1752
f 8036/3439/1174 8038/3441/1175 8037/3442/1175 8035/3440/1174
f 8038/3441/1175 8040/3443/1176 8039/3444/1176 8037/3442/1175
f 8040/3443/1176 8042/3445/1177 8041/3446/1177 8039/3444/1176
f 8042/3445/1177 8044/3447/1178 8043/3448/1178 8041/3446/1177
f 8044/3447/1178 8046/3449/1179 8045/3450/1179 8043/3448/1178
f 8046/3449/1179 8048/3451/1180 8047/3452/1180 8045/3450/1179
f 8048/3451/1180 8050/3453/1181 8049/3454/1181 8047/3452/1180
f 8050/3453/1181 8052/3455/1182 8051/3456/1182 8049/3454/1181
f 8052/3455/1182 8054/3457/1183 8053/3458/1183 8051/3456/1182
f 8054/3457/1183 8056/3459/1184 8055/3460/1184 8053/3458/1183
f 8056/3459/1184 8058/3461/1185 8057/3462/1185 8055/3460/1184
f 8058/3461/1185 8060/3463/1753 8059/3464/1753 8057/3462/1185
f 8060/3463/1753 8062/3465/1187 8061/3466/1187 8059/3464/1753
f 8062/3465/1187 8064/3467/1188 8063/3468/1188 8061/3466/1187
f 8064/3467/1188 8066/3469/1189 8065/3470/1189 8063/3468/1188
f 8066/3469/1189 8068/3471/1190 8067/3472/1190 8065/3470/1189
f 8068/3471/1190 8070/3473/1191 8069/3474/1191 8067/3472/1190
f 8070/3473/1191 8072/3475/1192 8071/3476/1192 8069/3474/1191
f 8072/3475/1192 8074/3477/1754 8073/3478/1754 8071/3476/1192
f 8074/3477/1754 8076/3479/1194 8075/3480/1194 8073/3478/1754
f 8076/3479/1194 8078/3481/1195 8077/3482/1195 8075/3480/1194
f 8078/3481/1195 8080/3483/1196 8079/3484/1196 8077/3482/1195
f 8080/3483/1196 8082/3485/1197 8081/3486/1197 8079/3484/1196
f 8082/3485/1197 8084/3487/1198 8083/3488/1198 8081/3486/1197
f 8084/3487/1198 8086/3489/1199 8085/3490/1199 8083/3488/1198
f 8086/3489/1199 8088/3491/1200 8087/3492/1200 8085/3490/1199
f 8088/3491/1200 8090/3493/1201 8089/3494/1201 8087/3492/1200
f 8090/3493/1201 8092/3495/1202 8091/3496/1202 8089/3494/1201
f 8092/3495/1202 8094/3497/1203 8093/3498/1203 8091/3496/1202
f 8094/3497/1203 8096/3499/1204 8095/3500/1204 8093/3498/1203
f 8096/3499/1204 8098/3501/1205 8097/3502/1205 8095/3500/1204
f 8098/3501/1205 8100/3503/1206 8099/3504/1206 8097/3502/1205
f 8100/3503/1206 8102/3505/1207 8101/3506/1207 8099/3504/1206
f 8102/3505/1207 8104/3507/1208 8103/3508/1208 8101/3506/1207
f 8104/3507/1208 8106/3509/1209 8105/3510/1209 8103/3508/1208
f 8106/3509/1209 8108/3511/1210 8107/3512/1210 8105/3510/1209
f 8108/3511/1210 8110/3513/1755 8109/3514/1755 8107/3512/1210
f 8110/3513/1755 8112/3515/1212 8111/3516/1212 8109/3514/1755
f 8112/3515/1212 8114/3517/1213 8113/3518/1213 8111/3516/1212
f 8114/3517/1213 8116/3519/1214 8115/3520/1214 8113/3518/1213
f 8116/3519/1214 8118/3521/1215 8117/3522/1215 8115/3520/1214
f 8118/3521/1215 8120/3523/1216 8119/3524/1216 8117/3522/1215
f 8120/3523/1216 8122/3525/1217 8121/3526/1217 8119/3524/1216
f 8122/3525/1217 8124/3527/1218 8123/3528/1218 8121/3526/1217
f 8124/3527/1218 8126/3529/1219 8125/3530/1219 8123/3528/1218
f 8126/3529/1219 8128/3531/1220 8127/3532/1220 8125/3530/1219
f 8128/3531/1220 8130/3533/1221 8129/3534/1221 8127/3532/1220
f 8130/3533/1221 8132/3535/1222 8131/3536/1222 8129/3534/1221
f 8132/3535/1222 8134/3537/1756 8133/3538/1756 8131/3536/1222
f 8134/3537/1756 8136/3539/1224 8135/3540/1224 8133/3538/1756
f 8136/3539/1224 8138/3541/1225 8137/3542/1225 8135/3540/1224
f 8138/3541/1225 8140/3543/1226 8139/3544/1226 8137/3542/1225
f 8140/3543/1226 8142/3545/1227 8141/3546/1227 8139/3544/1226
f 8142/3545/1227 8144/3547/1228 8143/3548/1228 8141/3546/1227
f 8144/3547/1228 8146/3549/1229 8145/3550/1229 8143/3548/1228
f 8146/3549/1229 8148/3551/1230 8147/3552/1230 8145/3550/1229
f 8148/3551/1230 8150/3553/1231 8149/3554/1231 8147/3552/1230
f 8150/3553/1231 8152/3555/1757 8151/3556/1757 8149/3554/1231
f 8152/3555/1757 8154/3557/1233 8153/3558/1233 8151/3556/1757
f 8154/3557/1233 8156/3559/1234 8155/3560/1234 8153/3558/1233
f 8156/3559/1234 8158/3561/863 8157/3562/863 8155/3560/1234
f 8158/3561/863 8160/3563/1235 8159/3564/1235 8157/3562/863
f 8160/3563/1235 8162/3565/1236 8161/3566/1236 8159/3564/1235
f 8162/3565/1236 8164/3567/1237 8163/3568/1237 8161/3566/1236
f 8164/3567/1237 8166/3569/1238 8165/3570/1238 8163/3568/1237
f 8166/3569/1238 8168/3571/1239 8167/3572/1239 8165/3570/1238
f 8168/3571/1239 8170/3573/1240 8169/3574/1240 8167/3572/1239
f 8170/3573/1240 8172/3575/1241 8171/3576/1241 8169/3574/1240
f 8172/3575/1241 8174/3577/1242 8173/3578/1242 8171/3576/1241
f 8174/3577/1242 8176/3579/1243 8175/3580/1243 8173/3578/1242
f 8176/3579/1243 8178/3581/1244 8177/3582/1244 8175/3580/1243
f 8178/3581/1244 8180/3583/1245 8179/3584/1245 8177/3582/1244
f 8180/3583/1245 8182/3585/1758 8181/3586/1758 8179/3584/1245
f 8182/3585/1758 8184/3587/1247 8183/3588/1247 8181/3586/1758
f 8184/3587/1247 8186/3589/1248 8185/3590/1248 8183/3588/1247
f 8186/3589/1248 8188/3591/1249 8187/3592/1249 8185/3590/1248
f 8188/3591/1249 8190/3593/1250 8189/3594/1250 8187/3592/1249
f 8190/3593/1250 8192/3595/1251 8191/3596/1251 8189/3594/1250
f 8192/3595/1251 8194/3597/1252 8193/3598/1252 8191/3596/1251
f 8194/3597/1252 8196/3599/1759 8195/3600/1759 8193/3598/1252
f 8196/3599/1759 8198/3601/1760 8197/3602/1760 8195/3600/1759
f 8198/3601/1760 8200/3603/654 8199/3604/654 8197/3602/1760
f 8200/3603/654 8202/3605/1255 8201/3606/1255 8199/3604/654
f 8202/3605/1255 8204/3607/1256 8203/3608/1256 8201/3606/1255
f 8204/3607/1256 8206/3609/1257 8205/3610/1257 8203/3608/1256
f 8206/3609/1257 8208/3611/1258 8207/3612/1258 8205/3610/1257
f 8208/3611/1258 8210/3613/1259 8209/3614/1259 8207/3612/1258
f 8210/3613/1259 8212/3615/1260 8211/3616/1260 8209/3614/1259
f 8212/3615/1260 8214/3617/1261 8213/3618/1261 8211/3616/1260
f 8214/3617/1261 8216/3619/1262 8215/3620/1262 8213/3618/1261
f 8216/3619/1262 8218/3621/1263 8217/3622/1263 8215/3620/1262
f 8218/3621/1263 8220/3623/117 8219/3624/117 8217/3622/1263
f 8220/3623/117 8222/3625/1264 8221/3626/1264 8219/3624/117
f 8222/3625/1264 8224/3627/1265 8223/3628/1265 8221/3626/1264
f 8224/3627/1265 8226/3629/1266 8225/3630/1266 8223/3628/1265
f 8226/3629/1266 8228/3631/1267 8227/3632/1267 8225/3630/1266
f 8228/3631/1267 8230/3633/1268 8229/3634/1268 8227/3632/1267
f 8230/3633/1268 8232/3635/1269 8231/3636/1269 8229/3634/1268
f 8232/3635/1269 8234/3637/1270 8233/3638/1270 8231/3636/1269
f 8234/3637/1270 8236/3639/1271 8235/3640/1271 8233/3638/1270
f 8236/3639/1271 8238/3641/1272 8237/3642/1272 8235/3640/1271
f 8238/3641/1272 8240/3643/1273 8239/3644/1273 8237/3642/1272
f 8240/3643/1273 8242/3645/1274 8241/3646/1274 8239/3644/1273
f 8242/3645/1274 8244/3647/1275 8243/3648/1275 8241/3646/1274
f 8244/3647/1275 8246/3649/1276 8245/3650/1276 8243/3648/1275
f 8246/3649/1276 8248/3651/1277 8247/3652/1277 8245/3650/1276
f 8248/3651/1277 8250/3653/1278 8249/3654/1278 8247/3652/1277
f 8250/3653/1278 8252/3655/1279 8251/3656/1279 8249/3654/1278
f 8252/3655/1279 8254/3657/1280 8253/3658/1280 8251/3656/1279
f 8254/3657/1280 8256/3659/1281 8255/3660/1281 8253/3658/1280
f 8256/3659/1281 8258/3661/1282 8257/3662/1282 8255/3660/1281
f 8258/3661/1282 8260/3663/1283 8259/3664/1283 8257/3662/1282
f 8260/3663/1283 8262/3665/1284 8261/3666/1284 8259/3664/1283
f 8262/3665/1284 8264/3667/1285 8263/3668/1285 8261/3666/1284
f 8264/3667/1285 8266/3669/1286 8265/3670/1286 8263/3668/1285
f 8266/3669/1286 8268/3671/1287 8267/3672/1287 8265/3670/1286
f 8268/3671/1287 8270/3673/1288 8269/3674/1288 8267/3672/1287
f 8270/3673/1288 8272/3675/1289 8271/3676/1289 8269/3674/1288
f 8272/3675/1289 8274/3677/1290 8273/3678/1290 8271/3676/1289
f 8274/3677/1290 8276/3679/1291 8275/3680/1291 8273/3678/1290
f 8276/3679/1291 8278/3681/1292 8277/3682/1292 8275/3680/1291
f 8278/3681/1292 8280/3683/1293 8279/3684/1293 8277/3682/1292
f 8280/3683/1293 8282/3685/1294 8281/3686/1294 8279/3684/1293
f 8282/3685/1294 8284/3687/1295 8283/3688/1295 8281/3686/1294
f 8284/3687/1295 8286/3689/1296 8285/3690/1296 8283/3688/1295
f 8286/3689/1296 8288/3691/1297 8287/3692/1297 8285/3690/1296
f 8288/3691/1297 8290/3693/1298 8289/3694/1298 8287/3692/1297
f 8290/3693/1298 8292/3695/1299 8291/3696/1299 8289/3694/1298
f 8292/3695/1299 8294/3697/1300 8293/3698/1300 8291/3696/1299
f 8294/3697/1300 8296/3699/1761 8295/3700/1761 8293/3698/1300
f 8296/3699/1761 8298/3701/1302 8297/3702/1302 8295/3700/1761
f 8298/3701/1302 8300/3703/1303 8299/3704/1303 8297/3702/1302
f 8300/3703/1303 8302/3705/1304 8301/3706/1304 8299/3704/1303
f 8302/3705/1304 8304/3707/1305 8303/3708/1305 8301/3706/1304
f 8304/3707/1305 8306/3709/1225 8305/3710/1225 8303/3708/1305
f 8306/3709/1225 8308/3711/1307 8307/3712/1307 8305/3710/1225
f 8308/3711/1307 8310/3713/1308 8309/3714/1308 8307/3712/1307
f 8310/3713/1308 8312/3715/1309 8311/3716/1309 8309/3714/1308
f 8312/3715/1309 8314/3717/1310 8313/3718/1310 8311/3716/1309
f 8314/3717/1310 8316/3719/1311 8315/3720/1311 8313/3718/1310
f 8316/3719/1311 8318/3721/1312 8317/3722/1312 8315/3720/1311
f 8318/3721/1312 8320/3723/1313 8319/3724/1313 8317/3722/1312
f 8320/3723/1313 8322/3725/1314 8321/3726/1314 8319/3724/1313
f 8322/3725/1314 7962/1794/1137 7961/66/1137 8321/3726/1314
f 8324/1182/1315 8326/3727/1316 8325/408/1316 8323/73/1315
f 8326/3727/1316 8328/3728/1317 8327/415/1317 8325/408/1316
f 8328/3728/1317 8330/3729/1318 8329/421/1318 8327/415/1317
f 8330/3729/1318 8332/3730/1319 8331/412/1319 8329/421/1318
f 8332/3730/1319 8334/1233/1320 8333/402/1320 8331/412/1319
f 8334/1233/1320 8336/3731/1321 8335/394/1321 8333/402/1320
f 8336/3731/1321 8338/3732/1322 8337/384/1322 8335/394/1321
f 8338/3732/1322 8340/3733/1323 8339/320/1323 8337/384/1322
f 8340/3733/1323 8342/3734/1324 8341/314/1324 8339/320/1323
f 8342/3734/1324 8344/1284/1325 8343/286/1325 8341/314/1324
f 8344/1284/1325 8346/3735/1326 8345/249/1326 8343/286/1325
f 8346/3735/1326 8348/3736/1327 8347/215/1327 8345/249/1326
f 8348/3736/1327 8350/3737/1328 8349/205/1328 8347/215/1327
f 8350/3737/1328 8352/3738/1329 8351/194/1329 8349/205/1328
f 8352/3738/1329 8354/1335/1330 8353/186/1330 8351/194/1329
f 8354/1335/1330 8356/3739/1331 8355/190/1331 8353/186/1330
f 8356/3739/1331 8358/3740/1332 8357/196/1332 8355/190/1331
f 8358/3740/1332 8360/3741/1333 8359/202/1333 8357/196/1332
f 8360/3741/1333 8362/3742/1334 8361/209/1334 8359/202/1333
f 8362/3742/1334 8364/1386/1335 8363/216/1335 8361/209/1334
f 8364/1386/1335 8366/3743/1336 8365/240/1336 8363/216/1335
f 8366/3743/1336 8368/3744/1337 8367/264/1337 8365/240/1336
f 8368/3744/1337 8370/3745/1338 8369/281/1338 8367/264/1337
f 8370/3745/1338 8372/3746/1339 8371/298/1339 8369/281/1338
f 8372/3746/1339 8374/1437/1340 8373/305/1340 8371/298/1339
f 8374/1437/1340 8376/3747/1341 8375/309/1341 8373/305/1340
f 8376/3747/1341 8378/3748/1342 8377/315/1342 8375/309/1341
f 8378/3748/1342 8380/3749/1343 8379/336/1343 8377/315/1342
f 8380/3749/1343 8382/3750/1344 8381/350/1344 8379/336/1343
f 8382/3750/1344 8384/1488/1345 8383/149/1345 8381/350/1344
f 8384/1488/1345 8386/3751/1346 8385/368/1346 8383/149/1345
f 8386/3751/1346 8388/3752/1762 8387/374/1762 8385/368/1346
f 8388/3752/1762 8390/3753/1348 8389/382/1348 8387/374/1762
f 8390/3753/1348 8392/3754/1349 8391/375/1349 8389/382/1348
f 8392/3754/1349 8394/1539/1350 8393/363/1350 8391/375/1349
f 8394/1539/1350 8396/3755/1351 8395/351/1351 8393/363/1350
f 8396/3755/1351 8398/3756/1352 8397/340/1352 8395/351/1351
f 8398/3756/1352 8400/3757/1763 8399/330/1763 8397/340/1352
f 8400/3757/1763 8402/3758/1354 8401/322/1354 8399/330/1763
f 8402/3758/1354 8404/1590/1355 8403/328/1355 8401/322/1354
f 8404/1590/1355 8406/3759/1356 8405/342/1356 8403/328/1355
f 8406/3759/1356 8408/3760/1357 8407/359/1357 8405/342/1356
f 8408/3760/1357 8410/3761/1358 8409/387/1358 8407/359/1357
f 8410/3761/1358 8412/3762/1359 8411/393/1359 8409/387/1358
f 8412/3762/1359 8414/1641/1360 8413/400/1360 8411/393/1359
f 8414/1641/1360 8416/3763/1361 8415/239/1361 8413/400/1360
f 8416/3763/1361 8418/3764/1362 8417/231/1362 8415/239/1361
f 8418/3764/1362 8420/3765/1363 8419/223/1363 8417/231/1362
f 8420/3765/1363 8422/3766/1364 8421/228/1364 8419/223/1363
f 8422/3766/1364 8424/1692/1365 8423/238/1365 8421/228/1364
f 8424/1692/1365 8426/3767/1366 8425/247/1366 8423/238/1365
f 8426/3767/1366 8428/3768/1367 8427/261/1367 8425/247/1366
f 8428/3768/1367 8430/3769/1368 8429/274/1368 8427/261/1367
f 8430/3769/1368 8432/3770/1369 8431/293/1369 8429/274/1368
f 8432/3770/1369 8434/1743/1370 8433/295/1370 8431/293/1369
f 8434/1743/1370 8436/3771/1371 8435/287/1371 8433/295/1370
f 8436/3771/1371 8438/3772/677 8437/278/677 8435/287/1371
f 8438/3772/677 8440/3773/1372 8439/267/1372 8437/278/677
f 8440/3773/1372 8442/3774/1373 8441/257/1373 8439/267/1372
f 8442/3774/1373 8324/1794/1315 8323/66/1315 8441/257/1373
f 8444/1182/1764 8446/4015/1765 8445/4016/1765 8443/73/1764
f 8446/4015/1765 8448/4017/1766 8447/4018/1766 8445/4016/1765
f 8448/4017/1766 8450/4019/1767 8449/4020/1767 8447/4018/1766
f 8450/4019/1767 8452/4021/1768 8451/4022/1768 8449/4020/1767
f 8452/4021/1768 8454/4023/1769 8453/4024/1769 8451/4022/1768
f 8454/4023/1769 8456/4025/1770 8455/4026/1770 8453/4024/1769
f 8456/4025/1770 8458/4027/1007 8457/4028/1007 8455/4026/1770
f 8458/4027/1007 8460/4029/1771 8459/4030/1771 8457/4028/1007
f 8460/4029/1771 8462/4031/1772 8461/4032/1772 8459/4030/1771
f 8462/4031/1772 8464/4033/1017 8463/4034/1017 8461/4032/1772
f 8464/4033/1017 8466/4035/1773 8465/4036/1773 8463/4034/1017
f 8466/4035/1773 8468/4037/1774 8467/4038/1774 8465/4036/1773
f 8468/4037/1774 8470/4039/1775 8469/4040/1775 8467/4038/1774
f 8470/4039/1775 8472/4041/1776 8471/4042/1776 8469/4040/1775
f 8472/4041/1776 8474/4043/1777 8473/4044/1777 8471/4042/1776
f 8474/4043/1777 8476/4045/1778 8475/4046/1778 8473/4044/1777
f 8476/4045/1778 8478/4047/1779 8477/4048/1779 8475/4046/1778
f 8478/4047/1779 8480/4049/1780 8479/4050/1780 8477/4048/1779
f 8480/4049/1780 8482/4051/1781 8481/4052/1781 8479/4050/1780
f 8482/4051/1781 8484/4053/1782 8483/4054/1782 8481/4052/1781
f 8484/4053/1782 8486/4055/1783 8485/4056/1783 8483/4054/1782
f 8486/4055/1783 8488/4057/1784 8487/4058/1784 8485/4056/1783
f 8488/4057/1784 8490/4059/1785 8489/4060/1785 8487/4058/1784
f 8490/4059/1785 8492/4061/1786 8491/4062/1786 8489/4060/1785
f 8492/4061/1786 8494/4063/1787 8493/4064/1787 8491/4062/1786
f 8494/4063/1787 8496/4065/1788 8495/4066/1788 8493/4064/1787
f 8496/4065/1788 8498/4067/1789 8497/4068/1789 8495/4066/1788
f 8498/4067/1789 8500/4069/1790 8499/4070/1790 8497/4068/1789
f 8500/4069/1790 8502/4071/1791 8501/4072/1791 8499/4070/1790
f 8502/4071/1791 8504/4073/1792 8503/4074/1792 8501/4072/1791
f 8504/4073/1792 8506/4075/1793 8505/4076/1793 8503/4074/1792
f 8506/4075/1793 8508/4077/1794 8507/4078/1794 8505/4076/1793
f 8508/4077/1794 8510/4079/1795 8509/4080/1795 8507/4078/1794
f 8510/4079/1795 8512/4081/1796 8511/4082/1796 8509/4080/1795
f 8512/4081/1796 8514/4083/1797 8513/4084/1797 8511/4082/1796
f 8514/4083/1797 8516/4085/1798 8515/4086/1798 8513/4084/1797
f 8516/4085/1798 8518/4087/1799 8517/4088/1799 8515/4086/1798
f 8518/4087/1799 8520/4089/1800 8519/4090/1800 8517/4088/1799
f 8520/4089/1800 8522/4091/1801 8521/4092/1801 8519/4090/1800
f 8522/4091/1801 8524/4093/1802 8523/4094/1802 8521/4092/1801
f 8524/4093/1802 8526/4095/1803 8525/4096/1803 8523/4094/1802
f 8526/4095/1803 8528/4097/1804 8527/4098/1804 8525/4096/1803
f 8528/4097/1804 8530/4099/1805 8529/4100/1805 8527/4098/1804
f 8530/4099/1805 8532/4101/1806 8531/4102/1806 8529/4100/1805
f 8532/4101/1806 8534/4103/1807 8533/4104/1807 8531/4102/1806
f 8534/4103/1807 8536/4105/1808 8535/4106/1808 8533/4104/1807
f 8536/4105/1808 8538/4107/1809 8537/4108/1809 8535/4106/1808
f 8538/4107/1809 8540/4109/1810 8539/4110/1810 8537/4108/1809
f 8540/4109/1810 8542/4111/1811 8541/4112/1811 8539/4110/1810
f 8542/4111/1811 8544/4113/1812 8543/4114/1812 8541/4112/1811
f 8544/4113/1812 8546/4115/897 8545/4116/897 8543/4114/1812
f 8546/4115/897 8548/4117/1813 8547/4118/1813 8545/4116/897
f 8548/4117/1813 8550/4119/1814 8549/4120/1814 8547/4118/1813
f 8550/4119/1814 8552/4121/1815 8551/4122/1815 8549/4120/1814
f 8552/4121/1815 8554/4123/1816 8553/4124/1816 8551/4122/1815
f 8554/4123/1816 8556/4125/1817 8555/4126/1817 8553/4124/1816
f 8556/4125/1817 8558/4127/1818 8557/4128/1818 8555/4126/1817
f 8558/4127/1818 8560/4129/1819 8559/4130/1819 8557/4128/1818
f 8560/4129/1819 8562/4131/1820 8561/4132/1820 8559/4130/1819
f 8562/4131/1820 8564/4133/1821 8563/4134/1821 8561/4132/1820
f 8564/4133/1821 8566/1386/1822 8565/216/1822 8563/4134/1821
f 8566/1386/1822 8568/4135/1823 8567/4136/1823 8565/216/1822
f 8568/4135/1823 8570/4137/1824 8569/4138/1824 8567/4136/1823
f 8570/4137/1824 8572/4139/1825 8571/4140/1825 8569/4138/1824
f 8572/4139/1825 8574/4141/1826 8573/4142/1826 8571/4140/1825
f 8574/4141/1826 8576/4143/1827 8575/4144/1827 8573/4142/1826
f 8576/4143/1827 8578/4145/1828 8577/4146/1828 8575/4144/1827
f 8578/4145/1828 8580/4147/1829 8579/4148/1829 8577/4146/1828
f 8580/4147/1829 8582/4149/1830 8581/4150/1830 8579/4148/1829
f 8582/4149/1830 8584/4151/1831 8583/4152/1831 8581/4150/1830
f 8584/4151/1831 8586/4153/1832 8585/4154/1832 8583/4152/1831
f 8586/4153/1832 8588/4155/1833 8587/4156/1833 8585/4154/1832
f 8588/4155/1833 8590/4157/1834 8589/4158/1834 8587/4156/1833
f 8590/4157/1834 8592/4159/1835 8591/4160/1835 8589/4158/1834
f 8592/4159/1835 8594/4161/1836 8593/4162/1836 8591/4160/1835
f 8594/4161/1836 8596/4163/1837 8595/4164/1837 8593/4162/1836
f 8596/4163/1837 8598/4165/1838 8597/4166/1838 8595/4164/1837
f 8598/4165/1838 8600/4167/1839 8599/4168/1839 8597/4166/1838
f 8600/4167/1839 8602/4169/1840 8601/4170/1840 8599/4168/1839
f 8602/4169/1840 8604/4171/1841 8603/4172/1841 8601/4170/1840
f 8604/4171/1841 8606/4173/1842 8605/4174/1842 8603/4172/1841
f 8606/4173/1842 8608/4175/1843 8607/4176/1843 8605/4174/1842
f 8608/4175/1843 8610/4177/1844 8609/4178/1844 8607/4176/1843
f 8610/4177/1844 8612/4179/1845 8611/4180/1845 8609/4178/1844
f 8612/4179/1845 8614/4181/1846 8613/4182/1846 8611/4180/1845
f 8614/4181/1846 8616/4183/1847 8615/4184/1847 8613/4182/1846
f 8616/4183/1847 8618/4185/1848 8617/4186/1848 8615/4184/1847
f 8618/4185/1848 8620/4187/1849 8619/4188/1849 8617/4186/1848
f 8620/4187/1849 8622/4189/1850 8621/4190/1850 8619/4188/1849
f 8622/4189/1850 8624/4191/1851 8623/4192/1851 8621/4190/1850
f 8624/4191/1851 8626/4193/1852 8625/4194/1852 8623/4192/1851
f 8626/4193/1852 8628/4195/1853 8627/4196/1853 8625/4194/1852
f 8628/4195/1853 8630/4197/1854 8629/4198/1854 8627/4196/1853
f 8630/4197/1854 8632/4199/1855 8631/4200/1855 8629/4198/1854
f 8632/4199/1855 8634/4201/1856 8633/4202/1856 8631/4200/1855
f 8634/4201/1856 8636/4203/1857 8635/4204/1857 8633/4202/1856
f 8636/4203/1857 8638/4205/1858 8637/4206/1858 8635/4204/1857
f 8638/4205/1858 8640/4207/1859 8639/4208/1859 8637/4206/1858
f 8640/4207/1859 8642/4209/1860 8641/4210/1860 8639/4208/1859
f 8642/4209/1860 8644/4211/1861 8643/4212/1861 8641/4210/1860
f 8644/4211/1861 8646/4213/1862 8645/4214/1862 8643/4212/1861
f 8646/4213/1862 8648/4215/1863 8647/4216/1863 8645/4214/1862
f 8648/4215/1863 8650/4217/1864 8649/4218/1864 8647/4216/1863
f 8650/4217/1864 8652/4219/1865 8651/4220/1865 8649/4218/1864
f 8652/4219/1865 8654/4221/1866 8653/4222/1866 8651/4220/1865
f 8654/4221/1866 8656/4223/1867 8655/4224/1867 8653/4222/1866
f 8656/4223/1867 8658/4225/1868 8657/4226/1868 8655/4224/1867
f 8658/4225/1868 8660/4227/1869 8659/4228/1869 8657/4226/1868
f 8660/4227/1869 8662/4229/1870 8661/4230/1870 8659/4228/1869
f 8662/4229/1870 8664/4231/1871 8663/4232/1871 8661/4230/1870
f 8664/4231/1871 8666/4233/1872 8665/4234/1872 8663/4232/1871
f 8666/4233/1872 8668/4235/1873 8667/4236/1873 8665/4234/1872
f 8668/4235/1873 8670/4237/1870 8669/4238/1870 8667/4236/1873
f 8670/4237/1870 8672/4239/1869 8671/4240/1869 8669/4238/1870
f 8672/4239/1869 8674/4241/1874 8673/4242/1874 8671/4240/1869
f 8674/4241/1874 8676/4243/1867 8675/4244/1867 8673/4242/1874
f 8676/4243/1867 8678/4245/1866 8677/4246/1866 8675/4244/1867
f 8678/4245/1866 8680/4247/1865 8679/4248/1865 8677/4246/1866
f 8680/4247/1865 8682/4249/1864 8681/4250/1864 8679/4248/1865
f 8682/4249/1864 8684/4251/1863 8683/4252/1863 8681/4250/1864
f 8684/4251/1863 8686/4253/1862 8685/4254/1862 8683/4252/1863
f 8686/4253/1862 8688/1590/1861 8687/328/1861 8685/4254/1862
f 8688/1590/1861 8690/4255/1875 8689/4256/1875 8687/328/1861
f 8690/4255/1875 8692/4257/1876 8691/4258/1876 8689/4256/1875
f 8692/4257/1876 8694/4259/1877 8693/4260/1877 8691/4258/1876
f 8694/4259/1877 8696/4261/1878 8695/4262/1878 8693/4260/1877
f 8696/4261/1878 8698/4263/1879 8697/4264/1879 8695/4262/1878
f 8698/4263/1879 8700/4265/1880 8699/4266/1880 8697/4264/1879
f 8700/4265/1880 8702/4267/1881 8701/4268/1881 8699/4266/1880
f 8702/4267/1881 8704/4269/1882 8703/4270/1882 8701/4268/1881
f 8704/4269/1882 8706/4271/1883 8705/4272/1883 8703/4270/1882
f 8706/4271/1883 8708/4273/1884 8707/4274/1884 8705/4272/1883
f 8708/4273/1884 8710/4275/1885 8709/4276/1885 8707/4274/1884
f 8710/4275/1885 8712/4277/1886 8711/4278/1886 8709/4276/1885
f 8712/4277/1886 8714/4279/1887 8713/4280/1887 8711/4278/1886
f 8714/4279/1887 8716/4281/1888 8715/4282/1888 8713/4280/1887
f 8716/4281/1888 8718/4283/1889 8717/4284/1889 8715/4282/1888
f 8718/4283/1889 8720/4285/1890 8719/4286/1890 8717/4284/1889
f 8720/4285/1890 8722/4287/1891 8721/4288/1891 8719/4286/1890
f 8722/4287/1891 8724/4289/1892 8723/4290/1892 8721/4288/1891
f 8724/4289/1892 8726/4291/1893 8725/4292/1893 8723/4290/1892
f 8726/4291/1893 8728/4293/1894 8727/4294/1894 8725/4292/1893
f 8728/4293/1894 8730/4295/1895 8729/4296/1895 8727/4294/1894
f 8730/4295/1895 8732/4297/1896 8731/4298/1896 8729/4296/1895
f 8732/4297/1896 8734/4299/1897 8733/4300/1897 8731/4298/1896
f 8734/4299/1897 8736/4301/1898 8735/4302/1898 8733/4300/1897
f 8736/4301/1898 8738/4303/1899 8737/4304/1899 8735/4302/1898
f 8738/4303/1899 8740/4305/1900 8739/4306/1900 8737/4304/1899
f 8740/4305/1900 8742/4307/1523 8741/4308/1523 8739/4306/1900
f 8742/4307/1523 8744/4309/1901 8743/4310/1901 8741/4308/1523
f 8744/4309/1901 8746/4311/1902 8745/4312/1902 8743/4310/1901
f 8746/4311/1902 8748/4313/1903 8747/4314/1903 8745/4312/1902
f 8748/4313/1903 8750/4315/1904 8749/4316/1904 8747/4314/1903
f 8750/4315/1904 8752/4317/1905 8751/4318/1905 8749/4316/1904
f 8752/4317/1905 8754/4319/1906 8753/4320/1906 8751/4318/1905
f 8754/4319/1906 8756/4321/1907 8755/4322/1907 8753/4320/1906
f 8756/4321/1907 8758/4323/1908 8757/4324/1908 8755/4322/1907
f 8758/4323/1908 8760/4325/1909 8759/4326/1909 8757/4324/1908
f 8760/4325/1909 8762/4327/1910 8761/4328/1910 8759/4326/1909
f 8762/4327/1910 8764/4329/1911 8763/4330/1911 8761/4328/1910
f 8764/4329/1911 8766/4331/1912 8765/4332/1912 8763/4330/1911
f 8766/4331/1912 8768/4333/1913 8767/4334/1913 8765/4332/1912
f 8768/4333/1913 8770/4335/1914 8769/4336/1914 8767/4334/1913
f 8770/4335/1914 8772/4337/1915 8771/4338/1915 8769/4336/1914
f 8772/4337/1915 8774/4339/1916 8773/4340/1916 8771/4338/1915
f 8774/4339/1916 8776/4341/1917 8775/4342/1917 8773/4340/1916
f 8776/4341/1917 8778/4343/1918 8777/4344/1918 8775/4342/1917
f 8778/4343/1918 8780/4345/1919 8779/4346/1919 8777/4344/1918
f 8780/4345/1919 8782/4347/1920 8781/4348/1920 8779/4346/1919
f 8782/4347/1920 8784/4349/1921 8783/4350/1921 8781/4348/1920
f 8784/4349/1921 8786/4351/1922 8785/4352/1922 8783/4350/1921
f 8786/4351/1922 8788/4353/1923 8787/4354/1923 8785/4352/1922
f 8788/4353/1923 8790/4355/1924 8789/4356/1924 8787/4354/1923
f 8790/4355/1924 8792/4357/1925 8791/4358/1925 8789/4356/1924
f 8792/4357/1925 8794/4359/1926 8793/4360/1926 8791/4358/1925
f 8794/4359/1926 8796/4361/1927 8795/4362/1927 8793/4360/1926
f 8796/4361/1927 8798/4363/1928 8797/4364/1928 8795/4362/1927
f 8798/4363/1928 8800/4365/1929 8799/4366/1929 8797/4364/1928
f 8800/4365/1929 8802/4367/1930 8801/4368/1930 8799/4366/1929
f 8802/4367/1930 8804/4369/1931 8803/4370/1931 8801/4368/1930
f 8804/4369/1931 8806/4371/1932 8805/4372/1932 8803/4370/1931
f 8806/4371/1932 8808/4373/1933 8807/4374/1933 8805/4372/1932
f 8808/4373/1933 8444/1794/1764 8443/66/1764 8807/4374/1933
