# Blender 4.4.1
# www.blender.org
mtllib enemy.mtl
o 太鼓１
v 0.167086 0.687992 -0.105555
v 0.170234 0.687992 0.100398
v 0.163845 0.655084 -0.105506
v 0.166994 0.655084 0.100448
v 0.154247 0.623441 -0.105359
v 0.157396 0.623441 0.100595
v 0.138661 0.594278 -0.105121
v 0.141810 0.594278 0.100833
v 0.117686 0.568717 -0.104800
v 0.120835 0.568717 0.101154
v 0.092128 0.547740 -0.104409
v 0.095277 0.547740 0.101544
v 0.062969 0.532152 -0.103963
v 0.066118 0.532152 0.101990
v 0.031330 0.522553 -0.103480
v 0.034478 0.522553 0.102474
v -0.001574 0.519312 -0.102977
v 0.001574 0.519312 0.102977
v -0.034478 0.522553 -0.102474
v -0.031330 0.522553 0.103480
v -0.066118 0.532152 -0.101990
v -0.062969 0.532152 0.103963
v -0.095277 0.547740 -0.101544
v -0.092128 0.547740 0.104409
v -0.120835 0.568717 -0.101154
v -0.117686 0.568717 0.104800
v -0.141810 0.594278 -0.100833
v -0.138661 0.594278 0.105121
v -0.157396 0.623441 -0.100595
v -0.154247 0.623441 0.105359
v -0.166994 0.655084 -0.100448
v -0.163845 0.655084 0.105506
v -0.170234 0.687992 -0.100398
v -0.167086 0.687992 0.105555
v -0.166994 0.720900 -0.100448
v -0.163845 0.720900 0.105506
v -0.157396 0.752543 -0.100595
v -0.154247 0.752543 0.105359
v -0.141810 0.781705 -0.100833
v -0.138661 0.781705 0.105121
v -0.120835 0.807266 -0.101154
v -0.117686 0.807266 0.104800
v -0.095277 0.828244 -0.101544
v -0.092128 0.828244 0.104409
v -0.066118 0.843832 -0.101990
v -0.062969 0.843832 0.103963
v -0.034478 0.853430 -0.102474
v -0.031330 0.853430 0.103480
v -0.001574 0.856672 -0.102977
v 0.001574 0.856672 0.102977
v 0.031330 0.853430 -0.103480
v 0.034478 0.853430 0.102474
v 0.062969 0.843832 -0.103963
v 0.066118 0.843832 0.101990
v 0.092128 0.828244 -0.104409
v 0.095277 0.828244 0.101544
v 0.117686 0.807266 -0.104800
v 0.120835 0.807266 0.101154
v 0.138661 0.781705 -0.105121
v 0.141810 0.781705 0.100833
v 0.154247 0.752543 -0.105359
v 0.157396 0.752543 0.100595
v 0.163845 0.720900 -0.105506
v 0.166994 0.720900 0.100448
v 0.000000 -0.273260 -0.000000
v -0.164446 -0.084847 0.401338
v -0.278273 -0.084847 -0.148080
v -0.007534 -0.084845 -0.492858
v 0.273617 -0.084847 -0.156517
v 0.176637 -0.084847 0.396124
v -0.273617 0.220019 0.156517
v -0.176637 0.220019 -0.396124
v 0.164446 0.220019 -0.401338
v 0.278273 0.220019 0.148080
v 0.007535 0.220018 0.492858
v 0.000000 0.408432 -0.000000
v -0.163564 -0.222356 -0.087039
v -0.096658 -0.222356 0.235899
v -0.260224 -0.111609 0.148861
v 0.007166 -0.111609 0.468734
v 0.103824 -0.222356 0.232834
v -0.004429 -0.222355 -0.289694
v -0.167993 -0.111609 -0.376735
v 0.160827 -0.222356 -0.091998
v 0.156399 -0.111609 -0.381694
v 0.264652 -0.111609 0.140837
v -0.092230 0.067586 0.525596
v 0.108253 0.067586 0.522531
v -0.324393 0.067586 0.004959
v -0.257488 0.067586 0.327901
v -0.108253 0.067586 -0.522531
v -0.267391 0.067586 -0.319877
v 0.257488 0.067586 -0.327901
v 0.092230 0.067586 -0.525596
v 0.267391 0.067586 0.319877
v 0.324393 0.067586 -0.004959
v -0.156398 0.246781 0.381694
v -0.264652 0.246782 -0.140837
v -0.007166 0.246781 -0.468734
v 0.260224 0.246782 -0.148861
v 0.167993 0.246781 0.376735
v -0.160827 0.357528 0.091998
v 0.004429 0.357527 0.289694
v -0.103824 0.357528 -0.232834
v 0.096658 0.357528 -0.235899
v 0.163564 0.357528 0.087039
v -0.009477 0.237441 0.522140
v -0.065077 0.234060 0.536697
v -0.117229 0.154376 0.553811
v -0.109241 0.085009 0.554877
v -0.173390 0.264184 0.410941
v -0.150773 0.248050 0.478586
v 0.125431 0.084307 0.550121
v 0.133915 0.158323 0.548724
v 0.084485 0.233132 0.534161
v 0.024713 0.236740 0.520449
v 0.163233 0.246266 0.477171
v 0.185149 0.263481 0.404290
v 0.036036 0.314658 0.308698
v 0.048549 0.310006 0.313856
v 0.059416 0.303645 0.320797
v 0.068219 0.295820 0.329255
v 0.074621 0.286832 0.338905
v 0.078374 0.277026 0.349375
v 0.079336 0.266779 0.360265
v 0.077469 0.256484 0.371154
v 0.072844 0.246538 0.381625
v 0.065640 0.237322 0.391275
v 0.056133 0.229192 0.399734
v 0.044689 0.222458 0.406676
v 0.031747 0.217380 0.411835
v 0.017805 0.214153 0.415012
v 0.003398 0.212902 0.416085
v -0.010919 0.213673 0.415013
v -0.024597 0.216438 0.411837
v -0.037109 0.221090 0.406679
v -0.047976 0.227451 0.399738
v -0.056780 0.235276 0.391280
v -0.063181 0.244264 0.381631
v -0.066935 0.254070 0.371160
v -0.067896 0.264317 0.360271
v -0.066029 0.274612 0.349381
v -0.061404 0.284558 0.338910
v -0.054200 0.293773 0.329260
v -0.044693 0.301904 0.320801
v -0.033249 0.308638 0.313859
v -0.020307 0.313716 0.308701
v -0.006365 0.316943 0.305524
v 0.008041 0.318194 0.304451
v 0.022358 0.317423 0.305523
v 0.001962 0.490884 0.572648
v -0.091897 0.060865 0.547359
v 0.108586 0.060865 0.544294
v 0.007499 -0.118330 0.490498
v -0.000015 -0.023479 -0.000999
v 0.000237 -0.013213 0.015510
v 0.000422 0.014834 0.027595
v 0.000490 0.053146 0.032018
v 0.000422 0.091458 0.027595
v 0.000237 0.119505 0.015510
v -0.000015 0.129771 -0.000999
v -0.000268 0.119505 -0.017508
v -0.000452 0.091458 -0.029593
v -0.000520 0.053146 -0.034017
v -0.000452 0.014834 -0.029593
v -0.000268 -0.013213 -0.017508
v 0.058586 -0.020201 -0.001895
v 0.057268 -0.010023 0.014638
v 0.053163 0.017783 0.026789
v 0.047371 0.055768 0.031302
v 0.041443 0.093753 0.026968
v 0.036968 0.121560 0.014948
v 0.035146 0.131738 -0.001537
v 0.036463 0.121560 -0.018070
v 0.040569 0.093753 -0.030221
v 0.046361 0.055768 -0.034734
v 0.052289 0.017783 -0.030400
v 0.056764 -0.010023 -0.018380
v 0.116185 -0.010424 -0.002776
v 0.113324 -0.000508 0.013781
v 0.105002 0.026583 0.025996
v 0.093450 0.063590 0.030597
v 0.081762 0.100597 0.026351
v 0.073071 0.127688 0.014396
v 0.069705 0.137604 -0.002065
v 0.072566 0.127688 -0.018622
v 0.080888 0.100597 -0.030837
v 0.092440 0.063590 -0.035438
v 0.104128 0.026583 -0.031192
v 0.112819 -0.000508 -0.019237
v 0.171795 0.005685 -0.003626
v 0.167444 0.015169 0.012953
v 0.155051 0.041081 0.025231
v 0.137938 0.076477 0.029917
v 0.120689 0.111873 0.025756
v 0.107927 0.137785 0.013863
v 0.103071 0.147269 -0.002575
v 0.107422 0.137785 -0.019154
v 0.119815 0.111873 -0.031432
v 0.136928 0.076477 -0.036118
v 0.154177 0.041081 -0.031957
v 0.166939 0.015169 -0.020064
v 0.224466 0.027850 -0.004431
v 0.218703 0.036740 0.012170
v 0.202455 0.061030 0.024506
v 0.180074 0.094209 0.029273
v 0.157559 0.127389 0.025193
v 0.140941 0.151678 0.013359
v 0.134673 0.160568 -0.003058
v 0.140436 0.151678 -0.019659
v 0.156684 0.127389 -0.031996
v 0.179065 0.094209 -0.036762
v 0.201581 0.061030 -0.032682
v 0.218199 0.036740 -0.020848
v 0.273296 0.055692 -0.005177
v 0.266225 0.063837 0.011443
v 0.246402 0.086088 0.023835
v 0.219138 0.116483 0.028676
v 0.191739 0.146878 0.024670
v 0.171547 0.169129 0.012891
v 0.163971 0.177274 -0.003506
v 0.171042 0.169129 -0.020127
v 0.190865 0.146878 -0.032518
v 0.218129 0.116483 -0.037360
v 0.245527 0.086088 -0.033354
v 0.265720 0.063837 -0.021574
v 0.317449 0.088736 -0.005852
v 0.309195 0.095995 0.010786
v 0.286140 0.115827 0.023227
v 0.254461 0.142918 0.028136
v 0.222647 0.170009 0.024198
v 0.199222 0.189841 0.012468
v 0.190463 0.197100 -0.003911
v 0.198717 0.189841 -0.020550
v 0.221773 0.170009 -0.032991
v 0.253451 0.142918 -0.037900
v 0.285266 0.115827 -0.033961
v 0.308690 0.095995 -0.022231
v 0.356170 0.126414 -0.006444
v 0.346879 0.132664 0.010210
v 0.320989 0.149737 0.022694
v 0.285438 0.173061 0.027662
v 0.249752 0.196384 0.023783
v 0.223492 0.213458 0.012097
v 0.213696 0.219707 -0.004266
v 0.222988 0.213458 -0.020921
v 0.248878 0.196384 -0.033405
v 0.284429 0.173061 -0.038373
v 0.320115 0.149737 -0.034494
v 0.346374 0.132664 -0.022807
v 0.388797 0.168083 -0.006943
v 0.378632 0.173216 0.009725
v 0.350353 0.187240 0.022245
v 0.311540 0.206396 0.027263
v 0.272591 0.225552 0.023434
v 0.243943 0.239576 0.011784
v 0.233272 0.244708 -0.004566
v 0.243438 0.239576 -0.021234
v 0.271717 0.225552 -0.033754
v 0.310530 0.206396 -0.038772
v 0.349479 0.187240 -0.034943
v 0.378127 0.173216 -0.023293
v 0.414772 0.213030 -0.007340
v 0.403910 0.216959 0.009339
v 0.373730 0.227692 0.021888
v 0.332319 0.242353 0.026946
v 0.290773 0.257015 0.023156
v 0.260224 0.267748 0.011535
v 0.248857 0.271677 -0.004804
v 0.259719 0.267748 -0.021483
v 0.289899 0.257015 -0.034032
v 0.331310 0.242353 -0.039090
v 0.372856 0.227692 -0.035300
v 0.403405 0.216959 -0.023679
v 0.433649 0.260486 -0.007629
v 0.422281 0.263143 0.009058
v 0.390720 0.270402 0.021628
v 0.347421 0.280318 0.026715
v 0.303987 0.290234 0.022954
v 0.272056 0.297493 0.011354
v 0.260183 0.300150 -0.004977
v 0.271551 0.297493 -0.021663
v 0.303113 0.290234 -0.034234
v 0.346411 0.280318 -0.039321
v 0.389845 0.270402 -0.035560
v 0.421777 0.263143 -0.023960
v 0.445106 0.309638 -0.007804
v 0.433431 0.310978 0.008887
v 0.401031 0.314639 0.021471
v 0.356587 0.319640 0.026575
v 0.312007 0.324641 0.022832
v 0.279237 0.328301 0.011244
v 0.267058 0.329641 -0.005082
v 0.278732 0.328301 -0.021773
v 0.311133 0.324641 -0.034357
v 0.355577 0.319640 -0.039461
v 0.400157 0.314639 -0.035718
v 0.432927 0.310978 -0.024130
v 0.448947 0.359646 -0.007863
v 0.437169 0.359646 0.008830
v 0.404488 0.359646 0.021418
v 0.359659 0.359646 0.026528
v 0.314695 0.359646 0.022791
v 0.281644 0.359646 0.011208
v 0.269362 0.359646 -0.005117
v 0.281140 0.359646 -0.021810
v 0.313821 0.359646 -0.034398
v 0.358650 0.359646 -0.039508
v 0.403614 0.359646 -0.035771
v 0.436665 0.359646 -0.024188
v 0.445106 0.409654 -0.007804
v 0.433431 0.408314 0.008887
v 0.401031 0.404653 0.021471
v 0.356587 0.399652 0.026575
v 0.312007 0.394652 0.022832
v 0.279237 0.390991 0.011244
v 0.267058 0.389651 -0.005082
v 0.278732 0.390991 -0.021773
v 0.311133 0.394652 -0.034357
v 0.355577 0.399652 -0.039461
v 0.400157 0.404653 -0.035718
v 0.432927 0.408314 -0.024130
v 0.433649 0.458806 -0.007629
v 0.422281 0.456149 0.009058
v 0.390720 0.448890 0.021628
v 0.347421 0.438974 0.026715
v 0.303987 0.429058 0.022954
v 0.272056 0.421799 0.011354
v 0.260183 0.419142 -0.004977
v 0.271551 0.421799 -0.021663
v 0.303113 0.429058 -0.034234
v 0.346411 0.438974 -0.039321
v 0.389845 0.448890 -0.035560
v 0.421777 0.456149 -0.023960
v 0.414772 0.506262 -0.007340
v 0.403910 0.502333 0.009339
v 0.373730 0.491600 0.021888
v 0.332319 0.476938 0.026946
v 0.290773 0.462277 0.023156
v 0.260224 0.451544 0.011535
v 0.248857 0.447615 -0.004804
v 0.259719 0.451544 -0.021483
v 0.289899 0.462277 -0.034032
v 0.331310 0.476938 -0.039090
v 0.372856 0.491600 -0.035300
v 0.403405 0.502333 -0.023679
v 0.388797 0.551208 -0.006943
v 0.378632 0.546076 0.009725
v 0.350353 0.532052 0.022245
v 0.311540 0.512896 0.027263
v 0.272591 0.493740 0.023434
v 0.243943 0.479716 0.011784
v 0.233272 0.474583 -0.004566
v 0.243438 0.479716 -0.021234
v 0.271717 0.493740 -0.033754
v 0.310530 0.512896 -0.038772
v 0.349479 0.532052 -0.034943
v 0.378127 0.546076 -0.023293
v 0.356170 0.592878 -0.006444
v 0.346879 0.586628 0.010210
v 0.320989 0.569555 0.022694
v 0.285438 0.546231 0.027662
v 0.249752 0.522908 0.023783
v 0.223493 0.505834 0.012097
v 0.213696 0.499585 -0.004266
v 0.222988 0.505834 -0.020921
v 0.248878 0.522908 -0.033405
v 0.284429 0.546231 -0.038373
v 0.320115 0.569555 -0.034494
v 0.346374 0.586628 -0.022807
v 0.317449 0.630556 -0.005852
v 0.309195 0.623297 0.010786
v 0.286140 0.603465 0.023227
v 0.254461 0.576374 0.028136
v 0.222647 0.549283 0.024198
v 0.199222 0.529451 0.012468
v 0.190463 0.522192 -0.003911
v 0.198717 0.529451 -0.020550
v 0.221773 0.549283 -0.032991
v 0.253451 0.576374 -0.037899
v 0.285265 0.603465 -0.033961
v 0.308690 0.623297 -0.022231
v 0.273296 0.663599 -0.005177
v 0.266225 0.655455 0.011443
v 0.246402 0.633204 0.023835
v 0.219138 0.602809 0.028676
v 0.191739 0.572413 0.024670
v 0.171547 0.550162 0.012891
v 0.163971 0.542018 -0.003506
v 0.171042 0.550162 -0.020127
v 0.190865 0.572413 -0.032518
v 0.218129 0.602809 -0.037360
v 0.245527 0.633204 -0.033354
v 0.265720 0.655455 -0.021574
v 0.224466 0.691442 -0.004431
v 0.218703 0.682551 0.012170
v 0.202455 0.658262 0.024506
v 0.180074 0.625083 0.029273
v 0.157559 0.591903 0.025193
v 0.140941 0.567614 0.013359
v 0.134673 0.558724 -0.003058
v 0.140436 0.567614 -0.019659
v 0.156684 0.591903 -0.031996
v 0.179065 0.625083 -0.036762
v 0.201581 0.658262 -0.032682
v 0.218199 0.682551 -0.020848
v 0.171795 0.713607 -0.003626
v 0.167444 0.704123 0.012953
v 0.155051 0.678211 0.025231
v 0.137938 0.642815 0.029917
v 0.120689 0.607419 0.025756
v 0.107927 0.581507 0.013863
v 0.103071 0.572023 -0.002575
v 0.107422 0.581507 -0.019154
v 0.119815 0.607419 -0.031432
v 0.136928 0.642815 -0.036118
v 0.154177 0.678211 -0.031957
v 0.166939 0.704123 -0.020064
v 0.116185 0.729716 -0.002776
v 0.113323 0.719800 0.013781
v 0.105002 0.692709 0.025996
v 0.093449 0.655702 0.030597
v 0.081762 0.618695 0.026351
v 0.073071 0.591604 0.014396
v 0.069705 0.581688 -0.002065
v 0.072566 0.591604 -0.018622
v 0.080888 0.618695 -0.030837
v 0.092440 0.655702 -0.035438
v 0.104128 0.692709 -0.031192
v 0.112819 0.719800 -0.019237
v 0.058586 0.739493 -0.001895
v 0.057268 0.729315 0.014638
v 0.053163 0.701508 0.026789
v 0.047371 0.663524 0.031302
v 0.041443 0.625539 0.026968
v 0.036968 0.597732 0.014948
v 0.035146 0.587554 -0.001537
v 0.036463 0.597732 -0.018070
v 0.040569 0.625539 -0.030221
v 0.046361 0.663524 -0.034734
v 0.052289 0.701508 -0.030400
v 0.056764 0.729315 -0.018380
v -0.000015 0.742771 -0.000999
v 0.000237 0.732505 0.015510
v 0.000422 0.704458 0.027595
v 0.000490 0.666146 0.032018
v 0.000422 0.627833 0.027595
v 0.000237 0.599787 0.015510
v -0.000015 0.589521 -0.000999
v -0.000268 0.599787 -0.017508
v -0.000452 0.627833 -0.029593
v -0.000520 0.666146 -0.034017
v -0.000452 0.704458 -0.029593
v -0.000268 0.732505 -0.017508
v -0.058617 0.739493 -0.000103
v -0.056794 0.729315 0.016381
v -0.052319 0.701508 0.028401
v -0.046392 0.663524 0.032735
v -0.040599 0.625539 0.028222
v -0.036494 0.597732 0.016071
v -0.035176 0.587554 -0.000462
v -0.036999 0.597732 -0.016947
v -0.041473 0.625539 -0.028966
v -0.047401 0.663524 -0.033300
v -0.053194 0.701508 -0.028787
v -0.057299 0.729315 -0.016636
v -0.116215 0.729716 0.000777
v -0.112849 0.719800 0.017238
v -0.104158 0.692709 0.029194
v -0.092470 0.655702 0.033440
v -0.080918 0.618695 0.028838
v -0.072596 0.591604 0.016623
v -0.069735 0.581688 0.000067
v -0.073101 0.591604 -0.016395
v -0.081792 0.618695 -0.028350
v -0.093480 0.655702 -0.032596
v -0.105032 0.692709 -0.027995
v -0.113354 0.719800 -0.015779
v -0.171826 0.713607 0.001627
v -0.166970 0.704123 0.018066
v -0.154207 0.678211 0.029959
v -0.136959 0.642815 0.034120
v -0.119845 0.607419 0.029433
v -0.107453 0.581507 0.017156
v -0.103101 0.572023 0.000577
v -0.107957 0.581507 -0.015862
v -0.120720 0.607419 -0.027755
v -0.137968 0.642815 -0.031916
v -0.155082 0.678211 -0.027230
v -0.167474 0.704123 -0.014952
v -0.224496 0.691442 0.002432
v -0.218229 0.682552 0.018849
v -0.201611 0.658262 0.030683
v -0.179095 0.625083 0.034764
v -0.156715 0.591903 0.029997
v -0.140466 0.567614 0.017661
v -0.134704 0.558724 0.001060
v -0.140971 0.567614 -0.015357
v -0.157589 0.591903 -0.027191
v -0.180105 0.625083 -0.031272
v -0.202485 0.658262 -0.026505
v -0.218734 0.682552 -0.014168
v -0.273326 0.663599 0.003179
v -0.265750 0.655455 0.019576
v -0.245558 0.633204 0.031355
v -0.218159 0.602809 0.035361
v -0.190896 0.572413 0.030520
v -0.171073 0.550162 0.018128
v -0.164002 0.542018 0.001508
v -0.171577 0.550162 -0.014889
v -0.191770 0.572413 -0.026669
v -0.219169 0.602809 -0.030674
v -0.246432 0.633204 -0.025833
v -0.266255 0.655455 -0.013442
v -0.317479 0.630556 0.003854
v -0.308721 0.623297 0.020233
v -0.285296 0.603465 0.031963
v -0.253482 0.576374 0.035901
v -0.221803 0.549283 0.030992
v -0.198748 0.529451 0.018552
v -0.190494 0.522192 0.001913
v -0.199253 0.529451 -0.014466
v -0.222677 0.549283 -0.026196
v -0.254491 0.576374 -0.030134
v -0.286170 0.603465 -0.025226
v -0.309225 0.623297 -0.012785
v -0.356201 0.592878 0.004446
v -0.346404 0.586628 0.020809
v -0.320145 0.569555 0.032496
v -0.284459 0.546231 0.036375
v -0.248908 0.522908 0.031407
v -0.223018 0.505834 0.018923
v -0.213727 0.499585 0.002268
v -0.223523 0.505834 -0.014095
v -0.249782 0.522908 -0.025782
v -0.285468 0.546231 -0.029661
v -0.321019 0.569555 -0.024693
v -0.346909 0.586628 -0.012209
v -0.388828 0.551208 0.004945
v -0.378157 0.546075 0.021294
v -0.349510 0.532052 0.032944
v -0.310561 0.512896 0.036774
v -0.271747 0.493740 0.031756
v -0.243469 0.479716 0.019235
v -0.233303 0.474583 0.002567
v -0.243973 0.479716 -0.013782
v -0.272621 0.493740 -0.025433
v -0.311570 0.512896 -0.029262
v -0.350384 0.532052 -0.024244
v -0.378662 0.546075 -0.011723
v -0.414802 0.506261 0.005342
v -0.403436 0.502333 0.021681
v -0.372886 0.491600 0.033302
v -0.331340 0.476938 0.037091
v -0.289929 0.462277 0.032034
v -0.259749 0.451544 0.019484
v -0.248887 0.447615 0.002805
v -0.260254 0.451544 -0.013534
v -0.290803 0.462277 -0.025155
v -0.332350 0.476938 -0.028944
v -0.373761 0.491600 -0.023887
v -0.403940 0.502333 -0.011337
v -0.433679 0.458806 0.005630
v -0.421807 0.456149 0.021962
v -0.389876 0.448890 0.033562
v -0.346442 0.438974 0.037322
v -0.303143 0.429058 0.032236
v -0.271581 0.421799 0.019665
v -0.260214 0.419142 0.002979
v -0.272086 0.421799 -0.013353
v -0.304017 0.429058 -0.024953
v -0.347451 0.438974 -0.028713
v -0.390750 0.448890 -0.023627
v -0.422312 0.456149 -0.011056
v -0.445137 0.409654 0.005805
v -0.432957 0.408314 0.022132
v -0.400187 0.404653 0.033719
v -0.355608 0.399652 0.037462
v -0.311163 0.394652 0.032358
v -0.278763 0.390991 0.019775
v -0.267088 0.389651 0.003084
v -0.279267 0.390991 -0.013243
v -0.312037 0.394652 -0.024830
v -0.356617 0.399652 -0.028573
v -0.401062 0.404653 -0.023469
v -0.433462 0.408314 -0.010886
v -0.448978 0.359646 0.005864
v -0.436695 0.359646 0.022189
v -0.403644 0.359646 0.033772
v -0.358680 0.359646 0.037509
v -0.313852 0.359646 0.032399
v -0.281170 0.359646 0.019812
v -0.269393 0.359646 0.003119
v -0.281675 0.359646 -0.013206
v -0.314726 0.359646 -0.024789
v -0.359690 0.359646 -0.028526
v -0.404518 0.359646 -0.023416
v -0.437200 0.359646 -0.010829
v -0.445137 0.309638 0.005805
v -0.432957 0.310978 0.022132
v -0.400187 0.314639 0.033719
v -0.355608 0.319640 0.037462
v -0.311163 0.324640 0.032358
v -0.278763 0.328301 0.019775
v -0.267088 0.329641 0.003084
v -0.279267 0.328301 -0.013243
v -0.312037 0.324640 -0.024830
v -0.356617 0.319640 -0.028573
v -0.401062 0.314639 -0.023469
v -0.433462 0.310978 -0.010886
v -0.433680 0.260486 0.005630
v -0.421807 0.263143 0.021962
v -0.389876 0.270402 0.033562
v -0.346442 0.280318 0.037322
v -0.303143 0.290234 0.032236
v -0.271581 0.297493 0.019665
v -0.260214 0.300150 0.002978
v -0.272086 0.297493 -0.013353
v -0.304017 0.290234 -0.024953
v -0.347451 0.280318 -0.028713
v -0.390750 0.270402 -0.023627
v -0.422312 0.263143 -0.011056
v -0.414802 0.213030 0.005342
v -0.403436 0.216959 0.021681
v -0.372886 0.227692 0.033302
v -0.331340 0.242353 0.037091
v -0.289929 0.257015 0.032034
v -0.259749 0.267748 0.019484
v -0.248887 0.271676 0.002805
v -0.260254 0.267748 -0.013534
v -0.290803 0.257015 -0.025155
v -0.332350 0.242353 -0.028944
v -0.373761 0.227692 -0.023887
v -0.403940 0.216959 -0.011337
v -0.388828 0.168083 0.004945
v -0.378157 0.173216 0.021294
v -0.349510 0.187240 0.032944
v -0.310561 0.206396 0.036774
v -0.271747 0.225552 0.031756
v -0.243469 0.239576 0.019235
v -0.233303 0.244708 0.002567
v -0.243973 0.239576 -0.013782
v -0.272621 0.225552 -0.025433
v -0.311570 0.206396 -0.029262
v -0.350384 0.187240 -0.024244
v -0.378662 0.173216 -0.011723
v -0.356201 0.126414 0.004446
v -0.346405 0.132664 0.020809
v -0.320145 0.149737 0.032496
v -0.284459 0.173061 0.036375
v -0.248908 0.196384 0.031407
v -0.223018 0.213457 0.018923
v -0.213727 0.219707 0.002268
v -0.223523 0.213457 -0.014095
v -0.249782 0.196384 -0.025782
v -0.285469 0.173061 -0.029661
v -0.321020 0.149737 -0.024693
v -0.346909 0.132664 -0.012209
v -0.317480 0.088736 0.003854
v -0.308721 0.095995 0.020233
v -0.285296 0.115827 0.031963
v -0.253482 0.142918 0.035901
v -0.221803 0.170009 0.030992
v -0.198748 0.189841 0.018552
v -0.190494 0.197100 0.001913
v -0.199253 0.189841 -0.014466
v -0.222677 0.170009 -0.026196
v -0.254492 0.142918 -0.030134
v -0.286170 0.115827 -0.025226
v -0.309226 0.095995 -0.012785
v -0.273326 0.055692 0.003179
v -0.265750 0.063837 0.019576
v -0.245558 0.086088 0.031355
v -0.218159 0.116483 0.035361
v -0.190896 0.146878 0.030520
v -0.171073 0.169129 0.018128
v -0.164002 0.177274 0.001508
v -0.171577 0.169129 -0.014889
v -0.191770 0.146878 -0.026669
v -0.219169 0.116483 -0.030674
v -0.246432 0.086088 -0.025833
v -0.266255 0.063837 -0.013442
v -0.224496 0.027850 0.002432
v -0.218229 0.036740 0.018849
v -0.201611 0.061030 0.030683
v -0.179095 0.094209 0.034764
v -0.156715 0.127389 0.029997
v -0.140466 0.151678 0.017661
v -0.134704 0.160568 0.001060
v -0.140971 0.151678 -0.015357
v -0.157589 0.127389 -0.027191
v -0.180105 0.094209 -0.031272
v -0.202485 0.061030 -0.026505
v -0.218734 0.036740 -0.014168
v -0.171826 0.005685 0.001627
v -0.166970 0.015169 0.018066
v -0.154208 0.041081 0.029959
v -0.136959 0.076477 0.034120
v -0.119845 0.111873 0.029433
v -0.107453 0.137785 0.017156
v -0.103102 0.147269 0.000577
v -0.107958 0.137785 -0.015862
v -0.120720 0.111873 -0.027755
v -0.137968 0.076477 -0.031916
v -0.155082 0.041081 -0.027230
v -0.167475 0.015169 -0.014952
v -0.116215 -0.010424 0.000777
v -0.112849 -0.000508 0.017238
v -0.104158 0.026583 0.029194
v -0.092470 0.063590 0.033440
v -0.080918 0.100597 0.028838
v -0.072596 0.127688 0.016623
v -0.069735 0.137604 0.000067
v -0.073101 0.127688 -0.016395
v -0.081792 0.100597 -0.028350
v -0.093480 0.063590 -0.032596
v -0.105032 0.026583 -0.027995
v -0.113354 -0.000508 -0.015779
v -0.058617 -0.020201 -0.000103
v -0.056794 -0.010023 0.016381
v -0.052319 0.017783 0.028401
v -0.046392 0.055768 0.032735
v -0.040599 0.093753 0.028222
v -0.036494 0.121560 0.016071
v -0.035176 0.131738 -0.000462
v -0.036999 0.121560 -0.016947
v -0.041473 0.093753 -0.028966
v -0.047401 0.055768 -0.033300
v -0.053194 0.017783 -0.028787
v -0.057299 -0.010023 -0.016636
v 0.497584 0.434719 -0.110608
v 0.500733 0.434719 0.095346
v 0.494344 0.401811 -0.110558
v 0.497492 0.401811 0.095395
v 0.484746 0.370168 -0.110411
v 0.487894 0.370168 0.095542
v 0.469160 0.341005 -0.110173
v 0.472309 0.341005 0.095780
v 0.448185 0.315444 -0.109852
v 0.451333 0.315444 0.096101
v 0.422627 0.294467 -0.109462
v 0.425775 0.294467 0.096492
v 0.393468 0.278879 -0.109016
v 0.396616 0.278879 0.096938
v 0.361828 0.269280 -0.108532
v 0.364977 0.269280 0.097421
v 0.328924 0.266039 -0.108029
v 0.332073 0.266039 0.097924
v 0.296020 0.269280 -0.107526
v 0.299169 0.269280 0.098427
v 0.264381 0.278879 -0.107043
v 0.267529 0.278879 0.098911
v 0.235222 0.294467 -0.106597
v 0.238370 0.294467 0.099357
v 0.209664 0.315444 -0.106206
v 0.212812 0.315444 0.099747
v 0.188689 0.341005 -0.105885
v 0.191837 0.341005 0.100068
v 0.173103 0.370168 -0.105647
v 0.176251 0.370168 0.100306
v 0.163505 0.401811 -0.105500
v 0.166653 0.401811 0.100453
v 0.160264 0.434719 -0.105451
v 0.163413 0.434719 0.100503
v 0.163505 0.467627 -0.105500
v 0.166653 0.467627 0.100453
v 0.173103 0.499270 -0.105647
v 0.176251 0.499270 0.100306
v 0.188689 0.528432 -0.105885
v 0.191837 0.528432 0.100068
v 0.209664 0.553993 -0.106206
v 0.212812 0.553993 0.099747
v 0.235222 0.574971 -0.106597
v 0.238370 0.574971 0.099357
v 0.264381 0.590558 -0.107043
v 0.267529 0.590558 0.098911
v 0.296020 0.600157 -0.107526
v 0.299169 0.600157 0.098427
v 0.328924 0.603399 -0.108029
v 0.332073 0.603399 0.097924
v 0.361828 0.600157 -0.108532
v 0.364977 0.600157 0.097421
v 0.393468 0.590559 -0.109016
v 0.396616 0.590559 0.096938
v 0.422627 0.574971 -0.109462
v 0.425775 0.574971 0.096492
v 0.448185 0.553993 -0.109852
v 0.451333 0.553993 0.096101
v 0.469160 0.528432 -0.110173
v 0.472309 0.528432 0.095780
v 0.484746 0.499270 -0.110411
v 0.487894 0.499270 0.095542
v 0.494344 0.467627 -0.110558
v 0.497492 0.467627 0.095395
v -0.212849 0.434719 -0.099747
v -0.209700 0.434719 0.106207
v -0.216090 0.401811 -0.099697
v -0.212941 0.401811 0.106256
v -0.225687 0.370168 -0.099551
v -0.222539 0.370168 0.106403
v -0.241273 0.341005 -0.099312
v -0.238125 0.341005 0.106641
v -0.262248 0.315444 -0.098992
v -0.259100 0.315444 0.106962
v -0.287806 0.294466 -0.098601
v -0.284658 0.294466 0.107352
v -0.316965 0.278879 -0.098155
v -0.313817 0.278879 0.107798
v -0.348605 0.269280 -0.097672
v -0.345456 0.269280 0.108282
v -0.381509 0.266039 -0.097169
v -0.378360 0.266039 0.108785
v -0.414413 0.269280 -0.096666
v -0.411264 0.269280 0.109288
v -0.446052 0.278879 -0.096182
v -0.442904 0.278879 0.109772
v -0.475211 0.294466 -0.095736
v -0.472063 0.294466 0.110217
v -0.500770 0.315444 -0.095345
v -0.497621 0.315444 0.110608
v -0.521745 0.341005 -0.095025
v -0.518596 0.341005 0.110929
v -0.537330 0.370168 -0.094786
v -0.534182 0.370168 0.111167
v -0.546928 0.401811 -0.094640
v -0.543780 0.401811 0.111314
v -0.550169 0.434719 -0.094590
v -0.547021 0.434719 0.111363
v -0.546928 0.467626 -0.094640
v -0.543780 0.467626 0.111314
v -0.537330 0.499270 -0.094786
v -0.534182 0.499270 0.111167
v -0.521745 0.528432 -0.095025
v -0.518596 0.528432 0.110929
v -0.500770 0.553993 -0.095345
v -0.497621 0.553993 0.110608
v -0.475211 0.574971 -0.095736
v -0.472063 0.574971 0.110217
v -0.446052 0.590558 -0.096182
v -0.442904 0.590558 0.109772
v -0.414413 0.600157 -0.096666
v -0.411264 0.600157 0.109288
v -0.381509 0.603398 -0.097169
v -0.378360 0.603398 0.108785
v -0.348605 0.600157 -0.097672
v -0.345456 0.600157 0.108282
v -0.316965 0.590558 -0.098155
v -0.313817 0.590558 0.107798
v -0.287806 0.574971 -0.098601
v -0.284658 0.574971 0.107352
v -0.262248 0.553993 -0.098992
v -0.259100 0.553993 0.106962
v -0.241273 0.528432 -0.099312
v -0.238125 0.528432 0.106641
v -0.225687 0.499270 -0.099551
v -0.222539 0.499270 0.106403
v -0.216090 0.467626 -0.099697
v -0.212941 0.467626 0.106256
vn 0.9951 -0.0980 -0.0152
vn 0.9568 -0.2903 -0.0146
vn 0.8818 -0.4714 -0.0135
vn 0.7729 -0.6344 -0.0118
vn 0.6343 -0.7730 -0.0097
vn 0.4713 -0.8819 -0.0072
vn 0.2903 -0.9569 -0.0044
vn 0.0980 -0.9952 -0.0015
vn -0.0980 -0.9952 0.0015
vn -0.2903 -0.9569 0.0044
vn -0.4713 -0.8819 0.0072
vn -0.6343 -0.7730 0.0097
vn -0.7729 -0.6344 0.0118
vn -0.8818 -0.4714 0.0135
vn -0.9568 -0.2903 0.0146
vn -0.9951 -0.0980 0.0152
vn -0.9951 0.0980 0.0152
vn -0.9568 0.2903 0.0146
vn -0.8818 0.4714 0.0135
vn -0.7729 0.6344 0.0118
vn -0.6343 0.7730 0.0097
vn -0.4713 0.8819 0.0072
vn -0.2903 0.9569 0.0044
vn -0.0980 0.9952 0.0015
vn 0.0980 0.9952 -0.0015
vn 0.2903 0.9569 -0.0044
vn 0.4713 0.8819 -0.0072
vn 0.6343 0.7730 -0.0097
vn 0.7729 0.6344 -0.0118
vn 0.8818 0.4714 -0.0135
vn 0.0153 -0.0000 0.9999
vn 0.9568 0.2903 -0.0146
vn 0.9951 0.0980 -0.0152
vn -0.0153 -0.0000 -0.9999
vn -0.3294 -0.9417 0.0682
vn -0.3275 -0.7882 0.5210
vn -0.2114 -0.9632 -0.1660
vn 0.2062 -0.9632 -0.1724
vn 0.3313 -0.9417 0.0581
vn -0.3854 -0.4664 0.7962
vn -0.9483 -0.3162 0.0291
vn -0.4700 -0.4575 -0.7549
vn 0.8451 -0.3575 -0.3975
vn 0.8733 -0.3509 0.3379
vn -0.7577 -0.1573 0.6334
vn -0.9774 -0.1235 -0.1715
vn -0.0150 -0.2006 -0.9796
vn 0.9717 -0.1235 -0.2013
vn 0.7767 -0.1573 0.6099
vn -0.6777 0.6833 0.2716
vn -0.6511 0.6982 -0.2977
vn 0.3275 0.7882 -0.5210
vn 0.7653 0.6435 0.0115
vn 0.2563 0.8023 0.5391
vn 0.2114 0.9632 0.1660
vn 0.4082 0.8548 0.3205
vn 0.6857 0.6833 0.2507
vn 0.3294 0.9417 -0.0682
vn 0.6009 0.7896 -0.1245
vn 0.6417 0.6982 -0.3174
vn -0.0032 0.9772 -0.2122
vn -0.0065 0.9042 -0.4271
vn -0.3433 0.7882 -0.5107
vn -0.3313 0.9417 -0.0581
vn -0.6044 0.7896 -0.1061
vn -0.7646 0.6435 0.0349
vn -0.2062 0.9632 0.1724
vn -0.3982 0.8548 0.3329
vn -0.2397 0.8023 0.5467
vn -0.3669 0.8791 -0.3043
vn 0.7647 0.2336 0.6005
vn 0.8569 0.3575 0.3714
vn 0.9483 0.3162 -0.0291
vn 0.9624 0.1845 -0.1994
vn 0.8626 0.3509 -0.3644
vn 0.3854 0.4664 -0.7962
vn -0.0146 0.2951 -0.9554
vn -0.4096 0.4664 -0.7840
vn -0.8733 0.3509 -0.3379
vn -0.9680 0.1845 -0.1699
vn -0.9487 0.3162 -0.0001
vn -0.8451 0.3575 0.3975
vn -0.7460 0.2336 0.6236
vn 0.9774 0.1235 0.1715
vn 0.9680 -0.1845 0.1699
vn 0.9487 -0.3162 0.0001
vn 0.7577 0.1573 -0.6334
vn 0.7460 -0.2336 -0.6236
vn 0.4467 -0.4575 -0.7689
vn -0.7767 0.1573 -0.6099
vn -0.7647 -0.2336 -0.6005
vn -0.8569 -0.3575 -0.3714
vn -0.9717 0.1235 0.2013
vn -0.9624 -0.1845 0.1994
vn -0.8626 -0.3509 0.3644
vn 0.0150 0.2006 0.9796
vn 0.8797 -0.4504 -0.1526
vn 0.4096 -0.4664 0.7840
vn 0.6511 -0.6982 0.2977
vn 0.6044 -0.7896 0.1061
vn 0.7646 -0.6435 -0.0349
vn 0.6777 -0.6833 -0.2716
vn 0.3982 -0.8548 -0.3329
vn 0.2397 -0.8023 -0.5467
vn -0.2563 -0.8023 -0.5391
vn -0.4082 -0.8548 -0.3205
vn -0.6857 -0.6833 -0.2507
vn 0.3433 -0.7882 0.5107
vn 0.0065 -0.9042 0.4271
vn 0.0032 -0.9772 0.2122
vn -0.7653 -0.6435 -0.0115
vn -0.6009 -0.7896 0.1245
vn -0.6417 -0.6982 0.3174
vn 0.3574 0.8791 -0.3154
vn -0.8533 -0.4762 -0.2124
vn -0.4467 0.4575 0.7689
vn 0.8464 -0.4762 -0.2384
vn 0.4700 0.4575 0.7549
vn 0.2506 0.0437 0.9671
vn 0.0016 0.9727 0.2319
vn -0.9504 -0.1051 0.2927
vn 0.7141 -0.3354 0.6144
vn -0.2209 0.0437 0.9743
vn 0.0054 0.9728 0.2314
vn 0.9588 -0.1049 0.2639
vn -0.6950 -0.3354 0.6360
vn 0.4679 0.7617 -0.4482
vn 0.6326 0.6836 -0.3639
vn 0.7688 0.5846 -0.2593
vn 0.8713 0.4704 -0.1398
vn 0.9378 0.3469 -0.0113
vn 0.9681 0.2195 0.1211
vn 0.9630 0.0928 0.2529
vn 0.9243 -0.0293 0.3804
vn 0.8538 -0.1435 0.5004
vn 0.7534 -0.2468 0.6095
vn 0.6251 -0.3361 0.7045
vn 0.4717 -0.4082 0.7816
vn 0.2971 -0.4597 0.8369
vn 0.1069 -0.4875 0.8666
vn -0.0913 -0.4890 0.8675
vn -0.2882 -0.4632 0.8381
vn -0.4738 -0.4106 0.7790
vn -0.6384 -0.3341 0.6934
vn -0.7745 -0.2379 0.5861
vn -0.8770 -0.1272 0.4633
vn -0.9435 -0.0074 0.3313
vn -0.9737 0.1167 0.1958
vn -0.9686 0.2409 0.0616
vn -0.9299 0.3617 -0.0672
vn -0.8594 0.4759 -0.1871
vn -0.7589 0.5805 -0.2950
vn -0.6307 0.6723 -0.3876
vn -0.4774 0.7477 -0.4616
vn -0.3028 0.8029 -0.5134
vn -0.1127 0.8343 -0.5397
vn 0.0121 -0.7277 -0.6858
vn 0.0855 0.8386 -0.5380
vn 0.2824 0.8143 -0.5072
vn 0.0146 -0.2951 0.9554
vn -0.8839 -0.4504 -0.1256
vn 0.0045 0.9555 0.2950
vn 0.0555 -0.8483 0.5266
vn 0.0362 -0.3957 0.9177
vn 0.0216 -0.1147 0.9932
vn 0.0088 0.1147 0.9934
vn -0.0081 0.3957 0.9184
vn -0.0394 0.8483 0.5281
vn -0.0555 0.8483 -0.5266
vn -0.0362 0.3957 -0.9177
vn -0.0216 0.1147 -0.9932
vn -0.0088 -0.1147 -0.9934
vn 0.0081 -0.3957 -0.9184
vn 0.0394 -0.8483 -0.5281
vn 0.1501 -0.8365 0.5270
vn 0.0801 -0.3892 0.9177
vn 0.0343 -0.1128 0.9930
vn -0.0039 0.1128 0.9936
vn -0.0520 0.3892 0.9197
vn -0.1339 0.8365 0.5313
vn -0.1501 0.8365 -0.5270
vn -0.0801 0.3892 -0.9177
vn -0.0343 0.1128 -0.9930
vn 0.0039 -0.1128 -0.9936
vn 0.0520 -0.3892 -0.9197
vn 0.1339 -0.8365 -0.5313
vn 0.2436 -0.8129 0.5290
vn 0.1230 -0.3763 0.9183
vn 0.0467 -0.1089 0.9930
vn -0.0163 0.1089 0.9939
vn -0.0949 0.3763 0.9216
vn -0.2273 0.8129 0.5362
vn -0.2436 0.8129 -0.5290
vn -0.1230 0.3763 -0.9183
vn -0.0467 0.1089 -0.9930
vn 0.0163 -0.1089 -0.9939
vn 0.0949 -0.3763 -0.9216
vn 0.2273 -0.8129 -0.5362
vn 0.3352 -0.7772 0.5326
vn 0.1643 -0.3571 0.9195
vn 0.0586 -0.1031 0.9929
vn -0.0282 0.1031 0.9943
vn -0.1361 0.3571 0.9241
vn -0.3188 0.7772 0.5426
vn -0.3352 0.7772 -0.5326
vn -0.1643 0.3571 -0.9195
vn -0.0586 0.1031 -0.9929
vn 0.0282 -0.1031 -0.9943
vn 0.1361 -0.3571 -0.9241
vn 0.3188 -0.7772 -0.5426
vn 0.4239 -0.7290 0.5375
vn 0.2033 -0.3319 0.9212
vn 0.0697 -0.0956 0.9930
vn -0.0393 0.0956 0.9946
vn -0.1751 0.3319 0.9269
vn -0.4072 0.7290 0.5502
vn -0.4239 0.7290 -0.5375
vn -0.2033 0.3319 -0.9212
vn -0.0697 0.0956 -0.9930
vn 0.0393 -0.0956 -0.9946
vn 0.1751 -0.3319 -0.9269
vn 0.4072 -0.7290 -0.5502
vn 0.5082 -0.6680 0.5436
vn 0.2393 -0.3009 0.9231
vn 0.0799 -0.0865 0.9930
vn -0.0495 0.0865 0.9950
vn -0.2110 0.3009 0.9300
vn -0.4914 0.6680 0.5588
vn -0.5082 0.6680 -0.5436
vn -0.2393 0.3009 -0.9231
vn -0.0799 0.0865 -0.9930
vn 0.0495 -0.0865 -0.9950
vn 0.2110 -0.3009 -0.9300
vn 0.4914 -0.6680 -0.5588
vn 0.5866 -0.5942 0.5502
vn 0.2717 -0.2646 0.9253
vn 0.0890 -0.0759 0.9931
vn -0.0586 0.0759 0.9954
vn -0.2432 0.2646 0.9332
vn -0.5695 0.5942 0.5679
vn -0.5866 0.5942 -0.5502
vn -0.2717 0.2646 -0.9253
vn -0.0890 0.0759 -0.9931
vn 0.0586 -0.0759 -0.9954
vn 0.2432 -0.2646 -0.9332
vn 0.5695 -0.5942 -0.5679
vn 0.6571 -0.5078 0.5571
vn 0.2997 -0.2236 0.9274
vn 0.0968 -0.0639 0.9932
vn -0.0664 0.0639 0.9957
vn -0.2713 0.2236 0.9362
vn -0.6397 0.5078 0.5769
vn -0.6571 0.5078 -0.5571
vn -0.2997 0.2236 -0.9274
vn -0.0968 0.0639 -0.9932
vn 0.0664 -0.0639 -0.9957
vn 0.2713 -0.2236 -0.9362
vn 0.6397 -0.5078 -0.5769
vn 0.7173 -0.4096 0.5636
vn 0.3230 -0.1785 0.9294
vn 0.1033 -0.0509 0.9933
vn -0.0729 0.0509 0.9960
vn -0.2944 0.1785 0.9389
vn -0.6998 0.4096 0.5853
vn -0.7173 0.4096 -0.5636
vn -0.3230 0.1785 -0.9294
vn -0.1033 0.0509 -0.9933
vn 0.0729 -0.0509 -0.9960
vn 0.2944 -0.1785 -0.9389
vn 0.6998 -0.4096 -0.5853
vn 0.7652 -0.3009 0.5692
vn 0.3409 -0.1300 0.9311
vn 0.1082 -0.0370 0.9934
vn -0.0778 0.0370 0.9963
vn -0.3123 0.1300 0.9410
vn -0.7474 0.3009 0.5923
vn -0.7652 0.3009 -0.5692
vn -0.3409 0.1300 -0.9311
vn -0.1082 0.0370 -0.9934
vn 0.0778 -0.0370 -0.9963
vn 0.3123 -0.1300 -0.9410
vn 0.7474 -0.3009 -0.5923
vn 0.7984 -0.1841 0.5732
vn 0.3531 -0.0790 0.9322
vn 0.1116 -0.0225 0.9935
vn -0.0811 0.0225 0.9964
vn -0.3245 0.0790 0.9426
vn -0.7805 0.1841 0.5974
vn -0.7984 0.1841 -0.5732
vn -0.3531 0.0790 -0.9322
vn -0.1116 0.0225 -0.9935
vn 0.0811 -0.0225 -0.9964
vn 0.3245 -0.0790 -0.9426
vn 0.7805 -0.1841 -0.5974
vn 0.8155 -0.0620 0.5754
vn 0.3593 -0.0265 0.9328
vn 0.1133 -0.0075 0.9935
vn -0.0828 0.0075 0.9965
vn -0.3306 0.0265 0.9434
vn -0.7976 0.0620 0.6001
vn -0.8155 0.0620 -0.5754
vn -0.3593 0.0265 -0.9328
vn -0.1133 0.0075 -0.9935
vn 0.0828 -0.0075 -0.9965
vn 0.3306 -0.0265 -0.9434
vn 0.7976 -0.0620 -0.6001
vn 0.8155 0.0620 0.5754
vn 0.3593 0.0265 0.9328
vn 0.1133 0.0075 0.9935
vn -0.0828 -0.0075 0.9965
vn -0.3306 -0.0265 0.9434
vn -0.7976 -0.0620 0.6001
vn -0.8155 -0.0620 -0.5754
vn -0.3593 -0.0265 -0.9328
vn -0.1133 -0.0075 -0.9935
vn 0.0828 0.0075 -0.9965
vn 0.3306 0.0265 -0.9434
vn 0.7976 0.0620 -0.6001
vn 0.7984 0.1841 0.5732
vn 0.3531 0.0790 0.9322
vn 0.1116 0.0225 0.9935
vn -0.0811 -0.0225 0.9964
vn -0.3245 -0.0790 0.9426
vn -0.7805 -0.1841 0.5974
vn -0.7984 -0.1841 -0.5732
vn -0.3531 -0.0790 -0.9322
vn -0.1116 -0.0225 -0.9935
vn 0.0811 0.0225 -0.9964
vn 0.3245 0.0790 -0.9426
vn 0.7805 0.1841 -0.5974
vn 0.7652 0.3009 0.5692
vn 0.3409 0.1300 0.9311
vn 0.1082 0.0370 0.9934
vn -0.0778 -0.0370 0.9963
vn -0.3123 -0.1300 0.9410
vn -0.7474 -0.3009 0.5923
vn -0.7652 -0.3009 -0.5692
vn -0.3409 -0.1300 -0.9311
vn -0.1082 -0.0370 -0.9934
vn 0.0778 0.0370 -0.9963
vn 0.3123 0.1300 -0.9410
vn 0.7474 0.3009 -0.5923
vn 0.7173 0.4096 0.5636
vn 0.3230 0.1785 0.9294
vn 0.1033 0.0509 0.9933
vn -0.0729 -0.0509 0.9960
vn -0.2945 -0.1785 0.9389
vn -0.6998 -0.4096 0.5853
vn -0.7173 -0.4096 -0.5636
vn -0.3230 -0.1785 -0.9294
vn -0.1033 -0.0509 -0.9933
vn 0.0729 0.0509 -0.9960
vn 0.2945 0.1785 -0.9389
vn 0.6998 0.4096 -0.5853
vn 0.6571 0.5078 0.5571
vn 0.2997 0.2236 0.9274
vn 0.0968 0.0639 0.9932
vn -0.0664 -0.0639 0.9957
vn -0.2713 -0.2236 0.9362
vn -0.6397 -0.5078 0.5769
vn -0.6571 -0.5078 -0.5571
vn -0.2997 -0.2236 -0.9274
vn -0.0968 -0.0639 -0.9932
vn 0.0664 0.0639 -0.9957
vn 0.2713 0.2236 -0.9362
vn 0.6397 0.5078 -0.5769
vn 0.5866 0.5942 0.5502
vn 0.2717 0.2646 0.9253
vn 0.0890 0.0759 0.9931
vn -0.0586 -0.0759 0.9954
vn -0.2432 -0.2646 0.9332
vn -0.5695 -0.5942 0.5679
vn -0.5866 -0.5942 -0.5502
vn -0.2717 -0.2646 -0.9253
vn -0.0890 -0.0759 -0.9931
vn 0.0586 0.0759 -0.9954
vn 0.2432 0.2646 -0.9332
vn 0.5695 0.5942 -0.5679
vn 0.5082 0.6680 0.5436
vn 0.2393 0.3009 0.9231
vn 0.0799 0.0865 0.9930
vn -0.0495 -0.0865 0.9950
vn -0.2110 -0.3009 0.9300
vn -0.4914 -0.6680 0.5588
vn -0.5082 -0.6680 -0.5436
vn -0.2393 -0.3009 -0.9231
vn -0.0799 -0.0865 -0.9930
vn 0.0495 0.0865 -0.9950
vn 0.2110 0.3009 -0.9300
vn 0.4914 0.6680 -0.5588
vn 0.4239 0.7290 0.5375
vn 0.2033 0.3319 0.9212
vn 0.0697 0.0956 0.9930
vn -0.0393 -0.0956 0.9946
vn -0.1751 -0.3319 0.9269
vn -0.4072 -0.7290 0.5502
vn -0.4239 -0.7290 -0.5375
vn -0.2033 -0.3319 -0.9212
vn -0.0697 -0.0956 -0.9930
vn 0.0393 0.0956 -0.9946
vn 0.1751 0.3319 -0.9269
vn 0.4072 0.7290 -0.5502
vn 0.3352 0.7772 0.5326
vn 0.1643 0.3571 0.9195
vn 0.0586 0.1031 0.9929
vn -0.0282 -0.1031 0.9943
vn -0.1361 -0.3571 0.9241
vn -0.3188 -0.7772 0.5426
vn -0.3352 -0.7772 -0.5326
vn -0.1643 -0.3571 -0.9195
vn -0.0586 -0.1031 -0.9929
vn 0.0282 0.1031 -0.9943
vn 0.1361 0.3571 -0.9241
vn 0.3188 0.7772 -0.5426
vn 0.2436 0.8129 0.5290
vn 0.1230 0.3763 0.9183
vn 0.0467 0.1089 0.9930
vn -0.0163 -0.1089 0.9939
vn -0.0949 -0.3763 0.9216
vn -0.2273 -0.8129 0.5362
vn -0.2436 -0.8129 -0.5290
vn -0.1230 -0.3763 -0.9183
vn -0.0467 -0.1089 -0.9930
vn 0.0163 0.1089 -0.9939
vn 0.0949 0.3763 -0.9216
vn 0.2273 0.8129 -0.5362
vn 0.1501 0.8365 0.5270
vn 0.0801 0.3892 0.9177
vn 0.0343 0.1128 0.9930
vn -0.0039 -0.1128 0.9936
vn -0.0520 -0.3892 0.9197
vn -0.1339 -0.8365 0.5313
vn -0.1501 -0.8365 -0.5270
vn -0.0801 -0.3892 -0.9177
vn -0.0343 -0.1128 -0.9930
vn 0.0039 0.1128 -0.9936
vn 0.0520 0.3892 -0.9197
vn 0.1339 0.8365 -0.5313
vn 0.0555 0.8483 0.5266
vn 0.0362 0.3957 0.9177
vn 0.0216 0.1147 0.9932
vn 0.0088 -0.1147 0.9934
vn -0.0081 -0.3957 0.9184
vn -0.0394 -0.8483 0.5281
vn -0.0555 -0.8483 -0.5266
vn -0.0362 -0.3957 -0.9177
vn -0.0216 -0.1147 -0.9932
vn -0.0088 0.1147 -0.9934
vn 0.0081 0.3957 -0.9184
vn 0.0394 0.8483 -0.5281
vn -0.2944 -0.1785 0.9389
vn 0.2944 0.1785 -0.9389
vn 0.0017 0.9728 0.2315
vn -0.9503 -0.1049 0.2931
vn 0.0055 0.9727 0.2318
vn 0.9589 -0.1051 0.2635
vn -0.2945 0.1785 0.9389
vn 0.2945 -0.1785 -0.9389
vn -0.6397 -0.5078 0.5770
vt 0.529283 0.479563
vt 0.310084 0.493262
vt 0.310084 0.479563
vt 0.529283 0.493262
vt 0.310084 0.506962
vt 0.529283 0.506962
vt 0.310084 0.520662
vt 0.529283 0.520662
vt 0.310084 0.534362
vt 0.529283 0.534362
vt 0.310084 0.548062
vt 0.529283 0.548062
vt 0.310084 0.561762
vt 0.529283 0.561762
vt 0.310084 0.575462
vt 0.529283 0.575462
vt 0.310084 0.589162
vt 0.529283 0.589162
vt 0.310084 0.602862
vt 0.529283 0.602862
vt 0.310084 0.616562
vt 0.529283 0.616562
vt 0.310084 0.630262
vt 0.529283 0.630262
vt 0.310084 0.643962
vt 0.529283 0.643962
vt 0.310084 0.657662
vt 0.529283 0.657662
vt 0.310084 0.671362
vt 0.529283 0.671362
vt 0.310084 0.685062
vt 0.529283 0.685062
vt 0.310084 0.698762
vt 0.529283 0.698762
vt 0.310084 0.712462
vt 0.529283 0.712462
vt 0.310084 0.726162
vt 0.529283 0.726162
vt 0.310084 0.739862
vt 0.529283 0.739862
vt 0.310084 0.753562
vt 0.529283 0.753562
vt 0.310084 0.767262
vt 0.529283 0.767262
vt 0.310084 0.780962
vt 0.529283 0.780962
vt 0.310084 0.794662
vt 0.529283 0.794662
vt 0.310084 0.808362
vt 0.529283 0.808362
vt 0.310084 0.822062
vt 0.529283 0.822062
vt 0.310084 0.835762
vt 0.529283 0.835762
vt 0.310084 0.849462
vt 0.529283 0.849462
vt 0.310084 0.863162
vt 0.529283 0.863162
vt 0.310084 0.876862
vt 0.529283 0.876862
vt 0.310084 0.890562
vt 0.820053 0.783486
vt 0.929208 0.841831
vt 0.870863 0.950986
vt 0.529283 0.890562
vt 0.310084 0.904262
vt 0.529283 0.904262
vt 0.310084 0.917962
vt 0.142074 0.774730
vt 0.178002 0.656290
vt 0.059562 0.620362
vt 0.013721 0.479500
vt 0.058541 0.453623
vt 0.058541 0.505377
vt 0.103361 0.427747
vt 0.058541 0.401870
vt 0.103361 0.375994
vt 0.013721 0.065474
vt 0.058541 0.039598
vt 0.058541 0.091351
vt 0.013721 0.168981
vt 0.058541 0.143104
vt 0.058541 0.194857
vt 0.013721 0.272487
vt 0.058541 0.246611
vt 0.058541 0.298364
vt 0.148181 0.401870
vt 0.103361 0.531253
vt 0.103361 0.479500
vt 0.148181 0.505377
vt 0.103361 0.117228
vt 0.103361 0.065474
vt 0.148181 0.091351
vt 0.103361 0.220734
vt 0.103361 0.168981
vt 0.148181 0.194857
vt 0.103361 0.324240
vt 0.103361 0.272487
vt 0.148181 0.298364
vt 0.148181 0.453623
vt 0.148181 0.557130
vt 0.148181 0.143104
vt 0.148181 0.246611
vt 0.148181 0.350117
vt 0.193001 0.479500
vt 0.193001 0.427747
vt 0.237821 0.453623
vt 0.193001 0.583007
vt 0.193001 0.531253
vt 0.237821 0.557130
vt 0.193001 0.168981
vt 0.193001 0.117228
vt 0.237821 0.143104
vt 0.193001 0.272487
vt 0.193001 0.220734
vt 0.237821 0.246611
vt 0.193001 0.375994
vt 0.193001 0.324240
vt 0.237821 0.350117
vt 0.237821 0.298364
vt 0.282642 0.324240
vt 0.237821 0.194857
vt 0.282642 0.220734
vt 0.237821 0.091351
vt 0.282642 0.117228
vt 0.193001 0.065474
vt 0.237821 0.505377
vt 0.282642 0.531253
vt 0.237821 0.401870
vt 0.282642 0.427747
vt 0.193001 0.324240
vt 0.148181 0.039598
vt 0.103361 0.013721
vt 0.058541 0.350117
vt 0.013721 0.375994
vt 0.162740 0.401354
vt 0.186169 0.387827
vt 0.186169 0.414881
vt 0.148181 0.350117
vt 0.163715 0.350668
vt 0.185711 0.337968
vt 0.185711 0.363367
vt 0.148181 0.401870
vt 0.875466 0.544657
vt 0.891813 0.514074
vt 0.881747 0.547259
vt 0.888414 0.548585
vt 0.895212 0.548585
vt 0.901880 0.547259
vt 0.908161 0.544657
vt 0.913813 0.540880
vt 0.918620 0.536074
vt 0.922397 0.530421
vt 0.924998 0.524140
vt 0.926325 0.517473
vt 0.926325 0.510675
vt 0.924998 0.504007
vt 0.922397 0.497727
vt 0.918620 0.492074
vt 0.913813 0.487267
vt 0.908161 0.483490
vt 0.901880 0.480889
vt 0.895212 0.479563
vt 0.888414 0.479563
vt 0.881747 0.480889
vt 0.875466 0.483490
vt 0.869814 0.487267
vt 0.865007 0.492074
vt 0.861230 0.497727
vt 0.858628 0.504007
vt 0.857302 0.510675
vt 0.857302 0.517473
vt 0.858628 0.524140
vt 0.861230 0.530421
vt 0.865007 0.536073
vt 0.250322 0.623075
vt 0.248978 0.619831
vt 0.247027 0.616911
vt 0.869814 0.540880
vt 0.000000 0.000000
vt 0.529283 0.013721
vt 0.310084 0.027421
vt 0.310084 0.013721
vt 0.529283 0.027421
vt 0.310084 0.041121
vt 0.529283 0.041121
vt 0.310084 0.054821
vt 0.529283 0.054821
vt 0.310084 0.068521
vt 0.529283 0.068521
vt 0.310084 0.082221
vt 0.529283 0.082221
vt 0.310084 0.095921
vt 0.529283 0.095921
vt 0.310084 0.109621
vt 0.529283 0.109621
vt 0.310084 0.123321
vt 0.529283 0.123321
vt 0.310084 0.137021
vt 0.529283 0.137021
vt 0.310084 0.150721
vt 0.529283 0.150721
vt 0.310084 0.164421
vt 0.529283 0.164421
vt 0.310084 0.178121
vt 0.529283 0.178121
vt 0.310084 0.191821
vt 0.529283 0.191821
vt 0.310084 0.205521
vt 0.529283 0.205521
vt 0.310084 0.219221
vt 0.529283 0.219221
vt 0.310084 0.232921
vt 0.529283 0.232921
vt 0.310084 0.246621
vt 0.529283 0.246621
vt 0.310084 0.260321
vt 0.529283 0.260321
vt 0.310084 0.274021
vt 0.529283 0.274021
vt 0.310084 0.287721
vt 0.529283 0.287721
vt 0.310084 0.301420
vt 0.529283 0.301420
vt 0.310084 0.315121
vt 0.529283 0.315121
vt 0.310084 0.328821
vt 0.529283 0.328821
vt 0.310084 0.342520
vt 0.529283 0.342520
vt 0.310084 0.356221
vt 0.529283 0.356221
vt 0.310084 0.369920
vt 0.529283 0.369920
vt 0.310084 0.383621
vt 0.529283 0.383620
vt 0.310084 0.397320
vt 0.529283 0.397320
vt 0.310084 0.411020
vt 0.529283 0.411020
vt 0.310084 0.424720
vt 0.635244 0.780139
vt 0.730919 0.858658
vt 0.652401 0.954333
vt 0.529283 0.424720
vt 0.310084 0.438420
vt 0.529283 0.438420
vt 0.310084 0.452120
vt 0.156339 0.831529
vt 0.033165 0.843661
vt 0.045297 0.966834
vt 0.775925 0.013721
vt 0.556726 0.027421
vt 0.556726 0.013721
vt 0.775925 0.027421
vt 0.556726 0.041121
vt 0.775925 0.041121
vt 0.556726 0.054821
vt 0.775925 0.054821
vt 0.556726 0.068521
vt 0.775925 0.068521
vt 0.556726 0.082221
vt 0.775925 0.082221
vt 0.556726 0.095921
vt 0.775925 0.095921
vt 0.556726 0.109621
vt 0.775925 0.109621
vt 0.556726 0.123321
vt 0.775925 0.123321
vt 0.556726 0.137021
vt 0.775925 0.137021
vt 0.556726 0.150721
vt 0.775925 0.150721
vt 0.556726 0.164421
vt 0.775925 0.164421
vt 0.556726 0.178121
vt 0.775925 0.178121
vt 0.556726 0.191821
vt 0.775925 0.191821
vt 0.556726 0.205521
vt 0.775925 0.205521
vt 0.556726 0.219221
vt 0.775925 0.219221
vt 0.556726 0.232921
vt 0.775925 0.232921
vt 0.556726 0.246621
vt 0.775925 0.246621
vt 0.556726 0.260321
vt 0.775925 0.260321
vt 0.556726 0.274021
vt 0.775925 0.274021
vt 0.556726 0.287721
vt 0.775925 0.287721
vt 0.556726 0.301420
vt 0.775925 0.301420
vt 0.556726 0.315121
vt 0.775925 0.315121
vt 0.556726 0.328820
vt 0.775925 0.328820
vt 0.556726 0.342521
vt 0.775925 0.342521
vt 0.556726 0.356221
vt 0.775925 0.356221
vt 0.556726 0.369920
vt 0.775925 0.369920
vt 0.556726 0.383620
vt 0.775925 0.383620
vt 0.556726 0.397320
vt 0.775925 0.397320
vt 0.556726 0.411020
vt 0.775925 0.411020
vt 0.556726 0.424720
vt 0.806715 0.075413
vt 0.915870 0.017068
vt 0.974214 0.126223
vt 0.775925 0.424720
vt 0.556726 0.438420
vt 0.775925 0.438420
vt 0.556726 0.452120
vt 0.958117 0.357975
vt 0.945985 0.234801
vt 0.822812 0.246933
vt 0.854037 0.954333
vt 0.836880 0.954333
vt 0.820053 0.950986
vt 0.804202 0.944420
vt 0.789937 0.934888
vt 0.777806 0.922757
vt 0.768274 0.908492
vt 0.761709 0.892641
vt 0.758362 0.875814
vt 0.758362 0.858658
vt 0.761709 0.841831
vt 0.768274 0.825980
vt 0.777806 0.811715
vt 0.789938 0.799583
vt 0.804203 0.790052
vt 0.836880 0.780139
vt 0.886714 0.790052
vt 0.854037 0.780139
vt 0.870864 0.783486
vt 0.900980 0.799584
vt 0.913111 0.811715
vt 0.922643 0.825980
vt 0.932555 0.858658
vt 0.922643 0.908492
vt 0.932555 0.875814
vt 0.929208 0.892641
vt 0.913111 0.922757
vt 0.900979 0.934889
vt 0.886714 0.944420
vt 0.529283 0.917962
vt 0.045297 0.629894
vt 0.033165 0.642025
vt 0.023634 0.656290
vt 0.017068 0.672141
vt 0.013721 0.688968
vt 0.013721 0.706124
vt 0.017068 0.722951
vt 0.023634 0.738802
vt 0.033166 0.753067
vt 0.045297 0.765199
vt 0.059562 0.774730
vt 0.075413 0.781296
vt 0.092240 0.784643
vt 0.109396 0.784643
vt 0.126223 0.781296
vt 0.156339 0.765199
vt 0.168471 0.753067
vt 0.178002 0.738802
vt 0.184568 0.722951
vt 0.187915 0.706124
vt 0.187915 0.688968
vt 0.184568 0.672141
vt 0.168470 0.642025
vt 0.156339 0.629894
vt 0.142074 0.620362
vt 0.126223 0.613796
vt 0.109396 0.610449
vt 0.092240 0.610449
vt 0.075413 0.613796
vt 0.244545 0.614429
vt 0.241625 0.612478
vt 0.251007 0.626518
vt 0.251007 0.630030
vt 0.238381 0.611134
vt 0.234937 0.610449
vt 0.250322 0.633473
vt 0.231426 0.610449
vt 0.248978 0.636717
vt 0.227983 0.611134
vt 0.247027 0.639637
vt 0.244544 0.642119
vt 0.224739 0.612478
vt 0.221819 0.614428
vt 0.241625 0.644070
vt 0.219336 0.616911
vt 0.238381 0.645414
vt 0.217386 0.619831
vt 0.234937 0.646099
vt 0.231426 0.646099
vt 0.216042 0.623075
vt 0.215357 0.626518
vt 0.227982 0.645414
vt 0.215357 0.630029
vt 0.224739 0.644070
vt 0.216042 0.633473
vt 0.221819 0.642119
vt 0.219336 0.639637
vt 0.217386 0.636717
vt 0.635244 0.954333
vt 0.618417 0.950986
vt 0.602567 0.944420
vt 0.588301 0.934888
vt 0.576170 0.922757
vt 0.566638 0.908491
vt 0.560073 0.892641
vt 0.556726 0.875814
vt 0.556726 0.858657
vt 0.560073 0.841830
vt 0.566638 0.825980
vt 0.576170 0.811715
vt 0.588302 0.799583
vt 0.602567 0.790052
vt 0.618418 0.783486
vt 0.652401 0.780139
vt 0.669228 0.783486
vt 0.685079 0.790052
vt 0.699344 0.799583
vt 0.711475 0.811715
vt 0.721007 0.825980
vt 0.727572 0.841831
vt 0.730919 0.875814
vt 0.727572 0.892641
vt 0.721007 0.908492
vt 0.711475 0.922757
vt 0.699344 0.934888
vt 0.685078 0.944420
vt 0.669228 0.950986
vt 0.529283 0.452120
vt 0.059562 0.976366
vt 0.109396 0.986279
vt 0.075413 0.982932
vt 0.092240 0.986279
vt 0.126223 0.982932
vt 0.168470 0.954703
vt 0.142074 0.976366
vt 0.156339 0.966834
vt 0.178002 0.940438
vt 0.187915 0.890604
vt 0.184568 0.924587
vt 0.187915 0.907760
vt 0.184568 0.873777
vt 0.178002 0.857926
vt 0.168470 0.843661
vt 0.142074 0.821998
vt 0.126223 0.815432
vt 0.109396 0.812085
vt 0.092240 0.812085
vt 0.075413 0.815432
vt 0.059562 0.821998
vt 0.045297 0.831529
vt 0.023634 0.857926
vt 0.017068 0.873777
vt 0.013721 0.890604
vt 0.013721 0.907760
vt 0.017068 0.924587
vt 0.023634 0.940438
vt 0.033165 0.954703
vt 0.865059 0.184568
vt 0.849208 0.178002
vt 0.834943 0.168470
vt 0.822812 0.156339
vt 0.813280 0.142074
vt 0.806715 0.126223
vt 0.803367 0.109396
vt 0.803367 0.092239
vt 0.813280 0.059562
vt 0.849209 0.023634
vt 0.822812 0.045297
vt 0.834943 0.033165
vt 0.865059 0.017068
vt 0.881886 0.013721
vt 0.899043 0.013721
vt 0.931720 0.023634
vt 0.967649 0.059562
vt 0.945985 0.033166
vt 0.958117 0.045297
vt 0.974214 0.075413
vt 0.977561 0.092240
vt 0.977561 0.109396
vt 0.967648 0.142074
vt 0.958117 0.156339
vt 0.945985 0.168471
vt 0.931720 0.178002
vt 0.915869 0.184568
vt 0.899042 0.187915
vt 0.881886 0.187915
vt 0.775925 0.452120
vt 0.813280 0.261198
vt 0.806715 0.277049
vt 0.803368 0.293876
vt 0.803368 0.311032
vt 0.806715 0.327859
vt 0.813280 0.343710
vt 0.822812 0.357975
vt 0.834943 0.370106
vt 0.849209 0.379638
vt 0.865059 0.386204
vt 0.881886 0.389551
vt 0.899043 0.389551
vt 0.915870 0.386204
vt 0.931720 0.379638
vt 0.945985 0.370106
vt 0.967649 0.343710
vt 0.974214 0.327859
vt 0.977561 0.311032
vt 0.977561 0.293876
vt 0.974214 0.277049
vt 0.967649 0.261198
vt 0.958117 0.246933
vt 0.931720 0.225270
vt 0.915870 0.218704
vt 0.899043 0.215357
vt 0.881886 0.215357
vt 0.865059 0.218704
vt 0.849209 0.225270
vt 0.834943 0.234801
s 0
usemtl マテリアル.008
f 2/1/1 3/2/1 1/3/1
f 4/4/2 5/5/2 3/2/2
f 6/6/3 7/7/3 5/5/3
f 8/8/4 9/9/4 7/7/4
f 10/10/5 11/11/5 9/9/5
f 12/12/6 13/13/6 11/11/6
f 14/14/7 15/15/7 13/13/7
f 16/16/8 17/17/8 15/15/8
f 18/18/9 19/19/9 17/17/9
f 20/20/10 21/21/10 19/19/10
f 22/22/11 23/23/11 21/21/11
f 24/24/12 25/25/12 23/23/12
f 26/26/13 27/27/13 25/25/13
f 28/28/14 29/29/14 27/27/14
f 30/30/15 31/31/15 29/29/15
f 32/32/16 33/33/16 31/31/16
f 34/34/17 35/35/17 33/33/17
f 36/36/18 37/37/18 35/35/18
f 38/38/19 39/39/19 37/37/19
f 40/40/20 41/41/20 39/39/20
f 42/42/21 43/43/21 41/41/21
f 44/44/22 45/45/22 43/43/22
f 46/46/23 47/47/23 45/45/23
f 48/48/24 49/49/24 47/47/24
f 50/50/25 51/51/25 49/49/25
f 52/52/26 53/53/26 51/51/26
f 54/54/27 55/55/27 53/53/27
f 56/56/28 57/57/28 55/55/28
f 58/58/29 59/59/29 57/57/29
f 60/60/30 61/61/30 59/59/30
f 38/62/31 22/63/31 6/64/31
f 62/65/32 63/66/32 61/61/32
f 64/67/33 1/68/33 63/66/33
f 31/69/34 47/70/34 63/71/34
f 2/1/1 4/4/1 3/2/1
f 4/4/2 6/6/2 5/5/2
f 6/6/3 8/8/3 7/7/3
f 8/8/4 10/10/4 9/9/4
f 10/10/5 12/12/5 11/11/5
f 12/12/6 14/14/6 13/13/6
f 14/14/7 16/16/7 15/15/7
f 16/16/8 18/18/8 17/17/8
f 18/18/9 20/20/9 19/19/9
f 20/20/10 22/22/10 21/21/10
f 22/22/11 24/24/11 23/23/11
f 24/24/12 26/26/12 25/25/12
f 26/26/13 28/28/13 27/27/13
f 28/28/14 30/30/14 29/29/14
f 30/30/15 32/32/15 31/31/15
f 32/32/16 34/34/16 33/33/16
f 34/34/17 36/36/17 35/35/17
f 36/36/18 38/38/18 37/37/18
f 38/38/19 40/40/19 39/39/19
f 40/40/20 42/42/20 41/41/20
f 42/42/21 44/44/21 43/43/21
f 44/44/22 46/46/22 45/45/22
f 46/46/23 48/48/23 47/47/23
f 48/48/24 50/50/24 49/49/24
f 50/50/25 52/52/25 51/51/25
f 52/52/26 54/54/26 53/53/26
f 54/54/27 56/56/27 55/55/27
f 56/56/28 58/58/28 57/57/28
f 58/58/29 60/60/29 59/59/29
f 60/60/30 62/65/30 61/61/30
f 6/64/31 4/323/31 2/324/31
f 2/324/31 64/325/31 6/64/31
f 64/325/31 62/326/31 6/64/31
f 62/326/31 60/327/31 58/328/31
f 58/328/31 56/329/31 54/330/31
f 54/330/31 52/331/31 50/332/31
f 50/332/31 48/333/31 54/330/31
f 48/333/31 46/334/31 54/330/31
f 46/334/31 44/335/31 42/336/31
f 42/336/31 40/337/31 38/62/31
f 38/62/31 36/338/31 30/339/31
f 36/338/31 34/340/31 30/339/31
f 34/340/31 32/341/31 30/339/31
f 30/339/31 28/342/31 26/343/31
f 26/343/31 24/344/31 22/63/31
f 22/63/31 20/345/31 14/346/31
f 20/345/31 18/347/31 14/346/31
f 18/347/31 16/348/31 14/346/31
f 14/346/31 12/349/31 10/350/31
f 10/350/31 8/351/31 6/64/31
f 62/326/31 58/328/31 6/64/31
f 58/328/31 54/330/31 6/64/31
f 46/334/31 42/336/31 54/330/31
f 42/336/31 38/62/31 54/330/31
f 30/339/31 26/343/31 38/62/31
f 26/343/31 22/63/31 38/62/31
f 14/346/31 10/350/31 22/63/31
f 10/350/31 6/64/31 22/63/31
f 6/64/31 54/330/31 38/62/31
f 62/65/32 64/67/32 63/66/32
f 64/67/33 2/352/33 1/68/33
f 63/71/34 1/353/34 3/354/34
f 3/354/34 5/355/34 7/356/34
f 7/356/34 9/357/34 11/358/34
f 11/358/34 13/359/34 15/360/34
f 15/360/34 17/361/34 19/362/34
f 19/362/34 21/363/34 23/364/34
f 23/364/34 25/365/34 27/366/34
f 27/366/34 29/367/34 31/69/34
f 31/69/34 33/368/34 35/369/34
f 35/369/34 37/370/34 39/371/34
f 39/371/34 41/372/34 43/373/34
f 43/373/34 45/374/34 47/70/34
f 47/70/34 49/375/34 51/376/34
f 51/376/34 53/377/34 55/378/34
f 55/378/34 57/379/34 59/380/34
f 59/380/34 61/381/34 63/71/34
f 63/71/34 3/354/34 15/360/34
f 3/354/34 7/356/34 15/360/34
f 7/356/34 11/358/34 15/360/34
f 15/360/34 19/362/34 31/69/34
f 19/362/34 23/364/34 31/69/34
f 23/364/34 27/366/34 31/69/34
f 31/69/34 35/369/34 47/70/34
f 35/369/34 39/371/34 47/70/34
f 39/371/34 43/373/34 47/70/34
f 47/70/34 51/376/34 63/71/34
f 51/376/34 55/378/34 63/71/34
f 55/378/34 59/380/34 63/71/34
f 63/71/34 15/360/34 31/69/34
usemtl マテリアル.009
f 65/72/35 78/73/35 77/74/35
f 66/75/36 78/76/36 80/77/36
f 65/78/37 77/79/37 82/80/37
f 65/81/38 82/82/38 84/83/38
f 65/84/39 84/85/39 81/86/39
f 66/75/40 80/77/40 87/87/40
f 67/88/41 79/89/41 89/90/41
f 68/91/42 83/92/42 91/93/42
f 69/94/43 85/95/43 93/96/43
f 70/97/44 86/98/44 95/99/44
f 66/75/45 87/87/45 90/100/45
f 67/88/46 89/90/46 92/101/46
f 68/91/47 91/93/47 94/102/47
f 69/94/48 93/96/48 96/103/48
f 70/97/49 95/99/49 88/104/49
f 71/105/50 97/106/50 102/107/50
f 72/108/51 98/109/51 104/110/51
f 73/111/52 99/112/52 105/113/52
f 74/114/53 100/115/53 106/116/53
f 75/117/54 101/118/54 103/119/54
f 103/119/55 106/120/55 76/121/55
f 103/119/56 101/118/56 106/120/56
f 101/118/57 74/114/57 106/120/57
f 106/116/58 105/122/58 76/123/58
f 106/116/59 100/115/59 105/122/59
f 100/115/60 73/111/60 105/122/60
f 105/113/61 104/124/61 76/125/61
f 105/113/62 99/112/62 104/124/62
f 99/112/63 72/126/63 104/124/63
f 104/110/64 102/127/64 76/128/64
f 104/110/65 98/109/65 102/127/65
f 98/109/66 71/105/66 102/127/66
f 102/107/67 103/129/67 76/130/67
f 102/107/68 97/106/68 103/129/68
f 97/106/69 75/117/69 103/129/69
f 75/117/70 118/131/70 101/118/70
f 88/104/71 95/99/71 101/118/71
f 95/99/72 74/114/72 101/118/72
f 96/103/73 100/115/73 74/114/73
f 96/103/74 93/96/74 100/115/74
f 93/96/75 73/111/75 100/115/75
f 94/102/76 99/112/76 73/111/76
f 94/102/77 91/93/77 99/112/77
f 91/93/78 72/126/78 99/112/78
f 92/101/79 98/109/79 72/108/79
f 92/101/80 89/90/80 98/109/80
f 89/90/81 71/105/81 98/109/81
f 90/100/82 97/106/82 71/105/82
f 90/100/83 87/87/83 97/106/83
f 95/99/84 96/103/84 74/114/84
f 95/99/85 86/98/85 96/103/85
f 86/98/86 69/94/86 96/103/86
f 93/96/87 94/102/87 73/111/87
f 93/96/88 85/95/88 94/102/88
f 85/95/89 68/91/89 94/102/89
f 91/93/90 92/132/90 72/126/90
f 91/93/91 83/92/91 92/132/91
f 83/92/92 67/133/92 92/132/92
f 89/90/93 90/100/93 71/105/93
f 89/90/94 79/89/94 90/100/94
f 79/89/95 66/75/95 90/100/95
f 87/87/96 88/104/96 75/117/96
f 88/104/97 154/77/97 80/77/97
f 80/77/98 70/97/98 88/104/98
f 81/86/99 86/98/99 70/97/99
f 81/86/100 84/85/100 86/98/100
f 84/85/101 69/94/101 86/98/101
f 84/83/102 85/95/102 69/94/102
f 84/83/103 82/82/103 85/95/103
f 82/82/104 68/91/104 85/95/104
f 82/80/105 83/92/105 68/91/105
f 82/80/106 77/79/106 83/92/106
f 77/79/107 67/133/107 83/92/107
f 80/77/108 81/134/108 70/97/108
f 80/77/109 78/76/109 81/134/109
f 78/76/110 65/135/110 81/134/110
f 77/74/111 79/89/111 67/88/111
f 77/74/112 78/73/112 79/89/112
f 78/73/113 66/75/113 79/89/113
f 75/117/114 111/106/114 107/117/114
f 87/87/115 111/106/115 97/106/115
f 109/136/116 108/137/116 112/138/116
f 88/104/117 118/131/117 113/139/117
f 114/140/118 117/141/118 115/142/118
f 109/136/119 107/117/119 108/137/119
f 107/117/120 112/138/120 108/137/120
f 110/143/121 112/138/121 111/106/121
f 87/87/122 107/117/122 110/143/122
f 114/140/123 116/117/123 113/139/123
f 116/117/124 117/141/124 118/131/124
f 113/139/125 117/141/125 114/140/125
f 88/104/126 116/117/126 75/117/126
f 119/144/127 151/145/127 120/146/127
f 120/146/128 151/145/128 121/147/128
f 121/147/129 151/145/129 122/148/129
f 122/148/130 151/145/130 123/149/130
f 123/149/131 151/145/131 124/150/131
f 124/150/132 151/145/132 125/151/132
f 125/151/133 151/145/133 126/152/133
f 126/152/134 151/145/134 127/153/134
f 127/153/135 151/145/135 128/154/135
f 128/154/136 151/145/136 129/155/136
f 129/155/137 151/145/137 130/156/137
f 130/156/138 151/145/138 131/157/138
f 131/157/139 151/145/139 132/158/139
f 132/158/140 151/145/140 133/159/140
f 133/159/141 151/145/141 134/160/141
f 134/160/142 151/145/142 135/161/142
f 135/161/143 151/145/143 136/162/143
f 136/162/144 151/145/144 137/163/144
f 137/163/145 151/145/145 138/164/145
f 138/164/146 151/145/146 139/165/146
f 139/165/147 151/145/147 140/166/147
f 140/166/148 151/145/148 141/167/148
f 141/167/149 151/145/149 142/168/149
f 142/168/150 151/145/150 143/169/150
f 143/169/151 151/145/151 144/170/151
f 144/170/152 151/145/152 145/171/152
f 145/171/153 151/145/153 146/172/153
f 146/172/154 151/145/154 147/173/154
f 147/173/155 151/145/155 148/174/155
f 148/174/156 151/145/156 149/175/156
f 148/176/157 149/177/157 150/178/157
f 149/175/158 151/145/158 150/179/158
f 150/179/159 151/145/159 119/144/159
f 152/87/160 154/77/160 153/139/160
f 87/87/161 154/77/161 152/87/161
f 87/87/162 153/139/162 88/104/162
f 75/117/70 116/117/70 118/131/70
f 88/104/97 153/139/97 154/77/97
f 75/117/114 97/106/114 111/106/114
f 87/87/115 110/143/115 111/106/115
f 88/104/117 101/118/117 118/131/117
f 109/136/119 110/143/119 107/117/119
f 107/117/453 111/106/453 112/138/453
f 110/143/454 109/136/454 112/138/454
f 87/87/122 75/117/122 107/117/122
f 114/140/123 115/142/123 116/117/123
f 116/117/455 115/142/455 117/141/455
f 113/139/456 118/131/456 117/141/456
f 88/104/126 113/139/126 116/117/126
f 150/178/157 119/382/157 148/176/157
f 119/382/157 120/383/157 147/384/157
f 147/384/157 120/383/157 146/385/157
f 120/383/157 121/386/157 146/385/157
f 121/386/157 122/387/157 145/388/157
f 146/385/157 121/386/157 145/388/157
f 122/387/157 123/389/157 144/390/157
f 123/389/157 124/391/157 143/392/157
f 143/392/157 124/391/157 142/393/157
f 124/391/157 125/394/157 142/393/157
f 125/394/157 126/395/157 141/396/157
f 142/393/157 125/394/157 141/396/157
f 126/395/157 127/397/157 140/398/157
f 127/397/157 128/399/157 139/400/157
f 139/400/157 128/399/157 138/401/157
f 128/399/157 129/402/157 138/401/157
f 129/402/157 130/403/157 137/404/157
f 138/401/157 129/402/157 137/404/157
f 130/403/157 131/405/157 136/406/157
f 131/405/157 132/407/157 135/408/157
f 135/408/157 132/407/157 134/409/157
f 132/407/157 133/410/157 134/409/157
f 135/408/157 136/406/157 131/405/157
f 136/406/157 137/404/157 130/403/157
f 139/400/157 140/398/157 127/397/157
f 140/398/157 141/396/157 126/395/157
f 143/392/157 144/390/157 123/389/157
f 144/390/157 145/388/157 122/387/157
f 147/384/157 148/176/157 119/382/157
f 87/87/161 80/77/161 154/77/161
f 87/87/162 152/87/162 153/139/162
usemtl マテリアル.010
f 155/180/163 168/180/163 156/180/163
f 156/180/164 169/180/164 157/180/164
f 157/180/165 170/180/165 158/180/165
f 158/180/166 171/180/166 159/180/166
f 159/180/167 172/180/167 160/180/167
f 160/180/168 173/180/168 161/180/168
f 173/180/169 162/180/169 161/180/169
f 174/180/170 163/180/170 162/180/170
f 175/180/171 164/180/171 163/180/171
f 176/180/172 165/180/172 164/180/172
f 177/180/173 166/180/173 165/180/173
f 178/180/174 155/180/174 166/180/174
f 167/180/175 180/180/175 168/180/175
f 168/180/176 181/180/176 169/180/176
f 169/180/177 182/180/177 170/180/177
f 170/180/178 183/180/178 171/180/178
f 171/180/179 184/180/179 172/180/179
f 172/180/180 185/180/180 173/180/180
f 185/180/181 174/180/181 173/180/181
f 186/180/182 175/180/182 174/180/182
f 187/180/183 176/180/183 175/180/183
f 188/180/184 177/180/184 176/180/184
f 189/180/185 178/180/185 177/180/185
f 190/180/186 167/180/186 178/180/186
f 179/180/187 192/180/187 180/180/187
f 180/180/188 193/180/188 181/180/188
f 181/180/189 194/180/189 182/180/189
f 182/180/190 195/180/190 183/180/190
f 183/180/191 196/180/191 184/180/191
f 184/180/192 197/180/192 185/180/192
f 197/180/193 186/180/193 185/180/193
f 198/180/194 187/180/194 186/180/194
f 199/180/195 188/180/195 187/180/195
f 200/180/196 189/180/196 188/180/196
f 201/180/197 190/180/197 189/180/197
f 202/180/198 179/180/198 190/180/198
f 191/180/199 204/180/199 192/180/199
f 192/180/200 205/180/200 193/180/200
f 193/180/201 206/180/201 194/180/201
f 194/180/202 207/180/202 195/180/202
f 195/180/203 208/180/203 196/180/203
f 196/180/204 209/180/204 197/180/204
f 209/180/205 198/180/205 197/180/205
f 210/180/206 199/180/206 198/180/206
f 211/180/207 200/180/207 199/180/207
f 212/180/208 201/180/208 200/180/208
f 213/180/209 202/180/209 201/180/209
f 214/180/210 191/180/210 202/180/210
f 203/180/211 216/180/211 204/180/211
f 204/180/212 217/180/212 205/180/212
f 205/180/213 218/180/213 206/180/213
f 206/180/214 219/180/214 207/180/214
f 207/180/215 220/180/215 208/180/215
f 208/180/216 221/180/216 209/180/216
f 221/180/217 210/180/217 209/180/217
f 222/180/218 211/180/218 210/180/218
f 223/180/219 212/180/219 211/180/219
f 224/180/220 213/180/220 212/180/220
f 225/180/221 214/180/221 213/180/221
f 226/180/222 203/180/222 214/180/222
f 215/180/223 228/180/223 216/180/223
f 216/180/224 229/180/224 217/180/224
f 217/180/225 230/180/225 218/180/225
f 218/180/226 231/180/226 219/180/226
f 219/180/227 232/180/227 220/180/227
f 220/180/228 233/180/228 221/180/228
f 233/180/229 222/180/229 221/180/229
f 234/180/230 223/180/230 222/180/230
f 235/180/231 224/180/231 223/180/231
f 236/180/232 225/180/232 224/180/232
f 237/180/233 226/180/233 225/180/233
f 238/180/234 215/180/234 226/180/234
f 227/180/235 240/180/235 228/180/235
f 228/180/236 241/180/236 229/180/236
f 229/180/237 242/180/237 230/180/237
f 230/180/238 243/180/238 231/180/238
f 231/180/239 244/180/239 232/180/239
f 232/180/240 245/180/240 233/180/240
f 245/180/241 234/180/241 233/180/241
f 246/180/242 235/180/242 234/180/242
f 247/180/243 236/180/243 235/180/243
f 248/180/244 237/180/244 236/180/244
f 249/180/245 238/180/245 237/180/245
f 250/180/246 227/180/246 238/180/246
f 239/180/247 252/180/247 240/180/247
f 240/180/248 253/180/248 241/180/248
f 241/180/249 254/180/249 242/180/249
f 242/180/250 255/180/250 243/180/250
f 243/180/251 256/180/251 244/180/251
f 244/180/252 257/180/252 245/180/252
f 257/180/253 246/180/253 245/180/253
f 258/180/254 247/180/254 246/180/254
f 259/180/255 248/180/255 247/180/255
f 260/180/256 249/180/256 248/180/256
f 261/180/257 250/180/257 249/180/257
f 262/180/258 239/180/258 250/180/258
f 251/180/259 264/180/259 252/180/259
f 252/180/260 265/180/260 253/180/260
f 253/180/261 266/180/261 254/180/261
f 254/180/262 267/180/262 255/180/262
f 255/180/263 268/180/263 256/180/263
f 256/180/264 269/180/264 257/180/264
f 269/180/265 258/180/265 257/180/265
f 270/180/266 259/180/266 258/180/266
f 271/180/267 260/180/267 259/180/267
f 272/180/268 261/180/268 260/180/268
f 273/180/269 262/180/269 261/180/269
f 274/180/270 251/180/270 262/180/270
f 263/180/271 276/180/271 264/180/271
f 264/180/272 277/180/272 265/180/272
f 265/180/273 278/180/273 266/180/273
f 266/180/274 279/180/274 267/180/274
f 267/180/275 280/180/275 268/180/275
f 268/180/276 281/180/276 269/180/276
f 281/180/277 270/180/277 269/180/277
f 282/180/278 271/180/278 270/180/278
f 283/180/279 272/180/279 271/180/279
f 284/180/280 273/180/280 272/180/280
f 285/180/281 274/180/281 273/180/281
f 286/180/282 263/180/282 274/180/282
f 275/180/283 288/180/283 276/180/283
f 276/180/284 289/180/284 277/180/284
f 277/180/285 290/180/285 278/180/285
f 278/180/286 291/180/286 279/180/286
f 279/180/287 292/180/287 280/180/287
f 280/180/288 293/180/288 281/180/288
f 293/180/289 282/180/289 281/180/289
f 294/180/290 283/180/290 282/180/290
f 295/180/291 284/180/291 283/180/291
f 296/180/292 285/180/292 284/180/292
f 297/180/293 286/180/293 285/180/293
f 298/180/294 275/180/294 286/180/294
f 287/180/295 300/180/295 288/180/295
f 288/180/296 301/180/296 289/180/296
f 289/180/297 302/180/297 290/180/297
f 290/180/298 303/180/298 291/180/298
f 291/180/299 304/180/299 292/180/299
f 292/180/300 305/180/300 293/180/300
f 305/180/301 294/180/301 293/180/301
f 306/180/302 295/180/302 294/180/302
f 307/180/303 296/180/303 295/180/303
f 308/180/304 297/180/304 296/180/304
f 309/180/305 298/180/305 297/180/305
f 310/180/306 287/180/306 298/180/306
f 311/180/307 300/180/307 299/180/307
f 312/180/308 301/180/308 300/180/308
f 313/180/309 302/180/309 301/180/309
f 314/180/310 303/180/310 302/180/310
f 315/180/311 304/180/311 303/180/311
f 316/180/312 305/180/312 304/180/312
f 305/180/313 318/180/313 306/180/313
f 306/180/314 319/180/314 307/180/314
f 307/180/315 320/180/315 308/180/315
f 308/180/316 321/180/316 309/180/316
f 309/180/317 322/180/317 310/180/317
f 310/180/318 311/180/318 299/180/318
f 323/180/319 312/180/319 311/180/319
f 324/180/320 313/180/320 312/180/320
f 325/180/321 314/180/321 313/180/321
f 326/180/322 315/180/322 314/180/322
f 327/180/323 316/180/323 315/180/323
f 328/180/324 317/180/324 316/180/324
f 317/180/325 330/180/325 318/180/325
f 318/180/326 331/180/326 319/180/326
f 319/180/327 332/180/327 320/180/327
f 320/180/328 333/180/328 321/180/328
f 321/180/329 334/180/329 322/180/329
f 322/180/330 323/180/330 311/180/330
f 335/180/331 324/180/331 323/180/331
f 336/180/332 325/180/332 324/180/332
f 337/180/333 326/180/333 325/180/333
f 338/180/334 327/180/334 326/180/334
f 339/180/335 328/180/335 327/180/335
f 340/180/336 329/180/336 328/180/336
f 329/180/337 342/180/337 330/180/337
f 330/180/338 343/180/338 331/180/338
f 331/180/339 344/180/339 332/180/339
f 332/180/340 345/180/340 333/180/340
f 333/180/341 346/180/341 334/180/341
f 334/180/342 335/180/342 323/180/342
f 347/180/343 336/180/343 335/180/343
f 348/180/344 337/180/344 336/180/344
f 349/180/345 338/180/345 337/180/345
f 350/180/346 339/180/346 338/180/346
f 351/180/347 340/180/347 339/180/347
f 352/180/348 341/180/348 340/180/348
f 341/180/349 354/180/349 342/180/349
f 342/180/350 355/180/350 343/180/350
f 343/180/351 356/180/351 344/180/351
f 344/180/352 357/180/352 345/180/352
f 345/180/353 358/180/353 346/180/353
f 346/180/354 347/180/354 335/180/354
f 359/180/355 348/180/355 347/180/355
f 360/180/356 349/180/356 348/180/356
f 361/180/357 350/180/357 349/180/357
f 362/180/358 351/180/358 350/180/358
f 363/180/359 352/180/359 351/180/359
f 364/180/360 353/180/360 352/180/360
f 353/180/361 366/180/361 354/180/361
f 354/180/362 367/180/362 355/180/362
f 355/180/363 368/180/363 356/180/363
f 356/180/364 369/180/364 357/180/364
f 357/180/365 370/180/365 358/180/365
f 358/180/366 359/180/366 347/180/366
f 371/180/367 360/180/367 359/180/367
f 372/180/368 361/180/368 360/180/368
f 373/180/369 362/180/369 361/180/369
f 374/180/370 363/180/370 362/180/370
f 375/180/371 364/180/371 363/180/371
f 376/180/372 365/180/372 364/180/372
f 365/180/373 378/180/373 366/180/373
f 366/180/374 379/180/374 367/180/374
f 367/180/375 380/180/375 368/180/375
f 368/180/376 381/180/376 369/180/376
f 369/180/377 382/180/377 370/180/377
f 370/180/378 371/180/378 359/180/378
f 383/180/379 372/180/379 371/180/379
f 384/180/380 373/180/380 372/180/380
f 385/180/381 374/180/381 373/180/381
f 386/180/382 375/180/382 374/180/382
f 387/180/383 376/180/383 375/180/383
f 388/180/384 377/180/384 376/180/384
f 377/180/385 390/180/385 378/180/385
f 378/180/386 391/180/386 379/180/386
f 379/180/387 392/180/387 380/180/387
f 380/180/388 393/180/388 381/180/388
f 381/180/389 394/180/389 382/180/389
f 382/180/390 383/180/390 371/180/390
f 395/180/391 384/180/391 383/180/391
f 396/180/392 385/180/392 384/180/392
f 397/180/393 386/180/393 385/180/393
f 398/180/394 387/180/394 386/180/394
f 399/180/395 388/180/395 387/180/395
f 400/180/396 389/180/396 388/180/396
f 389/180/397 402/180/397 390/180/397
f 390/180/398 403/180/398 391/180/398
f 391/180/399 404/180/399 392/180/399
f 392/180/400 405/180/400 393/180/400
f 393/180/401 406/180/401 394/180/401
f 394/180/402 395/180/402 383/180/402
f 407/180/403 396/180/403 395/180/403
f 408/180/404 397/180/404 396/180/404
f 409/180/405 398/180/405 397/180/405
f 410/180/406 399/180/406 398/180/406
f 411/180/407 400/180/407 399/180/407
f 412/180/408 401/180/408 400/180/408
f 401/180/409 414/180/409 402/180/409
f 402/180/410 415/180/410 403/180/410
f 403/180/411 416/180/411 404/180/411
f 404/180/412 417/180/412 405/180/412
f 405/180/413 418/180/413 406/180/413
f 406/180/414 407/180/414 395/180/414
f 419/180/415 408/180/415 407/180/415
f 420/180/416 409/180/416 408/180/416
f 421/180/417 410/180/417 409/180/417
f 422/180/418 411/180/418 410/180/418
f 423/180/419 412/180/419 411/180/419
f 424/180/420 413/180/420 412/180/420
f 413/180/421 426/180/421 414/180/421
f 414/180/422 427/180/422 415/180/422
f 415/180/423 428/180/423 416/180/423
f 416/180/424 429/180/424 417/180/424
f 417/180/425 430/180/425 418/180/425
f 418/180/426 419/180/426 407/180/426
f 431/180/427 420/180/427 419/180/427
f 432/180/428 421/180/428 420/180/428
f 433/180/429 422/180/429 421/180/429
f 434/180/430 423/180/430 422/180/430
f 435/180/431 424/180/431 423/180/431
f 436/180/432 425/180/432 424/180/432
f 425/180/433 438/180/433 426/180/433
f 426/180/434 439/180/434 427/180/434
f 427/180/435 440/180/435 428/180/435
f 428/180/436 441/180/436 429/180/436
f 429/180/437 442/180/437 430/180/437
f 430/180/438 431/180/438 419/180/438
f 443/180/439 432/180/439 431/180/439
f 444/180/440 433/180/440 432/180/440
f 445/180/441 434/180/441 433/180/441
f 446/180/442 435/180/442 434/180/442
f 447/180/443 436/180/443 435/180/443
f 448/180/444 437/180/444 436/180/444
f 437/180/445 450/180/445 438/180/445
f 438/180/446 451/180/446 439/180/446
f 439/180/447 452/180/447 440/180/447
f 440/180/448 453/180/448 441/180/448
f 441/180/449 454/180/449 442/180/449
f 442/180/450 443/180/450 431/180/450
f 443/180/168 456/180/168 444/180/168
f 444/180/167 457/180/167 445/180/167
f 445/180/166 458/180/166 446/180/166
f 446/180/165 459/180/165 447/180/165
f 447/180/164 460/180/164 448/180/164
f 448/180/163 461/180/163 449/180/163
f 461/180/174 450/180/174 449/180/174
f 462/180/173 451/180/173 450/180/173
f 463/180/172 452/180/172 451/180/172
f 464/180/171 453/180/171 452/180/171
f 465/180/170 454/180/170 453/180/170
f 466/180/169 443/180/169 454/180/169
f 455/180/180 468/180/180 456/180/180
f 456/180/179 469/180/179 457/180/179
f 457/180/178 470/180/178 458/180/178
f 458/180/177 471/180/177 459/180/177
f 459/180/176 472/180/176 460/180/176
f 460/180/175 473/180/175 461/180/175
f 473/180/186 462/180/186 461/180/186
f 474/180/185 463/180/185 462/180/185
f 475/180/184 464/180/184 463/180/184
f 476/180/183 465/180/183 464/180/183
f 477/180/182 466/180/182 465/180/182
f 478/180/181 455/180/181 466/180/181
f 467/180/192 480/180/192 468/180/192
f 468/180/191 481/180/191 469/180/191
f 469/180/190 482/180/190 470/180/190
f 470/180/189 483/180/189 471/180/189
f 471/180/188 484/180/188 472/180/188
f 472/180/187 485/180/187 473/180/187
f 485/180/198 474/180/198 473/180/198
f 486/180/197 475/180/197 474/180/197
f 487/180/196 476/180/196 475/180/196
f 488/180/195 477/180/195 476/180/195
f 489/180/194 478/180/194 477/180/194
f 490/180/193 467/180/193 478/180/193
f 479/180/204 492/180/204 480/180/204
f 480/180/203 493/180/203 481/180/203
f 481/180/202 494/180/202 482/180/202
f 482/180/201 495/180/201 483/180/201
f 483/180/200 496/180/200 484/180/200
f 484/180/199 497/180/199 485/180/199
f 497/180/210 486/180/210 485/180/210
f 498/180/209 487/180/209 486/180/209
f 499/180/208 488/180/208 487/180/208
f 500/180/207 489/180/207 488/180/207
f 501/180/206 490/180/206 489/180/206
f 502/180/205 479/180/205 490/180/205
f 491/180/216 504/180/216 492/180/216
f 492/180/215 505/180/215 493/180/215
f 493/180/214 506/180/214 494/180/214
f 494/180/213 507/180/213 495/180/213
f 495/180/212 508/180/212 496/180/212
f 496/180/211 509/180/211 497/180/211
f 509/180/222 498/180/222 497/180/222
f 510/180/221 499/180/221 498/180/221
f 511/180/220 500/180/220 499/180/220
f 512/180/219 501/180/219 500/180/219
f 513/180/218 502/180/218 501/180/218
f 514/180/217 491/180/217 502/180/217
f 503/180/228 516/180/228 504/180/228
f 504/180/227 517/180/227 505/180/227
f 505/180/226 518/180/226 506/180/226
f 506/180/225 519/180/225 507/180/225
f 507/180/224 520/180/224 508/180/224
f 508/180/223 521/180/223 509/180/223
f 521/180/234 510/180/234 509/180/234
f 522/180/233 511/180/233 510/180/233
f 523/180/232 512/180/232 511/180/232
f 524/180/231 513/180/231 512/180/231
f 525/180/230 514/180/230 513/180/230
f 526/180/229 503/180/229 514/180/229
f 515/180/240 528/180/240 516/180/240
f 516/180/239 529/180/239 517/180/239
f 517/180/238 530/180/238 518/180/238
f 518/180/237 531/180/237 519/180/237
f 519/180/236 532/180/236 520/180/236
f 520/180/235 533/180/235 521/180/235
f 533/180/246 522/180/246 521/180/246
f 534/180/245 523/180/245 522/180/245
f 535/180/244 524/180/244 523/180/244
f 536/180/243 525/180/243 524/180/243
f 537/180/242 526/180/242 525/180/242
f 538/180/241 515/180/241 526/180/241
f 527/180/252 540/180/252 528/180/252
f 528/180/251 541/180/251 529/180/251
f 529/180/250 542/180/250 530/180/250
f 530/180/249 543/180/249 531/180/249
f 531/180/248 544/180/248 532/180/248
f 532/180/247 545/180/247 533/180/247
f 545/180/258 534/180/258 533/180/258
f 546/180/257 535/180/257 534/180/257
f 547/180/256 536/180/256 535/180/256
f 548/180/255 537/180/255 536/180/255
f 549/180/254 538/180/254 537/180/254
f 550/180/253 527/180/253 538/180/253
f 539/180/264 552/180/264 540/180/264
f 540/180/263 553/180/263 541/180/263
f 541/180/262 554/180/262 542/180/262
f 542/180/261 555/180/261 543/180/261
f 543/180/260 556/180/260 544/180/260
f 544/180/259 557/180/259 545/180/259
f 557/180/270 546/180/270 545/180/270
f 558/180/269 547/180/269 546/180/269
f 559/180/268 548/180/268 547/180/268
f 560/180/267 549/180/267 548/180/267
f 561/180/266 550/180/266 549/180/266
f 562/180/265 539/180/265 550/180/265
f 551/180/276 564/180/276 552/180/276
f 552/180/275 565/180/275 553/180/275
f 553/180/274 566/180/274 554/180/274
f 554/180/273 567/180/273 555/180/273
f 555/180/272 568/180/272 556/180/272
f 556/180/271 569/180/271 557/180/271
f 569/180/282 558/180/282 557/180/282
f 570/180/281 559/180/281 558/180/281
f 571/180/280 560/180/280 559/180/280
f 572/180/279 561/180/279 560/180/279
f 573/180/278 562/180/278 561/180/278
f 574/180/277 551/180/277 562/180/277
f 563/180/288 576/180/288 564/180/288
f 564/180/287 577/180/287 565/180/287
f 565/180/286 578/180/286 566/180/286
f 566/180/285 579/180/285 567/180/285
f 567/180/284 580/180/284 568/180/284
f 568/180/283 581/180/283 569/180/283
f 581/180/294 570/180/294 569/180/294
f 582/180/293 571/180/293 570/180/293
f 583/180/292 572/180/292 571/180/292
f 584/180/291 573/180/291 572/180/291
f 585/180/290 574/180/290 573/180/290
f 586/180/289 563/180/289 574/180/289
f 575/180/300 588/180/300 576/180/300
f 576/180/299 589/180/299 577/180/299
f 577/180/298 590/180/298 578/180/298
f 578/180/297 591/180/297 579/180/297
f 579/180/296 592/180/296 580/180/296
f 580/180/295 593/180/295 581/180/295
f 593/180/306 582/180/306 581/180/306
f 594/180/305 583/180/305 582/180/305
f 595/180/304 584/180/304 583/180/304
f 596/180/303 585/180/303 584/180/303
f 597/180/302 586/180/302 585/180/302
f 598/180/301 575/180/301 586/180/301
f 599/180/312 588/180/312 587/180/312
f 600/180/311 589/180/311 588/180/311
f 601/180/310 590/180/310 589/180/310
f 602/180/309 591/180/309 590/180/309
f 603/180/308 592/180/308 591/180/308
f 604/180/307 593/180/307 592/180/307
f 593/180/318 606/180/318 594/180/318
f 594/180/317 607/180/317 595/180/317
f 595/180/316 608/180/316 596/180/316
f 596/180/315 609/180/315 597/180/315
f 597/180/314 610/180/314 598/180/314
f 598/180/313 599/180/313 587/180/313
f 611/180/324 600/180/324 599/180/324
f 612/180/323 601/180/323 600/180/323
f 613/180/322 602/180/322 601/180/322
f 614/180/321 603/180/321 602/180/321
f 615/180/320 604/180/320 603/180/320
f 616/180/319 605/180/319 604/180/319
f 605/180/330 618/180/330 606/180/330
f 606/180/329 619/180/329 607/180/329
f 607/180/328 620/180/328 608/180/328
f 608/180/327 621/180/327 609/180/327
f 609/180/326 622/180/326 610/180/326
f 610/180/325 611/180/325 599/180/325
f 623/180/336 612/180/336 611/180/336
f 624/180/335 613/180/335 612/180/335
f 625/180/334 614/180/334 613/180/334
f 626/180/333 615/180/333 614/180/333
f 627/180/332 616/180/332 615/180/332
f 628/180/331 617/180/331 616/180/331
f 617/180/342 630/180/342 618/180/342
f 618/180/341 631/180/341 619/180/341
f 619/180/340 632/180/340 620/180/340
f 620/180/339 633/180/339 621/180/339
f 621/180/338 634/180/338 622/180/338
f 622/180/337 623/180/337 611/180/337
f 635/180/348 624/180/348 623/180/348
f 636/180/451 625/180/451 624/180/451
f 637/180/346 626/180/346 625/180/346
f 638/180/345 627/180/345 626/180/345
f 639/180/344 628/180/344 627/180/344
f 640/180/343 629/180/343 628/180/343
f 629/180/354 642/180/354 630/180/354
f 630/180/452 643/180/452 631/180/452
f 631/180/352 644/180/352 632/180/352
f 632/180/351 645/180/351 633/180/351
f 633/180/350 646/180/350 634/180/350
f 634/180/349 635/180/349 623/180/349
f 647/180/360 636/180/360 635/180/360
f 648/180/359 637/180/359 636/180/359
f 649/180/358 638/180/358 637/180/358
f 650/180/357 639/180/357 638/180/357
f 651/180/356 640/180/356 639/180/356
f 652/180/355 641/180/355 640/180/355
f 641/180/366 654/180/366 642/180/366
f 642/180/365 655/180/365 643/180/365
f 643/180/364 656/180/364 644/180/364
f 644/180/363 657/180/363 645/180/363
f 645/180/362 658/180/362 646/180/362
f 646/180/361 647/180/361 635/180/361
f 659/180/372 648/180/372 647/180/372
f 660/180/371 649/180/371 648/180/371
f 661/180/370 650/180/370 649/180/370
f 662/180/369 651/180/369 650/180/369
f 663/180/368 652/180/368 651/180/368
f 664/180/367 653/180/367 652/180/367
f 653/180/378 666/180/378 654/180/378
f 654/180/377 667/180/377 655/180/377
f 655/180/376 668/180/376 656/180/376
f 656/180/375 669/180/375 657/180/375
f 657/180/374 670/180/374 658/180/374
f 658/180/373 659/180/373 647/180/373
f 671/180/384 660/180/384 659/180/384
f 672/180/383 661/180/383 660/180/383
f 673/180/382 662/180/382 661/180/382
f 674/180/381 663/180/381 662/180/381
f 675/180/380 664/180/380 663/180/380
f 676/180/379 665/180/379 664/180/379
f 665/180/390 678/180/390 666/180/390
f 666/180/389 679/180/389 667/180/389
f 667/180/388 680/180/388 668/180/388
f 668/180/387 681/180/387 669/180/387
f 669/180/386 682/180/386 670/180/386
f 670/180/385 671/180/385 659/180/385
f 683/180/396 672/180/396 671/180/396
f 684/180/395 673/180/395 672/180/395
f 685/180/394 674/180/394 673/180/394
f 686/180/393 675/180/393 674/180/393
f 687/180/392 676/180/392 675/180/392
f 688/180/391 677/180/391 676/180/391
f 677/180/402 690/180/402 678/180/402
f 678/180/401 691/180/401 679/180/401
f 679/180/400 692/180/400 680/180/400
f 680/180/399 693/180/399 681/180/399
f 681/180/398 694/180/398 682/180/398
f 682/180/397 683/180/397 671/180/397
f 695/180/408 684/180/408 683/180/408
f 696/180/407 685/180/407 684/180/407
f 697/180/406 686/180/406 685/180/406
f 698/180/405 687/180/405 686/180/405
f 699/180/404 688/180/404 687/180/404
f 700/180/403 689/180/403 688/180/403
f 689/180/414 702/180/414 690/180/414
f 690/180/413 703/180/413 691/180/413
f 691/180/412 704/180/412 692/180/412
f 692/180/411 705/180/411 693/180/411
f 693/180/410 706/180/410 694/180/410
f 694/180/409 695/180/409 683/180/409
f 707/180/420 696/180/420 695/180/420
f 708/180/419 697/180/419 696/180/419
f 709/180/418 698/180/418 697/180/418
f 710/180/417 699/180/417 698/180/417
f 711/180/416 700/180/416 699/180/416
f 712/180/415 701/180/415 700/180/415
f 701/180/426 714/180/426 702/180/426
f 702/180/425 715/180/425 703/180/425
f 703/180/424 716/180/424 704/180/424
f 704/180/423 717/180/423 705/180/423
f 705/180/422 718/180/422 706/180/422
f 706/180/421 707/180/421 695/180/421
f 719/180/432 708/180/432 707/180/432
f 720/180/431 709/180/431 708/180/431
f 721/180/430 710/180/430 709/180/430
f 722/180/429 711/180/429 710/180/429
f 723/180/428 712/180/428 711/180/428
f 724/180/427 713/180/427 712/180/427
f 713/180/438 726/180/438 714/180/438
f 714/180/437 727/180/437 715/180/437
f 715/180/436 728/180/436 716/180/436
f 716/180/435 729/180/435 717/180/435
f 717/180/434 730/180/434 718/180/434
f 718/180/433 719/180/433 707/180/433
f 155/180/444 720/180/444 719/180/444
f 156/180/443 721/180/443 720/180/443
f 157/180/442 722/180/442 721/180/442
f 158/180/441 723/180/441 722/180/441
f 159/180/440 724/180/440 723/180/440
f 160/180/439 725/180/439 724/180/439
f 725/180/450 162/180/450 726/180/450
f 726/180/449 163/180/449 727/180/449
f 727/180/448 164/180/448 728/180/448
f 728/180/447 165/180/447 729/180/447
f 729/180/446 166/180/446 730/180/446
f 730/180/445 155/180/445 719/180/445
f 155/180/163 167/180/163 168/180/163
f 156/180/164 168/180/164 169/180/164
f 157/180/165 169/180/165 170/180/165
f 158/180/166 170/180/166 171/180/166
f 159/180/167 171/180/167 172/180/167
f 160/180/168 172/180/168 173/180/168
f 173/180/169 174/180/169 162/180/169
f 174/180/170 175/180/170 163/180/170
f 175/180/171 176/180/171 164/180/171
f 176/180/172 177/180/172 165/180/172
f 177/180/173 178/180/173 166/180/173
f 178/180/174 167/180/174 155/180/174
f 167/180/175 179/180/175 180/180/175
f 168/180/176 180/180/176 181/180/176
f 169/180/177 181/180/177 182/180/177
f 170/180/178 182/180/178 183/180/178
f 171/180/179 183/180/179 184/180/179
f 172/180/180 184/180/180 185/180/180
f 185/180/181 186/180/181 174/180/181
f 186/180/182 187/180/182 175/180/182
f 187/180/183 188/180/183 176/180/183
f 188/180/184 189/180/184 177/180/184
f 189/180/185 190/180/185 178/180/185
f 190/180/186 179/180/186 167/180/186
f 179/180/187 191/180/187 192/180/187
f 180/180/188 192/180/188 193/180/188
f 181/180/189 193/180/189 194/180/189
f 182/180/190 194/180/190 195/180/190
f 183/180/191 195/180/191 196/180/191
f 184/180/192 196/180/192 197/180/192
f 197/180/193 198/180/193 186/180/193
f 198/180/194 199/180/194 187/180/194
f 199/180/195 200/180/195 188/180/195
f 200/180/196 201/180/196 189/180/196
f 201/180/197 202/180/197 190/180/197
f 202/180/198 191/180/198 179/180/198
f 191/180/199 203/180/199 204/180/199
f 192/180/200 204/180/200 205/180/200
f 193/180/201 205/180/201 206/180/201
f 194/180/202 206/180/202 207/180/202
f 195/180/203 207/180/203 208/180/203
f 196/180/204 208/180/204 209/180/204
f 209/180/205 210/180/205 198/180/205
f 210/180/206 211/180/206 199/180/206
f 211/180/207 212/180/207 200/180/207
f 212/180/208 213/180/208 201/180/208
f 213/180/209 214/180/209 202/180/209
f 214/180/210 203/180/210 191/180/210
f 203/180/211 215/180/211 216/180/211
f 204/180/212 216/180/212 217/180/212
f 205/180/213 217/180/213 218/180/213
f 206/180/214 218/180/214 219/180/214
f 207/180/215 219/180/215 220/180/215
f 208/180/216 220/180/216 221/180/216
f 221/180/217 222/180/217 210/180/217
f 222/180/218 223/180/218 211/180/218
f 223/180/219 224/180/219 212/180/219
f 224/180/220 225/180/220 213/180/220
f 225/180/221 226/180/221 214/180/221
f 226/180/222 215/180/222 203/180/222
f 215/180/223 227/180/223 228/180/223
f 216/180/224 228/180/224 229/180/224
f 217/180/225 229/180/225 230/180/225
f 218/180/226 230/180/226 231/180/226
f 219/180/227 231/180/227 232/180/227
f 220/180/228 232/180/228 233/180/228
f 233/180/229 234/180/229 222/180/229
f 234/180/230 235/180/230 223/180/230
f 235/180/231 236/180/231 224/180/231
f 236/180/232 237/180/232 225/180/232
f 237/180/233 238/180/233 226/180/233
f 238/180/234 227/180/234 215/180/234
f 227/180/235 239/180/235 240/180/235
f 228/180/236 240/180/236 241/180/236
f 229/180/237 241/180/237 242/180/237
f 230/180/238 242/180/238 243/180/238
f 231/180/239 243/180/239 244/180/239
f 232/180/240 244/180/240 245/180/240
f 245/180/241 246/180/241 234/180/241
f 246/180/242 247/180/242 235/180/242
f 247/180/243 248/180/243 236/180/243
f 248/180/244 249/180/244 237/180/244
f 249/180/245 250/180/245 238/180/245
f 250/180/246 239/180/246 227/180/246
f 239/180/247 251/180/247 252/180/247
f 240/180/248 252/180/248 253/180/248
f 241/180/249 253/180/249 254/180/249
f 242/180/250 254/180/250 255/180/250
f 243/180/251 255/180/251 256/180/251
f 244/180/252 256/180/252 257/180/252
f 257/180/253 258/180/253 246/180/253
f 258/180/254 259/180/254 247/180/254
f 259/180/255 260/180/255 248/180/255
f 260/180/256 261/180/256 249/180/256
f 261/180/257 262/180/257 250/180/257
f 262/180/258 251/180/258 239/180/258
f 251/180/259 263/180/259 264/180/259
f 252/180/260 264/180/260 265/180/260
f 253/180/261 265/180/261 266/180/261
f 254/180/262 266/180/262 267/180/262
f 255/180/457 267/180/457 268/180/457
f 256/180/264 268/180/264 269/180/264
f 269/180/265 270/180/265 258/180/265
f 270/180/266 271/180/266 259/180/266
f 271/180/267 272/180/267 260/180/267
f 272/180/268 273/180/268 261/180/268
f 273/180/458 274/180/458 262/180/458
f 274/180/270 263/180/270 251/180/270
f 263/180/271 275/180/271 276/180/271
f 264/180/272 276/180/272 277/180/272
f 265/180/273 277/180/273 278/180/273
f 266/180/274 278/180/274 279/180/274
f 267/180/275 279/180/275 280/180/275
f 268/180/276 280/180/276 281/180/276
f 281/180/277 282/180/277 270/180/277
f 282/180/278 283/180/278 271/180/278
f 283/180/279 284/180/279 272/180/279
f 284/180/280 285/180/280 273/180/280
f 285/180/281 286/180/281 274/180/281
f 286/180/282 275/180/282 263/180/282
f 275/180/283 287/180/283 288/180/283
f 276/180/284 288/180/284 289/180/284
f 277/180/285 289/180/285 290/180/285
f 278/180/286 290/180/286 291/180/286
f 279/180/287 291/180/287 292/180/287
f 280/180/288 292/180/288 293/180/288
f 293/180/289 294/180/289 282/180/289
f 294/180/290 295/180/290 283/180/290
f 295/180/291 296/180/291 284/180/291
f 296/180/292 297/180/292 285/180/292
f 297/180/293 298/180/293 286/180/293
f 298/180/294 287/180/294 275/180/294
f 287/180/295 299/180/295 300/180/295
f 288/180/296 300/180/296 301/180/296
f 289/180/297 301/180/297 302/180/297
f 290/180/298 302/180/298 303/180/298
f 291/180/299 303/180/299 304/180/299
f 292/180/300 304/180/300 305/180/300
f 305/180/301 306/180/301 294/180/301
f 306/180/302 307/180/302 295/180/302
f 307/180/303 308/180/303 296/180/303
f 308/180/304 309/180/304 297/180/304
f 309/180/305 310/180/305 298/180/305
f 310/180/306 299/180/306 287/180/306
f 311/180/307 312/180/307 300/180/307
f 312/180/308 313/180/308 301/180/308
f 313/180/309 314/180/309 302/180/309
f 314/180/310 315/180/310 303/180/310
f 315/180/311 316/180/311 304/180/311
f 316/180/312 317/180/312 305/180/312
f 305/180/313 317/180/313 318/180/313
f 306/180/314 318/180/314 319/180/314
f 307/180/315 319/180/315 320/180/315
f 308/180/316 320/180/316 321/180/316
f 309/180/317 321/180/317 322/180/317
f 310/180/318 322/180/318 311/180/318
f 323/180/319 324/180/319 312/180/319
f 324/180/320 325/180/320 313/180/320
f 325/180/321 326/180/321 314/180/321
f 326/180/322 327/180/322 315/180/322
f 327/180/323 328/180/323 316/180/323
f 328/180/324 329/180/324 317/180/324
f 317/180/325 329/180/325 330/180/325
f 318/180/326 330/180/326 331/180/326
f 319/180/327 331/180/327 332/180/327
f 320/180/328 332/180/328 333/180/328
f 321/180/329 333/180/329 334/180/329
f 322/180/330 334/180/330 323/180/330
f 335/180/331 336/180/331 324/180/331
f 336/180/332 337/180/332 325/180/332
f 337/180/333 338/180/333 326/180/333
f 338/180/334 339/180/334 327/180/334
f 339/180/335 340/180/335 328/180/335
f 340/180/336 341/180/336 329/180/336
f 329/180/337 341/180/337 342/180/337
f 330/180/338 342/180/338 343/180/338
f 331/180/339 343/180/339 344/180/339
f 332/180/340 344/180/340 345/180/340
f 333/180/341 345/180/341 346/180/341
f 334/180/342 346/180/342 335/180/342
f 347/180/343 348/180/343 336/180/343
f 348/180/344 349/180/344 337/180/344
f 349/180/345 350/180/345 338/180/345
f 350/180/346 351/180/346 339/180/346
f 351/180/451 352/180/451 340/180/451
f 352/180/348 353/180/348 341/180/348
f 341/180/349 353/180/349 354/180/349
f 342/180/350 354/180/350 355/180/350
f 343/180/351 355/180/351 356/180/351
f 344/180/352 356/180/352 357/180/352
f 345/180/452 357/180/452 358/180/452
f 346/180/354 358/180/354 347/180/354
f 359/180/355 360/180/355 348/180/355
f 360/180/356 361/180/356 349/180/356
f 361/180/357 362/180/357 350/180/357
f 362/180/358 363/180/358 351/180/358
f 363/180/359 364/180/359 352/180/359
f 364/180/360 365/180/360 353/180/360
f 353/180/361 365/180/361 366/180/361
f 354/180/362 366/180/362 367/180/362
f 355/180/363 367/180/363 368/180/363
f 356/180/364 368/180/364 369/180/364
f 357/180/365 369/180/365 370/180/365
f 358/180/366 370/180/366 359/180/366
f 371/180/367 372/180/367 360/180/367
f 372/180/368 373/180/368 361/180/368
f 373/180/369 374/180/369 362/180/369
f 374/180/370 375/180/370 363/180/370
f 375/180/371 376/180/371 364/180/371
f 376/180/372 377/180/372 365/180/372
f 365/180/373 377/180/373 378/180/373
f 366/180/374 378/180/374 379/180/374
f 367/180/375 379/180/375 380/180/375
f 368/180/376 380/180/376 381/180/376
f 369/180/377 381/180/377 382/180/377
f 370/180/378 382/180/378 371/180/378
f 383/180/379 384/180/379 372/180/379
f 384/180/380 385/180/380 373/180/380
f 385/180/381 386/180/381 374/180/381
f 386/180/382 387/180/382 375/180/382
f 387/180/383 388/180/383 376/180/383
f 388/180/384 389/180/384 377/180/384
f 377/180/385 389/180/385 390/180/385
f 378/180/386 390/180/386 391/180/386
f 379/180/387 391/180/387 392/180/387
f 380/180/388 392/180/388 393/180/388
f 381/180/389 393/180/389 394/180/389
f 382/180/390 394/180/390 383/180/390
f 395/180/391 396/180/391 384/180/391
f 396/180/392 397/180/392 385/180/392
f 397/180/393 398/180/393 386/180/393
f 398/180/394 399/180/394 387/180/394
f 399/180/395 400/180/395 388/180/395
f 400/180/396 401/180/396 389/180/396
f 389/180/397 401/180/397 402/180/397
f 390/180/398 402/180/398 403/180/398
f 391/180/399 403/180/399 404/180/399
f 392/180/400 404/180/400 405/180/400
f 393/180/401 405/180/401 406/180/401
f 394/180/402 406/180/402 395/180/402
f 407/180/403 408/180/403 396/180/403
f 408/180/404 409/180/404 397/180/404
f 409/180/405 410/180/405 398/180/405
f 410/180/406 411/180/406 399/180/406
f 411/180/407 412/180/407 400/180/407
f 412/180/408 413/180/408 401/180/408
f 401/180/409 413/180/409 414/180/409
f 402/180/410 414/180/410 415/180/410
f 403/180/411 415/180/411 416/180/411
f 404/180/412 416/180/412 417/180/412
f 405/180/413 417/180/413 418/180/413
f 406/180/414 418/180/414 407/180/414
f 419/180/415 420/180/415 408/180/415
f 420/180/416 421/180/416 409/180/416
f 421/180/417 422/180/417 410/180/417
f 422/180/418 423/180/418 411/180/418
f 423/180/419 424/180/419 412/180/419
f 424/180/420 425/180/420 413/180/420
f 413/180/421 425/180/421 426/180/421
f 414/180/422 426/180/422 427/180/422
f 415/180/423 427/180/423 428/180/423
f 416/180/424 428/180/424 429/180/424
f 417/180/425 429/180/425 430/180/425
f 418/180/426 430/180/426 419/180/426
f 431/180/427 432/180/427 420/180/427
f 432/180/428 433/180/428 421/180/428
f 433/180/429 434/180/429 422/180/429
f 434/180/430 435/180/430 423/180/430
f 435/180/431 436/180/431 424/180/431
f 436/180/432 437/180/432 425/180/432
f 425/180/433 437/180/433 438/180/433
f 426/180/434 438/180/434 439/180/434
f 427/180/435 439/180/435 440/180/435
f 428/180/436 440/180/436 441/180/436
f 429/180/437 441/180/437 442/180/437
f 430/180/438 442/180/438 431/180/438
f 443/180/439 444/180/439 432/180/439
f 444/180/440 445/180/440 433/180/440
f 445/180/441 446/180/441 434/180/441
f 446/180/442 447/180/442 435/180/442
f 447/180/443 448/180/443 436/180/443
f 448/180/444 449/180/444 437/180/444
f 437/180/445 449/180/445 450/180/445
f 438/180/446 450/180/446 451/180/446
f 439/180/447 451/180/447 452/180/447
f 440/180/448 452/180/448 453/180/448
f 441/180/449 453/180/449 454/180/449
f 442/180/450 454/180/450 443/180/450
f 443/180/168 455/180/168 456/180/168
f 444/180/167 456/180/167 457/180/167
f 445/180/166 457/180/166 458/180/166
f 446/180/165 458/180/165 459/180/165
f 447/180/164 459/180/164 460/180/164
f 448/180/163 460/180/163 461/180/163
f 461/180/174 462/180/174 450/180/174
f 462/180/173 463/180/173 451/180/173
f 463/180/172 464/180/172 452/180/172
f 464/180/171 465/180/171 453/180/171
f 465/180/170 466/180/170 454/180/170
f 466/180/169 455/180/169 443/180/169
f 455/180/180 467/180/180 468/180/180
f 456/180/179 468/180/179 469/180/179
f 457/180/178 469/180/178 470/180/178
f 458/180/177 470/180/177 471/180/177
f 459/180/176 471/180/176 472/180/176
f 460/180/175 472/180/175 473/180/175
f 473/180/186 474/180/186 462/180/186
f 474/180/185 475/180/185 463/180/185
f 475/180/184 476/180/184 464/180/184
f 476/180/183 477/180/183 465/180/183
f 477/180/182 478/180/182 466/180/182
f 478/180/181 467/180/181 455/180/181
f 467/180/192 479/180/192 480/180/192
f 468/180/191 480/180/191 481/180/191
f 469/180/190 481/180/190 482/180/190
f 470/180/189 482/180/189 483/180/189
f 471/180/188 483/180/188 484/180/188
f 472/180/187 484/180/187 485/180/187
f 485/180/198 486/180/198 474/180/198
f 486/180/197 487/180/197 475/180/197
f 487/180/196 488/180/196 476/180/196
f 488/180/195 489/180/195 477/180/195
f 489/180/194 490/180/194 478/180/194
f 490/180/193 479/180/193 467/180/193
f 479/180/204 491/180/204 492/180/204
f 480/180/203 492/180/203 493/180/203
f 481/180/202 493/180/202 494/180/202
f 482/180/201 494/180/201 495/180/201
f 483/180/200 495/180/200 496/180/200
f 484/180/199 496/180/199 497/180/199
f 497/180/210 498/180/210 486/180/210
f 498/180/209 499/180/209 487/180/209
f 499/180/208 500/180/208 488/180/208
f 500/180/207 501/180/207 489/180/207
f 501/180/206 502/180/206 490/180/206
f 502/180/205 491/180/205 479/180/205
f 491/180/216 503/180/216 504/180/216
f 492/180/215 504/180/215 505/180/215
f 493/180/214 505/180/214 506/180/214
f 494/180/213 506/180/213 507/180/213
f 495/180/212 507/180/212 508/180/212
f 496/180/211 508/180/211 509/180/211
f 509/180/222 510/180/222 498/180/222
f 510/180/221 511/180/221 499/180/221
f 511/180/220 512/180/220 500/180/220
f 512/180/219 513/180/219 501/180/219
f 513/180/218 514/180/218 502/180/218
f 514/180/217 503/180/217 491/180/217
f 503/180/228 515/180/228 516/180/228
f 504/180/227 516/180/227 517/180/227
f 505/180/226 517/180/226 518/180/226
f 506/180/225 518/180/225 519/180/225
f 507/180/224 519/180/224 520/180/224
f 508/180/223 520/180/223 521/180/223
f 521/180/234 522/180/234 510/180/234
f 522/180/233 523/180/233 511/180/233
f 523/180/232 524/180/232 512/180/232
f 524/180/231 525/180/231 513/180/231
f 525/180/230 526/180/230 514/180/230
f 526/180/229 515/180/229 503/180/229
f 515/180/240 527/180/240 528/180/240
f 516/180/239 528/180/239 529/180/239
f 517/180/238 529/180/238 530/180/238
f 518/180/237 530/180/237 531/180/237
f 519/180/236 531/180/236 532/180/236
f 520/180/235 532/180/235 533/180/235
f 533/180/246 534/180/246 522/180/246
f 534/180/245 535/180/245 523/180/245
f 535/180/244 536/180/244 524/180/244
f 536/180/243 537/180/243 525/180/243
f 537/180/242 538/180/242 526/180/242
f 538/180/241 527/180/241 515/180/241
f 527/180/252 539/180/252 540/180/252
f 528/180/251 540/180/251 541/180/251
f 529/180/250 541/180/250 542/180/250
f 530/180/249 542/180/249 543/180/249
f 531/180/248 543/180/248 544/180/248
f 532/180/247 544/180/247 545/180/247
f 545/180/258 546/180/258 534/180/258
f 546/180/257 547/180/257 535/180/257
f 547/180/256 548/180/256 536/180/256
f 548/180/255 549/180/255 537/180/255
f 549/180/254 550/180/254 538/180/254
f 550/180/253 539/180/253 527/180/253
f 539/180/264 551/180/264 552/180/264
f 540/180/457 552/180/457 553/180/457
f 541/180/262 553/180/262 554/180/262
f 542/180/261 554/180/261 555/180/261
f 543/180/260 555/180/260 556/180/260
f 544/180/259 556/180/259 557/180/259
f 557/180/270 558/180/270 546/180/270
f 558/180/458 559/180/458 547/180/458
f 559/180/268 560/180/268 548/180/268
f 560/180/267 561/180/267 549/180/267
f 561/180/266 562/180/266 550/180/266
f 562/180/265 551/180/265 539/180/265
f 551/180/276 563/180/276 564/180/276
f 552/180/275 564/180/275 565/180/275
f 553/180/274 565/180/274 566/180/274
f 554/180/273 566/180/273 567/180/273
f 555/180/272 567/180/272 568/180/272
f 556/180/271 568/180/271 569/180/271
f 569/180/282 570/180/282 558/180/282
f 570/180/281 571/180/281 559/180/281
f 571/180/280 572/180/280 560/180/280
f 572/180/279 573/180/279 561/180/279
f 573/180/278 574/180/278 562/180/278
f 574/180/277 563/180/277 551/180/277
f 563/180/288 575/180/288 576/180/288
f 564/180/287 576/180/287 577/180/287
f 565/180/286 577/180/286 578/180/286
f 566/180/285 578/180/285 579/180/285
f 567/180/284 579/180/284 580/180/284
f 568/180/283 580/180/283 581/180/283
f 581/180/294 582/180/294 570/180/294
f 582/180/293 583/180/293 571/180/293
f 583/180/292 584/180/292 572/180/292
f 584/180/291 585/180/291 573/180/291
f 585/180/290 586/180/290 574/180/290
f 586/180/289 575/180/289 563/180/289
f 575/180/300 587/180/300 588/180/300
f 576/180/299 588/180/299 589/180/299
f 577/180/298 589/180/298 590/180/298
f 578/180/297 590/180/297 591/180/297
f 579/180/296 591/180/296 592/180/296
f 580/180/295 592/180/295 593/180/295
f 593/180/306 594/180/306 582/180/306
f 594/180/305 595/180/305 583/180/305
f 595/180/304 596/180/304 584/180/304
f 596/180/303 597/180/303 585/180/303
f 597/180/302 598/180/302 586/180/302
f 598/180/301 587/180/301 575/180/301
f 599/180/312 600/180/312 588/180/312
f 600/180/311 601/180/311 589/180/311
f 601/180/310 602/180/310 590/180/310
f 602/180/309 603/180/309 591/180/309
f 603/180/308 604/180/308 592/180/308
f 604/180/307 605/180/307 593/180/307
f 593/180/318 605/180/318 606/180/318
f 594/180/317 606/180/317 607/180/317
f 595/180/316 607/180/316 608/180/316
f 596/180/315 608/180/315 609/180/315
f 597/180/314 609/180/314 610/180/314
f 598/180/313 610/180/313 599/180/313
f 611/180/324 612/180/324 600/180/324
f 612/180/323 613/180/323 601/180/323
f 613/180/322 614/180/322 602/180/322
f 614/180/321 615/180/321 603/180/321
f 615/180/320 616/180/320 604/180/320
f 616/180/319 617/180/319 605/180/319
f 605/180/330 617/180/330 618/180/330
f 606/180/329 618/180/329 619/180/329
f 607/180/328 619/180/328 620/180/328
f 608/180/327 620/180/327 621/180/327
f 609/180/326 621/180/326 622/180/326
f 610/180/325 622/180/325 611/180/325
f 623/180/336 624/180/336 612/180/336
f 624/180/335 625/180/335 613/180/335
f 625/180/334 626/180/334 614/180/334
f 626/180/333 627/180/333 615/180/333
f 627/180/332 628/180/332 616/180/332
f 628/180/331 629/180/331 617/180/331
f 617/180/342 629/180/342 630/180/342
f 618/180/341 630/180/341 631/180/341
f 619/180/340 631/180/340 632/180/340
f 620/180/339 632/180/339 633/180/339
f 621/180/338 633/180/338 634/180/338
f 622/180/337 634/180/337 623/180/337
f 635/180/348 636/180/348 624/180/348
f 636/180/347 637/180/347 625/180/347
f 637/180/346 638/180/346 626/180/346
f 638/180/345 639/180/345 627/180/345
f 639/180/344 640/180/344 628/180/344
f 640/180/343 641/180/343 629/180/343
f 629/180/354 641/180/354 642/180/354
f 630/180/353 642/180/353 643/180/353
f 631/180/352 643/180/352 644/180/352
f 632/180/351 644/180/351 645/180/351
f 633/180/350 645/180/350 646/180/350
f 634/180/349 646/180/349 635/180/349
f 647/180/459 648/180/459 636/180/459
f 648/180/359 649/180/359 637/180/359
f 649/180/358 650/180/358 638/180/358
f 650/180/357 651/180/357 639/180/357
f 651/180/356 652/180/356 640/180/356
f 652/180/355 653/180/355 641/180/355
f 641/180/366 653/180/366 654/180/366
f 642/180/365 654/180/365 655/180/365
f 643/180/364 655/180/364 656/180/364
f 644/180/363 656/180/363 657/180/363
f 645/180/362 657/180/362 658/180/362
f 646/180/361 658/180/361 647/180/361
f 659/180/372 660/180/372 648/180/372
f 660/180/371 661/180/371 649/180/371
f 661/180/370 662/180/370 650/180/370
f 662/180/369 663/180/369 651/180/369
f 663/180/368 664/180/368 652/180/368
f 664/180/367 665/180/367 653/180/367
f 653/180/378 665/180/378 666/180/378
f 654/180/377 666/180/377 667/180/377
f 655/180/376 667/180/376 668/180/376
f 656/180/375 668/180/375 669/180/375
f 657/180/374 669/180/374 670/180/374
f 658/180/373 670/180/373 659/180/373
f 671/180/384 672/180/384 660/180/384
f 672/180/383 673/180/383 661/180/383
f 673/180/382 674/180/382 662/180/382
f 674/180/381 675/180/381 663/180/381
f 675/180/380 676/180/380 664/180/380
f 676/180/379 677/180/379 665/180/379
f 665/180/390 677/180/390 678/180/390
f 666/180/389 678/180/389 679/180/389
f 667/180/388 679/180/388 680/180/388
f 668/180/387 680/180/387 681/180/387
f 669/180/386 681/180/386 682/180/386
f 670/180/385 682/180/385 671/180/385
f 683/180/396 684/180/396 672/180/396
f 684/180/395 685/180/395 673/180/395
f 685/180/394 686/180/394 674/180/394
f 686/180/393 687/180/393 675/180/393
f 687/180/392 688/180/392 676/180/392
f 688/180/391 689/180/391 677/180/391
f 677/180/402 689/180/402 690/180/402
f 678/180/401 690/180/401 691/180/401
f 679/180/400 691/180/400 692/180/400
f 680/180/399 692/180/399 693/180/399
f 681/180/398 693/180/398 694/180/398
f 682/180/397 694/180/397 683/180/397
f 695/180/408 696/180/408 684/180/408
f 696/180/407 697/180/407 685/180/407
f 697/180/406 698/180/406 686/180/406
f 698/180/405 699/180/405 687/180/405
f 699/180/404 700/180/404 688/180/404
f 700/180/403 701/180/403 689/180/403
f 689/180/414 701/180/414 702/180/414
f 690/180/413 702/180/413 703/180/413
f 691/180/412 703/180/412 704/180/412
f 692/180/411 704/180/411 705/180/411
f 693/180/410 705/180/410 706/180/410
f 694/180/409 706/180/409 695/180/409
f 707/180/420 708/180/420 696/180/420
f 708/180/419 709/180/419 697/180/419
f 709/180/418 710/180/418 698/180/418
f 710/180/417 711/180/417 699/180/417
f 711/180/416 712/180/416 700/180/416
f 712/180/415 713/180/415 701/180/415
f 701/180/426 713/180/426 714/180/426
f 702/180/425 714/180/425 715/180/425
f 703/180/424 715/180/424 716/180/424
f 704/180/423 716/180/423 717/180/423
f 705/180/422 717/180/422 718/180/422
f 706/180/421 718/180/421 707/180/421
f 719/180/432 720/180/432 708/180/432
f 720/180/431 721/180/431 709/180/431
f 721/180/430 722/180/430 710/180/430
f 722/180/429 723/180/429 711/180/429
f 723/180/428 724/180/428 712/180/428
f 724/180/427 725/180/427 713/180/427
f 713/180/438 725/180/438 726/180/438
f 714/180/437 726/180/437 727/180/437
f 715/180/436 727/180/436 728/180/436
f 716/180/435 728/180/435 729/180/435
f 717/180/434 729/180/434 730/180/434
f 718/180/433 730/180/433 719/180/433
f 155/180/444 156/180/444 720/180/444
f 156/180/443 157/180/443 721/180/443
f 157/180/442 158/180/442 722/180/442
f 158/180/441 159/180/441 723/180/441
f 159/180/440 160/180/440 724/180/440
f 160/180/439 161/180/439 725/180/439
f 725/180/450 161/180/450 162/180/450
f 726/180/449 162/180/449 163/180/449
f 727/180/448 163/180/448 164/180/448
f 728/180/447 164/180/447 165/180/447
f 729/180/446 165/180/446 166/180/446
f 730/180/445 166/180/445 155/180/445
usemtl マテリアル.011
f 732/181/1 733/182/1 731/183/1
f 734/184/2 735/185/2 733/182/2
f 736/186/3 737/187/3 735/185/3
f 738/188/4 739/189/4 737/187/4
f 740/190/5 741/191/5 739/189/5
f 742/192/6 743/193/6 741/191/6
f 744/194/7 745/195/7 743/193/7
f 746/196/8 747/197/8 745/195/8
f 748/198/9 749/199/9 747/197/9
f 750/200/10 751/201/10 749/199/10
f 752/202/11 753/203/11 751/201/11
f 754/204/12 755/205/12 753/203/12
f 756/206/13 757/207/13 755/205/13
f 758/208/14 759/209/14 757/207/14
f 760/210/15 761/211/15 759/209/15
f 762/212/16 763/213/16 761/211/16
f 764/214/17 765/215/17 763/213/17
f 766/216/18 767/217/18 765/215/18
f 768/218/19 769/219/19 767/217/19
f 770/220/20 771/221/20 769/219/20
f 772/222/21 773/223/21 771/221/21
f 774/224/22 775/225/22 773/223/22
f 776/226/23 777/227/23 775/225/23
f 778/228/24 779/229/24 777/227/24
f 780/230/25 781/231/25 779/229/25
f 782/232/26 783/233/26 781/231/26
f 784/234/27 785/235/27 783/233/27
f 786/236/28 787/237/28 785/235/28
f 788/238/29 789/239/29 787/237/29
f 790/240/30 791/241/30 789/239/30
f 768/242/31 752/243/31 736/244/31
f 792/245/32 793/246/32 791/241/32
f 794/247/33 731/248/33 793/246/33
f 761/249/34 777/250/34 793/251/34
f 732/181/1 734/184/1 733/182/1
f 734/184/2 736/186/2 735/185/2
f 736/186/3 738/188/3 737/187/3
f 738/188/4 740/190/4 739/189/4
f 740/190/5 742/192/5 741/191/5
f 742/192/6 744/194/6 743/193/6
f 744/194/7 746/196/7 745/195/7
f 746/196/8 748/198/8 747/197/8
f 748/198/9 750/200/9 749/199/9
f 750/200/10 752/202/10 751/201/10
f 752/202/11 754/204/11 753/203/11
f 754/204/12 756/206/12 755/205/12
f 756/206/13 758/208/13 757/207/13
f 758/208/14 760/210/14 759/209/14
f 760/210/15 762/212/15 761/211/15
f 762/212/16 764/214/16 763/213/16
f 764/214/17 766/216/17 765/215/17
f 766/216/18 768/218/18 767/217/18
f 768/218/19 770/220/19 769/219/19
f 770/220/20 772/222/20 771/221/20
f 772/222/21 774/224/21 773/223/21
f 774/224/22 776/226/22 775/225/22
f 776/226/23 778/228/23 777/227/23
f 778/228/24 780/230/24 779/229/24
f 780/230/25 782/232/25 781/231/25
f 782/232/26 784/234/26 783/233/26
f 784/234/27 786/236/27 785/235/27
f 786/236/28 788/238/28 787/237/28
f 788/238/29 790/240/29 789/239/29
f 790/240/30 792/245/30 791/241/30
f 736/244/31 734/411/31 732/412/31
f 732/412/31 794/413/31 792/414/31
f 792/414/31 790/415/31 788/416/31
f 788/416/31 786/417/31 784/418/31
f 784/418/31 782/419/31 780/420/31
f 780/420/31 778/421/31 784/418/31
f 778/421/31 776/422/31 784/418/31
f 776/422/31 774/423/31 772/424/31
f 772/424/31 770/425/31 768/242/31
f 768/242/31 766/426/31 764/427/31
f 764/427/31 762/428/31 760/429/31
f 760/429/31 758/430/31 756/431/31
f 756/431/31 754/432/31 752/243/31
f 752/243/31 750/433/31 748/434/31
f 748/434/31 746/435/31 744/436/31
f 744/436/31 742/437/31 740/438/31
f 740/438/31 738/439/31 736/244/31
f 736/244/31 732/412/31 784/418/31
f 732/412/31 792/414/31 784/418/31
f 792/414/31 788/416/31 784/418/31
f 776/422/31 772/424/31 768/242/31
f 768/242/31 764/427/31 760/429/31
f 760/429/31 756/431/31 768/242/31
f 756/431/31 752/243/31 768/242/31
f 752/243/31 748/434/31 744/436/31
f 744/436/31 740/438/31 752/243/31
f 740/438/31 736/244/31 752/243/31
f 784/418/31 776/422/31 736/244/31
f 776/422/31 768/242/31 736/244/31
f 792/245/32 794/247/32 793/246/32
f 794/247/33 732/440/33 731/248/33
f 793/251/34 731/441/34 737/442/34
f 731/441/34 733/443/34 737/442/34
f 733/443/34 735/444/34 737/442/34
f 737/442/34 739/445/34 745/446/34
f 739/445/34 741/447/34 745/446/34
f 741/447/34 743/448/34 745/446/34
f 745/446/34 747/449/34 753/450/34
f 747/449/34 749/451/34 753/450/34
f 749/451/34 751/452/34 753/450/34
f 753/450/34 755/453/34 761/249/34
f 755/453/34 757/454/34 761/249/34
f 757/454/34 759/455/34 761/249/34
f 761/249/34 763/456/34 765/457/34
f 765/457/34 767/458/34 769/459/34
f 769/459/34 771/460/34 777/250/34
f 771/460/34 773/461/34 777/250/34
f 773/461/34 775/462/34 777/250/34
f 777/250/34 779/463/34 781/464/34
f 781/464/34 783/465/34 785/466/34
f 785/466/34 787/467/34 793/251/34
f 787/467/34 789/468/34 793/251/34
f 789/468/34 791/469/34 793/251/34
f 761/249/34 765/457/34 777/250/34
f 765/457/34 769/459/34 777/250/34
f 777/250/34 781/464/34 793/251/34
f 781/464/34 785/466/34 793/251/34
f 793/251/34 737/442/34 745/446/34
f 745/446/34 753/450/34 793/251/34
f 753/450/34 761/249/34 793/251/34
usemtl マテリアル.012
f 796/252/1 797/253/1 795/254/1
f 798/255/2 799/256/2 797/253/2
f 800/257/3 801/258/3 799/256/3
f 802/259/4 803/260/4 801/258/4
f 804/261/5 805/262/5 803/260/5
f 806/263/6 807/264/6 805/262/6
f 808/265/7 809/266/7 807/264/7
f 810/267/8 811/268/8 809/266/8
f 812/269/9 813/270/9 811/268/9
f 814/271/10 815/272/10 813/270/10
f 816/273/11 817/274/11 815/272/11
f 818/275/12 819/276/12 817/274/12
f 820/277/13 821/278/13 819/276/13
f 822/279/14 823/280/14 821/278/14
f 824/281/15 825/282/15 823/280/15
f 826/283/16 827/284/16 825/282/16
f 828/285/17 829/286/17 827/284/17
f 830/287/18 831/288/18 829/286/18
f 832/289/19 833/290/19 831/288/19
f 834/291/20 835/292/20 833/290/20
f 836/293/21 837/294/21 835/292/21
f 838/295/22 839/296/22 837/294/22
f 840/297/23 841/298/23 839/296/23
f 842/299/24 843/300/24 841/298/24
f 844/301/25 845/302/25 843/300/25
f 846/303/26 847/304/26 845/302/26
f 848/305/27 849/306/27 847/304/27
f 850/307/28 851/308/28 849/306/28
f 852/309/29 853/310/29 851/308/29
f 854/311/30 855/312/30 853/310/30
f 848/313/31 832/314/31 816/315/31
f 856/316/32 857/317/32 855/312/32
f 858/318/33 795/319/33 857/317/33
f 825/320/34 841/321/34 857/322/34
f 796/252/1 798/255/1 797/253/1
f 798/255/2 800/257/2 799/256/2
f 800/257/3 802/259/3 801/258/3
f 802/259/4 804/261/4 803/260/4
f 804/261/5 806/263/5 805/262/5
f 806/263/6 808/265/6 807/264/6
f 808/265/7 810/267/7 809/266/7
f 810/267/8 812/269/8 811/268/8
f 812/269/9 814/271/9 813/270/9
f 814/271/10 816/273/10 815/272/10
f 816/273/11 818/275/11 817/274/11
f 818/275/12 820/277/12 819/276/12
f 820/277/13 822/279/13 821/278/13
f 822/279/14 824/281/14 823/280/14
f 824/281/15 826/283/15 825/282/15
f 826/283/16 828/285/16 827/284/16
f 828/285/17 830/287/17 829/286/17
f 830/287/18 832/289/18 831/288/18
f 832/289/19 834/291/19 833/290/19
f 834/291/20 836/293/20 835/292/20
f 836/293/21 838/295/21 837/294/21
f 838/295/22 840/297/22 839/296/22
f 840/297/23 842/299/23 841/298/23
f 842/299/24 844/301/24 843/300/24
f 844/301/25 846/303/25 845/302/25
f 846/303/26 848/305/26 847/304/26
f 848/305/27 850/307/27 849/306/27
f 850/307/28 852/309/28 851/308/28
f 852/309/29 854/311/29 853/310/29
f 854/311/30 856/316/30 855/312/30
f 800/470/31 798/471/31 796/472/31
f 796/472/31 858/473/31 856/474/31
f 856/474/31 854/475/31 852/476/31
f 852/476/31 850/477/31 848/313/31
f 848/313/31 846/478/31 840/479/31
f 846/478/31 844/480/31 840/479/31
f 844/480/31 842/481/31 840/479/31
f 840/479/31 838/482/31 836/483/31
f 836/483/31 834/484/31 832/314/31
f 832/314/31 830/485/31 824/486/31
f 830/485/31 828/487/31 824/486/31
f 828/487/31 826/488/31 824/486/31
f 824/486/31 822/489/31 816/315/31
f 822/489/31 820/490/31 816/315/31
f 820/490/31 818/491/31 816/315/31
f 816/315/31 814/492/31 812/493/31
f 812/493/31 810/494/31 816/315/31
f 810/494/31 808/495/31 816/315/31
f 808/495/31 806/496/31 804/497/31
f 804/497/31 802/498/31 808/495/31
f 802/498/31 800/470/31 808/495/31
f 800/470/31 796/472/31 856/474/31
f 856/474/31 852/476/31 848/313/31
f 840/479/31 836/483/31 832/314/31
f 800/470/31 856/474/31 848/313/31
f 848/313/31 840/479/31 832/314/31
f 832/314/31 824/486/31 816/315/31
f 816/315/31 808/495/31 800/470/31
f 800/470/31 848/313/31 816/315/31
f 856/316/32 858/318/32 857/317/32
f 858/318/33 796/499/33 795/319/33
f 857/322/34 795/500/34 797/501/34
f 797/501/34 799/502/34 801/503/34
f 801/503/34 803/504/34 805/505/34
f 805/505/34 807/506/34 801/503/34
f 807/506/34 809/507/34 801/503/34
f 809/507/34 811/508/34 813/509/34
f 813/509/34 815/510/34 817/511/34
f 817/511/34 819/512/34 821/513/34
f 821/513/34 823/514/34 817/511/34
f 823/514/34 825/320/34 817/511/34
f 825/320/34 827/515/34 829/516/34
f 829/516/34 831/517/34 833/518/34
f 833/518/34 835/519/34 841/321/34
f 835/519/34 837/520/34 841/321/34
f 837/520/34 839/521/34 841/321/34
f 841/321/34 843/522/34 845/523/34
f 845/523/34 847/524/34 849/525/34
f 849/525/34 851/526/34 857/322/34
f 851/526/34 853/527/34 857/322/34
f 853/527/34 855/528/34 857/322/34
f 857/322/34 797/501/34 809/507/34
f 797/501/34 801/503/34 809/507/34
f 809/507/34 813/509/34 825/320/34
f 813/509/34 817/511/34 825/320/34
f 825/320/34 829/516/34 841/321/34
f 829/516/34 833/518/34 841/321/34
f 841/321/34 845/523/34 857/322/34
f 845/523/34 849/525/34 857/322/34
f 857/322/34 809/507/34 825/320/34
